anomaly_score,label
0.00020954458,0
0.00025455756,0
0.00020549525,0
0.0025886954,0
0.00050503726,0
0.0003471234,0
0.00038209994,0
0.00064301695,0
0.000104652594,0
0.001723192,0
0.0001414121,0
0.00026150869,0
0.00025797117,0
0.0013232249,0
6.505626e-05,0
0.00022646658,0
0.00041723636,0
0.0007711986,0
0.00019880741,0
0.0003688939,0
0.00018993732,0
0.0003819492,0
0.00081838307,0
0.0008339537,0
0.00016162414,0
0.0003509579,0
0.00015188991,0
0.000991351,0
0.00037977585,0
0.00027488323,0
0.00050857756,0
0.00093621766,0
0.00033249648,0
0.00039948156,0
0.0001377121,0
0.0031881311,0
0.00023906915,0
0.00010267222,0
0.00064954243,0
0.0015820265,0
0.0006320898,0
0.00030126967,0
0.0017451452,0
0.0003542217,0
0.00018061597,0
0.00019586699,0
0.00014247661,0
0.00019420603,0
0.00036374942,0
0.00010257927,0
0.0002410954,0
0.0006907037,0
0.00036346886,0
0.0011495397,0
0.000662033,0
0.00033860843,0
0.00065497484,0
0.0003006842,0
9.929918e-05,0
0.000111468995,0
0.002011059,0
9.953355e-05,0
0.00028439926,0
0.00020259817,0
0.0001898271,0
0.0026213664,0
0.00066336914,0
0.0010736618,0
0.0002174066,0
0.000559981,0
0.00025360417,0
0.0003045407,0
0.0007420468,0
0.0010015817,0
0.00046573664,0
0.00016317544,0
0.000470986,0
0.00043791684,0
6.51769e-05,0
0.00023093862,0
0.00019425347,0
0.00042711297,0
0.00030382272,0
0.0003783272,0
0.00019523072,0
0.00029969073,0
0.0028249908,0
0.0002387916,0
0.0005959913,0
0.0003848707,0
0.00014420591,0
0.0003063396,0
0.00059768197,0
0.0025938924,0
0.00030012018,0
0.0001629774,0
0.00017953398,0
0.0003139672,0
0.00049555313,0
0.00023597783,0
0.000114941824,0
0.0015031559,0
0.0002168024,0
0.00018048841,0
7.3088e-05,0
0.00010853743,0
0.00012822411,0
0.00032978604,0
0.00022436578,0
0.00082939886,0
0.00032498097,0
0.046019945,0
0.00041418898,0
0.00040020217,0
9.49485e-05,0
0.0011834753,0
0.00014469319,0
0.0019010336,0
0.00025352166,0
8.6034364e-05,0
0.0007973154,0
0.00024189785,0
0.0002126759,0
0.00024364567,0
0.00018643083,0
0.00045283465,0
0.00011214987,0
0.00035331777,0
0.0013357099,0
0.00012386925,0
0.00032209928,0
0.00074515975,0
0.00018845657,0
0.00013440414,0
0.0005222305,0
0.0002793609,0
0.00035724096,0
0.00011278275,0
0.00039859256,0
0.0005189226,0
0.00017984178,0
0.0007739284,0
0.00083445845,0
0.0024156093,0
0.0002957735,0
0.0002804445,0
0.0014929,0
0.00036916454,0
0.00039435877,0
0.00017613637,0
0.041295946,0
0.00020747323,0
0.0003730883,0
0.00025665338,0
0.00020819498,0
0.00058928505,0
0.00015400884,0
0.00027515326,0
8.643707e-05,0
0.00019700133,0
0.0006799967,0
0.00026654103,0
8.768223e-05,0
0.0014502974,0
0.0001196904,0
0.00012942162,0
0.00039768533,0
0.00074006995,0
0.00012006291,0
0.005348792,0
0.0008821944,0
0.0004411936,0
0.00030232858,0
0.00012594616,0
9.226023e-05,0
0.0002978213,0
0.00036739858,0
0.00043933836,0
0.00085802114,0
0.00015011466,0
0.0005500613,0
0.00033831154,0
0.00025915293,0
0.000316067,0
0.00032391757,0
0.00044461808,0
0.00027984448,0
0.00025722443,0
0.00022313416,0
0.00037317292,0
0.00045981313,0
0.00019564424,0
0.00027076728,0
0.00066321885,0
0.00012923562,0
0.0002074555,0
0.00017062825,0
0.00015820749,0
0.0017826569,0
0.0005133409,0
0.0004887891,0
0.00034215793,0
0.00026781915,0
0.00014631382,0
0.00028797318,0
0.0002845215,0
0.00043118105,0
0.0051116087,0
0.0002064202,0
0.00024823245,0
0.00014705861,0
0.00030221537,0
0.00019197466,0
0.00016056807,0
0.00042335107,0
0.00037590443,0
0.00023356768,0
0.00027095864,0
0.00019231255,0
0.0016589593,0
0.00035263854,0
0.00045600891,0
0.00017427809,0
0.00042927384,0
0.00024001581,0
0.00045608083,0
0.0006865318,0
0.00024073021,0
0.0001613773,0
0.041295946,0
0.0010565895,0
0.00028121544,0
0.0002872502,0
0.0007203044,0
0.0018702906,0
0.00053899206,0
0.00017791617,0
0.000116304946,0
0.00048884796,0
0.00056532386,0
0.0007648915,0
0.00046935325,0
0.00024972777,0
0.00018166065,0
0.00044240284,0
0.00066106376,0
0.00018339927,0
0.0004950491,0
0.00028140872,0
0.00026196128,0
0.00030436757,0
0.00019733679,0
0.0005065336,0
0.00028524137,0
0.0003837477,0
0.0010026612,0
0.00068729476,0
8.9598994e-05,0
0.00026916328,0
0.0011373698,0
0.00048389763,0
0.005353676,0
0.0005766598,0
0.00014970185,0
0.00013966087,0
0.00017181112,0
0.000579576,0
0.0002297147,0
0.0030206398,0
0.00024104922,0
0.00021826943,0
0.00024559585,0
0.0001521313,0
0.0001268109,0
0.00023115196,0
0.0002974739,0
0.00022468605,0
0.00068924145,0
0.00032302816,0
0.0002594019,0
0.0004897738,0
0.0002185988,0
0.00013288287,0
0.00049819297,0
0.00043410892,0
0.0002536608,0
0.0005582632,0
0.0005124308,0
0.0008308193,0
0.0004911678,0
0.00017654499,0
0.00040614652,0
0.00031117513,0
0.00023482283,0
0.00014720598,0
0.0004272696,0
0.0004280391,0
0.00035519793,0
0.0009877649,0
0.00021724032,0
0.00019395121,0
0.0005712081,0
0.0005979949,0
0.00018376493,0
0.00070185884,0
0.0007721818,0
0.00012776723,0
0.0002882026,0
0.00015847132,0
0.0003957217,0
0.0001377121,0
0.00010549981,0
0.0011931639,0
0.00048577416,0
0.00019484492,0
0.00037966768,0
0.00014365518,0
0.00036429265,0
0.00013536058,0
0.00087735255,0
0.00040346626,0
0.0008934579,0
0.0012016286,0
0.00028768947,0
0.00022188832,0
0.00020542566,0
0.0007285088,0
0.00018036106,0
6.351749e-05,0
0.00027610452,0
0.00058186403,0
0.00017692934,0
0.00042149954,0
0.0005197206,0
0.00047235942,0
0.0013527701,0
0.00047483656,0
0.00018877596,0
0.00017893717,0
0.002013063,0
0.00019317168,0
0.0012316711,0
0.00024706,0
0.0003668991,0
0.0003064737,0
0.0006698136,0
0.00027637446,0
0.00024853463,0
0.00048999273,0
0.00028455525,0
0.00012911459,0
0.000239494,0
0.0007263911,0
0.00027494202,0
0.0006087405,0
0.00022020035,0
0.00025231627,0
0.00096251955,0
0.00012909531,0
0.00016607025,0
0.0009404726,0
0.00021209834,0
0.0003528858,0
8.674998e-05,0
0.0005027609,0
0.0003230214,0
0.00026704985,0
0.0003901699,0
0.0009531137,0
0.00034664045,0
0.0008242864,0
0.00042768347,0
0.0007278338,0
0.00022117852,0
0.00011562358,0
0.0002875546,0
0.00011534731,0
0.00025722344,0
0.0017737797,0
0.00012589543,0
0.0019470432,0
0.00014062843,0
0.00014655406,0
0.00024093039,0
0.00014653226,0
0.00022838036,0
0.0004959577,0
0.0026004903,0
0.00027337193,0
0.00040086755,0
0.00040662728,0
0.00053945644,0
0.00023018471,0
0.001834726,0
0.0006358847,0
0.000492676,0
0.00093469856,0
0.0006060401,0
0.0008083333,0
0.0005328016,0
0.000520294,0
0.00015501608,0
0.00046719227,0
0.0006944124,0
0.0002292944,0
0.00048105654,0
0.00040174907,0
0.0016225356,0
0.00047707956,0
0.00018741027,0
6.83196e-05,0
7.086264e-05,0
0.00028794227,0
0.00047848112,0
0.0005526762,0
9.380626e-05,0
0.00020391487,0
0.00041455025,0
0.0002945502,0
0.00028488028,0
0.00076630415,0
0.00088253303,0
0.00027080617,0
0.0024914218,0
7.716156e-05,0
0.006449844,0
0.00015716143,0
0.0004975265,0
0.0017165262,0
0.00035696352,0
0.0009544661,0
0.00027164366,0
0.0001821979,0
0.0023696811,0
0.0002985713,0
0.00019879197,0
0.00036760443,0
0.00010916168,0
0.00029888554,0
0.0003849548,0
6.5148946e-05,0
0.0009421034,0
0.00056762027,0
0.0018514857,0
0.00025670827,0
0.00076430774,0
0.0002561562,0
0.0007805993,0
6.46263e-05,0
0.00020702324,0
0.00034270762,0
0.0009363552,0
0.0002251641,0
0.00037066574,0
0.0006176327,0
0.00016294741,0
0.00012581644,0
0.00033192162,0
0.0011787965,0
0.00071913155,0
0.0001778936,0
0.00010921385,0
0.0001377121,0
0.00012647393,0
0.0005977146,0
0.0005633398,0
0.000172048,0
0.00067906716,0
0.00032935015,0
0.0006178621,0
0.0006865822,0
0.00040016192,0
0.0002545804,0
0.00029400436,0
0.0005355523,0
0.00042377473,0
0.0007528164,0
0.0009553368,0
0.0002249057,0
0.00082650554,0
0.00032120213,0
0.0009456,0
0.00044506395,0
0.00042173234,0
0.00015925009,0
7.281743e-05,0
0.00043471428,0
0.00026180813,0
0.0009404003,0
0.0005433219,0
0.000114825714,0
0.0001377121,0
0.00017790272,0
0.00038443305,0
0.0010423226,0
0.00013321945,0
0.00023972864,0
0.00022638724,0
7.453092e-05,0
0.00022775102,0
0.00022374242,0
0.0006891428,0
0.0007394739,0
0.0009491108,0
0.0008986104,0
0.00045307926,0
0.00022833578,0
0.0003413142,0
0.001873381,0
0.00044639676,0
8.103656e-05,0
0.0006486919,0
0.00028210477,0
0.00030004376,0
0.0006155425,0
0.00011861764,0
0.000528429,0
0.0007522305,0
0.000773375,0
0.00022382847,0
0.00046636577,0
0.00040998423,0
0.00021414807,0
7.223588e-05,0
0.000102659156,0
0.00042530254,0
0.00066982367,0
0.00060058414,0
0.0001804315,0
0.00076422276,0
0.00025378907,0
0.00079158583,0
0.00038034123,0
0.0023696811,0
0.00014907974,0
0.0006580499,0
0.00015039154,0
0.0007868793,0
0.00025627593,0
0.00027245856,0
0.00027173656,0
0.00012991925,0
0.028410455,0
0.00035832726,0
0.00042168173,0
0.00024932862,0
0.00026274726,0
0.00078661187,0
0.0005240063,0
0.0011587758,0
0.0002450701,0
0.00030760362,0
0.0013702397,0
0.00020669498,0
0.00031454107,0
0.00013048566,0
6.4574706e-05,0
0.00010960882,0
0.0001870349,0
0.00032411635,0
0.0010989311,0
0.00024715715,0
0.017669026,0
0.00031161026,0
0.0003679204,0
0.0017488713,0
0.00020221167,0
0.00021153688,0
0.00028841963,0
0.00045622673,0
0.00052183494,0
0.0003120121,0
0.0004831013,0
0.0003912607,0
0.002514661,0
0.00040387205,0
0.00027502517,0
0.00026061534,0
0.00034569102,0
0.00028129359,0
0.00022555278,0
0.00014523542,0
0.000542166,0
0.000306263,0
0.0015661431,0
0.00020889638,0
0.00013794802,0
0.00048493675,0
0.00021973507,0
0.00028315818,0
0.00036242759,0
0.00015543483,0
0.00037953514,0
0.0014631263,0
0.00034976655,0
0.0009653854,0
0.00038291913,0
0.00016449546,0
0.00038568865,0
0.00018633819,0
0.00019479392,0
0.0017968346,0
0.00015537262,0
0.0009700052,0
0.00014827705,0
0.00047541206,0
0.00078407006,0
0.00082674425,0
0.00051731034,0
0.002556652,0
0.0001372182,0
0.0001377121,0
0.00045430305,0
0.000513136,0
0.00017130752,0
0.00019093667,0
0.00024210238,0
0.001940273,0
0.0012501612,0
0.0004419136,0
0.0027703536,0
0.00023226731,0
0.00016040196,0
0.00012944153,0
0.00017427659,0
0.00038802522,0
7.955862e-05,0
0.0033848851,0
0.00033173684,0
0.00022849094,0
0.00031931401,0
0.00029514768,0
0.0004194043,0
0.0004165774,0
0.00029204407,0
0.0003189024,0
0.00015915802,0
0.00068987557,0
0.0002524913,0
0.00023947327,0
0.0009186883,0
0.0017116698,0
0.00026783108,0
0.00029055012,0
0.00018417992,0
0.00018344565,0
0.00024121597,0
0.0005231453,0
0.00087083864,0
0.000289211,0
0.00033176487,0
0.00051145337,0
0.00035311413,0
0.00048997137,0
0.00021658532,0
0.00045799618,0
0.00042861624,0
0.0004747132,0
0.00014395571,0
0.0017842704,0
0.0002592561,0
0.00068526284,0
0.00025918643,0
0.00018301267,0
0.0002497151,0
0.003711099,0
0.00038852653,0
0.00013621776,0
0.00015994614,0
0.00013705564,0
0.00044089672,0
0.0001305662,0
0.00025482773,0
0.0005138015,0
0.0009529577,0
0.00021239955,0
0.00024191121,0
0.00025808092,0
0.00010854643,0
0.00038301537,0
0.00069929654,0
0.00043034082,0
0.00064756366,0
0.00029717392,0
0.00012184919,0
0.0010134238,0
0.00024301214,0
0.00051807455,0
0.00013330307,0
0.00017264525,0
7.350573e-05,0
0.0005475717,0
0.0009039017,0
0.0002121787,0
0.0005711237,0
0.00016337232,0
0.00047602766,0
0.00013215022,0
0.00013247695,0
0.00019830276,0
0.0007380166,0
0.0004969306,0
0.00024384315,0
0.0005442674,0
0.0001530943,0
0.00043229604,0
0.00038560963,0
0.00042257368,0
0.00017225923,0
0.000106344894,0
0.00027605734,0
0.00053083064,0
9.3232455e-05,0
6.396692e-05,0
0.0003586334,0
0.0009541329,0
0.00035124572,0
0.00015231536,0
0.00038406806,0
0.00013863399,0
0.00026533863,0
0.0002128802,0
0.00023626444,0
0.0012346182,0
0.00026709834,0
0.00025012123,0
0.00034061368,0
0.0005795765,0
0.000590484,0
0.0004998994,0
0.00020801634,0
0.0003347882,0
0.00013273685,0
0.0003033691,0
0.00040222914,0
0.00033750327,0
0.0004088429,0
0.00027868518,0
0.000100275305,0
0.0005552855,0
0.00019307318,0
0.00039581413,0
0.002147697,0
0.00025514464,0
0.0011204369,0
0.00040393983,0
0.00029990773,0
0.00025937255,0
0.00047897073,0
0.00010678526,0
0.0008530788,0
0.0030395223,0
9.739082e-05,0
0.00045760148,0
0.00022052656,0
0.0013471114,0
0.00015438016,0
0.0007404885,0
0.0026336547,0
0.0011075509,0
0.00034474573,0
0.0011288486,0
0.00023277514,0
0.0005177973,0
0.00032960638,0
0.00061819435,0
0.00043058605,0
0.00013935273,0
0.0001593821,0
0.0002798348,0
0.0002086133,0
0.0003906256,0
0.00088020036,0
0.00038929007,0
0.00029653477,0
0.00070682605,0
0.00012874114,0
0.00012797254,0
0.0003291275,0
0.00021985693,0
0.00028105025,0
0.0003527245,0
0.0030939018,0
0.00015105437,0
9.0653135e-05,0
0.00015198307,0
0.0018627144,0
0.000117872856,0
0.00024752563,0
0.00025387565,0
0.00022077611,0
0.00051021256,0
0.00021354856,0
0.002442066,0
0.00025723848,0
0.00018112033,0
0.0003133989,0
0.00041765577,0
0.0002950002,0
0.0001551966,0
0.00021275354,0
9.1807e-05,0
0.00040428445,0
0.00042140833,0
0.0005204868,0
0.0008533248,0
0.00013410088,0
0.000364145,0
0.00030117025,0
0.00046473794,0
0.02584395,0
0.00021555423,0
0.0004285355,0
0.0007401313,0
0.00063785526,0
0.00065038947,0
0.00030056332,0
0.00018119306,0
0.0008084523,0
0.00015278102,0
0.0003109771,0
0.00011121543,0
0.0003440142,0
0.0005992239,0
0.00071630697,0
0.0007069611,0
0.00077424065,0
0.00014234011,0
0.0006065877,0
0.00027099057,0
0.00024957448,0
0.00022390635,0
0.0007190436,0
0.00043427286,0
8.5598396e-05,0
0.0007354369,0
0.00019479392,0
0.00075371383,0
0.00019476473,0
7.906145e-05,0
0.0012790823,0
0.00043089,0
0.00078952976,0
0.00022949421,0
0.00014066734,0
0.00079254014,0
0.00029361944,0
0.00015237437,0
0.00013330307,0
0.00027979145,0
0.0008314253,0
0.0002364791,0
0.00020836017,0
8.608541e-05,0
0.00024680584,0
0.0003344958,0
0.001232082,0
0.00011940033,0
0.00017390518,0
0.0009098535,0
0.00013593564,0
0.0011848101,0
0.00015004742,0
0.0004770374,0
0.00048382656,0
0.00023278469,0
8.118031e-05,0
6.446942e-05,0
0.0005024108,0
0.00027182873,0
0.00029898377,0
0.00014902672,0
0.00046358,0
0.00041312305,0
0.00019980576,0
0.0017561561,0
0.00011138454,0
0.00039033697,0
0.0009170964,0
0.00015014107,0
0.00011665417,0
0.00040576307,0
0.00015616528,0
0.00035738497,0
0.00035911382,0
0.00011970668,0
0.00039456942,0
0.0005898672,0
0.0010844801,0
0.00030338299,0
0.0002497244,0
0.0014248204,0
0.00076149195,0
0.0006022505,0
0.00028198713,0
0.00044220206,0
0.0010997815,0
7.4563744e-05,0
0.001689029,0
0.0005774831,0
9.644416e-05,0
0.0002332926,0
0.0007898081,0
0.00030291732,0
0.0008556873,0
0.0020816794,0
0.00020924519,0
0.0011364194,0
0.0002292978,0
0.0003590135,0
0.0030589295,0
0.00046813066,0
0.00011318616,0
0.00014317132,0
0.001048355,0
0.00034703896,0
0.00037362307,0
0.00015096583,0
0.00025807894,0
0.0004040961,0
0.00014380977,0
0.00026760984,0
0.00018860317,0
0.000448888,0
0.00034666207,0
0.00044403548,0
0.00014568696,0
0.00022523967,0
0.00047095178,0
0.0018465201,0
0.0006229718,0
0.0002842043,0
0.00026936128,0
0.0017184677,0
0.00032972623,0
0.00025385732,0
0.00031197557,0
0.00013266482,0
9.535944e-05,0
0.00035813777,0
0.00041576172,0
0.00051921024,0
0.00020521486,0
0.000100182355,0
0.00061914755,0
0.00031470275,0
0.000105445935,0
0.0012781014,0
0.00035158545,0
0.0003851896,0
0.0018535148,0
0.0005802266,0
0.00031646705,0
0.00042679423,0
0.000229824,0
0.00030705027,0
0.00025839166,0
0.00019744686,0
0.0022440741,0
0.0018680029,0
0.00045748556,0
0.00040988158,0
0.00023535827,0
0.0004693723,0
0.0022895886,0
0.0008183652,0
0.00026216722,0
0.0003343559,0
0.0011671127,0
0.00038592552,0
0.00042487768,0
0.00021331514,0
0.0002935342,0
0.00024665392,0
0.00080918736,0
0.00015028741,0
0.00012375411,0
0.00013138611,0
0.0011421879,0
0.00023488313,0
0.00015245719,0
0.0003227875,0
0.00016580409,0
0.00079818995,0
0.00062818057,0
0.000377031,0
0.00026794258,0
0.00064017886,0
0.0015999763,0
0.00041449166,0
0.00033129583,0
0.00061703153,0
0.00049001724,0
0.0011826664,0
0.00015333807,0
0.0002592828,0
0.0011249575,0
0.00020385195,0
0.00013241849,0
0.00019675845,0
0.0005290828,0
0.00012579228,0
0.00033912773,0
6.135546e-05,0
0.00042981264,0
0.00010497981,0
0.0002865366,0
0.0049601793,0
0.00010935025,0
0.000367973,0
0.0005287646,0
0.0009540632,0
8.921014e-05,0
0.00025379236,0
0.00037697764,0
0.0004007561,0
0.0037729954,0
0.00015829098,0
0.0019418191,0
0.00011415643,0
0.0005099826,0
0.0010593244,0
0.00010059408,0
0.00052598974,0
0.00038049358,0
0.00016634034,0
0.00022934894,0
0.00013676142,0
0.00056793576,0
0.0026999535,0
0.00049855077,0
0.0009469806,0
0.00038041576,0
0.0007585436,0
0.00034948628,0
0.0001608863,0
0.0005081355,0
0.0003704958,0
0.00021914311,0
0.0011269279,0
0.00018966994,0
0.00088635134,0
0.00019934268,0
0.00022062348,0
0.0004641433,0
0.00018605252,0
0.00032268435,0
0.0003110241,0
0.0007930071,0
0.0005816533,0
0.0011462175,0
0.00044964653,0
0.0006715209,0
0.00020415947,0
0.00015725169,0
0.0004396974,0
0.000119366014,0
0.00042629847,0
0.00042092637,0
0.00047975904,0
9.6609234e-05,0
0.0003384969,0
0.00059050735,0
0.00023468302,0
0.000165596,0
0.0004183915,0
0.0005829436,0
0.00029482265,0
0.0002679149,0
0.00018517674,0
0.0014619627,0
0.00026111666,0
0.00038725697,0
0.0009949963,0
0.00049766945,0
0.0023696811,0
0.00014936436,0
0.00017312664,0
0.00037391725,0
0.0003611933,0
0.00032672487,0
0.00028028103,0
9.972493e-05,0
0.00013474844,0
0.00025928125,0
0.00011973192,0
0.0001984301,0
6.1011116e-05,0
0.0006988531,0
0.00022586265,0
0.00034142061,0
0.0005458056,0
0.00144144,0
0.0005674805,0
0.0007765268,0
0.0007201043,0
0.0006765717,0
0.0012813745,0
0.0024065133,0
0.00016320929,0
0.0003136606,0
0.0025209608,0
0.00074759737,0
0.00030165963,0
0.00072512036,0
0.00043428515,0
0.00028560354,0
0.00018841482,0
0.00019858633,0
0.00035172852,0
0.00017259191,0
0.0003075823,0
0.00020978924,0
0.00020439381,0
7.293548e-05,0
0.0003932279,0
0.00059923687,0
0.00056269363,0
0.00036370696,0
0.0006406858,0
0.00032568927,0
0.00030818474,0
0.00014465471,0
0.00025721465,0
0.00079254643,0
0.00020525983,0
0.00024246756,0
0.0003347883,0
0.00013972614,0
0.00021607647,0
0.00045298264,0
0.00019822377,0
0.00028189458,0
0.0002004884,0
0.00050222914,0
0.00021180238,0
0.0004009006,0
0.00013070094,0
0.0005164709,0
0.0030769256,0
0.0012318126,0
0.000121404904,0
0.0008444121,0
0.0002419722,0
0.00020996228,0
0.009554998,0
0.00011004279,0
0.0002816609,0
0.00013330307,0
0.00030345132,0
0.0018406067,0
0.00021330023,0
0.00028252197,0
0.0010393851,0
0.00017933358,0
0.0006326664,0
0.00050139014,0
0.00013175645,0
0.00036718274,0
0.00027345796,0
0.0023696811,0
0.00025860025,0
0.00014652857,0
0.003227509,0
8.9687164e-05,0
0.00047108528,0
0.00012018872,0
0.00015117892,0
0.00019738376,0
0.00016108164,0
0.00054450904,0
0.00026568832,0
0.0017294947,0
0.00052035775,0
0.00038643496,0
0.00015400884,0
0.00090267195,0
0.0003219311,0
0.00023296091,0
0.0020462298,0
0.00042401766,0
0.00061078934,0
0.00023989788,0
0.0004243709,0
0.00010136794,0
0.0004407218,0
0.0004607074,0
0.00021212093,0
0.00064178923,0
0.00039153354,0
0.00048831286,0
0.0022734662,0
0.0006620587,0
0.001853754,0
0.00019651254,0
0.0009997832,0
0.00048321407,0
0.00045690575,0
0.00013394668,0
0.00033151265,0
0.00028032475,0
0.00035468375,0
0.0003030533,0
0.00078851765,0
0.0001329363,0
0.00031117906,0
0.0003966545,0
0.00047984367,0
0.00015609061,0
0.00014140383,0
0.00037047543,0
6.408039e-05,0
0.0005672748,0
0.00058531016,0
0.00012843739,0
0.00010708221,0
0.00027656122,0
0.0003677073,0
0.00018153731,0
0.0006643682,0
0.00031794983,0
0.00019991594,0
0.0016565474,0
0.00030574866,0
0.00024886892,0
0.0002729254,0
0.00013646999,0
0.00042058533,0
0.0015203293,0
0.00030140067,0
8.4151725e-05,0
0.00038222029,0
0.0005389469,0
0.000809116,0
0.0012241843,0
0.0005778431,0
0.0005681168,0
0.00020590352,0
0.00014719233,0
0.00014957497,0
0.00019717451,0
0.00023186587,0
0.00024527204,0
0.00077241316,0
0.00050549884,0
0.0001640553,0
0.00010988155,0
0.000114933115,0
0.00020494375,0
0.00035147037,0
0.0002720555,0
0.0008021641,0
0.0001867314,0
0.00017908856,0
0.0006587213,0
6.435489e-05,0
0.00016500514,0
0.00034362415,0
0.00072292436,0
0.00020400443,0
0.0005279953,0
0.00034553622,0
0.0013827466,0
0.00014214187,0
0.00041700574,0
0.00027376207,0
0.00059735717,0
9.994057e-05,0
0.00015494204,0
0.0007931568,0
0.00026102725,0
0.00022425507,0
0.0003483108,0
0.00017997605,0
0.00035204075,0
0.00010390883,0
0.00061298185,0
0.00013672576,0
0.00055436324,0
0.0006584481,0
0.00014458256,0
0.0010705701,0
0.00047051127,0
0.00055142574,0
0.00026684452,0
0.00024101506,0
0.00012200076,0
0.00023254714,0
0.0007316061,0
0.0003044383,0
0.0001992369,0
0.00020367422,0
0.0006959445,0
0.00024543563,0
0.00040837008,0
0.0007931545,0
0.0002029329,0
0.0014608846,0
0.00021891997,0
0.00023326825,0
0.00029623503,0
0.0005584091,0
0.000260119,0
0.00046409495,0
0.0007160767,0
0.00014601015,0
0.00018864524,0
0.00028054556,0
0.0008660112,0
0.00072331855,0
0.0005132621,0
0.00072645844,0
0.0004976955,0
0.0003558174,0
0.00017671296,0
0.00029127253,0
0.00016764854,0
8.1719336e-05,0
0.00013812871,0
0.00047711888,0
0.00028571053,0
0.00091236684,0
0.0005142353,0
0.00037459927,0
0.00036258734,0
0.0007593066,0
0.0007190581,0
0.00011769049,0
0.003123387,0
0.00027347196,0
0.00022119835,0
0.00014943616,0
0.00033817612,0
0.0003175139,0
0.00031557097,0
0.00043999977,0
0.000100321675,0
0.00014461255,0
0.0003999194,0
0.00020385264,0
0.0005774621,0
0.00028140287,0
0.00021314433,0
0.00017917364,0
0.0004131176,0
0.0002947134,0
0.00049404654,0
0.00062584033,0
0.00031757788,0
0.0003475655,0
0.0025079297,0
0.00048056056,0
0.00015912531,0
0.00020422715,0
0.00017833718,0
0.0015901536,0
0.0002757305,0
0.00029055012,0
0.00016698246,0
0.000317595,0
0.0001865268,0
0.00052434474,0
0.00012018872,0
0.0001452925,0
0.00027516787,0
0.0017939472,0
0.0004125514,0
0.00012514436,0
0.0001452955,0
0.0005266997,0
0.000120013356,0
0.00062932057,0
0.0009087639,0
0.00030172375,0
0.0002772713,0
0.0005311868,0
0.000914304,0
0.00021290085,0
0.00054083037,0
0.0008333767,0
0.0006821923,0
0.00017778626,0
0.000116877054,0
0.00046250896,0
0.0021218888,0
0.0008055443,0
0.00042771403,0
0.00026507667,0
0.00025066716,0
0.00231445,0
0.0016951014,0
0.00015640505,0
0.0001385808,0
0.00045399502,0
0.0020260043,0
0.00064747385,0
0.0008973107,0
0.00046152086,0
0.0016705629,0
0.0006796412,0
0.00076387764,0
0.00011213228,0
0.0005880353,0
0.0030468202,0
0.001831198,0
0.0007951965,0
0.0028449371,0
9.040674e-05,0
0.0002914578,0
0.00059293193,0
0.0003330072,0
0.00027982827,0
0.00034762692,0
0.00018014129,0
0.00021631269,0
0.0003079748,0
0.00035687996,0
0.001200003,0
0.00056463946,0
0.00059950835,0
0.0002633957,0
0.00022361126,0
0.00032836496,0
9.279844e-05,0
0.00040983336,0
0.00039065265,0
0.0011176855,0
0.0012635657,0
0.00017804131,0
0.00016844529,0
0.00024078351,0
0.00046575358,0
0.00017898956,0
0.00021837484,0
0.0016566085,0
0.00028763444,0
0.00017495349,0
0.00036771764,0
0.00017890596,0
0.00024694766,0
0.00021587209,0
0.0003835605,0
0.0001852725,0
0.00028091756,0
0.00052383036,0
0.0007517009,0
0.0001127554,0
0.00022713913,0
0.00030585277,0
9.249556e-05,0
0.0005088139,0
0.00041316674,0
0.00019843059,0
0.00028800717,0
0.0009305264,0
0.0013950624,0
0.00054164126,0
0.00063464465,0
0.00038275836,0
0.00037369056,0
0.0011280923,0
0.00072427455,0
0.0005913829,0
0.00051872904,0
0.00039836002,0
0.00019251289,0
0.00017012519,0
0.00019031562,0
0.00033422318,0
0.00023730959,0
0.0010069337,0
0.00022816275,0
0.00024144672,0
0.00022569673,0
0.00029056004,0
0.00044407815,0
0.00021384878,0
0.00087377673,0
0.0005310418,0
0.00025389815,0
0.00044272374,0
8.1323145e-05,0
0.0002113849,0
0.00019962466,0
0.0010338395,0
0.0004501678,0
0.00037711047,0
0.00012018872,0
0.00040004152,0
0.00026610683,0
0.0004342071,0
0.00035088207,0
0.00023428674,0
0.00030842138,0
0.00034262435,0
0.00044395667,0
0.00037309362,0
0.00043415805,0
0.00074484927,0
0.00026134902,0
9.563359e-05,0
0.00034482515,0
0.00022059519,0
0.00020788728,0
0.0006069686,0
0.0002159615,0
0.00016588383,0
0.0003038736,0
0.00028197674,0
0.0011496631,0
0.00040175064,0
0.0005398627,0
0.0008111968,0
0.00018634366,0
0.0004547055,0
0.0002569372,0
0.00026797826,0
0.0042221006,0
0.00029749164,0
0.002442066,0
0.00015069355,0
0.0019065811,0
0.0006138261,0
0.0010046889,0
0.000798882,0
0.0023696811,0
0.00092134124,0
0.00027775843,0
0.0005497761,0
0.00067313097,0
0.00043265722,0
0.0004937606,0
0.00029094357,0
0.00023499088,0
0.0010588984,0
0.00022278409,0
0.00035263362,0
0.00097274577,0
0.00018792698,0
0.00033698886,0
0.00035671552,0
0.0009024619,0
0.0002900327,0
0.00034723128,0
0.00024386503,0
0.00016469725,0
9.114716e-05,0
0.0003019457,0
0.00025804952,0
0.00018082833,0
0.00044769968,0
0.00030792924,0
0.0004713334,0
0.00050411985,0
0.00018325949,0
0.00038049245,0
0.00049993914,0
0.00021905276,0
0.00045237684,0
0.0003814143,0
0.00018969974,0
0.00016500738,0
0.00020950555,0
0.00034189163,0
0.0023696811,0
0.0004969959,0
0.0014407983,0
0.00045723227,0
0.00015609061,0
0.00018365809,0
0.0002740788,0
0.00035923373,0
0.00030642867,0
0.0004356365,0
0.00065786205,0
0.0024511365,0
0.00084099296,0
0.000518237,0
0.000111057874,0
0.00029509974,0
0.00030425325,0
0.00016593949,0
0.00031805522,0
0.00019734818,0
0.0001501128,0
0.0058250106,0
0.00042390023,0
0.00010921036,0
0.00027346954,0
0.00030281872,0
0.00013320456,0
0.00064593955,0
0.00011392494,0
0.000276047,0
0.00047644775,0
0.0006488128,0
7.260598e-05,0
0.00042177422,0
0.00047349208,0
0.0024420442,0
0.001017601,0
0.00050152495,0
0.0007289257,0
0.00038736337,0
0.00076491624,0
0.00084648165,0
0.00016593949,0
0.00021694423,0
0.00018103227,0
8.052889e-05,0
0.00023950313,0
0.00017533234,0
0.00010771876,0
0.0015790802,0
0.00059559854,0
0.0006578806,0
0.00022048432,0
0.0007075387,0
0.00022964602,0
0.00047256553,0
0.00026957135,0
0.00073108874,0
0.00020137402,0
0.00023535216,0
0.00030304203,0
0.00019449077,0
0.00019595731,0
0.00022113808,0
0.0004506383,0
0.0006809162,0
0.00012541153,0
0.00022374786,0
0.0022476988,0
0.0006220828,0
0.00027854973,0
0.00013281778,0
0.03453222,0
0.00014970185,0
0.00021759578,0
0.00033039303,0
0.00024406264,0
0.00046546388,0
0.00077526266,0
0.000203255,0
0.00015253537,0
0.00049023365,0
0.00053520635,0
0.00048203426,0
0.0001657571,0
0.00077021075,0
0.0012995572,0
8.503919e-05,0
0.00040359833,0
0.00039646885,0
0.00033870863,0
0.00032839333,0
0.00033580087,0
0.00022493728,0
0.00033940867,0
0.0005067343,0
0.00022404254,0
0.0008550347,0
0.00092671014,0
0.00014658763,0
0.00019318817,0
0.00015249514,0
0.00048138056,0
0.0001816521,0
0.00039594882,0
0.00034195418,0
0.0019198416,0
0.00013831249,0
0.0002592554,0
0.0004133244,0
0.00042393425,0
0.00011591595,0
0.0023696811,0
0.00039147277,0
0.00017988577,0
0.00018419657,0
0.00059742574,0
8.2679384e-05,0
0.0003477202,0
0.0003143979,0
0.0006374879,0
0.00042022843,0
0.0007757959,0
0.0001057228,0
0.00017482392,0
0.00014077312,0
0.0007223966,0
0.0004895605,0
0.0002117747,0
0.0006539878,0
0.0005476028,0
0.00087042106,0
0.00019153682,0
0.00018394763,0
0.00031746793,0
0.00056375546,0
0.00044643175,0
0.0002015344,0
0.030616552,0
0.00080962194,0
0.0010849782,0
0.00086691004,0
0.0006678035,0
0.0002685208,0
0.0033010277,0
0.00033449216,0
0.00016077822,0
0.00027506784,0
0.0003528426,0
0.0010396263,0
0.00017649113,0
0.0005751205,0
0.00013146557,0
0.00016453906,0
0.00023717487,0
0.00015163064,0
0.00054141844,0
0.00014541461,0
0.00018806252,0
0.00012602328,0
0.001068662,0
0.00044593267,0
0.0002652241,0
0.0003960987,0
0.0004877277,0
0.00032480925,0
0.00031302444,0
7.574634e-05,0
0.00057064585,0
0.00022061978,0
0.0017116404,0
0.00023494118,0
0.0003772095,0
0.00014816623,0
0.00016449546,0
0.00031061418,0
0.0002636126,0
0.014121298,0
0.0002837185,0
0.001221382,0
0.00040975978,0
0.0033748497,0
0.00017130752,0
0.00013330307,0
0.00067699695,0
0.0013663387,0
0.00022752669,0
0.00084990833,0
0.00056975754,0
0.00036348245,0
0.00028609266,0
0.0014034363,0
0.00042204303,0
0.000116041134,0
0.0008326969,0
0.00015519398,0
0.00025463442,0
0.0018701707,0
0.00020217481,0
0.000129511,0
0.00048018302,0
0.0001882173,0
0.00032128865,0
0.0005829567,0
0.000118922675,0
0.0011569276,0
0.00024076615,0
0.00052903884,0
0.00069347693,0
0.0009685891,0
0.00021197624,0
0.0006628528,0
0.0005122903,0
0.00050395966,0
0.00057992304,0
0.0003182826,0
0.00014457197,0
0.0022952564,0
0.0005301795,0
0.00022260979,0
0.00032366838,0
0.0004116592,0
0.00023011529,0
0.0012419856,0
0.00022492901,0
0.00018499076,0
0.00068475946,0
0.00029741044,0
0.0011799032,0
0.0002990439,0
0.0001593821,0
0.0004714631,0
0.0003375668,0
0.00050985697,0
0.0018645676,0
0.000521491,0
0.00038247003,0
0.00034370413,0
0.00028041803,0
0.0004752053,0
0.00012059866,0
0.00016331738,0
0.00015259413,0
0.00010581371,0
0.00030652803,0
0.00031783324,0
0.000114142575,0
0.00016698246,0
0.00084912556,0
0.00020783355,0
0.00023059142,0
7.928361e-05,0
0.0005490678,0
0.00052893715,0
0.00047342572,0
0.00030090907,0
0.0005936393,0
0.0006890009,0
0.00071095786,0
0.00028891998,0
0.0003721017,0
0.0003984073,0
0.00010915099,0
0.00022661757,0
0.0009291805,0
0.00053465646,0
0.00040069767,0
0.00014743331,0
0.00017923654,0
0.0011049533,0
0.013042652,0
0.0004354507,0
0.0007261985,0
0.00013909962,0
0.00013123789,0
0.00093004224,0
0.00036330792,0
0.00013212179,0
0.00041092897,0
0.0003966835,0
0.0004217885,0
0.00091680366,0
0.00014436865,0
0.000542394,0
0.0017927719,0
0.00020854782,0
0.0002695545,0
0.00047439698,0
0.00054473855,0
0.00019136092,0
0.00025935555,0
0.0003211291,0
0.00031986323,0
0.0003506643,0
0.00011704983,0
0.00025052618,0
0.00012420148,0
0.00035546685,0
0.00036451872,0
0.00031819663,0
0.005389931,0
0.00013474844,0
0.0001053622,0
0.00018520512,0
0.0010995604,0
0.0005900786,0
6.779207e-05,0
8.4644256e-05,0
0.00042492026,0
0.0005797584,0
0.00011793193,0
0.00046944778,0
0.00052687037,0
0.00091089524,0
0.00043977523,0
0.00028574353,0
0.0001915819,0
0.00033354948,0
0.00018358044,0
0.0006610762,0
0.0008590749,0
0.0001729883,0
0.00041078142,0
0.0007868793,0
0.0022819056,0
0.0053927125,0
0.00022961083,0
0.00028538992,0
0.0001749618,0
0.00029886738,0
0.0024062523,0
0.0010749891,0
0.0016972215,0
0.00029321888,0
0.00018522902,0
0.0004125635,0
0.00010488376,0
0.00030871684,0
0.0009106279,0
0.00028855292,0
0.0005115429,0
0.0002634933,0
0.0030674434,0
0.0006857966,0
0.00024681533,0
0.0003584222,0
0.00014077312,0
0.00017671745,0
9.0756344e-05,0
0.00058508106,0
0.00020436672,0
0.00016574931,0
0.0005779959,0
0.0004506963,0
0.0002848129,0
0.00026940365,0
0.00018886411,0
0.00046954583,0
0.000106624386,0
0.00028681164,0
0.0006211773,0
0.00026981183,0
0.0016933532,0
0.00026441633,0
0.0013162328,0
0.00026621376,0
0.00018747878,0
0.00039233477,0
0.0003755812,0
0.00084743457,0
0.00011288033,0
0.0007490202,0
0.0034292066,0
0.00037171366,0
0.000643377,0
0.0001424062,0
0.00054857426,0
0.001308097,0
0.00058374734,0
0.0004317855,0
0.00012327294,0
0.00032368794,0
0.00020182651,0
0.00019169824,0
0.0005979546,0
0.00042903138,0
0.00021207583,0
0.00025661502,0
0.00037328285,0
0.00017515861,0
0.00023386719,0
8.4124404e-05,0
0.0008614943,0
0.00014454998,0
0.0018217118,0
0.0023401908,0
0.00015367867,0
0.00039843406,0
0.000104786384,0
0.00017761404,0
0.00030202317,0
0.0003355748,0
0.00039809884,0
0.0007113121,0
0.00067675335,0
0.0004017863,0
0.00018610044,0
0.0001576172,0
0.0007602519,0
0.0002945459,0
0.0003972819,0
0.00018922599,0
0.0026423077,0
0.00023583855,0
0.00021466558,0
0.00010972429,0
0.0030097621,0
7.643458e-05,0
0.0053487914,0
0.0018550674,0
0.00033078206,0
0.0005399628,0
0.000967438,0
0.00066712,0
5.9577793e-05,0
0.00027044094,0
0.0005090321,0
0.00037639771,0
9.4434414e-05,0
0.0004416678,0
0.00041302183,0
0.00043467834,0
0.00057230284,0
0.00027137218,0
0.0003940079,0
0.00091646484,0
0.0008414374,0
0.00090990175,0
0.00052143785,0
0.00036760082,0
0.0005170361,0
0.00015287586,0
0.00046326735,0
0.00018540841,0
0.00021041496,0
0.00040487075,0
0.00016929315,0
0.0009619991,0
0.0001977683,0
0.000518086,0
0.0007348873,0
0.00026215127,0
0.00046069504,0
9.8154684e-05,0
0.00010634458,0
0.00040826522,0
0.00013350465,0
0.0002256674,0
0.00048246077,0
0.0008520831,0
0.0004186238,0
0.00047951532,0
0.0002963711,0
0.000119654665,0
0.0012444832,0
0.00027808058,0
0.00018685765,0
0.0013261335,0
0.00043518646,0
0.00013475136,0
0.00025793584,0
0.00063187716,0
0.00013487833,0
0.00071576925,0
0.0002853726,0
0.00048214957,0
0.00023862916,0
0.00020997961,0
0.00021870041,0
0.00027979264,0
0.00039233145,0
0.00032610318,0
0.00021056083,0
0.0003564217,0
0.0006719926,0
0.0007083777,0
0.00014350697,0
0.0002242563,0
0.00022374178,0
0.0004945431,0
0.00025488823,0
0.00032644378,0
0.00036129897,0
0.00014146688,0
0.0023348469,0
0.00020197452,0
0.0021983068,0
0.00043218263,0
0.0002803834,0
0.00028605535,0
0.0012116787,0
0.000326154,0
0.000916745,0
0.0012792055,0
0.00012374803,0
0.00020060556,0
0.00041352963,0
0.00028274074,0
0.0003639286,0
0.00016306319,0
0.00020998833,0
0.00041752786,0
0.00030777557,0
0.00011274937,0
0.00013399759,0
0.0003144946,0
0.0056162504,0
0.00022348764,0
0.00013179492,0
0.00034554288,0
0.0003701055,0
0.00013283001,0
0.00028314238,0
0.00020349669,0
0.0006666061,0
0.00013819283,0
8.4433515e-05,0
0.00023674351,0
0.00074665935,0
0.00039407684,0
0.00017418612,0
0.0008871018,0
0.00037954803,0
0.00050211645,0
0.0002886008,0
0.00039024002,0
0.00048776335,0
0.00040196697,0
0.00082521554,0
0.00013602401,0
0.00041946376,0
0.0006985586,0
0.00026968544,0
0.0005386332,0
0.00045509977,0
0.00062912784,0
0.00025095078,0
0.00029011298,0
0.00062021415,0
0.00024883804,0
0.00024859497,0
0.00016481917,0
0.0001992952,0
0.00015677132,0
0.0008295551,0
0.00038259532,0
0.0013105738,0
0.0009026837,0
0.00021777653,0
0.00040520178,0
0.00016302764,0
0.0014084987,0
0.0005264849,0
0.0001389354,0
0.0005526603,0
0.00044283134,0
0.00062456407,0
0.00042765748,0
0.00035004757,0
0.00036501267,0
0.00016498254,0
0.0011081792,0
0.0011060039,0
0.00073805574,0
0.00038464594,0
0.00022000569,0
0.00012032501,0
0.00014008503,0
0.00020785666,0
0.0002028742,0
0.0005391522,0
0.00016162498,0
0.00013923024,0
0.00033553658,0
0.0012770126,0
0.00050801394,0
0.00024300806,0
0.00037140792,0
0.0001452925,0
0.00022753609,0
0.00061314297,0
0.00073677266,0
0.00044683047,0
0.00021917537,0
0.0013267123,0
0.00021347478,0
0.0004312116,0
0.00014392212,0
0.0002642224,0
0.00078054005,0
0.00040247838,0
0.00016190909,0
0.0004399831,0
0.0008074682,0
0.0004420592,0
0.0010299698,0
0.00022682658,0
0.00027812336,0
0.0003050539,0
0.00011631118,0
0.00034048708,0
0.0008001434,0
0.0002221575,0
0.0009771176,0
0.0007057489,0
0.00053872005,0
0.00072175876,0
0.00033646877,0
0.00028472868,0
0.0006866404,0
0.00040723884,0
0.0018547956,0
0.00030838314,0
0.0003017422,0
0.00021008418,0
0.00033155526,0
0.00025209528,0
0.0022276677,0
0.00013289093,0
0.00011164368,0
0.000576257,0
0.00022443249,0
0.00013969508,0
0.00057320914,0
0.03092591,0
0.0002451753,0
0.00016001081,0
0.00020404416,0
0.000828875,0
0.00036077504,0
0.00035587873,0
0.0005601468,0
0.0001731394,0
0.00041460837,0
0.0008531235,0
0.00031359796,0
0.00058707054,0
0.00032300805,0
0.00023688847,0
0.00023858895,0
0.00040596197,0
8.06821e-05,0
0.0004379894,0
0.00033456436,0
0.0006473396,0
0.00014835852,0
0.00043421483,0
0.00020370376,0
0.0017815415,0
0.00026540385,0
0.0006414985,0
0.0008490707,0
0.00023567479,0
0.00029789208,0
0.00018651562,0
0.00031954845,0
0.00029867742,0
0.00068448554,0
0.00026266233,0
0.00012842716,0
0.00014970185,0
0.00038772842,0
0.00042117684,0
0.00019305934,0
0.00025843753,0
0.00015105643,0
0.00059916975,0
0.0015465061,0
0.00011940033,0
0.0001902341,0
0.0005398296,0
0.00039754435,0
0.00047178977,0
0.00016685964,0
0.0005049446,0
0.00016013306,0
0.0006982521,0
0.00011356626,0
0.00043348517,0
0.0013198239,0
0.00021882495,0
0.0002505111,0
0.00016721366,0
8.467595e-05,0
9.7853255e-05,0
0.00041762544,0
0.002187507,0
0.003519443,0
0.00023643118,0
0.00059083255,0
0.00024898563,0
0.0004515152,0
0.00016247263,0
0.0004347103,0
0.0006439432,0
0.0005791581,0
0.00034730064,0
0.0010336601,0
0.00019187061,0
0.00044711534,0
0.00032820727,0
0.00041359098,0
0.00019380663,0
0.00080722023,0
0.00021225004,0
0.00015943432,0
9.5765456e-05,0
0.00029209282,0
0.00018394763,0
0.00043882948,0
0.0007841634,0
0.0003154593,0
0.00015557016,0
0.000326594,0
9.895349e-05,0
0.00012211034,0
0.00040448736,0
0.00025680434,0
0.0006174282,0
0.0004347863,0
0.0023696811,0
0.0005204385,0
0.000673954,0
0.0023696811,0
0.0007951965,0
8.787444e-05,0
0.00032416254,0
0.0001977509,0
6.366585e-05,0
0.00020254584,0
0.00017680279,0
0.00057634554,0
7.7028155e-05,0
9.182628e-05,0
0.00057880307,0
0.0006191971,0
0.00018815098,0
0.00015158943,0
0.00041661618,0
0.0005323922,0
0.0008055327,0
0.00045868885,0
0.00063010375,0
0.00014722547,0
0.00063967187,0
0.00018958442,0
0.0002997335,0
0.00018989474,0
0.0001377121,0
0.00029970825,0
0.0022055951,0
0.0002494848,0
0.00030716753,0
0.0007264678,0
0.00030438654,0
0.00027543798,0
0.00030982876,0
0.0010098164,0
0.0013422744,0
0.00039489026,0
0.00018424114,0
0.00032117713,0
0.00015659082,0
0.00018971464,0
0.00015885709,0
0.00042891313,0
0.00012031354,0
0.00042484302,0
0.00040543976,0
0.0012678492,0
7.425054e-05,0
0.00011554643,0
0.0007770569,0
0.00016277844,0
0.0001751776,0
0.00063296786,0
0.00023747045,0
0.00025185695,0
0.00065388053,0
0.00013496102,0
0.00029809398,0
0.00039224935,0
0.00030011896,0
0.00093276025,0
0.00016863731,0
0.00044254877,0
0.00063955673,0
0.00059780217,0
0.00035788445,0
0.00025848715,0
0.00018915116,0
0.00039089954,0
0.00076660834,0
0.00020721204,0
0.00021345272,0
0.00025963725,0
0.00028706816,0
0.0017850864,0
0.00033720324,0
0.00022249584,0
0.0013340773,0
0.0001338372,0
0.00054303114,0
0.00057238154,0
0.00043327542,0
0.0001823236,0
0.00027369783,0
0.0007282143,0
0.00013164563,0
0.0005128233,0
0.00046346156,0
0.00043831178,0
0.00031567912,0
0.00058139436,0
0.00017563655,0
0.0005959843,0
0.00013171136,0
0.00022940707,0
0.00063936366,0
0.00013261312,0
0.00072572625,0
0.0006893154,0
0.00017292306,0
0.00019693098,0
0.000398878,0
0.00033675454,0
0.0002751047,0
0.0001953608,0
0.0015480252,0
0.00017997903,0
0.00025798765,0
0.00016902504,0
0.0013019533,0
0.0023696811,0
7.0262504e-05,0
0.00031435845,0
0.0001379606,0
0.000639636,0
0.00027487037,0
7.009419e-05,0
0.0003844857,0
0.0005167782,0
0.0001303196,0
0.00017005437,0
0.00056762825,0
0.00031654345,0
0.0004563496,0
0.00070277235,0
0.0003617755,0
0.000109475244,0
0.00014070727,0
0.000106490224,0
0.0015701685,0
0.00047726822,0
0.0015647878,0
0.00013641406,0
0.00032124904,0
0.00010389846,0
0.00038678618,0
0.00016324874,0
0.00029968377,0
0.00086329936,0
0.00025400435,0
0.0003555511,0
0.00022861129,0
0.00053620053,0
0.00023245458,0
0.0004453074,0
0.00060554116,0
0.0008359656,0
0.00016714935,0
0.00013775247,0
8.457476e-05,0
0.00057921413,0
0.0004420551,0
0.00029450527,0
0.00039208969,0
0.00043081335,0
0.00013511327,0
0.0003624978,0
0.00015883837,0
0.00017013434,0
9.0991874e-05,0
0.0002386894,0
0.0010101291,0
0.00018593733,0
0.00024613616,0
0.00048715674,0
0.0006584014,0
0.00033890968,0
0.00040309533,0
0.00036049692,0
0.00019479392,0
0.000663932,0
0.00026697447,0
0.00017256955,0
0.0018531196,0
0.00011940014,0
0.00022289716,0
0.0002520738,0
0.00042653194,0
0.0012153023,0
0.00025576522,0
0.0013333093,0
0.00032291663,0
0.00094288844,0
0.00032150798,0
0.00017300338,0
0.00037519427,0
0.0004217935,0
0.00021627815,0
0.00018122408,0
0.00034739857,0
0.0001452925,0
0.00057158753,0
0.0012049896,0
0.0005753608,0
0.00055235013,0
0.00026606835,0
0.0031059305,0
0.0002626927,0
0.0013188758,0
0.00022671366,0
0.000490146,0
0.0005115051,0
0.0003456557,0
0.00013026065,0
0.00026240892,0
0.00011165675,0
0.0036120438,0
0.00056929176,0
0.0002026783,0
0.0033351136,0
0.00041055807,0
0.0001330866,0
0.0007106189,0
0.00019900137,0
0.00018554735,0
0.000117774995,0
0.00064686907,0
0.00025056698,0
0.00037096528,0
0.00019092312,0
0.00046723345,0
0.00026173115,0
0.00037337045,0
0.00013347025,0
0.0005920287,0
0.00045998866,0
0.0004907751,0
0.0004227976,0
0.0012520334,0
0.00039784206,0
0.0003230947,0
0.0005403189,0
0.00044941134,0
0.00047003513,0
0.0007399887,0
0.00028163107,0
0.00031329712,0
0.00015105643,0
0.0003007356,0
0.00075861154,0
0.0010522461,0
0.00059668586,0
0.00016601078,0
0.00038787827,0
0.00026574492,0
0.0001992452,0
0.00016556948,0
0.00043571176,0
0.00060372724,0
0.00012757508,0
0.0010362758,0
0.0002477874,0
0.000486398,0
0.00012397557,0
0.00033131783,0
6.68501e-05,0
0.00023391239,0
0.000740712,0
0.00036004555,0
9.6491116e-05,0
0.001116865,0
0.0003790977,0
0.00041589895,0
0.00013708974,0
0.00036355242,0
0.00072625163,0
0.0005069871,0
0.00019231178,0
0.00025731113,0
8.217618e-05,0
0.0002167693,0
0.00040566287,0
0.0009092642,0
0.00042031478,0
0.0002793958,0
0.0001497008,0
6.0768194e-05,0
0.00036723053,0
0.00029081764,0
0.0003615809,0
0.00026519012,0
0.00031381682,0
0.00018439906,0
0.00023787847,0
0.00038818494,0
0.000504185,0
0.00022542838,0
9.868402e-05,0
0.00086108147,0
0.00022252974,0
0.0004826257,0
0.000651932,0
0.00030163326,0
0.00034611436,0
0.0001627691,0
0.0003910929,0
0.001078576,0
0.0011861839,0
0.0016145164,0
0.00037859683,0
0.0006369583,0
0.0008531487,0
0.00024646363,0
0.0002752526,0
0.000103036604,0
0.00021925019,0
0.00041311025,0
0.00028842874,0
0.00021645972,0
4.873725e-05,0
0.000245941,0
0.000294421,0
0.0011990496,0
0.0005963748,0
0.00020237055,0
0.00015158285,0
0.00093295303,0
0.00038588594,0
0.00014339662,0
0.00017243871,0
0.0004288079,0
0.00016349359,0
0.000784284,0
0.00084205694,0
0.00010126413,0
8.541985e-05,0
0.00021641908,0
0.0001133186,0
0.0006937195,0
0.0019136496,0
0.0011512822,0
0.00033891405,0
0.00043837275,0
0.00028268652,0
0.0003743414,0
0.0007603262,0
0.0005955258,0
0.00016087214,0
0.00037230662,0
0.002442066,0
0.000116044626,0
0.0012100544,0
0.00024356409,0
0.0002675726,0
0.00059572945,0
0.0004037735,0
0.0002579748,0
0.00033335484,0
0.00017964494,0
0.00029493688,0
0.0004696249,0
0.0001526071,0
0.0004570407,0
0.00019823558,0
0.00030142203,0
0.0003610309,0
0.0008594868,0
0.00029438414,0
0.0014329437,0
0.0003455042,0
0.00031838295,0
0.0003861393,0
0.0010769216,0
0.0007951965,0
0.00018843642,0
0.00034713268,0
0.00020161338,0
0.00013659491,0
0.0007137112,0
0.00054589385,0
0.00020845761,0
0.00014117254,0
0.0002898012,0
0.0003645497,0
0.0002804445,0
0.00048696654,0
0.00026402625,0
0.00027518527,0
0.00072405697,0
0.0006167028,0
0.00093097443,0
0.00020385195,0
0.0010188717,0
0.00012098797,0
0.00021224043,0
0.00075395306,0
0.0002794138,0
0.00023493015,0
0.0003968969,0
0.00070846593,0
0.00012039654,0
0.00041022548,0
0.00085929164,0
0.00029641532,0
0.00025989985,0
0.00017557382,0
0.00023137273,0
0.00015115012,0
0.00012351766,0
0.00021739179,0
0.00025752297,0
0.00022016406,0
0.0010288138,0
0.00022422752,0
0.0007818833,0
0.00052936777,0
0.00013923024,0
0.0004222354,0
0.0006490052,0
0.0002428842,0
0.00012018872,0
0.00024657394,0
0.00026474043,0
0.0010712642,0
0.00043829292,0
0.00012236407,0
0.00195953,0
0.00071021763,0
0.00025182494,0
0.00017961742,0
0.00024678165,0
0.0002652545,0
0.00075211906,0
0.0006361999,0
0.022038257,0
0.00015944212,0
0.00023268678,0
0.00083868526,0
0.00055012206,0
0.0007082155,0
0.0005504061,0
8.7456385e-05,0
9.6360345e-05,0
0.0001796625,0
0.00033299997,0
0.0001555235,0
0.00025068375,0
0.00020692292,0
0.00021124135,0
0.000251466,0
0.00016504285,0
0.0005598092,0
0.00040876932,0
0.0004308198,0
0.0015447235,0
0.0003511919,0
0.00019705048,0
0.0002641006,0
0.00018710399,0
0.0002137007,0
0.00016164896,0
0.00022993919,0
0.00026977086,0
0.000261251,0
0.00033307428,0
0.0007127247,0
0.00037472075,0
0.00036328685,0
0.0008519559,0
0.00019056848,0
0.0011368019,0
0.0005111467,0
0.0003700771,0
0.005013909,0
8.6140906e-05,0
0.00016477014,0
0.00029390975,0
0.00051443226,0
0.00016017308,0
0.00041191356,0
0.0003653744,0
0.0005394533,0
0.00026961637,0
0.00085802865,0
0.00029371935,0
0.00025338866,0
0.00011901021,0
0.0008030341,0
0.00027832575,0
0.00014139661,0
0.0005312506,0
0.00047979807,0
0.00045584296,0
0.00011884398,0
0.00075085653,0
0.0005131257,0
0.00037716253,0
0.00012579228,0
0.002196056,0
0.00058541837,0
0.00038746354,0
0.0002978482,0
0.00030645728,0
0.000303767,0
0.00012373054,0
0.00017653468,0
0.00040720505,0
0.00027151062,0
8.638862e-05,0
0.00010928289,0
0.000374409,0
0.00076963747,0
0.00014632924,0
0.00074853277,0
0.0002086205,0
0.0008620987,0
0.0005779373,0
0.00014234011,0
0.00017482392,0
0.0006046117,0
0.00066170865,0
0.00012332751,0
0.0010400082,0
0.000519013,0
0.00024638555,0
0.00045612757,0
0.00015646168,0
0.0006855069,0
0.0023802808,0
0.00058911,0
0.00020581935,0
0.00045424452,0
0.0050139683,0
0.0005753858,0
0.0006388178,0
0.00020668494,0
0.00082917395,0
0.00047821124,0
0.0018118831,0
0.00024965958,0
0.000467607,0
0.0001529806,0
0.0006832848,0
0.00032859936,0
0.00029097125,0
0.00041895424,0
0.00077591115,0
0.00064278976,0
0.0001502669,0
0.00017871185,0
0.00041906672,0
0.0002814807,0
0.0013610702,0
0.00023002575,0
0.00049681973,0
0.0006981761,0
0.00014815634,0
0.00083550444,0
0.000102342376,0
0.0009208368,0
0.00022134309,0
0.00012018872,0
0.00052858243,0
0.00012200076,0
0.00025175745,0
0.00015801388,0
0.00064815744,0
0.00047110577,0
0.00011219676,0
0.00023515637,0
0.00053696224,0
0.00042412622,0
0.00029359863,0
0.00028849742,0
0.00030889607,0
0.00047616204,0
0.00011546748,0
0.00017116088,0
0.0006804427,0
5.5454868e-05,0
0.0018562877,0
0.0002943895,0
0.0013373411,0
0.00017742162,0
0.00034355302,0
0.00019270016,0
0.0002680461,0
0.00042361062,0
0.0013692966,0
0.00023582173,0
0.00011171662,0
0.00038940037,0
0.0003895532,0
0.00026937586,0
0.00038311334,0
0.00044521567,0
0.00029886133,0
0.0020570618,0
0.0009044541,0
0.00015911936,0
6.442787e-05,0
0.00022408225,0
0.00042624358,0
0.0002963783,0
0.0007189161,0
0.00014379603,0
0.00011365345,0
0.00019608316,0
7.6690165e-05,0
0.0004772039,0
0.0011767481,0
9.614312e-05,0
0.00040525157,0
0.00021155745,0
0.00023683113,0
0.00023394512,0
0.0005959035,0
0.0009769286,0
0.0008933591,0
0.0002296243,0
0.00081251777,0
0.00054661755,0
0.00047998206,0
0.0004389524,0
0.00044494306,0
0.00023545051,0
0.0005515721,0
0.00019398422,0
0.00023601904,0
0.0008329086,0
0.00018836441,0
0.0003770456,0
0.00041888413,0
0.00030026832,0
0.00039378408,0
0.00013725457,0
0.0003035806,0
9.0208356e-05,0
0.00035127628,0
0.0011909037,0
0.00025870948,0
0.00025687128,0
0.0006127693,0
0.0003589323,0
0.000113427304,0
0.00056325726,0
0.00015693952,0
0.0004408927,0
0.00056793547,0
0.00024115309,0
0.028791633,0
0.0012542501,0
0.0007951965,0
0.00022024459,0
0.00032613566,0
0.00037960484,0
0.00040160617,0
0.0003712839,0
0.00022688982,0
0.00016091413,0
0.00031204804,0
0.00031156788,0
0.00033825083,0
0.001413183,0
0.0003926866,0
0.00036748048,0
0.0023696811,0
0.00019256327,0
0.000460306,0
0.000116885276,0
0.001263827,0
0.00020521486,0
0.00034277438,0
7.115589e-05,0
0.00026182388,0
0.0004619382,0
0.00043044295,0
0.0004772554,0
0.0004277671,0
0.00013101804,0
0.00031357486,0
0.0009199532,0
0.00012922281,0
0.00018799311,0
0.00036677642,0
0.0018973884,0
0.0039020712,0
0.0005595398,0
0.00035057028,0
9.2632006e-05,0
0.00013571518,0
0.00032192082,0
0.00033756206,0
0.00026530868,0
0.0006443627,0
0.00021056221,0
0.00044061095,0
0.00013960939,0
0.0002472641,0
8.491949e-05,0
0.00080920634,0
0.00037744583,0
0.0011341386,0
0.00013586374,0
0.00038583245,0
0.00017053031,0
0.0006188198,0
0.00029155635,0
0.00052491575,0
0.00030122514,0
0.00025470767,0
0.0008022902,0
7.194424e-05,0
0.00036105717,0
0.00043042854,0
0.00078353635,0
0.0009008479,0
0.0002501809,0
0.00033365597,0
0.00022041489,0
0.00097157946,0
0.00024975493,0
0.00030013107,0
0.00013780486,0
0.0018513198,0
0.00016574931,0
0.0005384387,0
0.00030265932,0
0.00019777314,0
0.00033270614,0
0.0027860487,0
0.0050139404,0
0.00047195592,0
0.00016156923,0
0.00022576273,0
0.00039616905,0
0.0001410646,0
0.0001919366,0
0.0003270378,0
0.00073098455,0
0.00020802878,0
0.00025049617,0
0.00012617401,0
0.0002828778,0
0.00034963267,0
0.00018153223,0
0.0018713825,0
0.0002202521,0
0.00053886784,0
0.00036233253,0
0.00015400884,0
0.0002527147,0
0.0009594624,0
0.00020761434,0
0.000520384,0
0.00088982354,0
0.0006656366,0
0.00028952755,0
0.0004863284,0
0.0002057667,0
0.00023459441,0
0.00024927736,0
0.00021297211,0
0.0003544708,0
0.002442066,0
0.0006653614,0
0.00028142123,0
0.00013613488,0
0.000767488,0
0.00012784796,0
0.00015640644,0
0.00021659164,0
0.00041151818,0
0.0003752661,0
0.00034442396,0
0.000266174,0
0.00028485994,0
0.00030250268,0
0.001883174,0
0.00018236863,0
6.881715e-05,0
0.00034975528,0
0.0004568988,0
0.00037965606,0
0.00028814818,0
0.0003737106,0
0.00021198929,0
0.0017291758,0
0.0025857547,0
0.00030396602,0
0.00027304736,0
0.00037662746,0
0.00017787091,0
0.001019728,0
0.00033427434,0
0.00022932752,0
0.0005487348,0
0.0003288808,0
0.0002861813,0
0.00024630508,0
0.0007362931,0
0.00049914425,0
0.00026332476,0
0.0005432034,0
0.00072865555,0
0.0023923065,0
0.0001822749,0
0.00018618937,0
0.00059120933,0
0.0004040156,0
0.00061352993,0
0.00081013667,0
0.000545425,0
0.00013967829,0
0.00010855586,0
0.00018635429,0
0.00034828478,0
0.00020371746,0
0.00041574004,0
0.0003711183,0
0.0009307366,0
0.005183049,0
9.232703e-05,0
0.0006484131,0
0.00079490506,0
0.00037325718,0
0.00018151589,0
0.0002737746,0
0.0004030828,0
0.000590687,0
0.00046832417,0
0.0010723806,0
0.00020469875,0
0.00049344194,0
8.393177e-05,0
0.00012403709,0
8.557967e-05,0
0.0009991183,0
0.000267289,0
0.0011611462,0
0.00048642978,0
0.00035233388,0
0.0001167237,0
0.00026661632,0
0.0015219491,0
0.0005947544,0
0.0005377197,0
0.00349973,0
0.0006368154,0
0.0019084438,0
0.00036604132,0
0.00031413144,0
0.00030216164,0
0.00065436674,0
0.00025661342,0
0.000115559116,0
0.000542942,0
0.00051673723,0
0.0025035948,0
0.00028514423,0
0.00046172235,0
0.0007142347,0
0.0003360922,0
0.00037783931,0
0.0002753051,0
0.00031691464,0
0.00026297415,0
9.023554e-05,0
0.00021178117,0
0.0005869804,0
0.0006261862,0
0.00041454672,0
0.00041380952,0
0.00089540984,0
0.00017425072,0
0.00021376419,0
0.00015801359,0
0.00069587876,0
0.00032662693,0
0.00033733915,0
9.128909e-05,0
0.0006272865,0
0.00079730776,0
0.00040621014,0
0.00026374208,0
0.00028882854,0
0.0003940495,0
0.00028362146,0
0.00092327374,0
0.00023867852,0
0.00043141827,0
0.0002202585,0
0.0003682086,0
0.00033130145,0
0.00085359544,0
0.00046335498,0
0.00025344125,0
0.0008158705,0
0.00021558923,0
9.501248e-05,0
0.00047911025,0
0.00020313819,0
9.549838e-05,0
0.0012699789,0
0.0009705268,0
0.00042238552,0
0.00082692393,0
0.00045287554,0
0.00016698246,0
0.0005922235,0
0.00014077312,0
0.00029584023,0
0.00021079765,0
0.00025072828,0
0.00016430869,0
0.0006038903,0
0.00029305182,0
0.00021374125,0
0.00034512478,0
0.0005811973,0
0.00043367452,0
0.00019313731,0
0.0003082242,0
0.0002868287,0
0.0019623963,0
0.0001735913,0
0.00041649974,0
0.00055521657,0
7.658459e-05,0
0.00033445648,0
6.698848e-05,0
0.00067513296,0
0.00032217577,0
0.00029874334,0
0.0002190861,0
0.0008295863,0
0.0019058532,0
0.00017009044,0
0.00046818308,0
0.00020396218,0
8.11091e-05,0
0.00010537317,0
0.00043004742,0
0.0002165596,0
0.0003547968,0
0.0009605228,0
0.0008254934,0
0.00031510444,0
0.00010695238,0
0.00021175879,0
0.0010728757,0
0.00045891036,0
0.00033354526,0
0.0004899654,0
0.00012514436,0
0.00030602096,0
0.000334778,0
0.00046486902,0
0.00012238532,0
0.00035092462,0
0.00051274896,0
0.00015519398,0
0.0002976417,0
0.00011038631,0
0.00019650722,0
0.0005212997,0
0.0002776977,0
0.00030522072,0
0.00068434264,0
0.00017167715,0
0.000197496,0
0.00049594656,0
0.00072784437,0
0.00029937597,0
0.00050919,0
0.0005783397,0
0.0003717085,0
0.0005591303,0
0.00028413074,0
0.0001622521,0
0.0007875738,0
0.0025172017,0
0.002514661,0
0.00022592946,0
0.0003802069,0
0.0006371035,0
0.0001318824,0
0.0005503566,0
0.00016059702,0
0.00039696056,0
0.00044900842,0
0.000270763,0
0.0006351951,0
0.00016647617,0
0.0011152915,0
0.000416763,0
0.00033993824,0
0.001107795,0
0.0002502877,0
0.00080865854,0
0.0023458083,0
0.0011387478,0
0.00034046755,0
0.00012864544,0
0.001362216,0
0.00014970185,0
0.00021964469,0
0.0005716984,0
0.00011200883,0
0.0001604969,0
0.00018913964,0
0.0001526762,0
0.0001233439,0
0.00022708823,0
0.0015023757,0
7.698367e-05,0
0.00026876113,0
0.00016228604,0
0.00078707637,0
0.00023325655,0
0.00029873848,0
0.0004317531,0
0.00011396732,0
0.00017149004,0
0.0005487886,0
0.00046800874,0
0.00029033076,0
0.00011704461,0
0.00026755495,0
0.0004952472,0
0.00022874282,0
0.00013889892,0
0.00046837825,0
0.0004521735,0
0.001853754,0
0.00031305922,0
0.0009566813,0
0.00027817956,0
0.00026168264,0
0.0017528933,0
0.00023535216,0
0.00076451583,0
0.00013956122,0
0.00024002569,0
0.00031751397,0
0.0001459289,0
0.0012069914,0
0.00034656105,0
0.0005509986,0
0.00051055773,0
0.00020369179,0
0.00016571039,0
0.00059506233,0
0.00032183365,0
0.00016877604,0
0.0012140647,0
0.00011613348,0
0.0023696811,0
0.0004903632,0
0.00020561619,0
0.0010702984,0
0.00014219429,0
8.660639e-05,0
0.00018170268,0
0.0003630794,0
0.00051088334,0
0.0023696811,0
0.00023154801,0
0.00020482486,0
0.00012597404,0
0.00013142731,0
0.0001703404,0
0.00016663774,0
0.0003860503,0
0.00067094655,0
0.00019396513,0
0.0007228998,0
0.0016522256,0
0.00026754732,0
0.000643453,0
0.00016660723,0
0.0010950809,0
0.00045323354,0
0.00028399107,0
0.00012051822,0
0.001793073,0
0.0005688935,0
0.00041988166,0
0.00011676238,0
0.00020680312,0
0.00032833606,0
0.000307705,0
0.0006515458,0
0.00018864605,0
0.00017841675,0
0.0005656587,0
0.00015504453,0
0.0006131203,0
0.0005597066,0
0.00011510588,0
0.0003309839,0
0.0004522498,0
0.0002858083,0
0.00028362087,0
0.00016122435,0
0.0016795523,0
0.0007582549,0
0.0024062465,0
0.00023121343,0
0.00026254638,0
0.00015478203,0
0.00017953398,0
0.0012067655,0
0.00021206545,0
0.0018159447,0
0.0006738383,0
0.00033655134,0
0.00017403589,0
0.00016222682,0
0.0001906754,0
0.0002743374,0
0.00053689023,0
0.00025046425,0
0.00024710124,0
0.00020602226,0
0.00016592629,0
0.000105253755,0
0.00043527025,0
0.00014013506,0
0.00039193043,0
0.00030027633,0
0.00035165375,0
0.0007332962,0
0.00048174686,0
0.00039689094,0
0.00034934076,0
0.0012696726,0
0.0001916664,0
0.00015537262,0
0.00022170467,0
0.00022076003,0
0.004920774,0
0.0006349714,0
0.00024353004,0
0.00030468107,0
0.00055139867,0
0.00061132724,0
0.000285446,0
0.00021071335,0
0.00024081823,0
0.0008015891,0
0.001970244,0
0.00013702303,0
0.0006258307,0
0.0004746342,0
0.00074361323,0
5.7716887e-05,0
0.0006407119,0
0.0011176551,0
0.00014970185,0
0.0003585595,0
0.0004310261,0
0.00039038155,0
0.00015248696,0
0.0002632731,0
0.0017260372,0
0.00013474844,0
0.00012271674,0
0.00087124336,0
0.003504049,0
0.0001596414,0
0.00027394862,0
0.00037575897,0
0.0012149254,0
0.00045743256,0
0.00022935345,0
0.00030126612,0
7.643384e-05,0
0.00039646574,0
0.00046718586,0
0.0006213982,0
0.0008177434,0
0.00023313909,0
0.0006396359,0
0.00015786196,0
0.00011230282,0
0.00036598722,0
0.00018706055,0
0.00015350815,0
0.00021943275,0
0.00041893937,0
0.0005536036,0
0.00033414582,0
0.0072222487,0
0.0009897078,0
0.00028001412,0
0.00020416669,0
0.00020690396,0
0.000100862504,0
5.693743e-05,0
0.00044851977,0
0.00016507282,0
0.00024238913,0
0.0015321177,0
0.00030744885,0
0.00092121563,0
0.0006369602,0
0.00029431793,0
0.00081290083,0
0.0003995218,0
0.0001388988,0
0.00039747372,0
0.00037455637,0
0.00026076724,0
0.00023312314,0
0.0008237706,0
0.000605917,0
0.0026169932,0
0.0008021947,0
0.0007903299,0
0.00030676892,0
0.0002750506,0
0.00053682714,0
0.0002136743,0
0.00055840635,0
0.0001920371,0
0.00015918346,0
0.00033439416,0
0.0003333151,0
0.00039261152,0
0.00021040064,0
0.00046638676,0
0.00028588885,0
0.00032446624,0
0.0004272981,0
0.0001916664,0
0.00025229208,0
0.0005608311,0
0.00056910294,0
0.0003670652,0
0.041628208,0
0.0006349725,0
0.00014204638,0
0.0019737862,0
0.0008348403,0
0.00039592898,0
0.00084383634,0
0.0005188839,0
0.00023231932,0
0.00015537262,0
0.00028239956,0
0.00047046246,0
0.0002852395,0
0.0001318824,0
0.00040342563,0
0.0006815963,0
0.0006067441,0
0.00031135458,0
0.001101258,0
0.0006234135,0
0.00015139367,0
0.0032569694,0
0.00022279513,0
8.229591e-05,0
0.0014031495,0
0.00021653807,0
0.00040218057,0
0.0006872567,0
0.00028986338,0
0.0002040877,0
0.0010475498,0
0.00034968276,0
0.0011759473,0
0.00015046936,0
0.0013910377,0
8.996855e-05,0
0.000109934794,0
0.00030218344,0
0.00048246313,0
0.00046791934,0
0.00038581644,0
0.0010526429,0
0.00017633752,0
0.00030031722,0
0.00063081004,0
0.00028126952,0
0.0005131764,0
0.00024597466,0
0.00047140484,0
0.00030395892,0
0.000113464615,0
0.00038826783,0
0.00012200076,0
0.00020289671,0
0.00016308032,0
6.99288e-05,0
0.00058186403,0
0.0002903817,0
0.00018979496,0
0.0006505301,0
0.00066389225,0
0.0014613345,0
0.00018089585,0
0.00063523254,0
0.0001870548,0
0.00032864566,0
0.00021491252,0
0.001001582,0
0.00035041998,0
0.00046438957,0
0.0003228681,0
0.00014778003,0
0.00037678832,0
9.074942e-05,0
0.0005590837,0
0.000214925,0
0.00021051486,0
0.00017275,0
0.000375076,0
0.00032631814,0
0.00012306093,0
0.00022570445,0
0.00026512163,0
0.0005575675,0
0.00064158574,0
0.00039013373,0
0.00021313969,0
0.00055274635,0
0.00010318512,0
0.00039200307,0
0.00014461481,0
0.0001975832,0
0.001222723,0
0.00016601414,0
9.165004e-05,0
0.00035603595,0
0.0006641788,0
0.0003961126,0
0.00049448723,0
0.00040216892,0
0.00012769342,0
0.00011668282,0
0.0028546215,0
0.00014533932,0
0.0001372589,0
0.000121188416,0
0.00032016914,0
0.0006019724,0
0.00021952763,0
0.00017126971,0
0.0002356683,0
0.0008252905,0
0.0014159919,0
0.00025238094,0
0.00034873496,0
0.0017307069,0
0.00033020106,0
0.00019074928,0
7.602168e-05,0
0.0015180571,0
0.0002408614,0
0.00040377356,0
0.0006091475,0
0.00041000804,0
0.00013000797,0
0.0012043625,0
0.0033819245,0
0.00039519576,0
0.0007883216,0
0.0018885545,0
0.0002584018,0
0.0001417182,0
0.00024748893,0
0.00022025607,0
0.0006405095,0
0.00026706175,0
0.00035959235,0
0.0014753236,0
0.00017563305,0
0.005839868,0
0.0003040806,0
0.00032747324,0
0.0002124897,0
0.00024489983,0
0.00017485415,0
0.001122392,0
0.00047984475,0
0.00013621776,0
0.00062229414,0
0.00029528898,0
0.00031067582,0
0.001394588,0
0.0005204376,0
0.0023696811,0
0.0007996562,0
0.00035468274,0
0.000123968,0
7.143218e-05,0
0.0005003559,0
0.0006806083,0
0.00016455358,0
0.00040231622,0
0.0025209608,0
0.001354309,0
0.00043052624,0
0.00046010574,0
0.0008092375,0
0.0003730883,0
0.00019014333,0
0.0004938622,0
0.000594427,0
0.00043682387,0
0.00041134044,0
0.00038725577,0
0.00070484227,0
0.00031010114,0
0.00024598828,0
0.00019060241,0
0.00017942711,0
0.00013703406,0
0.0006069174,0
0.0003398475,0
0.0010447107,0
0.0003542403,0
0.0002889786,0
0.00030405456,0
0.0017288432,0
0.00035357065,0
0.000299757,0
0.0016544189,0
0.0026711985,0
0.0011138482,0
0.0013125156,0
0.00010589018,0
0.0005045573,0
0.0007614436,0
0.00092744606,0
0.0004779738,0
0.0005294553,0
0.00037379225,0
0.00033536623,0
0.00033364497,0
0.00031271082,0
0.0005206364,0
0.000804693,0
0.0005984894,0
0.00014561787,0
0.0002948513,0
0.00018554,0
0.00026743635,0
0.00019443854,0
0.00021796415,0
0.0002469322,0
0.00032357502,0
0.00023422492,0
0.00011376995,0
0.00017556213,0
0.0004320891,0
0.0011390105,0
0.00037790384,0
0.00059331977,0
0.0006816097,0
0.00013179489,0
0.0003419224,0
0.00026790652,0
0.00012271674,0
0.0036305173,0
0.00045308657,0
0.00019294022,0
0.000427206,0
0.0002963518,0
0.00032045707,0
0.00023095953,0
0.00031322087,0
0.0003948232,0
0.00047747183,0
0.0005514409,0
0.0004292128,0
0.00037234405,0
0.0032054451,0
0.00056268036,0
0.0036815633,0
0.00014232863,0
0.0007890055,0
0.0007327288,0
0.0009632512,0
0.0001651627,0
0.00051296974,0
0.00042283695,0
0.00012444865,0
0.00054458954,0
0.001166847,0
0.00093975343,0
0.0002458351,0
0.00051421265,0
0.00036557822,0
0.00021525922,0
0.00050694915,0
0.00052698964,0
0.00017482392,0
0.0002454067,0
0.00034581445,0
0.00012332688,0
0.0013829395,0
0.00040101996,0
0.00023828329,0
0.002442066,0
0.00023731813,0
0.0005986098,0
0.00031108077,0
0.001225017,0
0.00034496316,0
0.00039525545,0
0.0010387014,0
0.00025792167,0
0.00014108073,0
0.0001548161,0
0.0007899217,0
0.00026763653,0
0.00010298733,0
0.00020445153,0
0.00014554987,0
0.004536855,0
0.0003659718,0
0.0004312426,0
0.0004565569,0
0.0006667257,0
0.00023199365,0
0.00018786271,0
0.00018268518,0
0.00020736072,0
8.708718e-05,0
0.0002914368,0
0.00017669902,0
0.0008413442,0
0.00012058649,0
9.884598e-05,0
0.00054734276,0
0.0006164696,0
0.00011070679,0
0.00024088769,0
0.0003391698,0
0.00032519407,0
0.00074567995,0
0.00026439395,0
0.001574854,0
8.405796e-05,0
0.0002060879,0
0.0015910161,0
0.0001879023,0
0.0003562169,0
0.00027062788,0
0.00027121961,0
0.00021259276,0
0.000120901575,0
0.00039317773,0
0.00074813515,0
0.00014188622,0
0.0003236265,0
0.00021653315,0
0.00028872333,0
0.00011341722,0
0.00019482223,0
0.0003107854,0
0.00017718672,0
0.0009989792,0
0.00020452285,0
0.0002605973,0
0.0004878059,0
0.0005200248,0
0.000797786,0
0.00043412365,0
7.374416e-05,0
0.0023696811,0
0.0002202253,0
0.00021924643,0
0.00032818678,0
0.00011848785,0
9.123689e-05,0
0.0004973031,0
0.0004370463,0
0.00021985467,0
0.00036364226,0
0.00017638966,0
0.00054165046,0
0.00012495308,0
0.0011530275,0
0.00033037577,0
0.0001266327,0
0.0007069802,0
0.00011749631,0
0.00041784623,0
0.00030173612,0
0.00026874524,0
0.00048536606,0
0.0005269945,0
0.00010381049,0
0.0003346033,0
0.00037108993,0
0.0005177524,0
0.00041285623,0
0.0002477953,0
0.00024752042,0
0.00025877744,0
0.0011354145,0
0.002001674,0
0.00023761569,0
0.00023653223,0
0.0013206694,0
0.00021834362,0
0.00065753894,0
0.0010168311,0
0.0007885813,0
0.00051361293,0
0.001446888,0
0.00031428508,0
0.00019672874,0
0.00021710308,0
8.750867e-05,0
0.0009305734,0
0.0018349312,0
0.00015759116,0
0.0003581566,0
0.0003394757,0
5.6316625e-05,0
0.00037145175,0
0.000253543,0
0.0002804445,0
0.00039744307,0
0.00040538138,0
9.626261e-05,0
0.0003975803,0
0.0013360375,0
0.00015226773,0
0.00030482528,0
0.00046757996,0
0.0002491624,0
0.00021200834,0
0.00041953847,0
0.0024770426,0
0.00027713468,0
0.00040821254,0
0.0005076794,0
0.00037575277,0
0.0009998844,0
0.00043965533,0
0.00017584336,0
0.0009562095,0
0.0005641459,0
0.0018604927,0
9.995239e-05,0
7.3869596e-05,0
0.00031098476,0
0.0008396813,0
0.00041016727,0
0.0003742157,0
0.00043489598,0
0.00018482216,0
0.00026843816,0
0.0004302599,0
0.001188236,0
0.00016593463,0
0.00025753665,0
0.00028171504,0
0.0014132174,0
0.0004454369,0
0.00045864464,0
0.00032305834,0
9.8506665e-05,0
0.00042173342,0
0.00024409589,0
0.00025069437,0
0.0007276184,0
0.00017984178,0
0.00059825217,0
0.00036656857,0
0.00047035512,0
0.0005118497,0
0.00016499696,0
0.00017720515,0
0.00037004298,0
0.00027642277,0
0.0006595941,0
0.0005696735,0
0.0001774628,0
0.00017868029,0
0.000691285,0
0.00026902402,0
0.0002361725,0
0.0004315755,0
0.00015526114,0
0.00047089453,0
0.00024296914,0
0.00016322313,0
0.00070824206,0
0.00049263943,0
0.00037120897,0
0.0008512506,0
0.0006838715,0
0.00042239708,0
0.0007107317,0
0.0007953348,0
0.0009291873,0
0.0002656466,0
0.00020449115,0
0.0002722289,0
0.00018237023,0
0.0002592182,0
0.00023548327,0
0.0007301428,0
0.00033319058,0
0.0003325966,0
0.00030345516,0
0.00016784342,0
0.00078845845,0
0.0005726014,0
0.00036675224,0
0.001870517,0
0.0002592356,0
0.00015922244,0
0.00044746645,0
0.00018007208,0
0.00030795732,0
0.00029662752,0
0.0010939394,0
0.00060019776,0
7.2620045e-05,0
0.000478889,0
0.00014093552,0
0.00031553273,0
0.00067142764,0
0.00019657554,0
0.0007159618,0
0.00034850443,0
0.00030006404,0
0.00045451918,0
0.00049304357,0
0.00036589557,0
0.0006135725,0
0.0002262224,0
0.00039308987,0
0.00065552327,0
0.00035157482,0
0.00029203529,0
0.00044218317,0
0.000471507,0
0.00013652796,0
0.0006702842,0
0.0006181461,0
0.00020310988,0
0.0012741724,0
0.000100040466,0
0.0005000765,0
0.00025048153,0
0.0005029448,0
0.0004537914,0
0.0006067977,0
8.699229e-05,0
0.00046403203,0
0.00032804537,0
0.00037963325,0
0.00056817045,0
0.00068510603,0
0.00013499687,0
0.00020503478,0
0.0006968729,0
0.0013277053,0
0.0007871747,0
0.0002169174,0
0.0006655686,0
0.0002089965,0
0.00090843585,0
0.00017629903,0
0.00029330657,0
0.0003368405,0
0.00012073839,0
0.00019602473,0
0.00020813163,0
0.00016793633,0
0.00013048566,0
0.00045800276,0
0.00046106667,0
0.00088982354,0
0.0002801249,0
0.00020391747,0
0.00039649082,0
0.00050332217,0
0.0010778817,0
0.00033770353,0
0.00017097317,0
0.00018695908,0
0.00021583191,0
0.00081513467,0
0.00038378793,0
0.0005943778,0
0.0037177713,0
0.00011289127,0
0.00011167739,0
0.000118967015,0
0.00017481095,0
0.00050828874,0
0.00061491097,0
0.00038951193,0
0.00025080884,0
0.0003958296,0
0.00035210737,0
9.1507354e-05,0
0.0004376049,0
0.00034935298,0
0.00033851722,0
0.0002571034,0
0.00040966732,0
0.00052157004,0
0.00011249018,0
0.00052444637,0
0.00064575433,0
0.00039643375,0
0.00027822526,0
0.0005331323,0
0.00044378912,0
0.0010803594,0
0.00016081407,0
0.00011850394,0
0.0007868793,0
0.0011506814,0
0.00031257505,0
0.0006782915,0
0.00014608963,0
0.00039332508,0
8.446661e-05,0
0.0012937026,0
0.00049910793,0
0.00020089299,0
0.00021241218,0
0.00017781019,0
0.00016269712,0
0.00029056787,0
0.00052595336,0
0.00015361997,0
0.00036060344,0
0.00010309472,0
0.00015970472,0
0.00013073854,0
0.00047419267,0
0.00028293068,0
0.0004703126,0
0.0008147625,0
0.00045435582,0
0.0012399408,0
0.00024782942,0
0.00020625844,0
0.0003906974,0
0.001021459,0
0.0011449171,0
0.00010022111,0
0.00032332228,0
0.0006680879,0
0.0001439886,0
0.00060097734,0
0.0002441384,0
0.0003354868,0
0.00039520732,0
0.00245746,0
0.000522045,0
0.00023961056,0
9.112188e-05,0
0.00015743093,0
0.0002996869,0
0.0040317914,0
0.00046596024,0
0.00016363339,0
8.936968e-05,0
0.0006915507,0
0.00027548004,0
0.00032919866,0
0.0017508885,0
0.0010622855,0
0.00028297512,0
0.0027599859,0
0.0002207672,0
0.00016876018,0
0.00012784796,0
0.0003594524,0
0.000107688014,0
0.00037684033,0
0.00021001436,0
0.00015443136,0
0.00046423872,0
0.00036650457,0
0.00034437652,0
7.121567e-05,0
0.0036913443,0
0.0003900664,0
0.00014802274,0
0.00052583584,0
0.000370428,0
0.0003528858,0
0.00060238363,0
0.0006340108,0
0.00019746507,0
0.0008705276,0
0.0004174575,0
0.0010246707,0
0.0003219022,0
0.00017040974,0
0.00054425915,0
0.0001982516,0
0.00016309148,0
0.00040445905,0
0.0006648397,0
0.00032370986,0
9.363538e-05,0
0.0007460644,0
0.00065278786,0
0.0027944893,0
0.00026137097,0
0.0004955654,0
0.00018397793,0
0.0015688988,0
0.002517236,0
0.00018998329,0
8.662508e-05,0
0.00012542825,0
0.0014179134,0
0.0007089369,0
0.000107224,0
0.0003709395,0
0.0015146998,0
0.0030680173,0
0.00016898799,0
0.0001956755,0
0.00027255173,0
0.000103527695,0
0.0013489382,0
0.0075327083,0
0.00025921594,0
0.00028672538,0
0.00036004154,0
0.0010994603,0
0.00017781992,0
0.00020494158,0
0.00037731676,0
0.0005293066,0
0.00090763473,0
0.0004594459,0
0.00053300126,0
0.00015203324,0
0.0007576979,0
0.00016698246,0
0.00044330716,0
0.00023698073,0
0.00015882679,0
0.00023186587,0
0.0001173676,0
0.00018076561,0
0.00031034957,0
0.00018772487,0
0.00011953304,0
0.0010779313,0
0.0004595698,0
0.00041743126,0
0.00067244336,0
0.00035986328,0
0.0004047042,0
0.000797168,0
0.00034715215,0
0.0013593541,0
0.0002835955,0
0.00016803683,0
0.00047392998,0
0.00016413112,0
0.00028915828,0
0.00022082064,0
0.00017618803,0
0.0002006499,0
0.0004441529,0
0.00043225978,0
0.00043506763,0
0.00037811205,0
0.0037298205,0
0.00030445718,0
0.00050374784,0
0.00035210984,0
0.0011997425,0
0.00039796063,0
0.00041656205,0
0.00015280322,0
0.00058453,0
0.00040888638,0
0.00015208233,0
0.0006420558,0
0.00023216348,0
0.00019504283,0
0.0011074584,0
0.00022078655,0
0.00012832662,0
0.0025525533,0
0.0007712447,0
0.00060543924,0
0.00035345947,0
0.00021576993,0
0.0005012249,0
0.00023426363,0
0.0004063354,0
0.00019651077,0
0.0003856788,0
0.00078073295,0
0.00069366075,0
0.00042677126,0
0.00018746889,0
0.0006201271,0
0.00031651877,0
0.00040854095,0
0.00030822432,0
0.0009689577,0
0.00019290035,0
0.00025183722,0
0.00029369435,0
0.0005474981,0
0.000699154,0
0.0002825997,0
0.0005785303,0
0.00013151835,0
0.00029648206,0
9.022649e-05,0
0.00070441177,0
0.00016162205,0
0.00016720557,0
0.0019411698,0
0.00063696277,0
0.0007519533,0
0.00033850124,0
0.0005247983,0
0.00034768714,0
0.0004887587,0
0.00084543816,0
8.603674e-05,0
0.00025646982,0
0.00033939828,0
0.00030750633,0
0.0007679758,0
0.00022674791,0
0.00023037124,0
9.4406045e-05,0
0.00023041129,0
0.0001071175,0
0.00034077957,0
0.00016992477,0
0.0006153675,0
0.00018874295,0
0.00016625658,0
0.00031861014,0
0.00012310912,0
0.00043076475,0
0.001042138,0
0.00032778035,0
0.00010928923,0
0.00044678545,0
0.0005313197,0
0.00079942605,0
0.0011209638,0
0.000354088,0
0.00074843894,0
5.749596e-05,0
0.00053778617,0
0.00036003548,0
0.0001549461,0
0.00038207872,0
0.00078508444,0
0.0002789314,0
0.0024931636,0
0.00013120036,0
0.000615805,0
0.00032187806,0
0.00017275,0
0.000234099,0
0.00052132586,0
0.0005280397,0
0.00018775846,0
0.00043317224,0
0.000565786,0
0.00022649567,0
0.00015757614,0
0.00041033846,0
0.00019360012,0
0.000172048,0
0.00011229054,0
0.00018063943,0
0.000513507,0
0.0005876113,0
0.00031450068,0
0.00032246925,0
0.00019152241,0
0.00091891416,0
0.00033274989,0
0.0002839457,0
0.00021265855,0
0.0011409362,0
0.00016698246,0
0.0008326297,0
0.00037301602,0
0.0001797172,0
0.00038158972,0
0.0012126024,0
0.00014561531,0
0.0010652337,0
0.00048132185,0
0.00018008766,0
0.00026600028,0
0.00016479706,0
0.00040928723,0
0.0011558495,0
0.0004253182,0
0.00040058012,0
0.0007480673,0
0.00013792457,0
0.0005922766,0
0.00031879844,0
0.00078738044,0
0.00036250037,0
0.003448981,0
0.00016003364,0
0.0001962489,0
0.000119664604,0
0.0004887316,0
0.00012393772,0
0.00079030835,0
0.00010431095,0
0.00012644337,0
0.00012454481,0
0.00096064183,0
0.00038585986,0
0.0003298702,0
0.00021119171,0
0.00049571984,0
0.001901879,0
0.00031947964,0
0.0004999354,0
0.00021089091,0
0.00114866,0
0.00087516307,0
0.0009929787,0
0.00041099207,0
0.0005071427,0
0.00018611015,0
0.00056987145,0
0.00030943195,0
0.0004295109,0
0.00021720909,0
0.0001874852,0
0.00051478867,0
0.00017333958,0
0.0011962827,0
0.00072994805,0
0.00015379532,0
0.0006942751,0
0.00046204933,0
0.0002914843,0
0.0006232333,0
0.0001288705,0
0.00013065775,0
0.0023696811,0
0.045073632,0
0.0002840014,0
0.0002040774,0
0.00014936454,0
0.000269315,0
0.00018583357,0
7.019947e-05,0
0.00013531496,0
0.00039590144,0
0.0009625894,0
0.00027234684,0
0.00074567995,0
0.00023428447,0
0.00026137533,0
0.00011940033,0
0.00054017367,0
9.100039e-05,0
0.00050433894,0
0.00045373425,0
0.0005357924,0
0.00045169328,0
0.0008884442,0
0.00010963078,0
0.0004835477,0
0.00033966088,0
0.0006891969,0
0.00012041292,0
0.00010662886,0
0.00015495457,0
0.0004290017,0
0.00026784246,0
0.0010445473,0
0.00038281883,0
0.0006211601,0
0.0001604969,0
0.00037225836,0
0.00063499156,0
0.00048939604,0
0.0001514268,0
0.00057096133,0
0.00014627709,0
0.0006157167,0
0.00039160292,0
0.0007232837,0
0.0009175901,0
0.00076557125,0
0.00035793497,0
0.0006966495,0
0.00028647747,0
0.0002756798,0
0.00040246063,0
0.00029498502,0
0.00010991798,0
0.00069916714,0
0.000957882,0
0.00026360562,0
0.00017737948,0
0.00035639078,0
0.00018328686,0
0.0007393719,0
0.00042125033,0
0.0005108399,0
0.0012506798,0
0.0001614506,0
0.00058439694,0
0.00037215787,0
0.00011030183,0
0.00032073856,0
0.00091944635,0
0.00044214848,0
0.00037374196,0
0.00041490188,0
0.00016943923,0
0.00017747123,0
0.0012893517,0
0.0001652142,0
0.00066548673,0
0.0005595557,0
0.00074295053,0
0.00042333978,0
0.0011847223,0
0.00088062085,0
0.0009306382,0
0.00015410056,0
0.000592245,0
0.0004013852,0
0.00033424652,0
0.00096158904,0
0.0018071363,0
0.002442066,0
0.00025823017,0
6.8885434e-05,0
0.0002419343,0
9.585188e-05,0
0.0009814309,0
0.00039873956,0
0.00010760395,0
0.00023768906,0
0.00021664661,0
0.001188265,0
0.00041776308,0
0.0002946469,0
0.00033333502,0
0.0009411221,0
0.00034475888,0
0.00048691203,0
0.0005509314,0
0.00029422174,0
9.440177e-05,0
0.00013987842,0
0.0012814912,0
0.00035044397,0
0.0007331086,0
0.0004120297,0
0.00044220622,0
0.000876279,0
0.0002544772,0
0.00017778626,0
0.0002018998,0
0.00024966913,0
0.00015400884,0
0.0002794441,0
0.001262143,0
0.00011028561,0
0.00016504008,0
0.00017320475,0
0.00027057363,0
0.0004027841,0
0.0053487914,0
0.00067784975,0
0.0002398691,0
0.001438492,0
0.002125069,0
0.0023696811,0
0.00085153483,0
0.0005487715,0
0.00012058649,0
0.0005483057,0
0.0003591223,0
0.0006388443,0
0.00033097353,0
0.0013859728,0
0.0019420858,0
8.852574e-05,0
0.0018609785,0
0.00014312161,0
0.00023073706,0
0.0001904991,0
8.703246e-05,0
0.00040211668,0
7.801095e-05,0
0.0002992633,0
0.00036511416,0
0.00037041653,0
0.00012439168,0
0.00047116907,0
0.00032126976,0
0.0002784682,0
0.00014862925,0
0.00021852486,0
0.00048727507,0
0.00029037715,0
0.00052048906,0
0.00043878387,0
0.0006197093,0
0.0003845742,0
0.00046738022,0
0.0005147351,0
0.00026474157,0
0.00046470022,0
0.00044856602,0
0.00042098673,0
0.00021876964,0
0.00043811928,0
0.0006137684,0
0.00041111629,0
0.00045893627,0
0.00024813146,0
0.00010478282,0
0.0001557917,0
0.0019221355,0
0.000967939,0
0.00039356414,0
0.0013620664,0
0.00073749,0
0.00023512126,0
0.0002484643,0
0.00031194979,0
0.00038361558,0
0.0027468535,0
0.0032521638,0
0.0007056663,0
0.00025531277,0
0.00027968612,0
0.00010721843,0
0.00032374635,0
8.67518e-05,0
0.00047194652,0
0.00019169049,0
0.0017066516,0
0.0004575489,0
0.000128242,0
0.0009780411,0
0.0006361764,0
0.00015441238,0
0.0007951965,0
0.0010384413,0
0.00024368505,0
0.00018769703,0
0.00017698095,0
0.00042226413,0
0.00021159997,0
0.00019581028,0
0.0001669011,0
9.336184e-05,0
0.0001665354,0
9.263103e-05,0
0.000657936,0
0.00036354156,0
0.00011980358,0
0.00062364317,0
0.00022185377,0
0.00014988243,0
0.0003177139,0
0.00012297546,0
8.717034e-05,0
0.00044671568,0
0.0004677336,0
0.0002166902,0
0.00020475178,0
0.00027601447,0
0.0007434697,0
9.9938e-05,0
0.00045875474,0
0.00015577603,0
0.00020699264,0
0.00059090037,0
0.00090761925,0
0.0002996733,0
0.00029518356,0
0.00020180884,0
0.0002621125,0
0.0006029854,0
0.00027239256,0
0.00022260043,0
0.00014077312,0
0.00017464941,0
0.005087553,0
0.00056044204,0
0.0002722863,0
0.00011470681,0
0.00040524433,0
0.00023944063,0
0.0013734658,0
0.00032445765,0
0.00011254571,0
0.00016675974,0
0.00041027743,0
0.00028130817,0
0.00020225049,0
0.00053622836,0
0.0007650546,0
0.00044828616,0
0.00026237196,0
9.6131385e-05,0
0.00019920405,0
0.00014102901,0
0.000922556,0
0.0003518445,0
0.00033287625,0
0.00062443275,0
0.0002597744,0
0.0004563483,0
0.00018396141,0
0.00011170762,0
0.00043022557,0
0.00014140779,0
0.0010232971,0
0.0013360236,0
0.00016413956,0
0.000729471,0
0.00027146804,0
0.00023583855,0
0.00021668735,0
0.000502315,0
0.0027770712,0
0.00021960383,0
0.00022915761,0
0.005224677,0
0.00033056422,0
0.0005344408,0
0.00046354145,0
0.00071270426,0
0.000627137,0
0.0032268828,0
0.0011419018,0
0.00082085415,0
0.0008243851,0
0.000104913786,0
0.00064678467,0
0.0005134794,0
6.958263e-05,0
0.0010650273,0
0.00048175806,0
0.0003686688,0
0.0002316751,0
0.000499336,0
0.00039920106,0
0.0012777741,0
0.00029735448,0
0.00016499696,0
7.89905e-05,0
0.000299645,0
0.0003621789,0
0.00017876753,0
0.00032211005,0
0.00016498254,0
0.00033193,0
0.00039790192,0
0.00034813577,0
0.0007161554,0
0.00018219123,0
0.0002776528,0
0.0010611115,0
0.00016244296,0
0.000116181945,0
0.0020105587,0
0.00036978573,0
0.00020845962,0
0.00024060978,0
0.0004166754,0
0.00030689244,0
0.0002529087,0
0.0012348655,0
0.00017495333,0
0.002442066,0
0.0003643731,0
0.0013631452,0
0.0006099606,0
0.00014506117,0
0.0001500518,0
0.0005709726,0
0.00017190952,0
0.00041067423,0
0.000100702826,0
0.00020813443,0
0.00020175547,0
0.00020766103,0
0.0007069994,0
0.0005995489,0
0.0008505892,0
0.00012916166,0
0.00041616755,0
0.00030653627,0
6.637013e-05,0
0.00024719455,0
0.00021371889,0
0.00015081954,0
0.00017555128,0
0.00029395887,0
0.00026271187,0
0.00014986061,0
0.00044269586,0
0.005014045,0
0.00023643734,0
0.00048186837,0
0.0015985555,0
0.00036153683,0
0.00015488845,0
0.0004162851,0
0.00022847956,0
0.00013474844,0
0.00051317725,0
0.00012886045,0
0.00013773817,0
0.0002500417,0
0.00025880628,0
0.00038989141,0
0.00031260477,0
0.00040652047,0
0.0009837616,0
0.00013720998,0
0.0002740152,0
0.0008796651,0
0.001122392,0
0.00040587367,0
0.0005906399,0
0.00016124826,0
0.00039133945,0
0.00016519433,0
0.00036222485,0
0.00024390765,0
0.00020203306,0
0.0006120193,0
0.00016847797,0
0.00055541546,0
0.00040909502,0
0.00024221562,0
0.0003691195,0
0.00030459854,0
0.00020095901,0
0.00021445639,0
0.00023186194,0
0.00016930055,0
0.00068914826,0
0.0004936226,0
8.108324e-05,0
0.00048581243,0
0.00023564756,0
0.00100185,0
0.00080543966,0
0.0006450999,0
7.9348465e-05,0
0.0004181868,0
0.00022173193,0
0.00038167275,0
0.00032552623,0
0.00022821057,0
0.0002944115,0
0.00022732806,0
0.00012715659,0
0.0006604468,0
0.000705432,0
0.0003826234,0
0.00015038467,0
0.0002541223,0
0.00028594947,0
0.00075023004,0
0.0003099652,0
0.00044510284,0
0.0001717753,0
0.00037951863,0
0.0005814876,0
0.00018055562,0
0.001129985,0
0.00012744212,0
9.9893114e-05,0
0.00013823726,0
0.00018600037,0
0.00015149127,0
0.00047648646,0
0.00039642813,0
0.0006304135,0
0.0005533876,0
0.00012021533,0
0.00034979061,0
0.0005180524,0
0.00045909666,0
0.0001478827,0
0.00028061337,0
0.00049970235,0
0.0002743771,0
0.00095599954,0
0.0007709285,0
0.00032797392,0
0.00033125223,0
0.00028270803,0
0.00060122093,0
0.0005557945,0
0.00019477816,0
0.00032090166,0
0.00028965122,0
0.0006981959,0
0.000540924,0
0.0002035808,0
0.00082030136,0
0.0002290609,0
0.00039302543,0
0.00036750498,0
0.000206967,0
0.00023837123,0
0.00015161696,0
9.1302696e-05,0
0.00049845775,0
0.0001930595,0
0.0004041054,0
0.00037047494,0
0.004344614,0
0.0002352654,0
0.0003038726,0
0.00013111628,0
0.00061312586,0
0.0003375432,0
0.00022047391,0
0.000691149,0
0.00011660801,0
0.0008281622,0
0.0003202783,0
0.00079339475,0
0.00042470428,0
7.771203e-05,0
0.0010299038,0
0.0010303269,0
0.00029206148,0
0.00024217443,0
0.00015262756,0
0.00095126464,0
0.000524346,0
0.0005292081,0
0.0004061112,0
0.0008917777,0
0.0010645902,0
0.000177299,0
0.00022933821,0
0.0002289185,0
0.00048803317,0
0.00023882762,0
0.00034166113,0
0.0004041484,0
0.00023942738,0
0.000100479854,0
0.00016394787,0
0.00043849775,0
0.00027058594,0
0.00029508237,0
0.0004905246,0
0.00074620184,0
0.00019532772,0
0.00031745096,0
0.00019636248,0
0.00042360483,0
0.00038863235,0
0.0003746609,0
0.00014714299,0
0.0028316341,0
0.00046833837,0
0.00045170452,0
0.000557497,0
0.00048304303,0
0.0005513165,0
0.00014393343,0
0.00068706064,0
0.00056033937,0
0.00030213792,0
0.00016718356,0
0.0005856218,0
0.00048513216,0
0.00032052552,0
0.00017007295,0
0.00018110988,0
0.0003122849,0
0.0002918147,0
0.0001203458,0
0.00018374258,0
0.00073047937,0
0.00020543637,0
0.0010392052,0
0.00019891135,0
0.0006407253,0
0.00035303624,0
0.00016285294,0
0.0007868793,0
0.0016027666,0
0.00041191356,0
0.00015000273,0
8.4760446e-05,0
0.00025911492,0
8.0768266e-05,0
0.00030532444,0
0.00040836108,0
0.00021962292,0
0.00047308338,0
0.00019860698,0
0.00016963405,0
0.0002726802,0
0.0001832553,0
0.00031558325,0
9.924834e-05,0
0.00028634202,0
0.00047674347,0
0.0001415509,0
0.00029009202,0
0.0019984015,0
0.0004656241,0
0.00041413482,0
0.0008660486,0
0.00017140468,0
0.0006464428,0
0.0018883827,0
0.0005516141,0
0.000975235,0
0.0009918354,0
0.00068221457,0
0.00026409078,0
0.0020260334,0
0.00034471267,0
0.00043286593,0
0.0002909186,0
0.0003186546,0
0.00086200784,0
0.0004882016,0
0.0010390392,0
0.000109437955,0
0.00019872267,0
0.0009647983,0
0.00015943102,0
0.0002581986,0
0.00014783103,0
0.00040490058,0
0.00016479273,0
0.0005483806,0
0.00044530284,0
0.00051254575,0
0.0007672467,0
0.00078508444,0
0.00011938403,0
0.000104777326,0
5.3111828e-05,0
0.00046828564,0
0.0006262874,0
0.00030694646,0
0.00014039512,0
0.00022666008,0
0.0001775261,0
0.0050127925,0
0.00033863104,0
0.0010377291,0
0.00051446276,0
0.00016309148,0
0.0001879494,0
0.000416862,0
0.0015874016,0
0.00049291557,0
0.0006375858,0
0.00039510516,0
0.0004179182,0
0.002050231,0
0.000742041,0
0.00014596085,0
0.00032992085,0
0.0002665396,0
0.0005647968,0
0.00019060163,0
0.0053487895,0
0.00023568436,0
0.00066027767,0
0.0008935632,0
0.0027614264,0
9.3804905e-05,0
0.00012448829,0
0.00047601396,0
0.00047292717,0
0.0013261016,0
0.0005293874,0
0.0006749453,0
0.0018209427,0
0.0007334386,0
0.00020735073,0
0.00028926058,0
0.0031485967,0
0.00045362077,0
0.0006096482,0
0.0001422903,0
0.0004111034,0
0.00029610284,0
0.00014698472,0
0.0003756227,0
0.00011688352,0
0.00045331323,0
0.00035744294,0
0.00023303278,0
0.000750413,0
0.0001818299,0
0.00036005618,0
0.00038278947,0
0.0008651825,0
0.00016937558,0
0.00023377719,0
0.0005531268,0
0.00035917675,0
0.0005829006,0
0.00046674188,0
0.0003351066,0
0.000116015195,0
0.0009349653,0
0.0030407072,0
0.00038074082,0
0.00017535198,0
0.00073563465,0
0.00027379772,0
0.00018921937,0
0.0002622217,0
0.00041262474,0
0.00013944031,0
0.0006048387,0
0.00029249518,0
0.00018531035,0
0.00019377744,0
0.00040111403,0
0.00022337309,0
0.00052419235,0
0.0011347807,0
0.00043427062,0
7.9415404e-05,0
0.00013289093,0
0.00022038294,0
0.00069211563,0
0.00032165283,0
0.00017649113,0
0.0006432498,0
0.00033809702,0
0.0018682964,0
0.00013031333,0
7.915755e-05,0
0.00013868032,0
0.00013104727,0
0.0014505964,0
0.000607077,0
0.0011099684,0
0.00024634827,0
0.00023535216,0
0.00052083377,0
0.00015243825,0
0.0006112666,0
0.0010757686,0
0.0011576959,0
0.00013282939,0
0.00022958209,0
0.0003188113,0
0.0001879055,0
0.00025052016,0
0.00029393873,0
0.00062382105,0
0.0004456541,0
0.0007593411,0
0.00022145087,0
0.00023388353,0
0.00047214565,0
0.00053225504,0
0.00037606314,0
8.3750325e-05,0
0.00015241418,0
0.00011979273,0
0.00062499143,0
0.00044620235,0
8.499498e-05,0
0.00037684152,0
0.00040366754,0
0.00013206252,0
0.00061481824,0
0.0002393998,0
0.00035064926,0
0.00080350135,0
0.00091814937,0
0.00024915737,0
0.00041044122,0
0.00026585688,0
0.00053646084,0
0.0006252626,0
0.00017228755,0
0.003515168,0
0.00020023604,0
0.00058655936,0
0.0004085009,0
0.0003617984,0
0.0008340139,0
0.00063891045,0
0.00019203978,0
0.00031856156,0
0.00010131842,0
0.00010552255,0
0.0019654357,0
0.0012722729,0
0.0012102624,0
0.00025477388,0
0.00013307833,0
0.00075241574,0
0.00039343516,0
0.0013169714,0
0.0006460862,0
0.00027189564,0
0.0006241546,0
0.0006333399,0
0.0004140227,0
0.0003798768,0
0.0017538586,0
0.00016505818,0
0.00032508333,0
0.0002351591,0
0.0002838643,0
0.00038528364,0
0.002578914,0
0.00031739142,0
0.0005938857,0
0.00045798376,0
0.00020235575,0
0.00024202431,0
0.00050428795,0
0.0003892284,0
0.00019636286,0
0.00013218676,0
0.00024196666,0
0.0009262704,0
0.00016060118,0
9.969907e-05,0
0.0007124715,0
0.00028723013,0
0.00024991593,0
0.0015165518,0
0.00021758137,0
0.000872341,0
0.00021673855,0
0.0009907424,0
0.0007086629,0
0.0009885324,0
0.0005163175,0
0.00032777264,0
0.00075798284,0
0.001333525,0
0.0036774979,0
0.00024998677,0
0.0005815522,0
0.00010276444,0
0.000243578,0
0.001010527,0
0.00026975217,0
0.00039821304,0
0.00065923797,0
0.00057073974,0
0.00018916307,0
0.00028210535,0
0.0006740266,0
0.001575193,0
0.00048997847,0
0.00026575243,0
0.0003151093,0
0.00042651518,0
0.0005669797,0
0.00029687132,0
0.00015408355,0
7.095249e-05,0
0.0004965606,0
0.00052228867,0
0.0002136014,0
0.00026056057,0
0.00075462996,0
0.00028845193,0
0.00023316283,0
0.0010840276,0
0.00025612803,0
0.00033551714,0
0.00015014107,0
0.001779443,0
0.00043934,0
0.00046280393,0
0.0009952958,0
5.043081e-05,0
0.00013846609,0
0.0015182579,0
0.00014077312,0
0.00042913033,0
0.0030654743,0
0.000383531,0
0.00043402516,0
0.0006495062,0
0.00023122103,0
0.0004674989,0
0.0004444163,0
0.00015731085,0
0.000118718664,0
0.00057498185,0
0.00052707136,0
7.42813e-05,0
0.00021386443,0
9.754271e-05,0
0.00073606236,0
0.00027304154,0
0.00015609061,0
0.00020803873,0
0.000138759,0
0.0007297839,0
0.00039360617,0
0.0004622929,0
0.0005983404,0
0.0013302707,0
0.0005582156,0
0.0066655925,0
0.00066085416,0
0.00019101941,0
0.00023728846,0
0.0017575764,0
0.00022522362,0
0.00053476077,0
0.0006161513,0
0.00054571364,0
0.00034939626,0
0.00013521416,0
0.0006160565,0
0.00024923615,0
0.00031868706,0
0.0022711493,0
0.0011578754,0
0.00021310814,0
0.0023782204,0
0.00028616597,0
0.0004630774,0
0.0001768678,0
0.00062161346,0
0.00048001087,0
0.02880111,0
0.00012327294,0
0.00020431368,0
0.00021065082,0
0.000607923,0
0.00015662907,0
0.0009817253,0
0.000573145,0
0.00028568672,0
0.00013105937,0
0.0014751173,0
0.00012127188,0
0.00021771665,0
0.00023286598,0
0.00038679197,0
0.00017907817,0
0.00022662403,0
0.0001740798,0
0.00068273954,0
0.00015067209,0
0.00020923687,0
0.00021654493,0
0.00015627283,0
0.00035191566,0
0.0014843331,0
0.00028271566,0
0.0005377272,0
0.000796653,0
0.0005916152,0
0.00030786154,0
0.00079568435,0
0.00039363306,0
0.0003458605,0
0.0010442936,0
0.00065349316,0
0.0024166596,0
0.0004225311,0
0.00038402798,0
0.00029790515,0
0.00015528346,0
0.0002719707,0
0.00082859927,0
0.00029819307,0
0.00022583934,0
0.00048939604,0
0.00040337513,0
0.00028573885,0
0.001098215,0
0.0018817836,0
0.00021920748,0
0.0016713395,0
0.0004098177,0
0.00015616491,0
0.00062623154,0
0.0014665712,0
0.0003327085,0
0.0003144449,0
0.00023747861,0
0.00023415039,0
0.00030196266,0
0.0027777965,0
0.00016713983,0
0.00025917555,0
0.00058814953,0
0.00026250808,0
0.00046455034,0
0.00040426743,0
0.0038070788,0
0.0005698338,0
0.00016344141,0
0.00036632354,0
0.0004048696,0
0.00025200238,0
0.0010271305,0
0.0018566638,0
0.0005560613,0
0.0016538871,0
0.00019861945,0
0.00041944723,0
0.00010641611,0
0.00016899563,0
0.00013120036,0
0.00024251862,0
0.00022277398,0
0.00044880202,0
0.00015664884,0
0.0001768678,0
0.0006507463,0
0.00012542197,0
0.00026233442,0
0.00018387949,0
0.00033527607,0
0.00015226773,0
0.0004108638,0
0.00057174737,0
0.0002900737,0
0.00037079185,0
0.00023087146,0
0.0001470619,0
0.00024650482,0
0.00036876387,0
0.0015839252,0
7.58861e-05,0
0.00022368673,0
0.00029723343,0
0.00057243963,0
0.0005758971,0
0.00023602514,0
0.0009343825,0
0.001467745,0
0.00017727209,0
0.0002076253,0
0.0008430777,0
0.00040007496,0
0.0005365701,0
0.00032995729,0
0.00025969255,0
0.0007986025,0
0.00045669609,0
0.0008505716,0
0.00041500913,0
0.00022558821,0
0.00029632868,0
0.00048558557,0
0.0019631023,0
0.00058768434,0
0.00058558845,0
0.00060089363,0
0.001140414,0
0.00133602,0
0.00073170266,0
0.00013397186,0
0.00050336967,0
0.00054830674,0
0.0019978143,0
0.00024876275,0
0.00042796123,0
0.00044179443,0
0.00014386604,0
0.0003726917,0
0.00014238615,0
0.00021371899,0
0.00019745484,0
0.00040475145,0
0.0006293935,0
0.00068558374,0
0.00011081431,0
0.00032560248,0
0.0026165878,0
0.0002976072,0
0.00031345547,0
0.00073364226,0
0.0007107993,0
0.007532732,0
0.0007770097,0
0.00020411176,0
0.0009614373,0
0.00013198874,0
0.00021453308,0
0.00044984557,0
0.0015790802,0
0.00024745957,0
0.0001771097,0
0.0022050054,0
0.00031064253,0
0.00072625617,0
0.00011537445,0
0.00055488845,0
0.00063671876,0
0.00024919247,0
0.0003082444,0
0.00016222402,0
0.000515522,0
0.00026892382,0
0.00063890696,0
0.00041647244,0
0.00096000417,0
0.00030370013,0
0.00022633525,0
0.00077895884,0
0.000695121,0
0.00048708,0
0.00013151202,0
0.00089560193,0
0.00023352116,0
0.00042953066,0
0.00027342222,0
0.0003116721,0
0.00017946446,0
0.00024673174,0
0.0051126676,0
0.0012012246,0
0.00042976666,0
0.00022977026,0
0.00044491532,0
0.00060552807,0
0.0014013504,0
0.00079158583,0
0.0007517843,0
0.00024699094,0
0.00016945381,0
0.0003590855,0
0.00075009523,0
0.00021787325,0
0.00024865477,0
0.00030986307,0
0.00025497517,0
0.00037831193,0
0.00029228654,0
0.0022322044,0
8.411151e-05,0
0.00014234011,0
0.00082170183,0
0.0009242089,0
0.00028098378,0
0.00019713092,0
0.0004650415,0
0.00046289543,0
0.00064784737,0
0.00021984111,0
0.000106069085,0
0.00045359545,0
0.0002655624,0
0.00040711192,0
0.00017509384,0
0.00025495788,0
0.0002412446,0
0.0006508726,0
0.0005563743,0
0.00081247854,0
0.00053382735,0
0.00018351733,0
0.0003139627,0
0.0004953658,0
0.00043789003,0
0.0014216438,0
0.00018460164,0
8.1728555e-05,0
0.00049380685,0
0.00018090675,0
0.00030725598,0
0.00010630816,0
0.00053372624,0
0.00031153194,0
0.00012644337,0
0.00039373987,0
0.0019908699,0
0.00010619422,0
0.00014010366,0
0.0004236826,0
0.00028793814,0
0.0004640297,0
0.00013261713,0
0.00013762912,0
0.00038141527,0
0.00022313718,0
6.624688e-05,0
0.00015321746,0
0.00071544154,0
0.00018134093,0
0.0019326976,0
0.0007915274,0
0.0005418587,0
0.00044072806,0
0.00051659625,0
0.00010954826,0
0.00090019964,0
0.00020007059,0
0.0001320208,0
0.0013430543,0
0.0008004271,0
0.00026233093,0
0.00037438326,0
0.0012190917,0
0.0015999763,0
0.00016519289,0
0.00030216557,0
0.0005715076,0
0.0002401796,0
0.00037896112,0
0.0004757924,0
0.00032426865,0
0.00029702063,0
0.0023696811,0
0.00056945736,0
0.0001139237,0
0.0002866569,0
0.00013777812,0
0.00016050527,0
0.0005479016,0
9.073566e-05,0
0.00021685657,0
0.00061979203,0
0.001257151,0
0.0038823287,0
0.0001855949,0
0.00012411349,0
0.00025904077,0
0.0003789054,0
0.00034379362,0
0.0003836413,0
0.00035373349,0
0.00069685065,0
0.00015297259,0
0.00039281783,0
0.00017625144,0
0.00019582632,0
0.00010583907,0
0.00019367163,0
0.00045168,0
0.0011339429,0
0.00059111044,0
0.00057033007,0
9.389524e-05,0
0.00015775775,0
0.001685087,0
0.000332981,0
0.00029377916,0
0.00041928477,0
9.291252e-05,0
0.00060042366,0
7.234553e-05,0
0.00018969446,0
0.00030595867,0
0.00029343713,0
0.00023310723,0
0.00024666503,0
0.00031446703,0
0.00046727265,0
0.0001215966,0
0.00021057564,0
0.00033725056,0
0.00032938053,0
0.00030350292,0
0.00028969772,0
0.0001479153,0
0.000825207,0
0.00018169936,0
0.0001828324,0
0.003114303,0
0.00027913693,0
0.00056851405,0
0.00013749764,0
0.0002165596,0
0.00061888597,0
0.00016208929,0
0.0006785855,0
0.00032584183,0
0.00036403752,0
0.0005598633,0
0.00012098797,0
0.0002467108,0
0.00043592363,0
0.00045392214,0
0.0004763135,0
0.0005179707,0
0.0008644159,0
0.00012261882,0
0.0009935468,0
0.0003574932,0
0.00043967954,0
0.00022995134,0
0.00027990752,0
0.00025330146,0
0.00035942972,0
0.0005421052,0
0.0004570796,0
0.0019274068,0
0.00046176263,0
0.00041848258,0
0.0006294785,0
0.0004366081,0
0.00081794075,0
0.0005466257,0
0.00027791335,0
0.0003432357,0
0.00031072582,0
0.00017159474,0
0.00021945039,0
0.00056950835,0
0.00028499708,0
0.0003735947,0
0.00018443367,0
0.00067238975,0
0.00042860632,0
0.0002854689,0
0.00025521166,0
0.0023696811,0
0.00049986754,0
0.000802486,0
0.00020921415,0
0.00063862314,0
0.00044341278,0
0.00040325025,0
0.00018058083,0
0.0002651003,0
0.0020510016,0
0.00051902985,0
0.00045141214,0
0.00014483427,0
0.00035484182,0
0.0001362633,0
0.0019206483,0
0.00065683585,0
0.027128106,0
0.0008654822,0
0.00024941738,0
0.00046858462,0
0.00069630065,0
0.00019449338,0
0.00020124424,0
0.00092527224,0
0.0003174637,0
0.00014970185,0
0.00074329117,0
0.00033015365,0
0.00016756829,0
0.00012514436,0
0.00042475841,0
0.00050829904,0
0.00072639884,0
8.411489e-05,0
0.00036777163,0
0.000695236,0
0.0002966945,0
0.000389455,0
0.00062736723,0
0.00020498194,0
0.00064608385,0
0.00016494037,0
0.00021924886,0
0.00034375986,0
0.00030830572,0
0.0004802826,0
0.00038684325,0
0.00018339927,0
0.0008702316,0
0.0012904541,0
0.00049475674,0
0.00023366736,0
0.00010450388,0
0.0011442613,0
0.00015600759,0
6.379146e-05,0
0.0001075302,0
0.0005998507,0
0.0010114841,0
0.0002455861,0
0.00048009036,0
0.00020789124,0
0.00017562068,0
0.0004209401,0
0.00014393964,0
0.0001838915,0
8.551511e-05,0
0.00021675881,0
0.0003153835,0
0.00029001522,0
0.00031841136,0
0.00014457476,0
0.00023512926,0
0.00012514436,0
0.00014617475,0
0.00035889246,0
0.00064142945,0
0.00021002341,0
0.0022709428,0
0.0001344037,0
0.0025168844,0
0.001429499,0
0.00060707174,0
0.00085690344,0
0.00012809996,0
0.0010432248,0
0.00033868197,0
0.00019569138,0
0.0003669071,0
0.00026222816,0
0.0006836109,0
0.00017852307,0
0.00010298272,0
0.00037304286,0
0.0005791788,0
0.00032347173,0
0.00015655938,0
0.0006764771,0
0.00035834397,0
0.00025560844,0
0.0002802194,0
0.00015765651,0
0.00014086468,0
0.0002633417,0
0.0012194704,0
0.00034638957,0
0.00040761885,0
0.00029274976,0
0.00063479267,0
0.000834502,0
0.0011722127,0
0.00033870985,0
0.0005458275,0
0.00031279668,0
0.00082738494,0
0.00039350853,0
0.00040948653,0
0.0006014915,0
0.00018887955,0
0.00010577209,0
0.0002964487,0
0.0009284494,0
0.00035507165,0
0.0007994308,0
0.00055364496,0
0.00020848936,0
0.0001084765,0
0.00041658082,0
0.000554445,0
0.00041250602,0
6.1070525e-05,0
0.0002688946,0
0.00022194706,0
0.00022716184,0
0.00012933495,0
0.00012297546,0
0.00041870325,0
0.00022492658,0
0.00041503113,0
0.00041923657,0
0.00014399287,0
0.0002985614,0
0.0003376581,0
0.0005497737,0
0.0004578373,0
0.00010074266,0
0.00017584336,0
0.00032940932,0
0.00040928763,0
0.0008452764,0
0.0003089257,0
0.0008121651,0
0.00023232734,0
0.00020995199,0
0.00018310401,0
0.000758983,0
0.00012388261,0
0.00048022647,0
0.00082486274,0
0.00022181355,0
0.0006816152,0
0.00030449257,0
0.00026317738,0
0.00015919023,0
0.00018434622,0
0.0007200831,0
0.0005277032,0
0.00024636442,0
0.00018945846,0
0.00025132718,0
0.0001127554,0
0.00081194576,0
0.00020322757,0
0.00027967774,0
0.00035239512,0
0.00016630138,0
0.00022500714,0
0.0022838928,0
0.00039047483,0
0.0003505433,0
0.00026600747,0
0.00025734937,0
0.00026242193,0
0.00022073672,0
0.00047200004,0
0.00020372712,0
0.000115327355,0
0.00017670746,0
0.00067332276,0
0.00071170664,0
0.0008151684,0
0.00045010267,0
0.00072350906,0
0.00023531755,0
0.00011298476,0
0.00023437207,0
0.00021651908,0
0.00015537262,0
0.001052782,0
0.00036105854,0
0.0002706114,0
0.00022664678,0
0.0017839092,0
0.0006208842,0
0.00022555026,0
8.968121e-05,0
0.00014382612,0
0.0002923036,0
0.00028865016,0
0.00013211009,0
0.00028123785,0
0.00030213103,0
0.000578276,0
0.045204133,0
0.00036170508,0
0.0003487584,0
0.00023117679,0
0.00020155073,0
0.0007300161,0
0.00013396419,0
0.00092352997,0
0.00026609545,0
0.0023696811,0
0.000275843,0
0.0018900762,0
0.00020794959,0
0.00021712971,0
0.00041464888,0
0.00048740834,0
0.000106514985,0
8.907965e-05,0
0.00025149202,0
0.00018620203,0
0.0017425624,0
0.0004089892,0
0.00019927128,0
0.00031813615,0
0.0003594483,0
0.00025505706,0
0.00022900448,0
0.0007951965,0
0.00026217493,0
0.00037408518,0
8.51255e-05,0
0.00030135212,0
0.0012002706,0
0.0002105182,0
0.0005198694,0
0.00088968145,0
0.00030869784,0
0.00037466668,0
0.00031057373,0
0.00012719243,0
0.00021386071,0
0.00093286985,0
0.00018120304,0
0.00020672457,0
0.00036032882,0
0.00039797436,0
0.0013733521,0
0.00014186231,0
0.00018776942,0
0.0026514165,0
0.00043026413,0
0.00019528081,0
0.0001165376,0
0.00011315544,0
0.00017904732,0
0.0006757527,0
0.000435839,0
0.0019775808,0
0.0006166849,0
0.00042589795,0
0.00028747518,0
0.0005660418,0
0.0019273077,0
0.005620222,0
8.315359e-05,0
0.0005946122,0
0.00025882554,0
0.0004427016,0
0.00013928679,0
0.00033059638,0
0.00047927175,0
0.0003141117,0
0.00036627887,0
0.0007395462,0
0.00020277743,0
0.00096265285,0
0.00035731573,0
0.000562447,0
0.00033025007,0
0.0005661176,0
0.00021248797,0
0.0009559009,0
0.0004001393,0
0.00025497636,0
0.0007280727,0
0.0006510123,0
0.00028887665,0
0.00016688132,0
0.0016754234,0
9.6780605e-05,0
0.0001255411,0
0.00012214585,0
8.825617e-05,0
0.00012876527,0
0.00015734918,0
0.0011043353,0
0.0007363894,0
0.003474913,0
0.0005869312,0
0.0001508184,0
0.0014990256,0
0.00051351835,0
0.00038949115,0
0.0005750713,0
0.00034040655,0
0.00050780043,0
0.0006412282,0
0.00069568516,0
0.00013043106,0
0.00090093963,0
0.00019035656,0
0.0019184746,0
0.00027303558,0
0.00021623645,0
0.0002945371,0
0.0006053081,0
0.0005922235,0
0.00017107102,0
0.00043654357,0
0.0002268631,0
0.0002135743,0
0.0010215826,0
9.015287e-05,0
0.0005986915,0
0.00010075745,0
0.003877592,0
0.00010313843,0
0.0006259586,0
0.00037786277,0
0.00036382943,0
0.00048326043,0
0.0009925903,0
0.00019135687,0
0.00032606916,0
0.00018766639,0
0.00016498254,0
0.00081695215,0
8.374618e-05,0
0.00015388177,0
0.0004685094,0
0.00011660564,0
0.0006157756,0
0.00013127753,0
0.00023858924,0
0.0006366701,0
0.00028721197,0
0.001648106,0
0.0004615205,0
0.00016683975,0
0.0006384047,0
0.00046033866,0
0.00094173715,0
0.0021802231,0
0.00031184504,0
7.681581e-05,0
0.00012911459,0
0.00019979583,0
0.0005002536,0
0.0006596356,0
0.0005361225,0
0.00070555916,0
0.00031458063,0
0.00010140819,0
0.0009708778,0
0.0003984023,0
0.00013407308,0
0.00048140096,0
7.405483e-05,0
0.00023106442,0
0.001003682,0
0.00016141268,0
0.00020378827,0
0.00052554405,0
0.00028483642,0
0.00017213899,0
0.0011997367,0
0.0005103428,0
0.00012763221,0
0.00012273107,0
0.003006547,0
0.0002461714,0
0.0013914594,0
9.566246e-05,0
0.0002242793,0
0.00040493798,0
0.0002544836,0
0.0006794838,0
0.0003459238,0
0.00014289659,0
0.0004895268,0
0.0006209305,0
0.00070950977,0
0.00020170571,0
0.0013377998,0
0.00023057492,0
0.0019772516,0
0.00039665506,0
0.00034114352,0
0.00026760154,0
0.000168437,0
0.0005769349,0
0.0002636031,0
0.00081309024,0
0.0004883533,0
0.00070906314,0
0.00024113145,0
0.0011928823,0
0.00064955844,0
0.000132489,0
0.0003710185,0
0.00011084817,0
0.0014755343,0
0.00029095347,0
0.00051019684,0
0.0017560535,0
0.0004132111,0
0.00028502077,0
0.00012211641,0
0.00032303334,0
0.00017948913,0
0.00036785906,0
0.00014234011,0
0.00040537454,0
0.00083635526,0
0.0018986524,0
0.00033637363,0
0.00014282273,0
0.00021681558,0
0.0016452149,0
0.00013553302,0
0.000113465256,0
0.0005129348,0
0.00059302105,0
0.00027799842,0
0.00028100546,0
0.0006054108,0
0.0011546585,0
0.000409841,0
0.00027638517,0
0.00033749876,0
0.0003855558,0
0.0003795795,0
0.00047876217,0
0.00025159583,0
0.0027337333,0
0.00027074324,0
0.0008693002,0
0.00053960993,0
0.00023089985,0
9.318007e-05,0
0.0003959242,0
0.00014549546,0
0.00047770987,0
0.0001838936,0
0.0003562169,0
0.0002214792,0
0.00023676085,0
0.0002923143,0
0.0007300259,0
0.00031180365,0
0.00017836574,0
0.000233372,0
0.00014634445,0
0.0010076443,0
0.00041695294,0
0.0002598967,0
0.0007206662,0
0.0002385703,0
0.00029817113,0
0.00035220833,0
0.0030373419,0
0.00028951606,0
0.00018473645,0
0.0006983948,0
0.00018888031,0
0.00016468702,0
0.0002886107,0
0.0007841634,0
0.0012238632,0
0.00025137584,0
0.0003514119,0
0.0016270174,0
0.0001953707,0
0.00032877084,0
0.00082087965,0
0.00034017238,0
0.00077250984,0
0.00025657436,0
0.00029348946,0
8.318229e-05,0
0.0003840039,0
0.00063777395,0
0.00023640464,0
0.0051802685,0
0.00025821573,0
8.886745e-05,0
0.00078508444,0
0.0012915677,0
0.0033681402,0
0.00031867594,0
0.00014404423,0
0.00017977637,0
0.00039334642,0
0.00038613586,0
0.00016225252,0
0.0004838594,0
0.00048178763,0
0.028265985,0
0.00074139156,0
0.0007255855,0
0.0005786613,0
0.00031762477,0
0.00020012306,0
0.00039958773,0
0.0011387765,0
0.0012259558,0
0.00071683154,0
0.0004629032,0
0.0010339341,0
0.00013645942,0
0.00023148564,0
0.0005853223,0
0.0002858836,0
0.00064876914,0
8.307355e-05,0
0.00030348165,0
0.0017114364,0
0.0003552871,0
0.00029285465,0
0.00023655228,0
0.0007645016,0
0.00053198624,0
0.00027210545,0
0.00022513838,0
0.00039617697,0
0.0001377121,0
0.0009979494,0
0.00022495487,0
0.0001768678,0
0.00048492535,0
0.0002511881,0
0.00064717315,0
0.00037641314,0
0.00017082634,0
0.0007540544,0
0.00016874587,0
0.0006697915,0
0.00031423612,0
0.00047913028,0
0.00014398414,0
0.00037093728,0
0.00031027448,0
0.00024259878,0
0.0005263218,0
0.0005959845,0
0.00023599109,0
0.00044491532,0
0.0016112872,0
0.0003175937,0
0.00039478444,0
0.0004850505,0
0.0009972693,0
0.0006355253,0
0.00014719233,0
0.00043092004,0
0.0004897699,0
0.00016042069,0
0.0059721903,0
0.00015932444,0
0.00036126736,0
0.00036144786,0
0.00015718587,0
0.00024431053,0
0.0012300109,0
0.00020486124,0
0.00018517196,0
0.00024559585,0
0.00045484508,0
0.00012877287,0
9.778323e-05,0
7.564134e-05,0
0.0006249481,0
0.00060220825,0
0.00029488286,0
0.00093043334,0
0.00014385971,0
0.002741362,0
0.00062712346,0
0.00045882104,0
0.00015815676,0
0.0004667048,0
0.0023696811,0
0.00014736239,0
0.00013732645,0
0.0007250572,0
0.0001755872,0
0.0006522899,0
0.0012733956,0
0.0005262645,0
0.0001362286,0
0.00016439731,0
0.00021324457,0
0.00036546867,0
0.0012565643,0
0.0053487914,0
0.00045970606,0
0.00023742404,0
0.00041945954,0
0.0003205042,0
0.0001449626,0
0.00012888567,0
0.00025361835,0
0.00042339484,0
0.00025022918,0
0.00027122628,0
0.001057785,0
0.00012973198,0
0.00018073169,0
0.00026569603,0
0.00011471399,0
0.00034645043,0
0.0003395838,0
0.0011825389,0
0.0007987416,0
0.0006436963,0
0.0012661924,0
0.0003610222,0
0.00036625486,0
0.0013500091,0
0.00030502028,0
0.00039698608,0
0.00051914336,0
0.0010104451,0
0.00017290248,0
0.00066618895,0
0.00028385088,0
0.00037370235,0
0.0005365205,0
8.8898174e-05,0
0.00020513973,0
0.00091269315,0
0.00027205484,0
0.00051795616,0
0.00020599503,0
0.0006105319,0
0.00034008294,0
0.00028434285,0
0.00095857267,0
0.00023379324,0
0.00037160862,0
0.00017968922,0
0.0004949311,0
0.00014343554,0
0.0005334315,0
0.00046250017,0
0.00026730873,0
0.0014738214,0
0.00016593949,0
0.002442066,0
0.00013278592,0
0.00033220602,0
0.0017514587,0
0.00018319995,0
0.0010959198,0
0.00011383694,0
0.004320489,0
0.0003322704,0
0.0008346673,0
9.417037e-05,0
0.001883174,0
0.00048304803,0
0.0005418336,0
0.00040614215,0
8.5898166e-05,0
0.0011387246,0
0.00017555032,0
0.0006226355,0
0.0004244261,0
0.00024316293,0
0.00018126392,0
9.2722505e-05,0
0.00057376246,0
0.00029342755,0
0.0002116729,0
0.0005492314,0
0.0001813219,0
0.00026358763,0
0.00037563653,0
0.00054924464,0
0.00028833735,0
0.00015388355,0
0.0001784047,0
0.0012776951,0
0.0005607433,0
0.0025122436,0
0.00035479644,0
0.00079158583,0
0.0001865796,0
0.00051337143,0
0.00022165835,0
0.0007868793,0
0.00023688591,0
0.00015911188,0
0.00012011869,0
0.00013579306,0
0.00045503335,0
0.000119207405,0
0.0002934247,0
0.000502338,0
0.00014209985,0
0.00035944537,0
0.00044800574,0
0.0009162573,0
0.00048992346,0
0.0032329143,0
0.00014846778,0
0.0004662683,0
0.00052626943,0
8.900347e-05,0
0.0009056594,0
0.0008234731,0
0.0019345167,0
0.00027706823,0
0.00047978954,0
0.00023783963,0
0.00029334184,0
0.0003353459,0
0.00029582065,0
0.00020650962,0
0.0006158132,0
0.00017646581,0
0.00044621745,0
0.00027169523,0
0.00018346103,0
0.0004717179,0
0.00018174546,0
0.00013935273,0
0.0003868444,0
0.0006252279,0
0.00017231127,0
0.0001548435,0
0.00069050264,0
0.000142878,0
0.00041167843,0
0.00016009284,0
0.00097158033,0
0.0005360322,0
0.00029035495,0
0.00051210466,0
0.0006414276,0
0.0003186058,0
0.00033914077,0
0.0014078063,0
0.0003287695,0
0.0007409383,0
0.00031473584,0
0.0002858279,0
0.0005217868,0
0.00020268984,0
0.0004565278,0
0.001345787,0
0.0014123293,0
0.00046315487,0
0.0012104672,0
0.00020149951,0
0.00022409184,0
0.001152755,0
0.0006221825,0
0.0015071736,0
0.00038250635,0
0.0013420007,0
0.00040668983,0
0.0005835416,0
0.00047720433,0
0.00105825,0
0.00017102435,0
0.00019305934,0
0.00013048803,0
0.0004716992,0
0.0062493356,0
0.0004870562,0
0.00020641054,0
0.00021013242,0
0.00035178039,0
0.0010221082,0
0.00026772672,0
0.0010757686,0
0.00030279552,0
0.0006340922,0
0.00018179484,0
0.0002674064,0
0.00024120112,0
0.0007951965,0
0.00022495502,0
0.0007727694,0
0.0009468766,0
0.0001318824,0
0.00019757255,0
0.00014786837,0
0.0005533206,0
0.00065603445,0
0.00043116594,0
7.5283024e-05,0
0.00017215627,0
0.00015268874,0
0.00018819804,0
0.00045333582,0
0.0007271491,0
0.00011175386,0
0.00048057488,0
0.00024379019,0
0.0007932729,0
0.00047107824,0
0.00027694256,0
0.00020554771,0
0.00024399876,0
0.00075774407,0
0.00013780668,0
0.00020068194,0
0.00083458563,0
0.00091352884,0
0.00045905044,0
0.0004127437,0
0.00021673001,0
0.0003844289,0
0.0007152462,0
0.0005784202,0
0.001102979,0
0.0005109344,0
9.3331306e-05,0
0.00060598407,0
0.00048422773,0
0.0004476581,0
0.00062758446,0
0.0003176683,0
0.00039108365,0
0.00015948134,0
0.0020748717,0
0.0018249509,0
0.0005101437,0
0.0011008652,0
9.4254756e-05,0
0.00039370052,0
0.00028201283,0
0.00012948648,0
0.00022454528,0
8.824856e-05,0
0.0023345246,0
0.0011314977,0
0.00042766408,0
0.0001001205,0
0.00072564353,0
0.00026597164,0
0.00056769804,0
0.00034607912,0
0.0011697687,0
0.00072377094,0
0.0017729666,0
0.0016257042,0
0.00015254058,0
0.00019905425,0
0.00020750823,0
0.0004953015,0
0.00015202026,0
8.379605e-05,0
0.0007093234,0
0.00087611686,0
0.00012540218,0
0.00028682922,0
0.0005833777,0
0.0009455103,0
0.0007305872,0
0.00051171443,0
0.0006763977,0
0.0006375462,0
0.00019248866,0
0.00026542842,0
0.000617106,0
0.00054023997,0
0.00011749057,0
0.0016496151,0
0.00010403871,0
0.00034590292,0
0.00042817427,0
0.00039951177,0
0.00030421402,0
0.00081704376,0
0.0002510258,0
0.00012922281,0
0.00039475976,0
0.00025494632,0
0.00044456642,0
0.00031052364,0
0.005348792,0
0.00057070673,0
0.00052622304,0
0.0010784572,0
0.00052056985,0
0.0007688227,0
0.0005051476,0
0.00036373216,0
0.00017085543,0
0.0018532168,0
0.00043419542,0
8.488131e-05,0
0.00034115216,0
0.00012915174,0
0.0013259896,0
0.00018185526,0
9.997404e-05,0
0.00034540278,0
0.00034331775,0
0.00033016654,0
0.00027669012,0
0.0001459832,0
0.0004093816,0
0.0005564807,0
8.780834e-05,0
0.00014719233,0
0.00035995047,0
0.0006707019,0
0.00034427881,0
0.00018098106,0
0.00036141425,0
0.0006429319,0
0.0002422565,0
0.000113609,0
0.00010430458,0
0.000798128,0
0.0006255088,0
0.0005379797,0
0.00039994638,0
0.0006528746,0
0.0010337882,0
0.021736579,0
0.00019169148,0
9.604504e-05,0
0.00014568037,0
0.0042211413,0
0.00012767567,0
0.00016309148,0
0.00013350465,0
0.00029342755,0
0.00065215805,0
0.00045261052,0
0.0005015729,0
0.001220406,0
0.00042406644,0
0.0004118887,0
0.00012866818,0
0.0007509974,0
0.0015010269,0
0.0003601721,0
0.0002365296,0
0.0006398412,0
0.00034005468,0
0.0012010734,0
0.00018937142,0
0.00011218605,0
0.0005358974,0
0.0004223066,0
0.00043663045,0
0.00013330307,0
7.494664e-05,0
0.000119824326,0
0.00045220347,0
0.0002628839,0
0.0001377878,0
0.00023733561,0
0.0005378364,0
0.00059264794,0
0.00010734943,0
0.0009708589,0
0.001411732,0
0.00021669162,0
0.0005809301,0
0.0009908488,0
0.00038018837,0
0.00011568817,0
0.0007160981,0
0.0006007878,0
0.00015850326,0
0.00040212483,0
0.00022675737,0
0.0004411258,0
0.00027275385,0
0.00095210696,0
0.00030661453,0
0.00040236115,0
0.0002933864,0
0.00034859357,0
0.0004823125,0
0.00056550046,0
0.0006892948,0
0.00016102027,0
0.00064511894,0
0.00043466594,0
0.00015255317,0
0.00024640432,0
0.00027402228,0
0.00052780175,0
0.00028823598,0
0.00017303905,0
0.0004007862,0
0.00035263665,0
0.00021937,0
0.00040149022,0
0.000605525,0
0.00028626362,0
0.000878152,0
0.0007100609,0
0.00016598006,0
0.0005532176,0
0.00027155053,0
0.00017675328,0
0.00012579228,0
0.00033425234,0
0.00042467006,0
0.0005330468,0
0.0011192914,0
0.00025532054,0
0.00042209632,0
0.000104463856,0
0.002268877,0
0.0018203064,0
0.00029947283,0
0.0006727782,0
0.00028541897,0
0.00015968717,0
0.00023152285,0
0.00090591924,0
0.00020810659,0
0.00027675624,0
0.00039722968,0
0.0007948684,0
0.0002179768,0
0.0007931715,0
6.750134e-05,0
0.00021131251,0
0.00017560559,0
0.0015257907,0
0.0002536171,0
0.00017485901,0
0.00037059814,0
0.0001333473,0
8.952648e-05,0
0.0005252189,0
0.00030361698,0
0.00013221266,0
0.00041610916,0
0.00026324752,0
0.00030331136,0
0.00090296695,0
0.00047944445,0
0.00023447978,0
0.00012277176,0
0.0004202969,0
0.0011662532,0
0.00037498606,0
0.00028189184,0
0.00044293122,0
0.00048050986,0
0.0011227475,0
0.00057135615,0
0.0013787943,0
0.0002181934,0
0.00019999608,0
0.0005201679,0
0.00037057998,0
0.0002739847,0
0.0004956538,0
0.00034411423,0
0.000275155,0
0.00029910335,0
0.00054105464,0
0.0005083063,0
0.000813318,0
0.00034359543,0
0.0004013755,0
0.00066985475,0
0.0005007392,0
0.00031780626,0
0.0005296337,0
0.00030036375,0
0.0005870325,0
0.000274712,0
0.00026188,0
0.000923063,0
0.00031236777,0
0.0020594995,0
0.0004482058,0
0.0011498973,0
0.00039005696,0
0.00019840611,0
0.00012358856,0
0.00015025535,0
0.00024143507,0
0.0004130566,0
0.00047007724,0
0.00015276359,0
0.0004984634,0
0.00019919418,0
0.00018666184,0
0.0010855763,0
0.0006938872,0
0.00025177436,0
0.00028570616,0
0.0018542083,0
0.0002593788,0
0.0007854855,0
0.00022663805,0
0.0003068383,0
0.00013621776,0
0.0011939325,0
0.00028839038,0
0.00029722578,0
0.00038696674,0
0.0002375291,0
0.0003371969,0
0.00023301692,0
0.00079158583,0
0.00030762376,0
0.0006130798,0
0.00034714025,0
0.00014599026,0
0.0001930886,0
0.0010881126,0
0.0013376721,0
0.00040569302,0
0.00063791627,0
0.0010760857,0
0.00049865403,0
0.0007294858,0
0.00021915039,0
0.00071985304,0
0.00011989241,0
0.00031698096,0
0.0002570348,0
0.00032565714,0
9.690606e-05,0
0.0006633087,0
0.00040676346,0
0.00042725506,0
0.00023637546,0
0.00035916836,0
0.00017533234,0
0.00072645064,0
0.0016735507,0
0.00022937472,0
0.00015861187,0
0.00017291468,0
0.00015727982,0
8.879459e-05,0
0.0006527718,0
0.0002920783,0
0.00015334135,0
0.000607741,0
0.00028024375,0
0.00031949766,0
0.0002550105,0
0.00028286362,0
0.00028557834,0
0.00036904984,0
0.00020173409,0
0.00015002617,0
0.00023522954,0
0.0007733441,0
0.00021725628,0
0.00039436735,0
0.00030331814,0
0.00020590777,0
0.00036814032,0
0.001436146,0
0.00045177928,0
0.0003442498,0
0.00021461799,0
0.00014196278,0
0.0006679579,0
0.00066485384,0
0.00017693292,0
0.00025084897,0
0.0007012944,0
0.00036730073,0
0.00045131324,0
0.00022530518,0
0.0006812155,0
0.00018533146,0
0.00044540683,0
0.00022507447,0
0.00052754,0
0.0007151783,0
0.00010056232,0
0.00017092351,0
0.00067589566,0
0.000525585,0
0.00062979315,0
0.00030232067,0
0.0001341316,0
0.0010403566,0
0.00026784246,0
0.003039989,0
0.0007220884,0
0.00029270342,0
0.00017629903,0
0.00030816518,0
0.00038937168,0
0.00014563941,0
0.00091330573,0
0.0003545348,0
0.00026606407,0
0.00017180435,0
0.0018135745,0
0.000500554,0
0.0032440193,0
0.00040850436,0
9.317921e-05,0
0.00020291662,0
0.00014867011,0
0.00011338992,0
0.00037570164,0
0.0006436984,0
0.00048248278,0
0.00022132885,0
0.00033665102,0
0.003047068,0
0.00031669912,0
0.00012074548,0
0.00062353077,0
0.0021800224,0
0.0001278724,0
0.00048907736,0
0.00011424739,0
0.000116380776,0
0.000850258,0
0.00044735198,0
0.00016884436,0
0.0005303065,0
0.0010227059,0
0.00028244397,0
0.00014329048,0
0.00050317706,0
0.00015559481,0
0.000309384,0
0.0003976914,0
0.00029405506,0
0.00037949882,0
0.00022981958,0
0.0007143651,0
0.00018236863,0
0.000694117,0
0.0030674092,0
0.0005560609,0
0.0001703146,0
0.00042190586,0
0.00051825837,0
0.0013009076,0
0.00017862907,0
0.00018737625,0
9.064202e-05,0
0.0002403901,0
0.00029401822,0
0.00017011195,0
0.0003504326,0
0.0002725779,0
0.000317839,0
0.0007050595,0
0.0003760345,0
0.00051854044,0
0.0011538686,0
0.00028133378,0
0.00035705324,0
0.00014644074,0
0.00025114446,0
0.0020353154,0
0.00035361006,0
0.00017050718,0
0.00057970313,0
0.00028076104,0
0.00041998015,0
0.00044170083,0
0.0005196872,0
0.00051717716,0
0.0001234969,0
0.00036980698,0
9.80548e-05,0
0.00044894955,0
0.0004057632,0
0.0003691989,0
0.00020378672,0
0.00075257977,0
0.00022955086,0
0.000114998256,0
0.00047837076,0
0.00022211284,0
0.00014141834,0
0.0005507698,0
0.00014858364,0
0.00040411344,0
0.0030677994,0
0.00019255227,0
0.00027150658,0
0.0005267197,0
0.00024094059,0
0.00037787115,0
0.0001779671,0
0.00034963948,0
0.00047893185,0
0.00044896672,0
0.00024783632,0
0.00025708796,0
0.00021478858,0
0.00034539925,0
0.00031681915,0
0.00027193595,0
0.00015509552,0
0.00013352348,0
0.00018019011,0
0.00019479392,0
0.00076478644,0
0.00050266134,0
0.00079232303,0
0.00020858909,0
0.00011714734,0
0.023547873,0
0.0011369105,0
0.00024020992,0
0.002234181,0
0.00017482392,0
0.00068706536,0
0.00017439673,0
0.0003572041,0
0.00075195375,0
0.00023627403,0
0.00024784837,0
0.00020602226,0
0.0001720989,0
0.0002059211,0
0.00036909562,0
0.001382422,0
0.0002578855,0
0.00012579228,0
0.00062747987,0
0.0006395798,0
0.0009138423,0
0.000942111,0
0.00025372114,0
0.00017062825,0
9.70173e-05,0
0.00017321983,0
0.00012043523,0
0.00010169058,0
0.00012727917,0
0.00087931973,0
0.0004574127,0
0.00023473302,0
0.0004371062,0
0.0019588487,0
0.00028545837,0
0.0012593236,0
0.00047220493,0
0.00025795397,0
0.00014417016,0
0.00012990023,0
0.0009295553,0
0.00052953965,0
0.00022964871,0
0.0003684855,0
0.0005277032,0
0.00018469292,0
0.00059742876,0
0.0005152977,0
0.00017968702,0
0.0010412429,0
8.628266e-05,0
0.00019805385,0
0.00031078892,0
0.0002164432,0
0.0024026036,0
0.00076102576,0
0.00037885556,0
0.0009027904,0
0.0004249536,0
0.00010117048,0
0.00017783006,0
0.0002143114,0
0.00033172718,0
0.00014277533,0
0.00040220545,0
0.0004486713,0
0.0022096601,0
0.00023359741,0
0.00025224313,0
0.00025701194,0
0.00026204687,0
0.00014802274,0
0.0015018287,0
0.00014554987,0
0.00054858025,0
0.00080523867,0
0.00028184213,0
0.0002535759,0
0.0007352304,0
0.00034795405,0
0.0005239871,0
0.00022560109,0
0.00064284937,0
0.00042216494,0
0.00025666395,0
0.0005483629,0
8.290068e-05,0
0.00015202026,0
8.10267e-05,0
0.00029253185,0
0.0003767025,0
0.0011997544,0
0.0001562509,0
0.00074054487,0
0.00021191082,0
0.0007087146,0
0.00023709961,0
0.00024004516,0
0.0011730258,0
0.0001849762,0
0.00022836703,0
0.00026145607,0
0.0014846397,0
0.000566128,0
0.00030999372,0
0.00071349024,0
0.00021056221,0
0.0005347363,0
9.596275e-05,0
0.00063016027,0
0.00011429035,0
0.0002279362,0
7.713109e-05,0
0.00033433593,0
0.00056949724,0
0.0012387362,0
0.00012461361,0
0.00050268363,0
0.00034661553,0
0.00021721522,0
0.00022036214,0
0.0010389475,0
0.00043169787,0
0.0002598138,0
0.00053401064,0
0.00015896616,0
0.0005542647,0
0.00080694613,0
0.0001546457,0
0.0026423032,0
0.00043929307,0
0.00036018985,0
0.00047010902,0
0.00063459255,0
0.00032171808,0
0.0006162342,0
0.0006472168,0
7.5787364e-05,0
0.00082699145,0
0.0006272075,0
0.0002817922,0
0.00035311692,0
0.00012386925,0
0.00056287664,0
0.0004833215,0
0.00034049692,0
0.0005413939,0
8.566981e-05,0
0.00010510039,0
0.0006425539,0
0.00013621776,0
0.00021056221,0
0.00028851614,0
0.00028900718,0
0.0015375274,0
0.0002455548,0
0.00315346,0
0.0001377121,0
0.00064919976,0
0.00044955953,0
0.00021316696,0
0.0002630257,0
0.0004264586,0
0.0003540215,0
0.0006076026,0
0.0004920549,0
0.0001814164,0
0.00022491065,0
0.0031348956,0
0.00044905848,0
0.00023686534,0
0.00021430434,0
0.00020280942,0
0.0020161998,0
0.00041152278,0
0.00019713421,0
0.00073358364,0
0.0049869814,0
0.0014229909,0
0.00028206216,0
0.00017858017,0
0.0007319262,0
0.00023997361,0
0.0018745,0
0.00022654574,0
0.00016852906,0
0.0005694905,0
0.00010386555,0
0.00018426083,0
0.000284569,0
0.0005884798,0
0.0029798627,0
0.00018823743,0
0.0003037435,0
0.00036417824,0
0.0002582797,0
0.00017093393,0
0.00012149533,0
0.00024022128,0
0.00013350465,0
0.0009094907,0
0.00036869495,0
0.00031854067,0
0.0003992453,0
0.00016733211,0
0.00028702704,0
0.00022784068,0
0.00018663665,0
0.0004748691,0
0.000751905,0
0.00027391262,0
0.00053841114,0
0.0003619501,0
0.0006862431,0
0.0004770734,0
0.0012282248,0
0.0004014678,0
0.00010854827,0
0.00021046019,0
0.00014667428,0
0.00028343342,0
0.000107073,0
0.00016657208,0
0.0010078417,0
0.00049590017,0
0.00079828413,0
0.00021978295,0
0.0001513609,0
0.00042337994,0
0.0038156386,0
0.00019314465,0
0.00011442648,0
5.8477013e-05,0
0.00039900342,0
0.00013201358,0
0.00032265353,0
0.00026032617,0
0.00043625283,0
0.0058421576,0
0.00092778925,0
0.00063522067,0
0.0002836604,0
0.00063102104,0
0.0003597561,0
0.0023983622,0
0.00015764765,0
0.0007176731,0
0.00028889568,0
0.00016667889,0
0.000115166076,0
0.0006659858,0
0.00015758332,0
0.00027419234,0
0.00021830291,0
0.00025239677,0
0.0019326517,0
0.00040957084,0
0.00019284977,0
0.00020703653,0
0.00029405506,0
0.00024034161,0
0.00025198318,0
0.003424793,0
0.00011143122,0
0.00054509944,0
0.00016815044,0
0.00014811625,0
0.00064996956,0
0.005135136,0
0.00014970185,0
0.0002816262,0
9.412121e-05,0
0.0005170615,0
0.0007252984,0
0.002442066,0
0.00041253914,0
0.00034340814,0
0.0005686807,0
0.00034308148,0
0.00018161951,0
0.0004001515,0
0.00050905667,0
0.00024788332,0
0.0010422539,0
6.659141e-05,0
0.0004093483,0
0.00028430886,0
7.2148956e-05,0
0.00029102902,0
0.00018589,0
0.00039435225,0
0.00030355787,0
0.0011506268,0
0.00093197334,0
0.00033138905,0
0.00025957113,0
0.00028050257,0
0.00021785911,0
0.000162267,0
0.0017946039,0
0.00033345842,0
0.00022671692,0
0.00022420265,0
0.00024034388,0
0.0008560031,0
0.00025771925,0
0.00065872906,0
0.00015208726,0
0.00025092147,0
0.0004107632,0
0.00015577603,0
0.0023696811,0
0.0006075857,0
0.002514661,0
0.00066115154,0
0.00041710938,0
0.0011888115,0
0.0003539519,0
0.00030905276,0
0.0005701709,0
0.00016741894,0
0.00036924987,0
0.0017208979,0
0.0004342728,0
0.00010163722,0
0.0055613113,0
0.00037111386,0
0.00021404907,0
0.001389071,0
0.00036430915,0
0.00031786994,0
0.00043887438,0
0.0005446115,0
0.0001408117,0
0.00087071006,0
0.0005232317,0
0.0009087639,0
0.0006324396,0
0.000426344,0
0.00050742854,0
0.0015070772,0
0.000293049,0
0.00030673514,0
0.00024273816,0
0.00081462413,0
0.00044220814,0
0.0002529851,0
0.00067780365,0
0.00032621092,0
0.0006040139,0
0.0024140782,0
0.00022067998,0
0.00078939524,0
0.00059283385,0
0.0006436121,0
0.0006075301,0
8.4811465e-05,0
0.00050340674,0
0.00033009012,0
0.0005224412,0
0.00044678545,0
0.0003536905,0
0.00012114447,0
0.00043453893,0
0.00023012004,0
0.00010692933,0
0.00052026025,0
0.000114403745,0
0.00016413,0
0.0008586318,0
0.00034761333,0
0.0016332634,0
0.00022264518,0
0.00029813644,0
0.00026202184,0
0.00015655329,0
0.00071886845,0
0.00067904074,0
0.00039295145,0
0.000569866,0
0.0024380935,0
0.0010170667,0
0.00017612867,0
0.0002451829,0
0.0002044134,0
0.00023997507,0
0.00026695334,0
0.00024345188,0
0.00024142567,0
0.00020080835,0
0.00060831965,0
0.0010502088,0
0.0053487914,0
9.081432e-05,0
0.0001318824,0
0.0006721817,0
0.00043998947,0
0.00021602875,0
0.0008959773,0
0.00041844457,0
0.00034016056,0
0.00062029215,0
0.0007841634,0
0.00024619952,0
0.00029337718,0
0.00045761612,0
0.00017737772,0
0.00024484788,0
0.00070366537,0
0.00024185609,0
0.002656302,0
9.813592e-05,0
0.00045703334,0
0.00055490155,0
0.0007825976,0
0.0004706088,0
0.00042697598,0
0.00053538714,0
0.0025165463,0
0.00036713705,0
0.00022140879,0
0.00013194612,0
0.0005752117,0
0.00041268396,0
0.00069915375,0
0.00040199503,0
0.00012514436,0
8.818299e-05,0
0.00012018872,0
0.0003483038,0
0.0025733213,0
0.00036117074,0
0.0010409614,0
0.000678369,0
0.00060725067,0
0.00067721994,0
0.00011944438,0
0.00010977211,0
0.00018632218,0
0.0005814788,0
0.0008637045,0
0.00032611922,0
0.00025483678,0
6.771507e-05,0
0.00031068537,0
0.00029295494,0
0.00028403255,0
0.0001706113,0
0.00015787446,0
0.00032996223,0
0.00032057523,0
0.00014594413,0
0.00013555223,0
0.00020666241,0
0.00018813135,0
0.00025145657,0
0.00012212757,0
0.00019396923,0
0.0008316635,0
0.0002102166,0
0.00033737996,0
0.00029463426,0
0.00025502653,0
0.0005225763,0
0.0011736386,0
0.0004117529,0
0.0005139935,0
0.00061339064,0
0.00033823165,0
0.0018381445,0
0.00012261882,0
9.5283125e-05,0
0.00060041493,0
0.00056597876,0
0.005822472,0
0.0002651587,0
0.00030806864,0
0.00067847996,0
0.00045868242,0
0.00029749642,0
0.00045348922,0
0.00011931676,0
0.0002563803,0
0.00014385971,0
0.00031833438,0
0.0007783614,0
0.00012514436,0
0.00045515285,0
0.00024151415,0
0.00045969847,0
0.0003490001,0
0.00018909428,0
0.00016133979,0
0.000552742,0
0.0037565653,0
0.00028146335,0
0.00013791138,0
0.00037908374,0
0.000109900764,0
0.00034975028,0
0.00039424477,0
0.00043019527,0
0.000102429265,0
0.00077137805,0
0.00024616416,0
0.0003416193,0
0.0002075204,0
0.00027241075,0
0.00040942736,0
0.0010753572,0
0.000121249024,0
0.0005391401,0
0.0005044629,0
0.00022309655,0
0.00030090852,0
6.9105285e-05,0
0.00064158626,0
0.00062998827,0
0.00034576072,0
0.00016098704,0
0.0004105936,0
0.00011448929,0
0.00019190794,0
0.00045250298,0
0.00037158898,0
0.0001271838,0
0.00013650813,0
0.0003444036,0
0.0006748944,0
0.0005236318,0
0.00030026832,0
0.0012014505,0
0.00035938233,0
0.0003179937,0
0.0001604969,0
0.0020986048,0
0.017669026,0
0.00026200968,0
0.0007657246,0
0.00083856704,0
0.00011607373,0
0.0005399927,0
0.0003163305,0
0.00019865544,0
0.00037825236,0
0.0003032426,0
0.0003613192,0
0.00021628721,0
0.0017046367,0
0.0012802253,0
0.00028353633,0
0.00010412793,0
0.00023909971,0
0.00035668453,0
9.960507e-05,0
6.721859e-05,0
0.0005927281,0
0.00015114795,0
0.00062466605,0
0.0017104191,0
0.0010037253,0
0.0014388001,0
0.00031970968,0
0.0007330115,0
0.00013025383,0
0.00017716401,0
0.0002756153,0
8.580329e-05,0
0.00072642893,0
0.0010203486,0
0.0002598681,0
0.00039653,0
0.0009405892,0
0.00021946045,0
0.00021647415,0
0.0004509696,0
0.0011369815,0
0.0003775083,0
0.00019600066,0
0.0006930518,0
0.0005474091,0
0.0002931973,0
0.00079589133,0
0.00024885614,0
0.00014149385,0
0.00041842106,0
0.00027054048,0
0.00038467802,0
0.00022115104,0
0.0003683159,0
0.00032978313,0
0.00044590753,0
0.00081743917,0
0.00017928919,0
0.0014405905,0
0.00032323998,0
0.00064176327,0
0.0005018568,0
0.00021056221,0
0.00014009608,0
0.0004014113,0
0.0001669011,0
0.00079158583,0
0.00028095694,0
0.00048327967,0
0.0005258573,0
0.00040309198,0
0.00028765184,0
0.00035056515,0
0.000455738,0
0.00028689168,0
0.00050611916,0
0.0004967148,0
0.00018341307,0
0.00033094673,0
0.00020410876,0
0.00036671304,0
7.6757715e-05,0
0.00019691927,0
0.00027556025,0
0.00025878774,0
0.000662095,0
0.00093271,0
0.0006503767,0
0.0005176491,0
0.0003349949,0
0.0004662195,0
0.0017386931,0
0.00012843739,0
0.0001894853,0
0.00023823325,0
0.00014426543,0
0.0001457583,0
0.00031315774,0
0.000393819,0
0.00014541572,0
0.00044042707,0
0.000735308,0
0.00027438297,0
0.00022121819,0
0.00052492693,0
0.0004151973,0
0.00032485984,0
0.000206718,0
0.00015488845,0
0.00064366916,0
0.00078908005,0
0.0004221209,0
0.00036124856,0
0.000699857,0
0.00090866914,0
9.182628e-05,0
0.0002679959,0
0.00013289093,0
0.00014234011,0
0.00014858796,0
0.00016989815,0
0.0002793609,0
0.000601544,0
0.0002876189,0
0.00016413112,0
0.0001616911,0
0.00037421272,0
0.000117614734,0
0.0010418023,0
0.00030723904,0
0.0038789953,0
0.0053399047,0
0.0002895044,0
0.00034432934,0
0.00037567274,0
0.0002227347,0
0.00034822716,0
0.0019389492,0
0.00030729597,0
0.0002086133,0
0.0006667096,0
0.0004594266,0
0.00021619233,0
0.001290449,0
0.0002927459,0
0.00016500625,0
0.0003085236,0
0.00024863027,0
0.0006606878,0
0.0004137004,0
0.00042197225,0
0.0007756415,0
0.00029447253,0
0.00013848572,0
0.00028738353,0
0.0002814244,0
0.00027991727,0
0.00035732126,0
0.0008292926,0
0.0001452925,0
0.0004512741,0
0.00057329936,0
0.00024819374,0
0.00012098884,0
0.00022530992,0
0.00042552955,0
0.000684609,0
0.0001783349,0
0.0016406137,0
0.00040669402,0
0.00012776723,0
0.00068442774,0
0.00033200337,0
0.00096016587,0
0.00050186284,0
0.0013108887,0
0.00023593461,0
0.00084030704,0
0.00010558613,0
0.0002633629,0
0.00013474844,0
0.00031211541,0
0.00061666564,0
0.0003604922,0
0.00012788635,0
0.00062341354,0
0.0005839631,0
0.0012008612,0
0.00040454057,0
0.0006748643,0
0.0023696811,0
0.0019357392,0
0.0005512203,0
0.0073155547,0
0.0007602248,0
0.0002696337,0
0.00027458064,0
0.00045885757,0
0.0037135137,0
0.0001999803,0
0.00012333984,0
0.0003064308,0
0.00013330307,0
0.0002069678,0
0.00011175569,0
8.095131e-05,0
0.00035608566,0
0.0008762419,0
0.00027008896,0
0.0005142086,0
0.0051127016,0
0.00025494883,0
0.00022821073,0
0.00064251735,0
0.0009360849,0
0.00012644337,0
0.0004735977,0
0.0024113238,0
0.00089326536,0
0.0002386965,0
0.0023696811,0
0.0002933191,0
0.0005353828,0
0.00057435053,0
0.00029278154,0
0.00070192834,0
0.0007192889,0
0.00061544793,0
0.00060583797,0
0.00029749022,0
0.0003491452,0
0.00021647326,0
0.00019641058,0
0.00018586784,0
0.0046588723,0
0.00040880838,0
0.0003305571,0
0.00093643076,0
0.00013922784,0
0.00035821658,0
0.00046262733,0
0.0004456919,0
0.00038804434,0
0.000247257,0
0.0010180736,0
7.754669e-05,0
0.00037229122,0
0.00054279383,0
0.00014461386,0
0.0001756809,0
0.0013035613,0
0.00026434753,0
0.0007437177,0
0.0011093424,0
0.00018152442,0
0.0003198245,0
0.0014657201,0
0.00024543848,0
0.00039332893,0
0.0007022166,0
8.887448e-05,0
0.000280031,0
0.0032842977,0
0.00033535002,0
0.00046530852,0
0.0001376306,0
0.0011318479,0
0.00038098256,0
0.0002429961,0
0.00024339481,0
0.00019950877,0
0.00024862215,0
0.0004256982,0
0.00037191724,0
0.00042660077,0
0.0014502616,0
0.00015654293,0
0.00037877398,0
0.0004454918,0
0.0003470686,0
0.0018286568,0
0.0001107658,0
0.0006741975,0
0.00027023503,0
0.0008223471,0
0.0001963093,0
0.0007487327,0
0.001574343,0
0.0002025152,0
0.00025893594,0
0.0001768678,0
0.00048122578,0
0.00015014107,0
0.001478022,0
0.0009250196,0
0.00040163935,0
0.00044812603,0
0.0003163664,0
0.0003761385,0
0.00049896777,0
0.000593431,0
0.00046049058,0
0.00464786,0
0.00020855364,0
0.0001807204,0
0.0002631731,0
0.0009270686,0
0.0017230811,0
0.0004695898,0
0.00018091821,0
0.0009356752,0
0.00084174203,0
0.000249386,0
0.0003381508,0
0.00039586634,0
0.00032288942,0
0.00036807556,0
0.0006071696,0
0.0007966368,0
0.00092199544,0
0.00038925782,0
0.0003535981,0
0.002031681,0
0.00039119757,0
0.0014818237,0
0.00038584243,0
0.00033100313,0
0.0006023624,0
0.0010881743,0
0.005102775,0
0.000121459896,0
0.00021367794,0
0.0010399247,0
0.00014483489,0
0.0014858018,0
0.0001605004,0
0.00029481272,0
0.00018346285,0
0.00024001674,0
0.002442066,0
0.0004906789,0
0.00043584668,0
0.000213188,0
0.0004314243,0
0.00027851417,0
0.00022358942,0
0.00088929554,0
0.0003425351,0
0.00029490973,0
0.00013838026,0
0.0023696811,0
0.0001694815,0
0.0007003723,0
0.00013559182,0
0.00022128344,0
0.04631667,0
0.00032804732,0
0.0002540524,0
0.00056340336,0
0.0005443991,0
0.00012540209,0
0.0003480727,0
0.00019341872,0
0.0008272704,0
0.00023972701,0
0.00016088386,0
0.00014969689,0
0.0018931994,0
0.00013993187,0
0.00017691316,0
0.00028675373,0
0.00028898055,0
0.0053487895,0
8.4176434e-05,0
0.00016010011,0
0.001064144,0
0.00077864504,0
0.00033837397,0
0.0002419053,0
0.00057948066,0
0.00013310854,0
0.00017984178,0
0.00029450527,0
0.00015294936,0
0.00023134635,0
0.0003113221,0
0.000107985456,0
0.00027476432,0
0.0016270444,0
0.00063254137,0
0.00068730605,0
0.0013370941,0
0.0009856253,0
0.00051407644,0
0.00023962285,0
0.0011569681,0
0.0003863788,0
0.00024571037,0
0.00010081114,0
0.000526315,0
0.0002495017,0
0.0002994078,0
0.00014394693,0
0.00040323893,0
0.00034871354,0
0.00047303317,0
0.001962701,0
0.0003256141,0
0.00017630564,0
0.00023997138,0
8.290068e-05,0
0.0001621781,0
0.00013288803,0
0.0008977158,0
0.00023214305,0
0.00022178171,0
0.00028771916,0
0.0002554608,0
0.00034230933,0
0.00021541282,0
0.00019445969,0
0.00034746496,0
0.0006873402,0
0.0004546855,0
0.0002802422,0
0.000453688,0
0.0011807868,0
0.0003537369,0
0.00026214024,0
0.0003353769,0
0.00043932162,0
0.00012333745,0
0.0009196731,0
0.00034834628,0
0.0010856657,0
0.00047950906,0
0.00022026173,0
0.00014248838,0
0.00038334398,0
0.00029055055,0
0.0005085899,0
0.00072774134,0
0.00029284885,0
0.00060622627,0
0.013939505,0
0.00024048083,0
0.0006585841,0
0.0010546087,0
7.775545e-05,0
0.00010123546,0
0.00027137218,0
0.00032237967,0
0.00025185265,0
0.00020106985,0
0.00028303798,0
0.00012861461,0
0.0016725303,0
0.0007985782,0
0.00023463718,0
0.00072041975,0
0.00025583274,0
0.00044828185,0
0.000120255,0
0.0005198078,0
0.0003309712,0
0.00027487037,0
7.6131786e-05,0
0.00026229597,0
0.0004985206,0
0.00050114916,0
0.0006153722,0
0.0008172987,0
0.00039167685,0
0.00033054058,0
0.000489288,0
0.0007442998,0
0.00013916979,0
0.0015115702,0
0.00079213176,0
0.00041014745,0
0.000291013,0
0.00044835548,0
0.00019792312,0
0.001526738,0
0.0003208049,0
0.00020934753,0
0.00091345905,0
0.00023722443,0
0.0004927681,0
0.0014952552,0
0.0002782265,0
0.0001460473,0
0.00023040215,0
0.00019551313,0
0.00011399206,0
0.00033356433,0
0.00016886998,0
0.00081850536,0
0.0004820913,0
0.0002047904,0
0.00066471286,0
0.00016111507,0
0.00077894353,0
0.0002782215,0
0.0012197226,0
0.00019997967,0
0.00020800706,0
0.00036509312,0
0.00013352238,0
0.0006147642,0
0.00081150146,0
0.001301636,0
0.0003252979,0
0.00046916382,0
0.0004184887,0
0.00016463755,0
0.00045076662,0
0.00010922511,0
0.00022716091,0
0.00015451649,0
0.00072983926,0
0.0006644863,0
0.000276785,0
0.00026669708,0
0.00048368753,0
0.0001804315,0
0.00023544571,0
0.00027020305,0
0.00033110866,0
0.0006656337,0
8.375261e-05,0
0.00031931401,0
0.00024135486,0
0.00040287297,0
0.000568818,0
0.00067665766,0
0.002405697,0
0.00031633239,0
0.00039954926,0
0.0005317071,0
0.00029288582,0
0.00016204393,0
0.00024997158,0
0.0002409115,0
5.8191115e-05,0
0.0008753573,0
0.0001466669,0
0.00052218954,0
0.00020705964,0
0.0006696904,0
0.00032133923,0
8.1018195e-05,0
0.0030284836,0
0.00018102594,0
0.0014675172,0
0.00028424367,0
0.0001871222,0
0.0003382914,0
0.0017298671,0
0.00062942185,0
0.0004648124,0
0.0001649899,0
0.0002203034,0
0.0024931636,0
0.00012466984,0
0.00020906888,0
0.000446575,0
0.0003730883,0
0.00018278309,0
0.00013935273,0
0.000351788,0
0.00013561203,0
0.00041859367,0
0.0007592843,0
0.00046283324,0
0.00018391116,0
0.00020416634,0
0.00022932251,0
0.00012455763,0
0.00025426014,0
0.00024652202,0
0.0027354492,0
0.0006252279,0
0.00024389134,0
0.00046844024,0
0.00044665494,0
0.00040127794,0
0.0009277675,0
0.00042950446,0
0.00061164005,0
0.00060472084,0
0.000366702,0
0.0012857398,0
0.00092226005,0
0.00034357377,0
0.0002165596,0
6.8761496e-05,0
0.00023137522,0
0.00017893717,0
0.0002189769,0
0.0004676636,0
0.00016847797,0
0.0014160135,0
0.0008533248,0
0.00016450141,0
0.00025964357,0
0.00017538683,0
0.00058642856,0
0.00039012916,0
7.4402604e-05,0
0.00051165547,0
0.0005111248,0
0.00035165192,0
0.00024418512,0
0.0002949572,0
0.00035933545,0
0.00023972987,0
0.00045247556,0
0.0007328372,0
0.0004471588,0
0.0002685236,0
0.00044308996,0
0.0004948507,0
0.00054291176,0
8.200295e-05,0
0.00023560769,0
0.00028448793,0
0.000592409,0
0.00033673606,0
0.0003269845,0
0.00025616522,0
0.00011757365,0
0.0002390779,0
0.0033020976,0
0.00017953398,0
0.00036704226,0
5.487703e-05,0
0.00013377088,0
0.00014186147,0
0.0002602208,0
0.00047337267,0
0.00050297414,0
0.00060887623,0
0.00027246829,0
0.0013111593,0
0.00070384855,0
0.00021556384,0
0.001841892,0
0.00015680438,0
0.00019776118,0
0.00014639937,0
0.00058436155,0
0.00076120615,0
0.00017426939,0
0.0007117816,0
0.0002717243,0
0.0003795701,0
0.0007941788,0
0.00061307277,0
0.00026922813,0
0.0003568468,0
0.0023696811,0
0.00015160363,0
0.0006140952,0
0.00023296634,0
0.0002879006,0
0.00071441365,0
0.00012297546,0
0.00016650103,0
0.00023792448,0
0.00018738963,0
0.00016390673,0
0.00035172573,0
0.00039411176,0
0.0020202023,0
0.0003855929,0
0.0003185549,0
0.0007970351,0
0.00036026526,0
0.0005133,0
0.00043402516,0
0.00047414604,0
0.00041242727,0
0.00030190047,0
0.00060897425,0
0.00027649396,0
0.0006218665,0
0.0009166468,0
0.00037780387,0
0.0007585514,0
6.595905e-05,0
0.0016923934,0
0.00020527228,0
0.00031485595,0
0.00022806792,0
0.00025648982,0
0.0007651278,0
0.00012551813,0
0.00015428726,0
0.00038221377,0
0.00060702855,0
0.00012116568,0
0.00012139123,0
0.0002617754,0
0.00042525286,0
0.00041054084,0
0.0006393344,0
0.00040006466,0
0.000302729,0
0.00023700578,0
0.00012992999,0
0.00033501588,0
0.0002598574,0
0.00031948672,0
0.00036162694,0
0.0002126759,0
0.00021364236,0
0.00021600381,0
0.006150427,0
0.00058316096,0
0.00011250042,0
0.0002066907,0
0.00019874702,0
0.0028394354,0
0.00027565644,0
0.00014554987,0
0.00012473078,0
0.00057925266,0
0.00023844713,0
0.00058088003,0
0.00015671036,0
9.0080095e-05,0
0.0003021322,0
0.00013880513,0
0.00023605113,0
0.00061480084,0
0.000140855,0
0.00029417948,0
0.000243987,0
8.65852e-05,0
0.0011075544,0
0.00036266664,0
0.00024296746,0
0.00028963323,0
0.00033117374,0
0.00028186847,0
0.0003142533,0
0.000111279005,0
0.00048725738,0
0.00040111734,0
6.1022758e-05,0
0.00012847144,0
0.00035908472,0
0.00032760968,0
0.00036930098,0
0.0004704199,0
0.000229157,0
0.000374254,0
0.0037294538,0
0.00030491722,0
0.00010497199,0
0.0001852368,0
0.00043977375,0
0.002369485,0
0.0007379722,0
0.00025218353,0
0.00011940033,0
0.00021144777,0
0.00042372095,0
0.00054039864,0
0.00014434461,0
0.00012199769,0
0.00031595456,0
0.0009142787,0
0.00049049186,0
7.136554e-05,0
0.0010927087,0
0.0002630466,0
0.00014332759,0
0.00025294628,0
0.00055311294,0
0.00017446023,0
0.00077437056,0
0.00047826063,0
0.0009848392,0
0.0010183093,0
0.0003050399,0
0.00033365912,0
0.00017250156,0
0.00013366496,0
0.0009233125,0
0.00019734593,0
0.00034712796,0
0.0007694329,0
0.0002473741,0
0.00015891102,0
0.004028866,0
0.00087630824,0
0.001372051,0
0.00038274773,0
0.0005913519,0
0.00026875528,0
0.00017278931,0
0.0006259535,0
0.0003431436,0
0.0003803178,0
0.00056918495,0
0.001310912,0
0.00017955128,0
0.0010166279,0
0.0006413983,0
0.0004147427,0
0.0010725423,0
0.0004859524,0
0.00024398703,0
0.00016147883,0
0.00025790773,0
0.00049707474,0
0.0002502731,0
0.00042515362,0
0.0010864778,0
0.0010027385,0
0.00036209435,0
0.00082725135,0
0.00042490775,0
0.00038899557,0
0.0008033396,0
0.0007074143,0
0.000971463,0
0.00017402312,0
0.00034684932,0
0.00045997417,0
8.995495e-05,0
0.00086719886,0
0.00048049365,0
0.00021346228,0
0.00070413866,0
0.00036136323,0
0.0005078298,0
0.00046100747,0
0.00047293128,0
0.0005360731,0
0.00052779034,0
0.00037800914,0
0.00037852782,0
0.0005306362,0
0.00013230344,0
0.00034995674,0
0.00020071292,0
0.00030777644,0
0.0005119115,0
0.0008123366,0
0.00084150943,0
0.0002729825,0
0.00074437755,0
0.0007707684,0
0.00024446353,0
0.0006165509,0
0.0003280418,0
0.0005549591,0
0.006665652,0
0.00019618838,0
0.00033181353,0
0.0003031119,0
8.67145e-05,0
0.00038932098,0
0.0008145354,0
0.00026750952,0
0.0001552131,0
7.978692e-05,0
0.00017967437,0
0.0002853726,0
0.0012329113,0
0.0006796663,0
0.00024960344,0
0.00033836457,0
0.00043554095,0
0.0015233427,0
7.099133e-05,0
0.0002771743,0
0.00032345753,0
0.0005358559,0
0.00021204338,0
0.000105765816,0
0.00024797695,0
0.0028919014,0
0.00038672378,0
0.00012386925,0
0.0007951965,0
0.0006944992,0
0.0006949369,0
8.415851e-05,0
0.0003267394,0
0.00022455136,0
0.00028414323,0
0.00014430497,0
0.0007168448,0
0.00021070274,0
0.00012772737,0
0.0002611292,0
0.0011592741,0
0.0011292957,0
0.0007787067,0
6.308632e-05,0
0.00015400884,0
0.00018746889,0
0.00027841673,0
0.00020011317,0
0.0003259126,0
0.00023006526,0
0.00051116466,0
0.0007152796,0
0.00035701736,0
0.00031100394,0
0.0002579802,0
0.00038540195,0
0.0025183691,0
0.0002518104,0
0.00049299654,0
0.00015488845,0
8.358091e-05,0
0.00039372797,0
0.00113353,0
0.0003048421,0
0.0004298865,0
0.0008118473,0
0.00062018953,0
0.00045800305,0
0.001290236,0
0.00038997835,0
0.00064937875,0
0.0005220749,0
0.00022429123,0
0.00073414115,0
0.00014463734,0
0.00020213955,0
0.00036853115,0
0.0006617245,0
0.00024048763,0
0.00024493827,0
0.0039054453,0
0.000753571,0
0.00014342266,0
0.001005347,0
0.000385542,0
0.00013146557,0
0.0002654021,0
0.0005024959,0
0.0002352575,0
0.00028540456,0
0.0002113302,0
0.00018837268,0
0.00019576053,0
0.00042998872,0
0.00063548534,0
0.0006782802,0
0.00013360321,0
0.00022573477,0
0.00079158583,0
0.0003041304,0
0.0021932975,0
0.00044318984,0
0.000103742466,0
0.00042656943,0
0.00016860152,0
0.0004452652,0
0.00069963594,0
0.0013383251,0
0.00018296049,0
0.00057468313,0
0.00020919615,0
0.00056590675,0
0.00015696368,0
9.442065e-05,0
0.00022457402,0
0.00056051865,0
0.00013577775,0
0.0003092299,0
0.00029589146,0
0.000798128,0
0.0010386185,0
0.00024479986,0
0.0004365299,0
0.0006322056,0
0.0004475916,0
0.00037864447,0
0.000241362,0
0.00018855899,0
0.00040207768,0
0.00031374546,0
0.003943922,0
0.00024511895,0
8.633277e-05,0
0.0010874791,0
0.0004468789,0
0.0004441469,0
0.00014790331,0
0.0004402896,0
0.00039560843,0
0.0006945513,0
0.0013729074,0
0.0014072525,0
0.0009110347,0
0.0005044758,0
0.00022843634,0
0.00024978828,0
0.00017541288,0
0.00024021017,0
0.00045676954,0
0.00033338013,0
0.0007357784,0
0.0002447231,0
0.00030392857,0
0.00011339595,0
0.00035486987,0
0.00013637719,0
0.00014234011,0
0.00010896023,0
0.00016707522,0
0.0008188441,0
7.592883e-05,0
0.0007531361,0
0.00014805245,0
0.00025473905,0
0.00048309096,0
0.00029506936,0
0.0003583359,0
0.00018717376,0
8.2195824e-05,0
0.00062209554,0
0.0074068634,0
0.00019862523,0
0.00037009915,0
0.00054527214,0
0.0001724737,0
0.00076583755,0
0.00054563966,0
0.0019802158,0
0.00064916816,0
0.0019124004,0
0.00035684224,0
0.0005196479,0
0.00034728018,0
0.00018205354,0
0.0004388431,0
0.00040037668,0
0.00022182276,0
0.000113125105,0
0.00020422871,0
0.00056359055,0
0.00077218824,0
0.00026362378,0
0.00030259186,0
0.030608654,0
0.00045779822,0
5.9818412e-05,0
0.0013434836,0
0.00025857368,0
0.00016869424,0
0.0004285307,0
0.0007951965,0
0.0008646271,0
0.00024862625,0
0.00039339252,0
0.0006469519,0
0.00091275957,0
8.375315e-05,0
0.00025114897,0
0.00028126148,0
0.00041850473,0
0.00010920354,0
0.00019504628,0
0.0001789449,0
0.0006761385,0
0.0002205328,0
0.001972956,0
0.00051079184,0
0.0010224106,0
0.0005262603,0
0.00022304713,0
0.00026467827,0
0.00012843739,0
0.00024315745,0
0.00014714299,0
0.0001958723,0
0.00047161087,0
0.00060329377,0
0.0005099998,0
0.00048720656,0
0.00030462403,0
0.00010578106,0
0.0007420722,0
0.0016635908,0
0.00044510682,0
0.00016677182,0
0.00041640463,0
0.00069183734,0
0.00043279547,0
0.00025639517,0
0.00015400884,0
0.0003023379,0
0.0014674318,0
0.00028803453,0
0.00038579118,0
0.00040460587,0
0.0008487723,0
0.00017078576,0
0.00078525086,0
0.0012080715,0
0.00063027325,0
0.00010363364,0
0.00052520947,0
0.0012112542,0
0.00024277467,0
0.00042502084,0
0.00021857084,0
0.00014617971,0
0.00027160483,0
0.00081090274,0
0.00033932104,0
0.00028222418,0
0.00022237301,0
0.0008215202,0
0.00038395872,0
0.0007479822,0
0.0001361301,0
0.0005804676,0
0.0006332802,0
0.0014263666,0
0.00034247455,0
0.00049536984,0
0.00039563893,0
0.0001708123,0
0.00037453117,0
0.0006103055,0
0.0012912432,0
0.000982285,0
0.00075389806,0
0.00020413293,0
0.00022945862,0
0.00056650705,0
6.600934e-05,0
0.00017104842,0
0.00023771272,0
9.411875e-05,0
0.0031366097,0
0.00029807122,0
0.00019855442,0
0.00012257119,0
8.4696774e-05,0
0.00028373208,0
0.00025866894,0
0.0003954163,0
0.00092186756,0
0.00028372026,0
0.00026854765,0
0.00087095465,0
0.0006275886,0
0.0006792627,0
0.00017742882,0
0.00028018234,0
0.0017368284,0
0.0004739907,0
0.00013106197,0
0.00029655962,0
0.00019730457,0
0.00018605767,0
0.00026067928,0
0.00074499723,0
0.00013539675,0
0.0018621882,0
0.00042677432,0
0.00023678137,0
0.0007402575,0
0.0002972778,0
0.0003723161,0
0.0002534081,0
0.00075520674,0
0.0017234617,0
0.00012558649,0
0.00012178513,0
0.00031148395,0
0.0002530779,0
0.00022482473,0
0.00028020144,0
8.9688234e-05,0
0.00081352575,0
0.001157294,0
0.00012836287,0
0.0006472177,0
0.00021229606,0
0.00059207826,0
0.0003087308,0
0.00060029613,0
0.00028654916,0
0.00028729177,0
0.0006024402,0
0.00064885226,0
0.00038698985,0
0.0009177145,0
0.00020547982,0
9.193545e-05,0
0.001242837,0
0.00046280512,0
0.00015779064,0
0.0021251808,0
0.0013936907,0
0.00044528497,0
0.00018380056,0
0.00037500728,0
0.00048525806,0
0.0002604185,0
0.00116025,0
0.0027163308,0
0.00019555305,0
0.00016302569,0
0.0023696811,0
0.00044856383,0
0.00043679893,0
0.00013330307,0
0.00020989115,0
7.788023e-05,0
7.3970186e-05,0
0.00048710158,0
0.00030852194,0
0.0001374311,0
0.0005402173,0
0.00014636705,0
0.00015433796,0
0.00069771125,0
0.00022306653,0
0.00016975036,0
0.0001871397,0
0.0003757213,0
0.00035526438,0
0.0005769363,0
0.0004456197,0
0.0005071322,0
0.00078414753,0
0.0002081085,0
0.00022799346,0
0.00024265156,0
0.00074931857,0
0.00023424446,0
0.0002863511,0
0.00044841634,0
0.00063955673,0
0.00059401523,0
0.0001193983,0
0.00036424006,0
0.00061469607,0
0.0010994688,0
0.00035148504,0
0.00028677547,0
0.00037589282,0
0.00033067208,0
0.0003717345,0
0.0001792442,0
0.006665645,0
0.0010160472,0
0.00016909736,0
0.00038121792,0
0.0004922058,0
0.00021701929,0
0.00040309198,0
0.0007816194,0
0.00015401717,0
0.0008354474,0
0.0026195392,0
0.00046672174,0
0.0008010572,0
0.00020859824,0
0.00014077312,0
0.0006581968,0
0.00026310366,0
0.00048426294,0
0.0003539984,0
0.0008421585,0
0.00020664789,0
0.00018358766,0
0.0001213024,0
0.00019259009,0
0.00011876556,0
0.00018387233,0
0.0003781982,0
0.00012805528,0
0.0016977014,0
0.0001583259,0
0.00012178513,0
0.00028751034,0
0.00078852393,0
0.00061981037,0
0.0001806684,0
0.00013552463,0
0.00044829817,0
0.00066020066,0
0.0017826472,0
0.0004311063,0
0.00027377656,0
0.0001636764,0
0.0002523161,0
0.002414529,0
0.0006953939,0
0.00042178118,0
0.00016475783,0
0.0005455484,0
0.00016931022,0
0.0009650392,0
0.00020054402,0
0.00028384206,0
0.0014663533,0
0.00022543906,0
0.00031321959,0
0.00013350465,0
0.0016783954,0
0.00021053982,0
0.00046012353,0
0.00033510957,0
0.00037217804,0
0.001094785,0
0.0014917247,0
0.0010319679,0
0.00046536335,0
0.0003074022,0
0.0002807743,0
0.00012045749,0
0.00020200778,0
8.230793e-05,0
0.00026548564,0
0.00011752907,0
0.0002552803,0
0.000297932,0
0.00018802009,0
0.0004234874,0
0.00020869491,0
0.00027817013,0
0.00047569207,0
0.00060944323,0
0.0012905158,0
0.00088345376,0
0.000100381294,0
0.00021171467,0
9.6372365e-05,0
0.00021579268,0
0.000187806,0
0.00032961718,0
0.0004564362,0
0.000611232,0
0.00017447202,0
0.0023696811,0
0.0006033632,0
0.00023296634,0
0.00035853084,0
0.0042481823,0
0.00070163095,0
0.00028240457,0
0.0018748583,0
0.0018998196,0
0.00060499867,0
0.00015373783,0
0.0002949395,0
0.0015053382,0
0.00040298712,0
0.00035378966,0
0.0008714626,0
0.00056757557,0
0.00010685657,0
0.00056572177,0
8.451268e-05,0
0.000300149,0
0.0010001871,0
0.00037365532,0
0.0002630668,0
0.0006285171,0
0.00056686345,0
0.00035659666,0
0.0005261874,0
0.0018885545,0
0.00020060217,0
0.00023136495,0
0.00018834278,0
0.0007379799,0
0.00014340755,0
0.0007547903,0
0.00025180547,0
0.00039863106,0
0.0004154999,0
0.0008261905,0
0.000627811,0
0.000100048106,0
0.0009771164,0
0.0005857042,0
0.0021842334,0
0.00013330307,0
0.008387955,0
0.0006998249,0
0.0042558312,0
0.00091011316,0
0.00015708119,0
0.00052730134,0
0.00025519019,0
0.00023830988,0
0.00021554007,0
0.00067887275,0
0.0023946434,0
0.00045242318,0
0.0009351139,0
0.00037467972,0
0.00015354312,0
0.00030827147,0
0.0001357351,0
0.0006572837,0
0.00037789292,0
0.00024940708,0
0.0003084745,0
0.000753571,0
0.00044899798,0
0.00012784796,0
0.00021694263,0
0.00085005345,0
0.0023696811,0
0.00086477323,0
0.0004591002,0
0.0002783314,0
0.00039634824,0
0.00019133145,0
0.0009936444,0
0.00094085804,0
0.0005004609,0
0.0002264435,0
9.83569e-05,0
0.000682978,0
0.00047549236,0
0.00012200076,0
0.00027137218,0
0.00069072214,0
0.000520715,0
0.00054916146,0
0.00059367303,0
0.0004846716,0
0.0002890219,0
0.00073210296,0
0.00033916437,0
0.0007698309,0
0.00016708541,0
0.00015226773,0
0.00021545797,0
0.00023508248,0
0.00028094224,0
0.000275327,0
0.0002892332,0
0.0014842269,0
0.000191464,0
0.0003696281,0
0.0001223769,0
9.024955e-05,0
0.00035519287,0
0.0004067804,0
0.0005126862,0
0.00039935487,0
0.00024922434,0
0.00025936257,0
0.00077268656,0
0.00013660853,0
0.00050679815,0
0.0008004593,0
0.0010426391,0
0.00059717003,0
0.00051799027,0
0.00030374897,0
0.0002900801,0
0.0023696811,0
0.00023097088,0
0.0010911879,0
0.0017447388,0
0.00030384294,0
0.00038530654,0
0.00035426294,0
0.0015404099,0
0.00030158216,0
0.0040100273,0
0.0006390556,0
0.0003572182,0
0.00014393343,0
0.0005146016,0
0.0007630253,0
0.00024401928,0
0.0007349858,0
8.2343235e-05,0
0.000797604,0
0.00046137607,0
0.0005011742,0
0.00015123532,0
0.0005133847,0
0.0009208848,0
0.000286875,0
0.00067446183,0
0.00062389433,0
0.00064366584,0
0.00024988476,0
0.000784787,0
0.00062078924,0
0.00021920937,0
0.0005092324,0
0.0003792639,0
0.0066656605,0
0.0019409979,0
0.0005116237,0
0.00097036985,0
0.00044474387,0
0.0004947837,0
0.00020534986,0
0.0008364598,0
0.00036066817,0
0.0006769812,0
0.00021265562,0
8.988124e-05,0
0.0017128196,0
0.00024981762,0
0.00010107613,0
0.0004155322,0
0.00019922819,0
0.00030302873,0
0.00044388024,0
0.00041652075,0
0.00020495898,0
0.0001673873,0
0.00053425756,0
0.00029906508,0
0.0004643444,0
0.00075034087,0
0.00012351068,0
0.00026988503,0
0.0003835596,0
0.001033403,0
0.0004920432,0
0.00014212095,0
0.0002526463,0
0.00035812284,0
0.0008932909,0
0.0001173676,0
0.00075445144,0
0.0002273089,0
0.00014756093,0
0.0022541487,0
0.00022794325,0
0.00036142912,0
0.000113846545,0
0.00035864636,0
0.0005907872,0
0.00063617324,0
0.00021801073,0
0.000993034,0
0.00024379142,0
0.0010554896,0
0.00053761725,0
0.00022486175,0
0.00011199867,0
0.0012754565,0
0.00018097075,0
0.0005258609,0
0.0016565667,0
0.00013585524,0
0.00015577603,0
0.00020471607,0
0.0010102624,0
0.0003868339,0
0.0018264866,0
0.000525585,0
9.599686e-05,0
0.0008758287,0
0.00017987342,0
0.0004972805,0
0.0005538156,0
0.0005380154,0
0.00027041594,0
0.0006916274,0
0.0021701183,0
0.0008861482,0
0.00017363227,0
0.0005216089,0
0.0004605032,0
0.00034393888,0
0.00082403107,0
0.00023582332,0
0.0001808175,0
0.0009611191,0
0.0017056898,0
0.00026545415,0
0.0001604969,0
0.00095126464,0
0.00092771195,0
0.00027478143,0
0.00047227892,0
0.0001811859,0
0.00045034033,0
0.0004455227,0
0.00064534246,0
0.00030781506,0
0.0026396862,0
0.000110940935,0
0.0002234872,0
0.00057020853,0
0.00035498544,0
0.0005013618,0
0.00045509843,0
0.0006296662,0
0.0004481566,0
0.0001612407,0
0.00029735206,0
0.00011499289,0
0.00042359115,0
0.0004651797,0
0.00026905717,0
0.0033503738,0
0.00019483264,0
0.0009562223,0
0.0001575547,0
0.00019153682,0
0.0004527052,0
0.00019914492,0
0.00042331222,0
0.00032922986,0
0.00036778583,0
0.00014077312,0
0.00021161068,0
0.00023577789,0
0.000116688054,0
6.487941e-05,0
0.0008164356,0
0.00067097525,0
0.0009928511,0
0.000673954,0
0.0008754452,0
0.0008983053,0
8.284767e-05,0
0.0005919655,0
0.0005279588,0
0.00055763114,0
0.00050815305,0
0.00074203714,0
0.0003573316,0
8.874169e-05,0
0.00017321142,0
0.0004757857,0
0.0004593685,0
0.002442066,0
0.00047618998,0
0.00039644254,0
9.773112e-05,0
0.0010763496,0
0.00034526014,0
0.00039697444,0
0.00042923584,0
0.00030666578,0
0.00030835276,0
0.00047628756,0
0.00024804662,0
0.00027746003,0
0.00041830982,0
0.001487628,0
0.0005229009,0
0.00044201585,0
0.001047872,0
0.00023819061,0
0.00011345585,0
0.00017927837,0
0.00068203546,0
0.00059713295,0
0.0009273262,0
0.0002677535,0
0.00023524361,0
0.0003342068,0
0.00045567914,0
0.0004464034,0
0.00045150804,0
0.00034730602,0
0.00034284464,0
0.00015398253,0
0.00080123724,0
0.000107055246,0
0.00021683403,0
0.00036694974,0
0.0006598006,0
0.0001694049,0
0.00025333074,0
0.00043903352,0
0.00025933434,0
0.00025035857,0
0.0018639129,0
0.00095653866,0
0.0010077914,0
0.0007930892,0
0.0008840887,0
0.00041859533,0
0.00028798616,0
0.00012489357,0
0.00017132872,0
0.0003485493,0
0.00052994257,0
0.00016473047,0
0.00052204914,0
0.00026588998,0
0.00037212187,0
0.00036493578,0
0.0025508865,0
0.00042766592,0
0.0003618727,0
0.0002607768,0
0.0004500285,0
0.00025958946,0
0.00022299799,0
0.00010543134,0
0.00038343924,0
0.00039964236,0
0.0010744544,0
0.0004043272,0
0.0006565635,0
0.00032245248,0
0.00023385583,0
0.00016449962,0
0.008424635,0
0.00038438785,0
0.00023379989,0
0.00021454158,0
0.00011834793,0
0.00027664757,0
0.00033425516,0
8.061445e-05,0
0.00042992507,0
0.0003037908,0
0.0005934389,0
0.0011400174,0
0.0011651661,0
0.00020278693,0
0.0002622447,0
0.00057355827,0
0.00015060653,0
0.0012963898,0
0.0005405939,0
0.0008995367,0
0.00030273426,0
0.00024609792,0
0.00020292474,0
0.0003212934,0
0.0005941233,0
0.0011482186,0
0.00069752615,0
0.00047071476,0
0.0009038226,0
8.970344e-05,0
0.000118130534,0
0.0002783045,0
0.0002517233,0
0.008983639,0
0.00023175738,0
0.00039611108,0
0.0013190489,0
0.000187434,0
0.00017928919,0
0.00050529843,0
0.0002287133,0
0.0008003266,0
0.0006712877,0
0.00034628168,0
0.00034581096,0
0.00062873255,0
0.00044237173,0
0.0005730823,0
0.00026006397,0
0.00029557702,0
0.00049340195,0
0.0020319824,0
0.00070237194,0
0.00040433806,0
0.0008326658,0
0.00019352055,0
0.00035733232,0
0.0004959663,0
0.000528269,0
0.0002200375,0
0.00070860644,0
0.00084593287,0
0.00044461474,0
8.2380044e-05,0
0.00033704317,0
0.0005242297,0
0.0006401032,0
0.000117287105,0
0.0024062563,0
0.0007255797,0
0.0004951375,0
0.0005815034,0
0.00034072535,0
0.00021398306,0
0.00021603724,0
0.00027344757,0
0.000341989,0
0.00030709163,0
0.00029902873,0
0.000923063,0
0.00037777633,0
0.0001992452,0
0.00051922374,0
0.00080526614,0
0.0008164404,0
0.00021018928,0
0.00015091046,0
0.001670006,0
0.00068242615,0
0.0017140192,0
0.00034700657,0
0.00020197612,0
0.00036002923,0
0.0006565375,0
0.0007292814,0
0.00028327276,0
0.0032556967,0
0.00034701717,0
0.00012515589,0
0.00037338145,0
0.0001934356,0
0.00040619195,0
0.00037531822,0
0.00030941697,0
0.0006846885,0
0.00033028988,0
0.0006256187,0
0.0007168699,0
0.0002936777,0
0.00015609061,0
0.0012653866,0
0.00022596051,0
0.00010577532,0
0.00024784973,0
0.00011938481,0
0.00018882363,0
0.00012579228,0
0.00037571244,0
0.00094280206,0
0.000651851,0
0.0004530084,0
0.00040114575,0
0.00029650974,0
0.00018220929,0
0.0005783872,0
0.00016429744,0
0.00024083378,0
0.00012245553,0
0.00043518178,0
0.00047558374,0
0.0005433248,0
0.00024443484,0
0.00029137402,0
0.0007100412,0
0.00037475317,0
0.00031632138,0
0.00047790742,0
0.00038582648,0
0.0016505521,0
0.0006510792,0
0.00019352033,0
0.00023270634,0
0.00040138402,0
0.00020092084,0
0.0007135431,0
0.00026431045,0
0.00072980445,0
0.000101032536,0
0.00025928172,0
0.00018795545,0
8.3017716e-05,0
0.00036093243,0
0.00042238552,0
0.00023011018,0
0.00046396838,0
0.00013884439,0
0.0006949455,0
0.00020941946,0
0.00041036357,0
0.00038921513,0
0.0017375513,0
0.00073897,0
0.0003975515,0
0.00011193078,0
0.00017028509,0
0.000212266,0
0.0003677895,0
0.002623384,0
0.00014070727,0
0.00031598794,0
0.000100614,0
0.00016098162,0
0.00027678013,0
0.0007868793,0
0.00064981537,0
0.00013369841,0
0.00022951861,0
0.0003689881,0
0.00034525798,0
7.68203e-05,0
0.00022079512,0
0.0001673806,0
0.0003931729,0
0.0005483842,0
0.0009959763,0
0.0004341548,0
0.000635718,0
0.00028885255,0
0.0006191902,0
0.00040829577,0
0.00011761967,0
0.00079158583,0
0.0005747503,0
0.00052797934,0
0.0007540828,0
0.00033103192,0
0.00025349754,0
0.00018022848,0
0.00020404899,0
0.00014525704,0
0.0007435485,0
0.0004557734,0
0.00035633676,0
0.0005406496,0
0.00028332623,0
0.000334495,0
0.00015537262,0
0.00030067933,0
0.000717861,0
0.0009889981,0
0.00044448752,0
0.0020740498,0
0.000700817,0
0.00074593653,0
0.0011726305,0
0.00018097075,0
0.00016808318,0
0.00013789439,0
0.000283402,0
0.00054534094,0
0.00014640408,0
0.0006911107,0
0.00030160786,0
0.00027875017,0
0.0001605004,0
0.0007486998,0
0.00024101783,0
0.0008990795,0
0.00017331362,0
0.00021397689,0
0.0011468806,0
0.00044696295,0
0.00015562822,0
0.0035530918,0
0.03062971,0
0.0009853609,0
0.00017084306,0
0.00028510578,0
0.00035932,0
0.00038681767,0
0.0006735244,0
0.00023577397,0
0.00039607697,0
0.0010132027,0
0.0005448901,0
0.00035166592,0
0.00039903662,0
0.00018881905,0
0.0004265613,0
0.00057274214,0
0.00019884486,0
0.00041182153,0
6.571593e-05,0
0.0002902646,0
0.00012018872,0
0.00030157279,0
0.00029356036,0
0.00024411673,0
0.0005257862,0
0.0004623051,0
0.0004018538,0
0.000725202,0
0.001140966,0
0.00045340857,0
0.00040771795,0
0.0002004884,0
0.0003481014,0
0.00027787755,0
0.00028573262,0
0.00035341532,0
0.00037066307,0
0.0002777265,0
5.4579155e-05,0
0.00013183308,0
0.0009444691,0
0.000347576,0
0.0008504359,0
0.0007332657,0
0.00072661997,0
0.00016146785,0
0.00014481433,0
0.0011405416,0
0.00032623546,0
0.0004570198,0
0.00032804362,0
0.00020330181,0
0.00021234088,0
0.0007824655,0
0.00022881042,0
0.0009407259,0
0.0002058606,0
0.0006205363,0
0.00041427094,0
0.00014623361,0
0.00028168023,0
0.00026577318,0
0.00033874376,0
0.0005180105,0
0.00014194079,0
0.00016782209,0
0.0006848436,0
0.00023398561,0
0.00013350465,0
0.00017943239,0
0.0007841634,0
0.00017065633,0
0.0005091181,0
0.00067444943,0
0.00014719233,0
0.000120156044,0
0.00040223138,0
0.00010765654,0
0.00013104023,0
0.0006285097,0
0.00043165433,0
0.00044690396,0
0.00041524487,0
0.0005172978,0
0.00032468382,0
0.00023372614,0
0.0003465313,0
0.00038865913,0
0.0002612686,0
0.00085551327,0
0.0005539685,0
0.00023297097,0
0.00026827626,0
0.00069184875,0
0.0008311765,0
0.0007469962,0
0.0002679697,0
0.00037650357,0
0.00064077444,0
0.0006653184,0
0.00024394858,0
0.00021008418,0
0.000110284134,0
0.0005924245,0
0.00032212952,0
0.00021959747,0
0.00023176888,0
0.00028683076,0
0.00033972878,0
0.00024595537,0
0.00018470174,0
0.0005587923,0
9.8412784e-05,0
0.000115747986,0
0.00044390495,0
0.00010152068,0
0.0004270247,0
0.0003018025,0
0.00041481006,0
0.00015224268,0
0.00048612754,0
0.0006028009,0
0.00017849958,0
0.00049637025,0
0.000305446,0
0.00061040936,0
0.00030785505,0
0.00059732236,0
0.00051459274,0
0.0001992452,0
0.0005309646,0
0.00037916587,0
0.0011353059,0
0.00018924972,0
0.0005290326,0
0.0004544899,0
0.0005614584,0
0.00042332345,0
0.00015169856,0
7.877029e-05,0
8.9787536e-05,0
0.00058281334,0
0.00028882275,0
0.00021701238,0
0.00017183187,0
0.0005182379,0
0.00038531632,0
0.00010878424,0
0.0005886295,0
0.00040690522,0
0.00040897934,0
0.00014802274,0
0.00012843739,0
0.0002951858,0
0.00021583727,0
0.00022097626,0
0.00021056221,0
0.000723588,0
0.00013437957,0
0.00044793982,0
0.003695441,0
0.0011123556,0
0.00037515187,0
0.0003013705,0
0.0002597613,0
0.0033754555,0
0.00024770363,0
0.00014474936,0
0.00016009284,0
0.00023750534,0
0.00016664923,0
0.00055651914,0
0.0008155317,0
0.0005181904,0
0.0018454674,0
0.00026058164,0
0.0002827529,0
0.0004634977,0
0.00038956414,0
0.0007043756,0
0.00056958525,0
0.0005598633,0
7.728908e-05,0
0.0007132888,0
0.00020356983,0
0.00033789926,0
0.00018720666,0
0.00020427797,0
0.0004732508,0
0.0017218867,0
0.00028071107,0
0.00016867781,0
0.0006112827,0
0.00036845426,0
0.00025863937,0
0.00038092447,0
0.0004445867,0
0.0001042057,0
0.0003100285,0
0.00027453894,0
0.00014458207,0
0.00043175832,0
0.00022804854,0
0.00013869989,0
0.00024007454,0
0.0010319937,0
0.00023034927,0
0.00024399647,0
0.00013379123,0
0.00036727532,0
0.00020221993,0
0.00061239954,0
0.0002728634,0
0.00033517228,0
0.00040503714,0
0.0004420655,0
0.00054257474,0
0.0001625409,0
0.00028967904,0
0.0008212136,0
0.00012514436,0
0.0006918112,0
0.00069379195,0
0.00015849486,0
0.0002732438,0
0.00021522204,0
0.00012609067,0
0.00034184894,0
0.00014554987,0
0.0011471189,0
0.0006000329,0
0.0003661454,0
0.0003243683,0
0.0005194535,0
0.0003302049,0
0.00029806024,0
0.002809884,0
0.00031539248,0
0.000546755,0
0.00045616418,0
0.0003336149,0
0.0003355247,0
0.00055177975,0
0.00058902765,0
0.005016352,0
0.00017629903,0
0.00037188298,0
0.0005834031,0
0.00030552698,0
0.0003481201,0
0.0002929499,0
0.0002529203,0
0.00019647379,0
0.00019291665,0
0.0007991599,0
0.00022719103,0
0.00042096947,0
0.0003209865,0
0.0021058396,0
0.000160733,0
0.00025460697,0
0.00024879305,0
8.496719e-05,0
0.0006371179,0
0.00022733446,0
0.0010067505,0
0.00024036868,0
0.0048755193,0
0.00039400143,0
0.00019168467,0
9.5551106e-05,0
9.413192e-05,0
0.00026447582,0
0.00028895482,0
0.00030595923,0
0.0004711121,0
0.00016608433,0
0.00018862031,0
0.0005049595,0
0.0002837225,0
0.00039866907,0
0.00020726929,0
0.0016589081,0
0.00023919354,0
0.00018827681,0
0.00037009752,0
0.00032469683,0
0.000526838,0
0.00055806583,0
0.00015357944,0
0.00047871473,0
0.00024745526,0
0.00037177504,0
0.0002072077,0
0.00026422547,0
8.628665e-05,0
0.00016212653,0
0.00081521913,0
0.00060063927,0
0.0011267493,0
0.00025737626,0
0.0007216231,0
0.0003326173,0
0.0007040754,0
0.00042134646,0
0.00068561244,0
0.00034632778,0
0.0003075687,0
0.030833034,0
0.0003260154,0
0.00057906494,0
0.0002398264,0
0.0002188165,0
0.0007682945,0
0.00010230132,0
0.00032783538,0
0.00039574667,0
0.0002605285,0
8.942324e-05,0
9.398465e-05,0
0.00036000155,0
0.00015922784,0
0.00030891434,0
0.0001759657,0
0.0004807522,0
0.0001817502,0
0.00043204485,0
0.0004154302,0
0.0007250918,0
0.0004344504,0
0.00018176675,0
0.00014714299,0
0.00027893894,0
0.00047119972,0
0.0005243026,0
0.0012179405,0
0.00046825293,0
0.00044507158,0
0.0006123215,0
0.0005554566,0
9.84032e-05,0
0.00018471635,0
0.0005241443,0
0.00076916855,0
0.00015623297,0
0.0008149348,0
0.00030321343,0
0.0006401809,0
0.00016498254,0
0.0012375662,0
0.00028086052,0
0.00014554987,0
0.00048734035,0
0.00043608088,0
0.00045238182,0
0.00016994846,0
0.00090096146,0
0.0005334263,0
0.00024325716,0
0.00087039644,0
0.00058727904,0
0.0019368497,0
0.00011625125,0
0.001751822,0
0.001916031,0
0.0002089978,0
0.0005799562,0
0.00033309287,0
0.002378805,0
8.9875015e-05,0
0.00031674543,0
0.00020532997,0
0.0036926118,0
0.00015679943,0
0.00024134919,0
0.00019171374,0
0.00017654027,0
0.00036229863,0
0.00025124336,0
0.00059987133,0
0.00033796535,0
0.00047338882,0
0.00019428889,0
0.0018222037,0
0.00022716583,0
0.00017128196,0
0.00061964925,0
0.00025014972,0
0.00065715186,0
0.00038394635,0
0.0006728451,0
0.001309811,0
0.00024486563,0
0.00057319505,0
0.0003027601,0
0.00016847797,0
0.00051212596,0
0.0020894376,0
0.00027718756,0
0.0013344274,0
0.00028638748,0
0.00039511573,0
0.00034346443,0
0.0004530084,0
0.0007367253,0
0.00021976272,0
0.00038371357,0
0.0009513348,0
0.00023655737,0
0.00025036235,0
0.00047243157,0
0.00019230865,0
0.00029197443,0
0.00038162744,0
0.00023205848,0
0.00043305126,0
0.00018255926,0
0.00015499977,0
0.00016309148,0
0.0051116077,0
0.00021085498,0
0.0004641319,0
0.00053813827,0
0.0006941482,0
0.00045924538,0
0.0001307711,0
0.00033733627,0
0.00030592582,0
0.00015107644,0
0.0004000548,0
0.0017749037,0
0.00031526972,0
0.0005124347,0
0.0007161285,0
0.00023597934,0
0.0001945438,0
0.0008751558,0
0.00030356715,0
0.00016706089,0
0.00021082947,0
0.0004142903,0
0.00054102635,0
0.00078067003,0
0.000903745,0
0.0008269455,0
0.0005714483,0
0.0010697051,0
0.00011277283,0
0.00029672642,0
0.00032336378,0
0.00026724915,0
0.00039672139,0
0.00015918598,0
0.00042246724,0
8.796671e-05,0
0.00011583106,0
0.00019657527,0
0.0003390138,0
0.00066032325,0
0.00022172526,0
0.00014499883,0
0.00054564263,0
0.00030190306,0
0.0002634253,0
0.00059940835,0
0.00055824214,0
0.00078142306,0
0.00017677876,0
0.0017510409,0
0.00046562622,0
9.268135e-05,0
0.00043209337,0
0.0006487037,0
0.00016309148,0
0.0002996553,0
0.0016683586,0
0.00055897364,0
0.0001231925,0
0.00028996135,0
0.00031315154,0
0.00032387488,0
0.000117888485,0
0.00038154444,0
0.0003356483,0
0.00051180244,0
0.0005557165,0
0.00014047058,0
0.0003167566,0
0.00015524814,0
0.00043551033,0
0.00014991131,0
0.0009323902,0
0.0005614879,0
0.001741545,0
0.000528794,0
0.0003386978,0
0.00025694992,0
0.00020086653,0
0.00018394763,0
0.00038748307,0
0.0008833611,0
0.00017875896,0
0.00027522398,0
0.0003236665,0
0.00020892386,0
0.00012822167,0
0.00020311774,0
0.00011336714,0
0.00032563807,0
0.00023927388,0
0.00018425638,0
0.0001754756,0
0.00012139123,0
0.00013051213,0
0.0009978823,0
0.00019297593,0
0.00056649424,0
0.005348792,0
0.00019220225,0
0.00019020744,0
0.0005034487,0
0.0009053403,0
0.00027983164,0
0.0002692198,0
0.00087421766,0
0.00032751047,0
0.00058266317,0
0.00011631801,0
0.0001452925,0
0.00082555396,0
0.00035925707,0
0.00012776723,0
0.0001700704,0
0.0002947106,0
9.63586e-05,0
0.0007951965,0
0.00013621776,0
0.0001277167,0
7.770245e-05,0
0.00048626206,0
0.00021611075,0
0.00028736613,0
0.0005309072,0
0.00014790901,0
0.00023296944,0
0.00023182637,0
0.00033453017,0
0.00093583844,0
0.0002558755,0
0.00022425529,0
0.00045586764,0
0.00016753905,0
0.00024695683,0
0.00027341547,0
8.839229e-05,0
0.0025619261,0
0.0004479755,0
0.00023135843,0
0.00033817493,0
0.0005341945,0
0.0006524723,0
0.0005575792,0
0.000736157,0
0.00087270304,0
0.00045290837,0
0.00043726913,0
0.0006411275,0
0.0010087779,0
0.00021914094,0
0.0001840068,0
0.0006319848,0
0.00030632835,0
0.00022355761,0
0.00042933738,0
0.0001234991,0
0.00032705587,0
0.00070514344,0
0.0007654092,0
0.00034371097,0
0.0006409404,0
0.000759894,0
0.00029439531,0
0.00034780882,0
0.00013739408,0
0.00016112962,0
0.00012514436,0
0.0010684718,0
0.0007251114,0
0.000185529,0
0.00038648548,0
0.0011484083,0
0.00022081936,0
0.0003082434,0
0.00033574863,0
0.0011812932,0
9.451878e-05,0
0.00042164826,0
0.00010150739,0
0.00075917057,0
0.0002248334,0
0.00021033031,0
0.00010129901,0
0.00049821654,0
0.0006397998,0
0.0001358564,0
7.5100965e-05,0
0.00035698983,0
0.00041085042,0
0.00038445785,0
0.00015779064,0
0.0007679811,0
0.0030225203,0
0.00018348533,0
0.0019746264,0
0.00016987121,0
0.00032176738,0
0.00037354065,0
0.00040304835,0
0.00046794524,0
0.00049077347,0
0.0015437878,0
0.0004915654,0
0.0018563903,0
0.0002749838,0
0.0002729494,0
0.0002493364,0
0.00023402482,0
0.0009488755,0
0.00062611134,0
0.0004809828,0
0.00045435582,0
0.00036238684,0
0.00039620334,0
0.00036846416,0
0.0003416594,0
0.00017851456,0
0.0013244412,0
0.000507322,0
0.00022141458,0
0.0005013714,0
0.00027207707,0
0.0011675606,0
0.00066324446,0
0.00031923407,0
0.00036974752,0
0.0004450804,0
0.000399453,0
0.00055479293,0
0.0014216438,0
0.00028643175,0
0.00020429172,0
0.00023164603,0
0.0011168986,0
0.00014077312,0
0.00028038528,0
0.0002496908,0
0.00047342942,0
0.00049186946,0
0.00029796374,0
0.0005201328,0
0.00093124184,0
0.0004112833,0
0.0038486389,0
0.0011143425,0
0.00012066485,0
0.00012514436,0
0.00022561858,0
0.0001530943,0
0.00022759734,0
0.00017109209,0
0.000106385545,0
0.0003099984,0
0.0002320767,0
0.00041067423,0
0.0028383245,0
0.00041497967,0
0.0018220219,0
0.00058540644,0
0.00081971847,0
0.0001501003,0
0.00040019877,0
0.000383191,0
0.00035664946,0
0.0002698948,0
0.00015979058,0
0.00023579095,0
0.0007100191,0
0.00015226773,0
0.00089369615,0
0.00064080564,0
0.0009025945,0
0.00034680442,0
0.00033068398,0
0.0024064903,0
0.00022241763,0
0.00029196616,0
0.00022758514,0
0.00040940088,0
0.0022819056,0
0.00031340556,0
0.0004968669,0
0.00027751012,0
0.0001318824,0
0.00080633233,0
0.00015867995,0
0.00045264172,0
0.0002279933,0
0.00041262934,0
0.00088517857,0
0.00039613398,0
0.00011908912,0
0.00016691412,0
0.00034130574,0
0.0003890471,0
0.0016019683,0
0.00044666807,0
0.0008260659,0
0.00036349497,0
0.0007408515,0
0.00020332179,0
0.000349508,0
0.0006557974,0
0.0023630003,0
0.0013409515,0
0.0009125016,0
0.00038320705,0
0.00057758583,0
0.00029832384,0
0.00021820638,0
0.00020784061,0
0.00030320146,0
0.00046272692,0
0.0005384766,0
0.00077498815,0
0.0012189446,0
0.00080853316,0
9.5012896e-05,0
0.00030275751,0
0.00032038568,0
0.00032906985,0
0.00018240247,0
0.0005316765,0
0.00021681952,0
0.00044977694,0
0.00024857244,0
0.00093087397,0
0.0006072018,0
0.001899821,0
0.0011056835,0
0.0005990025,0
0.00038656977,0
0.0013057536,0
0.0001502378,0
0.00020452472,0
0.0025035948,0
0.0003176543,0
0.0004466515,0
0.0002851957,0
0.0004268158,0
0.00022372966,0
0.00016334817,0
0.00026551646,0
0.00013048566,0
0.00021221655,0
0.00021216125,0
0.00014173354,0
0.00060718635,0
0.00020873205,0
0.00047088595,0
0.00014803068,0
0.00015687771,0
0.00013449037,0
0.00078387774,0
0.0006229248,0
0.00045229637,0
0.00023074998,0
0.0001422866,0
0.0026784525,0
0.00018350751,0
0.00021042846,0
0.0011533041,0
0.00072358816,0
0.00042350465,0
0.005636446,0
0.0007187775,0
0.0011220841,0
0.0010125367,0
0.00028008586,0
0.00029720194,0
0.00023459818,0
0.00037114535,0
0.000152565,0
0.00013331434,0
0.0005093522,0
0.0002959386,0
0.0011750503,0
7.530548e-05,0
0.00016569393,0
0.0004556511,0
0.00023093568,0
0.00078508444,0
0.00031545656,0
0.0003194648,0
0.00017630564,0
0.00035978472,0
0.00029241416,0
0.00055562455,0
0.0004178934,0
0.0007591365,0
0.0036866053,0
0.00022722814,0
0.0006087796,0
0.00015275148,0
0.00022825235,0
9.171938e-05,0
0.00017132198,0
0.00046454597,0
0.000519621,0
0.00033879286,0
0.018937925,0
0.00017649113,0
0.00030331517,0
0.00052003405,0
0.0004036543,0
0.00017000524,0
0.0006854796,0
0.00018955456,0
0.0003265991,0
0.0005087173,0
0.00025062746,0
9.7834716e-05,0
0.00028822693,0
0.0019675652,0
0.0009010161,0
0.00022637674,0
0.0002745693,0
0.00034079456,0
0.00028735003,0
0.0001294964,0
0.0008622825,0
0.0006190872,0
0.00023638128,0
0.00025365074,0
0.00043588478,0
0.0001492782,0
0.00013780476,0
0.0003169721,0
0.00039362416,0
0.0009527078,0
0.0004462205,0
0.0006990516,0
0.00013616463,0
6.115182e-05,0
0.0005754938,0
0.00032989553,0
0.0009175703,0
0.00043053296,0
0.00012410524,0
8.6190994e-05,0
0.00025228574,0
0.004133717,0
0.0009378598,0
0.00066967704,0
0.0006303053,0
0.00013118054,0
0.0010006892,0
0.00082701445,0
0.00044622668,0
0.00034923677,0
9.785368e-05,0
0.00043568393,0
0.00027161252,0
0.00060233905,0
0.0005429066,0
0.0006121072,0
0.00031142213,0
0.0006456481,0
0.0003334686,0
0.0001451304,0
0.00019759435,0
0.00033833316,0
0.00010114124,0
0.00048811347,0
0.0002228575,0
0.0007458139,0
0.0007443918,0
0.0009588632,0
0.00019177762,0
0.00078539946,0
0.0004959366,0
0.00030649846,0
0.00055022206,0
0.00014152861,0
0.0013704872,0
0.00039936102,0
0.00018590922,0
0.0007018059,0
0.00010993009,0
0.0002008432,0
0.00019070297,0
0.00018551318,0
0.0005687071,0
0.00059747003,0
0.00054641324,0
0.00016306363,0
0.00059282396,0
0.0005796397,0
0.00028922618,0
0.00038407248,0
0.00044187807,0
0.00013835964,0
0.0004720606,0
0.00038791946,0
0.0004174558,0
0.0004176961,0
0.00036092714,0
0.0004887114,0
0.00027146406,0
7.511369e-05,0
0.0007688002,0
7.1397706e-05,0
0.00027284079,0
0.0006479931,0
0.00019077062,0
0.00053894887,0
6.376389e-05,0
0.00014064765,0
0.00022143459,0
0.000178662,0
0.0010600176,0
0.0003544269,0
0.0003987885,0
0.00080114085,0
0.00010120439,0
0.00015239793,0
0.00018010497,0
0.00019130216,0
0.00056332815,0
0.00047158625,0
0.00021134078,0
0.00035437322,0
0.00021784987,0
0.00074893085,0
0.00044253585,0
0.00021471013,0
0.0004610353,0
0.00020729982,0
0.0003010488,0
0.0007919884,0
0.00014835183,0
0.00041746433,0
0.0004995815,0
0.00044369983,0
0.00065630773,0
0.0003333947,0
0.00020238903,0
0.0028996454,0
0.000349211,0
0.00088479626,0
0.00019744686,0
0.00040413605,0
0.0006378704,0
0.0013712323,0
0.0005782801,0
0.00077066326,0
0.001340302,0
0.00030624442,0
0.00012246144,0
0.00021491587,0
0.0001473971,0
0.0031817472,0
0.00034667362,0
0.0002755309,0
0.00059957226,0
0.00010238717,0
0.0013526506,0
0.0016845154,0
0.00039096508,0
0.0003085004,0
0.00082766905,0
0.00015201264,0
0.0002871862,0
0.0006832452,0
0.00042987592,0
0.0004156739,0
0.00016486387,0
0.0007868793,0
0.0009544195,0
0.00028194216,0
0.0019511846,0
0.00043658016,0
0.00013917271,0
0.0001331291,0
0.00017994686,0
0.00030697038,0
0.00024257821,0
0.00010454723,0
0.00025576144,0
0.00029329624,0
0.0014008598,0
0.0021411192,0
0.00054416177,0
0.0002807473,0
0.0002254923,0
0.000899269,0
0.00025530256,0
0.0005051159,0
0.00032793242,0
0.00040273299,0
0.00043342775,0
0.00030508795,0
0.00045613828,0
0.0005535828,0
0.00043566502,0
0.00070822035,0
0.00052990526,0
0.00032179264,0
0.0010272637,0
0.0013279193,0
0.00050336967,0
0.0002085802,0
0.0004692385,0
0.00050924637,0
0.00046306834,0
0.00049762474,0
0.0003345446,0
0.0004277085,0
0.0003972241,0
0.00034140827,0
0.00025959045,0
0.0007868793,0
0.0002629358,0
0.0004430682,0
0.00056395755,0
0.00023398783,0
0.00059351977,0
0.000323943,0
0.0012289868,0
0.00018415214,0
0.0006013555,0
0.00077467767,0
0.0006592208,0
0.0002779573,0
0.00033909353,0
0.0005250332,0
0.00038157482,0
0.000363175,0
0.00012459885,0
0.00028394928,0
0.00036493578,0
0.00024711626,0
0.008983639,0
0.00017457189,0
0.00020624575,0
0.00032223747,0
0.0010974287,0
0.00051672955,0
0.00027683325,0
0.0010029004,0
0.00033718836,0
0.00064599235,0
0.00018251415,0
0.0006449849,0
0.00032909727,0
0.00031783848,0
0.00041958515,0
5.4617867e-05,0
0.00042670703,0
0.0004530656,0
0.00045985187,0
0.0019277218,0
0.00070506876,0
0.0002512225,0
0.00023043742,0
0.00020607935,0
0.0010610938,0
0.00024385085,0
0.00015857056,0
0.0001806684,0
0.000638502,0
0.0012153023,0
0.00028648193,0
0.00020995896,0
0.0011071002,0
0.000253367,0
0.00047855786,0
0.00016473833,0
0.0005573743,0
0.00041638457,0
0.00018540841,0
0.00030280298,0
0.00029864896,0
0.0005187161,0
0.00010131976,0
0.00013693169,0
0.00012197121,0
0.00023409113,0
0.00022316304,0
0.00054831384,0
0.00022929352,0
0.0021291305,0
0.0011510012,0
0.00013178214,0
0.00018611709,0
0.00024657586,0
0.0002749991,0
0.00043058605,0
0.00022457587,0
0.0004527772,0
0.0004838737,0
0.00030283353,0
0.00065555115,0
0.00035316483,0
6.6252906e-05,0
0.0009198963,0
0.00018208093,0
0.0002482132,0
0.00012903391,0
0.00039247985,0
0.00023780532,0
0.0002792118,0
0.00020666464,0
0.0006210185,0
9.258557e-05,0
0.00025770545,0
0.00079451053,0
0.0008210754,0
0.00033175483,0
0.00015400884,0
0.0001994951,0
0.00017318438,0
0.00038961804,0
0.0002940911,0
0.00022930706,0
0.0004976055,0
0.0002820587,0
0.00031357576,0
0.0003888581,0
0.00038888791,0
0.00039523386,0
0.00021559333,0
0.0005191036,0
0.00015542565,0
0.00033792778,0
0.0006080657,0
0.0005036766,0
0.00022358666,0
0.000776624,0
0.0011321002,0
0.00028687555,0
0.00021557041,0
0.00035961982,0
0.0006065639,0
0.00019486662,0
0.0003412515,0
0.000545255,0
0.0003465417,0
0.00014238975,0
0.0002698503,0
0.00038830246,0
0.0031711245,0
0.0018994908,0
0.00042582763,0
0.00017500909,0
0.00068862486,0
0.00067918526,0
0.0006407963,0
0.00031519018,0
0.00039316056,0
0.0028035617,0
0.00026945333,0
0.000110849534,0
0.00021402558,0
0.0001715549,0
0.0004692196,0
0.00022461312,0
0.00035641273,0
0.00018082712,0
0.00022434359,0
0.0004596257,0
0.00023147343,0
0.00028833086,0
0.00030962555,0
0.00064315926,0
0.00027109927,0
0.00017300963,0
9.755193e-05,0
0.0005112098,0
0.00013048566,0
0.0002268158,0
0.0005079737,0
0.0004280869,0
0.0012956486,0
0.0001573693,0
0.0007972551,0
0.00058585673,0
0.00034638532,0
0.00017853688,0
0.0004902354,0
0.00037062148,0
0.0006818862,0
0.00027490364,0
0.00023459957,0
9.598144e-05,0
0.0002191366,0
0.0002157743,0
7.705724e-05,0
0.0002273358,0
0.00018013202,0
0.00032535128,0
0.00030117304,0
0.00013447323,0
0.0003207886,0
0.00020149548,0
0.00019000702,0
0.00016866258,0
0.0003875642,0
0.0008818507,0
0.00032243071,0
0.00030223877,0
0.001155679,0
0.00068375614,0
0.0003579009,0
0.02346143,0
0.0004462395,0
0.00023989298,0
0.0008970778,0
0.00041330204,0
0.00037217804,0
0.0010017481,0
0.0005576211,0
7.909785e-05,0
0.00015223541,0
7.757352e-05,0
0.00025656418,0
0.000223868,0
0.00023450336,0
0.00041668315,0
0.0007653374,0
0.0007942047,0
0.0007134654,0
0.0013455929,0
0.000277866,0
9.471031e-05,0
0.00029572603,0
0.00015756741,0
0.00010303708,0
0.00023852018,0
0.00065506,0
0.00048770464,0
0.0007121976,0
9.9289064e-05,0
0.00024505326,0
0.0010245799,0
0.0007074935,0
0.00068425253,0
0.00069765217,0
0.00036752806,0
0.00027413203,0
0.0005268748,0
6.702642e-05,0
6.056812e-05,0
0.0002042262,0
0.001506426,0
0.00019317526,0
0.00077382836,0
0.0001720799,0
0.00062490103,0
0.00012692003,0
0.000574597,0
0.00018679803,0
0.0011084889,0
0.00011631801,0
0.0012377857,0
0.00035984415,0
0.0001237236,0
0.00047504358,0
0.0014943556,0
0.00035940754,0
0.0005644722,0
0.0006232495,0
0.001015737,0
0.00012420573,0
0.00049270777,0
0.0004510837,0
0.0006734128,0
0.00011807126,0
0.00024203517,0
0.00039107978,0
0.00011133369,0
0.00030300187,0
0.00055810006,0
0.0002527252,0
0.00046576018,0
0.0010223603,0
0.00019610304,0
0.00022065788,0
0.00014861458,0
0.00010645741,0
0.0003246297,0
0.00015745743,0
0.00020442951,0
0.00057741476,0
0.00029340156,0
0.00082887284,0
0.0005008328,0
0.00013154806,0
0.00023919433,0
0.0002768735,0
0.00017097345,0
0.00039536602,0
0.00029469814,0
0.00022732916,0
0.00020055725,0
0.00080402486,0
0.00012052087,0
0.00018766112,0
0.00012751791,0
0.0014568447,0
0.00047765172,0
0.00046849373,0
0.0002650971,0
0.00012297546,0
0.00026665782,0
0.00056228647,0
9.172717e-05,0
0.0002280011,0
0.0039345715,0
0.00022406026,0
0.0003477544,0
0.0004297494,0
0.00011901021,0
0.00039522484,0
0.00067523157,0
0.00044150464,0
0.00019338072,0
0.00024367146,0
0.00012644337,0
0.0001573447,0
0.0004835781,0
0.00026901352,0
0.00068498333,0
0.0004363818,0
0.000240334,0
0.00016410492,0
0.00026350725,0
0.00026743728,0
0.00050262903,0
0.0012751247,0
0.0005958832,0
0.00062152196,0
0.00018324115,0
0.00031083755,0
0.00017741475,0
0.00030951126,0
0.00018304918,0
0.0006372414,0
0.00018983366,0
0.00014505906,0
0.0001897779,0
0.00064312364,0
0.00075511786,0
0.0012515121,0
0.00034865292,0
0.0003161589,0
0.00031428205,0
0.000535903,0
0.000105199346,0
0.0025081418,0
0.00029282403,0
0.0003773829,0
0.0005029915,0
0.00039552175,0
0.0006949002,0
0.00014451127,0
0.00021619233,0
0.00036867897,0
0.00211337,0
0.00045186683,0
0.0006603869,0
0.00042614873,0
0.00019407047,0
0.0023696811,0
0.0008533248,0
0.00013923024,0
0.00019289923,0
0.00018167142,0
0.00040286666,0
0.0012528282,0
0.00020350945,0
9.017525e-05,0
0.00034911386,0
0.00079596444,0
0.00011790129,0
0.00020493768,0
0.000401374,0
0.0005064234,0
7.293548e-05,0
0.0019685838,0
0.00028349413,0
0.00034638957,0
0.00028464227,0
0.000172825,0
0.00022934371,0
0.001014022,0
0.00023404541,0
0.0036838318,0
0.00035745345,0
0.00020812525,0
0.00022639087,0
0.00058845384,0
0.0002807493,0
0.00018489058,0
0.00039452154,0
0.00045235516,0
0.00041891384,0
0.00014554987,0
0.00025384958,0
0.00021125504,0
0.0015437766,0
0.00025576033,0
0.00029427448,0
0.00072018016,0
0.00037467826,0
0.00036252086,0
0.00086070725,0
0.00035389164,0
0.00028301272,0
0.00051249535,0
0.0003962453,0
0.0001851152,0
0.0016400929,0
0.00031978905,0
0.0009165326,0
0.000111801965,0
0.00034002002,0
0.00045986043,0
0.00052551867,0
0.00018040906,0
0.00031610392,0
0.0002911785,0
0.00034538194,0
0.00067138334,0
0.0003254914,0
0.00056005816,0
0.00024657586,0
0.0004106919,0
0.00011912643,0
0.0008410469,0
0.00053969334,0
0.00034662377,0
0.0009291354,0
0.0012481491,0
0.0006312532,0
0.00023895562,0
0.000454367,0
0.0016934954,0
0.00039445134,0
0.00025094702,0
0.00021184907,0
0.00017078286,0
0.00085161417,0
0.00029714304,0
0.0009027024,0
0.000637704,0
0.000677062,0
0.00030796792,0
0.0010875644,0
0.0004814027,0
0.0004354816,0
0.00037120463,0
0.0006778819,0
0.00014767688,0
0.00014245276,0
0.000110957684,0
0.0012723276,0
0.00046030356,0
0.00026564952,0
0.00034182225,0
0.00013474844,0
0.0004209899,0
0.00082969124,0
0.0003920573,0
0.0005642957,0
0.0002527721,0
0.00053954776,0
0.00039714162,0
0.00014378261,0
0.00033548736,0
0.00042859744,0
0.00023770898,0
0.00025901225,0
0.00013925807,0
0.00012601308,0
7.1211725e-05,0
0.0005163095,0
0.0002052188,0
0.00017179933,0
0.00035714355,0
0.00016498254,0
0.00022214312,0
0.00014722063,0
0.00034902847,0
0.00032750145,0
0.00019217451,0
0.00024108136,0
0.0009961361,0
0.041462306,0
0.0002967806,0
0.00017760681,0
0.00015602708,0
9.4142604e-05,0
0.00014169092,0
0.0012399748,0
0.00064386136,0
0.00022607775,0
0.0009123621,0
0.0003131502,0
0.00045102762,0
0.00050333876,0
0.0008077874,0
0.0007382396,0
0.0001896403,0
0.0001669011,0
0.00016966103,0
0.00011717372,0
0.00027908658,0
0.00034291323,0
0.0017910635,0
0.00031007692,0
9.6981435e-05,0
0.00051719387,0
0.0006453168,0
0.0006949078,0
0.00039457675,0
0.00014307765,0
0.00041308085,0
0.00016122435,0
0.00077738625,0
0.000115230745,0
0.0002736314,0
0.0008458377,0
0.00012593114,0
0.00013528134,0
0.00011843003,0
0.00042816624,0
0.00037964864,0
0.0004137781,0
0.0007480573,0
0.00015289229,0
0.00056485005,0
0.0016987035,0
0.00023900156,0
0.0037663702,0
0.00012393433,0
7.342793e-05,0
0.0003036064,0
0.00063895696,0
0.00042354676,0
0.0008516421,0
0.00054357445,0
0.00022329774,0
0.00027377234,0
0.0010058959,0
0.0007216535,0
0.0006571874,0
0.0005500888,0
0.00032728634,0
0.00047094934,0
0.00014806628,0
0.0002821772,0
0.00026665558,0
0.0010155303,0
0.0003040097,0
0.00033643175,0
0.00080377876,0
0.00012307907,0
0.00018380056,0
0.0003377576,0
0.00067822804,0
0.00035241325,0
0.00053972,0
0.0001162115,0
0.00027321023,0
0.00042353148,0
0.00043873285,0
0.0011304374,0
0.000121507226,0
0.00013597595,0
0.0023696811,0
0.00047639577,0
0.00017964469,0
0.0001904991,0
0.0002502028,0
0.00037310438,0
0.0005085593,0
0.0005682445,0
0.0008059896,0
0.0008308503,0
0.00013725327,0
0.0002733455,0
0.00022447175,0
0.00021592202,0
0.00031266408,0
0.00090034056,0
0.0007943208,0
0.00013385988,0
0.000327529,0
0.00015657984,0
0.0005260693,0
0.00015448847,0
0.00026188593,0
0.0009785277,0
0.00040408288,0
0.00038911786,0
0.0002588914,0
0.00095785473,0
0.00021786247,0
0.0013643999,0
0.00014385971,0
0.00022511787,0
0.0013321373,0
0.00027771274,0
0.0002595959,0
0.0007495632,0
0.0001228659,0
0.0025495214,0
0.00070186285,0
0.0003134417,0
0.00082040846,0
0.0007951965,0
0.0009493671,0
0.00017557382,0
0.0027679927,0
0.00053935143,0
0.0024062528,0
0.0001935838,0
0.00031889757,0
0.0001894144,0
0.00023324805,0
0.00045240336,0
0.00019193893,0
0.00031566035,0
0.00094340055,0
0.00011814,0
0.0025588379,0
0.0009427086,0
0.0011766393,0
0.00029037453,0
0.00031403062,0
0.00032329865,0
0.0011273654,0
0.00017492945,0
0.00020370595,0
0.000440809,0
0.0004210272,0
0.0001846996,0
0.00019786421,0
0.0007568556,0
0.00044423135,0
0.00033607354,0
0.00013923024,0
0.00019219678,0
0.0008978013,0
0.00071075966,0
0.00034279664,0
0.00062484416,0
0.00026699965,0
0.00017697479,0
0.00027456594,0
0.00013806703,0
0.003010371,0
0.00018118249,0
0.0003637105,0
0.00035546822,0
0.0001200486,0
0.000287967,0
0.00010618498,0
0.00028598303,0
0.00024408175,0
0.00015292375,0
9.778192e-05,0
0.00097075634,0
0.0005593632,0
0.00069159386,0
0.0002264996,0
0.00028032783,0
0.00033903,0
0.00016596167,0
0.0004423676,0
0.00035407406,0
0.00035817252,0
0.00024389727,0
0.00024198121,0
0.00015650196,0
0.00016055162,0
0.0004228048,0
0.00019685632,0
0.00020602226,0
0.000119015574,0
0.00037473103,0
0.00012095687,0
0.00016007385,0
0.00015137903,0
0.00017054702,0
0.00016393482,0
0.00031038586,0
0.0010146472,0
0.0003199345,0
0.0004248811,0
0.0013717251,0
0.0014213149,0
0.00037168132,0
0.00075844675,0
0.0003654142,0
0.00040437555,0
0.00032836496,0
0.00014702218,0
0.00056262116,0
0.00028512688,0
0.00028073703,0
0.00015779064,0
0.00019436363,0
0.0018018987,0
0.00024138337,0
0.0004811498,0
0.00020352524,0
0.00024242014,0
0.00025846114,0
0.00020180571,0
0.00016356105,0
0.0005662732,0
0.00013621776,0
0.00019068366,0
0.00046445717,0
0.00020185743,0
0.0005102657,0
0.00032824394,0
0.00031293667,0
0.00014378308,0
0.00018010536,0
0.00028400173,0
0.00020413278,0
0.00043755944,0
0.00039542624,0
0.0001130446,0
0.00034650543,0
0.0002968086,0
6.640105e-05,0
0.000106604224,0
0.0004945427,0
0.000447729,0
0.00073734595,0
5.663131e-05,0
0.0005053788,0
0.00057376496,0
0.0008163085,0
0.00018282236,0
0.00039867422,0
0.00032059007,0
0.0011004107,0
0.00017312603,0
0.00016879452,0
0.0006576767,0
0.0008185996,0
0.0003625614,0
0.00036050464,0
0.00020887416,0
0.0004631481,0
0.0002409573,0
0.00037578103,0
0.00010246267,0
0.00018770204,0
0.00035859033,0
0.00033338502,0
0.00038608196,0
0.0009910353,0
0.00021139167,0
0.00025610047,0
0.0003123364,0
0.00051835063,0
0.00020843052,0
0.0020138961,0
0.00024377758,0
0.00011230503,0
0.00020290323,0
0.0003114097,0
0.00026122623,0
0.00013026282,0
0.0004549094,0
0.00047090187,0
0.00026183066,0
0.00023014334,0
0.0005768971,0
0.000509966,0
0.00017928919,0
0.00086173194,0
0.0001746804,0
0.00058457535,0
0.0023696811,0
0.00010550827,0
0.00038097097,0
0.00017713723,0
0.00093162846,0
0.00033453444,0
0.00014313619,0
0.0012140489,0
0.00081575767,0
0.00029609405,0
0.000102877326,0
0.0001808175,0
8.93055e-05,0
0.00037243456,0
0.0007078131,0
0.0005334603,0
0.00018329058,0
0.00023664793,0
0.00020824184,0
0.00020685299,0
0.0003244394,0
0.00065782864,0
0.00027367668,0
0.00017579117,0
0.001088013,0
0.000406979,0
0.0016932655,0
0.0003768629,0
0.00059121504,0
0.00050122256,0
0.00045940175,0
0.0003443933,0
0.00024284307,0
0.000452102,0
0.00050036656,0
0.00020435796,0
0.000557293,0
0.00014790683,0
0.00017087058,0
0.0003691015,0
9.931699e-05,0
0.00022160588,0
0.00025473075,0
0.0012500949,0
0.0005352736,0
0.00010227348,0
0.0005143925,0
0.00034983642,0
0.0003134764,0
0.00022253704,0
0.00015185862,0
0.00015650218,0
0.00046190713,0
0.005292576,0
0.00021706976,0
0.00013627825,0
0.0007951965,0
0.00028290247,0
0.000584292,0
0.00024912722,0
0.0002470085,0
0.00047266335,0
0.00034136724,0
0.00015708315,0
0.00019766038,0
7.6440716e-05,0
0.00026023228,0
0.00064132607,0
0.00068542524,0
0.00015914932,0
0.00026141718,0
0.00013621776,0
0.00039617377,0
0.00051002373,0
0.00034381927,0
0.000119261815,0
0.0009217379,0
0.0003005094,0
0.00039496348,0
0.00013044554,0
0.000108695946,0
0.00030039027,0
0.00030822324,0
0.0004837996,0
0.00020482313,0
9.827125e-05,0
0.00013289093,0
0.00014514723,0
0.00010344634,0
0.00012958185,0
0.00029816333,0
0.0007951965,0
0.00031464442,0
0.00044159143,0
0.0008542985,0
0.00018717376,0
0.00035059729,0
0.00022449429,0
0.00028041523,0
0.00010990242,0
0.0003059691,0
0.0001612424,0
0.00082030136,0
0.00084530073,0
0.00028784666,0
0.0012812228,0
0.000112384456,0
0.00013350465,0
0.00016132902,0
0.0002209146,0
0.00054963445,0
0.00031748848,0
0.00085708674,0
0.00018933766,0
0.00020291662,0
0.00025061046,0
0.0003974981,0
0.00049647165,0
0.00018009676,0
7.908966e-05,0
0.0006904131,0
0.00014516174,0
0.00017251665,0
0.0003216308,0
0.0005231647,0
7.5339645e-05,0
0.00033317442,0
0.0004343416,0
0.0002469657,0
0.00022914517,0
0.00063065183,0
0.0007289126,0
0.00036227738,0
0.00031934594,0
0.00045071432,0
0.0003315271,0
0.0004158811,0
0.0009975843,0
0.0004999671,0
0.0018887381,0
0.002442066,0
0.0017402055,0
0.00015178483,0
0.0005246105,0
0.0005392949,0
0.00027731457,0
0.00015752787,0
0.0018221003,0
0.0005778207,0
0.0031579605,0
0.00010291124,0
0.00027290854,0
0.00015615835,0
0.00021818039,0
0.00030429277,0
0.000118964075,0
0.00016687044,0
0.0005395959,0
0.0004527252,0
0.00026216722,0
0.00017113824,0
0.00020678366,0
0.00023743899,0
0.0008646599,0
0.00033873148,0
0.00019083568,0
0.00036115304,0
0.000924497,0
0.00016047356,0
9.905656e-05,0
9.6573334e-05,0
0.00014489793,0
0.00018197774,0
0.00016204761,0
0.00029127128,0
0.0001318824,0
0.00020612283,0
0.0004066676,0
0.00025464,0
8.442222e-05,0
0.00018012642,0
0.0010969047,0
0.00018867567,0
0.0007059114,0
0.0005070487,0
0.00030897697,0
0.00012075029,0
0.0001652312,0
0.00021640425,0
0.0007486471,0
0.00038600003,0
0.00021819443,0
0.00023821082,0
0.00024397497,0
0.00035881836,0
0.0013021203,0
0.00026151977,0
0.00042016478,0
0.00023415974,0
0.0007700574,0
0.00046219828,0
0.0009253136,0
0.0011850735,0
0.00032734277,0
0.0005484443,0
0.00034470682,0
0.0007760793,0
0.00064268004,0
0.0002898438,0
0.0010267579,0
0.00029978162,0
0.000260119,0
0.00028166175,0
0.0004573848,0
0.00014714299,0
0.00014015748,0
0.00047360428,0
0.0021873831,0
0.00013833995,0
0.00041922258,0
0.0002062137,0
0.00016391563,0
0.00025070301,0
0.002775659,0
0.00014970185,0
0.0004254863,0
0.00010306652,0
0.0023696811,0
0.0006637604,0
0.00037271876,0
0.0001171734,0
0.0013165824,0
0.00020390806,0
0.00021159771,0
0.00019115933,0
0.00035534057,0
0.00019319242,0
0.0012277551,0
0.00016662617,0
0.00017401345,0
0.0005318304,0
0.0005043238,0
0.00012386925,0
0.00044777113,0
0.00031239982,0
0.00061070634,0
0.00024849342,0
0.000523794,0
0.0006594998,0
0.0003882754,0
0.00023358513,0
0.0005964738,0
0.00056764437,0
0.00027901388,0
0.0005443986,0
0.00034048368,0
0.0009340633,0
0.00019702635,0
0.0017632536,0
0.00018637518,0
0.0006307117,0
0.00088529295,0
0.00066978444,0
0.0002699794,0
0.00040409356,0
0.00075797434,0
0.00037402948,0
0.0014189635,0
0.00022036998,0
0.00033171644,0
0.00026449145,0
0.0002379598,0
0.00029721114,0
0.00018382304,0
0.00050454086,0
0.00011667235,0
0.000115043294,0
0.00026614888,0
0.00013273471,0
0.0005246999,0
0.0004481014,0
0.0002208415,0
0.00029355948,0
0.0016404458,0
0.00017982026,0
0.00020802878,0
0.00035908248,0
0.0009831949,0
0.00037831257,0
0.0006024304,0
5.993898e-05,0
0.0005222783,0
0.00026614557,0
0.0002736963,0
0.00015554007,0
0.000300878,0
0.00014372758,0
0.0002939061,0
0.0022819056,0
0.0015970054,0
0.00022155757,0
0.00021121182,0
0.00083015225,0
0.00035301154,0
0.0014836016,0
0.00028816296,0
0.0005756419,0
0.0002730742,0
0.0004881816,0
0.0003610033,0
0.00046635262,0
0.0001347893,0
0.00044082757,0
0.0002727481,0
0.0008698403,0
0.0005365172,0
0.00012018872,0
0.000775398,0
0.0005888403,0
0.0001219197,0
0.00043066483,0
0.00019570706,0
0.00031785775,0
0.00015474003,0
0.00017232598,0
0.00037690104,0
0.00060690945,0
0.0013996841,0
0.00014463784,0
0.0013481639,0
0.00034976943,0
0.00021259119,0
0.00079524243,0
0.0018728059,0
0.0004064511,0
0.00020567507,0
0.00016111691,0
0.0003526705,0
0.00040438576,0
0.00046428555,0
0.00019301956,0
0.0010115893,0
0.0027020914,0
0.00016749962,0
0.00043350793,0
0.00072570157,0
0.00025103503,0
0.00016647541,0
0.0005249364,0
0.00011887574,0
0.00014112174,0
0.00039812658,0
0.00075530284,0
0.0003142528,0
0.0004838489,0
0.000109450615,0
0.00015843552,0
0.00035922287,0
0.0002086133,0
0.00036604132,0
0.0006428595,0
0.00025153876,0
0.00057978876,0
0.0003420762,0
0.000620626,0
8.998391e-05,0
0.00014335413,0
0.00014239491,0
0.0001738213,0
0.0002411371,0
0.00052707817,0
0.0003034783,0
0.0004830573,0
0.002442066,0
0.00031506823,0
0.0010388291,0
0.00045812404,0
0.00035379443,0
0.00037995493,0
0.00052305736,0
0.00026702392,0
0.00017703672,0
0.00046907968,0
0.00014187237,0
0.00039832105,0
0.00022785706,0
0.00011576235,0
0.00022759063,0
0.00038347888,0
0.00038369693,0
0.00080615416,0
0.00032556223,0
0.00022018689,0
0.00048466577,0
0.0005651236,0
0.00021766592,0
0.00018270747,0
0.0006024865,0
0.0008053634,0
0.0003816364,0
0.0006038065,0
0.0026083966,0
0.00066068495,0
8.356432e-05,0
0.00072567206,0
0.0007399824,0
0.00047876217,0
0.00043678907,0
0.00044906684,0
0.0005732788,0
0.00080663775,0
0.00033175893,0
0.000350204,0
0.0005787381,0
0.0007232265,0
0.00074470375,0
0.00033647165,0
0.0012017536,0
0.00022774035,0
9.371198e-05,0
0.00091703987,0
0.00022001701,0
0.0006445791,0
0.000530559,0
0.00034068513,0
0.0012857398,0
0.00018264141,0
0.0003831547,0
0.0010481987,0
0.00053966383,0
0.0004285166,0
0.0004187459,0
0.0017736251,0
0.0010345797,0
0.00022197572,0
0.0007170706,0
0.00034751862,0
0.00045832264,0
0.0002763446,0
0.0003454641,0
0.0008975128,0
0.00019070845,0
0.00018439181,0
0.00070440635,0
0.0005827783,0
0.00049157796,0
0.00034890568,0
0.00020015535,0
0.00083280605,0
0.00017292159,0
0.000116304946,0
0.00012983181,0
0.00032582934,0
0.00043766317,0
0.0010275521,0
0.00061178626,0
0.00021801115,0
0.00036305268,0
0.000833238,0
0.00020816056,0
0.00035647798,0
0.000871898,0
0.00038951437,0
0.00013930305,0
0.0001768678,0
0.00029309848,0
0.00022840296,0
0.00023056428,0
0.00028050257,0
0.0003408987,0
0.0008917777,0
0.0002873845,0
0.0012532837,0
0.00022731963,0
0.00024067854,0
0.00034805518,0
0.00048116612,0
9.8243356e-05,0
0.00089091016,0
0.00016344352,0
0.00022520791,0
0.0002133211,0
0.0002628077,0
0.0005801236,0
0.0005332525,0
0.0002336854,0
0.00043491682,0
0.0005679786,0
0.0008441405,0
0.00079158583,0
0.0005473261,0
0.000264398,0
0.00045440215,0
0.0006534108,0
0.00025245704,0
0.00039025137,0
0.0007365738,0
0.00012485107,0
0.0017243739,0
0.0002195905,0
0.0006333182,0
0.0002434463,0
0.00010134871,0
0.00019885067,0
0.005103193,0
0.00026660296,0
0.00053231616,0
0.00049420935,0
0.0005730897,0
0.0012842689,0
0.000109704764,0
0.0001891793,0
0.0020583123,0
0.00045098003,0
0.0002966308,0
0.0003789743,0
0.0004350322,0
0.00040511644,0
0.00011052744,0
0.00022376058,0
0.000451372,0
0.00032006687,0
0.00036392873,0
0.00029102023,0
0.002650892,0
9.0343405e-05,0
0.00032781553,0
0.00041605733,0
0.0011037587,0
0.001800965,0
0.0002720126,0
0.0010802663,0
0.00024298432,0
0.0002596478,0
0.00018190619,0
0.0003574497,0
0.000457007,0
0.0012232057,0
0.0014743677,0
0.00020023313,0
0.00073699903,0
0.00026785437,0
0.00045173318,0
0.00024768425,0
0.00038791882,0
0.00043572413,0
0.0004803313,0
0.00061690714,0
8.028386e-05,0
0.00031098642,0
0.0005180864,0
0.00043594526,0
0.00045145294,0
0.0002560374,0
0.00032625688,0
0.00019868361,0
0.00017186,0
0.0005348643,0
0.0016486716,0
0.00014194823,0
0.0005096877,0
0.00030051474,0
0.000113766895,0
0.00050381373,0
0.0002561691,0
0.00021673384,0
0.0008178878,0
0.00014243796,0
0.00035183146,0
0.0006220146,0
0.00033299925,0
0.000102497215,0
0.0001793484,0
0.00032655994,0
0.0004776721,0
0.00021195675,0
0.00066668703,0
0.000640319,0
0.00028226167,0
0.0003294158,0
0.0003503783,0
0.0007978139,0
0.00088880997,0
0.00035255836,0
0.0003703364,0
0.00028950366,0
0.00019645164,0
0.00030730874,0
0.0033496772,0
0.0003006167,0
0.0002101756,0
0.0008475133,0
0.0006085166,0
0.00030241266,0
0.0002466301,0
0.00023914732,0
0.031638637,0
0.0006724681,0
0.00065054407,0
0.00019479392,0
0.0050716586,0
0.00059257896,0
0.00019297589,0
0.00033377012,0
0.00017778626,0
0.0011388059,0
0.0003675809,0
0.0017830377,0
0.00039757162,0
0.000497914,0
0.00046379928,0
0.0010323928,0
0.00019889498,0
0.00010283958,0
0.00017596828,0
0.00032220478,0
0.00013178363,0
0.00066298444,0
0.00031960843,0
0.0010609638,0
0.001226721,0
0.00043671465,0
0.00055273,0
0.00048473073,0
0.00033445001,0
9.882952e-05,0
0.0010850504,0
0.00042645165,0
0.00014939615,0
0.00063748244,0
0.000589584,0
0.000116125484,0
0.00022596189,0
0.00062125345,0
0.00031076994,0
0.0003431941,0
0.00019169526,0
0.000100676254,0
0.0003704098,0
0.00023734802,0
0.00065860094,0
0.0003230428,0
0.00016993625,0
0.00044436945,0
0.000113502625,0
0.0004103263,0
0.00054416334,0
0.0002665239,0
0.00040053393,0
0.0030610696,0
0.0001650979,0
0.0011832428,0
0.00028922546,0
0.0002142292,0
0.0004362896,0
0.0011113236,0
0.00043067848,0
0.00014960038,0
0.00069115096,0
0.0004269666,0
0.00078379683,0
0.0007668558,0
0.00091379683,0
0.00039537495,0
0.00048783896,0
0.00018305764,0
0.00011790916,0
0.00011211341,0
0.0009350264,0
0.00017388798,0
0.00057709916,0
0.00014418799,0
0.0022168395,0
0.00539746,0
0.00026170292,0
0.00025804152,0
0.00047213645,0
0.0005813903,0
0.00036717145,0
0.00010551878,0
0.00044675582,0
0.0005901682,0
0.000214699,0
0.0007614482,0
0.0010264951,0
0.00027341154,0
0.00026320232,0
0.00022735861,0
0.00033198379,0
0.0003768706,0
0.00018111948,0
0.0001117249,0
0.0010793251,0
0.002593178,0
0.0008111328,0
0.0001847377,0
0.0003023967,0
0.0006066505,0
0.00042328186,0
0.0001765256,0
0.00039285334,0
0.0021909326,0
0.00029876232,0
0.0009817877,0
0.00030575055,0
0.00088363263,0
0.0007150588,0
0.00028694578,0
0.00027276966,0
0.00033442993,0
0.0027828584,0
0.00017880047,0
0.00022757836,0
0.00012787124,0
0.00018010895,0
9.212185e-05,0
0.00019858633,0
0.00012911459,0
0.0001441179,0
0.00013787954,0
0.00014536089,0
0.00036730382,0
0.0002174521,0
0.00018961054,0
0.00061732926,0
0.0007714926,0
0.00020317052,0
0.00033269648,0
0.0002002344,0
0.00021310721,0
0.00016370468,0
0.00047228625,0
0.0003347749,0
0.0011083757,0
0.0007013137,0
0.00022471769,0
0.00071848737,0
0.0002947678,0
0.00036744613,0
0.0004471164,0
0.0002850762,0
0.00015223953,0
0.0007868793,0
0.0003071241,0
0.00019236385,0
0.0005995103,0
0.0016705984,0
0.00017922423,0
0.00032047438,0
6.6027336e-05,0
0.00023655589,0
0.00011088694,0
0.00095715566,0
0.00017975437,0
0.00019112475,0
0.00018548599,0
0.0002774428,0
0.00053423573,0
0.0023443494,0
0.0002086133,0
0.00040113684,0
0.00017877929,0
0.00050491,0
0.00024707094,0
0.00034025245,0
0.00034619035,0
0.00020512927,0
0.00014045066,0
0.000262733,0
0.001348276,0
0.00013220524,0
0.0002632031,0
0.00037195958,0
0.00040474578,0
0.0004706554,0
0.0004458535,0
0.0004534416,0
0.00019073239,0
0.001597549,0
0.00012002562,0
0.035655458,0
0.00022727574,0
0.00018833754,0
0.00026729392,0
0.00067336496,0
0.00015433194,0
0.00034193788,0
0.00033295315,0
0.00031438173,0
0.00021748306,0
0.00056846626,0
0.00065574556,0
0.00040229215,0
9.946683e-05,0
0.00059266353,0
0.00049806014,0
0.00082328974,0
0.0002762364,0
0.00010643814,0
0.0004703312,0
0.0003311758,0
0.0006571799,0
0.00031661638,0
0.00042861744,0
0.00050472876,0
0.00067358214,0
0.00035822627,0
0.0004561641,0
0.00040961642,0
0.000289204,0
0.00019483264,0
0.00021957049,0
0.00023652078,0
0.00015847132,0
0.0004758262,0
0.0005361424,0
0.00017740844,0
8.5880005e-05,0
0.002775659,0
0.00021253781,0
0.00018435097,0
0.00021725024,0
0.038804118,0
0.0002582709,0
0.00046608594,0
0.00045343203,0
0.00043049402,0
0.0002653622,0
0.00025791253,0
0.0004835506,0
0.0007087885,0
0.00039530158,0
0.0019854044,0
0.0001377121,0
7.5914126e-05,0
0.00021987893,0
0.00024993526,0
0.00011095005,0
0.0006431141,0
0.00079498516,0
0.00075904647,0
0.0001244338,0
0.0009797113,0
0.00021992055,0
0.0018259974,0
0.00063464465,0
0.001681994,0
0.00069867854,0
0.0025172017,0
0.00042287295,0
0.00029068533,0
0.00039776892,0
0.00016753226,0
0.00010385671,0
0.00012119132,0
0.0005831394,0
0.00031991786,0
0.00023010332,0
0.0006425408,0
0.0002751689,0
0.0007101059,0
0.00013935273,0
0.00058799365,0
0.0012434267,0
0.00065226835,0
0.00061101693,0
0.00048526007,0
0.00067659497,0
0.00039125484,0
0.00025991522,0
0.00013636914,0
0.0018354462,0
0.00042264033,0
0.00013995598,0
0.00033432,0
0.0011662616,0
0.0004185544,0
0.0005465089,0
0.0002870573,0
0.00055276835,0
0.0005012861,0
0.00036892333,0
0.0002537976,0
0.00050245767,0
0.00014067684,0
0.0010981726,0
0.00052234554,0
0.00012079479,0
0.00011333695,0
0.00013319949,0
0.00012903339,0
0.00023398658,0
0.00024360126,0
7.4794814e-05,0
0.00056372257,0
0.00054474524,0
0.0001669011,0
0.00013179361,0
0.00023516054,0
0.0004414499,0
0.002202676,0
0.0007731766,0
0.00066143554,0
0.00025437353,0
0.00015577603,0
0.00040243362,0
0.0006542364,0
0.00073462725,0
0.00045718663,0
0.00063792814,0
0.00037831083,0
0.00022889445,0
0.00025468197,0
0.000427571,0
0.0009315452,0
0.0002493904,0
0.00052158406,0
0.00016205589,0
0.00028034716,0
0.0002694767,0
0.0002529479,0
0.0005697695,0
0.0007621001,0
0.000550055,0
0.00023921368,0
0.00058501656,0
0.00013661612,0
0.00011105578,0
0.000717709,0
0.0004759379,0
0.00033502062,0
0.0003560644,0
0.00014393512,0
0.00029356367,0
0.0005454563,0
0.0001980608,0
0.0001744761,0
0.00029053885,0
0.00067878613,0
0.0003032023,0
0.0004650554,0
0.00023725876,0
0.000452133,0
0.0004251698,0
7.13013e-05,0
0.0005809514,0
0.0002617949,0
0.000112015216,0
0.00032480847,0
0.003210411,0
0.00066577527,0
0.00041061177,0
0.00017823823,0
0.00029154881,0
0.001582961,0
9.511484e-05,0
0.00044064655,0
0.0005967708,0
0.00053650193,0
0.00038355862,0
0.00025330295,0
0.0008224206,0
0.00029369543,0
0.00018853447,0
0.000602942,0
0.00022460357,0
0.00022439823,0
0.0001768678,0
0.0018151377,0
0.00032305074,0
0.000115199466,0
0.00029741044,0
0.00016260176,0
0.0001915177,0
0.00033165363,0
0.00011224249,0
0.0009410934,0
0.00036339508,0
0.0007535445,0
0.0005410359,0
0.00027587597,0
0.0002121787,0
0.0002130203,0
0.0002062864,0
0.00044822146,0
0.000552409,0
0.0020138961,0
0.00042076482,0
0.00021860859,0
0.00022560847,0
0.00030088474,0
7.1771996e-05,0
0.00062673923,0
0.0003438154,0
0.00019366923,0
0.0012277703,0
0.00043426827,0
0.00022373826,0
0.00042586555,0
9.725527e-05,0
0.00039376007,0
0.00020904162,0
0.00019190747,0
0.00020773635,0
6.666705e-05,0
8.646122e-05,0
0.00013175735,0
0.0019861248,0
0.0016540653,0
0.00014558762,0
0.00042265758,0
7.5955046e-05,0
0.0013453445,0
0.000512335,0
0.0010466098,0
0.0035180426,0
0.0002610953,0
0.0009575256,0
0.0008184319,0
0.00017696049,0
0.00018270517,0
0.0010886845,0
0.00029988066,0
0.0002323999,0
0.00039899963,0
0.00020954726,0
0.00047208933,0
0.00011047773,0
9.223274e-05,0
0.0007315298,0
0.00033743022,0
0.0005119944,0
0.00037940237,0
0.00017201198,0
0.00047203433,0
0.00033409876,0
0.00021182996,0
0.00025937002,0
0.00047483484,0
0.00060605723,0
0.00031726854,0
0.0003460441,0
0.00031651134,0
0.00016063744,0
0.000486398,0
0.00037258546,0
0.0006120449,0
0.00014624596,0
0.000251917,0
0.00047990374,0
0.00043752714,0
0.00015823042,0
0.00046932287,0
0.00030377528,0
0.0032181141,0
0.00037631192,0
0.000104031365,0
0.00046283897,0
0.00024208218,0
0.0008406139,0
0.00021834362,0
0.00012394099,0
0.00010753812,0
0.00015850563,0
0.00036961914,0
0.00052328897,0
0.0006425583,0
0.0005164308,0
0.00034042005,0
0.00075046485,0
0.00061460416,0
0.0001687455,0
0.0007951965,0
0.00048003555,0
0.0002416443,0
0.0001962015,0
0.00017484766,0
0.00048640702,0
0.0003459802,0
0.0040199393,0
0.00014666845,0
0.00053652097,0
0.00039152172,0
0.0017228812,0
0.00029088013,0
0.00016092598,0
0.00060008914,0
0.0001057228,0
0.00017835994,0
0.004767842,0
0.00037702676,0
0.000115628354,0
0.0037318917,0
0.00039676478,0
0.0030682455,0
0.0004470706,0
0.0007438653,0
0.00014393343,0
0.0017264278,0
0.0005669777,0
0.00022053301,0
0.0003057897,0
0.00023053537,0
0.00016324874,0
0.00095438986,0
0.00044791694,0
0.00028321033,0
0.0010903666,0
0.00022255859,0
0.0005551636,0
0.00019747051,0
0.0002410234,0
0.0007443307,0
6.953781e-05,0
0.0006459762,0
0.00024228808,0
0.0006742554,0
0.00042076514,0
0.0009371317,0
0.00030963946,0
0.00025535037,0
0.0016139434,0
0.00083726266,0
0.0002798348,0
0.00063236733,0
0.00012386925,0
0.0003223976,0
9.4100484e-05,0
0.00028811127,0
0.00026831744,0
0.00022774092,0
0.00035670513,0
0.00036149437,0
0.00030805735,0
0.00033831154,0
0.00030407673,0
0.0004340196,0
0.00010092621,0
0.00023524594,0
0.00041774282,0
0.0006232455,0
0.0003138733,0
0.00039305456,0
0.0007976548,0
0.00023186587,0
0.00041307922,0
0.0011217855,0
0.00034837436,0
0.00014951263,0
0.00014484338,0
0.00014208503,0
0.00019846566,0
0.0006554441,0
0.0008586331,0
0.00055946945,0
0.00053569855,0
0.00048633316,0
0.0001915862,0
0.00043595184,0
0.0012656734,0
0.00030381972,0
0.00023221709,0
0.00028278359,0
0.00030148763,0
0.000100689846,0
0.0004566719,0
0.00031998727,0
0.00015666748,0
0.00013057231,0
0.00018553133,0
0.00032773678,0
0.00033675213,0
0.0008299807,0
0.00032808867,0
0.0009410821,0
0.00017885277,0
0.0004310727,0
0.0007872285,0
9.089051e-05,0
0.00035296075,0
0.0011717731,0
0.00015340102,0
0.00041336418,0
0.0003417577,0
0.00032811693,0
0.00037414304,0
0.00092928467,0
0.00025268432,0
0.0004728698,0
0.0010157435,0
0.00065989594,0
0.000967607,0
0.00024975956,0
0.0006987285,0
0.0003643767,0
0.00025577412,0
0.00038652637,0
0.00014719233,0
0.0002650249,0
0.00059212395,0
0.00016016937,0
0.000120451296,0
0.00026905717,0
0.0005909446,0
0.00013049693,0
0.00015381408,0
0.0002610837,0
0.00082766294,0
0.0008243619,0
0.00028380516,0
0.00031359537,0
0.00044151014,0
0.0010310994,0
0.0008039963,0
0.0003487483,0
0.00022405724,0
0.000526415,0
0.0004629315,0
0.0001446272,0
0.00047687607,0
0.00046022967,0
0.0009806181,0
0.00031322974,0
0.00023812233,0
0.00030593277,0
8.524867e-05,0
0.00026765524,0
0.0004432302,0
0.00065273186,0
0.00021627764,0
0.00018523094,0
0.00052214257,0
0.0016728509,0
0.00061289687,0
0.00021019438,0
0.00031440027,0
0.00026124791,0
0.0003724712,0
0.00019604075,0
0.00059371605,0
0.0012790823,0
0.00013391521,0
0.00092367566,0
0.00021792765,0
0.00020141764,0
0.00046000304,0
9.7883574e-05,0
0.00032262475,0
0.0004852048,0
0.0056419084,0
0.00053042884,0
0.00041229106,0
0.0004022887,0
0.0023696811,0
0.00067861314,0
0.00069683196,0
0.00012890356,0
0.00018356902,0
0.00033163858,0
0.0007303008,0
0.001127902,0
0.0002615884,0
0.00035245766,0
0.000391608,0
0.0005627593,0
0.00032702647,0
0.00020529743,0
0.00037033224,0
0.00025204738,0
0.00032551942,0
0.0053198906,0
0.00021809296,0
0.0011032693,0
0.00012843739,0
0.00029860405,0
0.00015301877,0
0.0013800221,0
0.0008863729,0
0.0005368195,0
0.00016063282,0
0.000229894,0
0.0010229766,0
0.00043376512,0
0.0004784757,0
0.0010351562,0
0.00046445866,0
0.0002219094,0
0.0006009846,0
0.0006329921,0
0.0018443424,0
0.00037280493,0
0.00031531337,0
0.00060715084,0
0.0007389122,0
0.00032028518,0
0.0004590427,0
0.0005669057,0
0.0012053692,0
0.00028161652,0
0.0011219011,0
0.00013935273,0
0.0006054799,0
0.00054242136,0
0.00017900542,0
0.00054188847,0
0.0018389678,0
0.00035034082,0
0.00021758137,0
0.00031383533,0
0.001354676,0
0.00045999791,0
0.00029478525,0
0.00044451657,0
0.00024059086,0
0.00021063909,0
0.0002332437,0
0.00048325612,0
0.00038401838,0
0.00011548559,0
0.00031227776,0
0.00082326436,0
0.00014059486,0
0.00027381006,0
0.0011078716,0
0.00017649867,0
0.00060365355,0
0.0003316761,0
0.00040816353,0
0.00022800032,0
0.00014224053,0
0.00014900883,0
0.00020561666,0
0.0033035707,0
0.00042813082,0
0.00024843047,0
0.0001155995,0
0.00023652954,0
0.00021347331,0
0.00044850152,0
0.00023410717,0
0.0009751034,0
0.00013057515,0
0.00033248885,0
0.00044102484,0
0.0011534826,0
0.00014802274,0
0.00020315083,0
9.364761e-05,0
0.00027161912,0
0.0002376014,0
0.00019952309,0
0.00077638176,0
0.0005748553,0
0.00019019631,0
0.00021440268,0
0.0003286476,0
0.00021174901,0
0.0009376122,0
0.0006157167,0
0.00044394343,0
0.0010355806,0
0.00061972055,0
0.002829439,0
0.0012443718,0
0.00019744686,0
0.0005479896,0
0.0008577836,0
0.0002581157,0
0.00064722437,0
0.00050038536,0
0.0025081418,0
0.0006750642,0
0.00018207113,0
0.00018118822,0
0.001953877,0
0.00015874232,0
0.00070689886,0
0.00025347964,0
0.0003179983,0
0.0061699417,0
0.00025072932,0
0.001360242,0
0.0003550686,0
0.0002565336,0
0.0001697366,0
0.00043265213,0
0.00020896507,0
0.00028545948,0
0.00015726825,0
0.00016947815,0
0.0002243138,0
0.00019825793,0
0.00015847132,0
0.00020480414,0
9.38554e-05,0
8.754192e-05,0
0.00011566923,0
0.00023179718,0
0.0008881245,0
0.00021752845,0
0.00012949246,0
0.0002466551,0
0.00040309326,0
0.00048881234,0
0.0005573583,0
0.0003249475,0
0.0011949195,0
0.00040445416,0
0.00019262427,0
0.00018666661,0
0.00023579063,0
0.0007301923,0
0.00010932253,0
0.00040110073,0
0.00026531413,0
0.00014848908,0
0.00089156936,0
0.00020337963,0
0.00047408007,0
0.00010309823,0
0.00031376834,0
0.000114429735,0
0.00023494275,0
0.00020015535,0
0.0002687785,0
0.0002817353,0
8.226433e-05,0
0.00028823482,0
0.00087861595,0
0.0012613522,0
0.0003031378,0
0.00038185588,0
0.00034332558,0
0.00011973682,0
0.000165105,0
0.000167393,0
0.0009282743,0
0.00017533234,0
6.581645e-05,0
9.325224e-05,0
0.0007235702,0
0.00014414199,0
0.00020071251,0
0.00075943465,0
0.0002509485,0
0.0002401048,0
0.0011669846,0
0.0004158076,0
0.00021277758,0
0.00017011301,0
0.00026371088,0
0.00025446733,0
0.0002793609,0
8.144951e-05,0
0.0009847818,0
0.0006053458,0
0.00023829826,0
0.00056269416,0
0.00018005726,0
0.0004211089,0
0.00012655287,0
0.00049420935,0
0.0005520131,0
0.00026769858,0
0.00045240336,0
0.0010608349,0
0.00014794753,0
0.0007880328,0
0.00028080406,0
0.0003763378,0
0.0003247607,0
0.0002445386,0
0.00042165932,0
0.00036632837,0
9.535733e-05,0
0.0005909956,0
0.0005006046,0
0.0002710074,0
0.00010739126,0
0.0001318824,0
0.0009190078,0
0.00021260833,0
0.0023696811,0
0.00026445911,0
0.0001269658,0
0.00024804738,0
0.00026905775,0
0.00069969095,0
0.006812345,0
0.0005880353,0
0.00044260974,0
0.0001554295,0
0.00021254637,0
0.00022509624,0
0.0005494397,0
0.0007868793,0
0.00037195053,0
0.0005067962,0
0.0005695686,0
0.00044511346,0
0.00012952,0
0.00035090267,0
0.00030472435,0
0.00048787566,0
0.00013486083,0
0.00036831966,0
0.00018149601,0
8.730686e-05,0
0.0005404487,0
0.0002618965,0
0.00023259572,0
0.0006333287,0
9.1424816e-05,0
0.00013421314,0
0.0002561562,0
0.00019011236,0
0.0003610781,0
8.3362946e-05,0
0.00031636297,0
0.0005008277,0
0.0026500893,0
0.0007957736,0
0.0009407259,0
0.00015875409,0
0.0002077072,0
0.0007129677,0
0.00042885757,0
0.0004955568,0
0.00017654772,0
0.00081298786,0
0.0003897613,0
0.00017069031,0
0.00031704424,0
0.00025207378,0
0.0001842724,0
0.0012851631,0
0.00067881955,0
0.00030979884,0
0.0015223685,0
0.0020659815,0
0.00021706166,0
0.00016582888,0
0.00028257014,0
0.00037998194,0
0.0010523131,0
0.000653312,0
0.00043098183,0
0.00011740807,0
0.0002066907,0
0.00029701105,0
0.00025847126,0
0.000612385,0
0.00018800245,0
0.00025456882,0
6.71966e-05,0
0.00013048566,0
0.0007593411,0
9.168351e-05,0
0.00025456495,0
0.0005955144,0
0.0006782104,0
0.00023459719,0
0.00051036925,0
0.00053900364,0
0.00043427083,0
0.0005945243,0
0.00050265854,0
0.00027317367,0
9.889368e-05,0
0.00075667544,0
0.00033389535,0
0.00019999316,0
0.0010051708,0
0.00011939209,0
0.00048979773,0
0.0019620787,0
0.00019289606,0
0.00016130801,0
0.00025019862,0
0.00023083042,0
0.00018423707,0
0.0048891357,0
0.00023287229,0
0.00022873086,0
0.00028447033,0
0.0007951965,0
0.00026025294,0
0.00096749933,0
0.00045778896,0
0.0002786599,0
0.0004281738,0
0.0003068675,0
0.00031747078,0
0.00011228891,0
0.00045588386,0
0.00013822503,0
0.0002886317,0
0.0008382794,0
0.0003837523,0
0.00017694448,0
0.00048480227,0
0.00017628295,0
0.0012504357,0
0.000673557,0
0.00012576772,0
0.00019886816,0
0.00028420967,0
0.00039049797,0
0.00032112893,0
0.00030113498,0
0.00035136438,0
0.00056211586,0
0.00050625834,0
0.00044728923,0
0.00017665236,0
0.00024328174,0
7.938627e-05,0
0.00044044934,0
0.00044603157,0
0.00014234011,0
0.00019014585,0
0.00016593949,0
0.0002451058,0
0.00043449548,0
0.00021209507,0
0.00022141292,0
0.0001574477,0
0.00056439626,0
0.00014736492,0
0.0001588008,0
0.00062838744,0
0.0003464049,0
0.00047823778,0
0.0009933873,0
0.0004800617,0
0.000353397,0
0.00020853648,0
0.00049739244,0
0.00029193622,0
0.00021755832,0
0.00021805655,0
0.00013798643,0
0.000640414,0
0.0006757801,0
0.00015362134,0
0.0009763848,0
0.00016060118,0
0.00017914317,0
0.00036248344,0
0.0006678597,0
0.0005812416,0
0.00038155206,0
0.00022888825,0
0.0005937392,0
0.00019826756,0
0.00019407603,0
0.00092245475,0
0.00048897305,0
0.0011059854,0
0.0002567688,0
0.00028414413,0
0.0024488582,0
0.000697007,0
0.0005378282,0
0.0002627245,0
6.86801e-05,0
0.00047992726,0
0.0004549923,0
0.00030304678,0
0.000115199466,0
0.00028726854,0
0.00013450177,0
0.00040054455,0
0.0019223493,0
0.00044621833,0
0.00032193426,0
0.00024402702,0
0.0005741722,0
0.00047558005,0
0.00029721425,0
0.0002456132,0
0.00037358823,0
0.0007868793,0
0.00044636847,0
0.0033490988,0
0.00019478086,0
0.00022848765,0
0.00030947864,0
0.00534879,0
0.0006505758,0
0.00023258451,0
0.00023062955,0
0.00017940483,0
0.0011482843,0
0.0011902907,0
0.00011880178,0
0.00017425072,0
0.00029455728,0
0.0004970749,0
0.0004817613,0
0.00033259924,0
0.00042262537,0
0.0010489426,0
0.00044269013,0
0.00011985742,0
0.00029668683,0
0.00060222787,0
0.00033434952,0
0.002733533,0
0.00013637719,0
0.0007613904,0
0.00033648056,0
0.00029978078,0
0.00026177746,0
0.00018355905,0
0.00044677558,0
6.844074e-05,0
0.0009017069,0
0.00036600386,0
4.9806255e-05,0
0.0001545029,0
0.0025977104,0
0.0010386306,0
0.0001222803,0
0.00028016476,0
0.0016459515,0
0.00042101985,0
0.0011617795,0
0.00013460904,0
0.00025580925,0
0.00025529604,0
0.00017834964,0
0.00019467107,0
0.0007918953,0
0.00037067628,0
0.00018873115,0
0.00013310031,0
0.0011681292,0
0.00028706423,0
0.00047554268,0
0.00045782153,0
0.0006130091,0
0.00025724526,0
0.0007825979,0
0.00026773365,0
0.00023962285,0
0.0005117059,0
0.00014941154,0
0.000765855,0
0.00021463832,0
0.00020887649,0
0.000324325,0
0.0020292378,0
0.00038551155,0
0.0007746621,0
8.837618e-05,0
0.00020326246,0
0.00014797095,0
0.00059718534,0
0.00014862925,0
0.00014977276,0
0.00012936382,0
0.0002726947,0
0.00012781932,0
0.00035388343,0
0.00010571208,0
0.00018062028,0
0.00044609475,0
0.00024798952,0
0.00014713625,0
0.00015337823,0
0.00013960442,0
0.0008839178,0
0.0006420865,0
0.00039498083,0
0.03060912,0
0.00020157824,0
0.0004629214,0
0.00070660055,0
0.0004673579,0
0.0001997991,0
0.0007868793,0
0.00021278988,0
0.0005280777,0
0.0002523048,0
0.0001246231,0
0.00017392317,0
0.00012386925,0
0.000117640375,0
0.00021197689,0
0.00030426693,0
0.0015189647,0
0.0023682266,0
0.00025360234,0
0.00034150327,0
0.0010141507,0
0.00020537822,0
0.00013177411,0
0.000517952,0
0.0007653529,0
0.001191128,0
0.00038524345,0
7.5320204e-05,0
0.00014896525,0
0.0005183052,0
0.00026450303,0
0.0053487895,0
0.00021154112,0
0.0006655498,0
0.00024158483,0
0.00025547534,0
0.00019547965,0
0.00024740075,0
0.0001986034,0
0.00028227692,0
0.00015609061,0
0.00033315996,0
0.0018269641,0
0.0010894119,0
0.00030653193,0
0.00030153026,0
0.0008149269,0
0.0001021023,0
0.00015434703,0
0.00031114713,0
0.00020058535,0
0.00020294382,0
0.00083453,0
0.00021981889,0
0.00039953657,0
0.00025580908,0
0.00014503712,0
0.00016472074,0
0.00029550897,0
0.0001972387,0
0.00020705821,0
0.00013910969,0
0.0010453326,0
0.00024457774,0
0.00014040616,0
0.0001973138,0
0.00038313647,0
0.0003429673,0
0.00027152686,0
0.000345007,0
0.000251482,0
0.00010458504,0
0.00013962205,0
0.00024119069,0
0.00093127374,0
0.0005593473,0
0.0005908455,0
0.000564921,0
0.00037320613,0
0.0008110945,0
0.0004930433,0
0.00010009267,0
0.0002477257,0
0.00012843739,0
0.00038556656,0
0.00013637719,0
0.00062904163,0
0.0017348934,0
0.0002291951,0
0.0003874667,0
9.4324554e-05,0
0.00061528175,0
7.931431e-05,0
0.0008215983,0
0.0011287311,0
0.0002233695,0
0.00045083265,0
0.00025066716,0
0.0005036112,0
0.0009251209,0
0.00034350008,0
0.00022611895,0
0.00076321163,0
0.00035296418,0
0.00018298515,0
0.00024163756,0
9.24295e-05,0
0.00052208366,0
0.0005910574,0
0.00014077312,0
0.00012153925,0
0.00018265667,0
0.00012653931,0
0.0008095291,0
0.00037560664,0
0.00056850567,0
0.00048426792,0
0.00022926286,0
0.00016264613,0
0.00022951885,0
0.00020151761,0
0.00065927795,0
0.00033044865,0
0.00020550277,0
0.0003385515,0
0.0030355519,0
0.00015756741,0
0.0014563694,0
0.00035715612,0
0.0005629628,0
0.00019314254,0
0.00033946158,0
0.0002673535,0
0.00024866758,0
0.00018793317,0
0.00020531524,0
0.00060236355,0
0.0005419823,0
0.00042923895,0
0.00022600534,0
0.00013865752,0
0.00021252784,0
0.00015012201,0
0.00026088196,0
0.00047888336,0
9.5467236e-05,0
6.639396e-05,0
0.0002944454,0
0.00032105463,0
0.0010092,0
0.00042489517,0
0.0002931224,0
0.00032886682,0
0.00019968746,0
0.0013991434,0
7.551326e-05,0
0.001147489,0
0.00018335789,0
0.0007951965,0
0.0018662673,0
0.00025850133,0
0.00020375404,0
0.00034884363,0
0.0003170116,0
0.00017270127,0
0.00055117777,0
0.00014667233,0
0.00022851332,0
0.000213307,0
0.0012181207,0
0.0005630153,0
0.00017984178,0
0.0011054208,0
0.00051764405,0
0.00020802653,0
0.0037995828,0
0.0038608673,0
0.00017675772,0
0.00052620313,0
0.0007119758,0
0.00029941578,0
0.00015222344,0
0.00015041599,0
0.00028671187,0
0.0005403945,0
0.0003694315,0
0.00015631075,0
0.00020633308,0
0.00014766525,0
0.00037289044,0
0.0010479599,0
0.00032967638,0
0.00040658907,0
0.00039923686,0
0.0003352733,0
0.0004091102,0
0.000125306,0
8.4374136e-05,0
0.0004285496,0
0.00055831816,0
0.0004169751,0
0.0001635406,0
0.0018547681,0
0.0023696811,0
0.0008786833,0
0.0004475664,0
9.7025295e-05,0
0.00063150557,0
8.49829e-05,0
0.00062501564,0
0.0009374238,0
0.00043496588,0
0.00025376433,0
0.0006929735,0
0.0012474927,0
0.00016610468,0
0.00036024017,0
0.00087920367,0
0.0005260489,0
0.00021286811,0
0.00076070876,0
0.0010506616,0
0.00023534003,0
0.0004802272,0
0.0006076844,0
0.00020117982,0
0.000113088,0
0.000118878976,0
0.00028059888,0
8.292429e-05,0
0.00021502275,0
0.00055959506,0
0.00011939244,0
0.00024991593,0
0.0007841634,0
0.0006377782,0
0.00046757466,0
0.00046023133,0
0.00015488845,0
0.0001259447,0
0.00023107784,0
0.00023594846,0
0.00086837326,0
0.00017291289,0
0.00011899092,0
0.000450466,0
0.00052884506,0
0.00015373256,0
0.00015337481,0
0.0007406328,0
0.00048165303,0
0.0009388623,0
0.000103891594,0
0.0013022849,0
0.00011364303,0
0.0003954057,0
0.0010291098,0
0.0002479005,0
0.00022080432,0
0.00014327752,0
0.0007841076,0
0.00059334206,0
0.00041602872,0
0.0018674681,0
0.00013474844,0
9.2011964e-05,0
0.0001384865,0
0.00043091734,0
0.00018348623,0
0.0007750666,0
0.002089345,0
0.00015285694,0
0.0002800329,0
0.00011584152,0
0.0016725027,0
9.6345175e-05,0
0.0010711092,0
0.00022029981,0
8.298192e-05,0
0.00020399368,0
0.000373825,0
0.00067124853,0
0.0007418253,0
0.00012754305,0
0.0001948973,0
0.000106735046,0
0.0003184634,0
0.00039636932,0
0.0001538366,0
0.00091785705,0
0.00012579228,0
0.00013118054,0
0.0002649161,0
0.0009743338,0
0.00028292224,0
0.00030231083,0
0.00021631396,0
0.0001223769,0
0.001974721,0
0.00022613622,0
0.00067872065,0
0.00022076324,0
0.0003548053,0
0.000591986,0
0.00014825206,0
0.00027532404,0
0.00023526464,0
0.00036783033,0
0.00043126696,0
0.000115974864,0
0.00018882299,0
0.00024126993,0
0.0011802318,0
0.00012120113,0
0.001566788,0
0.0001992007,0
0.00034286868,0
0.000597245,0
0.0011951332,0
0.00025375234,0
0.00029353474,0
0.0016505958,0
0.00013658492,0
0.00020114219,0
7.293548e-05,0
0.00027240845,0
0.00014630765,0
0.00015968461,0
0.00018260535,0
0.00037169762,0
0.00051159074,0
0.0007868793,0
0.0001377121,0
0.00015454687,0
0.00025452848,0
0.0004935224,0
0.0006491397,0
0.0002878451,0
0.00046932994,0
0.0004503565,0
0.00016729147,0
0.0003062964,0
0.0005523013,0
0.0007801155,0
0.00040721695,0
0.00042745413,0
0.0002345984,0
0.00022592426,0
0.00032990918,0
0.00067688007,0
0.0007108382,0
0.000118551776,0
0.0001385056,0
0.00031157394,0
0.000493044,0
0.00033889597,0
0.0009274436,0
0.00082226977,0
0.00013512006,0
0.0007190346,0
0.0026728937,0
0.0002165596,0
0.00041374625,0
0.00061665557,0
0.0003240533,0
0.0005700706,0
0.0002461151,0
0.0011241843,0
0.00044594522,0
8.3923966e-05,0
0.0003879308,0
0.00037333844,0
0.000377762,0
0.00029171523,0
0.000765092,0
0.00043425494,0
0.0003474224,0
0.0002801637,0
0.00026890484,0
0.0005945622,0
0.00055551884,0
0.00015231536,0
0.0005839469,0
0.0010805897,0
0.00041041168,0
0.0002686069,0
0.00028907575,0
0.0001375637,0
0.00031976114,0
0.0011198717,0
0.0011272962,0
0.00277393,0
0.00027184992,0
0.00035492462,0
0.0005575995,0
9.893657e-05,0
0.00022655081,0
0.00055041653,0
0.00027048707,0
0.0004281784,0
0.00016498254,0
0.00016415305,0
0.001181958,0
0.00037258878,0
0.00085566106,0
0.00017475236,0
0.0001065079,0
0.0002715659,0
0.00057087373,0
0.00018264334,0
0.00037085696,0
0.00038880488,0
0.00034420073,0
0.00031664185,0
0.00015341441,0
0.00012776723,0
0.00013200946,0
0.00038028476,0
0.00017956973,0
0.00042414057,0
0.00030380473,0
0.00033965058,0
0.00015666844,0
0.0012119153,0
0.0004600147,0
9.9600446e-05,0
0.0019384078,0
0.00036945494,0
0.0007583597,0
0.00027049342,0
0.0005904903,0
0.00043984814,0
0.00039446278,0
0.00033375877,0
0.00071193144,0
0.00028255847,0
0.00028053296,0
0.0007609003,0
0.00012274447,0
0.00020862091,0
0.00033414792,0
0.0003145616,0
0.0006562496,0
0.0003611143,0
0.00016785519,0
0.00012134198,0
0.00024879305,0
0.00055627135,0
0.00054771506,0
0.00022418128,0
0.00069209,0
0.0002061433,0
0.00028999007,0
0.0005090262,0
0.0010928768,0
0.00029322563,0
0.00037093728,0
0.000100274716,0
0.00028259624,0
0.00010100589,0
0.00032325336,0
0.0001858261,0
0.00022245961,0
0.001032976,0
0.00019841714,0
0.000244535,0
0.00051242573,0
0.0004141179,0
0.0018550674,0
0.00037081094,0
0.00019981197,0
0.0011498992,0
0.000489365,0
0.00022300822,0
0.0005973984,0
0.0001604969,0
0.0012608527,0
0.000923572,0
0.00060951075,0
7.5038566e-05,0
0.00024500748,0
0.0006931491,0
0.00025500468,0
0.00027055806,0
0.00021637804,0
0.0001377063,0
0.00023357288,0
0.0003679136,0
0.00071005325,0
0.0003085917,0
0.0001677987,0
0.00017042336,0
0.00023347088,0
0.00019163762,0
0.0013292369,0
0.00029114835,0
0.0004394513,0
0.00014503764,0
0.0011473852,0
8.319158e-05,0
0.0009816855,0
0.00044599499,0
0.0001345255,0
0.001364601,0
0.00021854814,0
0.0016151245,0
9.0000234e-05,0
0.0001747713,0
0.00032447558,0
0.005671615,0
0.000177383,0
0.00014385971,0
6.8952155e-05,0
0.0015804012,0
0.001092014,0
0.00065476116,0
0.00018394814,0
0.00025557907,0
0.0011005844,0
0.00023529155,0
0.00030982879,0
0.00022614074,0
0.00042833778,0
0.0006175642,0
0.00015147481,0
0.005102804,0
0.00036751686,0
0.0003049559,0
0.0012553915,0
0.00016566303,0
0.00023781488,0
0.0002355118,0
0.00026479785,0
0.0011466307,0
0.0016620327,0
0.00055001635,0
0.0006622786,0
0.00020144778,0
0.00013923024,0
0.00023653227,0
0.00020736568,0
0.00038515497,0
0.0002849462,0
0.00057056616,0
0.0003152833,0
0.00015460147,0
0.00097163545,0
0.00035187113,0
0.00056462816,0
0.00014393343,0
0.0005249692,0
0.00082912826,0
0.00042188662,0
0.0002800323,0
0.0001843626,0
0.00025238606,0
0.000266965,0
0.0003010925,0
0.00019454723,0
0.0014918435,0
0.00059740676,0
0.00037817546,0
0.00033375755,0
0.00056665647,0
7.778956e-05,0
0.0005560766,0
0.00095576874,0
0.00036317582,0
0.0016932678,0
0.00019432184,0
0.0002639021,0
0.0008209014,0
0.00040140178,0
0.002442066,0
0.0004316331,0
0.00050176494,0
0.0010986826,0
0.000417221,0
9.279204e-05,0
0.00030287742,0
0.00035288598,0
0.00021056221,0
0.00066612894,0
0.001199433,0
0.00022479652,0
0.00032231412,0
0.0003195667,0
0.00031728012,0
0.00082779006,0
0.00013364242,0
0.0005924657,0
0.00038641586,0
0.00084565824,0
0.00054261717,0
0.00021357463,0
0.00022975534,0
0.001519494,0
0.00023059761,0
0.00021371241,0
0.00014320838,0
0.00038955183,0
0.00020000734,0
9.306478e-05,0
0.0003207446,0
0.0017422859,0
0.00060587813,0
0.00018452259,0
0.000116554686,0
0.0014782405,0
0.0006952739,0
0.00026087524,0
0.00044259842,0
9.341146e-05,0
0.0023750442,0
0.00015448847,0
0.00025806966,0
0.00030937232,0
0.00036255407,0
0.00020060709,0
0.0007756575,0
0.00027217675,0
0.00016411398,0
0.0002165596,0
0.00048411108,0
0.0004972931,0
0.000952036,0
0.00018421223,0
0.0006081113,0
0.00030674413,0
0.0009259107,0
0.0003683021,0
0.00041339835,0
0.000861575,0
0.00012495753,0
0.0010748355,0
0.00013452367,0
0.00019907954,0
0.00033629252,0
0.0001903508,0
0.001641889,0
0.00039283314,0
0.00021911802,0
0.00028466425,0
0.00067468244,0
0.00018423914,0
0.0014595559,0
0.00078136113,0
0.00016608027,0
0.00026874195,0
0.00043766317,0
0.00015622762,0
0.00020065714,0
0.00019967415,0
0.00014041226,0
0.00020385195,0
0.00020198563,0
0.00079148245,0
0.0002988237,0
0.00022444867,0
0.0009123015,0
0.00012846007,0
0.00061344204,0
0.0005017522,0
0.0020509497,0
0.00024283145,0
0.0009990031,0
0.00020551281,0
0.001545699,0
0.00036808173,0
0.00069093937,0
0.00042035998,0
0.00041202834,0
0.0016208799,0
0.00026103517,0
0.00075336924,0
0.00028165078,0
0.0007761323,0
0.00080285984,0
0.00034882216,0
0.0020290066,0
0.00014766685,0
0.00027788355,0
0.000861441,0
0.0007011863,0
9.964252e-05,0
0.00018936375,0
0.0009101459,0
0.00028137275,0
0.0003139368,0
0.00033984188,0
0.0003223379,0
0.00028837382,0
0.00051121187,0
0.0003289302,0
0.00030783386,0
0.00034962862,0
0.0023696811,0
0.00014425685,0
0.00015226773,0
0.00024076458,0
0.00028682922,0
0.0006590528,0
0.00017809855,0
0.00022196138,0
0.0001808175,0
0.00032210464,0
0.0008033424,0
0.0005609267,0
0.0004622784,0
0.00021944867,0
0.00023306704,0
0.0005713013,0
0.00018274799,0
0.00012402103,0
0.0005099371,0
0.00062227657,0
0.00015573984,0
0.0019602384,0
0.0010373297,0
0.00031804817,0
0.0004973278,0
0.00020843334,0
0.00014386231,0
0.00076407153,0
0.0002633983,0
0.0003424817,0
0.00015772312,0
0.00033085074,0
0.00035135256,0
0.00021795563,0
0.0023696811,0
0.00018016697,0
0.00021875772,0
0.0005594783,0
0.00012341363,0
0.00018027714,0
0.00035560227,0
0.00024249626,0
0.0010776381,0
0.00028266004,0
0.00044759404,0
0.00053949904,0
0.00029141075,0
0.00089550024,0
0.00013923024,0
0.00014714299,0
0.017237496,0
0.00031832122,0
0.00042887032,0
0.0034606936,0
0.00021981323,0
0.00022967088,0
0.0005092525,0
0.00012980142,0
8.0710175e-05,0
0.0011033351,0
0.0023696811,0
0.00048260577,0
0.00015670323,0
0.00032348066,0
0.0006244485,0
7.955588e-05,0
0.00015432513,0
0.00031018737,0
0.001563452,0
0.0015737136,0
0.002820964,0
0.00021950022,0
7.985254e-05,0
0.0011992742,0
0.000105893036,0
0.0002764639,0
0.00029206148,0
0.00022428042,0
0.000249445,0
0.0007044773,0
0.00013510788,0
9.275085e-05,0
0.00038769605,0
0.00014809468,0
0.00012512504,0
0.0031542033,0
0.00025064926,0
0.00047486144,0
0.00026927202,0
0.00090620026,0
0.00024564407,0
0.00072728255,0
0.00010348627,0
0.0002732209,0
0.00195251,0
0.0010684705,0
0.0004771113,0
0.00018125567,0
0.0005702805,0
0.00034224262,0
0.00022453985,0
0.00022974244,0
0.00034407948,0
0.0001357351,0
0.00055267074,0
0.00021219799,0
0.00016521369,0
0.00044480804,0
0.00084703584,0
0.00076461263,0
0.00041089224,0
0.0001656906,0
0.00012025022,0
0.00046611953,0
0.00020486928,0
0.0002605321,0
0.00018324115,0
0.0003037644,0
0.00045090326,0
0.0003200418,0
0.00061964925,0
0.0023696811,0
0.00018081299,0
0.00042788815,0
0.00016315564,0
0.0014343944,0
0.0005630636,0
0.00043777234,0
0.00022060603,0
0.00013871609,0
0.00026850254,0
0.00025272946,0
0.00058725907,0
0.001717581,0
0.0004450534,0
0.00093452557,0
0.0003816723,0
0.00013144188,0
0.00028860656,0
0.00047852157,0
0.00034659024,0
0.00017119983,0
0.00013982647,0
0.0010326162,0
0.0005045679,0
0.00022466297,0
0.0002870274,0
0.00038676115,0
0.0005189028,0
0.00029774636,0
0.00027565734,0
0.00044345425,0
0.0006407829,0
0.0005526809,0
0.00021304043,0
0.00011681101,0
0.00047428047,0
0.0010748117,0
0.0009028519,0
0.00029292252,0
0.00045489008,0
0.00046666045,0
0.00013118054,0
0.00037823012,0
0.0011054516,0
0.00037126496,0
0.00039247517,0
0.00031319723,0
0.00022940431,0
0.000133356,0
0.0011307765,0
0.00025222608,0
0.00018791578,0
0.00031281495,0
0.00024661073,0
0.0006605396,0
0.0006687109,0
0.00013773821,0
0.00021575268,0
0.0013988038,0
0.00035297836,0
0.00012404971,0
0.0005022965,0
0.0001844214,0
0.0001540938,0
0.00069656904,0
0.00027398136,0
0.00026138293,0
0.0009784248,0
0.0004527588,0
0.00045755832,0
0.00018192203,0
0.0008121066,0
0.00052648137,0
0.00029582536,0
0.0001959809,0
0.00025395985,0
0.00015700904,0
0.00019473732,0
0.0006875318,0
0.00050979876,0
0.000358381,0
0.0004148693,0
0.0001377121,0
0.00046148375,0
0.00034692136,0
0.0003068756,0
0.00013287146,0
0.0005527921,0
0.000369958,0
0.000468193,0
0.0010715845,0
8.2490464e-05,0
0.00024901883,0
0.00023314009,0
0.00014322578,0
0.00013283052,0
0.0001105129,0
0.00019703302,0
0.0002626476,0
0.00033893724,0
0.00051996455,0
0.00017491101,0
0.0002819691,0
0.00012644337,0
0.00029359377,0
0.0005357425,0
0.0007870291,0
0.00027737833,0
0.0009907889,0
0.00033026637,0
0.00012261882,0
0.00039659723,0
0.0003439596,0
0.0004480789,0
0.0005711188,0
7.0531125e-05,0
0.00848585,0
0.0007955278,0
0.00082136045,0
0.0010535566,0
0.00021972421,0
0.00061703153,0
0.00064954185,0
0.0001894518,0
0.0011868819,0
0.00029142312,0
0.00032321888,0
0.0001414284,0
0.0010423821,0
0.00089003635,0
0.00038970934,0
0.0010499517,0
0.0001377121,0
0.00025661563,0
0.0006583962,0
0.0006032129,0
0.0009914532,0
0.00026587938,0
0.00079201406,0
0.00031327744,0
0.00014854484,0
0.00016274209,0
0.00034063356,0
0.005348792,0
0.0016053345,0
0.00035679218,0
0.00031740495,0
0.00046505514,0
0.00047567548,0
0.00052755175,0
0.00015607633,0
0.0006033258,0
0.00016763793,0
0.00015287272,0
0.00029511304,0
0.00032660813,0
0.0004998388,0
0.00021239868,0
0.000108261345,0
0.00083734526,0
0.00027119814,0
0.00014160092,0
0.00056094147,0
0.00024010244,0
0.00010603541,0
0.00027932503,0
5.31509e-05,0
0.0002629545,0
0.00020231919,0
0.00050810585,0
9.921575e-05,0
0.00037574553,0
0.0004326564,0
0.0005223753,0
0.0004614104,0
0.0014028673,0
0.00034041103,0
0.00020763057,0
0.00020720788,0
0.0002315663,0
0.00021919781,0
0.0001904991,0
0.00018482778,0
0.0001318824,0
0.00030628004,0
0.00012843739,0
0.00031748094,0
0.00019492552,0
0.0007012546,0
0.000112198555,0
0.0019589523,0
0.0015231473,0
0.0001870846,0
0.0007620977,0
0.00027391003,0
0.0008339537,0
0.0022423146,0
0.00038249698,0
0.00016498254,0
0.00014802274,0
0.0001824001,0
0.0002602464,0
0.00035270306,0
0.0001708123,0
0.00014006975,0
0.0005891405,0
0.00017462546,0
0.0032601818,0
0.00025863564,0
0.0003209349,0
0.0008272771,0
0.0005286798,0
0.00055476825,0
0.00019103951,0
0.0008320814,0
0.00015913462,0
0.0006209312,0
0.00042976646,0
0.00017778626,0
0.00055038434,0
0.0010149328,0
0.00032265353,0
0.0006272664,0
0.0004895595,0
0.0005322174,0
0.00025359305,0
0.00052776927,0
0.0006179086,0
0.00023052792,0
0.00025656965,0
0.0006195281,0
0.0003207665,0
0.0003222538,0
0.00072396116,0
0.0003119176,0
0.0007940651,0
0.00020773058,0
0.00027548455,0
0.00019764696,0
0.0001816673,0
0.00058154453,0
0.00028078837,0
0.00017245012,0
0.0017053077,0
0.00012386925,0
0.00015537262,0
0.0011601547,0
0.00022418304,0
0.00011944438,0
0.0007173563,0
0.00011416406,0
0.00013149763,0
0.00045435582,0
0.00054019125,0
8.2942715e-05,0
0.000119650605,0
0.00085802114,0
0.00017663166,0
0.00086811284,0
0.0007085677,0
0.00017425072,0
0.00023120955,0
0.0005189022,0
9.062579e-05,0
0.00026020408,0
0.00082895515,0
0.0001504928,0
0.00048656366,0
7.009108e-05,0
0.0006995721,0
0.0016558048,0
0.00064774294,0
0.00061096495,0
0.0001459289,0
0.00040748663,0
0.00094374834,0
0.0001474361,0
0.00014719233,0
9.614659e-05,0
9.448349e-05,0
0.00015577603,0
0.00017041956,0
0.00013444334,0
0.0010064777,0
0.00026573244,0
0.00030484932,0
0.00037402703,0
0.0004052722,0
0.0002322935,0
0.0007176887,0
0.00020835805,0
0.00035386713,0
0.0011653346,0
0.0008101408,0
0.00015929625,0
0.00013593053,0
0.00041439786,0
0.000102854356,0
8.486001e-05,0
0.0003494034,0
0.00025981755,0
0.00017197807,0
0.00018166561,0
0.0021983068,0
0.00045025809,0
0.000370288,0
0.0006875191,0
0.00045216118,0
0.0011364716,0
0.00021818424,0
0.0010573557,0
0.00044245314,0
0.00034483662,0
0.00016229425,0
0.00030210626,0
0.00032265723,0
0.0001820327,0
0.00023435535,0
0.00025398078,0
9.836333e-05,0
0.00039772748,0
0.0004603943,0
0.00069139816,0
0.00020007887,0
0.00016019416,0
0.0007991582,0
0.00026062757,0
0.00030171027,0
0.00032148726,0
0.0006438328,0
0.0006873596,0
0.00019663981,0
0.00038335245,0
0.0033928612,0
0.00030060124,0
0.0005744767,0
0.00017389047,0
0.00064896815,0
0.0002812699,0
0.0009802842,0
0.0010263154,0
0.000103772145,0
0.00017893717,0
0.00046955296,0
0.00020490517,0
0.0023847683,0
0.00026540848,0
0.00031039456,0
0.00018462237,0
0.00023365978,0
0.00018380056,0
0.00054033793,0
0.0008070375,0
0.0005060111,0
0.0023696811,0
0.00039101386,0
0.00035411015,0
0.00088485255,0
0.007625444,0
0.0006131245,0
0.00023307491,0
0.00033681068,0
0.0006617007,0
0.00040337048,0
0.00044934367,0
0.00016614477,0
0.0006073423,0
0.00015665455,0
0.00028780816,0
0.0004829886,0
0.000110652596,0
0.00040470352,0
0.00033838494,0
0.0013403422,0
0.00014017819,0
0.00017183187,0
0.0004244251,0
0.00023741061,0
0.00017944224,0
0.00075681077,0
0.0001699196,0
0.0003377629,0
0.00066737755,0
0.00028977354,0
0.00014819537,0
0.00021701877,0
0.00017747085,0
8.247656e-05,0
0.0006542521,0
0.0005503758,0
0.00022807292,0
8.8000044e-05,0
0.00025552063,0
0.0012476818,0
0.00021814443,0
0.00022541909,0
0.00024121642,0
7.68628e-05,0
0.00034034924,0
0.00034818173,0
0.00023733723,0
0.0007609487,0
0.00022363306,0
0.00017592442,0
0.0013302707,0
0.0005838984,0
0.00013855184,0
0.00017297654,0
0.0009280743,0
0.00017719601,0
0.00037299682,0
0.00021105658,0
0.0030459003,0
0.00014032517,0
0.00034524893,0
0.0009145454,0
0.0003675301,0
0.00015206817,0
0.00040547026,0
0.0001721682,0
0.00040809138,0
0.00017460725,0
0.0028065357,0
0.0031160885,0
0.0013396298,0
0.0022229701,0
0.00047664394,0
0.0011318906,0
0.006456811,0
0.0001554371,0
0.000800783,0
0.0003490594,0
0.00082169817,0
0.00014198532,0
0.0004401932,0
0.0004681038,0
0.0003179312,0
0.00023465868,0
0.0005122948,0
0.0005300212,0
0.00042535827,0
0.00094111735,0
0.00032940047,0
0.00095469283,0
0.00064256275,0
0.00027284378,0
0.0004480856,0
0.00030445063,0
0.0002738403,0
0.0002520992,0
0.00066015375,0
0.0010754773,0
0.0002616367,0
0.0002282316,0
0.0004953446,0
0.000408705,0
0.001046658,0
0.00041947703,0
0.00052587775,0
0.00023123776,0
0.002624042,0
0.0002768957,0
0.00038704198,0
0.0002403402,0
0.00012183747,0
0.00022461916,0
0.0002466246,0
0.00031771223,0
0.00022547712,0
0.00018320596,0
0.00059395056,0
0.0003132192,0
0.00075705524,0
0.00016698246,0
0.00026253797,0
0.00024697153,0
0.00016871134,0
0.00027235004,0
0.0006526034,0
0.00011709661,0
0.00036425446,0
0.0002870386,0
0.00045848146,0
0.0005249907,0
0.00017250882,0
0.00019826298,0
0.000315187,0
0.00018121598,0
0.00017119727,0
0.00010932481,0
0.00073546515,0
0.00042240208,0
0.00015378,0
0.00014302238,0
0.0008005475,0
0.00036686755,0
0.00019571971,0
0.0075176274,0
0.0022452953,0
0.0006969827,0
0.00016299248,0
0.00015765651,0
0.00016900175,0
0.0007228604,0
0.00034384226,0
0.0010068043,0
0.00017187736,0
0.0003167166,0
0.00033329328,0
0.000371359,0
0.00021376694,0
0.00027960894,0
0.00030413645,0
0.0008028114,0
0.00059559103,0
0.00019100202,0
0.00031492783,0
0.000593827,0
0.00026994626,0
0.00026750972,0
0.00026324505,0
0.00046808843,0
0.0011786915,0
0.0003805235,0
0.00034518298,0
0.00051237474,0
0.0010122886,0
7.960291e-05,0
0.0004442469,0
0.00030752795,0
0.0005189315,0
0.00086680515,0
0.00022707794,0
0.00021592184,0
0.0011853153,0
0.000122050835,0
0.0006008464,0
0.00025495162,0
0.00016409694,0
8.842748e-05,0
0.0008200339,0
0.0006306805,0
0.0019647442,0
0.0001912178,0
0.0014503491,0
0.0008497567,0
0.00064735627,0
0.00025697693,0
0.00080373837,0
0.0002683489,0
0.00028033555,0
0.00039128354,0
0.001145708,0
0.0013623487,0
0.00034732994,0
0.00024294664,0
0.00066205766,0
0.00024335645,0
0.000587272,0
0.0007951965,0
0.00032470492,0
0.0003409032,0
0.00031465615,0
0.00021380138,0
0.00024080678,0
0.0006980494,0
0.00043402516,0
0.00084613793,0
0.00029342755,0
0.000104121806,0
8.8405104e-05,0
0.00026518267,0
0.00027919127,0
0.00017430677,0
0.0004518027,0
0.0010055946,0
0.0005789412,0
0.0004141508,0
0.00056851935,0
0.00024895702,0
0.00012658344,0
0.00037566535,0
0.00017297812,0
0.00044435446,0
0.00020281141,0
0.00016680594,0
0.00056827033,0
0.00026103575,0
0.00020690817,0
0.000554411,0
0.0006041477,0
0.0012738251,0
0.0002879028,0
0.00039375477,0
0.00011841462,0
0.00015965772,0
0.000771343,0
0.0008845873,0
0.00047774342,0
0.00015029953,0
0.00024900964,0
0.0006816097,0
0.00053703354,0
0.0005689765,0
0.00016486207,0
0.0002115703,0
0.00022622681,0
0.00032072372,0
0.0002278761,0
0.00037138848,0
0.0003049942,0
0.00031975363,0
0.00019810171,0
0.0011773494,0
0.00015040676,0
0.00045498856,0
0.00024172869,0
0.000121708996,0
0.0005869448,0
0.0002664348,0
0.00045774382,0
0.00012301523,0
0.00075844437,0
0.00035829612,0
0.00015907393,0
0.00018867617,0
0.00027689207,0
0.00022668082,0
0.00012050158,0
0.000766848,0
0.00037619754,0
0.0001466216,0
8.6140906e-05,0
0.00019459215,0
0.0003953825,0
0.00044733696,0
0.00019378749,0
0.0016891407,0
0.0004970652,0
0.00072812254,0
0.00075775076,0
0.00020390505,0
0.00045366123,0
0.00011016657,0
0.00021866661,0
0.00026251798,0
0.0006652421,0
0.00019483264,0
0.00030073707,0
0.00054665934,0
0.00023587843,0
0.0002688842,0
0.00011142765,0
0.00031779998,0
0.0002156218,0
0.0009347738,0
0.000541342,0
0.00022534194,0
0.00029831837,0
0.00019782849,0
0.00042296696,0
0.000533572,0
0.0030348809,0
0.00031817897,0
0.000459019,0
0.0003605721,0
0.00016363211,0
0.0011130304,0
0.00043410226,0
0.0017688927,0
0.00064363214,0
0.0015713305,0
0.0004728842,0
0.00013674157,0
0.00047256052,0
0.00045436108,0
0.00019422373,0
0.0005746932,0
0.00017676443,0
0.0017941864,0
0.00021860859,0
0.0017710128,0
0.00057745655,0
0.0014556979,0
0.0004785817,0
0.00020875236,0
0.0005360999,0
0.00053234596,0
7.741743e-05,0
0.000116118994,0
0.00011290924,0
0.00025558256,0
8.579574e-05,0
0.00018962672,0
0.00079112296,0
0.00017983245,0
0.000101057456,0
0.0001508665,0
0.0005147107,0
0.00030765496,0
0.00034705855,0
0.00044580834,0
0.00016793633,0
0.00085378083,0
0.00029334877,0
0.0005756467,0
0.00022662246,0
0.0003442485,0
0.00023841782,0
0.00064898375,0
0.0016368373,0
0.000108465116,0
0.0010531964,0
0.00018529878,0
0.00026245785,0
0.00022440076,0
0.0005629977,0
0.0004025127,0
0.00074885937,0
0.0007006041,0
0.0005478885,0
0.00093507895,0
0.00039907196,0
0.0004946569,0
0.00045818381,0
0.00031034864,0
0.00045175792,0
0.00038022114,0
0.0004514476,0
0.000752279,0
0.0002437375,0
0.00046109874,0
0.00026544536,0
0.00050640677,0
0.000760644,0
0.0003569045,0
0.00012312412,0
0.00013289093,0
0.00046183454,0
0.002044464,0
0.00040568394,0
0.0007125238,0
0.00035585198,0
0.0004010515,0
0.0008571111,0
0.00056837144,0
9.987915e-05,0
0.0001746072,0
0.00014124597,0
0.00023372464,0
0.000194157,0
0.0003042363,0
0.000816989,0
0.00044797285,0
0.00021606931,0
0.00036464547,0
0.00026595272,0
0.00028813654,0
0.002520166,0
0.00044374028,0
0.0005193471,0
0.0003080991,0
0.0009074,0
8.9085675e-05,0
0.0006046021,0
8.780802e-05,0
0.00040073277,0
0.00056657544,0
0.00031631408,0
0.0003724413,0
0.00015415008,0
0.0012080972,0
0.00019764036,0
0.00043778954,0
0.00061205175,0
0.00015488845,0
0.00013917973,0
0.00024343145,0
0.000393176,0
0.00013712475,0
0.00038696604,0
0.00042677697,0
0.00028253847,0
0.0001718924,0
0.00067689974,0
0.0001377121,0
0.005111206,0
0.00014970185,0
0.0032165842,0
0.00017190726,0
0.00023840537,0
7.2574716e-05,0
0.00015030603,0
0.0005547306,0
0.00015186417,0
0.0011994933,0
0.00052309013,0
0.0002465843,0
9.572079e-05,0
0.0002145345,0
0.00033327503,0
0.00041339835,0
0.00043504147,0
0.00022198512,0
0.001026008,0
8.401078e-05,0
0.0002628464,0
0.00038096312,0
0.0007364534,0
0.00032096085,0
0.00011528049,0
0.00044438543,0
0.00047743483,0
8.193221e-05,0
0.00018236558,0
0.0022819056,0
0.0002780563,0
0.00014802274,0
0.0009068796,0
0.00023284595,0
0.0001763059,0
0.00023807128,0
0.0003056061,0
0.00037120594,0
0.000103035316,0
0.0005217849,0
0.00020863095,0
0.000640449,0
0.00054468337,0
0.00021787334,0
0.00035609683,0
0.00033230917,0
0.0023884631,0
0.00040153257,0
0.00028639942,0
0.00030919368,0
0.00033618786,0
0.00015030487,0
0.0002872424,0
0.00048109924,0
0.0021735835,0
0.00059024914,0
0.000185185,0
0.00017517684,0
0.00027546874,0
0.0006436615,0
0.0012786468,0
0.0002597114,0
0.0013313224,0
0.0004413924,0
0.0005284754,0
0.00021774515,0
0.0006340747,0
0.0005431409,0
0.00039661687,0
0.00030826172,0
0.0012855161,0
0.00025091635,0
0.0022229701,0
0.00029853647,0
9.050565e-05,0
0.00023736025,0
0.00027585437,0
0.00051654805,0
0.00014627988,0
0.0002556331,0
0.00042759927,0
0.00016562545,0
0.00018562411,0
0.0006922336,0
0.00037909593,0
0.00035446606,0
0.0016566237,0
0.00031064,0
0.00035359993,0
8.565917e-05,0
0.0003593157,0
0.0007158362,0
0.00049177697,0
0.0006465151,0
0.00018469292,0
0.00049473345,0
0.00010085453,0
0.00047427934,0
0.000896796,0
0.00017321606,0
0.00012385799,0
0.00052000815,0
0.0003520383,0
0.0005026811,0
0.00011596716,0
0.0004913993,0
0.000114065566,0
0.00038235117,0
0.00037462922,0
0.00033042574,0
0.0004541363,0
0.00046121728,0
0.0007305004,0
0.00016782933,0
0.0008841437,0
0.0013671382,0
0.00029782744,0
0.00018948411,0
0.0021638917,0
0.005013937,0
0.00014783276,0
0.00059570494,0
0.00028475848,0
0.0005840877,0
0.0002916589,0
0.00044190433,0
8.752175e-05,0
0.00021653746,0
0.00050781696,0
0.00067964254,0
0.0006043604,0
0.00020580634,0
0.00018395156,0
0.00041688714,0
0.00035957719,0
0.0016191175,0
0.0002742876,0
0.00020480754,0
0.00012762973,0
0.00020548368,0
0.0006317507,0
0.0003869776,0
0.00038906376,0
0.00035015115,0
0.0005495572,0
0.00024843507,0
0.00026512163,0
0.0005498747,0
0.000465105,0
0.0004939202,0
0.00061127514,0
0.00020023604,0
0.00036165604,0
0.0004142677,0
0.00045517317,0
0.00028923803,0
0.00040273136,0
0.0003572618,0
0.00084014476,0
0.0007701215,0
0.00020950702,0
0.00047223485,0
0.00030193522,0
0.00024107615,0
0.0004965145,0
0.00043198734,0
0.00039558986,0
0.00016593949,0
0.0016941058,0
0.00020842525,0
0.00046157,0
7.8637684e-05,0
0.001666996,0
0.00040930585,0
0.0003791963,0
0.00014485997,0
0.00051069126,0
0.00012804869,0
0.00024302924,0
0.00016593949,0
0.0027726362,0
0.00017579441,0
0.00013505285,0
0.00015405132,0
0.00051901804,0
0.00048484106,0
0.00022565725,0
0.0003863218,0
9.60467e-05,0
0.0005592111,0
0.00033093127,0
0.0002704017,0
0.00040566435,0
0.00028327885,0
0.00031965054,0
0.00067890383,0
0.00045989256,0
0.0016592244,0
0.00017655657,0
0.00017453652,0
0.00013780677,0
0.00020821142,0
0.00051129935,0
0.00018554735,0
0.0005672771,0
0.0012657102,0
0.00017216204,0
0.00016862109,0
0.00041222654,0
0.00042142472,0
0.00034982254,0
0.0005883634,0
0.0003127279,0
0.0009103795,0
0.0004878719,0
0.0003277174,0
0.000552058,0
0.0035707653,0
0.0001295656,0
7.8977704e-05,0
0.00089750433,0
0.0003228042,0
0.00022065997,0
0.00035601208,0
0.0019944443,0
9.998235e-05,0
0.0015451332,0
0.00026210237,0
0.00026235817,0
0.00028310504,0
0.00026755495,0
0.00011006391,0
0.0004067777,0
0.00036205063,0
0.0002647513,0
0.000781153,0
0.0023857586,0
0.00019172966,0
0.0008471063,0
0.00027445663,0
0.00032227105,0
0.00075202907,0
0.00012682445,0
0.00019076638,0
0.0026971027,0
0.0012999402,0
0.0003879789,0
0.0015294973,0
0.00046639834,0
0.00043327938,0
0.0009176174,0
0.00077913643,0
0.00044942118,0
0.000375976,0
0.00042546942,0
0.00029065984,0
0.00038075738,0
0.0030466956,0
0.00018442489,0
0.00026479297,0
0.0006365568,0
0.00012608455,0
0.00016174011,0
0.00065800105,0
0.00019481927,0
0.0007166164,0
0.00014278536,0
0.002202704,0
0.0006485827,0
7.577528e-05,0
0.00022273169,0
0.00013273304,0
0.00016897431,0
0.00022948674,0
0.0013147693,0
0.00041051453,0
0.00030649226,0
0.00048627122,0
0.00018873421,0
0.0007593325,0
0.00030547235,0
0.0006565922,0
0.0006057045,0
0.00039087588,0
0.00047450472,0
0.00017089835,0
0.00042476266,0
0.00020003271,0
0.00029685293,0
0.00013857985,0
0.0010264594,0
0.0011552125,0
0.0004441469,0
0.0003980236,0
0.000104982784,0
0.000640415,0
0.00028520107,0
0.00034760826,0
0.00041697652,0
0.0005362321,0
0.00034894125,0
0.00047012416,0
0.0026397929,0
0.00017911861,0
0.00039973186,0
0.0042200927,0
0.00019772805,0
0.00013057231,0
0.00015577603,0
0.00020015535,0
0.00020113618,0
0.00023962285,0
0.00014894163,0
0.00034746193,0
0.0006409786,0
0.00013193647,0
0.0006988516,0
0.00051409693,0
0.00023315931,0
0.00013778478,0
0.00032753003,0
0.00033632736,0
0.00037540265,0
0.0003748503,0
0.0017183274,0
0.0005916531,0
0.00036435103,0
0.00016990044,0
0.00022449518,0
0.0005668527,0
0.005014009,0
0.0005184207,0
0.0005521049,0
0.00025339134,0
0.0001306241,0
0.00024778792,0
0.0005503107,0
0.00084157253,0
0.00018157484,0
0.00030033832,0
0.0003904265,0
0.0005294165,0
0.00025690725,0
0.0005850572,0
0.0009226391,0
0.00042815148,0
0.00076369033,0
0.00096267916,0
0.00043639555,0
0.00030533652,0
0.00023390501,0
0.0023696811,0
0.006004811,0
0.00015984413,0
0.0002983332,0
0.0032205642,0
0.00045220347,0
0.00054988044,0
0.00037748285,0
0.0038325451,0
0.00021271333,0
0.0005263097,0
0.00055882195,0
0.0007746419,0
0.00031203666,0
0.00030451475,0
0.00049359474,0
0.00075201335,0
0.0009217383,0
0.0005551312,0
0.00043818465,0
0.0027370085,0
0.00036335544,0
0.00033710676,0
0.0003011913,0
0.0018262351,0
0.00017615788,0
0.0006848815,0
0.00073597487,0
0.00026558703,0
0.00025447225,0
7.718871e-05,0
0.0001846848,0
0.00088539906,0
0.0002323999,0
9.1786555e-05,0
0.00014798963,0
0.0007336826,0
0.00041331697,0
0.00079158583,0
0.0003397543,0
0.00081426895,0
0.0002473722,0
0.0002222573,0
0.00035645676,0
0.00025036235,0
0.0018319702,0
0.00024837858,0
0.0009489469,0
0.00027369818,0
7.0974056e-05,0
0.00041250215,0
0.00046694707,0
0.00025725903,0
0.0007410447,0
0.00012221679,0
0.0008968327,0
9.505703e-05,0
0.0010197926,0
0.00013332829,0
0.00022327967,0
8.537372e-05,0
0.003433955,0
0.0003212606,0
0.00018823585,0
0.00012018872,0
9.108136e-05,0
0.00097158033,0
0.00016860152,0
0.0003572616,0
0.00029273814,0
0.0020229125,0
0.0001967062,0
0.0006521193,0
0.0023696811,0
0.00023948734,0
0.002442066,0
0.00057086156,0
9.3206334e-05,0
0.0005629168,0
0.00028939956,0
0.0011769112,0
0.0002537978,0
0.00026911023,0
0.0003356572,0
0.00012386925,0
0.00020106985,0
0.0004349236,0
0.0013378508,0
0.00021728633,0
0.0003543273,0
0.00013920845,0
0.0051590656,0
0.00038096443,0
0.0004641875,0
0.0006806509,0
0.0019423583,0
0.0004877072,0
0.00056799944,0
0.00053518143,0
0.00042357974,0
0.0003071492,0
0.00057842967,0
0.0004609017,0
0.0009300422,0
0.00025374364,0
0.0008496266,0
0.00027499814,0
0.00037122058,0
9.854921e-05,0
0.0031697783,0
0.0007545714,0
0.0002916387,0
0.00019029956,0
0.000111258836,0
0.00045663837,0
0.0001606714,0
0.00077839487,0
0.00026101607,0
6.88057e-05,0
0.00019509267,0
0.0010148197,0
0.0006876599,0
0.00027665833,0
0.0002717348,0
0.0003437118,0
0.00010347895,0
0.0004849073,0
0.00053306785,0
0.00021690455,0
0.0012219817,0
0.00026723003,0
0.00051378825,0
0.00045496458,0
0.00028942295,0
0.00017048846,0
0.00018606184,0
0.00027539386,0
0.00018321695,0
0.00015441614,0
0.00066769496,0
0.00024896383,0
0.0001357351,0
0.00035742982,0
0.0008997723,0
0.00048572672,0
0.00023036974,0
0.00019586922,0
0.00081586704,0
0.000118172866,0
0.00016902204,0
9.266897e-05,0
0.0006733411,0
0.0023696811,0
0.00017325486,0
0.00037661006,0
0.00052760687,0
0.00027467837,0
0.0004812437,0
0.0036456317,0
0.001771842,0
0.0003238482,0
0.00019068793,0
0.00020407583,0
0.00018172094,0
0.00026053755,0
0.00026755547,0
0.0013590058,0
0.00034357677,0
0.00042988098,0
0.0001500672,0
0.00026246495,0
0.00027584593,0
0.00029958985,0
8.91443e-05,0
0.00058427197,0
0.0019293819,0
0.00017983245,0
0.0008533248,0
0.00069587445,0
0.0006362214,0
0.00017812675,0
0.00020180736,0
0.00015893941,0
0.00022876704,0
0.0007067136,0
0.00065562973,0
0.00035337024,0
0.00012762698,0
0.00066764065,0
0.00012708161,0
0.00050566334,0
0.0001744835,0
0.00023402534,0
0.00020784706,0
0.0023295893,0
0.0010108806,0
0.013042652,0
0.00026593285,0
0.028791633,0
0.0004795125,0
0.0006599659,0
0.0005773081,0
0.0015782758,0
0.0002480677,0
0.00014999113,0
0.00053371757,0
0.0005073572,0
0.0001593821,0
0.00028786546,0
0.0003842765,0
0.00014807792,0
0.00091477396,0
0.00042268488,0
0.00037444202,0
0.00026281356,0
0.00017090063,0
0.0005502153,0
0.00023060456,0
0.00017951195,0
0.0019185545,0
0.00048990437,0
0.00015642663,0
0.0005653491,0
0.00017525113,0
0.0015082457,0
8.046322e-05,0
9.048335e-05,0
0.00030524828,0
0.00027258473,0
0.0006569793,0
0.00038201222,0
0.00036519993,0
0.00047912786,0
0.0006408919,0
0.00012242787,0
0.0009557666,0
8.4318635e-05,0
0.0002888118,0
0.0005479173,0
0.0004014184,0
0.00023346946,0
0.00030385065,0
0.00014815056,0
0.00015186297,0
0.0003337832,0
0.000760872,0
0.002171677,0
9.3507435e-05,0
0.0001112935,0
0.000550296,0
0.00026965886,0
0.0004997886,0
0.00020429783,0
0.00023064706,0
0.00019884124,0
0.0005339789,0
0.00029748038,0
0.00035782298,0
0.00077920133,0
0.00013289093,0
0.00037421272,0
0.0004880876,0
0.00033983254,0
0.00030608987,0
0.00032217478,0
0.0002721541,0
7.399812e-05,0
0.00019661093,0
0.00076340314,0
0.00028396084,0
0.00023826493,0
0.0006422815,0
0.0003988671,0
0.00012851154,0
0.0011591284,0
0.0038273968,0
0.00061526825,0
0.001937444,0
0.00036012343,0
0.00019893519,0
0.00033580928,0
0.00021052378,0
0.00033337277,0
0.00017533234,0
0.0003205134,0
0.00012386925,0
0.00025359416,0
0.00051963626,0
0.0006017003,0
0.00035877046,0
0.0006245279,0
0.00038370496,0
0.00087863,0
0.00068745605,0
0.0004335282,0
0.00031068118,0
0.00012792884,0
0.00011227249,0
0.00015689328,0
0.0053295777,0
0.00012274348,0
0.0007218361,0
0.0003804691,0
0.0007566225,0
0.00029060742,0
0.0003358668,0
0.00016309148,0
0.0053487914,0
0.0002066907,0
0.00046243213,0
0.00023388353,0
0.00029457753,0
0.0001945567,0
8.449728e-05,0
0.00043123242,0
0.0010452672,0
0.00012911459,0
0.0008430645,0
0.00027160204,0
0.00086599344,0
0.0010945908,0
0.00011499604,0
0.00027139616,0
0.00023365278,0
0.0006632376,0
0.00012513628,0
0.00066550344,0
0.00044193084,0
0.00010071163,0
0.0008343577,0
0.00054796325,0
0.00021867038,0
0.0002986854,0
0.00026675602,0
0.00034285922,0
0.00020734323,0
0.00050906773,0
0.00035190163,0
0.00024628078,0
0.00029994972,0
0.0004275381,0
0.00020356411,0
0.00024141822,0
0.0006407425,0
0.0008824278,0
0.00013826837,0
0.00036192514,0
0.00085605757,0
0.00024677513,0
0.0004210607,0
0.0009430887,0
0.0008078635,0
0.0012769962,0
0.00020045096,0
0.00063624646,0
0.00044968407,0
0.00017656323,0
0.0008493132,0
0.0008254457,0
0.0004052141,0
0.00017167724,0
0.00015703872,0
0.00020952369,0
0.00019305934,0
0.00022709602,0
0.0007552079,0
0.000323943,0
0.0001253916,0
0.00030916661,0
0.0003255386,0
0.0001983095,0
0.0005875548,0
7.768315e-05,0
0.00034313917,0
0.0003379895,0
0.000516921,0
0.00014037685,0
0.00076561386,0
0.000232713,0
0.00026285852,0
0.0057651894,0
0.000249206,0
0.00037585763,0
0.00021758137,0
0.00058833475,0
0.00013923024,0
0.00035464988,0
0.00043906082,0
0.00017275,0
0.0001877304,0
0.0018817836,0
0.00029070748,0
0.00045319964,0
0.00028300405,0
0.0003210953,0
0.0003617371,0
0.00015229465,0
0.00049738004,0
0.0005914581,0
0.0004442484,0
0.0004103879,0
0.00074435485,0
0.00057874154,0
0.00045013882,0
0.0006549271,0
0.0006039935,0
0.0011951089,0
0.0006414933,0
0.00033089297,0
0.00030474004,0
0.0003437607,0
0.00070627657,0
0.00014918775,0
0.00024347109,0
0.00016227923,0
0.00015657968,0
0.00020291662,0
0.0006620122,0
0.0005065897,0
0.0007239556,0
0.00041402678,0
0.00029691914,0
0.001558122,0
0.0006002348,0
0.0008961961,0
0.00045437625,0
0.0006261048,0
0.00016335012,0
0.0002783181,0
0.0006542599,0
7.1351475e-05,0
0.00021544473,0
0.0011669924,0
0.0004203079,0
0.00071283075,0
0.00018762365,0
0.00031870542,0
0.00039639365,0
0.00022359332,0
0.00038013107,0
0.00019892605,0
0.00022009887,0
0.00019827993,0
0.00030069525,0
0.00010597983,0
0.0002735837,0
0.00012579228,0
0.001641889,0
0.00087050383,0
0.00012975009,0
0.0002625477,0
0.000989988,0
0.0011289048,0
0.00027985964,0
0.00032613453,0
0.00024727534,0
0.00022075367,0
0.00019932205,0
0.000606581,0
0.00090761925,0
0.00070486695,0
0.0003295704,0
0.0008208505,0
0.00035282614,0
0.0013629805,0
0.00058338995,0
0.00018836274,0
0.00024243379,0
0.00038029053,0
0.00034778024,0
0.0007268173,0
0.0066737626,0
0.00021360436,0
0.00035122377,0
0.0012207822,0
0.00031031255,0
0.0003478589,0
0.0002178418,0
0.00033571836,0
0.0030645942,0
0.000794252,0
0.00014948919,0
0.0004992999,0
0.00024358783,0
0.00040939386,0
0.0003034222,0
0.00024077711,0
0.002442037,0
0.000537985,0
0.0006910182,0
0.00064320076,0
0.0019031499,0
0.00014367678,0
0.00031541332,0
0.00025884103,0
0.0006846674,0
0.00010319652,0
0.0004991695,0
0.00022923805,0
0.0009983754,0
0.0005421482,0
9.714434e-05,0
0.00030071766,0
0.00038887162,0
0.00037968523,0
0.0013806032,0
0.00056516053,0
0.0013228301,0
0.040367465,0
0.00028557892,0
0.0005211272,0
0.00023952663,0
0.00023946406,0
0.0005043343,0
0.0005280839,0
0.00019499063,0
0.00032290193,0
0.00030699634,0
0.0002774876,0
0.0007804819,0
0.0006360877,0
0.0006792648,0
0.00040811065,0
0.0002929411,0
0.00037892454,0
0.0015281864,0
0.00038390243,0
0.00012549406,0
0.00043334576,0
0.00038232264,0
0.0006838042,0
7.125827e-05,0
0.000806725,0
0.00036567586,0
0.00016049213,0
0.00016830285,0
0.00034401967,0
0.00013059514,0
0.00013474844,0
0.000119663855,0
0.00022477849,0
0.00016890946,0
0.001578195,0
9.7488264e-05,0
0.00026966003,0
0.00059236394,0
0.00020507922,0
0.0021924132,0
0.00016717333,0
0.00038024856,0
8.432752e-05,0
0.00013269484,0
0.00033161402,0
0.00042636503,0
0.00020841572,0
0.000114092974,0
0.00042721772,0
0.00022147081,0
0.0006529618,0
0.0001263728,0
0.001019795,0
0.00020848098,0
0.0002631872,0
0.0004444582,0
0.00036550866,0
0.00019397301,0
0.0007242978,0
0.0012953476,0
0.00027526912,0
0.00012553076,0
0.00043302268,0
0.00025758843,0
0.00041629828,0
0.0002188285,0
0.00037479785,0
0.00019033674,0
0.00019153682,0
0.0005451507,0
0.00030399204,0
0.00037481816,0
0.00012987806,0
0.00017183187,0
0.00054781564,0
0.00043659148,0
0.00023063707,0
0.0010048238,0
0.0001714321,0
0.00014647657,0
0.00078968424,0
0.0007733773,0
0.0004077992,0
0.000582301,0
0.00017181026,0
0.00062879536,0
0.00026749566,0
0.00033226362,0
0.00015044148,0
0.0016505958,0
0.000727398,0
0.00019260762,0
0.00083228434,0
0.00020047482,0
0.00036620404,0
0.00021348355,0
0.0004903946,0
0.00014219084,0
0.00016919762,0
0.00023422451,0
0.00072292855,0
0.00057606143,0
0.0013143594,0
0.0009617956,0
0.0009754308,0
0.00034757835,0
0.0008279697,0
0.00026884375,0
0.00083533186,0
0.00043082287,0
0.00021763264,0
0.0003704419,0
6.192017e-05,0
0.00023455832,0
0.00025964636,0
0.00055769365,0
0.00039972234,0
0.0007207788,0
0.00014201037,0
0.00019221214,0
0.00044164518,0
0.0001587848,0
0.00032095477,0
0.00049932156,0
0.0003241068,0
0.00015523304,0
0.0003164526,0
0.00038417062,0
0.0006690944,0
0.000112887305,0
0.00059159636,0
0.0003056739,0
0.0020737713,0
0.0009816198,0
0.00012537104,0
0.00032825317,0
0.00034476197,0
0.00015368138,0
0.0008969094,0
0.0006725432,0
7.0927854e-05,0
0.0013587022,0
0.00028150203,0
0.0023696811,0
0.0009346135,0
0.00017984178,0
0.0001463233,0
0.00026332532,0
0.00097610074,0
0.0002243343,0
0.00016411951,0
0.00025143047,0
0.0006061901,0
0.0007868793,0
0.00048608283,0
0.0008761397,0
0.00036596047,0
9.830766e-05,0
0.00023668857,0
0.00030309142,0
0.0015855,0
0.00039315587,0
0.0004725277,0
0.00015488395,0
0.00029792095,0
0.0018809029,0
0.00036267476,0
0.00031032413,0
0.00024545044,0
0.0002310535,0
0.00029233375,0
0.0015179473,0
0.0019788784,0
0.0009410098,0
0.00044168695,0
0.00014307178,0
0.0024278853,0
0.0002793756,0
0.0002577386,0
0.00033935148,0
0.0005551836,0
0.00020299084,0
0.00019015837,0
0.00031453848,0
0.00032245083,0
0.00056208903,0
0.00077691284,0
0.00017505056,0
0.00028987238,0
0.00031288888,0
0.00017425072,0
0.00018590814,0
0.00020304402,0
0.0005854549,0
0.00047354877,0
0.00017983245,0
0.00016220003,0
0.00051687076,0
0.00069971615,0
0.00017418836,0
0.00041547068,0
0.0010871406,0
0.0014601179,0
4.846214e-05,0
0.00010877534,0
0.00045227032,0
0.000359402,0
0.00092991255,0
0.00049077114,0
0.0006617036,0
0.00020725494,0
0.0003342852,0
0.00037146852,0
0.00023684754,0
0.0004956218,0
0.00034721155,0
0.00015448847,0
0.00018635,0
0.0007514486,0
0.00019374835,0
0.00043391943,0
0.00023689034,0
0.0006494033,0
0.0001565774,0
0.00020652599,0
0.00025930282,0
0.00061737845,0
0.0005014825,0
0.00031970037,0
0.002079641,0
7.167655e-05,0
0.0006597116,0
0.0010845055,0
0.00074290234,0
0.00010618566,0
0.0022831652,0
0.00017275,0
0.0006710151,0
0.0003699338,0
0.00037150053,0
0.00028611172,0
0.0002524536,0
0.0002423881,0
0.00022935345,0
0.00047415245,0
0.00015573076,0
0.00023790431,0
0.000118261414,0
0.0003282777,0
0.00010134798,0
0.00044161198,0
0.00025480904,0
0.000695857,0
0.0006948799,0
0.0012953476,0
0.0006669724,0
0.0002489319,0
0.0016220837,0
0.00029747008,0
0.0010989369,0
0.0021788687,0
0.0002801559,0
0.00039434072,0
0.00035038823,0
0.00016834786,0
8.575876e-05,0
0.00021657451,0
0.00043961903,0
0.0014846245,0
0.00047730142,0
0.00017073256,0
0.00017526606,0
0.00016043236,0
0.00066927896,0
0.00069627934,0
0.00026718812,0
0.0010250701,0
0.0004001289,0
0.00015400884,0
0.00027796475,0
0.0001286183,0
7.445021e-05,0
0.00058937457,0
0.0003215607,0
0.00026768443,0
0.00047513895,0
0.00017066344,0
0.00019548523,0
0.00046001578,0
0.00041758505,0
0.00016662617,0
0.0009146606,0
0.00057919224,0
0.00050269166,0
0.0005480754,0
0.00080795394,0
0.0013280076,0
0.0004066576,0
0.000691812,0
0.0001012913,0
0.0011487501,0
9.545204e-05,0
8.128987e-05,0
0.00041166774,0
0.0003180505,0
0.0005615393,0
0.00036441215,0
0.00027630827,0
0.00022158082,0
0.00022633985,0
0.0004005071,0
0.00044487193,0
0.00090190873,0
0.000544393,0
0.00016839245,0
0.0005013255,0
0.00027743145,0
0.00028974295,0
0.00016078507,0
0.00026470586,0
0.0049772784,0
0.0003229063,0
0.0010468618,0
0.0004569953,0
0.000341276,0
0.00020521486,0
0.000108750966,0
0.0007462257,0
0.00017833424,0
0.0006049294,0
0.00026022762,0
0.005177651,0
0.0036245536,0
0.00034944687,0
0.00028943855,0
0.000962067,0
0.0005454452,0
0.0012658508,0
0.00022257247,0
0.00018554735,0
0.00011218854,0
0.00018013202,0
0.0005569968,0
0.0012587986,0
0.0009238394,0
0.000164081,0
0.00057614857,0
0.0005827381,0
0.00064525666,0
0.0003460028,0
0.00046669363,0
0.0017045705,0
0.0001711403,0
0.00027201092,0
0.0006229233,0
0.0008378731,0
0.00025411684,0
0.00022175859,0
0.00094338984,0
0.00017836489,0
0.00034885833,0
0.00025733313,0
0.00017912581,0
0.0004323375,0
0.00030102686,0
0.00036843593,0
0.0002713319,0
0.00011023146,0
0.0017653914,0
0.00026887914,0
0.00025510127,0
0.000114078015,0
0.00018150163,0
0.000228271,0
0.00052615884,0
0.00095751707,0
0.00050335727,0
0.00013935273,0
0.00043076352,0
0.00022422617,0
0.00018950163,0
0.00010038876,0
0.00022401285,0
0.00029355154,0
0.0011504911,0
0.00020745314,0
0.00029003897,0
0.00057856773,0
0.00045447864,0
0.00026932528,0
0.0003402775,0
0.0005209181,0
0.00045197192,0
0.00011329502,0
0.0014303115,0
0.00055766525,0
0.00042384895,0
0.00020085913,0
0.00012137841,0
0.0001588236,0
0.00054064975,0
0.0004886553,0
0.0007564548,0
0.00057521585,0
0.0004922704,0
0.00027068614,0
0.00014876146,0
0.00052807026,0
0.00038427336,0
0.00034158342,0
0.00012098797,0
0.0005080087,0
0.00016663982,0
0.0001471491,0
0.00019177841,0
0.00044435344,0
0.0006588903,0
0.00011938481,0
0.00041972904,0
0.0006763871,0
0.00024857026,0
0.00024907012,0
0.0011267111,0
0.00038157558,0
0.0021074375,0
0.00027624136,0
0.00018488381,0
0.0001173676,0
0.0001090654,0
0.0001928644,0
0.00014024177,0
0.00023019855,0
0.00112612,0
0.00027359568,0
0.0018431325,0
0.000906003,0
0.00021056221,0
0.00045301014,0
0.00039901835,0
0.00017255681,0
0.00027471586,0
0.00021952733,0
0.00020580634,0
0.00021686312,0
0.00041099463,0
0.00034590744,0
0.0013236146,0
0.0007670493,0
0.00013218347,0
0.00013118054,0
0.0005048391,0
0.0003586207,0
0.00021558769,0
0.0025056729,0
0.00014385971,0
0.000541617,0
0.00017567354,0
0.0003136507,0
0.0003288088,0
0.00015400884,0
0.00034441942,0
0.0004164823,0
0.00016133666,0
0.00012375411,0
0.0001992452,0
0.00048091775,0
0.0012148903,0
0.002442066,0
0.0006236984,0
9.919704e-05,0
0.0010381794,0
0.00040784336,0
0.00045988878,0
0.00039011127,0
0.00036299863,0
0.00054812594,0
0.00052095216,0
0.0009906292,0
0.00014862925,0
0.00067320745,0
0.000328392,0
0.0002600944,0
0.0007170535,0
0.00013742711,0
0.0004989609,0
7.652727e-05,0
0.00023908347,0
0.00015999071,0
0.0004967615,0
0.00022650232,0
0.0010443651,0
0.0003000045,0
0.0004838283,0
0.0031011761,0
0.0006252296,0
0.00033609066,0
0.0007200022,0
0.0003716808,0
0.0005974193,0
0.00033646877,0
0.0006089449,0
0.0002013787,0
0.0001801847,0
0.00038824204,0
0.00013954422,0
0.00015519398,0
0.0001575181,0
0.0006570494,0
0.00027486347,0
0.00015782483,0
0.00026826165,0
0.00047397846,0
0.0002621963,0
0.00064758316,0
0.0001799471,0
0.0004363593,0
0.00013381625,0
0.0001447126,0
0.00011593849,0
0.0005144461,0
0.00015379759,0
0.00016183416,0
0.000115327355,0
0.00039768656,0
0.00044449867,0
0.00022450327,0
0.00029606736,0
0.00017045872,0
0.00024446353,0
0.00030046757,0
0.00047789034,0
0.00016013425,0
0.00014746461,0
0.00031825344,0
0.00072950195,0
0.0002807422,0
0.0003107059,0
0.00011336845,0
0.00032236622,0
0.00041682346,0
0.0005703902,0
0.00027654468,0
0.00030405712,0
0.00019744686,0
0.0002710499,0
0.0001020214,0
0.00024400238,0
0.0011589061,0
0.0012410795,0
0.00019489389,0
0.00022497796,0
0.00058581587,0
0.00045226785,0
0.0001318824,0
0.0004001479,0
0.00019479392,0
0.00012122416,0
0.00033827228,0
0.000649853,0
0.0003641767,0
0.00011530551,0
0.0007316385,0
0.0003389932,0
0.00039544769,0
0.0012089164,0
0.00026189123,0
0.0005600294,0
0.0003967476,0
0.00031953608,0
0.0003368391,0
0.000602918,0
0.0005013574,0
0.00024898583,0
0.00024987862,0
0.0005788748,0
0.00057719235,0
0.00031500592,0
0.00031866017,0
0.00073926547,0
0.00027177643,0
0.0016796134,0
0.0020717506,0
0.00014472747,0
0.00013345847,0
0.00055627135,0
0.00025494565,0
0.0008671762,0
0.0009968424,0
0.0006596863,0
0.00036022914,0
0.0001571645,0
0.0011086366,0
0.0002487993,0
0.00020642352,0
0.00094762415,0
0.00018918574,0
0.00039345818,0
0.0002378009,0
0.0002451064,0
0.00035435497,0
0.0002990734,0
0.00017250425,0
0.0004552985,0
0.00053458026,0
0.0003524028,0
0.00033449213,0
0.0007648609,0
0.0005305903,0
0.0002068248,0
0.0004015413,0
0.00019723839,0
0.00038274974,0
0.00017609957,0
0.00058855367,0
0.0012057181,0
0.00025994607,0
0.00072380906,0
0.0001647475,0
0.00030484342,0
0.0012007278,0
0.00041086721,0
0.00046563547,0
0.00067992083,0
0.00014982437,0
0.00055612344,0
0.00015900382,0
0.0012082899,0
8.70961e-05,0
0.000245592,0
0.00039322325,0
0.00028563716,0
0.00012644337,0
0.00071842794,0
0.00023473529,0
0.00027904793,0
0.00020332375,0
0.0002471967,0
0.00012676914,0
0.00016219003,0
0.00026021342,0
0.0003762659,0
0.00029616203,0
0.0005634196,0
0.0011064934,0
0.00019146036,0
0.00019361549,0
0.0001998934,0
0.000732709,0
0.0005882827,0
0.00014103718,0
0.0012135757,0
0.00028839716,0
0.00059978856,0
0.0005685338,0
0.0003363953,0
0.0004870213,0
0.000358724,0
0.00053576083,0
0.00040095483,0
0.0004709001,0
0.00014839448,0
0.00037241587,0
0.00035493987,0
0.0004010925,0
0.0010643778,0
0.0005052832,0
0.00097389176,0
0.00046494542,0
0.00017124349,0
0.00011977865,0
0.0001349748,0
0.00020447698,0
0.0010485258,0
0.00023320089,0
0.0018185632,0
0.00022453933,0
0.00041778255,0
0.00016469053,0
0.00027945242,0
0.00030733144,0
0.00013350054,0
8.671329e-05,0
0.0002478384,0
0.00014370056,0
0.00018817425,0
0.00034830553,0
0.0013290445,0
0.0007597387,0
0.00046292305,0
0.0004896456,0
0.00020347013,0
0.000350919,0
0.0004759879,0
0.00029342755,0
0.00039953657,0
0.00020641657,0
0.00022508805,0
0.007532701,0
0.0006494222,0
0.00015639307,0
0.0021463828,0
0.00026259318,0
0.00033778176,0
0.0002461166,0
0.0007868793,0
0.00046518966,0
0.0005470164,0
0.00010058541,0
0.00016239301,0
0.0014793545,0
0.00033337183,0
0.0045607197,0
0.0005013101,0
0.0006348971,0
0.00050171465,0
0.00026458869,0
0.000698628,0
0.00019219678,0
0.00028907513,0
0.00032701017,0
0.00033751488,0
0.00012969118,0
0.0005529688,0
0.00044000932,0
0.00022216099,0
0.00015185564,0
0.00044151128,0
0.00038622785,0
0.0008803201,0
0.00056957593,0
0.0018431654,0
0.00047743123,0
0.0003632428,0
0.0011218092,0
0.0010119723,0
0.0004463253,0
0.00012914576,0
0.00023069239,0
0.00015400884,0
0.0010227346,0
0.00028681,0
0.00015202026,0
0.00018703411,0
0.00024821478,0
0.00018273252,0
0.00027291215,0
0.0015407566,0
0.046091925,0
0.00020457922,0
0.0010231764,0
0.0007676558,0
0.0005265156,0
0.00069785235,0
0.00033434937,0
0.00021752404,0
0.00015652255,0
0.00054563454,0
0.00044426296,0
0.0004483178,0
0.0005016973,0
0.00045573697,0
5.271213e-05,0
0.001503211,0
0.00018897025,0
0.00016023831,0
0.00015495055,0
0.0006272012,0
0.00018091465,0
0.0003292601,0
0.00040488387,0
0.0002748984,0
0.00032790905,0
0.00028443363,0
0.00046938797,0
0.000428432,0
0.00031517382,0
0.0004016856,0
0.00041566236,0
0.00039167187,0
0.00080975605,0
0.0003477376,0
0.0012754565,0
0.00039174815,0
0.00048445826,0
0.0002637424,0
0.00081586704,0
0.0003253753,0
0.00036768353,0
0.00052218616,0
0.00041176972,0
0.00036567857,0
0.00026097614,0
0.00035326436,0
0.00020429783,0
0.0006646909,0
0.00020901203,0
0.00020803873,0
0.0006165963,0
0.0016542356,0
0.0006913871,0
0.00018244998,0
0.0005849426,0
0.0013718103,0
0.0011487169,0
0.00073212734,0
0.00019245411,0
0.00045124895,0
0.0007261028,0
0.00017379945,0
0.00037524037,0
0.00042335293,0
0.00021790754,0
0.0007126914,0
0.0016165652,0
0.00031945793,0
0.00021226959,0
0.00029310872,0
0.00031734115,0
0.0002560244,0
0.0004655625,0
0.00029018804,0
0.00015201153,0
0.00057025347,0
0.0010575936,0
0.00023722445,0
0.0002196991,0
0.00029816193,0
8.303491e-05,0
0.0007022878,0
0.00023066768,0
0.0002451465,0
0.00039698588,0
0.000121661345,0
0.00018164073,0
0.0003332477,0
0.00046115866,0
0.0008906432,0
0.00020760323,0
0.0013690846,0
0.00034449095,0
0.0003052239,0
0.00029475996,0
0.00029401376,0
0.00063754094,0
0.000494077,0
0.0003125271,0
0.00015490396,0
0.00024970286,0
9.477435e-05,0
0.00074218545,0
0.00026868816,0
0.000633885,0
0.0004297376,0
0.00016226267,0
0.0007765364,0
0.0007628777,0
9.731519e-05,0
0.0011273397,0
0.0010067505,0
0.000506237,0
0.00030244645,0
0.00011538977,0
0.00071373855,0
0.00019703766,0
0.0002591184,0
0.0003432364,0
0.00012881045,0
0.00014920229,0
0.00022138243,0
0.00012843739,0
0.0002063636,0
0.00040664917,0
0.00021026822,0
0.00035306468,0
0.00029177123,0
0.00024345124,0
0.00019084077,0
0.00080897775,0
0.0009275397,0
0.0005178045,0
0.0002899753,0
0.0008805046,0
8.6594766e-05,0
0.00020754892,0
0.00013976214,0
0.00055170397,0
0.0017630464,0
0.00033982424,0
0.00047649012,0
0.00017836393,0
0.0014252664,0
0.00067364075,0
0.00030343127,0
0.00049874175,0
0.00025548003,0
0.00064470526,0
0.00031705268,0
0.0011416584,0
0.0002886173,0
0.0001127554,0
0.00010449965,0
0.0015536684,0
0.00035361003,0
0.0006603519,0
0.00034839252,0
0.00034583005,0
0.0008382779,0
0.0013542095,0
0.00016072577,0
0.00031703457,0
0.00065528275,0
0.00043968688,0
0.00083623204,0
0.0001182072,0
0.0006388811,0
0.00085083366,0
0.00022403421,0
0.00041997575,0
0.0007199262,0
0.00022695007,0
0.0015463858,0
0.0007607937,0
0.00025555934,0
0.00056323956,0
0.00078570616,0
0.00022534098,0
0.00094870175,0
0.00022951885,0
0.00025980666,0
0.00015313753,0
0.0004903452,0
0.0005162508,0
0.0002599866,0
0.00032453783,0
0.000110675166,0
0.00042054456,0
0.00041063305,0
0.0004793494,0
0.00016047049,0
0.0005853461,0
0.00014385817,0
0.00040219197,0
0.00036041398,0
9.482034e-05,0
0.00040310985,0
0.00023777707,0
0.00037381632,0
0.00025153416,0
0.00039216285,0
0.0006878748,0
0.0007664582,0
0.00027909418,0
0.0009165491,0
0.00058354624,0
0.00043487424,0
0.0005963919,0
0.00010393624,0
0.00029208223,0
0.00053184363,0
0.0020018136,0
0.00011616624,0
0.0005897271,0
0.0010717398,0
9.110687e-05,0
0.00037964567,0
0.00041227337,0
0.000737736,0
0.00026789925,0
0.0005326156,0
0.00058304454,0
0.0003554254,0
0.0004272787,0
0.0002619926,0
0.00039883368,0
0.00015897455,0
0.00013137616,0
0.0005360956,0
0.00029878365,0
0.00037502483,0
0.0017460018,0
0.00010561349,0
0.00041300195,0
0.00013166912,0
0.00011666327,0
0.00017569678,0
0.00011086369,0
0.00031642907,0
0.00014719233,0
0.00047283992,0
0.00043475526,0
0.0003509299,0
0.0012240964,0
0.00041000804,0
0.00020664273,0
0.00062631065,0
0.0010057922,0
0.0001277407,0
0.0003640336,0
0.00022269857,0
0.000177383,0
0.00029686396,0
0.001581053,0
0.0005023998,0
0.0009938431,0
0.00022668153,0
0.00020097694,0
7.829726e-05,0
0.00023229794,0
0.00036848703,0
0.00014554987,0
0.00049235555,0
0.00027649314,0
4.547028e-05,0
0.00011070793,0
0.00025140526,0
0.00061865733,0
0.000314177,0
0.0027842198,0
0.00012603031,0
0.0002718415,0
0.00038433165,0
0.00017909384,0
0.0002972615,0
0.00018540841,0
0.00029361265,0
0.00051977317,0
0.00014322247,0
0.00016119785,0
9.2104194e-05,0
0.0001498992,0
0.000208863,0
8.413098e-05,0
0.00030939383,0
7.200064e-05,0
0.0007469832,0
0.0001756931,0
0.00030261275,0
0.0004731906,0
0.0002627028,0
0.00035379388,0
0.00016991327,0
0.0004285496,0
0.00022849954,0
0.0004921113,0
0.0009795498,0
0.0015706313,0
0.00015065327,0
0.0004116128,0
0.00052005675,0
0.00021657451,0
0.00017465492,0
0.00048425002,0
0.00019604755,0
0.0003856541,0
0.00047256888,0
0.0008429893,0
0.0001803684,0
0.00030693755,0
0.00018793317,0
0.00030744885,0
0.0014417934,0
0.0011672609,0
0.000461012,0
0.001243578,0
0.00071800256,0
0.00035171435,0
0.0003806831,0
0.00064091623,0
0.0001656906,0
0.00030231668,0
0.00027541898,0
0.00016594643,0
0.0017410709,0
0.00019849955,0
6.742038e-05,0
0.0002040413,0
0.00010629038,0
0.0001763537,0
0.00038197433,0
0.00019100965,0
0.00028063575,0
0.0007703206,0
0.00031211736,0
0.00039913412,0
0.00034651524,0
0.0003900119,0
0.0008503181,0
0.000968225,0
0.0011422834,0
0.00049939944,0
0.0012883275,0
0.00036553905,0
0.00037403766,0
0.0002176505,0
0.00012261882,0
0.0006733767,0
0.0006460962,0
0.0009079385,0
0.0005161226,0
0.0008703486,0
0.00030284995,0
0.00030542887,0
0.0002750175,0
0.000387468,0
0.00046268688,0
0.000119891556,0
0.0014014018,0
0.00012634737,0
0.0032538034,0
0.00022703504,0
0.00030886536,0
0.00061051757,0
0.0002302324,0
0.00033134467,0
0.0013041467,0
0.0004079615,0
0.00030278863,0
0.00030693755,0
0.00072945753,0
0.0023696811,0
0.0003114339,0
0.0003422924,0
0.0005090225,0
0.00025808346,0
0.00067416986,0
0.00013226233,0
0.0023926746,0
0.0020833954,0
0.0004444859,0
0.00013931544,0
0.0002626219,0
0.00011970668,0
0.00018772714,0
0.0006051692,0
0.00038554752,0
0.00013712641,0
0.00047943732,0
0.001438912,0
0.0004651994,0
0.00069361686,0
0.0002306556,0
0.00028808543,0
0.0004881876,0
0.00026344162,0
0.0013989783,0
0.00018079333,0
0.00022936182,0
0.00027492206,0
0.0005180085,0
0.00019148424,0
0.00031423726,0
0.00018579204,0
0.00037312406,0
0.00038380577,0
0.00013792585,0
0.00017052666,0
0.002023054,0
0.0005788026,0
0.00041950532,0
0.00022387519,0
0.0004276121,0
0.0005880593,0
0.00065423164,0
0.00035103786,0
0.00026272106,0
0.00017029601,0
0.0007814067,0
0.000422863,0
0.0004878058,0
0.0003142362,0
0.00043644066,0
0.00033708167,0
0.00014802274,0
0.0004912576,0
0.00022829043,0
0.00041896565,0
0.0003841044,0
0.00018325949,0
0.000289461,0
0.0003332668,0
0.000361281,0
0.00024748413,0
0.00017064507,0
0.00030938655,0
0.00073924876,0
0.00021208619,0
0.00031080222,0
0.0006827962,0
0.0002616213,0
0.00051571714,0
0.00038373817,0
0.00027354606,0
0.00042322575,0
0.0006575987,0
0.00048129685,0
0.00016743835,0
0.00015552112,0
0.00029284885,0
0.00011760235,0
0.00034301082,0
0.00020326024,0
0.00036651778,0
0.0001454431,0
0.00013525692,0
0.00044175118,0
0.0004921663,0
0.00154587,0
0.00014719233,0
0.00036682904,0
0.00025628755,0
0.00043538766,0
0.0014558716,0
0.00017571676,0
0.00042084616,0
0.000816696,0
0.00016077084,0
0.00021107768,0
0.00031618102,0
0.0001708123,0
0.0015697527,0
0.0009820468,0
0.0005438079,0
8.313944e-05,0
0.00013495675,0
0.0005720227,0
0.0001628689,0
0.00015439469,0
0.00019235985,0
0.00021226959,0
0.00080020766,0
0.0003020419,0
0.00059710734,0
0.00012222344,0
0.0025187007,0
0.00079838006,0
8.5890526e-05,0
0.0004881965,0
0.0001488232,0
0.000260987,0
0.000815097,0
0.0009818904,0
0.00016479829,0
0.0012045512,0
0.00022292424,0
0.00021478464,0
0.00034818889,0
0.00015371694,0
0.000825028,0
0.0006270637,0
0.00034060606,0
0.00013768056,0
0.0002806135,0
0.00018882363,0
0.0004883885,0
0.00014385971,0
0.0025081418,0
0.0023774889,0
0.00022870154,0
0.00037473344,0
0.00063764123,0
0.0004461141,0
9.486089e-05,0
0.0010735557,0
0.00041984027,0
0.0013502134,0
0.00011901021,0
0.00016715415,0
0.00062503625,0
0.0006913689,0
0.0002066907,0
0.00023810563,0
0.002610491,0
0.00036484614,0
0.00028506276,0
0.000735716,0
0.0005107495,0
0.00018836946,0
0.000233766,0
0.0022205785,0
0.0002926616,0
0.0008211759,0
0.0002994347,0
0.00034645424,0
9.1212874e-05,0
0.003005973,0
0.00050744903,0
0.0004020995,0
0.0004980608,0
0.00047305916,0
0.00043399923,0
0.0009889359,0
0.00026025146,0
0.0006342533,0
8.408191e-05,0
0.00056888594,0
7.0293325e-05,0
0.00019739346,0
0.000340074,0
0.00070632517,0
0.0001994052,0
0.00023895862,0
0.00057079917,0
0.0005050121,0
0.0007214487,0
0.0001426999,0
0.000375222,0
0.0010747329,0
0.00085313316,0
0.00020336089,0
0.000789852,0
0.0018632001,0
0.00015893765,0
0.002442066,0
0.0008683859,0
0.00036285087,0
0.00019305934,0
0.00029337133,0
0.00035291558,0
0.00028850822,0
0.00023337829,0
0.00011866592,0
0.0004012384,0
0.000646341,0
0.00063919474,0
0.0006138605,0
0.00060770864,0
0.0003185574,0
0.000110364956,0
0.0016921512,0
0.0006000251,0
0.00034004377,0
0.0010867002,0
0.00026850167,0
0.0002568477,0
0.00021832461,0
0.00033393002,0
0.0008164903,0
0.00036405024,0
0.0001614957,0
0.00040977297,0
0.00018750533,0
0.000646341,0
0.00022437511,0
0.000252124,0
0.00013300126,0
0.00053642964,0
0.0010972741,0
0.00016329903,0
0.00018313197,0
0.00022109393,0
0.0004280298,0
0.0002396055,0
0.00012843739,0
0.00019237208,0
0.00021253781,0
0.0006757461,0
0.00078703946,0
0.0004782133,0
0.0005305613,0
0.0002488425,0
0.00035603534,0
0.0023696811,0
0.0004376628,0
0.0001115772,0
0.0004541282,0
0.00016652775,0
0.0003932726,0
0.0006963528,0
0.0004017759,0
0.00055929093,0
0.00012256185,0
0.00061542774,0
0.00085176626,0
0.0025201817,0
0.00018491033,0
0.0005284961,0
0.0003181443,0
0.00046821506,0
0.0012918619,0
0.0006956591,0
0.00012378448,0
0.00086434255,0
0.00022267624,0
0.044652496,0
0.0016124932,0
0.0005439079,0
0.00028300524,0
0.00025447705,0
0.00016247516,0
0.00013474844,0
0.0005973406,0
0.0003125296,0
9.7243304e-05,0
0.00019417958,0
0.00011833818,0
0.00031424843,0
0.001382197,0
0.0006774859,0
7.9117744e-05,0
0.00020654476,0
0.00028115965,0
0.0005564613,0
0.00039374718,0
0.00035774545,0
0.00021573559,0
0.00035753907,0
0.0012605062,0
9.9722856e-05,0
0.00017425072,0
0.0002086133,0
0.0002801043,0
0.0012540235,0
0.00019403089,0
0.00012996604,0
0.00035721043,0
0.0014879851,0
0.00015316957,0
0.0068832305,0
0.00055865885,0
0.00017953476,0
0.00027507433,0
0.0036903066,0
0.0010081718,0
0.00259471,0
0.00078216847,0
0.00029105565,0
0.00033626542,0
8.0447426e-05,0
0.0005985041,0
0.004956773,0
0.00018749668,0
0.00012864544,0
0.00035112075,0
0.0008131183,0
0.00020946539,0
0.0010737001,0
0.0010450414,0
0.00056799944,0
0.00023405573,0
0.00039524332,0
0.0009690736,0
0.00017928919,0
0.00066964363,0
0.00034925668,0
0.0006542364,0
0.00041099495,0
0.0014001841,0
0.00015181988,0
0.0031999394,0
0.00043501164,0
0.00032726387,0
0.00039623777,0
0.0002957988,0
0.00031306912,0
0.0017543879,0
0.00024953272,0
0.00072528515,0
0.0004501605,0
0.00031914655,0
0.00055262604,0
8.5959844e-05,0
0.00035566854,0
0.00018295778,0
0.0002976637,0
0.0006596147,0
0.0053487914,0
0.0002796932,0
0.002010003,0
0.00034148243,0
0.0002927144,0
0.0018370246,0
0.00074963877,0
0.00015273702,0
0.00027864386,0
0.00019133608,0
0.00013604027,0
0.0006926182,0
0.0021290458,0
0.00079158583,0
0.0005712346,0
0.00053340325,0
0.0004409142,0
0.000653331,0
0.00036229394,0
0.000578628,0
0.0010953814,0
0.00087834324,0
0.00029519637,0
0.00025917756,0
0.00015807625,0
0.00091590633,0
0.00029794368,0
0.00018431885,0
0.00034677816,0
0.00060506124,0
0.00029849174,0
0.0002999283,0
0.00020580381,0
0.00057020073,0
0.00020414224,0
0.0004295862,0
0.00021555857,0
0.00043443128,0
0.00033143003,0
0.0007869019,0
0.0001966832,0
0.00030499377,0
0.00012579228,0
0.00047727345,0
0.00036906792,0
0.00015847132,0
0.00025694421,0
9.0653135e-05,0
0.00014891087,0
0.00057529623,0
0.00033989098,0
0.00020875019,0
0.0003999681,0
0.00019580637,0
0.0003428884,0
0.00023848255,0
0.00016541108,0
0.0014819858,0
0.0008934944,0
0.00028031715,0
0.00043531516,0
0.00032317574,0
0.00022859835,0
0.00085622165,0
0.00020748792,0
0.0007654185,0
0.00022312599,0
0.00033073375,0
0.0005807727,0
0.00019118229,0
0.00018782429,0
0.00015943432,0
0.00026006886,0
0.00026678323,0
0.00033198379,0
0.0005759931,0
0.00017827904,0
0.0012763931,0
0.0011150279,0
0.0006014988,0
9.2326976e-05,0
0.0009491108,0
0.00015142006,0
0.0003019601,0
0.0003630902,0
0.0010825861,0
0.0002558916,0
0.000245106,0
0.00017214174,0
0.0001455249,0
0.0005718625,0
0.0008371721,0
0.000363668,0
0.00047782634,0
0.0022050776,0
0.00011901021,0
0.00090768107,0
6.624461e-05,0
0.0009352742,0
0.00027830884,0
0.00058692583,0
0.00010894976,0
0.00053765427,0
0.001196772,0
0.0011188533,0
9.692898e-05,0
0.0010257007,0
0.00016889565,0
0.0002712531,0
0.00040052534,0
0.00067311974,0
0.00051282096,0
0.00021056221,0
0.0005707566,0
0.00046584965,0
0.001251407,0
0.00013286418,0
0.0002523431,0
0.000529123,0
0.00036504408,0
0.00015859173,0
0.00036786508,0
0.0004701092,0
0.0003042663,0
0.00017645746,0
0.0013492691,0
0.0002539614,0
0.0005413031,0
0.00014393343,0
0.00013048566,0
0.0004206402,0
0.0010720887,0
0.00026101607,0
0.00026713952,0
0.00018128942,0
0.00015847132,0
0.00014147036,0
0.0002422856,0
0.0005786148,0
0.0002549058,0
0.00032670965,0
0.00046246813,0
0.00065552455,0
0.0022707575,0
0.0003592933,0
0.0003308436,0
0.00033758715,0
0.00012131656,0
0.00040547014,0
0.00023281522,0
0.00029059517,0
0.000247586,0
0.00033341566,0
0.0006322195,0
0.00018738434,0
0.0006609491,0
0.00026930333,0
8.73922e-05,0
0.0053487914,0
0.00073926547,0
0.00044261175,0
0.018341733,0
0.00025400287,0
0.000638663,0
0.00079818995,0
0.00030080686,0
0.00014077312,0
0.0004351459,0
0.00048462854,0
0.00015400884,0
0.00037811283,0
0.0004866446,0
0.0002491079,0
0.00087676663,0
0.00016081576,0
0.0011614454,0
0.0002534679,0
0.0001482465,0
0.0006639881,0
0.00038199936,0
0.0007237122,0
0.0005447321,0
0.00014420558,0
0.0006829556,0
0.0016723213,0
0.0007676146,0
0.0004474864,0
0.00068938633,0
0.00017656594,0
0.00013945226,0
0.0016533474,0
0.0002869413,0
0.00027538094,0
0.00028652098,0
0.000244687,0
0.00016012482,0
0.00051092124,0
0.00024145668,0
0.00022800967,0
0.00033161952,0
0.00026663364,0
0.00031932577,0
0.00037700174,0
0.0002305953,0
0.00023804927,0
0.00026791665,0
0.0002066907,0
0.00018227132,0
0.00041505985,0
0.00035042848,0
0.00043319413,0
0.00067530776,0
0.00025151364,0
0.00043176484,0
0.0003992111,0
0.0004922057,0
0.00030610606,0
0.00024275959,0
0.00040101996,0
0.00015607451,0
0.00050429907,0
0.00032417112,0
0.00021892715,0
0.00018424295,0
0.00078301306,0
0.00035982355,0
0.0010395002,0
0.00012501386,0
0.0008052138,0
0.00036488145,0
0.0005790954,0
0.00047474183,0
0.00036000443,0
0.00021514525,0
0.00027166677,0
0.00018919705,0
0.0002179947,0
0.0003891384,0
0.00017897144,0
0.00012784796,0
0.000563644,0
0.00027417412,0
0.00021327057,0
0.00013048464,0
0.00021860859,0
0.00060421124,0
0.00015092097,0
0.00041857694,0
6.96735e-05,0
0.0003891996,0
0.00028390443,0
0.0012111741,0
0.00062858785,0
0.00011615759,0
0.00014070727,0
0.00020499023,0
0.000540431,0
0.00019907813,0
0.0002877497,0
0.00013616463,0
0.000531486,0
0.0003220516,0
9.1081936e-05,0
0.00040076405,0
0.00040445421,0
0.00018358063,0
0.0004904884,0
0.0032148985,0
0.0001716011,0
0.00030331136,0
0.00019415954,0
0.00052822777,0
0.0013661602,0
0.00039219146,0
0.00023789612,0
0.0005920403,0
0.00034325285,0
0.00020686531,0
0.00048056204,0
0.00034624687,0
0.00032250618,0
0.0014913339,0
0.00069607346,0
0.0004766366,0
0.00016458829,0
0.007625444,0
0.001314121,0
0.00058966153,0
0.00037674917,0
0.0003503855,0
0.00014923947,0
0.00038968044,0
0.0003082693,0
0.0001604969,0
0.00034469506,0
0.00048352452,0
0.0002613687,0
0.0012902473,0
0.00032406056,0
0.0006719322,0
0.00023808907,0
0.00010554522,0
0.000118642856,0
0.0007054304,0
0.00042854372,0
0.00024057819,0
0.0003928005,0
0.00036440158,0
0.0010795896,0
0.00013481118,0
0.0005435326,0
8.810457e-05,0
0.00052308914,0
0.00022951659,0
0.00039835201,0
0.000306544,0
0.00032488344,0
0.00017134119,0
0.0001914068,0
0.0020065939,0
0.00018834186,0
0.000115982824,0
0.00043859833,0
0.0018341948,0
0.00028122542,0
0.0003853284,0
0.0010155246,0
0.00039347494,0
0.0001669011,0
0.00052234647,0
0.00032914354,0
0.00043784498,0
0.00034584716,0
0.00038687553,0
0.00047360596,0
0.00014609515,0
0.00043929208,0
0.0006208842,0
0.00021658532,0
0.0005275244,0
0.000111738154,0
0.00031469078,0
0.00019199222,0
0.00011282829,0
0.00083026773,0
0.0004412734,0
0.00053369405,0
0.0002507087,0
0.00019344754,0
0.00025472438,0
0.00030110675,0
0.0016947145,0
0.00033447193,0
0.00027597477,0
0.0005168016,0
0.00035239113,0
0.00037391824,0
0.001476236,0
0.00021562411,0
0.00045212632,0
0.000168978,0
0.00020686458,0
0.00018645095,0
0.0002017831,0
0.00032576412,0
0.0001309363,0
0.00042862716,0
0.00022198625,0
0.0002476718,0
0.00022841769,0
0.0025172369,0
0.00015796797,0
0.00030785473,0
0.0009992665,0
0.0028377397,0
0.00054934545,0
0.00033837493,0
0.00015735911,0
0.00013289093,0
0.00042633305,0
0.00040054778,0
0.0007279337,0
0.00038187706,0
0.00046221702,0
0.0011490554,0
0.0050139404,0
0.0011466533,0
0.0006263094,0
0.0002129439,0
0.0010612895,0
0.00023455065,0
0.0012861504,0
0.00045057994,0
0.00095542404,0
0.0005284037,0
0.0014995545,0
0.00012877275,0
0.00055009336,0
0.00013789491,0
0.0005058982,0
0.0011056893,0
0.00020764727,0
0.00032013902,0
0.00038845034,0
0.00020097947,0
0.000388525,0
0.0002352626,0
0.00020253067,0
0.00034940234,0
0.00058752403,0
0.00044186975,0
0.005636446,0
0.00020887305,0
0.00012386925,0
9.413233e-05,0
0.00074018224,0
0.00035783742,0
0.00049386773,0
0.00048601624,0
0.00084171793,0
0.00068585045,0
0.0012994913,0
0.0005199851,0
0.00073638867,0
0.00027690385,0
0.00053378986,0
0.0002586356,0
0.00052211015,0
0.00048634727,0
0.00020042459,0
0.0010572106,0
0.00026006668,0
0.00079158583,0
0.00034195115,0
0.000115615934,0
0.004941415,0
0.00041999004,0
0.00021630949,0
0.0003427741,0
0.00051999063,0
0.00066920253,0
0.0001889387,0
0.00031070114,0
0.00025465357,0
0.00023104873,0
0.00015148896,0
0.00021603119,0
0.00015287897,0
0.0006208738,0
0.0009137676,0
0.0004129478,0
0.00016367919,0
0.00016803708,0
0.0001961387,0
9.949617e-05,0
0.0006201402,0
0.00018384485,0
0.00038987907,0
0.0011292887,0
0.00058889115,0
0.0004480435,0
0.00028532743,0
0.00018303559,0
0.00020444293,0
0.00033935148,0
0.00013793843,0
0.00020789925,0
0.00034008187,0
0.0004178573,0
8.8933426e-05,0
0.00035428136,0
0.0003745266,0
0.0003326846,0
0.00026646652,0
0.00039340212,0
0.0004255299,0
0.00010948937,0
9.4838666e-05,0
0.00061940146,0
0.00023130821,0
0.0003048766,0
0.00020954726,0
0.0001629336,0
7.293548e-05,0
0.00056033937,0
0.0023109075,0
9.7417615e-05,0
0.00097104016,0
0.0016065026,0
0.00012450456,0
7.135885e-05,0
0.00020370376,0
0.0008547186,0
0.00047636338,0
0.00013803421,0
0.00047264755,0
0.0009814769,0
0.0005340808,0
0.0004218155,0
0.00025256968,0
0.00076442515,0
0.00019546373,0
0.0005355059,0
0.00021415883,0
0.00012962095,0
9.833354e-05,0
0.00072915765,0
0.00040344565,0
0.000593901,0
0.00017541711,0
0.00031800588,0
0.00037862957,0
0.00015133232,0
0.0006015703,0
0.00011769274,0
0.00034005338,0
0.000122143,0
9.519448e-05,0
0.00022036929,0
0.00024839083,0
0.0004667831,0
0.00015400884,0
0.00039728955,0
0.00023929801,0
0.0002916541,0
0.0002536458,0
0.00032742563,0
0.001081499,0
0.0004080953,0
0.0019179578,0
0.0007572304,0
0.00071746676,0
0.00012958987,0
0.00029970318,0
0.0006244428,0
0.00031882743,0
0.00085439836,0
0.0003382824,0
0.0001653918,0
0.0013566655,0
0.000223731,0
8.2046885e-05,0
0.0017960343,0
0.0002736963,0
0.00024784837,0
0.00011938481,0
0.0003570996,0
0.00033158885,0
0.0008067575,0
0.0003633039,0
0.0019547695,0
0.00011019264,0
0.0016972995,0
0.00017116874,0
0.00041821325,0
0.00079013675,0
0.0005278594,0
0.00019365647,0
0.000420161,0
7.073936e-05,0
0.0008848703,0
0.00010864,0
0.009583304,0
0.0003630794,0
0.00024101428,0
0.00015140264,0
0.0002296866,0
0.00094456907,0
0.0003024146,0
0.00088236155,0
0.0002350184,0
0.0009264676,0
0.00050914084,0
0.00026730166,0
0.0021856478,0
0.00017314173,0
0.000706047,0
0.00012098797,0
0.00092251296,0
0.0007162862,0
0.0002474357,0
0.0003654782,0
0.00055901875,0
0.00027018847,0
0.00022204714,0
0.00012579228,0
0.0008250651,0
0.0005161228,0
0.0018401509,0
0.00011940033,0
0.001616791,0
0.00039394223,0
0.0002391976,0
0.00041994877,0
0.0006219221,0
9.0128146e-05,0
0.00018561922,0
0.0010213865,0
0.0003500482,0
0.00017788954,0
0.00067014754,0
0.00022196796,0
0.0029568726,0
0.00014433333,0
0.0004787528,0
0.0023696811,0
0.00028940325,0
0.00031716077,0
0.0011804033,0
0.0030205867,0
0.0031410796,0
0.00014900809,0
0.0016072309,0
0.0006790615,0
0.00020115945,0
0.00060349033,0
0.00052840787,0
0.0004489839,0
0.00015827587,0
0.000378646,0
0.00033020633,0
0.00032049866,0
0.0003124193,0
0.00032384126,0
0.00027406588,0
0.0002769164,0
0.001020382,0
0.000545946,0
0.00032927762,0
0.00018723111,0
0.00027202457,0
5.8461403e-05,0
0.00034759834,0
0.00024113305,0
0.0002444893,0
0.00048920064,0
0.00021545452,0
0.00018227733,0
0.0003073159,0
0.0006821442,0
0.0016611838,0
0.00016376511,0
0.0001530943,0
0.017669026,0
0.0037496618,0
0.00037644198,0
0.00019579894,0
0.00023961967,0
0.00049147266,0
0.00024843213,0
0.00021338469,0
0.00022690113,0
0.00024352818,0
0.0010590497,0
0.00036386447,0
0.0013101568,0
0.0002272909,0
0.00029060303,0
0.00056532107,0
0.00030846676,0
0.00032865352,0
0.0015682228,0
0.00019543957,0
0.00037451618,0
0.0007176479,0
0.00021135712,0
0.00015694567,0
0.0015268384,0
0.00053640903,0
0.0006437631,0
8.753409e-05,0
7.1873816e-05,0
0.00057043275,0
0.0004988013,0
0.00094229064,0
0.00061811815,0
0.00016902295,0
0.0008227786,0
0.00042604926,0
0.00011833828,0
7.824269e-05,0
0.00031951792,0
0.0007233926,0
0.004689878,0
0.0007851594,0
0.0010156184,0
0.00021441844,0
0.00040676582,0
0.000657635,0
0.00031714048,0
0.0011300882,0
0.00080236193,0
0.00016541428,0
0.0010663677,0
0.0010693202,0
0.00031363853,0
0.00022743635,0
0.00017137566,0
0.00064449705,0
0.00013243657,0
0.00020531027,0
0.00024073901,0
0.00022709118,0
0.0002835561,0
0.00022252409,0
0.00037106458,0
8.192555e-05,0
0.0005927481,0
0.00090444105,0
0.00043421274,0
0.0004899127,0
0.00024273917,0
9.182628e-05,0
0.00046795298,0
0.00021631963,0
0.0001486812,0
0.00011976481,0
0.000465983,0
0.0001716717,0
0.0032676195,0
0.00012979587,0
0.00023784714,0
7.106445e-05,0
0.0012644724,0
0.00025954584,0
9.8773045e-05,0
0.0004226671,0
0.00076754927,0
9.518569e-05,0
0.0002505669,0
0.0010513704,0
0.0004508756,0
0.0014181118,0
0.00044773548,0
0.0002303488,0
0.0007138863,0
0.00018785591,0
0.0004346195,0
0.00026393178,0
9.702698e-05,0
0.0001193983,0
0.00082205585,0
9.9489036e-05,0
0.00060929987,0
0.0003832418,0
0.0020510016,0
0.00017235334,0
0.00046240466,0
0.0006315606,0
0.00031304764,0
0.0006454074,0
0.0026514165,0
0.00058434805,0
0.00039290605,0
0.000110949135,0
0.00020224019,0
0.00025437822,0
0.0008750576,0
0.0014669335,0
0.00020394672,0
0.0013407829,0
0.00038939103,0
0.00053835975,0
0.000392952,0
0.00045548417,0
0.00019483264,0
0.0008152884,0
0.0003084231,0
9.29731e-05,0
0.0019571315,0
0.0006659695,0
0.0007340583,0
0.00026174757,0
0.00077097333,0
0.00025520966,0
6.27105e-05,0
0.00027368576,0
0.00025602366,0
0.00020165167,0
0.00013479074,0
0.00028042853,0
0.00018472642,0
0.00024122214,0
0.0018341948,0
0.0002716223,0
0.00061349984,0
0.0015688017,0
0.0009343599,0
0.00018992613,0
0.00070285983,0
0.00014283387,0
0.00015400266,0
0.0010295173,0
0.00043194578,0
0.00065811427,0
0.0003790095,0
0.00010101701,0
0.00031109582,0
0.0056564417,0
8.981859e-05,0
6.668703e-05,0
0.00095601345,0
0.0006459762,0
0.0002933389,0
0.00010078698,0
0.00014393343,0
0.00033730586,0
0.00016575246,0
0.0005025247,0
0.00042020544,0
0.00039425297,0
0.00012198703,0
0.0002259824,0
0.00018128305,0
0.00048695505,0
0.00060286885,0
0.0010215723,0
0.00021841058,0
6.58695e-05,0
0.00021956275,0
0.00068903924,0
0.00028946402,0
0.00072776596,0
0.00022062374,0
0.00015488845,0
0.0003819733,0
0.0027836186,0
0.00042156424,0
0.0004232296,0
0.000757598,0
0.0006587568,0
0.0003823612,0
0.00033048296,0
0.0012331645,0
0.00024565592,0
0.00025257957,0
0.00038999048,0
0.0006391353,0
0.00071059377,0
0.0005570825,0
0.0006175642,0
0.00033134563,0
0.00044184763,0
0.0004217306,0
0.00012911459,0
0.0025379846,0
0.00028576903,0
0.00024006188,0
0.00091211835,0
0.00023154881,0
0.00017931992,0
0.00020567507,0
0.00017906362,0
0.0007339752,0
0.001873415,0
0.0006392943,0
0.00032634835,0
0.00027989945,0
7.5659635e-05,0
0.00042831583,0
0.0005201384,0
0.0003961524,0
0.0001862405,0
0.00014256522,0
0.00049472833,0
0.00022137088,0
0.00025164796,0
0.00049082283,0
0.0003486878,0
0.00026531966,0
0.00021622182,0
0.00031440644,0
0.0005299865,0
0.000131317,0
0.0010565895,0
0.0011257463,0
0.00016032357,0
0.000108498374,0
0.0011609712,0
0.00013328699,0
0.00046765653,0
0.00051652495,0
0.0023696811,0
0.0004345153,0
0.00040309443,0
0.00021485814,0
0.00010244156,0
0.00033825374,0
0.0004270707,0
0.0002955788,0
0.0009061559,0
0.00022821057,0
0.0006066934,0
0.00014630145,0
0.00087834155,0
8.5493906e-05,0
0.00012008421,0
0.00052355806,0
0.0014169798,0
0.00025638763,0
0.000104219114,0
0.0005680955,0
0.0002756542,0
0.00025973746,0
0.0002690848,0
0.0003461048,0
0.0005341034,0
0.0002743717,0
0.00011315363,0
0.00038088532,0
0.000105975465,0
0.00016492723,0
0.00017275207,0
0.0018971177,0
0.0021183891,0
0.00026634833,0
0.00042328337,0
0.00024156515,0
0.0001708969,0
0.00012591411,0
0.0004256451,0
0.00022385562,0
0.00050778856,0
0.0022684033,0
0.00043033346,0
0.00076339865,0
0.0012811302,0
0.00031521198,0
8.895084e-05,0
0.00012988695,0
0.0003214927,0
0.00059449795,0
0.0003713299,0
0.00023467757,0
0.0006236381,0
0.00027594858,0
0.00034349842,0
0.0001916664,0
0.00039348062,0
0.00027035896,0
0.000374643,0
0.00044368595,0
0.00030289975,0
0.00036510717,0
0.00021165366,0
0.00048051018,0
0.00055226276,0
0.0001257197,0
0.00031969688,0
0.00016544739,0
0.00033363202,0
0.00046221694,0
0.0005061764,0
0.00021092425,0
0.001510814,0
0.0013347882,0
0.00036738033,0
0.0015223119,0
0.0003923204,0
0.0008773898,0
0.0003226607,0
0.00021755832,0
0.00022254378,0
0.0001377121,0
0.00030750223,0
0.00036408144,0
0.0004893675,0
0.0010419461,0
0.0004175208,0
0.0001807122,0
0.00022464,0
0.00039595529,0
0.00037319277,0
0.00012540209,0
0.00037323867,0
0.00030989276,0
0.00018375275,0
0.00037311518,0
0.00019689524,0
0.0005228805,0
0.0004194398,0
0.0008062703,0
0.00038225745,0
0.00015971927,0
0.00031508767,0
0.0009217938,0
0.00066834263,0
0.0003990963,0
0.0004230527,0
0.00023961967,0
0.00013703552,0
0.00017534026,0
0.00014724725,0
0.00031206734,0
0.00062482146,0
0.000114690294,0
0.00020384816,0
0.0007265848,0
8.6466825e-05,0
0.00025649948,0
0.0005992211,0
0.00011460794,0
0.00020300555,0
0.0009969233,0
0.0004161783,0
0.0002996719,0
0.0002113597,0
0.00023104661,0
0.00022089796,0
0.00021393575,0
0.00024327602,0
0.0016091806,0
0.00018166524,0
0.00014470899,0
0.00029934474,0
0.0005641054,0
0.00027989998,0
0.00023193768,0
0.00022746896,0
0.00017114262,0
0.00014377545,0
0.0003918622,0
0.0002603957,0
0.00022446674,0
0.00013982526,0
0.00038285402,0
0.0004542985,0
0.00073203666,0
0.00022715708,0
0.00073939323,0
0.00028304858,0
0.00013812156,0
0.00039552696,0
0.00049615046,0
0.0016606877,0
0.0017654387,0
0.00020991472,0
0.0004510424,0
0.00010811197,0
0.0003565835,0
0.00027314507,0
0.0005312438,0
0.0009804331,0
0.001960207,0
0.0005654908,0
0.0002768556,0
0.00020759559,0
0.0008035727,0
0.00029612836,0
9.167171e-05,0
0.0001154597,0
0.0001377121,0
0.0004437757,0
0.00014393343,0
0.0004164301,0
0.00025857857,0
0.00025930777,0
0.00016431062,0
0.00013433104,0
0.00019305934,0
0.00029251966,0
0.00029334918,0
0.0001779045,0
0.00019160079,0
0.00015624428,0
0.0002518133,0
0.0023696811,0
0.00032044348,0
0.0015054375,0
0.0012120468,0
0.00025492595,0
0.0004397764,0
0.00047625136,0
0.0008270321,0
0.000620943,0
0.00010262764,0
8.044603e-05,0
0.00012675571,0
0.00040204905,0
0.00040054438,0
0.00016240767,0
0.0004774533,0
0.00058182946,0
0.0003911089,0
0.00015165586,0
0.000194843,0
0.000557489,0
0.001138474,0
0.00026279388,0
0.0005403521,0
0.00067700056,0
0.00087111216,0
0.00035545786,0
0.0005881922,0
0.00039678742,0
0.0015339693,0
0.00015786196,0
0.00056896213,0
0.0001511001,0
0.0008211437,0
0.00021634418,0
0.00014157579,0
0.0007236157,0
0.00023421024,0
0.000317785,0
0.00035748267,0
0.00016408003,0
0.00043361096,0
0.0005975184,0
0.00038539202,0
0.0005611344,0
0.00029340663,0
0.00023782745,0
0.0010232135,0
0.00026335477,0
0.00010580601,0
0.00083526206,0
0.0003015086,0
0.00029722782,0
0.00012031354,0
0.00014549933,0
0.0005380429,0
0.0003620198,0
0.0004947798,0
0.00037461746,0
0.00027016742,0
0.00075729354,0
0.00019750939,0
0.00014714299,0
0.00024409758,0
0.0003381956,0
0.0003254981,0
0.0002340822,0
0.001230587,0
0.0015746469,0
0.0004172481,0
0.00038001226,0
0.00022901858,0
0.00033023674,0
0.00028232046,0
0.00021622353,0
0.0002468838,0
0.000173681,0
0.00010478077,0
0.0008279961,0
0.00020370026,0
0.0005947023,0
0.0006129502,0
0.00016157146,0
0.0009725469,0
0.0005760026,0
0.00048791617,0
0.0009778,0
0.0004056324,0
0.0001452925,0
0.00011226599,0
0.00018371128,0
0.00029509974,0
0.00059635425,0
0.0009375767,0
0.0004350276,0
0.00016042881,0
0.0004088065,0
0.00019481877,0
0.0003484828,0
0.0014456381,0
0.000102338716,0
0.0010131905,0
0.0003101628,0
0.00050265854,0
8.478471e-05,0
0.00054303784,0
0.00058439246,0
0.00043273575,0
0.00047519268,0
0.0007040617,0
0.00025382618,0
0.00023155031,0
0.00031603128,0
0.0033386112,0
0.0017326368,0
0.00078508444,0
0.00044917662,0
0.000121547,0
0.00034650927,0
0.00031899216,0
0.00019278633,0
0.00041363813,0
0.0002208836,0
0.00022905401,0
0.00034194003,0
0.00088123616,0
0.00080602476,0
0.00012037998,0
0.00021809296,0
9.3540206e-05,0
0.0005151675,0
0.00043385354,0
0.000111034475,0
0.0007868793,0
0.0023696811,0
0.00057457143,0
0.00048701902,0
0.00020896817,0
0.0006250553,0
0.0002526154,0
0.0005430227,0
0.0001689484,0
0.0015392666,0
0.00094618194,0
0.00056154584,0
0.0003192769,0
0.0006164218,0
0.0005005762,0
0.00023985254,0
0.0007859543,0
0.0002580337,0
0.00046039996,0
0.00024574273,0
0.00011818677,0
0.00016498254,0
0.00013127961,0
8.636493e-05,0
0.0008577514,0
0.0004860647,0
0.00026983148,0
0.00016655312,0
0.0003226659,0
0.0003940751,0
0.00034502507,0
0.0012594716,0
0.00027340816,0
0.00016370599,0
0.0006217896,0
6.550552e-05,0
0.0005714692,0
0.00028061663,0
0.00049178983,0
0.0002393199,0
0.00034429383,0
0.00013116199,0
0.0005399793,0
0.0003090429,0
0.0019794127,0
0.00011633099,0
0.0005467761,0
7.89427e-05,0
0.00014234011,0
0.00015122119,0
0.00064841093,0
0.0006199152,0
0.00038962523,0
0.000115508665,0
0.00033180433,0
0.0007663907,0
0.00024042382,0
0.00022796461,0
0.00014287462,0
0.00042830562,0
9.878676e-05,0
0.00030735467,0
0.0003699338,0
0.00023931236,0
0.00029794383,0
0.0004506308,0
0.00027504907,0
0.000949468,0
0.0001648457,0
0.0009310385,0
0.0006045052,0
0.0006400152,0
0.00043440473,0
0.0010893461,0
0.00022722717,0
0.0007231308,0
0.00028327343,0
0.0015140519,0
0.00035927288,0
0.000674602,0
0.0010031171,0
0.00041588035,0
0.00024247635,0
0.0005840841,0
0.00023166643,0
0.00024067514,0
0.00022680926,0
0.0016986489,0
0.00035011413,0
0.0013437063,0
0.00045003003,0
0.00023085707,0
0.00024795256,0
0.0001992147,0
0.0003180969,0
0.00067757483,0
8.5696694e-05,0
0.00030452322,0
7.7342935e-05,0
0.0009017241,0
0.0007126926,0
0.00040342563,0
0.00080890214,0
0.00219342,0
0.0056800107,0
0.00020089858,0
0.00010678945,0
0.00012475169,0
0.00013270364,0
0.0010876294,0
0.00013289093,0
0.00017426195,0
0.00012597196,0
0.0002958347,0
0.0003723338,0
0.00032330252,0
0.00013637719,0
0.0003174915,0
0.00019644349,0
0.000510035,0
0.0006305446,0
0.00037357642,0
0.002682703,0
0.0005864977,0
0.0006244877,0
0.0040251315,0
0.00013154806,0
0.00054410874,0
0.00043787697,0
0.0004862619,0
0.00021695564,0
0.00010732095,0
0.00039223835,0
0.00018376364,0
0.00030542284,0
0.00045257644,0
0.00034924204,0
0.00030014504,0
0.00037518397,0
0.00019445895,0
0.000583497,0
0.00030853704,0
0.00022795735,0
0.0001375659,0
0.00022539154,0
0.00033945384,0
0.0002655574,0
0.00043141827,0
0.00054793764,0
0.000110702604,0
0.00018774762,0
0.0004982964,0
0.0006150555,0
0.00013193647,0
0.0006309814,0
9.6445474e-05,0
0.0002042287,0
0.0010453125,0
0.0007562154,0
0.00042419284,0
0.00047177204,0
0.0014869531,0
0.0016395149,0
0.000847286,0
0.00027647303,0
0.00078508444,0
0.0003563329,0
0.0005581808,0
0.0001264094,0
0.0003597973,0
0.00033180628,0
0.00039044744,0
0.00048919074,0
0.00077342027,0
0.00063286856,0
0.00074509025,0
9.3489376e-05,0
0.00011542394,0
0.0006830195,0
0.0005137113,0
0.001113044,0
0.0023638261,0
0.00021845904,0
0.00044063592,0
0.00043360167,0
0.00086016237,0
0.00029765302,0
0.0003965067,0
9.2006165e-05,0
0.0004487025,0
0.0005274218,0
0.00033902007,0
0.0001716497,0
0.0001193983,0
0.0002812401,0
0.00048636209,0
0.000416527,0
0.00055665313,0
0.00017893717,0
0.0006164833,0
0.0010575799,0
0.0012855408,0
0.00029372802,0
0.00043195984,0
0.00029355276,0
0.00045373404,0
0.00015093294,0
0.00016830544,0
0.00042636893,0
0.0004808319,0
0.0022785715,0
0.0004502886,0
0.0030679104,0
0.0005959931,0
0.00014745521,0
0.00031796616,0
0.0002149573,0
0.00037039345,0
0.00045793457,0
0.00035848882,0
0.00022203568,0
0.00024000426,0
0.0003929639,0
0.00034880135,0
0.000512336,0
0.0003295965,0
0.005013974,0
0.00054928515,0
0.00085193466,0
0.0005852056,0
0.0005754874,0
0.00051019073,0
0.00025027967,0
9.114553e-05,0
0.0001090062,0
0.00023232476,0
0.0007841634,0
0.00053893175,0
0.0002791078,0
0.00040368305,0
0.00041686994,0
0.0005405422,0
0.00011575333,0
0.00018063808,0
0.0005731833,0
0.00038132974,0
0.00043717882,0
0.00020060112,0
0.0003388223,0
0.00015886396,0
0.00011602848,0
0.0002783325,0
0.00020427951,0
0.00024784837,0
0.00042656757,0
0.00023759058,0
0.00014970185,0
0.005184218,0
0.00015255317,0
0.0001996605,0
0.00030822106,0
0.00064316404,0
0.00030170247,0
0.0019385773,0
0.00019715755,0
0.00011063216,0
0.0004305556,0
0.00018119974,0
0.0004251537,0
0.0007841634,0
0.00050661893,0
0.00027254366,0
0.0003066072,0
0.00035497893,0
0.0027523972,0
0.00034387142,0
0.00023350448,0
0.00019160249,0
0.00049177697,0
0.00044547365,0
0.00011794523,0
0.00044153674,0
0.00011817031,0
0.00039530854,0
0.0015068038,0
0.0005325915,0
0.002442066,0
0.0002815486,0
0.00030243534,0
0.00028093765,0
0.0005193601,0
0.00061574084,0
0.00033730423,0
0.00025913186,0
0.0006721373,0
0.0001318824,0
0.00072652445,0
0.0003768706,0
0.00032432505,0
0.00047150228,0
0.00074321055,0
0.00021894353,0
0.00013871922,0
0.0001505206,0
0.00024446056,0
0.0008240494,0
0.00021391311,0
0.0002808051,0
0.00030898655,0
0.0005171195,0
0.0021409679,0
0.0006239525,0
0.00056014204,0
0.00024393777,0
0.00023089339,0
0.0011542758,0
0.00025073474,0
0.0005441215,0
0.00038738476,0
8.9424975e-05,0
0.00012784818,0
0.00012603606,0
0.00020788409,0
0.00014234011,0
0.00023714805,0
0.0006232022,0
0.00017653852,0
0.00011940062,0
0.00020951332,0
9.063313e-05,0
0.0005085178,0
0.0002285155,0
0.00020259814,0
0.0002455861,0
0.00012018872,0
0.00031744337,0
0.00057480874,0
0.00033785964,0
9.879117e-05,0
0.00020133783,0
0.00015633948,0
8.0636986e-05,0
0.001048471,0
0.00032406332,0
9.976149e-05,0
0.002214672,0
0.00032615606,0
0.0019522721,0
9.5915515e-05,0
0.00027217378,0
0.000984841,0
0.0005228572,0
0.00023343212,0
0.00032317522,0
0.0006728534,0
0.0003231282,0
0.00020688726,0
0.00035566313,0
7.444454e-05,0
0.00045381908,0
0.00028673408,0
0.00072323816,0
0.0017791688,0
0.0008824985,0
0.0012516829,0
0.0002403448,0
0.0023696811,0
0.00041967558,0
0.0002066907,0
0.00010439469,0
0.00045765456,0
0.00044878753,0
0.000341743,0
0.00030364166,0
0.000176122,0
0.00016766129,0
0.0005913918,0
0.0012855367,0
0.0001604969,0
0.0006153259,0
0.00015519398,0
0.00029169366,0
0.00046638463,0
0.00018130802,0
0.0003854364,0
0.0002996023,0
0.00014311881,0
0.00011959403,0
0.00014714299,0
0.00049031404,0
0.000107885426,0
0.000103087084,0
0.00019420627,0
0.00012815995,0
0.000846881,0
0.00040072788,0
0.00010673656,0
0.00051610597,0
0.0007034182,0
0.00024261643,0
0.00015261545,0
0.00044486023,0
0.00053307076,0
0.00011440537,0
0.00076799514,0
0.00014226866,0
0.00016295646,0
0.00016828664,0
0.00015036998,0
0.00022868681,0
0.0010241098,0
0.0003575399,0
0.00024628616,0
0.00030224174,0
0.00013474844,0
0.0001348806,0
0.00041787233,0
0.00044094276,0
0.00080346595,0
0.0005412574,0
0.000590768,0
0.0006352373,0
0.0008952545,0
0.00053044147,0
6.272471e-05,0
7.739036e-05,0
0.00046870875,0
0.00051117456,0
0.00063070125,0
0.00015226773,0
0.0006547551,0
0.00019564181,0
0.00044142132,0
0.00018750766,0
0.0012031355,0
0.00034500193,0
0.0008574768,0
0.00026976163,0
0.00040340202,0
0.00039330297,0
8.645469e-05,0
0.00017459963,0
0.0004168342,0
0.0003308352,0
0.0002752781,0
0.0011344472,0
0.0002031005,0
0.0011252635,0
0.00058257434,0
0.0004492376,0
0.0007784742,0
0.00024771184,0
0.0006084049,0
0.00016847797,0
0.00011154294,0
0.00053472613,0
7.4118616e-05,0
0.00019332164,0
0.006430469,0
0.00022629647,0
0.00026650282,0
0.00047104512,0
0.00037335823,0
0.002442066,0
0.0011871817,0
0.00056866126,0
0.00012272062,0
0.00013224236,0
0.0006039751,0
0.000112942864,0
0.0003023459,0
0.00032897884,0
0.00043508614,0
0.0037521578,0
0.0002806076,0
0.0010527191,0
0.0023696811,0
0.00015538512,0
0.0005597178,0
0.00034170377,0
0.00053787755,0
0.0003033473,0
0.000349142,0
0.0009778759,0
0.00017907213,0
0.00030730024,0
0.031388193,0
0.0005119637,0
0.0002880514,0
0.00043075337,0
0.00022518719,0
0.00045344583,0
0.00014342988,0
0.0006108388,0
0.00072320184,0
0.0002558665,0
0.0003858297,0
0.0041470663,0
0.00041302794,0
0.00019849386,0
0.00061598036,0
0.00011113924,0
0.00015321822,0
0.00051405065,0
0.0002053425,0
0.00020580346,0
0.0002469092,0
0.00020579729,0
0.0006020321,0
0.00030829594,0
0.00016630496,0
0.00018094227,0
0.00027575728,0
0.0001849676,0
0.00045737514,0
0.00016105392,0
0.00017026329,0
0.0004046104,0
0.00037002162,0
0.0010544922,0
0.00021053982,0
0.00037775908,0
0.0007674784,0
0.000488013,0
0.00017591548,0
0.00014077312,0
0.00032651477,0
0.00020539324,0
0.00055893144,0
0.00046441294,0
0.00018745297,0
0.0018852374,0
0.00014554987,0
0.00012223322,0
0.00019108469,0
0.0007281,0
0.00025597532,0
0.0013003002,0
0.0003360268,0
0.00013935273,0
0.00019794452,0
0.0007614167,0
0.00021912668,0
0.00016355955,0
0.0002420148,0
0.00018924383,0
0.0005475717,0
0.0007093802,0
0.0007841634,0
0.00016242708,0
0.00030805395,0
0.00021705215,0
0.0006191087,0
0.00027986983,0
0.00027828512,0
0.0003322912,0
0.0008654994,0
0.0007405885,0
0.00021304784,0
0.0003080975,0
0.00037298148,0
0.00022239315,0
0.00014862925,0
0.00011086246,0
0.0006984576,0
0.00014802274,0
0.0010537835,0
0.0023696811,0
0.00022384575,0
0.00039830545,0
0.000131552,0
0.00021581804,0
0.0008912923,0
0.00036882778,0
0.006633098,0
0.00063366554,0
0.0010000503,0
0.00038515322,0
0.00051106757,0
0.00041703752,0
0.0025851112,0
0.00025259051,0
0.0001377121,0
0.0010857928,0
0.0001691503,0
0.00017260983,0
0.00033752897,0
0.00096437207,0
0.0004379557,0
0.00012424847,0
0.0010671376,0
0.00025055147,0
0.00016103794,0
0.0001230322,0
0.00017986886,0
0.00061074377,0
0.00047731193,0
0.0017832726,0
0.00015839445,0
0.0010241477,0
0.0003319576,0
0.00014581409,0
0.00025180547,0
0.03416678,0
0.0005303584,0
0.0003404358,0
0.00015756741,0
0.00015651637,0
0.00025912438,0
0.0014912807,0
0.00046555142,0
0.0008716834,0
0.002442066,0
0.0006121542,0
0.00023090337,0
0.0007206574,0
0.0004738492,0
0.00015763257,0
0.0005936663,0
0.00035498707,0
0.00036838016,0
0.00033261735,0
0.00055419136,0
0.00027924925,0
0.0003264137,0
0.00012259983,0
0.00051867124,0
0.00012304622,0
0.00028939708,0
0.00037243505,0
0.00018124265,0
0.005161689,0
0.00016137093,0
0.0007405367,0
0.002442066,0
0.0003057719,0
0.0013415408,0
0.00075943157,0
0.00036468141,0
0.0009868606,0
8.7279346e-05,0
0.00055258477,0
0.0003272704,0
0.00021264359,0
0.000359127,0
0.00020678843,0
0.00018948411,0
0.00021620787,0
0.00050933525,0
0.00020470985,0
0.00026492853,0
0.00021583654,0
0.00020874738,0
0.00012386925,0
0.000106420746,0
0.00015981517,0
0.00026638448,0
0.00054257986,0
0.0005695473,0
0.00023767506,0
0.00020608037,0
0.00015013266,0
0.0010556914,0
0.0040575736,0
0.00029677385,0
0.00017904458,0
0.0006950816,0
0.00013757434,0
0.00015352906,0
0.0006378365,0
0.0005897908,0
0.00013401842,0
0.000224064,0
0.0009462281,0
0.00016146772,0
0.0002829464,0
0.0003051683,0
0.00023611968,0
0.00011817031,0
0.0004779028,0
0.0002460761,0
0.00019808474,0
0.000121324396,0
0.0006344964,0
0.00012064547,0
0.0003514285,0
0.00017741843,0
0.0008326547,0
0.00024298432,0
0.00066375034,0
0.00024191265,0
0.00038390976,0
0.00025161623,0
0.00049101614,0
0.00031407556,0
0.00017752152,0
0.0012501818,0
0.0003110255,0
0.00031311295,0
0.0003326846,0
0.00035029044,0
0.00063933764,0
0.00025114405,0
0.00014874287,0
0.00052272057,0
0.00037153735,0
0.00042965883,0
0.00084421865,0
0.00021549297,0
0.00046486268,0
0.00025722611,0
0.00030388113,0
0.00044423144,0
0.00039258588,0
0.0004570122,0
0.00017781413,0
0.00059537037,0
0.0015376946,0
0.000344897,0
0.0009246392,0
0.00028510578,0
0.00036829698,0
0.00050601974,0
0.00011191766,0
0.00019427488,0
0.00013976355,0
0.00023461184,0
0.00027724786,0
0.00013621776,0
0.0012698679,0
0.00031679435,0
0.00021494011,0
0.0007983987,0
0.00038845622,0
0.000986706,0
0.0023696811,0
0.0009407089,0
0.00060205435,0
0.00019250876,0
0.0001370974,0
0.00033409876,0
0.0007145955,0
0.00026865437,0
0.0021228953,0
0.00021082623,0
0.00021159997,0
0.00018394615,0
0.00028231065,0
0.0023696811,0
0.00027149564,0
7.297359e-05,0
0.00064153137,0
0.0003902835,0
0.0013940606,0
0.00026422483,0
0.001347636,0
0.00040789638,0
7.293548e-05,0
0.00019670365,0
0.00032125108,0
0.0001949333,0
0.0002933398,0
0.0002047904,0
0.0003654316,0
0.0005670932,0
0.0017188478,0
0.0005416608,0
0.0002107256,0
0.0001357351,0
0.00036101977,0
0.000111738525,0
0.00013043205,0
0.00015652565,0
0.00063596934,0
0.00017780032,0
0.0008425889,0
0.00041175948,0
0.0002816853,0
0.00019718129,0
0.00013714196,0
0.0001318824,0
0.00041310073,0
0.00029685954,0
0.00023629439,0
0.0010929252,0
0.00016246072,0
0.00058743556,0
0.00012537236,0
0.00025114763,0
0.00025437746,0
0.00019204375,0
0.00012036429,0
0.0002741558,0
0.00023150932,0
0.00026477393,0
0.00036808997,0
0.00018209529,0
0.00022094755,0
0.0033418776,0
0.00048853096,0
0.0023481331,0
0.025579592,0
0.00015711915,0
0.0007815572,0
0.0004004958,0
0.00028968407,0
0.0021465917,0
0.0001127554,0
0.00018995523,0
0.00015488845,0
0.0010043128,0
0.00031081686,0
0.0007024843,0
0.00011094474,0
0.0003910048,0
0.00046269206,0
0.00016809849,0
0.0002449703,0
0.0006353932,0
0.0007951965,0
0.0012152137,0
0.0003852957,0
0.000110500405,0
0.00015992811,0
0.0004242037,0
0.000645883,0
0.0004053703,0
0.00069162226,0
0.0013258873,0
0.00051794964,0
0.00042375867,0
0.00025189176,0
0.0005264645,0
0.00034566884,0
0.00018277015,0
0.0004202032,0
0.00015883711,0
9.2581286e-05,0
0.0005150968,0
0.0005502483,0
0.00050517777,0
0.00034093813,0
0.0002659706,0
0.0002474438,0
0.0005229659,0
0.00051346654,0
0.0005868629,0
0.0002990796,0
0.00048359274,0
0.00025685393,0
0.0003771216,0
0.00011765618,0
0.00028872502,0
0.00056346715,0
0.0005270656,0
0.00048997934,0
0.0002914569,0
0.00016325845,0
0.00027201776,0
0.00038429777,0
0.00016629006,0
0.00048140326,0
0.00014740563,0
0.00020004544,0
0.00067266444,0
0.00028927095,0
0.0002554296,0
0.00026772055,0
0.00013548159,0
0.0005747487,0
0.0008806755,0
0.00037920618,0
0.00096104236,0
0.00021290204,0
0.0004894769,0
0.00020974745,0
0.00016043033,0
0.0004690384,0
0.000605714,0
0.00031695174,0
0.0006692063,0
0.00017034236,0
0.0028932872,0
0.0011685651,0
0.00025947636,0
0.0002647305,0
0.00030117304,0
0.00037454997,0
0.00029525236,0
0.0016695231,0
0.0004905973,0
0.0005900016,0
0.0002649204,0
0.00047929588,0
0.00019173822,0
0.00032276197,0
0.0012113538,0
0.00034877463,0
0.00017874835,0
0.0007450804,0
0.0006387228,0
0.00039916995,0
0.00084367895,0
0.0008249194,0
0.00034555618,0
0.00025739535,0
0.00022287779,0
0.0004256728,0
0.00037147797,0
0.0004788575,0
0.0009734008,0
0.00019204375,0
0.0028461854,0
0.00034766918,0
0.0010313899,0
0.00039540624,0
0.0006091888,0
0.00024185391,0
0.0008136508,0
0.00063299213,0
0.0012206724,0
0.00013916769,0
0.00041806186,0
0.00015358563,0
0.00036159312,0
0.0002470351,0
0.0004304989,0
0.0006192644,0
0.00040203007,0
0.00014554987,0
0.00077514537,0
0.0005420057,0
0.00092120736,0
0.000295641,0
9.3511175e-05,0
0.00017109096,0
0.00025504033,0
0.00011233923,0
0.00050943583,0
0.00035292146,0
0.00013474844,0
0.00033971778,0
0.00013999728,0
0.00059922924,0
0.00018001656,0
0.00024779997,0
0.00029380966,0
0.0005634299,0
0.000111984,0
0.00017018274,0
0.00018352187,0
0.00027031475,0
0.0005597144,0
0.0004451324,0
0.00015272884,0
0.00012224584,0
0.00070995535,0
0.00038719657,0
0.00024579756,0
0.0003562728,0
0.00047700238,0
0.00028990908,0
7.898869e-05,0
0.0002068749,0
0.00034939096,0
0.00045024487,0
0.0001763599,0
0.00019238223,0
0.00046419766,0
0.0013267737,0
0.0006204841,0
0.00012015884,0
0.00031544405,0
0.00015214564,0
0.00024109334,0
0.0004884085,0
0.00024461077,0
0.00021235284,0
0.00011840932,0
0.00010057724,0
9.1473215e-05,0
0.0010237428,0
0.0005677803,0
0.00041347678,0
0.00016175672,0
0.00012386925,0
0.0010512689,0
0.00059399725,0
0.00016593949,0
0.00025626182,0
0.00078854547,0
0.00012378655,0
0.00032301605,0
0.0010070908,0
0.0005139159,0
0.0004400881,0
0.00010503182,0
0.0004074621,0
0.00027248295,0
0.0005841862,0
0.0015451087,0
0.00030632227,0
0.000255884,0
0.0007394489,0
0.0006318286,0
0.0004979416,0
0.00020511073,0
0.00056156784,0
0.00034088374,0
0.0009574095,0
0.00012941053,0
0.00022460156,0
0.00026477393,0
0.00013289093,0
0.00076630496,0
0.00011800806,0
0.00019920895,0
0.00030447938,0
0.00030618647,0
0.0002647604,0
0.00023534815,0
0.0002746334,0
0.00085707,0
0.00038535433,0
0.002450582,0
0.00023640806,0
0.000267582,0
0.00039373405,0
0.00012602498,0
0.00028822868,0
0.00029732118,0
0.00035784792,0
0.0004083445,0
0.00017275,0
0.0002607412,0
0.00012098884,0
0.0002698401,0
0.0002432473,0
9.3172974e-05,0
0.00015061563,0
0.00020732475,0
0.00091037655,0
0.0007247804,0
0.00025126353,0
0.00022089542,0
0.0004563071,0
0.00048793256,0
0.00022699348,0
0.0004911259,0
0.00021434888,0
0.00081214285,0
0.00021706976,0
0.00043637017,0
0.0008762227,0
0.0002885044,0
0.00029336658,0
0.00022889332,0
0.00016147022,0
0.0013812272,0
0.0002099394,0
0.00046091244,0
0.0009753116,0
0.0007376492,0
0.00047529733,0
0.00010732275,0
0.001105915,0
0.00015814528,0
0.00032562678,0
0.00047660014,0
0.0007621916,0
0.00027919252,0
0.00019817018,0
0.00022330903,0
0.00021481208,0
0.00082186464,0
0.00020470314,0
0.0007367095,0
0.00026247755,0
8.921937e-05,0
0.0012728707,0
0.0023696811,0
0.0003587744,0
0.0014764806,0
0.00013200493,0
0.003934405,0
0.00031526072,0
0.0007089561,0
0.00061945966,0
0.00044692893,0
0.00027327926,0
0.00047908857,0
0.00055170397,0
0.00027353372,0
0.00029838883,0
0.00014958507,0
0.00028794864,0
0.0007030734,0
0.0007868793,0
0.0005615927,0
0.00032326925,0
0.00026204184,0
0.00021878158,0
0.0003315271,0
0.0001165376,0
0.0008075041,0
0.00029758096,0
0.00033865546,0
0.00022068335,0
0.00013311511,0
0.00019808474,0
0.0006057222,0
0.0019028914,0
0.00015226773,0
0.00013083116,0
0.00016996253,0
0.0003388215,0
0.00017786837,0
0.00033415036,0
0.00040235682,0
0.00058118097,0
0.00017180435,0
0.00015046765,0
0.0002722951,0
0.00046096926,0
0.00078508444,0
0.00023962285,0
0.00075676973,0
0.00037849846,0
0.0010348213,0
0.001256149,0
0.00032584183,0
0.00040037392,0
0.0005513808,0
0.00034772765,0
0.00027405642,0
0.00052148197,0
0.00065295945,0
0.00045732345,0
0.00035861466,0
0.0002697008,0
0.00026532917,0
0.00028548393,0
0.00034679388,0
0.00025626438,0
0.0005457547,0
0.00025632186,0
0.00034728332,0
0.00028504382,0
8.85094e-05,0
0.000101109785,0
0.00033777556,0
0.00012059257,0
0.0024078535,0
0.0004925079,0
0.000497092,0
0.0008506141,0
0.0007722238,0
0.00048112276,0
0.00011652874,0
0.00023977282,0
0.00020529528,0
9.097836e-05,0
0.0007050322,0
0.0005724761,0
0.001338149,0
0.00040890588,0
0.00024051973,0
0.00017124329,0
0.00025110826,0
0.00011860478,0
6.63669e-05,0
0.00046761907,0
0.00025225946,0
0.00029688684,0
0.00013137833,0
0.0017668767,0
0.00026659897,0
0.00048987725,0
0.003167239,0
0.00010009724,0
0.00039079797,0
0.0017039088,0
0.00014270819,0
0.00070296787,0
0.0004485036,0
0.00032739286,0
0.00049723143,0
0.0004711182,0
0.00023259953,0
0.0013051939,0
0.00011838316,0
0.00015577603,0
0.005054192,0
0.00030221764,0
0.00020152109,0
0.0011951332,0
0.00032737793,0
0.00026734773,0
0.00040497418,0
0.00046435365,0
0.00019481927,0
0.00013935273,0
0.0006763075,0
0.00047044296,0
0.0029530486,0
0.0012332906,0
0.0002449885,0
0.0005736511,0
8.9201385e-05,0
0.0004086002,0
0.00031951687,0
0.0019930992,0
0.00021458257,0
0.0002966713,0
0.00029888647,0
0.0001173676,0
0.00032818568,0
0.00043860901,0
8.7143846e-05,0
0.00042690424,0
0.0030451915,0
0.0009677718,0
0.00038064437,0
0.0030135368,0
0.00027865754,0
7.2147086e-05,0
0.0017566956,0
0.00013311836,0
0.0003424767,0
0.00041142208,0
0.00012335823,0
0.0005703086,0
0.0038498,0
0.00021868129,0
0.002442066,0
0.00029280392,0
0.00071845576,0
0.0003378602,0
0.0004830699,0
0.00027441047,0
0.00024133295,0
0.00026567254,0
0.000472146,0
0.00041516268,0
0.00019767614,0
0.0041926904,0
0.00029040434,0
0.00014188256,0
0.000118718664,0
0.0003434392,0
0.00072667265,0
0.00024046391,0
0.00023470989,0
0.00012748822,0
0.0001720799,0
0.00019968582,0
0.00012734337,0
0.0001697269,0
0.00023530427,0
0.000372974,0
0.00033927933,0
0.00049209927,0
0.00052389514,0
0.0002721919,0
0.0005554667,0
0.00040679798,0
0.00019749413,0
0.00023893846,0
0.00028620768,0
0.00049539056,0
0.0002724158,0
0.00016662617,0
0.00016648893,0
0.00062033115,0
0.0010527407,0
0.0005948365,0
0.00016578265,0
9.497247e-05,0
0.00018879957,0
0.00050629285,0
0.00053363066,0
0.00033416165,0
0.00019315392,0
0.00043214718,0
0.0004948932,0
0.00010578641,0
0.00040395354,0
0.00035177427,0
0.00040769074,0
0.00069690123,0
0.0007993629,0
0.0011366181,0
0.0003395517,0
0.0002753054,0
0.00057235593,0
0.00038554697,0
0.00041424984,0
0.0051381,0
0.0006906633,0
0.00028737696,0
0.0003168867,0
0.00025012137,0
0.0025296423,0
0.0005057129,0
0.00031890246,0
0.00011939633,0
0.0006688691,0
0.00018052454,0
0.00028285646,0
0.00074096414,0
0.0011539262,0
0.0007056404,0
0.00017722561,0
0.00010539081,0
0.0007189594,0
0.00073997263,0
0.0003232418,0
0.0001231427,0
0.00020487353,0
0.0003323173,0
0.00019631544,0
0.00025870808,0
0.0013237166,0
0.0003878421,0
0.00021246783,0
0.0002854218,0
0.00033045147,0
0.0005454452,0
0.00042991643,0
0.00049992296,0
0.00019848124,0
0.00030307475,0
0.00020523083,0
0.0005064912,0
0.00032548865,0
0.00052454363,0
0.0002559896,0
0.00021099865,0
0.00024147764,0
8.334741e-05,0
0.0006982671,0
0.00031461322,0
0.0009277099,0
0.0003464744,0
8.532015e-05,0
0.0001421585,0
0.0012853488,0
0.00026620785,0
0.00042714147,0
0.000103882194,0
0.0002570978,0
0.00043115544,0
0.0002955463,0
0.00023730415,0
0.00021508652,0
8.745755e-05,0
0.0006884065,0
0.0004045293,0
0.00028154568,0
0.00046474463,0
0.00032514916,0
0.00017119983,0
0.0012688055,0
0.00068479095,0
9.749539e-05,0
0.00048341032,0
0.00010972319,0
0.0011787431,0
0.00094053,0
0.0002658515,0
0.00038332382,0
0.00059674215,0
0.0006523007,0
0.00040410887,0
0.00030523783,0
0.00022624235,0
0.00030612582,0
7.5351665e-05,0
0.00019379676,0
0.00050340185,0
0.00019459463,0
0.00013368535,0
0.00033750158,0
0.0007780539,0
0.0022102876,0
0.0004413227,0
0.00024604244,0
0.000227018,0
0.0002850211,0
0.0023696811,0
0.00028163506,0
0.0004222547,0
0.00024784476,0
0.0006012585,0
0.00015427086,0
0.0003209495,0
0.00020308064,0
0.00022365835,0
0.0007385069,0
0.00016836212,0
0.00041950258,0
0.00013461459,0
0.00020198438,0
0.00034552085,0
0.00031562743,0
0.00020645531,0
0.0007436486,0
8.395113e-05,0
0.0005556602,0
0.00030548254,0
0.00037257952,0
0.00032425753,0
0.0075175953,0
0.00043925087,0
0.00014838237,0
0.00014234011,0
0.00062580395,0
0.0023696811,0
0.0002349472,0
0.00027798396,0
0.0007030759,0
0.0005070248,0
0.00024116632,0
0.00043781544,0
0.00074368675,0
9.1739246e-05,0
0.0014316171,0
0.0009952969,0
0.00083190255,0
0.0009717456,0
0.00019539449,0
0.00047759982,0
0.00014715223,0
0.0007491905,0
0.00037785908,0
0.00027500364,0
0.0018115379,0
0.00015400884,0
0.000111159585,0
0.00076561765,0
0.0003535736,0
0.0005105662,0
0.00010735706,0
0.00052991166,0
0.0002145345,0
0.00013048566,0
0.00040308503,0
0.0005414514,0
0.0016394083,0
0.00029569477,0
0.0037574568,0
0.00012756362,0
8.925648e-05,0
0.0007480505,0
0.00035347464,0
0.00035350086,0
0.00013581736,0
0.0013458304,0
0.0004919718,0
0.00069667265,0
0.0010963349,0
0.00021080913,0
0.00011979273,0
0.00061683817,0
0.001345223,0
0.0003159914,0
0.00046192756,0
0.00040286573,0
0.00030323127,0
0.0002626483,0
0.00044436578,0
0.00037936468,0
0.00034926255,0
0.00043123815,0
0.00077662856,0
0.00027479196,0
0.00038554697,0
0.0010218362,0
0.0002838761,0
0.00021946085,0
0.00014419675,0
0.00027391527,0
0.0005199074,0
0.00029291285,0
0.00053363794,0
0.0003029644,0
0.00021020582,0
0.00048222087,0
0.00022528853,0
0.0004187736,0
0.0023696811,0
0.00024126993,0
0.00011511762,0
0.00084749394,0
0.0004726672,0
0.00027146435,0
0.0001593821,0
0.00047458787,0
0.00036091224,0
0.00013304371,0
0.0005422381,0
0.0001082124,0
0.0005360487,0
0.00034091357,0
0.00013546422,0
0.00066023733,0
0.0006012767,0
0.00027522576,0
0.00079158583,0
0.00020322477,0
0.00039406028,0
8.051818e-05,0
0.00020948444,0
0.0012538563,0
0.00030972442,0
0.00080353016,0
0.0016117652,0
0.00028710402,0
0.0021086107,0
0.00018298441,0
0.00048842037,0
0.00021154583,0
0.0001245572,0
0.0004956394,0
0.00034727564,0
0.00017329688,0
0.00046444204,0
0.0002694996,0
0.00041326837,0
0.00011593849,0
0.00088380993,0
0.00024559585,0
0.0001092238,0
0.0001610091,0
0.00020678625,0
0.00022466003,0
0.0009353403,0
0.00038504376,0
0.00028211888,0
0.0002191457,0
0.00031228396,0
0.00010777158,0
0.0004962947,0
0.00063362316,0
0.003533884,0
0.00042072157,0
0.000900879,0
0.0017187286,0
0.000623825,0
0.0003644934,0
0.0014588579,0
0.00028039108,0
0.000374584,0
0.00015448847,0
0.0021081544,0
0.0009998844,0
0.00050643145,0
0.00094709714,0
0.0002720339,0
0.0001401123,0
0.00026492222,0
0.00017928919,0
0.00052217295,0
0.00055888837,0
0.00183378,0
0.00091015955,0
0.00025497546,0
0.0006694643,0
0.00016723645,0
0.00032808015,0
0.00031475618,0
0.0006988934,0
0.00044502754,0
0.0010117651,0
0.0019006608,0
0.00047243334,0
0.00015689038,0
0.0005809266,0
0.0007951965,0
9.6645366e-05,0
0.00016055998,0
0.0007680334,0
0.0002376969,0
0.00018236863,0
0.00013073854,0
0.00023037476,0
0.000102467675,0
0.0009505629,0
0.0029287564,0
0.00036421337,0
0.00024409339,0
0.00026101607,0
0.00046445776,0
0.0003377387,0
0.0002840837,0
0.0002685222,0
0.00049787393,0
0.0004987416,0
0.00045261063,0
0.000955505,0
0.00022733446,0
0.00012763438,0
0.00018576886,0
7.6503384e-05,0
0.000797788,0
0.0002593613,0
0.0009834553,0
0.00023530876,0
0.001475603,0
0.00018746889,0
0.00092843396,0
0.00061349984,0
0.0003116397,0
0.000490553,0
0.0001938773,0
0.0004318316,0
0.00033009768,0
0.0006602185,0
0.0009439713,0
0.00043479764,0
0.0005597779,0
0.0006774207,0
0.00037863097,0
0.00030986714,0
0.00035977084,0
0.00036835333,0
0.00024977882,0
0.0006659281,0
0.00015964475,0
0.00020908234,0
0.00049750466,0
0.0013894924,0
0.00080056954,0
0.00030310993,0
0.0002661468,0
0.00019013305,0
0.00039597804,0
0.0009049988,0
0.00066386507,0
0.0003581566,0
0.0007484112,0
0.00078067003,0
6.301859e-05,0
0.00013149777,0
0.00029884593,0
0.00017955876,0
0.00025339457,0
0.0006563949,0
0.00060982455,0
0.00025987698,0
0.00069062936,0
0.0017184131,0
0.00028264982,0
0.0004879027,0
0.0009576848,0
0.00050442806,0
0.0013890933,0
0.0004297376,0
7.48448e-05,0
0.0004249447,0
0.00014178103,0
0.00026724217,0
0.00025189787,0
0.00019975298,0
0.000112531685,0
0.002223653,0
0.0003849244,0
0.00023029215,0
0.00024901194,0
0.0004365701,0
0.00067454285,0
0.00018918222,0
0.00017097345,0
0.0002380374,0
0.00062590186,0
0.00026600563,0
0.00050157815,0
0.00018765742,0
0.00044356816,0
0.00029062197,0
0.00022491296,0
0.0003066914,0
0.00011734938,0
0.0002597489,0
0.00014605351,0
0.0002066907,0
0.0011926661,0
0.0003260758,0
0.0009373388,0
0.0009877152,0
0.000354782,0
0.00060524675,0
9.306373e-05,0
0.00026299994,0
0.0003172501,0
0.0006420895,0
0.00013935273,0
0.00011987601,0
0.0006924018,0
0.00058943266,0
0.0008237514,0
0.00045330392,0
0.00038055863,0
0.00018959811,0
0.00021908719,0
0.0001334919,0
0.00015652255,0
0.0005208954,0
0.00061860704,0
0.0001773836,0
0.0006402396,0
0.00085957214,0
0.0007218315,0
0.00032313564,0
0.0003840687,0
0.00020450536,0
0.0009926987,0
0.00047491907,0
0.0003035708,0
0.00053752906,0
0.0011598262,0
7.7212266e-05,0
0.0003394181,0
0.00019552128,0
0.00051687105,0
0.0002485168,0
0.0004096524,0
0.0002212865,0
0.001048204,0
0.00020024626,0
0.0013665839,0
0.00012962485,0
0.00061487005,0
0.0019167766,0
0.0011792703,0
0.00013370396,0
0.0003727568,0
0.00020209991,0
0.00064179924,0
0.00035320706,0
0.00019503682,0
0.00017310606,0
0.0003625039,0
0.0003399965,0
0.0007164185,0
0.00044283475,0
0.00041110543,0
0.00041674945,0
0.0004844055,0
0.00032571715,0
0.00020977667,0
0.00019538928,0
0.0003081421,0
0.0002666431,0
0.0008251209,0
0.00016845751,0
0.0004770014,0
0.00012028261,0
0.0007127016,0
0.000596846,0
0.0012203624,0
0.0012369968,0
0.00049854635,0
0.0002040152,0
0.000105120824,0
0.00054413074,0
0.00010915311,0
0.0012933259,0
0.0005283748,0
0.00026957682,0
0.00020765528,0
0.00045310208,0
6.461791e-05,0
0.0007841634,0
0.0007084028,0
0.0006974935,0
0.0003018686,0
0.0027965317,0
0.0005327626,0
0.0004018824,0
0.0002544277,0
0.0005556775,0
0.0011623868,0
0.001267794,0
0.00011163721,0
0.00081370556,0
0.0014993241,0
0.00014234011,0
0.00033539344,0
0.0007777449,0
0.0007167322,0
0.00027380406,0
0.0007125949,0
0.00019454621,0
0.00023790431,0
0.00017126843,0
0.00030279552,0
0.000923063,0
0.00019188102,0
0.00015611532,0
0.0007098399,0
0.00035972454,0
0.0005810236,0
0.000779954,0
0.00020972909,0
0.0005661739,0
0.0005501107,0
0.0001669011,0
0.00013975587,0
0.0008203263,0
0.0004955241,0
0.00014628969,0
0.0004417582,0
0.00012639635,0
0.00059176114,0
0.0019145124,0
0.0001128073,0
0.00023510553,0
0.00021311476,0
0.00043088902,0
0.0007908273,0
0.000418924,0
0.00016449546,0
0.00026168374,0
0.00048735455,0
0.0048267655,0
0.00058044505,0
0.00051795616,0
0.0002768823,0
0.0006805406,0
0.00045989256,0
0.0005626402,0
0.00021994369,0
0.00011784137,0
0.00020142442,0
0.0033385358,0
0.000114540104,0
0.0003355062,0
0.00054089463,0
0.00050932803,0
0.00013446658,0
0.00023887151,0
0.00018315598,0
0.00040678945,0
0.0006697728,0
0.00012043969,0
0.000189368,0
0.0006435793,0
0.0006007775,0
0.00052285916,0
0.000515263,0
0.0003536648,0
0.00010748314,0
0.00037795017,0
0.0002657834,0
0.00014700899,0
0.0006807272,0
0.00040231977,0
0.00031161297,0
0.00040566435,0
0.00051163044,0
0.00034716335,0
0.0009206369,0
0.00021580984,0
0.0029086184,0
0.00037567303,0
0.00081669533,0
0.0006106978,0
0.0002880633,0
0.001340455,0
0.00047104235,0
9.580693e-05,0
0.00017990099,0
0.00020197022,0
0.00022714792,0
0.00031635794,0
0.000253596,0
0.00059708796,0
0.00032448163,0
0.0010820595,0
0.0007689696,0
0.0001708123,0
0.0006301692,0
0.00022248525,0
0.00015004327,0
0.0006549613,0
0.00047154538,0
7.162085e-05,0
0.00067202654,0
0.0002574538,0
0.00046028124,0
0.00023641992,0
0.00046818308,0
0.00031685416,0
0.00034585694,0
0.00020592129,0
0.0002076918,0
0.00011722699,0
0.005039216,0
0.00011555546,0
0.00019424704,0
0.00043698927,0
0.00075968646,0
0.00012265239,0
0.00020417315,0
0.00026342281,0
0.00011150816,0
0.0018402428,0
0.00043658444,0
0.0014803401,0
0.00028405272,0
0.00044559577,0
0.00010213165,0
0.00030767807,0
9.9594545e-05,0
0.00010901914,0
0.0014227664,0
0.0005082126,0
0.00029137477,0
0.0003676175,0
0.00014796181,0
0.00026505682,0
0.00011825462,0
0.0008518328,0
0.0005384387,0
0.0005259441,0
0.0003423871,0
0.00032641465,0
0.00018979193,0
0.0008624768,0
0.0023696811,0
0.00024446353,0
0.00010202001,0
0.00077900634,0
0.00011888295,0
0.000890494,0
0.00059878593,0
0.0009955777,0
0.00059627194,0
0.00023693418,0
9.551784e-05,0
0.00012271655,0
0.0003859494,0
0.0003337246,0
0.00069169904,0
0.0006266811,0
0.0006437631,0
0.00037622947,0
9.179391e-05,0
0.00017472704,0
0.0006351692,0
0.00023364577,0
0.0010058733,0
0.00023981076,0
0.0019685838,0
0.00022030991,0
0.0004699892,0
0.00012385796,0
0.00066035613,0
0.0006869204,0
0.004795802,0
0.00025070415,0
0.0001856459,0
0.0001831466,0
0.00016460774,0
0.00070961285,0
0.00060320494,0
0.0006828274,0
0.00039970086,0
0.0006376847,0
0.0005487895,0
0.0008557761,0
0.00050471275,0
0.00032505186,0
0.00034596262,0
0.00035343805,0
0.0004768679,0
0.0002144898,0
0.0011564734,0
0.0017140856,0
0.0011144624,0
0.00030096702,0
0.00019715591,0
0.00013883007,0
0.00038501777,0
0.00029307962,0
0.00030956944,0
0.00031789843,0
0.00091675326,0
0.0009446609,0
0.00041748394,0
0.00052329054,0
0.00031559836,0
0.00026537728,0
0.00023202751,0
0.00042029662,0
0.00024858117,0
0.0005154629,0
0.00023598192,0
0.00011042478,0
0.0024356009,0
0.0008570281,0
0.00048078244,0
0.0046679876,0
0.0003037863,0
0.00012361139,0
0.0006679462,0
0.0002936606,0
0.00014719233,0
0.0002320406,0
0.000117244665,0
0.00036567857,0
0.00021034146,0
0.00041988477,0
0.0007010477,0
0.00042418865,0
0.00019607104,0
0.00033871067,0
6.820765e-05,0
0.000653181,0
0.00073206326,0
0.00019417594,0
0.00029824453,0
0.0010223893,0
0.00040486717,0
0.00028183032,0
0.000147524,0
0.0006261786,0
0.00020601356,0
0.00016036296,0
0.0002649172,0
0.00061528175,0
0.00058276183,0
0.00056125,0
0.0014146386,0
0.0002931515,0
0.00017468576,0
0.00028697768,0
0.00025185713,0
0.00017438413,0
0.0005253508,0
0.00024789106,0
0.00037853542,0
0.00031799352,0
0.0023696811,0
0.002104288,0
0.00036864151,0
0.0006479886,0
0.00022456712,0
0.0012222285,0
0.00011102092,0
0.00032713657,0
0.00031973323,0
0.0004565582,0
0.0023696811,0
0.00021009988,0
0.00034645267,0
0.00056493515,0
0.00048140608,0
0.0002847282,0
0.00037511255,0
0.0008047168,0
0.00014192596,0
0.00012751446,0
0.00023887187,0
0.001026306,0
0.0001746253,0
0.0001671768,0
0.00032394394,0
0.00055004866,0
0.00037502486,0
0.001414615,0
0.00030064143,0
0.00034966902,0
0.00037267533,0
0.0013623401,0
0.00016180825,0
0.0068579847,0
0.00038457746,0
0.00062182883,0
0.0004214019,0
0.0025714175,0
0.0013504096,0
0.00022225363,0
0.00024151563,0
0.000578923,0
0.00038153643,0
0.0006056966,0
0.001093141,0
0.00022493061,0
0.0004316138,0
0.0006832482,0
0.00038972282,0
0.00045676183,0
0.00016279586,0
0.0004290922,0
0.00020990543,0
0.00021106476,0
0.0016448628,0
0.0003384186,0
0.00018025028,0
0.0032521945,0
0.00060657866,0
0.00024567335,0
0.00035946383,0
0.00016957405,0
0.00021908565,0
0.00031290294,0
0.00043836635,0
0.00024070489,0
0.00083723606,0
0.00026789884,0
0.00073807494,0
0.0010615156,0
0.0007041497,0
0.00051470794,0
0.0003375691,0
0.00024850084,0
0.00015193122,0
0.00064131734,0
0.0007435956,0
0.00035789402,0
0.00014527245,0
0.00013956522,0
0.0004501443,0
0.00014923663,0
0.00072765903,0
0.00039945066,0
0.0006696772,0
0.0003917157,0
0.00039372797,0
0.00023518923,0
0.00040798058,0
0.00049076235,0
0.00024524535,0
0.000307916,0
0.00015687797,0
0.00065977836,0
0.00027025628,0
0.000617444,0
0.00013375249,0
0.00032098716,0
0.0004292974,0
0.0013462872,0
0.0004573202,0
0.00028766977,0
0.00034772337,0
0.00016399717,0
0.00048051018,0
0.00031001514,0
0.00017612867,0
0.00028481896,0
0.00037786277,0
0.00088316906,0
0.00049085374,0
0.00044433257,0
0.0004649584,0
0.00059177895,0
0.00036382073,0
0.00029728995,0
0.00086139934,0
0.000272733,0
0.00015974016,0
0.00041067423,0
0.00032717732,0
0.00030551088,0
0.00018409178,0
0.00029055975,0
0.0007339758,0
0.000768547,0
6.5945715e-05,0
0.00028498124,0
0.00012200076,0
0.0001557551,0
0.0002573419,0
0.00049337454,0
0.00024575455,0
0.0029691947,0
0.00026418772,0
0.0004908183,0
0.00063452584,0
0.00015712727,0
0.0002272821,0
0.000112685804,0
0.000762977,0
0.00029421024,0
0.00015364205,0
0.0002444198,0
0.00035118163,0
0.00050899,0
0.0010804891,0
0.0006149525,0
0.0004962383,0
0.00022170569,0
0.0011015661,0
0.00026513348,0
0.0005175663,0
0.00043705467,0
0.00042296064,0
0.0008181777,0
0.0005171663,0
0.0007509444,0
0.00060471456,0
0.00048072526,0
0.00030944077,0
0.00035786492,0
0.0012180441,0
0.00035664972,0
0.03062971,0
0.0006592509,0
0.0002558744,0
0.00058162917,0
0.0015397631,0
0.00085335824,0
0.00038550215,0
0.00030045846,0
0.0006794552,0
0.00016305693,0
0.00025670504,0
0.00030766163,0
0.00062550366,0
0.00024879305,0
0.00019042374,0
0.00017562663,0
0.00040321486,0
0.00015404122,0
0.0020315864,0
0.000312386,0
0.00043311573,0
0.0010178316,0
0.0005478431,0
0.00048319844,0
0.0004472478,0
0.000545775,0
0.00021318858,0
0.00016147025,0
0.00018350751,0
0.00023494143,0
0.00026562286,0
0.00056519866,0
0.00033223303,0
0.0007790248,0
0.00017363903,0
0.00048124223,0
0.0014263666,0
0.0008914865,0
0.0007361116,0
0.0031084514,0
0.00021651438,0
0.00035056335,0
0.00037849645,0
0.00030555672,0
0.00013852921,0
0.00058592815,0
0.00021120041,0
0.0003107686,0
0.0015888879,0
0.00038779184,0
0.0005093692,0
0.00035675813,0
0.00065696257,0
0.00018081299,0
0.00053946127,0
0.00022129097,0
8.637987e-05,0
0.00075644243,0
0.00022362362,0
0.00022155575,0
0.00056218344,0
0.0003281319,0
0.00015962236,0
0.00023469642,0
0.00022543313,0
0.0003243486,0
0.00014812725,0
0.00046015982,0
0.00034526383,0
0.000786051,0
0.0001590487,0
0.00017458285,0
0.0002828248,0
0.0006718339,0
0.00022716184,0
0.00093249674,0
0.00029302354,0
0.0006542882,0
0.00053393556,0
0.0020775222,0
0.0011543018,0
0.0006567199,0
0.00023375322,0
0.00080450525,0
0.0012942865,0
0.0005925108,0
0.00023029582,0
0.000157848,0
0.0007850649,0
0.00035048256,0
0.0011632637,0
0.00044151285,0
0.00042013542,0
0.00030437091,0
0.00020247618,0
0.00081874244,0
0.0003234068,0
0.00051317405,0
0.00015448847,0
0.0019164872,0
0.0008876796,0
0.0011124337,0
0.00013152524,0
0.0011381875,0
0.00045316166,0
0.0020201672,0
0.00035290077,0
0.00020679062,0
0.00022495013,0
0.0004821474,0
0.00022172093,0
0.00036931303,0
0.0008206371,0
0.0012286083,0
0.0002486579,0
0.0023696811,0
0.00079158583,0
0.00029850026,0
0.0004352864,0
0.0019095831,0
0.00044044302,0
0.0002229626,0
0.00021153611,0
0.000323676,0
0.0002865955,0
0.00064440654,0
0.000652807,0
0.00032203685,0
0.00010924239,0
0.00027463172,0
0.0002906672,0
0.0012162069,0
0.00054471963,0
0.0007732632,0
0.0003167658,0
0.00067103945,0
0.00043204986,0
0.00038456888,0
0.0001952794,0
0.00054880313,0
0.0004086078,0
0.00025741427,0
0.0004971474,0
0.0010241698,0
0.00027718756,0
4.4311044e-05,0
0.0007312264,0
0.00075148453,0
5.765332e-05,0
0.00051200134,0
0.0003427487,0
0.00076960056,0
0.00014084432,0
0.0004720473,0
0.0025563189,0
0.00036903948,0
0.0025168844,0
0.0060962806,0
0.0017925827,0
0.0003002355,0
9.1404465e-05,0
0.0002259837,0
0.0006838639,0
0.0005112297,0
0.00020789172,0
0.000448888,0
0.00052044395,0
0.00018836274,0
0.00027002484,0
0.00015847132,0
0.0009879245,0
0.0007073487,0
0.00051193946,0
0.0003455242,0
0.0008110345,0
0.00018589254,0
0.00010344365,0
0.0010900937,0
0.0020726307,0
0.00020300795,0
0.0006048467,0
0.00078722887,0
9.639142e-05,0
0.0004714231,0
0.0007678528,0
0.00024728698,0
0.00041906082,0
0.00081335584,0
0.0005048145,0
0.00020977399,0
0.00055796833,0
0.00018314658,0
0.000115982824,0
0.005348792,0
0.00049412216,0
0.002033921,0
0.0002447067,0
0.00171022,0
5.961003e-05,0
0.0003839386,0
0.00026504544,0
0.00014005347,0
0.0005190531,0
0.00026262226,0
0.00012539432,0
0.00058909314,0
0.0006111175,0
0.0008430329,0
0.00038976094,0
0.00038710787,0
0.00040881376,0
7.922694e-05,0
0.0008515863,0
0.0013859264,0
0.00014925419,0
0.00027066708,0
0.0002804799,0
0.0003485347,0
0.00091675605,0
0.0003641527,0
0.00043128413,0
0.00018178418,0
0.00041270602,0
0.0002611565,0
0.00026705,0
0.0001409042,0
0.00024361277,0
0.00076420984,0
0.0006338116,0
0.00043665158,0
0.00015234573,0
0.00044978663,0
0.00046144077,0
0.000572569,0
0.00045554937,0
0.00025393756,0
0.00023989788,0
0.00013052471,0
0.0002428611,0
0.00028446387,0
0.00027636308,0
0.00024871287,0
0.00024158918,0
0.0001096568,0
0.00019483264,0
0.0007900625,0
0.00027416094,0
0.0013256136,0
0.0004621181,0
0.00013391332,0
0.0004394471,0
9.214215e-05,0
0.00026721868,0
0.00033902645,0
0.00049881154,0
0.00048919296,0
0.00081932225,0
0.0017649769,0
0.0001947518,0
0.00068056403,0
0.00030540273,0
0.0006169302,0
0.0013744598,0
0.00031106293,0
0.00043248624,0
0.00024659242,0
0.00013193647,0
0.000252974,0
0.00049970485,0
0.00022963257,0
0.0012356383,0
0.00018978251,0
0.00047845484,0
0.00022883613,0
0.0009835401,0
0.0004325748,0
0.00015577603,0
0.0002020573,0
0.0002860546,0
0.00029617822,0
0.0001377121,0
0.0002960504,0
0.0006537048,0
0.00025885133,0
0.0002956208,0
0.00042741996,0
0.00016321983,0
0.00023889047,0
0.00064882106,0
0.00033315996,0
0.00086668925,0
0.0005244379,0
0.00012706505,0
0.00042663116,0
0.000622404,0
0.00028883948,0
0.0001542253,0
0.00022654963,0
0.00034484212,0
0.00029158013,0
0.00032696858,0
0.00023407268,0
0.00021059003,0
0.00067635236,0
0.00018057671,0
0.0003735435,0
0.00043353817,0
0.0005380797,0
0.00021462221,0
0.00016073653,0
0.00034270692,0
0.00017926698,0
0.0002779573,0
0.00020245822,0
0.00048223545,0
0.0008467033,0
7.825342e-05,0
0.0014513236,0
0.00087512715,0
0.00068279065,0
0.00027107008,0
0.00044346735,0
0.00016701741,0
0.00022379041,0
0.0001011217,0
0.00032741236,0
0.00018875964,0
0.00050324993,0
0.00075824093,0
0.0012184789,0
0.0018856402,0
0.000272787,0
0.00016285644,0
0.00022171033,0
0.000110867404,0
0.00046159196,0
0.00027547547,0
0.00022228574,0
0.0002181098,0
0.00030357233,0
0.0006289354,0
0.00028245282,0
0.0021680186,0
0.00029079325,0
0.00011229591,0
0.000376809,0
0.00037217804,0
0.0010801249,0
0.00021545916,0
0.00027630644,0
0.000297962,0
0.00026070265,0
0.00015847132,0
0.00033449603,0
0.00031296094,0
0.00021737814,0
0.0009170964,0
0.0006309452,0
0.0014769051,0
0.00022993756,0
0.00022582688,0
0.0010939911,0
0.00018746898,0
0.0001501863,0
0.00021944415,0
0.0002402381,0
0.0009641451,0
0.0019352988,0
0.00025246112,0
0.00036401284,0
0.00041800147,0
0.0002694968,0
0.0007709213,0
0.0001718863,0
0.00023109543,0
0.0009034119,0
0.00016309148,0
0.00013313314,0
0.0005423385,0
0.00032032694,0
0.00069059717,0
0.00016196717,0
0.00016698246,0
0.0023561027,0
8.167413e-05,0
0.0005905683,0
0.0005795878,0
0.0001867515,0
0.00035881758,0
0.00044929585,0
0.00032634966,0
0.0007193741,0
0.00040267466,0
0.00022779514,0
0.00013410088,0
0.00046215265,0
0.00014965356,0
0.00016939688,0
0.00018319557,0
0.00038391174,0
0.00030446384,0
0.00061231985,0
0.00034653457,0
0.00058203295,0
0.00078232057,0
0.00020522525,0
0.000549501,0
0.00018227907,0
0.00019942145,0
0.0011942615,0
0.00033145715,0
0.0007374661,0
0.00042405084,0
0.0001881714,0
0.00034656114,0
0.00042434048,0
0.00015195455,0
0.00020276844,0
0.00016445313,0
0.00065229996,0
0.00074084336,0
0.00012600346,0
0.00046779754,0
0.000283204,0
0.0011108263,0
0.00021467624,0
0.00014871318,0
0.00055156066,0
0.00024395442,0
0.0008499254,0
9.154004e-05,0
0.0009631504,0
0.00025045482,0
0.00030385394,0
0.0006880614,0
0.0024727357,0
0.0004331893,0
0.0006375024,0
0.0005857,0
0.0008710415,0
0.00044730603,0
0.00020297697,0
0.00046292064,0
8.5326436e-05,0
0.00038882557,0
0.00031064788,0
0.000703981,0
0.0019247844,0
0.00011119043,0
0.00016859105,0
0.00016934481,0
0.0008006898,0
0.000105655,0
0.00022058834,0
0.00042336684,0
0.00037154753,0
0.0007866471,0
0.00017630564,0
0.00028055804,0
0.00013048566,0
0.00013471392,0
0.00038995317,0
0.00044960328,0
0.0005202752,0
0.00022454525,0
0.00027204922,0
0.00073484523,0
0.00020007344,0
0.00035179322,0
0.0008859233,0
0.0003278512,0
0.00024404898,0
0.0009786491,0
8.384432e-05,0
0.00026953156,0
0.0023696811,0
0.0013984618,0
0.00059563405,0
0.0002852999,0
0.0002635054,0
0.0005531832,0
0.0001018397,0
0.0005608311,0
0.00097154087,0
0.00040002153,0
0.003374203,0
0.00039966387,0
0.00042861744,0
0.00025746744,0
0.00025294995,0
0.00027507122,0
0.0005805245,0
6.646359e-05,0
0.0005690691,0
0.00034229786,0
0.00048395322,0
0.000526581,0
0.00026920668,0
0.0003327278,0
0.00045657504,0
0.00046735926,0
0.0002378193,0
0.00038030418,0
0.00015897195,0
0.00044441456,0
0.00017649113,0
0.0005632888,0
0.00012135698,0
0.0003574981,0
0.000396073,0
0.00014805526,0
0.00029342755,0
0.0013457884,0
0.00038532913,0
0.00041860182,0
0.0005542536,0
0.00036698446,0
0.00038712812,0
0.00078643835,0
0.00046794885,0
0.0010959381,0
0.00026877105,0
0.00013635526,0
0.00025333007,0
0.000114863724,0
0.00084930845,0
0.0006568162,0
0.00033855208,0
0.00039236184,0
0.00020046835,0
0.00018482833,0
0.0005992652,0
0.00021253781,0
7.9068515e-05,0
0.00046051305,0
0.0006427019,0
8.389945e-05,0
0.0026020445,0
0.00087007106,0
0.00056644285,0
0.00012308886,0
0.00096533884,0
0.000486398,0
0.00029565656,0
0.0004629315,0
0.00048498716,0
0.0007229867,0
0.00014634142,0
0.00010231127,0
0.00105847,0
0.00086439605,0
0.00040216197,0
0.0025122436,0
0.0010278703,0
0.00011794844,0
0.0009257244,0
0.00028109798,0
0.0009594057,0
0.0010992549,0
0.00021778756,0
0.00023503232,0
0.00015694738,0
0.00012361511,0
0.0005780603,0
0.0006089264,0
0.00016818075,0
0.00013501094,0
0.0007589984,0
0.00042055637,0
0.00020856169,0
0.0009366503,0
0.00030807653,0
0.000681787,0
0.00013179502,0
0.0004520571,0
0.00029697892,0
6.946088e-05,0
0.0010152045,0
0.00016623011,0
0.0006298348,0
0.0011374227,0
0.00030662565,0
0.0007868793,0
0.00017502082,0
0.0006722055,0
0.00036389983,0
0.000112906775,0
0.0009383644,0
0.00022480366,0
0.0003420234,0
0.00038626324,0
0.00053122354,0
0.00034287694,0
0.00012912447,0
0.0002383613,0
0.0004934779,0
0.00022978404,0
0.000124522,0
0.00070188986,0
0.0023696811,0
0.00012143115,0
0.00013481211,0
0.0004587342,0
0.0002362365,0
0.00021860859,0
0.00014784336,0
0.00044960328,0
0.002650192,0
0.00028366418,0
0.0004136111,0
0.0001658788,0
0.00019858633,0
9.5164396e-05,0
0.00011297628,0
0.0003626,0
0.00019426602,0
8.025321e-05,0
0.0015789565,0
0.0003173172,0
0.00013852473,0
0.00019141969,0
0.00011779297,0
0.00029465475,0
0.00014077312,0
0.00030167127,0
0.00041746354,0
0.0026450544,0
0.0006984475,0
0.0010829025,0
0.0016807066,0
0.000239018,0
0.0009786491,0
0.0002912172,0
0.0001088038,0
0.00024787986,0
0.0011462208,0
0.00023473302,0
0.00015072375,0
0.00030926577,0
0.00050976267,0
0.00029985516,0
0.00017778626,0
0.00021824778,0
6.18907e-05,0
0.0022225427,0
0.00033008488,0
0.00013449439,0
0.00016195227,0
0.00055796804,0
0.00046491448,0
0.00024683206,0
9.900803e-05,0
0.00077380805,0
0.0017789023,0
0.00029450527,0
0.00013721935,0
0.00012625822,0
0.00011979273,0
0.00016139171,0
0.001121416,0
0.00021429543,0
0.00040622972,0
0.00075357285,0
0.00045380238,0
0.00028558756,0
0.00012018872,0
0.0002928028,0
0.0012219612,0
0.00010127656,0
9.906796e-05,0
0.00093918666,0
0.0005098923,0
0.0010375178,0
0.0001927934,0
0.000104986226,0
0.00015779064,0
0.00015475116,0
0.00015704868,0
0.00036232342,0
0.000102594975,0
0.00029238596,0
0.00013995949,0
0.00033450755,0
0.00062890677,0
0.0009790404,0
0.00060738646,0
0.0013237766,0
0.00016844459,0
0.00019798556,0
0.0002541223,0
0.005296112,0
0.00032209972,0
0.0010831062,0
0.00017581417,0
0.00036986737,0
0.00046855473,0
0.0023423207,0
0.0004584031,0
0.0001850144,0
0.00026606675,0
0.00038174706,0
0.0007057587,0
0.0011938529,0
0.0004646344,0
0.00012784796,0
0.00013628602,0
0.00061380427,0
0.00018031205,0
0.00081026717,0
0.00063654146,0
0.00042639885,0
0.0003236704,0
0.00030744946,0
0.00032228287,0
0.0002712509,0
0.0006252321,0
8.139591e-05,0
0.0004758053,0
0.0016592391,0
0.0002202729,0
0.00053294486,0
0.00017319697,0
0.00019949734,0
0.00036546867,0
0.00017768613,0
0.00043105797,0
0.0012501383,0
9.4472365e-05,0
0.0007618902,0
0.00029464025,0
0.0005858556,0
0.00026897778,0
0.0019383823,0
0.00016205589,0
0.0003821422,0
0.0005783194,0
0.00017723463,0
0.00014970185,0
0.0003016374,0
0.00073109195,0
0.00023900156,0
0.0005108217,0
0.000118942524,0
0.00025881807,0
0.00026971078,0
0.00026125603,0
0.000626291,0
0.002103725,0
0.0004946242,0
0.00013800457,0
0.0006359205,0
0.0001265634,0
0.00047104235,0
0.00016658899,0
0.0008359174,0
0.0015337765,0
0.0005966759,0
0.00017425072,0
0.00036668492,0
0.0005762467,0
0.00028466142,0
0.00016408924,0
0.00042856165,0
9.015339e-05,0
0.0010219379,0
0.0026567222,0
0.00039105673,0
0.0007666231,0
0.00045181697,0
0.00053325633,0
0.000108646156,0
0.00046310673,0
0.0023696811,0
0.000117691234,0
0.00021989016,0
0.0002569641,0
0.00014719233,0
0.00047252324,0
0.00053039554,0
0.0002637526,0
0.00017409281,0
0.00037664527,0
0.0003990984,0
0.00033229767,0
0.00042763277,0
0.0009277675,0
0.00012477957,0
0.00028392975,0
0.00022941295,0
0.00022035383,0
0.0009109079,0
0.0008588007,0
0.00030942747,0
0.00015053012,0
0.00050162204,0
0.0006145592,0
0.00092306396,0
0.000994421,0
0.00022600537,0
0.00036721924,0
0.0010836815,0
0.00038791215,0
0.0006121703,0
0.0002081304,0
0.00027788876,0
0.0001522342,0
0.00030535753,0
0.00043737266,0
0.0006413618,0
0.00055482215,0
0.00042047686,0
0.000513139,0
0.00013936423,0
0.00071159116,0
0.0015621497,0
0.00026723984,0
0.0005397245,0
0.00026538313,0
0.00047272095,0
0.00024409339,0
0.00024933816,0
0.00013361413,0
0.00017200137,0
0.0001150349,0
0.00048708,0
0.00032069735,0
0.00027214357,0
0.0013688921,0
0.00030230745,0
0.0002629318,0
0.00024663756,0
0.00016821135,0
0.00015408799,0
0.00039722602,0
9.615619e-05,0
0.00049283594,0
0.00015765493,0
0.00056799944,0
9.1597416e-05,0
0.00041204476,0
0.00025460668,0
0.00024722744,0
0.00013207953,0
0.0005755581,0
0.0004904316,0
0.00040681098,0
0.0007503899,0
0.00012178513,0
0.0030741687,0
0.00010699373,0
6.83498e-05,0
0.00018051562,0
0.0006799101,0
0.00019250973,0
0.00044196213,0
0.00025683726,0
0.00012960933,0
0.0001503686,0
9.653328e-05,0
0.0004735784,0
0.0010570548,0
0.00044900842,0
0.0018306213,0
0.00015666748,0
0.00033620867,0
0.001067305,0
0.00044476794,0
0.00047280203,0
0.0006316373,0
0.00043267678,0
0.00014375725,0
0.00024930655,0
0.00017114892,0
0.0005369646,0
0.002356446,0
0.0009809062,0
0.0007880328,0
0.00012372025,0
0.00036433525,0
0.0008179436,0
0.00012098884,0
0.00072036486,0
0.00026402032,0
0.000258635,0
0.00020935464,0
0.0008526781,0
0.0004595162,0
0.00018120906,0
0.0009278846,0
0.00013597976,0
0.00019231779,0
0.0001614367,0
0.00013503073,0
0.000691789,0
0.0002968853,0
0.00033440828,0
0.00044381345,0
0.00018127765,0
0.0005768503,0
0.0003377403,0
0.00048010767,0
0.0007951965,0
0.00054728606,0
0.00016981721,0
0.00047528767,0
0.0001919535,0
0.00038170026,0
0.00020672838,0
0.00035085282,0
0.0036102692,0
0.0010197008,0
0.00046140677,0
0.0004331435,0
0.00079797424,0
0.00011331472,0
0.00056922383,0
0.00014728017,0
0.00032589695,0
0.00025268964,0
0.00025017583,0
0.00029761947,0
0.00036196492,0
0.00039145164,0
0.00033997346,0
7.972499e-05,0
0.00027969212,0
0.00056617643,0
0.00038041497,0
0.00011704461,0
8.892083e-05,0
0.00015837907,0
0.00055942027,0
0.00016988849,0
0.00025679191,0
0.00032086988,0
0.0002595795,0
0.00032958022,0
0.00032062968,0
0.00025810287,0
0.00043497156,0
0.00067165674,0
0.0002736963,0
0.0007868793,0
0.00016558194,0
0.00028007996,0
0.0002563969,0
0.00023146717,0
0.00048857887,0
0.00023116363,0
0.0005980325,0
0.0001804315,0
0.0007601096,0
0.0008981947,0
0.00048589267,0
0.0007868793,0
0.002183994,0
0.0002689378,0
0.002624042,0
0.00085161417,0
0.00010158507,0
0.0006000015,0
0.00053089997,0
0.0003365477,0
0.0014372182,0
0.0001965672,0
0.00030345164,0
0.0008846086,0
0.0010056574,0
0.00037531962,0
0.00042979576,0
0.00054531195,0
0.00059176824,0
0.00027687638,0
0.0004815803,0
0.00031969734,0
0.0003417056,0
0.0006993051,0
0.0011436079,0
0.0001005771,0
0.00045468484,0
0.0005020448,0
0.00044289487,0
0.00040230516,0
0.0004909507,0
0.00029623377,0
0.0023696811,0
0.0008022857,0
0.0003976349,0
0.00019573659,0
7.91289e-05,0
0.0009200642,0
0.00027574308,0
0.0006076737,0
0.0019158982,0
0.00018081299,0
0.0003585485,0
0.00015613092,0
0.00029586634,0
0.0006616854,0
0.0001603461,0
0.0004364374,0
0.0001566599,0
0.00031716077,0
0.00058789947,0
0.0008683095,0
0.00032083876,0
0.0006448348,0
0.00017803283,0
0.00036309447,0
0.00026851697,0
0.00037925798,0
0.00023588736,0
0.0005699042,0
0.0004661374,0
0.00012156312,0
0.00027560475,0
0.0011419776,0
0.0016235479,0
0.0009140968,0
0.00010221383,0
0.00019423213,0
0.0007189627,0
0.00025584133,0
0.0002824206,0
0.00017928919,0
0.00036180933,0
9.966207e-05,0
0.00049313804,0
0.00033062245,0
9.343378e-05,0
0.00019988923,0
0.0004975416,0
0.00047595153,0
0.0004012168,0
0.0004870072,0
0.00018520273,0
0.00035963478,0
0.00013413145,0
0.00055213965,0
0.00027617766,0
0.00057170785,0
0.0013773345,0
0.00020616672,0
0.0008248868,0
0.00043552532,0
8.373063e-05,0
0.00016130724,0
0.00015226773,0
0.0011056954,0
0.0007341437,0
0.0002711502,0
0.00040374987,0
0.00022945635,0
0.00022267544,0
0.0007195285,0
0.00033004262,0
0.00074906717,0
0.00062662107,0
0.00012026204,0
0.00024507032,0
0.00027751576,0
0.000116771225,0
0.00018026643,0
0.00016360515,0
0.0005752289,0
0.00016760557,0
0.00016009284,0
0.00066864025,0
0.00042684894,0
0.00018240878,0
0.00016786263,0
0.00050875836,0
0.00049577456,0
0.00023804927,0
0.00027856007,0
0.0002849543,0
0.00047874913,0
0.00031341278,0
0.0005668989,0
0.00029481627,0
0.0005814521,0
0.0027163308,0
0.00021249035,0
0.00031761825,0
0.0006492129,0
0.00030997166,0
8.84874e-05,0
0.00013768056,0
0.00025645792,0
0.00034110094,0
0.00020119635,0
0.00062002917,0
0.0017251873,0
0.00034298506,0
0.00025974025,0
0.0002730652,0
0.00046258868,0
0.00045849313,0
0.0005968296,0
0.0006133451,0
0.00026710713,0
0.00032901493,0
0.00017062825,0
0.0002834458,0
9.76687e-05,0
0.0007499713,0
0.00020730682,0
0.00018642137,0
0.00040133612,0
0.00030321343,0
0.00015231536,0
0.00091900973,0
0.00074831554,0
0.0017401659,0
0.00094773987,0
0.0007415472,0
0.0006817128,0
0.0001820356,0
0.0011316624,0
0.00021180577,0
0.00022264625,0
0.0005356463,0
0.00040248904,0
0.0005640282,0
0.0010314572,0
0.0030726888,0
0.0015313765,0
0.0015044915,0
0.00013621776,0
0.00071905233,0
0.00019222642,0
8.931368e-05,0
0.00042987592,0
0.00037646983,0
0.0003907894,0
0.0024850965,0
0.000116129144,0
0.001886906,0
0.00070780725,0
0.0002337999,0
0.00022663342,0
0.00058352674,0
0.00020204896,0
0.00020267714,0
0.00032377942,0
0.00022993534,0
0.0003297955,0
0.0005363479,0
0.00093435304,0
0.0015939997,0
0.00022040207,0
0.0005551987,0
0.0017703708,0
0.0015494181,0
0.00017908179,0
0.00024559585,0
0.000340399,0
0.00064087147,0
0.00056779105,0
0.000526732,0
0.00037874235,0
0.00065092766,0
0.00039100577,0
0.00019262382,0
0.00074335985,0
0.0005035336,0
0.0012079256,0
0.0023696811,0
0.00013598827,0
6.5182845e-05,0
0.00067868154,0
0.00036758772,0
0.0027323244,0
0.00024189128,0
0.0007723271,0
0.0005370602,0
0.0003766681,0
0.00043930832,0
0.00071286585,0
0.0004114829,0
0.0008058266,0
0.00018920489,0
0.00023792959,0
0.00019355498,0
0.00015379532,0
0.0005879247,0
0.00039386106,0
0.00044507228,0
0.00067168195,0
0.00017740595,0
0.0010855177,0
0.0011215463,0
0.0006447436,0
0.00016315485,0
0.00047057454,0
0.0004485036,0
0.0025893133,0
0.00014739158,0
0.00051348185,0
0.00017043852,0
0.0017972767,0
0.00089904724,0
0.00011537445,0
0.00025979537,0
0.00017871166,0
0.0007947688,0
0.00018766399,0
0.0004628209,0
0.00047271335,0
0.00028140703,0
0.00018798905,0
0.0004283952,0
0.00046028048,0
0.00032751047,0
0.000922775,0
0.0011304682,0
0.0003457252,0
0.00039261795,0
0.00057142053,0
0.00016239377,0
0.00012316206,0
0.00015524885,0
0.0003202223,0
0.00052626705,0
0.00017455399,0
0.00038879053,0
0.00023974404,0
0.00045479782,0
0.00060131913,0
0.00030771887,0
0.00021521137,0
0.0002889698,0
0.00014228457,0
0.00011589044,0
0.00054982817,0
0.00028965774,0
0.0011504159,0
0.00023534003,0
0.00046265838,0
0.0003167126,0
0.00069561973,0
7.570318e-05,0
0.00034519838,0
0.00079261576,0
0.00032433428,0
0.00087459193,0
0.0005712829,0
0.00039007474,0
0.00038873122,0
0.00022771537,0
0.0031575777,0
0.0016704084,0
0.00014820165,0
0.00081305316,0
0.00041627,0
0.0003191384,0
0.00077698,0
0.0007032496,0
0.0004896216,0
6.0317347e-05,0
0.00037654967,0
0.000197788,0
0.00017649113,0
0.00022270317,0
0.00019712097,0
0.00038989485,0
0.0005783795,0
0.00011711652,0
0.0004938879,0
0.0014671951,0
0.00021275457,0
0.00024286457,0
0.0002366744,0
0.00034164696,0
0.00039276254,0
0.00020867608,0
0.00017504574,0
0.0003948654,0
0.0001411646,0
0.0010451179,0
0.00085400016,0
0.00028419585,0
0.0004078321,0
7.841184e-05,0
0.0003648096,0
0.00029842355,0
0.00026893974,0
0.00061451225,0
0.0010280441,0
0.00015200688,0
0.0006428427,0
0.00019022552,0
6.764023e-05,0
0.00022255824,0
0.00041091637,0
0.00015351038,0
0.0007404769,0
0.0002481046,0
0.0001271838,0
0.0007002411,0
0.00049863703,0
0.0004197435,0
0.005013938,0
0.00015269387,0
0.00033310024,0
0.00094386085,0
0.0009390508,0
0.0005364064,0
0.00067665766,0
0.0005309775,0
0.00019361467,0
0.00064717315,0
0.0002086133,0
0.000643757,0
0.00030310857,0
0.00017166723,0
0.001585039,0
0.00026438668,0
0.00043361378,0
0.0008466775,0
0.0057624658,0
0.030933563,0
0.000107720036,0
0.00018350323,0
0.0012264597,0
0.00040207768,0
0.00016563326,0
0.00027939928,0
0.00027701756,0
0.00018222976,0
0.00029663814,0
0.00064689206,0
0.000120232224,0
0.00028638114,0
0.0003487125,0
0.0004984927,0
0.00056573993,0
0.0008168973,0
0.0008450708,0
0.0001353818,0
0.00024020992,0
0.0004932644,0
0.00037461278,0
0.0007624716,0
0.0005117257,0
0.00042032494,0
0.00016177224,0
0.0016104472,0
0.0030873376,0
0.00021065873,0
0.00023671793,0
0.000255884,0
0.0002739347,0
0.0006689696,0
0.0003212919,0
0.00028735242,0
0.00033839687,0
0.00058835134,0
0.00011202979,0
0.00020315718,0
7.541989e-05,0
0.00030058934,0
0.00018492514,0
0.00037128487,0
0.00015465615,0
0.00011967971,0
0.00016213924,0
0.00026116223,0
0.00035669762,0
0.00011948146,0
0.00012784002,0
0.00038948114,0
0.0006133903,0
0.0003039087,0
0.000116952324,0
0.00014837486,0
0.00044755577,0
0.00030819228,0
0.0004058622,0
0.00063614344,0
0.00056689465,0
0.00010345814,0
0.00019849386,0
0.00016527213,0
0.00089873275,0
0.00078508444,0
0.000117611555,0
0.00052173284,0
0.0012143343,0
0.00023295476,0
0.00043342047,0
0.008349683,0
0.00031755978,0
0.0003685626,0
0.00049626397,0
0.00035754364,0
0.00012877978,0
0.00035117104,0
0.00027487037,0
0.00024784837,0
0.0001873632,0
0.0001412446,0
0.00041235526,0
0.00016847797,0
0.00018793764,0
0.00019513034,0
0.00051090296,0
0.00081245764,0
0.00019483264,0
0.00032594,0
9.441273e-05,0
0.00015260206,0
0.0004184317,0
0.00040043326,0
0.00038963213,0
0.00036455534,0
0.0022400897,0
0.00024573278,0
0.00039086776,0
0.006150427,0
0.00059283216,0
0.00063006376,0
0.006556958,0
0.0024064903,0
7.5281794e-05,0
0.0006836626,0
0.0002511394,0
0.00036440158,0
0.000131838,0
0.0002762067,0
0.0005256887,0
0.00014394161,0
0.0001654807,0
0.000313544,0
0.0003703266,0
0.00043245414,0
0.00026422561,0
0.0005280592,0
0.0002928897,0
0.002635298,0
0.0003601063,0
0.00019705606,0
0.0012861647,0
0.00018917902,0
0.00021976672,0
9.33097e-05,0
0.00011278648,0
8.6733125e-05,0
0.0014148537,0
0.00027538475,0
0.00019893966,0
0.0012109447,0
0.00027034662,0
0.00048337047,0
0.00017341995,0
0.00010196494,0
0.00031902717,0
0.0005934017,0
0.0007080758,0
0.0006280861,0
0.00035508696,0
0.00015632481,0
0.00038374576,0
0.00036766598,0
0.0005444647,0
0.00024589396,0
0.00027195553,0
0.00078771176,0
0.0008462961,0
0.0003167273,0
0.00023144713,0
0.000431067,0
0.0002956262,0
0.00041290713,0
0.00028428555,0
0.00014102586,0
0.00042990033,0
0.00017053733,0
0.0005201328,0
0.00058584916,0
0.00024425166,0
0.0017289596,0
0.0018356019,0
0.00079158583,0
0.00024730945,0
0.00011001432,0
0.00045103018,0
0.00018652531,0
0.00036328254,0
0.00046012102,0
0.0008521856,0
0.00012386925,0
0.00016160996,0
0.0003741175,0
0.0009721413,0
0.00080939184,0
0.0023696811,0
0.0004997738,0
0.00035484883,0
0.00016961788,0
0.00012310776,0
0.0017176138,0
0.00034189053,0
0.00044596387,0
0.0032200043,0
0.0010601021,0
0.0008966671,0
0.0007883474,0
0.00040102052,0
0.0006821546,0
0.00011268947,0
0.0001467252,0
0.00017953398,0
0.00028723592,0
0.0003655539,0
0.00022658746,0
0.00022973878,0
0.00063477544,0
0.0006442204,0
0.00029426944,0
0.000530469,0
0.00021532705,0
0.00079385546,0
0.000620279,0
0.00031795067,0
0.00074065226,0
0.0014822063,0
0.00019657548,0
0.00014785994,0
0.00029651765,0
0.0008779266,0
0.00076817547,0
0.00088926096,0
0.00043912578,0
0.0012294624,0
0.00030123218,0
0.00024118322,0
0.00017429354,0
0.0011005494,0
0.0001441301,0
0.00051492214,0
0.00046571912,0
0.0011229175,0
0.0020805558,0
0.0012374575,0
0.00024802127,0
0.00046140677,0
8.8900124e-05,0
0.0004900741,0
0.0002010074,0
0.0006602629,0
0.00035105567,0
0.00019425964,0
0.00045195426,0
0.00015231536,0
0.00055330346,0
0.00021765695,0
0.00010633503,0
0.00039491092,0
0.00027269934,0
0.00022811879,0
0.00030306203,0
0.0005649081,0
0.0004868404,0
0.00047022887,0
0.00060529157,0
0.000141815,0
0.00017027919,0
0.00026610683,0
0.00022828628,0
0.0022217527,0
0.00030723118,0
0.00010436034,0
0.00037574285,0
0.00047364895,0
0.0009666553,0
0.00050216797,0
0.0009654833,0
0.0005924123,0
0.00023015696,0
0.00102732,0
0.0004342556,0
0.00018086784,0
0.00022730317,0
0.0010409239,0
0.00014444329,0
0.0006370532,0
0.0005015675,0
0.0002182271,0
0.0005373855,0
0.00019795669,0
0.00031535677,0
0.00023980302,0
0.0003291659,0
0.0006222117,0
0.00041165372,0
0.0003826602,0
0.0009817607,0
0.00027887532,0
0.00031429532,0
0.00026392433,0
0.00016118413,0
0.0023696811,0
0.00045121406,0
0.00040963144,0
0.00012177462,0
0.0007920727,0
0.00010693997,0
0.00022898684,0
0.00012933495,0
0.0041495236,0
0.00032871106,0
0.000177383,0
0.0006918536,0
0.00020788409,0
0.0006014079,0
0.0006660852,0
0.0010415862,0
0.00057804555,0
0.0005503034,0
0.00010484386,0
0.00069730537,0
0.00025420266,0
0.0016261791,0
0.005741544,0
0.000673954,0
0.00047623648,0
0.0005384766,0
0.0003861453,0
0.00026127973,0
0.00023037734,0
0.0009851587,0
0.00011561952,0
0.00041496597,0
0.00049125036,0
6.687122e-05,0
0.00040658104,0
0.00018081299,0
0.00022699064,0
0.0008225355,0
0.00014113114,0
8.728071e-05,0
0.00016487099,0
0.00025495578,0
0.00058183,0
0.00030535215,0
0.00030096422,0
7.5086304e-05,0
0.0004707279,0
0.00032474505,0
0.00011309394,0
0.00012895034,0
0.00019076443,0
0.000844559,0
0.0010113817,0
0.0002798184,0
0.00019586699,0
0.00043138626,0
0.00041664712,0
0.000115815594,0
0.00017365217,0
0.00013451476,0
0.00015426362,0
0.0018695284,0
0.00031896605,0
0.00014234011,0
0.00025654852,0
0.00026931486,0
0.0002223224,0
0.0009657152,0
0.00056794094,0
0.0002521432,0
0.0008533248,0
0.0027234384,0
0.0008307244,0
0.00025173204,0
0.0003089911,0
0.00019360012,0
0.00036542513,0
0.00017204489,0
0.0007717607,0
0.00015358596,0
9.004372e-05,0
0.00018236863,0
9.916264e-05,0
0.00021468186,0
0.00030887558,0
0.00055680255,0
0.00064298394,0
0.0006731615,0
0.00059472886,0
0.0018885545,0
0.0002100166,0
0.0007647661,0
0.00025121393,0
0.00030129036,0
0.0074450537,0
0.0005305002,0
0.00019100658,0
0.00044540147,0
0.000377637,0
0.00037695194,0
7.251659e-05,0
0.00047027945,0
0.001274918,0
0.0005041708,0
0.0002956351,0
0.00022473265,0
0.00028012702,0
0.0007691243,0
0.00040429778,0
0.00063713186,0
0.00020601114,0
0.00029700654,0
0.0011878187,0
0.0002751525,0
0.000374563,0
0.000313701,0
0.00029627368,0
0.0005578296,0
0.00088435184,0
0.00024338337,0
0.00032653313,0
0.0007610646,0
0.0005750504,0
0.00013073854,0
5.372883e-05,0
0.000110207926,0
0.0004243072,0
0.00022577411,0
0.00031820417,0
0.0006008199,0
0.00014048969,0
0.0013472667,0
0.00065404497,0
0.00017647979,0
0.0005413027,0
0.00081707316,0
0.00030859272,0
0.00021242815,0
0.00059416704,0
0.00034790256,0
0.0018808958,0
0.00017180435,0
0.00011548253,0
0.00055914157,0
0.000103492974,0
9.43264e-05,0
0.00037069342,0
0.0003879014,0
0.0006056433,0
0.00015686377,0
0.00027276154,0
0.00027310953,0
0.0011439837,0
0.0023696811,0
0.0009623933,0
0.0002274471,0
0.00015683596,0
0.00019860126,0
0.00050434197,0
0.00021589645,0
0.00057185657,0
0.0004569184,0
0.0003101988,0
0.00083675416,0
0.00010330898,0
0.00011197689,0
0.0004605384,0
0.0004433017,0
9.431223e-05,0
0.0008542125,0
0.0018562897,0
0.007625444,0
0.00027436193,0
0.00010089002,0
0.001177061,0
0.0032154047,0
0.00011843003,0
0.00034005908,0
0.0016561045,0
0.00053359696,0
0.00042267842,0
0.00027853076,0
0.0005449257,0
0.00080874626,0
0.0007363107,0
0.00067384343,0
0.0005242252,0
0.0004770768,0
0.00022712028,0
0.0006871722,0
0.0013656466,0
0.00040405703,0
0.00013254679,0
0.00010297188,0
0.0004184386,0
0.00042866622,0
0.0007805953,0
0.00079795974,0
0.0012815874,0
0.0003612973,0
0.00036086343,0
0.00079897937,0
0.00026615307,0
0.0003203247,0
0.00021380179,0
0.00013475634,0
0.00039367602,0
0.00036327483,0
0.0009989865,0
0.00019937757,0
0.0002851404,0
0.00028244703,0
0.0003113602,0
0.00048480474,0
0.00027819123,0
0.00038044425,0
0.00017783078,0
0.0009232782,0
0.00038229566,0
0.00021217219,0
0.00078762555,0
0.00042111892,0
0.00019047286,0
0.00038011107,0
0.00013929191,0
0.0011919887,0
0.0020591049,0
0.00029154093,0
0.00067495304,0
0.00027447962,0
0.00024017844,0
0.0007263188,0
0.000337098,0
0.00013979421,0
0.00042277714,0
0.00013448353,0
0.0003172428,0
0.00038688694,0
0.000533768,0
0.00046632043,0
0.00019581028,0
0.00025253638,0
0.00033957092,0
0.00058650266,0
0.00013218979,0
0.0002007163,0
0.00018112928,0
0.0007874166,0
0.0005280782,0
0.00044418583,0
0.0005567551,0
0.00020292548,0
6.923883e-05,0
0.0005471911,0
0.00023805299,0
0.0010932445,0
0.00017890458,0
6.802896e-05,0
0.00013026282,0
0.00017986142,0
0.00012695522,0
0.00018646086,0
0.00018394763,0
0.00075890723,0
0.0002882886,0
0.0020239684,0
0.0002855461,0
0.0012186831,0
0.000118718664,0
0.0003308103,0
0.0011900093,0
0.00017015213,0
0.0008218246,0
0.001453914,0
0.017669026,0
0.00037176517,0
0.00047908037,0
0.0008153887,0
0.0002776382,0
0.0008902317,0
0.0008210339,0
0.0002511102,0
0.0006700854,0
0.0002553966,0
0.00013991848,0
0.0038283423,0
0.00012892298,0
0.00040617568,0
0.0006984039,0
0.00021611185,0
0.00097163545,0
0.00019305934,0
0.000254307,0
0.00020064399,0
0.0015512991,0
0.00028342576,0
0.00015258166,0
0.00085471803,0
0.00021112448,0
0.000518085,0
0.00015608045,0
0.00018560073,0
0.00023955811,0
0.00012420448,0
0.0006548176,0
0.00021662594,0
0.00026604295,0
0.00051208446,0
0.00024321105,0
0.0004665676,0
0.00011850462,0
0.00027814726,0
0.0004556819,0
5.9893915e-05,0
0.000339825,0
0.0004471364,0
6.534151e-05,0
0.0006057155,0
0.00043236927,0
0.0002575349,0
0.00024603592,0
0.00026106375,0
0.00042773157,0
0.0004007755,0
0.00021265722,0
0.00013084576,0
0.0010448465,0
0.0004937336,0
0.00019169526,0
0.00017379678,0
0.00060786883,0
0.00016173752,0
0.00011657178,0
0.00046758508,0
0.00035516467,0
0.0002066907,0
7.3758056e-05,0
0.00040493294,0
0.00016996522,0
0.00014228902,0
0.00023439004,0
0.0006147642,0
0.00030649148,0
0.00038769678,0
0.00023771505,0
0.00028585445,0
0.00022486174,0
0.00086974096,0
0.00015926539,0
0.00059332483,0
0.0003315921,0
0.0005508613,0
0.00035288974,0
0.00026885935,0
9.182628e-05,0
0.0006305171,0
0.0023696811,0
0.00049449835,0
0.00022007129,0
0.00029296638,0
0.00029555275,0
0.00016364598,0
0.00023239414,0
5.99465e-05,0
0.00027919566,0
0.001402758,0
0.0008660041,0
0.0004814547,0
0.00032632344,0
0.00010387674,0
0.0005518357,0
0.00016498254,0
0.00013485432,0
0.00053616235,0
0.000109107175,0
0.0002364933,0
0.00023085279,0
0.00019994771,0
0.0021357643,0
0.00014085617,0
0.0006546446,0
0.00022632246,0
0.0053487895,0
0.0009549093,0
0.00019525754,0
0.00045607408,0
0.00051917846,0
0.00012425125,0
0.0003100129,0
0.00080107286,0
0.00017423971,0
0.00031914987,0
0.00016633947,0
0.00020291662,0
0.00029963336,0
0.00028915182,0
0.00015111863,0
0.00015837068,0
0.00017447202,0
0.0006227814,0
0.00010748817,0
0.00012522543,0
0.00016336222,0
0.0007814375,0
0.00033981682,0
0.0013999837,0
0.000990059,0
0.00023198733,0
0.0005078437,0
0.0007037941,0
0.00066071865,0
0.00057665375,0
0.00076058786,0
0.00020677604,0
0.00068391237,0
0.0011549493,0
0.00048222844,0
0.00030834955,0
0.0009890818,0
0.0005369333,0
0.00056326296,0
0.00019647274,0
0.0002209887,0
0.00034624734,0
0.0004526218,0
0.00061989133,0
0.00036234947,0
0.0013335214,0
0.00014927058,0
0.00012237171,0
0.00043550777,0
0.0013650657,0
0.00023579296,0
0.00070895697,0
0.0009147707,0
0.000101529455,0
0.00011901021,0
0.0004218554,0
0.00022381508,0
0.00025780598,0
0.00034018658,0
0.00027818803,0
0.0016325014,0
0.00029702298,0
0.0001822408,0
0.00037884817,0
0.00045521048,0
0.00026401156,0
0.00026211652,0
0.00023127653,0
9.823532e-05,0
0.00014862925,0
0.000882883,0
0.00036998934,0
0.0007609905,0
0.00024225569,0
0.000115809285,0
0.00012463637,0
0.00016462129,0
0.00046341878,0
0.00027106935,0
0.000764579,0
0.00020329472,0
0.00021344886,0
0.00074946997,0
0.00033934298,0
0.0005061448,0
0.00079301576,0
7.350132e-05,0
0.0013166954,0
0.00018482286,0
0.00011931157,0
0.00025918742,0
0.00043955175,0
0.0006151261,0
0.00032528714,0
0.00011372714,0
0.00054369797,0
0.0006401674,0
0.00026638486,0
0.0003121235,0
0.0008464279,0
0.00045157806,0
0.00016122435,0
0.00070111116,0
0.00037357374,0
0.0009233978,0
0.0023268226,0
9.787406e-05,0
0.00010334375,0
0.0018375791,0
0.0001720799,0
0.00021552441,0
0.00076981395,0
0.0002157883,0
0.00025987384,0
0.00048742729,0
0.0003676966,0
0.00080880127,0
0.0003160134,0
0.00014927608,0
0.0010453073,0
0.00047348466,0
0.001046911,0
0.0009207304,0
0.0005323676,0
0.0007092545,0
0.00057528156,0
0.00095896405,0
0.00025234759,0
0.00044976844,0
0.00037962775,0
0.0003272408,0
0.0017323908,0
0.00036160115,0
0.0018384248,0
0.00022031213,0
0.00037945397,0
0.00012617401,0
0.0005859611,0
0.0032269116,0
0.0004704158,0
0.000150326,0
0.0004093382,0
0.0006166849,0
0.00045717234,0
0.00074150355,0
0.00021911201,0
0.00023898497,0
0.0002372332,0
0.00036710402,0
0.0020707992,0
0.00045615179,0
0.00014409846,0
0.00013621776,0
0.0011890518,0
0.00024333254,0
0.002056172,0
0.0008042283,0
0.00055105373,0
0.0001725181,0
0.00014775482,0
0.00030114333,0
0.00033585157,0
0.0003163707,0
0.00014429829,0
0.00018091434,0
9.127989e-05,0
0.00035336244,0
0.0002053835,0
0.00045103417,0
0.00020431359,0
0.00010106207,0
0.00023257005,0
0.00011777307,0
0.00042356714,0
0.00012263292,0
0.00022980163,0
0.00027525536,0
0.00026922746,0
0.00057568203,0
0.00075556285,0
0.00029796653,0
0.00092865666,0
0.00035618406,0
0.000173784,0
0.0012499058,0
0.00023550137,0
0.00037034418,0
0.00026589032,0
0.00039879532,0
0.00010873857,0
0.0002096498,0
0.000112549606,0
0.0018205536,0
0.00042866904,0
0.0007868793,0
0.001136493,0
0.00023427667,0
9.8902536e-05,0
0.0001992452,0
0.00037215778,0
0.00027466196,0
0.0004629216,0
0.00027046187,0
0.00031551454,0
0.00014719233,0
0.00037494607,0
0.00013273222,0
0.00010184577,0
0.00058790244,0
0.0010461326,0
9.7396405e-05,0
0.0004775651,0
0.0029611115,0
0.0015196871,0
0.000275765,0
0.0007655899,0
0.00012913998,0
0.0001901387,0
0.00061526825,0
0.00027420043,0
0.000673576,0
0.00056596694,0
0.00017710343,0
0.0002955531,0
0.000291532,0
0.00035687714,0
0.0006653462,0
0.00042166887,0
0.0005741841,0
0.00024007521,0
0.0035503625,0
6.728172e-05,0
0.00032772348,0
0.00054975966,0
0.00047086095,0
0.002736088,0
0.00049618626,0
0.00047561963,0
0.0008032161,0
0.00014756783,0
0.0006368868,0
0.00040696154,0
0.0002136406,0
0.00031287473,0
0.0002965046,0
0.00016124996,0
0.00022081737,0
0.000159082,0
0.00012450456,0
0.0005952572,0
0.0003547308,0
0.0003940853,0
0.00012297546,0
0.00024920335,0
0.00031593518,0
0.00039680753,0
0.00017946155,0
0.00037521464,0
0.00037052532,0
0.0010076839,0
0.00037239492,0
0.0002895038,0
0.00018014967,0
0.0003280833,0
0.00048577925,0
0.00032914977,0
0.00015173107,0
0.00041636807,0
0.000107427164,0
0.02404092,0
0.00011470137,0
0.00067554554,0
0.0020290208,0
0.0017893052,0
0.0001498384,0
0.0009050197,0
0.0001335633,0
0.00025491178,0
0.00018249282,0
0.000323506,0
9.228324e-05,0
0.0004364355,0
0.0003661617,0
0.00031794104,0
0.00031902775,0
0.00055076554,0
0.00044408283,0
0.00020496597,0
0.00015943432,0
0.0001835324,0
0.00071686815,0
9.830931e-05,0
0.00051452,0
0.00041132455,0
0.00029061112,0
0.00041583827,0
0.00016593949,0
0.00018136039,0
0.00032030584,0
0.00030186557,0
0.00012358291,0
0.0008754049,0
0.00059202686,0
0.00012386925,0
0.0002046806,0
0.00032681736,0
0.0026207438,0
0.0015294022,0
0.0001912897,0
0.00039844823,0
0.00027256497,0
0.00030840567,0
0.0003874102,0
0.0017574974,0
0.00011846095,0
0.00023730959,0
0.0011130065,0
0.00023889047,0
9.212261e-05,0
0.0003685109,0
0.000326874,0
0.00037415564,0
0.0005429889,0
0.00025946624,0
0.00017477316,0
0.00047935345,0
0.00017982119,0
0.0009490445,0
0.0002330716,0
0.00049150636,0
0.0007017844,0
0.0007550851,0
0.000966657,0
0.0006390539,0
0.0005314089,0
0.00017275,0
0.0001134192,0
0.00056477514,0
0.0012811774,0
0.00033036838,0
0.0003681442,0
6.9861155e-05,0
0.00038345286,0
0.00021153197,0
0.00015043729,0
0.0003232786,0
0.0005314743,0
0.0023696811,0
0.00012438411,0
0.00022878457,0
0.00015243335,0
0.00028109437,0
0.00012412266,0
0.0014824634,0
0.00027137218,0
0.00057167327,0
0.00024386153,0
0.0005268927,0
0.00019004453,0
0.00055951165,0
0.00037291326,0
0.00015674495,0
0.00026711778,0
0.0012704871,0
0.0007313373,0
0.00013015044,0
0.00055808015,0
0.00028562482,0
0.0007535875,0
0.0002004884,0
0.00048463,0
0.0001831138,0
0.00023921802,0
0.00025251912,0
0.0002553538,0
0.0009911426,0
0.00017749704,0
0.0002733991,0
0.0007670548,0
0.0019338529,0
0.00023137483,0
0.000197843,0
0.00024422072,0
0.0003053962,0
0.00039230444,0
0.0014969783,0
0.00012888423,0
0.00047220752,0
8.279332e-05,0
0.00060076447,0
0.00034579716,0
0.00043083096,0
0.0068803485,0
0.0001704065,0
0.00038807795,0
0.00057362753,0
0.00016930919,0
0.00032841938,0
0.0006188689,0
0.00017333936,0
0.00046810316,0
0.00066603255,0
0.00062942185,0
0.00015652255,0
0.0003652592,0
0.0008768066,0
0.00043515713,0
0.00043039833,0
0.00041169865,0
0.00096669217,0
0.000241781,0
0.00082910387,0
0.00010858508,0
0.0006307908,0
0.0012168329,0
0.0017797442,0
0.0011552091,0
0.00013474844,0
0.0006437201,0
0.00020228242,0
0.00029702933,0
0.00025979392,0
0.0004045361,0
0.0009324827,0
7.455765e-05,0
0.00019858633,0
0.0053487895,0
7.594568e-05,0
0.0005757303,0
0.0002147009,0
0.00035483763,0
0.0003305532,0
0.0015349902,0
0.000330179,0
0.00032050768,0
0.0012376505,0
0.00046856623,0
0.00011002025,0
0.00068249967,0
0.0027516105,0
0.0006431473,0
0.0008710431,0
0.00028182066,0
0.00019101096,0
0.0008307516,0
0.00010255375,0
0.00024112998,0
0.00061184185,0
0.00017675303,0
0.00025645684,0
0.00013118054,0
0.0004917028,0
0.00024294268,0
0.0036346947,0
0.00022810561,0
0.00043005712,0
0.00028237002,0
0.00033824693,0
0.00026495568,0
0.00030268304,0
0.00015596683,0
0.000105847146,0
0.0001851764,0
0.00019971258,0
0.00011554379,0
7.8073834e-05,0
9.282919e-05,0
0.00027904529,0
0.0008574348,0
0.0002723987,0
0.0007144311,0
0.0003092271,0
0.00032050576,0
0.0009329642,0
0.0002622233,0
0.00037159966,0
0.0006372731,0
0.00029811502,0
0.0005953974,0
0.00018950163,0
0.0013688713,0
0.00022281264,0
0.000101160935,0
0.00061414787,0
0.0025165463,0
0.0006419345,0
0.00024328662,0
0.0004418209,0
0.00021316862,0
0.00030956473,0
0.00013906848,0
0.00043757836,0
0.00035771437,0
0.00061955495,0
0.00016355359,0
0.0006860467,0
0.000243578,0
0.00032691768,0
0.00016498254,0
0.00063641515,0
0.00064723263,0
0.0013434115,0
0.0023696811,0
0.001650156,0
7.919417e-05,0
0.00027231144,0
0.0005072707,0
0.00026671414,0
0.0021872628,0
0.00018244339,0
0.00033658583,0
0.00037602952,0
0.00013350465,0
0.00048223417,0
0.00038409076,0
0.0006432389,0
0.00031912452,0
0.0003718469,0
0.0020956642,0
0.00013748517,0
0.00015070959,0
0.00027022613,0
0.00010702657,0
0.00016337879,0
0.000625662,0
0.00012346548,0
0.00032994946,0
0.00043304428,0
0.00070603646,0
0.00019877667,0
0.00024138989,0
0.00033353255,0
0.000305111,0
0.00026624312,0
0.00036628454,0
0.00018201933,0
0.00049492373,0
0.006947109,0
0.0003485808,0
0.0007323374,0
0.00027936863,0
0.0009017616,0
0.00021258708,0
0.0008933747,0
0.00026868653,0
0.00062499143,0
0.002736088,0
0.00028012673,0
0.00026176265,0
0.00015573076,0
0.0001640781,0
0.0015118868,0
0.00032443058,0
0.0002529851,0
0.0006308585,0
0.00042510062,0
0.00088173995,0
0.00035070835,0
0.00056324614,0
0.00020678085,0
0.00016207165,0
0.0005271864,0
0.00018873006,0
0.00020162667,0
0.00032626503,0
0.00044754468,0
0.00030411233,0
0.0005063585,0
0.00025345376,0
0.0002252888,0
0.00028603393,0
0.00036974685,0
0.00028710064,0
0.00032942332,0
0.0002928215,0
0.00011834286,0
0.00033422202,0
0.00029013306,0
0.0005359568,0
0.00032066798,0
0.00033654762,0
0.00030915719,0
9.188441e-05,0
0.0002585981,0
0.00079158583,0
9.9142664e-05,0
8.6095635e-05,0
0.00019044895,0
0.00035772103,0
0.00020961592,0
0.00043335668,0
0.00038884074,0
0.00018465685,0
0.0003008012,0
0.000681583,0
0.0005108704,0
0.00018867923,0
0.00069561426,0
0.00038155433,0
0.00011940033,0
9.840062e-05,0
0.0005070759,0
0.0003990368,0
0.00041488672,0
0.0002974139,0
0.000255884,0
0.0002886898,0
0.00027196843,0
0.00019153682,0
0.00025546446,0
0.00016461378,0
0.0012041712,0
0.0005206213,0
0.00019219678,0
0.0013580006,0
0.00085901556,0
0.00060193223,0
0.00023618569,0
0.00012474957,0
0.0005752589,0
0.00057293824,0
0.00029676015,0
0.00029955278,0
0.00019789528,0
0.0003991838,0
0.001655463,0
0.0017812934,0
0.00089098373,0
0.00045203997,0
0.00017691044,0
0.00056311465,0
0.00047602833,0
0.00016997612,0
0.00015226773,0
0.00021790607,0
0.00027384402,0
0.00030494522,0
0.0007002553,0
0.00029496205,0
0.00079678826,0
0.0016797037,0
0.00018567222,0
0.0004472319,0
0.00023895217,0
0.0010523149,0
0.00020994227,0
0.00034192586,0
0.0002452285,0
0.00020414864,0
0.0002764064,0
0.00057327887,0
0.00044942167,0
0.0001830882,0
0.000120365425,0
0.00018537953,0
0.00032666695,0
0.0004059681,0
0.00019635908,0
0.000807299,0
0.00023091877,0
0.00012940579,0
0.00081158156,0
0.0002779573,0
0.00013935273,0
0.00025984435,0
0.00048651407,0
0.00025192922,0
0.00012261882,0
0.0006497148,0
0.00038543352,0
0.00038196912,0
0.00050954043,0
0.00014460161,0
0.00024925158,0
0.0003793916,0
0.00019750418,0
0.0006331766,0
8.2385974e-05,0
0.00045048774,0
0.00049520057,0
0.00018554735,0
0.00045358384,0
0.00030422982,0
0.00018710345,0
0.0014081615,0
0.00079163536,0
0.00038088782,0
0.0011350274,0
0.00033562927,0
0.00014183635,0
0.00025724442,0
0.00014242131,0
0.00037075792,0
0.00032296233,0
0.00079158583,0
0.00042906014,0
0.000295929,0
0.00066861906,0
0.00053349015,0
0.0002780786,0
7.255077e-05,0
0.0006803045,0
0.00097370386,0
0.00045304408,0
0.00038000365,0
0.00047459346,0
0.0003472949,0
0.00032079392,0
0.00034753513,0
0.0008743756,0
0.00020365519,0
0.00019431347,0
0.00031829003,0
0.0026142464,0
0.00014724782,0
0.0015705208,0
0.0007286394,0
0.00058072107,0
0.0004913009,0
0.0015307368,0
0.00029790303,0
0.00016169577,0
0.00031019645,0
0.001453914,0
8.0690705e-05,0
0.00049878,0
0.0004471969,0
0.00010384525,0
0.00042908132,0
0.000107434375,0
0.0024065773,0
0.00012650334,0
0.00026587045,0
0.000528429,0
0.00036001147,0
0.0003249126,0
0.00014985913,0
0.00040047627,0
0.0011374016,0
0.00014947241,0
0.00030559473,0
0.00029227007,0
8.664406e-05,0
0.00030121853,0
0.00016010625,0
0.00025865433,0
6.919356e-05,0
0.00013986777,0
0.00017182632,0
0.0002766838,0
0.0002165596,0
0.0004574953,0
0.00036599045,0
0.0006964818,0
0.0005655569,0
0.00021577901,0
0.0001216413,0
0.00012843739,0
0.00068823807,0
0.0007619063,0
0.0022060703,0
0.00018124265,0
0.00041982188,0
0.00016625732,0
0.00047012808,0
0.0008034078,0
0.0008473704,0
0.0006333316,0
0.00023881254,0
0.000781108,0
0.00049429905,0
0.00012566365,0
0.00012644692,0
0.0011385998,0
0.0003725565,0
0.00050429755,0
0.0002875624,0
0.00029864674,0
0.0006972331,0
0.00032463265,0
0.00021981285,0
0.00033200125,0
0.0006686857,0
0.001550561,0
0.00047522108,0
0.00035606386,0
0.00020673989,0
0.00028390315,0
0.0047278404,0
0.0001370345,0
0.00037989946,0
0.00086456054,0
0.00023420568,0
0.0011807577,0
0.0006754128,0
0.00050775916,0
0.00017116264,0
0.0003681963,0
0.00025284896,0
0.0012093561,0
0.0006022941,0
0.00026577502,0
0.00022728714,0
0.00061537174,0
0.000294594,0
0.0011393744,0
0.00023293025,0
0.00030094577,0
0.0001421664,0
0.0012153023,0
0.00046923562,0
0.00069401256,0
0.0004962247,0
0.0035242299,0
0.0005291295,0
0.0007246381,0
0.0012938944,0
0.0003023353,0
0.00023102736,0
0.00076073396,0
0.00042435736,0
0.00037272554,0
0.0001745311,0
0.00017523133,0
0.000767382,0
0.00021847096,0
0.0012218755,0
0.000112613685,0
0.00017180435,0
0.00029517742,0
0.0012024658,0
0.00022674799,0
0.000811036,0
0.0005157249,0
0.00017132373,0
0.0002395652,0
0.0014928514,0
0.00048331008,0
0.00040069048,0
0.00037163807,0
0.00017663003,0
0.0018007266,0
0.00012395439,0
0.00095514813,0
0.0010829013,0
7.754878e-05,0
0.0004742351,0
0.00019602377,0
0.0003445805,0
0.00040234972,0
0.00048226622,0
0.00042396368,0
0.00010955891,0
0.00019540456,0
0.0001318824,0
0.0005637642,0
0.0012930941,0
0.000334455,0
0.00070685503,0
9.165865e-05,0
0.00020320989,0
0.000107811014,0
0.00013923024,0
0.0007507433,0
0.00025975713,0
0.0006401512,0
0.00041277212,0
0.0015010264,0
0.00026101607,0
0.00027840416,0
0.000113077935,0
0.0003424599,0
0.00055852486,0
0.00034899852,0
0.0019323551,0
0.0007448123,0
0.00019153682,0
0.0007106556,0
0.00024879305,0
0.0010726447,0
0.00041066043,0
0.00024222214,0
8.44299e-05,0
0.00018173728,0
0.0003121578,0
0.00065717194,0
0.00035162308,0
0.0007281038,0
0.00028605282,0
0.00012791096,0
0.00039713492,0
0.00035605393,0
0.0007651278,0
0.0004932014,0
0.00029139977,0
0.0009056505,0
0.00039795417,0
0.00048683232,0
0.00042022843,0
0.00014910937,0
0.0003271761,0
0.00014333517,0
0.00029273814,0
0.00035202986,0
0.00021262783,0
0.002601176,0
0.0005316365,0
0.00052616297,0
0.000117176816,0
0.00012670885,0
0.00023991508,0
0.0010627372,0
0.000903811,0
0.00026801578,0
0.00019083568,0
0.0002551489,0
0.00026201288,0
0.0006121964,0
0.0023925377,0
0.00032283846,0
0.00013774841,0
0.00031661717,0
0.00015627817,0
0.00018766585,0
0.00015351851,0
0.0019472287,0
0.00047648558,0
0.00024942303,0
0.00035331285,0
0.00022169585,0
0.00012018872,0
0.0004984645,0
0.00078508444,0
0.00078582886,0
0.00050873717,0
0.00022450606,0
0.00055338256,0
0.0030034943,0
0.0007365737,0
0.00034951046,0
0.00027395893,0
0.00056764553,0
0.00015269387,0
0.00024264277,0
0.000576299,0
0.0006116001,0
0.00029577353,0
0.00069883664,0
0.00016125201,0
0.00069407345,0
0.0012263372,0
0.00046467045,0
0.00014755328,0
0.00015916281,0
0.00059817,0
0.00018135308,0
0.00030595818,0
0.00017740595,0
0.00046727396,0
0.0001854267,0
0.00014909019,0
0.00042971037,0
0.00053916546,0
0.00028115071,0
0.0009466637,0
0.00029219038,0
0.00010793518,0
0.00038039326,0
0.00029077975,0
0.0030680173,0
0.00045858484,0
0.0007951965,0
0.00032367464,0
0.00037970365,0
0.00021165147,0
0.0007552645,0
0.00070020254,0
0.00019479392,0
0.00043401067,0
0.00012922281,0
0.0006161645,0
0.00034459276,0
0.00023344974,0
0.000657036,0
0.0005638635,0
0.00019661695,0
0.00035359993,0
0.0005491174,0
0.000115559116,0
0.00021056221,0
0.00044794742,0
0.0007059264,0
0.0006251206,0
0.00021906961,0
0.00047004852,0
7.966581e-05,0
0.000403362,0
0.000817045,0
0.00017061557,0
0.00040128327,0
0.00082690705,0
0.000510555,0
0.00037056295,0
0.0007366055,0
0.0006238283,0
0.00019060163,0
0.0005075077,0
0.00028965052,0
0.0005873976,0
0.0002686032,0
9.678393e-05,0
0.00027747455,0
0.0013666602,0
0.00042366897,0
0.00037669073,0
0.0007773563,0
0.00021706976,0
0.00031019756,0
0.00030036105,0
0.00049762544,0
0.00050939794,0
0.00032268435,0
0.0003951922,0
0.00017106441,0
0.0006057483,0
0.00040866944,0
0.00056009926,0
0.00032919104,0
0.00018064192,0
0.00017718688,0
9.152783e-05,0
0.00052678154,0
0.0008113587,0
0.00013401976,0
0.00018972426,0
0.0006802328,0
0.00014092319,0
0.0008849425,0
0.000371914,0
0.0001740371,0
0.0002972929,0
0.00018786648,0
0.00011170171,0
0.00045125393,0
0.00038622163,0
0.00014652638,0
0.00043485014,0
0.00019367394,0
0.00041213483,0
0.00018761221,0
9.473591e-05,0
0.00019594023,0
0.00057493185,0
7.270864e-05,0
0.00031517938,0
0.00028450697,0
0.00014792952,0
0.0012813745,0
0.00016528668,0
0.0006443247,0
0.00026748682,0
0.000284347,0
0.0005183052,0
0.0018426046,0
0.00054994534,0
0.00032945874,0
0.00054056355,0
0.0003331892,0
0.0011469688,0
0.00026683393,0
0.00029758335,0
0.00048754067,0
0.0008383106,0
0.00028372678,0
0.00081639225,0
0.00015512505,0
0.0003024888,0
0.0004940746,0
0.0002347777,0
0.0005494385,0
9.285225e-05,0
0.00089391135,0
0.00039082416,0
0.0003324865,0
0.00047598683,0
0.0008067575,0
0.00037238857,0
0.0019854954,0
0.0016866502,0
0.00010177635,0
0.0002443765,0
0.00029317848,0
0.0006623474,0
0.00036400495,0
0.003520801,0
0.0005747152,0
0.00040987707,0
0.0003959278,0
0.0002965848,0
0.00041479984,0
0.00016347786,0
0.00032249498,0
0.0007343467,0
0.00021338055,0
0.00028471736,0
0.0001377121,0
0.0005349901,0
0.00047738903,0
0.00011295585,0
0.00089263835,0
0.00020997738,0
0.0014416452,0
0.00083882315,0
0.00013072613,0
0.00053152983,0
0.0005497627,0
0.00018416927,0
0.0005093165,0
0.00048292364,0
0.0007159769,0
0.00024672496,0
0.00046917456,0
0.00034924943,0
0.00044906314,0
0.00016207098,0
0.00066219433,0
0.001028111,0
0.00013028346,0
0.0010431883,0
0.00042642673,0
0.00010642575,0
0.00023901618,0
0.0004768842,0
0.0008576717,0
0.00019124267,0
0.00014234011,0
9.776844e-05,0
0.00015226773,0
0.0009565574,0
0.00018754935,0
0.001463578,0
0.00036044352,0
0.00035928015,0
0.0005908581,0
0.0017156214,0
0.00026295995,0
0.000398552,0
0.0005643245,0
0.0005438756,0
0.0010312393,0
0.00029839878,0
0.00036076718,0
0.00014657811,0
0.00052362104,0
0.00022725858,0
0.00032643724,0
8.920909e-05,0
0.0006570014,0
0.0002103359,0
0.00066732796,0
0.00013330307,0
0.0002140139,0
0.00079158583,0
0.0023696811,0
0.00044566722,0
0.00062679657,0
0.00056903396,0
0.00022291281,0
0.0010081584,0
0.00019417594,0
0.00022988391,0
0.0013189408,0
0.0010754967,0
0.0003523294,0
0.00017535384,0
0.0012584074,0
0.000850048,0
0.0011716817,0
0.00030298546,0
0.0001323075,0
0.00014234011,0
0.0008259814,0
0.0008756614,0
0.00022190214,0
0.00037887847,0
0.00037159462,0
0.00029197588,0
0.00023098679,0
0.00087868224,0
0.00034981925,0
0.00030705702,0
0.00019332723,0
0.0006019521,0
0.0019240833,0
0.0002697741,0
0.00061822747,0
0.0005452013,0
0.00052880985,0
0.00042447404,0
0.00027126024,0
0.0005037313,0
0.0004478973,0
0.00028238256,0
0.0013996307,0
0.00047199664,0
0.0018308171,0
0.00017810546,0
0.00017636607,0
0.0004493049,0
0.001743517,0
0.00048497767,0
0.002008624,0
0.0006465649,0
0.00028875915,0
0.00021343974,0
0.0002794697,0
0.0009520284,0
0.001174722,0
0.00071276905,0
0.0007211801,0
0.0017130804,0
0.00052175135,0
0.0004068494,0
0.00058965234,0
0.00030799743,0
0.00021186756,0
0.00031503508,0
0.00015939931,0
0.0013568099,0
0.00025280187,0
0.00016695353,0
0.00023767298,0
0.00016756023,0
0.0002674938,0
0.0006099692,0
0.00024128202,0
0.0002635246,0
0.00034992927,0
0.0003883336,0
0.0010924604,0
0.00086021895,0
0.00014714299,0
0.0005384209,0
0.00050987734,0
0.0002669463,0
0.00035989814,0
0.0004826137,0
0.00029790172,0
0.0007868793,0
0.0018737222,0
0.00064381736,0
0.00043296578,0
0.00030864353,0
0.0005778386,0
0.0006415791,0
0.00095948146,0
0.00014040459,0
0.00024219956,0
0.00027746178,0
0.00081566826,0
8.951549e-05,0
0.00029732252,0
0.000115301475,0
0.00033587232,0
0.0004190418,0
0.00038593888,0
0.00034952146,0
0.0003684145,0
0.00071131147,0
0.001353483,0
0.0010780178,0
0.0019461185,0
0.0001129055,0
0.00022139159,0
0.000569038,0
0.00086967763,0
0.00046127453,0
0.0007486134,0
0.0016499714,0
0.00014252016,0
0.00026853228,0
0.00017021483,0
0.00026547033,0
0.0010081718,0
0.00024244397,0
0.0011506814,0
0.00015231536,0
0.0003705046,0
0.0002908501,0
0.00043506594,0
0.0008163222,0
0.00015850061,0
8.479781e-05,0
0.000442526,0
0.0007366534,0
0.002443207,0
0.0012059892,0
0.00030283042,0
0.00016006276,0
0.00048576627,0
0.0002683291,0
0.00032478824,0
0.00045622038,0
0.00012980845,0
0.00043508207,0
0.00011465768,0
0.00057251536,0
0.00033444786,0
0.0025655997,0
0.031194286,0
0.00024647397,0
0.00016351834,0
0.0005661174,0
0.00039028144,0
0.00035917675,0
0.0004079827,0
0.00053363194,0
0.0013436362,0
0.00023106571,0
0.00026887917,0
0.00018974293,0
0.00013288726,0
0.00012887667,0
0.0003175735,0
0.0008564192,0
0.00042116546,0
0.0016175531,0
0.001132608,0
0.0010702017,0
0.0005456192,0
0.00015488845,0
0.0003156065,0
0.00031869774,0
0.000120621204,0
0.00020240428,0
0.0003968541,0
0.00049858255,0
0.00029465643,0
0.00025044178,0
0.00077175675,0
0.00019704393,0
0.0028959913,0
0.00015110325,0
5.9194295e-05,0
0.00060555316,0
0.0009509587,0
0.00010701433,0
0.00047324575,0
0.0012331218,0
0.00048428093,0
0.00021394061,0
0.0003170919,0
0.00013039105,0
0.00027004126,0
0.00021521137,0
0.00022086233,0
0.00011752907,0
0.0004273893,0
0.00053132226,0
6.520592e-05,0
0.00011939643,0
0.0012658682,0
0.00021773008,0
0.00033617154,0
7.880117e-05,0
0.00029248375,0
0.00023950958,0
0.00030642442,0
0.000111445755,0
0.00031527146,0
0.0004917882,0
0.0001310631,0
0.00042407954,0
0.00056417123,0
0.00039036552,0
0.00012504357,0
0.0015352605,0
0.0007238951,0
0.00052878377,0
0.00015321084,0
0.0003708371,0
0.00020580634,0
0.0016617854,0
0.0002722146,0
0.00032443393,0
0.0008683766,0
0.0002679715,0
0.00025590757,0
0.00018350751,0
0.00037698957,0
0.0005055112,0
0.00064853986,0
0.00037647932,0
0.0002824772,0
0.00022099272,0
0.00013607145,0
0.00029055012,0
0.00012363428,0
0.0022240104,0
0.0005422941,0
0.0003666512,0
0.00036707788,0
0.00092277426,0
0.00035470258,0
0.00020055221,0
0.0002165596,0
7.616169e-05,0
0.0004141467,0
0.00027517448,0
0.00023773056,0
0.00019315827,0
0.00048299483,0
0.00043408864,0
0.00017833411,0
0.0013271852,0
0.00042400855,0
0.0024498478,0
0.0010374482,0
0.0004370633,0
0.0017322977,0
0.00016520203,0
0.0007259331,0
0.00011817031,0
0.0010682889,0
0.0002454879,0
0.00033291036,0
0.00017161934,0
0.00016068907,0
0.000826914,0
0.00034798952,0
0.00024691006,0
0.00055927836,0
0.0012438806,0
0.00034288512,0
0.00021228686,0
0.0009388212,0
0.00025853238,0
0.00025734643,0
9.5786054e-05,0
0.00046338994,0
0.0009361699,0
0.00043640027,0
8.738872e-05,0
0.00031015006,0
0.0005133447,0
0.0005235868,0
0.00033204746,0
0.00019545022,0
0.00025951854,0
0.00018652972,0
0.00031252945,0
0.0003144012,0
0.00010983798,0
0.00021534614,0
0.00012616719,0
0.00025156862,0
0.00022473962,0
0.00048881647,0
0.00049938034,0
0.0005247467,0
0.0005609497,0
0.00015418431,0
0.00014976122,0
0.00023464447,0
0.0038870699,0
0.0003273359,0
0.0002634065,0
0.0001525047,0
0.0004697453,0
0.0008228268,0
0.0006479632,0
0.0007503684,0
0.00011688924,0
0.0005601762,0
0.0003075651,0
0.00057791424,0
0.00080446986,0
0.00021796703,0
0.0005441998,0
0.0007840701,0
0.00028387504,0
0.0003448127,0
0.00054499315,0
0.00027491507,0
0.00015226773,0
0.0013148289,0
0.00036518194,0
0.00014862925,0
0.00015400884,0
0.00017630564,0
0.00055566424,0
0.0002946346,0
0.001581963,0
0.00019174347,0
0.00036542543,0
0.00015448847,0
0.0003317956,0
0.0007885108,0
0.0005497063,0
0.00019219678,0
0.00079119974,0
0.0002272369,0
0.001048153,0
0.00030499898,0
0.00021469037,0
0.00026802078,0
0.00024373192,0
0.0006903301,0
0.00030133245,0
7.1377974e-05,0
0.00027361413,0
0.00013751337,0
0.00044946093,0
0.00024148164,0
0.0003041395,0
0.00082028774,0
0.0002228282,0
0.00025503614,0
0.00042839086,0
0.00024535085,0
0.00049959205,0
0.00027198665,0
0.00069781626,0
0.00014107363,0
0.00011940033,0
0.00030776346,0
0.00019851522,0
8.593772e-05,0
0.0018603512,0
0.00013098666,0
0.00017424722,0
0.00014521691,0
0.00056519127,0
0.00012540209,0
5.973358e-05,0
0.00031965534,0
0.00054303784,0
0.00043192555,0
0.0008491419,0
0.0010932019,0
0.00092236046,0
0.0002255385,0
0.00049592333,0
8.770764e-05,0
0.00016698246,0
0.00036019433,0
0.0004192468,0
0.00017380863,0
0.00028259592,0
0.00084107515,0
0.00013004847,0
0.00019756869,0
0.00020612073,0
0.0005620909,0
0.00013272026,0
0.00011843003,0
0.00013289093,0
0.000323943,0
0.00052970485,0
0.00019479392,0
0.00011242481,0
0.00037422066,0
0.00030402959,0
0.00051505974,0
8.2902225e-05,0
0.000518718,0
0.00036481308,0
0.00014373814,0
0.00027867968,0
0.0018858516,0
0.00027391125,0
0.0025971138,0
0.0007342396,0
0.0002863057,0
0.0017242868,0
0.0002605394,0
0.00033636464,0
0.00034257726,0
0.00029380745,0
0.00040718075,0
0.00012217744,0
0.000102168524,0
0.0004350539,0
0.00056159036,0
0.00030427382,0
0.0009898326,0
0.0028780478,0
0.00014466196,0
0.0004419529,0
0.00032713075,0
0.0005931539,0
0.0002843423,0
0.00022197056,0
0.00047368096,0
0.00053417956,0
0.00023569816,0
0.00047355186,0
0.0007084232,0
0.00089152134,0
6.829202e-05,0
0.00054165744,0
0.00037646983,0
0.00058942725,0
0.0004504181,0
0.0005726327,0
0.00079158583,0
0.002483894,0
0.0008742787,0
0.00025048794,0
0.00033593184,0
0.00033242744,0
0.00031639755,0
0.0002127085,0
0.0005187372,0
0.00026821677,0
0.0004975085,0
0.00046359096,0
0.00010173554,0
0.0017007799,0
0.00032206732,0
0.00061831274,0
0.0005675264,0
0.00026103586,0
0.00012326498,0
0.00022659103,0
0.00019215731,0
0.0002538784,0
0.00044147688,0
0.00023786371,0
0.00012351494,0
0.0005879208,0
0.00013795664,0
0.0003293564,0
0.00031343554,0
0.0002592656,0
0.00015554865,0
0.000354053,0
0.00021589911,0
0.0014080241,0
0.00030644445,0
0.0009766332,0
0.00034173173,0
0.00014288607,0
0.00015786583,0
0.00049072166,0
0.00042904378,0
0.00035362743,0
0.00033172718,0
0.0005977152,0
0.0012661219,0
0.00048081332,0
0.0003130463,0
0.00024015385,0
0.0006218903,0
0.0005716782,0
0.00023889991,0
0.0003825031,0
0.0020103983,0
0.00012139123,0
0.0006167028,0
0.0005193978,0
0.0032096128,0
0.0002018627,0
0.0004076215,0
0.0010205015,0
0.0010747726,0
0.0004489013,0
0.00091133884,0
0.00043045083,0
0.0008438532,0
0.00024324204,0
0.0006150555,0
0.0005340228,0
0.0008655936,0
0.00034327502,0
0.00038400883,0
0.000101086196,0
0.00036203783,0
0.0002927263,0
0.00023083415,0
0.00028158198,0
0.0010207177,0
0.00024429982,0
0.00075814745,0
0.00035733232,0
0.00041539967,0
0.000833745,0
0.00019788567,0
0.0021653287,0
0.00043706896,0
0.0005986663,0
7.405881e-05,0
0.0019100895,0
0.0008051806,0
0.00016436739,0
0.0002271199,0
0.00062150334,0
0.0002048726,0
0.00016689063,0
0.000106157226,0
0.0003038565,0
0.00055902806,0
0.0032405043,0
0.00025691584,0
0.00087270414,0
0.00024104168,0
0.00044390495,0
0.00058586075,0
0.00039514055,0
8.597683e-05,0
0.0005552576,0
0.00077168964,0
0.00016798482,0
0.00033553079,0
0.000726235,0
0.0002272378,0
0.00034265427,0
0.00014502842,0
0.0011243073,0
0.00027076036,0
0.00016847797,0
0.000572171,0
0.00027124726,0
0.00015106735,0
0.00027444217,0
0.00026346106,0
0.0004224166,0
0.00023739907,0
0.0018158797,0
0.00041741182,0
0.0001669011,0
0.00047313378,0
0.0005965174,0
0.0001304858,0
0.00033675085,0
0.00018472997,0
0.00021728162,0
0.00016593949,0
0.0002836639,0
0.00075614935,0
0.00013508787,0
0.0001022066,0
0.0005548883,0
0.0005236538,0
0.0005794048,0
0.00019138343,0
0.0023696811,0
0.00017080872,0
0.0011371915,0
0.0018938227,0
0.00046539766,0
0.00020709312,0
0.00022220482,0
0.0001357351,0
0.00012963443,0
0.00033596595,0
0.00011480306,0
0.001793073,0
0.000103379425,0
0.00026811453,0
0.00040649096,0
0.000774198,0
0.0003952092,0
0.00014749741,0
0.0005819982,0
0.00018319405,0
0.002406247,0
0.00022906056,0
0.00011453425,0
0.0004884391,0
0.0004363212,0
0.0006434987,0
0.00018625047,0
0.00072460703,0
0.00041496675,0
0.0003450976,0
0.0010533665,0
0.00010335268,0
0.0005222384,0
0.00023706324,0
0.0003877439,0
0.00018335933,0
0.00035409944,0
0.00032376032,0
0.0005556923,0
0.00036924798,0
0.0006305294,0
0.0020955473,0
0.00027924124,0
0.00065198494,0
0.00020996659,0
0.00019013428,0
0.00072291,0
0.00044678507,0
0.00012139123,0
0.0003770733,0
0.0006481123,0
0.00042812503,0
0.00012264107,0
0.00032719836,0
0.0011303974,0
9.918006e-05,0
0.00013230828,0
0.00028636033,0
0.00021202302,0
0.00026659464,0
0.00017955076,0
0.00022654064,0
0.00019252182,0
0.0002264435,0
0.0001568065,0
0.00025999508,0
0.00019586648,0
0.00013483733,0
0.00021758137,0
0.00065949775,0
0.0006875298,0
0.00012579228,0
0.00019849386,0
0.00012655287,0
0.00035436315,0
0.00040180745,0
0.0002606437,0
0.0005684231,0
0.00037165635,0
0.0012187338,0
0.00031406432,0
0.0004518145,0
0.0012767697,0
0.00058078335,0
0.00042435687,0
0.00016286186,0
0.0002073222,0
0.0012516635,0
0.0006809283,0
0.00034129235,0
0.00036221556,0
0.0008453303,0
0.00040301113,0
0.0004910844,0
0.0004134811,0
0.00034125827,0
0.0001409471,0
0.00027077468,0
0.00024354778,0
0.0004097302,0
0.00062149565,0
0.0004828512,0
0.0007493702,0
0.00040284588,0
0.00043435916,0
0.00030110925,0
0.00018994835,0
0.00047252324,0
0.00029431676,0
0.00018578634,0
0.0003396599,0
0.00022944919,0
0.00058934145,0
0.001157538,0
0.00043901443,0
0.0011552183,0
0.00026332957,0
0.00044495816,0
0.0003604146,0
0.0020720346,0
0.00017007292,0
0.00014580588,0
0.0005138742,0
0.0001289143,0
0.0017671107,0
0.00094124244,0
0.00022582688,0
0.00058014464,0
0.00044438496,0
0.0001663614,0
0.0005245251,0
0.0005839504,0
0.0001708123,0
0.0005628466,0
0.00035816216,0
0.0006216866,0
0.00027234684,0
0.00011380362,0
0.00061073975,0
0.0004158722,0
0.00036857178,0
0.0008521092,0
0.000522744,0
0.00035609826,0
0.0002720774,0
9.1054586e-05,0
0.00028258527,0
0.00038603976,0
0.00018741834,0
0.00015992191,0
0.00035490707,0
0.0006444272,0
0.00013277073,0
0.00016009023,0
0.00015159094,0
0.00059410196,0
0.00019535578,0
0.00042558953,0
0.0010502083,0
0.00031012294,0
0.0005410422,0
0.00080772466,0
0.00024728623,0
0.00057719887,0
0.00015789349,0
0.00024089226,0
0.00010020047,0
0.00030164683,0
0.0006366315,0
0.0030311255,0
0.00018793695,0
0.0003279805,0
0.0037066466,0
0.00029722688,0
0.0006771142,0
0.00096211745,0
0.00018589318,0
0.000583322,0
0.00030057124,0
0.00010251484,0
0.0013315016,0
0.00040937873,0
0.00016177224,0
0.00020981157,0
0.00043434827,0
0.0005580323,0
0.001972815,0
0.00046939758,0
0.0005145693,0
0.0004185104,0
0.0010087212,0
0.00035486987,0
9.206474e-05,0
0.00020968336,0
0.000662931,0
0.00033622122,0
0.00022301414,0
0.0007683839,0
0.00011803307,0
0.0006730537,0
0.00035807665,0
0.0002827647,0
0.0004191776,0
0.00022533054,0
0.00045735872,0
0.00034641518,0
8.239231e-05,0
0.00090052746,0
0.000588316,0
0.00013952407,0
0.0008127516,0
0.0006446699,0
0.0009153248,0
0.00040620478,0
0.0005997193,0
0.00058407895,0
0.000308946,0
0.0032498033,0
0.0006063131,0
0.00069652987,0
0.00067863823,0
0.0007784942,0
0.0006839272,0
0.0006751075,0
0.00012409636,0
0.00016698246,0
0.0001701753,0
0.0027569989,0
0.00029285363,0
0.00019428585,0
0.00070969935,0
0.0008062656,0
0.0010286095,0
0.0002693809,0
0.00086278346,0
0.00027549727,0
0.0006116873,0
0.0003112654,0
0.00030644907,0
0.00050721713,0
0.00020843334,0
0.00305474,0
0.0031789253,0
0.0002041248,0
0.00011843003,0
0.00050409505,0
0.0045593656,0
0.0003224149,0
0.00046645626,0
0.0015895187,0
0.00037102262,0
8.8680055e-05,0
0.001258246,0
9.484369e-05,0
0.00020525939,0
0.00032196558,0
0.0005046344,0
0.00015203352,0
5.0136114e-05,0
6.7793e-05,0
0.00011544507,0
0.00013234116,0
0.00031704773,0
0.00082441204,0
0.0004332487,0
0.00031711085,0
0.00025427836,0
0.00038463078,0
0.0008706317,0
0.0001300611,0
0.0014002897,0
0.00012305372,0
0.0002027406,0
0.00067523005,0
0.0016675434,0
0.000122039724,0
0.0004887508,0
0.000504537,0
0.00015488845,0
0.00060260325,0
0.0012109583,0
0.0004403612,0
0.0003059529,0
0.00028846378,0
0.0012238653,0
0.00017024441,0
0.00028493247,0
0.00053099386,0
0.00089066674,0
0.00014477104,0
0.00071937795,0
0.00016677601,0
0.00016254873,0
0.00021727783,0
0.0006960561,0
0.000320866,0
0.00031220895,0
0.00018173418,0
0.0004613055,0
0.000107656815,0
0.00038697151,0
0.00039408784,0
0.00050579634,0
0.0016418493,0
0.000343211,0
0.008523961,0
0.00013396036,0
0.0028383774,0
0.00016248634,0
0.0002939744,0
0.00067252526,0
0.000313072,0
0.00011091359,0
0.00029063335,0
0.0001899818,0
0.00017057183,0
0.00040357254,0
0.0009920854,0
0.00048928143,0
0.0003421421,0
0.00027588263,0
0.0003208412,0
0.00020397983,0
0.00039306382,0
0.0002644839,0
0.000673954,0
0.0005632795,0
0.00026097702,0
0.000115609946,0
0.00040319443,0
0.00015334145,0
0.00017656907,0
0.0002116729,0
0.0003618033,0
0.00038954295,0
0.0005297097,0
0.0051027876,0
0.00035993668,0
0.00016884436,0
0.00016122435,0
0.000111665766,0
0.00044464023,0
0.0002480453,0
0.0005716962,0
0.00012107839,0
0.00061877206,0
0.00031919716,0
0.00041967302,0
0.0002420148,0
0.00022656933,0
0.0007943815,0
0.0012799404,0
0.00018972803,0
0.00036270567,0
0.0004983579,0
0.00014719233,0
0.00019125085,0
0.00033314925,0
0.00047109413,0
0.00039428985,0
0.0007283369,0
0.00015943432,0
0.0003569647,0
0.00037278046,0
0.0001978457,0
0.0004839092,0
0.00056928495,0
0.0024094267,0
0.0008793657,0
0.00039456176,0
0.0024384102,0
0.00014407026,0
0.0001891891,0
0.0004237445,0
8.807474e-05,0
0.0003224237,0
0.0005270254,0
0.00048685554,0
0.0011128067,0
0.00047749782,0
0.00027323267,0
0.00041283068,0
0.00014495323,0
0.0004287569,0
0.00024165421,0
0.00055722665,0
0.00026569454,0
9.357159e-05,0
0.00057783385,0
0.00025798683,0
0.00021875993,0
0.00033788383,0
0.00029168287,0
0.0001007734,0
8.4311716e-05,0
0.00079158583,0
0.0004716918,0
0.00026282953,0
0.0002432915,0
0.00018427854,0
0.0003916701,0
0.0012003011,0
0.0010885774,0
0.0007411896,0
0.00026171294,0
0.00017366848,0
0.00023086401,0
0.0005262416,0
0.00028018936,0
0.00039136395,0
0.0002573118,0
0.00054459664,0
0.00026791779,0
0.00043481114,0
9.898209e-05,0
0.00040465174,0
0.0025201759,0
0.0007338011,0
0.00015847132,0
0.00043402516,0
0.00018827681,0
0.00092765753,0
0.00056195876,0
0.0006652264,0
0.017669026,0
0.00038913256,0
0.00023129994,0
0.0005437584,0
0.00046821302,0
0.00019479392,0
0.0006276833,0
0.004932317,0
0.0007473294,0
0.00022416114,0
0.00034176488,0
0.00029899093,0
0.00023642948,0
0.000351046,0
0.00032944686,0
0.00060032884,0
0.00027658278,0
0.00019044951,0
0.00018009852,0
0.00079158583,0
0.0006006667,0
0.00016722025,0
0.00024977137,0
0.00015598719,0
0.00049788435,0
0.0006105338,0
0.00034317424,0
0.00015304936,0
0.0004608012,0
0.00027452724,0
0.00046353537,0
0.00032460823,0
0.00052123424,0
0.00023235261,0
0.00023015105,0
0.00013205952,0
0.00012511628,0
0.00027937314,0
0.0018000512,0
0.00081289397,0
0.0001377121,0
0.00030976717,0
0.00012579228,0
0.0001863621,0
0.00015858794,0
0.000840829,0
0.0002426168,0
0.00024640412,0
0.000523798,0
0.0001377121,0
9.596126e-05,0
0.0004551185,0
0.00048191237,0
0.00051622634,0
0.0013384033,0
0.00060716073,0
0.00036608658,0
0.00021052602,0
0.00037508312,0
0.00056252,0
0.00043211444,0
0.0002549023,0
0.00012016134,0
0.00019583521,0
0.0004219883,0
0.00020932725,0
0.0008526737,0
0.00018014152,0
0.00044916384,0
0.00015044177,0
0.00033823514,0
0.00037212085,0
0.0005420719,0
0.00088220095,0
0.0009696863,0
0.00028690635,0
0.0005769363,0
0.00037042063,0
0.00010074022,0
0.0005031244,0
0.000498602,0
0.00023324974,0
0.00040731212,0
0.00015031191,0
0.00028489088,0
0.0017702241,0
0.00046445866,0
0.00029884372,0
0.00035521516,0
0.0002632553,0
0.00021424172,0
6.400682e-05,0
0.000101739395,0
0.00030856734,0
0.0004565569,0
0.00016675077,0
0.00028932403,0
0.00071530486,0
0.00021876534,0
0.00064893544,0
0.00017852066,0
0.00019129968,0
0.0002482307,0
0.00033092135,0
0.00013932247,0
0.0007672204,0
0.00021566566,0
0.0006343783,0
0.00063885876,0
0.00026540787,0
0.00017898956,0
0.00082601083,0
0.00047871566,0
0.00035009877,0
0.00019324268,0
0.0002510018,0
0.00035750287,0
0.00056698365,0
0.0043173074,0
0.0006919752,0
0.00020779451,0
0.00027038032,0
0.00049989525,0
0.00022068335,0
0.00049160374,0
0.00032530856,0
0.000569282,0
0.0026008592,0
0.00056743994,0
0.00017983245,0
0.0002969236,0
0.00062225177,0
0.004443477,0
0.00063456094,0
0.00021260571,0
0.000323943,0
0.00016844962,0
0.0005156236,0
0.00016397906,0
0.0017257042,0
0.00035400438,0
0.00016316642,0
0.0005571888,0
0.00014904172,0
0.0033176378,0
0.0003312293,0
0.00057855283,0
0.00012450456,0
0.00015380466,0
0.00018462237,0
0.0006216991,0
0.00056685775,0
0.00019292207,0
0.00021148896,0
6.5814e-05,0
0.00010547745,0
0.00047401502,0
0.00047037617,0
0.00022928661,0
0.00022820168,0
0.00020787596,0
0.0007453324,0
0.00038623763,0
0.000521688,0
0.000522505,0
0.00044184644,0
0.00026921,0
0.00082338974,0
8.7624285e-05,0
0.0004893487,0
0.00021466258,0
0.00033149187,0
0.00018381131,0
0.000854916,0
0.00017167484,0
0.00024019163,0
0.00016059542,0
0.00022278409,0
0.00066051236,0
0.00018897002,0
0.0004031727,0
0.00023309229,0
0.00042538362,0
0.00044713993,0
0.0002780841,0
0.000272751,0
0.00033045057,0
0.0004661035,0
0.0013804651,0
0.00037953514,0
0.0005859836,0
0.0011251245,0
0.00030910436,0
0.00041908637,0
0.00069937936,0
0.00054839114,0
0.002442066,0
0.0005836594,0
0.00023315931,0
0.0011769191,0
0.00017924291,0
0.00034515746,0
0.00013224495,0
0.00043845724,0
0.00030691968,0
0.0001280005,0
0.0003074243,0
0.00012514436,0
0.00039116156,0
0.00022939169,0
0.00041337492,0
0.00030085613,0
0.0036745775,0
0.0006604151,0
0.00016603584,0
0.00014180894,0
0.00026846715,0
0.0002941111,0
0.00058320625,0
0.00021462499,0
0.00027017135,0
0.00071354635,0
0.00037545423,0
0.0005670554,0
0.00013547688,0
0.00020358572,0
0.00035957576,0
0.00036917842,0
0.00011724805,0
0.00011734206,0
0.00011769406,0
0.00060010573,0
0.0004448458,0
0.0005002626,0
8.529094e-05,0
0.000343281,0
0.00019847474,0
0.00027293855,0
0.0007648915,0
0.00035925707,0
0.0021774564,0
0.0010646486,0
0.0010735593,0
0.00052845746,0
0.0012258071,0
0.0018790765,0
0.00025758622,0
0.00064169033,0
0.00012343584,0
0.00096733525,0
0.00012579228,0
0.00011807545,0
7.598325e-05,0
0.0002171652,0
0.002242406,0
0.00059893215,0
0.00274166,0
0.00012628683,0
0.00079158583,0
0.00057115644,0
0.00035276383,0
0.00033519353,0
0.00014683788,0
0.00036859274,0
0.0008203357,0
0.00015198874,0
0.0001864278,0
0.00085461873,0
0.00044288218,0
0.00011988825,0
0.00021670002,0
0.00038003857,0
0.00030576185,0
0.00074600684,0
0.0009843681,0
0.00026824596,0
0.00083091005,0
0.00030864682,0
0.00026884375,0
0.00039244074,0
0.0003206173,0
0.00021297084,0
0.00026408,0
0.0011870239,0
0.00028120875,0
0.00033225864,0
0.00062736723,0
0.000559478,0
0.000100960184,0
0.0016686926,0
0.0003276381,0
0.0009422366,0
0.0001508375,0
0.00019454095,0
0.000367502,0
0.0007868894,0
0.00030910748,0
0.0005902236,0
0.00025689794,0
0.0010231629,0
9.899532e-05,0
0.0012133054,0
0.00013571518,0
0.00035548783,0
0.00083829387,0
0.00025289351,0
0.000534018,0
0.00020472665,0
0.00044092114,0
0.00018108492,0
0.0016999834,0
0.0005714586,0
0.0004900513,0
0.000264814,0
0.000274035,0
0.00022806764,0
7.913008e-05,0
0.00016572095,0
0.0004002409,0
0.0005256652,0
0.00026416307,0
0.0005578819,0
0.0006679431,0
0.0002767749,0
0.00029628116,0
0.0004605575,0
0.0066527333,0
0.00015129948,0
0.00019945891,0
0.00026184286,0
0.0007529727,0
0.00027961758,0
0.000526317,0
0.00028553978,0
0.000180253,0
0.0008094745,0
0.00050521037,0
0.0029601958,0
0.0005173819,0
0.00029103595,0
0.00059081666,0
0.00044926745,0
0.00056340336,0
0.00028631662,0
0.0003308755,0
0.00017695953,0
0.00017581755,0
0.0001916267,0
0.00019445017,0
0.00057978183,0
0.000882137,0
0.00013810194,0
0.00044139597,0
0.00032677385,0
0.00028561935,0
0.00024646166,0
0.0001475416,0
0.00021842362,0
0.000100243065,0
0.0004886413,0
0.0006841725,0
0.00035097636,0
0.00035936208,0
0.00038525485,0
0.00020642504,0
0.00083566323,0
0.0003369725,0
0.00069424196,0
9.35782e-05,0
0.00014961348,0
0.0001564481,0
0.030703517,0
0.0003540528,0
0.00028585864,0
0.00021777787,0
0.000825547,0
0.0003808769,0
0.0005205849,0
0.0003002997,0
0.0001492541,0
0.0023696811,0
0.00022261227,0
0.0001872459,0
0.00066550344,0
0.00030070776,0
0.00043285385,0
0.00034894262,0
0.00011575636,0
0.00044280296,0
0.00042646998,0
0.00032496205,0
0.0017793984,0
0.00031222048,0
0.00040619186,0
0.00056768965,0
0.00050672144,0
0.00039487527,0
0.00035570818,0
0.0001760759,0
0.00015035747,0
0.0009081305,0
0.00051548745,0
0.00030865637,0
0.00017773772,0
0.00069173233,0
0.0007122825,0
0.00024089008,0
0.00020135353,0
0.00026527152,0
0.00015965116,0
0.00032725625,0
0.00039027247,0
0.000248046,0
0.0004898283,0
0.002500298,0
0.00039830053,0
0.00026688047,0
0.00085744244,0
0.00065245014,0
0.00015448847,0
0.00026666294,0
0.00017254028,0
0.0007527955,0
0.0005602718,0
0.00016028764,0
0.00056577375,0
0.00021704378,0
0.00048412045,0
0.0013053644,0
0.00071160577,0
0.00020163666,0
0.00048587532,0
0.00032858903,0
0.00015432524,0
0.00045785238,0
0.00021309395,0
0.000113920934,0
0.00021730582,0
0.00029998942,0
0.00045124834,0
0.000516477,0
0.00023769127,0
0.00045913932,0
0.002915016,0
0.001006433,0
0.0012330563,0
0.0009145839,0
0.00040440325,0
0.003591835,0
8.47382e-05,0
0.0003910208,0
0.00039635625,0
0.0003030719,0
0.00025703473,0
6.600664e-05,0
0.00071041344,0
0.0007314572,0
0.00012386711,0
0.00040818896,0
0.00033515983,0
0.00062443275,0
0.00037346044,0
0.0005693906,0
0.00026392372,0
0.00020250544,0
0.00017000666,0
0.00013935273,0
0.0002535786,0
0.0006139713,0
0.00017474839,0
0.0004641779,0
0.0014042374,0
0.0006880014,0
0.000473125,0
0.00014983265,0
0.00031911547,0
0.0001421606,0
0.00018285663,0
0.00038173626,0
0.00051464024,0
0.0010692319,0
0.00012540401,0
8.297269e-05,0
0.00037678969,0
0.0003966937,0
0.0022218681,0
0.0055003497,0
0.00025386282,0
0.00061954325,0
0.00063882547,0
0.0002498543,0
9.728972e-05,0
0.00022781189,0
0.00028348967,0
0.00022331081,0
0.00013999821,0
0.00021799805,0
8.9581634e-05,0
0.0013432051,0
5.4088167e-05,0
0.0003100031,0
0.00034496316,0
0.0002809218,0
0.0010170772,0
0.005032334,0
0.00074575905,0
0.00089429086,0
0.00030422167,0
0.0012315663,0
0.0008911641,0
0.00043817903,0
0.00028073104,0
0.0057994314,0
0.00029489884,0
0.00015660387,0
0.00010064996,0
0.00022201611,0
0.00048760467,0
0.003317756,0
0.00011397818,0
0.00032736702,0
0.000253724,0
0.00024303206,0
0.00037318066,0
0.00019585773,0
0.0005880992,0
0.0004914747,0
0.0002304486,0
0.00032079162,0
0.00017352609,0
0.00034823944,0
0.00047624425,0
0.00015792635,0
0.00013701615,0
0.0016562884,0
0.00036997,0
0.00042795244,0
0.0006975585,0
0.00045578755,0
0.0015053382,0
0.00013406185,0
0.0017191189,0
0.00032930117,0
0.0023696811,0
0.0003683554,0
0.0005467559,0
0.0010663584,0
0.00061587273,0
0.00059652224,0
0.00039539664,0
0.00047846735,0
0.00017780204,0
0.00017119983,0
0.00026808758,0
0.0003721943,0
0.00022428115,0
0.0006099911,0
0.0002570761,0
0.00039615357,0
0.00020790473,0
0.0003782262,0
0.00027553982,0
0.0012990084,0
0.0004925079,0
0.00015495607,0
0.00086311874,0
0.00026209917,0
0.0006877337,0
0.00091578386,0
0.00047525374,0
0.00023898334,0
0.00028176187,0
0.0007178619,0
0.00033700597,0
0.0021574846,0
0.00026101875,0
0.00010291934,0
0.0002501373,0
0.00017649788,0
0.0002458432,0
0.00063614483,0
0.00014854885,0
0.0002831023,0
0.00039096197,0
0.0004654388,0
0.00061555917,0
0.00017651374,0
0.00033482764,0
0.00081732305,0
0.00055991445,0
0.00021702326,0
0.0003667435,0
0.00033761119,0
0.00021056249,0
0.0013142418,0
0.00022580771,0
0.00051677943,0
0.0002718163,0
0.0005119461,0
0.0005859458,0
0.00026620785,0
0.00049300276,0
0.00015809554,0
0.0003252683,0
0.00040322467,0
0.00051963207,0
0.0012609309,0
0.00020187003,0
0.0010565972,0
0.00025258772,0
0.0003959213,0
0.00016894145,0
0.00013450686,0
0.00040285254,0
0.00040265833,0
0.00069798715,0
0.0005674249,0
0.00040389504,0
0.0003054925,0
0.00054542004,0
0.002202704,0
0.00017902614,0
0.00098649,0
0.0010961005,0
0.00016434345,0
0.00062754983,0
0.00042489517,0
0.00050474313,0
0.00032237062,0
0.00015457244,0
0.0008481404,0
0.0001012793,0
0.00030363686,0
0.0006477749,0
0.00037121656,0
0.0004309072,0
0.00055765285,0
0.0001601262,0
0.00017223577,0
0.000114807575,0
0.001258947,0
0.0005683886,0
0.0017927503,0
0.0022785715,0
0.00014103248,0
0.00044909556,0
0.00041581033,0
8.945189e-05,0
0.0001452925,0
0.0012586893,0
0.002159107,0
0.00011489302,0
0.00033416663,0
0.00030458372,0
0.0005635491,0
0.0008030256,0
0.00034618023,0
0.00012644337,0
0.00016620936,0
8.225715e-05,0
0.00045785995,0
0.00023283201,0
0.0003405799,0
0.0005600096,0
0.001418446,0
0.0007761323,0
0.00016958287,0
0.00015046584,0
0.00015081032,0
0.00028307075,0
0.00016334682,0
0.00016402543,0
0.00044527985,0
0.00078883965,0
0.00074191333,0
0.0004848398,0
0.00048009344,0
0.002158123,0
0.00031074308,0
0.0005566118,0
0.0001593821,0
0.0024064877,0
0.00031076197,0
0.00018906694,0
0.00028449864,0
0.0004406248,0
0.0004952004,0
0.00039107614,0
0.0010430579,0
0.00023031812,0
0.00013285085,0
0.00030856283,0
0.001453702,0
0.00035163964,0
0.0004070291,0
0.00015642663,0
0.00029467553,0
0.0016257591,0
0.00032706634,0
0.0008937486,0
0.00075211906,0
0.00035516112,0
0.00011589044,0
0.0005281823,0
0.0003580464,0
0.00012514436,0
0.00028659412,0
0.00069746916,0
0.00051109976,0
0.00021718425,0
0.00072608265,0
0.00019048042,0
0.0001722925,0
0.00029955545,0
0.00042728236,0
0.00022322558,0
0.0001637738,0
0.0001741157,0
0.0019749093,0
0.0006997383,0
0.0005633444,0
0.0004476675,0
0.00025635614,0
0.00014938734,0
0.0013644848,0
0.00021334732,0
0.001243526,0
8.606133e-05,0
0.00048158065,0
0.00056603603,0
0.00040270016,0
0.00064320076,0
0.0010436354,0
0.00032712912,0
0.00022050248,0
0.00012200076,0
0.00027890748,0
0.001223983,0
0.00022696481,0
0.0010361786,0
0.00058676885,0
0.0005770766,0
0.00023920446,0
0.00029811243,0
0.00025132307,0
0.0003413908,0
0.00069053913,0
0.00013975587,0
0.0003309849,0
0.00017740595,0
0.0017132432,0
9.920309e-05,0
0.0014217006,0
0.00019678484,0
0.00055478635,0
0.0010992893,0
0.00070337165,0
0.00036101174,0
0.00020820684,0
0.00087334897,0
0.0008494676,0
0.001840473,0
0.000246932,0
0.0004246212,0
0.000573892,0
0.0005093863,0
0.00023399995,0
0.00042607283,0
0.00032795977,0
0.0005381204,0
0.00013995598,0
0.00048309707,0
0.00030861818,0
0.0008079616,0
0.0005618249,0
0.00019077363,0
9.5027026e-05,0
0.00025511507,0
0.00015537262,0
0.000105447456,0
0.00016937565,0
0.00023717103,0
0.0004794798,0
0.00017376443,0
0.0007406687,0
0.00044292005,0
0.00078807,0
0.0005633444,0
0.00015906023,0
0.00032346757,0
0.0006220897,0
0.0005527056,0
0.0010373737,0
0.0016285115,0
7.454275e-05,0
0.00022870717,0
0.00046684625,0
0.00095070986,0
0.00016588438,0
0.00035063387,0
0.000119008924,0
9.887002e-05,0
0.00013043598,0
0.00023081481,0
0.00028399157,0
0.00035074155,0
0.00012827823,0
0.0002676924,0
0.00082248804,0
0.00029586238,0
0.00018943353,0
0.0002636154,0
0.0018790765,0
0.0019161769,0
0.0007362682,0
8.70961e-05,0
0.00017778626,0
0.001619458,0
0.00014076651,0
0.00017180435,0
0.0011586009,0
0.0003700562,0
0.0002249048,0
0.0002513036,0
0.00022807292,0
0.0010151451,0
0.00020917927,0
0.0008451624,0
0.00014382116,0
0.00035744294,0
0.0002551035,0
0.00026659583,0
0.00030214223,0
0.00024321637,0
0.00062287226,0
0.00030182803,0
0.00042801123,0
0.0003445919,0
0.00029817256,0
0.0007976157,0
0.0010628545,0
0.00014957196,0
0.00027767877,0
0.00041249068,0
0.0003661106,0
0.00046209618,0
0.00039363562,0
0.00012331925,0
6.969467e-05,0
0.0006361906,0
0.00017395016,0
0.00031647854,0
0.0012729084,0
0.0003216517,0
0.011052731,0
0.00019398355,0
0.00018882363,0
0.0005510632,0
0.00021317137,0
0.00016475866,0
0.00022147749,0
0.0002945119,0
0.0002136861,0
0.00047655753,0
0.001026008,0
0.00030579994,0
0.00020549622,0
0.00015283104,0
0.00022025184,0
0.0010484346,0
0.001231364,0
0.00026341845,0
0.00033652555,0
0.00040276325,0
0.00028422876,0
0.00057231705,0
0.00048450325,0
0.00022504796,0
7.522355e-05,0
0.0005930905,0
0.00022365424,0
0.00039002407,0
0.00024448888,0
0.0012356748,0
0.0009185208,0
0.00073340087,0
0.0005628887,0
0.000292079,0
0.0002748004,0
0.00057833095,0
0.0006990148,0
0.0002177679,0
0.00056311564,0
0.00036427117,0
0.00040731626,0
0.0016066843,0
0.000502696,0
0.00035793745,0
0.00085355627,0
0.00020562806,0
0.00021844411,0
0.00011395754,0
0.0012517,0
0.00022973446,0
0.00024057439,0
8.7273445e-05,0
0.0013350362,0
0.00015231536,0
0.0002945377,0
0.0003063971,0
0.00015656452,0
0.0007951965,0
0.00016041631,0
0.00024016597,0
0.00026853808,0
0.00039070874,0
0.00015400884,0
0.0003487651,0
0.00045924092,0
0.00033219822,0
0.00021760039,0
0.00045342054,0
0.00024388413,0
0.00012790154,0
0.0005282627,0
0.00013923024,0
0.0005556775,0
0.00049436383,0
0.00025881807,0
0.00047006056,0
0.00072320603,0
0.00048730566,0
0.00019553912,0
0.0002864135,0
0.00021874164,0
0.00036454518,0
0.00025492712,0
0.00019608896,0
0.00014245276,0
0.00037522402,0
0.0006390263,0
0.00030744885,0
0.00024882628,0
0.00056638446,0
0.00022571014,0
0.0004678304,0
0.00034306865,0
0.0007859495,0
0.0003247943,0
0.0003164204,0
0.0004060099,0
0.00088872755,0
0.00087262236,0
0.00013953353,0
0.00017231073,0
0.00068398623,0
0.00013699754,0
0.00013295509,0
0.00020255777,0
0.0003048407,0
0.00076531834,0
0.00011673052,0
0.0010791798,0
0.0003572763,0
0.0011202989,0
0.00014554987,0
0.0003493908,0
0.00029705346,0
0.00042621448,0
0.00013718833,0
0.0008522561,0
0.00051158364,0
0.00036109702,0
0.00020789173,0
0.00029796615,0
0.0006644603,0
0.0002923846,0
0.00048242195,0
0.00053326745,0
0.001074696,0
0.00025020706,0
0.00015130405,0
0.0003589038,0
0.00016303662,0
0.00037038242,0
0.00023032469,0
0.00044389325,0
0.00012028265,0
0.00057097396,0
0.0006807272,0
0.00021303295,0
0.00018998636,0
0.00037796336,0
0.00022320062,0
0.00046838017,0
0.00087926735,0
0.0002539781,0
0.000273598,0
0.00022766413,0
0.0023005712,0
8.8419176e-05,0
0.00022300755,0
0.00068730605,0
0.00015855028,0
0.00070413237,0
0.0015302297,0
6.3806365e-05,0
0.001628311,0
0.00026957292,0
0.0008107845,0
0.0001493619,0
0.00046167054,0
0.0020614406,0
0.00048779498,0
0.00025528073,0
0.00017222023,0
0.0001352037,0
0.00069208024,0
0.0005921567,0
7.7826946e-05,0
0.0007162877,0
0.00020265214,0
0.0009906125,0
0.00045055288,0
0.00014391838,0
0.0007461952,0
0.00023186587,0
0.00021340251,0
0.00015319251,0
0.00015400884,0
0.00072690204,0
0.00010246606,0
0.00014131027,0
0.000729986,0
0.0038740993,0
0.00062161736,0
0.00025205503,0
0.00040331762,0
0.00021252253,0
0.0003206921,0
0.0001381476,0
0.00016858078,0
0.0007922556,0
7.528374e-05,0
0.00084400794,0
0.00022441847,0
0.00044685477,0
0.00022037372,0
0.00020348064,0
0.00036185115,0
0.00062886643,0
0.000681305,0
0.00018638265,0
0.00089406944,0
9.438833e-05,0
0.00022046675,0
0.00019403153,0
0.00023615365,0
0.0007705537,0
0.0006706725,0
0.00023613281,0
0.00058125466,0
0.00079158583,0
0.00014686449,0
0.00078132463,0
0.00025674928,0
0.00042620447,0
0.000309763,0
0.00020335724,0
0.0003507223,0
0.00047067998,0
0.00010802824,0
0.00037502756,0
0.00014891817,0
0.0003669774,0
0.00012139123,0
0.00035811888,0
0.0005172172,0
0.00020545369,0
0.0003691362,0
0.00019295314,0
0.00014931799,0
0.00019356536,0
0.0005454452,0
0.0011140454,0
0.00049299654,0
0.00078134413,0
0.00096578134,0
0.00019389679,0
0.00042840143,0
0.0002835415,0
0.0006738123,0
0.0016106336,0
0.00032129014,0
0.00025207378,0
0.000113181755,0
0.0005501589,0
0.0018528132,0
0.00021661684,0
0.001074553,0
0.00010878625,0
0.005114599,0
0.00038422144,0
0.001098366,0
0.00027841196,0
0.0004333164,0
0.0004580976,0
0.00021154583,0
0.00058465736,0
0.0002805352,0
0.00015417617,0
0.0002757424,0
6.3262036e-05,0
0.000243393,0
0.00035510762,0
0.00040076667,0
0.0002550562,0
0.00036973582,0
0.00041216688,0
0.00045581246,0
0.00013451427,0
0.00018300767,0
0.00014918775,0
0.000110443194,0
0.0002477574,0
0.0004898283,0
0.00020974988,0
0.00015817257,0
0.00014099306,0
0.00056607823,0
0.0002567987,0
0.0004631878,0
0.00068173546,0
0.0004967582,0
0.000585546,0
0.00029363108,0
0.0001768678,0
0.0006850286,0
0.0002750881,0
0.0010099118,0
0.00047486855,0
0.00072100066,0
0.00047218252,0
0.0024448188,0
0.0049511506,0
0.00070918,0
0.0002596148,0
0.00020024793,0
0.0001508326,0
0.0006893233,0
0.00022105828,0
0.00021795668,0
0.00032595955,0
0.00022239065,0
0.0005693434,0
0.0007462714,0
0.00011966173,0
0.000264913,0
0.00028931556,0
0.0002351716,0
0.00019881543,0
0.00010563664,0
0.00032954192,0
0.0006597116,0
0.00018263003,0
0.00019122756,0
8.560003e-05,0
0.00046417274,0
0.00063798676,0
0.00053954177,0
0.00013469608,0
0.00025596513,0
0.00014807154,0
0.00070881064,0
0.0005125859,0
0.00040512867,0
0.0013626704,0
0.0002940125,0
0.00051286304,0
0.0003957677,0
0.00028264333,0
0.00055448624,0
0.00044594076,0
0.0008575431,0
0.00032234789,0
0.0007868793,0
0.00015847132,0
0.0017869944,0
0.00023274885,0
0.0002591041,0
0.00013623056,0
0.00030573102,0
0.000103201266,0
0.00033650632,0
0.0009724203,0
0.00074127864,0
0.00010285352,0
0.001320067,0
0.0007947856,0
0.00055608095,0
0.0001763537,0
0.0008347022,0
0.0011742733,0
0.0010652876,0
0.00026955968,0
0.0002126715,0
0.00030520646,0
0.00015088395,0
0.00017488659,0
0.0017254294,0
0.0002957988,0
0.0007245348,0
0.0006557974,0
0.00020099351,0
0.0002919811,0
0.00030978528,0
0.00057136815,0
0.000727078,0
0.0003664315,0
0.0005335153,0
0.00038757274,0
0.00013890634,0
0.0005662661,0
0.0023063496,0
0.00016328419,0
6.744771e-05,0
0.0007307053,0
0.0009470393,0
0.00042302048,0
0.0007395526,0
0.00033695734,0
8.118391e-05,0
0.00025702483,0
0.0003553085,0
0.00040744222,0
0.0007078736,0
0.00025587334,0
0.0001917144,0
0.00024590347,0
0.00030834138,0
0.00015424172,0
0.0001684413,0
0.00012098884,0
0.0026486337,0
0.002888551,0
0.0012300953,0
0.00037917873,0
0.00034349776,0
0.00033501722,0
0.00028826084,0
0.00034679708,0
0.00017976864,0
0.00030905256,0
0.0003750452,0
0.00023583048,0
8.237189e-05,0
0.00094899646,0
0.00029160344,0
0.0007981008,0
0.00013812138,0
0.00033574182,0
0.00023006338,0
0.0004060544,0
0.00022973382,0
0.00034441942,0
0.00020017162,0
0.00017162476,0
7.730482e-05,0
0.0005315008,0
0.0012270402,0
0.000537463,0
0.00089549593,0
0.0006727676,0
0.00031845097,0
0.00038488113,0
0.00016799451,0
0.00053497485,0
0.00029507026,0
0.0005119476,0
0.00030833794,0
0.00012653472,0
0.00031601777,0
0.00049815525,0
0.0001768678,0
0.0004449172,0
0.00015870096,0
0.00018263627,0
0.0004105909,0
0.00010590555,0
0.0001587225,0
8.568068e-05,0
0.0006479886,0
0.00015507068,0
0.0002775907,0
0.0006758652,0
0.00029661536,0
0.00010979602,0
0.0002928965,0
0.00013295839,0
0.0009562846,0
0.0013140995,0
0.00018224808,0
0.00023288192,0
0.0002492575,0
0.0005237273,0
0.0007062497,0
0.00033189578,0
0.00037648046,0
0.0004860301,0
0.0003589674,0
0.00070997875,0
0.001058352,0
0.00030283903,0
0.0003143182,0
0.00025666662,0
0.00054494076,0
0.00017734688,0
0.00014082754,0
0.00049249805,0
0.00055272056,0
7.010923e-05,0
0.0008252998,0
0.0006169351,0
0.00018305097,0
0.0003248063,0
0.00058422156,0
0.0001649538,0
0.00066964945,0
0.0002716381,0
0.00024163298,0
0.0023802808,0
0.0002941696,0
0.0005291374,0
0.00053841714,0
0.00023564856,0
0.00013049635,0
0.00039715777,0
0.0001357351,0
0.00015043447,0
0.0009999735,0
0.00035165812,0
0.00019590426,0
0.0001904991,0
0.0004317531,0
0.00064835086,0
0.00048263324,0
0.00047568476,0
0.00012426842,0
0.00012212191,0
0.0004448439,0
0.0005165341,0
0.00022544172,0
0.0011749408,0
0.04331664,0
0.00038080642,0
0.00039836866,0
0.00030920774,0
0.00029662112,0
0.0011291835,0
0.00040634535,0
0.00036394264,0
0.00022935412,0
0.00035473565,0
0.0009873676,0
0.00025033875,0
0.0001325946,0
0.00027900847,0
0.00041609534,0
0.0009322856,0
0.0021154478,0
0.00011524907,0
0.00017923654,0
0.00034925883,0
0.00023498251,0
0.0002716676,0
0.0006144263,0
0.00026379057,0
0.0006354174,0
0.000674141,0
0.00023983775,0
0.000115651004,0
0.0002764248,0
0.00017868029,0
0.0003144353,0
0.00056866073,0
0.00031966294,0
0.00037034135,0
0.00030760636,0
0.0010268207,0
0.00019373075,0
0.0007798553,0
0.0002298693,0
0.00032190254,0
0.0004957717,0
0.0003734627,0
0.0005024229,0
0.00010055319,0
0.0001888998,0
0.0001545154,0
0.00029647924,0
0.0009257244,0
0.00049772667,0
0.0005627241,0
0.0003410684,0
0.000432318,0
0.0002471672,0
0.00014533609,0
0.00050258514,0
0.000119826385,0
0.00067162554,0
0.00021864372,0
0.0004546581,0
0.00047793266,0
0.00041434204,0
0.0018202045,0
9.7182965e-05,0
0.00020608598,0
0.0002628611,0
0.0023700155,0
0.00027381477,0
0.0005730442,0
0.0003722273,0
0.0002736871,0
0.0014368311,0
0.0014259813,0
0.000102782986,0
0.0005065281,0
0.0009625022,0
0.00019685933,0
0.0006994111,0
0.00015847132,0
0.00024191121,0
0.00071945135,0
0.00010308574,0
0.00012656777,0
0.00037807456,0
0.0005097088,0
0.00010607286,0
0.0014358363,0
0.00019896323,0
0.0012388931,0
0.00013621776,0
0.00070031575,0
0.00027919127,0
0.0022824276,0
0.00051415374,0
0.0005125448,0
0.0005360007,0
0.000121174984,0
0.00013051467,0
0.00020486055,0
0.00055358774,0
0.00014391323,0
0.0001471624,0
0.00049710955,0
0.0002349267,0
0.00019849386,0
0.0010023881,0
0.00014633802,0
0.00017363411,0
0.00026139038,0
0.00038113561,0
0.00018549475,0
0.00021873046,0
0.010554986,0
0.000314413,0
0.0006885638,0
0.00022154457,0
0.00023219829,0
0.0004402207,0
0.00016821566,0
0.00033117944,0
0.00033933038,0
0.0009952331,0
0.00047290695,0
0.0004355948,0
0.00011234664,0
0.0002588786,0
0.00042959818,0
0.00047317683,0
0.00018081299,0
0.005440539,0
0.0006211879,0
0.0012434423,0
0.00025389652,0
0.00020549288,0
0.0012126989,0
0.00028949894,0
0.00028186824,0
0.00041957552,0
0.0007484506,0
0.0007746276,0
0.00041639665,0
0.00046368616,0
0.047390282,0
0.00035252894,0
0.00073039095,0
0.00032749798,0
0.0010588856,0
0.00039012852,0
0.00019493976,0
0.00023776515,0
0.002504381,0
0.00066316215,0
0.00030670103,0
0.0005689013,0
0.000101809535,0
0.00011452597,0
0.0004973856,0
0.0001710101,0
0.00019660879,0
0.0004777609,0
0.0006286406,0
0.00016593949,0
0.0009423204,0
0.00048509656,0
0.00035191313,0
0.0001318824,0
0.0002858964,0
0.0004068164,0
0.00041986993,0
0.00014815485,0
0.00013211541,0
0.00048456475,0
0.00022328446,0
0.00019510154,0
0.00021521137,0
0.0007425942,0
0.0007327138,0
0.00027164046,0
0.00022641537,0
0.0005127484,0
0.00020683915,0
0.00020393683,0
0.00035240685,0
0.00018297246,0
0.00023506163,0
0.005407108,0
0.0002828982,0
0.00024404988,0
0.0015953257,0
0.0002442165,0
0.00060775894,0
0.0004873453,0
0.00020411535,0
0.00027725686,0
0.0002610837,0
0.0007182005,0
0.0006323549,0
0.0003843763,0
0.00037990228,0
0.00037172326,0
0.00035848498,0
0.00047949894,0
0.00022028813,0
0.00061249605,0
0.00021762535,0
0.00012889599,0
0.0008998231,0
0.0016658822,0
0.00072522665,0
0.0004348965,0
0.000447729,0
0.00059722445,0
0.00025277975,0
0.00037712327,0
0.00026452175,0
0.000524346,0
0.0007327599,0
0.00015014107,0
0.0004784337,0
0.00062287116,0
0.0003630007,0
0.00037606785,0
0.0002537084,0
0.00018013202,0
0.00032572527,0
0.0007212268,0
0.0005829029,0
0.001290586,0
0.0007664144,0
0.00040330322,0
0.00024147672,0
0.00027841167,0
0.00029342755,0
0.00017200652,0
0.00043356983,0
0.0002477602,0
0.00028509286,0
0.00012911459,0
0.0003052818,0
0.00033018645,0
0.0001452925,0
0.0005523928,0
0.00016498254,0
0.00031330014,0
0.0017363544,0
0.00029400855,0
0.00024021733,0
0.00038571385,0
0.00029326676,0
0.00022152693,0
0.0008700484,0
0.00026422663,0
0.00012261882,0
0.00010431375,0
0.00053860643,0
0.0005528999,0
0.00033131955,0
0.00015112091,0
0.00071853446,0
0.000326754,0
0.00034016298,0
0.0006827097,0
0.0005007494,0
0.025062354,0
0.00017890858,0
0.00091625133,0
0.00011575333,0
0.00045278066,0
0.00015188991,0
0.0008999414,0
0.00022062122,0
0.0017968821,0
0.00051002373,0
0.0011630113,0
0.00055683515,0
0.00033585046,0
0.00017228069,0
0.0007446668,0
0.0005505353,0
0.00021697841,0
0.00035303016,0
0.00017846358,0
0.00026764674,0
0.0008838169,0
0.0003292925,0
9.9890385e-05,0
0.00042259897,0
0.0008293626,0
0.00042864264,0
0.00018233436,0
0.00039373405,0
8.2956394e-05,0
0.00050132815,0
0.0006770707,0
0.000530559,0
0.00021253781,0
0.00014099611,0
0.00069240667,0
0.00029478036,0
0.00025945908,0
0.0005368206,0
5.5563705e-05,0
0.00041638393,0
0.00033042606,0
0.0021821659,0
0.00027894016,0
0.0011946147,0
0.00034342767,0
0.00012178513,0
0.00041859443,0
0.00067700056,0
0.00030842386,0
0.00016510682,0
0.001969967,0
0.00045085975,0
0.00014578708,0
0.0002715629,0
0.00029393553,0
0.00093897065,0
0.00023929747,0
0.00015448847,0
0.0001908896,0
0.00040007164,0
0.00028386427,0
0.00025958335,0
0.00065528636,0
0.00019425347,0
0.00034902233,0
0.00018628039,0
0.00061476306,0
0.00020106985,0
0.0006976175,0
0.0002549137,0
0.00043499534,0
0.00094042753,0
0.00022367862,0
0.00023043407,0
0.00022605353,0
0.00040648322,0
0.00015704868,0
0.00040168324,0
0.00027716949,0
0.0011742961,0
0.00070359744,0
0.0001812233,0
0.0019784456,0
0.0002541223,0
0.0005262971,0
0.00062196143,0
0.00076293334,0
0.0031175688,0
0.00024845215,0
0.0005251058,0
0.0007951965,0
0.00024674903,0
0.0004970227,0
0.00013995213,0
0.00018775792,0
0.00045168,0
0.0006790615,0
0.00046626746,0
0.00067800935,0
0.00026794727,0
0.000996717,0
0.00017482392,0
0.0023696811,0
0.00036093395,0
0.00021814494,0
0.000524034,0
0.00032900018,0
8.70961e-05,0
0.00024617114,0
9.709937e-05,0
0.000101437654,0
0.00017126843,0
0.00023757116,0
0.00029960717,0
0.00083012274,0
0.00029358282,0
0.00073491654,0
0.00049527327,0
0.00049747975,0
0.00023635908,0
0.0007661694,0
0.00028338627,0
0.00029567484,0
0.00040539276,0
0.0002610837,0
0.00069138367,0
0.0002066907,0
0.00042763277,0
8.418688e-05,0
0.00036932746,0
0.0002244043,0
0.00056616863,0
0.00049508514,0
0.00011715889,0
0.000481917,0
0.00049372343,0
0.00049879507,0
0.0005206478,0
0.00019656897,0
0.0006079787,0
0.00032583423,0
0.002518682,0
0.00047333146,0
0.0019187013,0
9.460256e-05,0
7.681581e-05,0
0.0002715068,0
0.00012098884,0
0.00014292164,0
0.00012261882,0
0.0003478069,0
0.00023641849,0
0.00024121816,0
0.0005208363,0
0.00024944745,0
0.002442066,0
0.0002616365,0
0.000117728545,0
0.00028430088,0
0.0002903834,0
0.000217587,0
0.00038776456,0
0.00048351387,0
0.0006039152,0
0.00028657168,0
0.0008443991,0
0.00026227103,0
0.00037872206,0
0.007459482,0
0.00092621037,0
0.0005958034,0
0.0006807307,0
0.003010371,0
0.00013872533,0
0.0010448246,0
0.0003353665,0
0.00054507924,0
0.0007992553,0
0.0005751494,0
0.00055829826,0
9.280469e-05,0
0.00015779064,0
0.0002749797,0
0.00018882363,0
0.00023336198,0
0.00032937943,0
0.0002196756,0
0.00023534923,0
0.0028035617,0
0.00028969772,0
0.0002704938,0
0.0003626934,0
0.00019403601,0
0.00014701633,0
0.0004952247,0
0.00017998705,0
0.00013591126,0
0.00012911459,0
0.0002840718,0
9.178073e-05,0
0.0002362365,0
0.0021929517,0
0.00024190171,0
0.0018567558,0
0.0002731326,0
0.00040425285,0
0.0007672113,0
0.0004612468,0
0.0003017727,0
0.00042887655,0
9.074747e-05,0
0.0013833059,0
0.00044539524,0
0.00025193646,0
0.0002163589,0
9.530458e-05,0
0.00033111847,0
0.00014163784,0
0.0003450319,0
0.00034772337,0
6.0689035e-05,0
0.00052595825,0
0.00039716437,0
0.00059905293,0
0.00018145583,0
0.002406558,0
0.00014932403,0
0.0005801803,0
0.00046053546,0
0.00019458152,0
0.00060885167,0
0.00016069617,0
0.0001934905,0
0.00071770657,0
0.00030487913,0
0.0012402056,0
0.0003507647,0
0.00046606743,0
0.0031345387,0
0.00029423856,0
9.090077e-05,0
8.557731e-05,0
0.00039783545,0
0.00035052907,0
0.00023730556,0
0.0050140433,0
9.560296e-05,0
0.00021898779,0
0.00041723636,0
0.0004291747,0
0.00020203777,0
0.002268877,0
0.0012648936,0
0.00017271115,0
0.00051929354,0
0.00018632354,0
0.00020888416,0
0.0004094321,0
0.00027405313,0
0.000141702,0
5.891062e-05,0
0.00025269238,0
0.0002179297,0
0.00027774178,0
0.000107298634,0
0.0004517332,0
0.00012314733,0
0.00014343821,0
0.00060320384,0
0.0006144682,0
0.00017492073,0
0.00040462328,0
0.0006244011,0
0.0005982948,0
0.00027914194,0
0.0005137331,0
9.2585324e-05,0
0.00034306475,0
0.00079158583,0
0.00010462957,0
0.0011495925,0
0.00016506453,0
0.00025309026,0
0.00019490192,0
0.00024243357,0
0.0003866075,0
0.0003841282,0
0.0005080156,0
0.00020408591,0
0.00067032967,0
0.0007590533,0
0.0009880873,0
0.0066763773,0
0.0034811052,0
0.00012551142,0
0.0054724435,0
0.0016094298,0
0.00022437592,0
0.00027949575,0
0.00014719233,0
0.00047046822,0
0.00019637505,0
0.0015305447,0
0.0008679895,0
0.00094389805,0
0.00048379428,0
0.00014458256,0
0.0001356853,0
0.0002037988,0
0.00012892643,0
0.0003674962,0
0.00040356859,0
0.001702175,0
0.00027104956,0
0.0013888484,0
0.00036411983,0
0.00037349178,0
0.00027837814,0
0.0015453284,0
0.0007502124,0
0.00017119983,0
0.0006117114,0
0.000538598,0
0.00021814399,0
0.00061627454,0
0.0004711412,0
0.0008059241,0
0.0015355923,0
0.00015692195,0
0.00076461973,0
0.0002716073,0
0.0003046954,0
0.00013748878,0
0.0006802667,0
0.00023496755,0
0.00023548128,0
0.00032602024,0
0.00025427464,0
0.001155304,0
0.000113615024,0
0.0008896386,0
0.0008031982,0
0.001447508,0
0.0014164068,0
0.00035171592,0
0.00014719233,0
0.0005028369,0
0.0002050369,0
0.00023240641,0
0.0006435865,0
0.00010131886,0
0.0003856331,0
0.00030738176,0
0.00033888657,0
0.000727691,0
0.00013289957,0
0.00056757557,0
0.00020267972,0
0.00040244265,0
0.00044353676,0
0.00027177695,0
0.00012830057,0
0.0007380279,0
0.00014031424,0
0.0008030624,0
0.00041476346,0
7.874694e-05,0
0.0005359058,0
0.00016140536,0
0.00092541194,0
0.00040390025,0
0.00070169923,0
0.0007543944,0
0.00042921212,0
0.00032663695,0
0.00039147274,0
0.00033568978,0
0.002286355,0
0.00028635724,0
0.002442066,0
0.00046675056,0
0.00017586938,0
0.00045607236,0
0.0006362739,0
0.00036995744,0
0.00036035187,0
0.00025483678,0
0.00048153874,0
0.00011814272,0
0.00032725293,0
0.00034572164,0
0.00017088994,0
0.00069968565,0
0.0003874576,0
0.00041597657,0
0.00024446144,0
0.0009322071,0
0.00023764957,0
0.0008729154,0
0.0005449639,0
9.9654506e-05,0
0.00050935114,0
0.0030645933,0
0.0003237136,0
0.00070978556,0
0.00016815575,0
0.002336605,0
0.00045569547,0
0.001000588,0
7.816874e-05,0
0.0006907299,0
0.00021101319,0
9.656714e-05,0
0.0001669011,0
0.0008415697,0
0.00018378482,0
0.00024391618,0
0.0006323902,0
0.00015346818,0
0.0003827495,0
0.0009462271,0
0.00078365556,0
0.00024016938,0
0.0006026611,0
0.00046585212,0
0.0007820917,0
0.00038971016,0
0.0006021257,0
0.00011530551,0
0.0010302345,0
0.0005818049,0
0.00037585822,0
0.0001824887,0
0.00040274812,0
0.0006979584,0
0.0010893461,0
0.0005877312,0
0.0002906427,0
0.0004621349,0
0.00023561485,0
0.0003795481,0
0.000500762,0
0.0007972012,0
0.00010964178,0
0.0001894374,0
0.00022643432,0
0.00016609061,0
0.000284933,0
0.00029625068,0
0.00016709583,0
0.00015400049,0
0.00012209729,0
0.00024357175,0
0.0005230778,0
0.0021940223,0
0.00029540967,0
0.0005400316,0
0.0029579317,0
0.0005271864,0
0.00065342186,0
0.00012409616,0
0.0009776488,0
0.00026055909,0
0.00035834432,0
9.0653135e-05,0
0.00025649442,0
0.00021023782,0
0.00016884436,0
0.0002093518,0
0.0002937235,0
0.00060789264,0
0.0005677643,0
0.00019479392,0
8.46804e-05,0
0.00032446542,0
0.0006892702,0
0.00022796594,0
0.00061025255,0
0.00089210947,0
0.0004935537,0
0.00053719676,0
0.00012139123,0
0.00012488072,0
0.0003874053,0
0.00023254365,0
0.0003872836,0
0.00027685775,0
0.0006456344,0
0.00015914184,0
0.0003398768,0
0.00017212213,0
0.00043237445,0
0.00034421447,0
0.0003656919,0
0.00020535062,0
0.00036034244,0
0.00034895018,0
0.0003564299,0
0.00011354706,0
0.00046326328,0
0.00022349178,0
0.00014234011,0
0.000492388,0
0.0003496344,0
0.0005280671,0
0.00048491883,0
0.00018537072,0
0.0008180734,0
0.0027370162,0
0.00019293446,0
0.00032067872,0
0.0005663289,0
0.00025573556,0
0.0023742793,0
0.00043871664,0
0.00033445307,0
0.00013941567,0
0.0003334134,0
0.001211546,0
0.00012543213,0
0.0011226684,0
0.0001669011,0
0.00011542394,0
0.0010385211,0
0.00034348774,0
0.00023881505,0
0.00027395927,0
0.00046603032,0
0.0008779533,0
0.00029709574,0
0.00021399472,0
0.00031445528,0
0.00022681447,0
0.0027817043,0
0.00012412727,0
0.00023821776,0
0.00013833327,0
0.00019973838,0
0.0003119853,0
0.00037510635,0
0.00094169687,0
0.00045044636,0
0.00024037989,0
0.00023449361,0
0.0018019795,0
0.000259045,0
0.0003213854,0
0.0003279278,0
0.00021609514,0
0.0005013374,0
0.00012208399,0
0.0003545239,0
0.0002789042,0
0.0013836347,0
0.0005311674,0
6.0812443e-05,0
0.00016916786,0
0.0003876173,0
0.00028722713,0
0.00037494727,0
0.0002145345,0
0.0008046088,0
0.00017896201,0
0.0013607604,0
0.00037883714,0
0.00090779376,0
0.00021386951,0
0.00048346235,0
0.00051750545,0
0.00011618515,0
0.0006930797,0
0.00031410553,0
0.00028540927,0
0.00010270116,0
0.00056503364,0
0.000121901256,0
0.00025481553,0
0.00048895885,0
0.0014053982,0
0.0007413463,0
0.00019047727,0
0.0002867826,0
0.0001740798,0
8.320059e-05,0
0.00050207827,0
0.00023904916,0
0.000113152375,0
0.0005886015,0
0.0005377844,0
0.0004023421,0
0.00046317757,0
0.00025301872,0
0.00012018872,0
0.0007959392,0
0.0024895966,0
0.0007772871,0
0.00023918416,0
0.00033045255,0
0.0003514494,0
0.0002824439,0
0.00012475587,0
0.0006836678,0
0.00042787733,0
0.00024865996,0
0.0027208393,0
0.00013924154,0
0.00014431418,0
0.0021928248,0
0.0001703418,0
0.0004753051,0
0.00016557833,0
0.00060032966,0
0.00015265605,0
0.0036441712,0
0.00038124522,0
0.0004546088,0
0.000777536,0
0.00012221487,0
0.00070670125,0
0.0010415862,0
0.00069421256,0
0.00075384224,0
0.00018297903,0
0.00012449456,0
0.00083190255,0
0.00072983926,0
0.000262723,0
0.00042487445,0
0.00018579177,0
8.395955e-05,0
0.00017881954,0
0.00037009022,0
0.0011761053,0
0.0011223849,0
0.0012532792,0
0.000640755,0
0.00087164616,0
0.0009471024,0
0.00010691942,0
0.00015076358,0
0.003958222,0
0.00036660122,0
0.00032695863,0
0.00042376164,0
0.00066151965,0
0.0003376747,0
0.00028330446,0
0.00015916889,0
0.00035982294,0
0.00051218463,0
0.0010846363,0
0.00029256564,0
0.001927457,0
0.00011362297,0
0.00012954704,0
0.00033663085,0
0.00017180771,0
0.00063392974,0
0.0005163976,0
0.00051218213,0
0.00015126116,0
0.0006854385,0
0.00047932426,0
0.00070726074,0
0.00019324325,0
0.0004715361,0
0.0019225113,0
0.00041963643,0
0.0003799174,0
0.0003189492,0
0.0003644976,0
0.0010258484,0
0.00030427036,0
0.00033907293,0
0.0007849302,0
0.0002890757,0
0.00019482632,0
0.00020255792,0
0.00015166558,0
0.00025294407,0
0.00022379035,0
0.0001701095,0
0.00013903377,0
0.00067654834,0
0.001402758,0
0.0002846396,0
0.0001801322,0
0.00024201738,0
0.00026694062,0
0.000102099046,0
0.0017434116,0
0.00049477053,0
0.0007009536,0
0.0008750035,0
0.00055203284,0
0.00025791896,0
0.0008192487,0
0.0016596374,0
0.00012386925,0
7.920424e-05,0
0.00011038335,0
6.795027e-05,0
0.00026183622,0
0.00047574117,0
0.0006507192,0
9.835033e-05,0
0.00072157505,0
0.00020177607,0
0.00038492156,0
0.0013696272,0
0.00039232362,0
0.0002736952,0
0.00078571105,0
0.00030796244,0
0.0003381635,0
0.00034337462,0
0.00012920564,0
0.0003720378,0
0.00017652569,0
0.00024124469,0
0.0034560724,0
0.002190034,0
0.0002744917,0
0.0005515666,0
0.00015886233,0
0.0005443561,0
0.00065642665,0
0.00022491296,0
0.00019219678,0
0.00023516004,0
0.003045896,0
0.0001242017,0
0.0001329337,0
0.001851845,0
0.00015573246,0
0.00023222977,0
0.00017557351,0
0.00076676876,0
0.000794969,0
0.00063983194,0
0.00013861446,0
0.00027651837,0
0.0007868793,0
0.00017495269,0
0.00023675582,0
0.0001563393,0
0.0019089609,0
0.00012579228,0
0.00046106818,0
0.00086076924,0
0.00054306886,0
0.00019475147,0
0.00027100331,0
0.00040910122,0
0.0007058489,0
0.00016907149,0
0.0010108238,0
0.0004664568,0
0.00026956145,0
0.00030376963,0
0.0001593821,0
0.00028968588,0
0.00038958486,0
0.00047702616,0
0.00018946792,0
0.00014853488,0
0.00026813304,0
0.00024020992,0
0.00017381103,0
0.00020293857,0
0.00035142308,0
0.00024067552,0
0.00042671422,0
0.00055764127,0
0.000246017,0
0.00011629215,0
0.00015345946,0
0.0001708123,0
0.0002595533,0
0.0007092419,0
0.00037367197,0
0.00018703479,0
0.00056477904,0
0.00024346232,0
0.0009706845,0
0.00044824491,0
0.0010823807,0
0.0002472047,0
0.00016575246,0
0.000111831425,0
0.00045078556,0
0.00089448225,0
0.00049466203,0
0.00013894253,0
0.00010286341,0
0.00026594463,0
0.00012375411,0
0.00014971296,0
0.0006831476,0
0.00044206483,0
0.00016037766,0
0.00041848706,0
0.000321484,0
0.00014242009,0
0.00052809453,0
0.0001390324,0
0.00015400884,0
0.0002062894,0
0.00027694154,0
0.00017180435,0
0.00038820965,0
0.0006026271,0
0.00017717433,0
0.0009801592,0
0.000661346,0
0.00015341461,0
0.0001498156,0
0.0003799773,0
9.783546e-05,0
0.00041431125,0
0.00029518013,0
0.00043468236,0
0.00029073108,0
0.00054296385,0
0.00013816662,0
0.00016707426,0
0.00031399794,0
0.0005269809,0
7.724687e-05,0
0.001561174,0
0.00037337653,0
0.00034867693,0
0.0001906869,0
0.0003970218,0
0.00075761764,0
0.0023976248,0
0.00020385195,0
0.00015092833,0
0.00053490564,0
0.00033189578,0
0.00015872948,0
0.0001808175,0
0.00013620438,0
0.0002450279,0
0.00084989535,0
0.00037122364,0
0.00059206213,0
0.00011406344,0
0.00050747785,0
0.0013022849,0
0.0020689985,0
0.0002838413,0
0.00034958363,0
0.0004333247,0
0.0022819056,0
0.0011403505,0
0.00017949413,0
0.00031024855,0
0.0002126759,0
0.00010113418,0
0.00027022697,0
0.00033228763,0
0.0006779719,0
0.0051135574,0
0.00021131196,0
0.00021944867,0
0.0004255237,0
0.000645579,0
0.00020697092,0
0.00040835587,0
0.00045049845,0
0.00081622537,0
0.00029382342,0
0.003527116,0
0.00037764653,0
0.00036283123,0
0.00023402802,0
0.00067872327,0
0.0009839304,0
0.00071032665,0
0.00026477405,0
9.953289e-05,0
0.00010043723,0
0.00036336057,0
0.00061094447,0
0.0001989268,0
0.0001377121,0
0.00031933901,0
0.0036329757,0
0.0003556391,0
0.00050953793,0
0.00041760388,0
0.00039735582,0
0.00022247691,0
0.00013731522,0
0.00018881905,0
0.0023696811,0
0.00060906453,0
0.0024062383,0
0.000111996545,0
0.00024954465,0
0.000110508976,0
0.00017659647,0
0.00082532456,0
0.00042204303,0
0.00037542652,0
0.00020015535,0
0.00016408924,0
0.00046118247,0
0.00016161185,0
0.00030246514,0
0.00045500268,0
0.00027027566,0
0.00047460868,0
0.00022822035,0
0.00019128667,0
9.496009e-05,0
0.00052538334,0
0.00035125692,0
0.00023687257,0
0.00034341548,0
0.0002316992,0
0.0002692612,0
0.00076567056,0
0.0005623024,0
0.0005035038,0
0.0072903656,0
0.00022336144,0
0.0002881683,0
0.0010257902,0
0.00040832805,0
0.00054713635,0
0.0007742871,0
0.00044246516,0
0.0005146809,0
0.00015488845,0
0.00030661255,0
0.0001978486,0
0.00022228007,0
0.00041819786,0
0.00024468475,0
0.00032759306,0
0.00022045849,0
0.00052195665,0
0.0009204644,0
0.00014554823,0
0.00039827777,0
0.000420678,0
0.00029098752,0
0.00020062423,0
0.0005577289,0
0.00018758146,0
0.00025566987,0
0.0016540653,0
0.00054539676,0
0.0011767545,0
0.000107517204,0
0.00014306957,0
0.00041505205,0
0.00044683993,0
0.00018798518,0
0.001336431,0
0.00062172,0
0.0015378664,0
0.00042037852,0
0.00027245143,0
0.0007200022,0
0.0012791115,0
0.00017925537,0
0.00038997643,0
0.00025899237,0
0.00020218146,0
0.00035398538,0
0.00014027537,0
0.00034063566,0
0.00023687979,0
0.0003748724,0
0.0002511051,0
0.000755487,0
0.00017482392,0
0.00037571322,0
0.00024784837,0
0.00027612346,0
0.00026520644,0
0.0010101424,0
0.0003082198,0
7.972778e-05,0
9.7843986e-05,0
0.0005757057,0
0.0010449907,0
0.00053756696,0
0.00034044645,0
0.0013978182,0
0.0003467078,0
0.00014397874,0
0.0003567935,0
0.00033808697,0
0.00038958076,0
0.0007225898,0
0.00076207396,0
0.00042558735,0
0.00042170828,0
0.00022014776,0
0.0003708238,0
0.0004277625,0
0.0010409057,0
0.00014370724,0
0.0003794883,0
0.00028158046,0
0.0024686747,0
0.0001826107,0
7.141578e-05,0
0.00039216148,0
0.0005827381,0
0.00029069654,0
0.0001844471,0
0.00030126612,0
0.00027103658,0
7.1140385e-05,0
0.0002928367,0
0.0003114889,0
0.00062189024,0
0.0012820036,0
0.00015537262,0
0.0004921042,0
0.0003517428,0
0.0012104907,0
0.00074806804,0
0.000303684,0
8.31169e-05,0
0.00021824319,0
0.00039759206,0
0.00014852925,0
0.00057401566,0
0.00019752164,0
0.00049036666,0
0.00012514436,0
0.00013634743,0
0.00044863235,0
0.0008914069,0
0.0003140901,0
0.0003119718,0
0.020822152,0
0.00026084937,0
0.00023415699,0
0.0005127934,0
0.00021463534,0
0.00018232335,0
0.0004925163,0
0.00015915486,0
0.00027510556,0
0.0005267675,0
0.000102621394,0
0.00016863126,0
0.00027342362,0
0.00022427575,0
7.766082e-05,0
0.0001216413,0
0.00032036935,0
0.00027755366,0
0.00052689144,0
0.002442066,0
0.00034185417,0
0.00016188344,0
0.0017477911,0
0.0002219278,0
0.000260119,0
0.00039590095,0
0.00038894883,0
0.00027008879,0
0.00058979273,0
7.935887e-05,0
0.00049050833,0
0.00015773432,0
0.00028778697,0
0.0005191547,0
0.00027645874,0
0.00043311447,0
0.00053058914,0
0.0012372157,0
0.00030744885,0
0.0004933892,0
0.000110078654,0
0.00031011872,0
0.0003832037,0
0.00032583388,0
0.0003027435,0
0.00020597523,0
0.00030458416,0
0.00032324326,0
0.00044497114,0
0.00047777136,0
0.00016805697,0
0.0002520904,0
0.00035065523,0
0.00066737755,0
0.00081289536,0
0.00014719233,0
0.0002923889,0
0.0006785412,0
0.00011034438,0
0.00011613947,0
8.999242e-05,0
0.0006239782,0
0.00021369662,0
0.0005145466,0
0.00038202677,0
0.0005118298,0
0.0004728654,0
0.00065469445,0
0.00024005477,0
0.00036163506,0
0.00016642724,0
0.017669026,0
0.0006514264,0
0.00016223166,0
0.0009106092,0
0.0037929711,0
0.00011398325,0
0.0010092455,0
0.00039931718,0
0.00063428434,0
0.0001243677,0
0.00013330307,0
0.0003041062,0
0.00023704758,0
0.00021476703,0
0.0013971691,0
0.00030487758,0
0.00024251378,0
0.0003955896,0
0.0003206936,0
0.0003924906,0
0.0008467005,0
0.0006315602,0
0.0007175147,0
0.00016998166,0
0.0005182526,0
0.00022259848,0
0.00010742878,0
0.0014070413,0
0.0002978886,0
0.00024408216,0
0.00044475292,0
0.00010797432,0
0.00017799703,0
0.0006889195,0
0.0003096143,0
0.00019580283,0
0.00039967083,0
0.00081384444,0
0.00038914912,0
0.00017552034,0
0.0004206518,0
0.0002914177,0
0.0002766479,0
0.00022004296,0
0.00015341087,0
0.00036972843,0
0.00015355897,0
0.00018564262,0
0.00062692084,0
0.00010448518,0
0.00023319403,0
0.0014366626,0
0.00020479484,0
0.00011067023,0
0.00018278479,0
0.00011614883,0
0.00027306346,0
0.0002705143,0
0.00021636538,0
0.00020226763,0
0.0012491912,0
0.0002643525,0
0.0009063969,0
0.0007951965,0
0.00022736055,0
0.0006707824,0
0.0006735112,0
0.0003080888,0
0.00021285139,0
0.00081368675,0
0.0019046942,0
0.00056718284,0
0.00048025078,0
0.00036585523,0
0.0003760456,0
0.00017933121,0
0.0001910137,0
0.00068565883,0
0.00066584366,0
0.0010570684,0
0.00011018878,0
0.00021993896,0
0.0001604969,0
0.00065018045,0
0.000495258,0
0.0007357564,0
0.00031179347,0
0.00062373286,0
0.00032378966,0
0.00015372134,0
0.00017153865,0
0.00061801384,0
0.0004927862,0
0.0005360999,0
0.00022454013,0
0.00029383405,0
0.00013475634,0
0.0005338077,0
0.00023469293,0
0.000588024,0
0.00013995598,0
0.00078934967,0
0.0004987802,0
0.00033020892,0
0.00013268983,0
0.00024096493,0
0.00036002905,0
0.00017517971,0
0.00015800244,0
0.0005062014,0
0.00015231536,0
0.00034911808,0
0.00024600717,0
0.00022946858,0
0.00022685446,0
0.0002059511,0
0.00060365355,0
5.2127936e-05,0
0.00027877296,0
0.0003105671,0
0.00035579965,0
0.00050846196,0
0.00024579183,0
0.0019474678,0
0.0010774067,0
0.002349767,0
0.00016101984,0
0.0006399798,0
0.00026397535,0
0.00046152086,0
0.00019219678,0
0.00016408003,0
0.0007455005,0
0.00018329496,0
0.00038366293,0
0.00010787532,0
0.00067142874,0
0.001642023,0
0.00030582337,0
0.00015042267,0
0.00022384831,0
0.00050838647,0
0.00014073486,0
0.0003459359,0
0.000321307,0
0.00077080395,0
0.00018211317,0
0.00023593193,0
0.00012482726,0
0.00022072229,0
0.0007196672,0
8.0690545e-05,0
0.0013808712,0
0.00023965971,0
0.00037217804,0
0.00012911459,0
0.0005915052,0
0.0008452594,0
0.001113219,0
0.0003710461,0
0.0004469268,0
0.00019148526,0
0.0012032744,0
0.00017740595,0
0.0005628377,0
0.000110440385,0
0.000584997,0
0.00063585764,0
7.810779e-05,0
0.00020501653,0
0.00042692112,0
0.0006729805,0
0.00021863727,0
0.00024481994,0
0.0003964278,0
0.00052541157,0
0.00024521234,0
0.00056222745,0
0.00018264141,0
0.00010363549,0
0.00036346764,0
0.0010376378,0
0.0006730767,0
0.00031470667,0
7.414707e-05,0
0.00023517548,0
0.00074991625,0
0.00022695835,0
0.0006052826,0
0.00044272374,0
8.341318e-05,0
0.00040089458,0
0.00017893678,0
0.00030820782,0
0.00014986683,0
0.0005841118,0
0.0009717105,0
0.0004712194,0
0.0014983583,0
0.00043648705,0
0.00019824774,0
0.00030226682,0
0.00021370396,0
0.00029602452,0
0.00051270233,0
0.0009730336,0
0.0002688374,0
9.89538e-05,0
0.00036632718,0
0.000101047466,0
0.00064923934,0
0.00046655405,0
0.00046898038,0
0.00012683675,0
0.00024281378,0
0.0001967665,0
0.00041095843,0
0.0005564855,0
7.206379e-05,0
0.00029042558,0
0.0011308499,0
0.00017232247,0
0.0016143505,0
0.00020488944,0
0.0007285083,0
0.00016321454,0
0.000985,0
0.0004770677,0
0.0003874931,0
0.0015144026,0
0.00094173057,0
0.00016940477,0
0.00010574841,0
0.00013768056,0
0.00017330046,0
0.0004404584,0
0.0002928608,0
0.00017629692,0
0.0003697943,0
0.0010685222,0
0.00039580403,0
0.00056066265,0
0.0006940141,0
0.00014478732,0
0.00045238924,0
0.0007795533,0
0.00040113568,0
0.00016028524,0
0.00018414008,0
0.0006922577,0
0.00015927509,0
0.00022979989,0
0.00019035656,0
0.00026383644,0
0.0005340577,0
0.00072706124,0
0.0018597906,0
0.00042360026,0
0.0002416443,0
0.00027607853,0
0.00010590368,0
0.0010126324,0
0.00014002253,0
0.0002676752,0
0.00067401445,0
0.0012589946,0
0.0012938259,0
0.00014070727,0
0.00047045478,0
0.0002165969,0
0.00013048566,0
0.00032068527,0
0.003667723,0
0.00027293875,0
0.00038897907,0
0.0004213253,0
0.00012261164,0
0.00040025936,0
0.00014386573,0
0.00019305934,0
0.0002669603,0
0.00019718421,0
0.000165044,0
0.0012821578,0
0.0005412574,0
0.0002646931,0
0.00049383123,0
0.00044299217,0
0.00043491623,0
0.0005788636,0
0.00028844716,0
0.0005558346,0
0.0004964419,0
0.0005372703,0
0.0021669157,0
0.041462306,0
0.00075984496,0
0.0001530017,0
0.0018592802,0
0.00013017842,0
0.00016547643,0
0.0003414865,0
0.00048353802,0
0.00043224715,0
0.00021191355,0
0.00028083174,0
0.00026332293,0
0.003051269,0
0.00023774192,0
0.000989332,0
0.00037524037,0
0.0003629192,0
0.00020181616,0
0.00026037177,0
0.000358726,0
0.000378184,0
0.00015514293,0
0.0002585576,0
0.0006214079,0
0.0007841634,0
0.00024617044,0
0.0005061112,0
0.00094829366,0
0.00056905823,0
0.00022901739,0
0.00036949728,0
0.00013768056,0
0.0002518319,0
0.00020357424,0
0.00023155178,0
0.00012894336,0
0.00012998334,0
0.000108710454,0
0.0009473637,0
0.00012315325,0
0.0008176552,0
8.9212255e-05,0
0.0020177695,0
7.234904e-05,0
0.00011073673,0
0.001708452,0
0.00035539223,0
0.00033092318,0
0.00021947784,0
0.00036061084,0
0.00013923024,0
0.00012275661,0
0.0001377121,0
0.00026887457,0
0.0011690919,0
0.00023734104,0
0.00044636516,0
0.0005053491,0
0.00032994655,0
0.00038728764,0
0.00040764903,0
0.00030105707,0
0.00026106244,0
0.00036528055,0
0.00041473127,0
0.00024631046,0
0.00021951908,0
0.0011758504,0
0.00015716009,0
0.00037055925,0
0.0005265592,0
0.00031103386,0
0.00077148865,0
0.00045540367,0
0.00012579228,0
0.0018242018,0
0.00017698591,0
0.00033039635,0
0.00037996532,0
0.00037619076,0
0.0003056662,0
0.0002825968,0
0.00010139669,0
0.0002167075,0
0.00035335036,0
0.00029748812,0
0.00035882098,0
0.0003612828,0
0.00029336408,0
0.0001185648,0
0.000404787,0
0.000531818,0
0.00020852075,0
0.0010765956,0
0.00030838535,0
0.00016097765,0
0.0002888582,0
0.00019456755,0
0.00025459944,0
0.00012980132,0
0.0006135066,0
0.00077151373,0
0.0005024656,0
0.00023356898,0
0.00057186227,0
0.00020337175,0
0.001585763,0
0.00045797147,0
0.00024504116,0
0.00038845086,0
0.00022997832,0
0.00085872057,0
0.00032820867,0
0.00025322518,0
0.00021520816,0
0.00044612025,0
0.00047254685,0
0.0003128639,0
0.00027595976,0
0.0005988474,0
0.0007951965,0
0.0012249899,0
0.0001787931,0
0.0002982211,0
0.00031476608,0
0.00090615073,0
0.00024989175,0
0.00044523174,0
0.0013170321,0
0.00030747574,0
0.00032380826,0
0.00021154583,0
0.0003009888,0
0.0001708853,0
0.00037659725,0
0.0002723099,0
0.0003991833,0
0.000325016,0
0.00056610047,0
0.00050153694,0
0.00024978872,0
0.00034371144,0
0.0002650297,0
0.00023627916,0
0.00035406623,0
0.0019115008,0
0.00014165112,0
0.00032054336,0
0.0007700598,0
0.00019597204,0
0.00021312173,0
0.0006927369,0
0.00055165886,0
0.00011951526,0
0.0010870884,0
0.00039793807,0
0.000529445,0
0.000956841,0
0.0005225686,0
0.00035010494,0
0.0006662636,0
0.00012689823,0
0.0004971242,0
0.0014590815,0
0.00010683732,0
0.00075574435,0
0.000380926,0
0.00013031976,0
0.00034292976,0
0.00051007175,0
0.0038699459,0
0.00037943653,0
0.0003577361,0
0.00023768416,0
0.0001864923,0
0.00010647479,0
0.0006023182,0
0.00045177597,0
0.0015282301,0
0.00023289106,0
0.000274221,0
0.0005126523,0
0.0001318824,0
7.5837226e-05,0
0.00093588594,0
0.00012262906,0
0.0009179293,0
0.00045418722,0
0.00014289375,0
0.00014000479,0
0.0014341072,0
0.00017533234,0
0.0001666966,0
0.00034949073,0
0.00033102182,0
0.0031286902,0
0.00025114382,0
0.00016053492,0
0.00016698246,0
0.001056203,0
0.0007534896,0
0.0006690863,0
0.00022249915,0
0.00022531305,0
0.00022064484,0
0.00027598988,0
0.00045564066,0
0.00055837433,0
0.0002669103,0
0.00038499877,0
0.0002879807,0
0.00071039976,0
0.0005329828,0
0.00091959315,0
0.0007434552,0
0.00026026467,0
0.0001527298,0
0.00016847797,0
0.00018363523,0
0.00021379942,0
0.00040907384,0
0.000251482,0
0.00055047305,0
6.148486e-05,0
0.00050470454,0
0.00029100128,0
0.00065431074,0
0.00022930342,0
0.00045085963,0
0.00028430254,0
0.001161969,0
0.0021870104,0
6.704047e-05,0
0.0005761366,0
0.0009809608,0
0.0001833934,0
0.00024800363,0
0.00039300352,0
0.00066000206,0
0.00020139507,0
0.00023075378,0
0.00029675773,0
0.00015287231,0
0.0015799013,0
0.00084973435,0
0.0019381233,0
0.0007946515,0
0.00017401982,0
0.0002665473,0
0.0015134438,0
0.00084906595,0
0.00012501002,0
0.0002984779,0
0.00025846652,0
0.00033368022,0
0.0003842034,0
0.0002893033,0
0.0013632746,0
0.00012261882,0
0.00023273185,0
0.00023211652,0
0.000101117446,0
0.0005112453,0
0.00047610104,0
0.0005156478,0
0.0039790557,0
0.00069537,0
0.00047351743,0
0.00038439152,0
0.00014540808,0
0.00038235224,0
0.0003322013,0
0.00023714639,0
0.00043058605,0
0.00016113612,0
0.00013569483,0
0.00011258835,0
0.0007631047,0
0.0003262268,0
0.0003543743,0
0.00035817106,0
0.00012371525,0
0.00019873447,0
0.00023916796,0
6.461119e-05,0
0.00027154534,0
0.0008048143,0
0.0006373787,0
0.00037066574,0
0.00030989017,0
0.0005720882,0
0.00028238518,0
0.00034869165,0
0.00029171194,0
0.00091782195,0
0.0005490409,0
0.00046908518,0
0.00057731057,0
0.00020249381,0
0.0006783599,0
0.0013378107,0
0.00045827578,0
0.0002460737,0
0.0021683283,0
0.00010089308,0
0.00029708006,0
8.8436325e-05,0
0.0008982977,0
0.00066344056,0
0.0001441249,0
0.0002448574,0
0.0010357279,0
0.000325661,0
0.0004002724,0
0.00022542867,0
0.00027700656,0
0.00063586456,0
0.00026655622,0
0.00031816735,0
0.00059811526,0
0.0007817302,0
0.0002573472,0
0.00025686866,0
0.00022117206,0
0.00029733352,0
0.00019728513,0
0.00014239617,0
0.00047561113,0
0.00010302308,0
0.00044495674,0
8.158444e-05,0
0.0013357232,0
0.0006684511,0
0.00032358005,0
0.00021835939,0
0.0005510839,0
0.00077316066,0
0.00018112033,0
0.00010787565,0
0.0010767657,0
0.0004891579,0
0.00047157455,0
0.00020553407,0
0.00048593062,0
0.00022115544,0
0.00017584336,0
0.0015112626,0
0.00013984629,0
0.0016742895,0
8.0268685e-05,0
0.0024062437,0
0.0003330467,0
0.00014237512,0
0.00042793498,0
0.0004320107,0
0.00015411747,0
0.00023081075,0
0.00022621156,0
0.0004627648,0
0.00032217393,0
0.00030914406,0
0.00025370417,0
0.0001561344,0
0.0007276871,0
0.00019568259,0
0.00018169617,0
0.00020014329,0
0.00047119078,0
0.00012212191,0
0.00058637536,0
0.00015313753,0
0.00037256672,0
0.0005879878,0
0.00019505127,0
0.00023564555,0
0.00016309148,0
0.0006526576,0
0.00031922795,0
0.00032712912,0
0.00026978302,0
0.0003535767,0
0.00072278094,0
0.0011940795,0
0.00040574407,0
0.00012843739,0
0.00031660582,0
0.00040701745,0
0.0001133864,0
0.00036926122,0
0.00018633819,0
0.00018656388,0
0.00077358016,0
0.00016865054,0
0.00062731485,0
0.00026892842,0
0.00021495474,0
9.495204e-05,0
0.000274819,0
0.00018372733,0
0.00019501716,0
0.0010876966,0
0.00090155663,0
0.0023696811,0
0.00061301596,0
0.00056971813,0
0.00013282507,0
0.00023931681,0
0.00046390624,0
0.00022877484,0
0.0019864773,0
0.0003259583,0
0.0013919689,0
0.0006398591,0
0.0051971585,0
0.00017507123,0
0.00026110138,0
0.00023227981,0
9.6758085e-05,0
9.110439e-05,0
0.0002745332,0
0.00012564418,0
0.00020853594,0
0.0009728606,0
0.00016077676,0
0.0001555261,0
0.00029307502,0
0.00023756785,0
0.00028341895,0
0.00011948643,0
0.0005117606,0
0.00015239527,0
0.00020482279,0
0.00019429153,0
0.00063202716,0
0.0008799459,0
0.0003697753,0
0.0002021046,0
0.0006980585,0
0.00060810044,0
0.0005646419,0
0.00029411164,0
0.00026691915,0
0.00013176253,0
0.00038187532,0
0.0002707155,0
0.00021697757,0
0.0017587839,0
0.0002426086,0
0.0001838685,0
0.00054172846,0
0.00037152026,0
0.000278785,0
0.0002702244,0
0.0004827105,0
0.00021154583,0
0.00045353704,0
0.00015258217,0
0.000391392,0
0.00057391304,0
0.00017075041,0
0.00036644546,0
0.000419364,0
0.00048064574,0
0.00061562366,0
0.00012582896,0
0.00040112276,0
0.0014202474,0
0.0024062707,0
0.00015205372,0
0.00046789416,0
9.9461286e-05,0
0.00023286126,0
0.00064887496,0
0.0012167421,0
0.00012412535,0
0.0001453088,0
0.00026525173,0
0.0006672975,0
0.00033602896,0
0.00015593876,0
0.00018033624,0
0.0012935712,0
0.0045332853,0
0.00036737468,0
0.0003557104,0
0.0003179977,0
0.0002073838,0
0.00016349729,0
0.00047351755,0
0.00028423703,0
0.00021409553,0
0.00019588253,0
9.556516e-05,0
0.00033249625,0
0.00012499085,0
0.00034755457,0
0.00032633523,0
0.00044721458,0
0.000118184515,0
0.0010105437,0
0.00039296155,0
0.00029510967,0
0.0003088622,0
0.00021557049,0
0.00024885492,0
0.0018991301,0
0.00035461094,0
0.00034005332,0
0.00035561292,0
0.000824746,0
0.00042898802,0
0.00021586235,0
0.00023480211,0
0.00030223807,0
0.00032265353,0
0.00036460845,0
0.00028787382,0
0.00017920433,0
0.00013885548,0
0.00023053616,0
0.00039930292,0
0.0011742456,0
0.000309743,0
0.00011930367,0
0.0007349482,0
0.0009318816,0
0.00076552527,0
0.00043652492,0
0.00019055454,0
0.0004943093,0
0.00039297176,0
0.0003928113,0
0.00035064598,0
0.00013938021,0
0.00011511762,0
0.0015971162,0
0.0002186247,0
0.0001738234,0
0.0003547061,0
0.00028664677,0
0.00031642526,0
0.00039792393,0
0.0012858482,0
0.0008575123,0
0.0003793916,0
0.00036105854,0
0.00014060222,0
0.00046549994,0
0.000102098435,0
7.448511e-05,0
0.00011369617,0
0.00015200154,0
0.0003468768,0
0.00019624224,0
0.00018381712,0
0.00020907783,0
0.0002116729,0
0.00023380049,0
0.00062924623,0
0.00065295765,0
0.0032595133,0
0.0006277308,0
0.00029336024,0
0.00022947123,0
0.00047094008,0
0.00035624768,0
0.00020991669,0
0.0007101227,0
0.00039185092,0
0.0009773608,0
0.00037941625,0
0.00054024934,0
0.00023853908,0
0.00012297546,0
0.0010704835,0
9.281687e-05,0
0.00067191006,0
0.0002497737,0
0.00091974565,0
0.0004880824,0
0.00077873794,0
0.00067598594,0
0.00014465745,0
0.00021250891,0
0.00024978237,0
0.00044210066,0
0.0003382914,0
0.00029255313,0
0.00018630418,0
0.00025291182,0
0.00016404442,0
0.0002390887,0
0.00084571406,0
0.00044759517,0
7.179002e-05,0
8.673368e-05,0
0.0003832136,0
0.00040840916,0
0.00010897708,0
0.0001960473,0
0.00072295807,0
0.0019046942,0
0.00082891894,0
0.0005258625,0
0.0002645146,0
0.00073047937,0
0.00040842488,0
0.00038470546,0
0.00015865675,0
0.00040026524,0
0.0002851088,0
0.00081253756,0
0.0003266785,0
0.0008579421,0
0.0001720049,0
0.00035046443,0
0.00027215466,0
0.00025259677,0
0.00051375997,0
0.0008163085,0
0.00065602653,0
0.00026813304,0
0.00036850572,0
0.00029187856,0
0.0003455137,0
0.00023738194,0
0.00010970606,0
0.0057359706,0
0.0007420811,0
0.00019479392,0
0.00034615136,0
0.00027622833,0
0.00021467655,0
0.0009258526,0
0.0005053922,0
0.00041660553,0
0.00020952482,0
0.00043723878,0
0.0003519162,0
0.005695995,0
0.0002086133,0
0.00064044795,0
0.0013148289,0
0.0005672793,0
0.001269362,0
0.00023177876,0
0.0003456512,0
0.00024165536,0
0.00016677329,0
0.0023107724,0
0.000244636,0
0.000365826,0
0.00055091747,0
0.0003171334,0
0.0003212606,0
0.00010660278,0
0.0007055493,0
0.00036642456,0
0.00016122435,0
0.00033064856,0
0.00020296146,0
0.0003403489,0
0.0002841931,0
0.00015200509,0
0.00017537732,0
0.00034775087,0
0.0006598903,0
0.0003014565,0
0.00018748589,0
0.0013530435,0
0.00034242118,0
0.00016311576,0
0.0008337093,0
0.00024170107,0
0.00017572952,0
0.0010655322,0
0.00025172095,0
0.0008261728,0
0.00024786207,0
0.00029451068,0
0.00027844383,0
0.00046283868,0
0.0007423924,0
0.00026057017,0
0.000112459595,0
0.00021190789,0
0.00041626292,0
0.0007868793,0
0.00033846567,0
0.00014414341,0
0.00031806531,0
0.00019573802,0
0.00023986307,0
0.0002465287,0
0.0013262518,0
0.000118604454,0
0.0004062843,0
0.001094669,0
6.140211e-05,0
0.00014393343,0
0.00042084034,0
0.00032552375,0
0.0007781782,0
0.0003555167,0
0.0003310271,0
0.0009646312,0
0.0002972814,0
0.0005193861,0
0.00046769192,0
0.0050139395,0
0.00028808622,0
0.0037234414,0
0.0002918892,0
0.00018033286,0
0.00030684916,0
0.00030190678,0
0.0011305109,0
0.00017797541,0
0.0004305247,0
0.00033304957,0
0.0004575175,0
0.0023696811,0
0.0005068334,0
0.000593806,0
0.00025645795,0
0.00014708412,0
0.00021463032,0
0.00024205777,0
0.000392719,0
0.00030632567,0
0.0006009524,0
0.0006841383,0
0.0002324248,0
0.0036741016,0
0.00057520677,0
0.0003081789,0
0.0011057453,0
0.0008215901,0
0.00091768155,0
0.00025779736,0
0.00039926046,0
8.500073e-05,0
7.422051e-05,0
0.00012514436,0
0.00042810466,0
0.00023361029,0
0.0012797402,0
0.00045858484,0
0.00043604322,0
0.0010278352,0
0.00018166666,0
0.00030065406,0
0.0005512938,0
0.00045891176,0
0.00067220995,0
0.0009150885,0
0.0003718807,0
0.00024326344,0
0.00029864328,0
0.0003655841,0
0.00021154583,0
0.0006059536,0
0.00014564497,0
0.00017233855,0
0.0004093762,0
0.00033550095,0
0.0023696811,0
0.0006728731,0
0.00020466541,0
0.00015506521,0
8.771741e-05,0
0.00043888556,0
0.00027704972,0
0.00024342095,0
0.00016549695,0
0.00032512224,0
0.00021683678,0
0.00024306719,0
0.0002059223,0
0.0002118436,0
0.00027500273,0
0.00022520087,0
0.0003238219,0
0.00021501878,0
0.00014334431,0
0.00014158926,0
0.00015175053,0
0.0008124093,0
0.00023998135,0
0.00018539264,0
0.0016003316,0
0.00016904424,0
0.00028242517,0
0.00035068125,0
0.00035415014,0
0.00015364664,0
0.0007069418,0
0.00045595775,0
0.0004192611,0
0.0002004884,0
0.00016498254,0
0.00019213579,0
0.00045096528,0
0.00021250274,0
0.00023899683,0
0.0011985902,0
0.00022090279,0
0.00043911213,0
0.0003379053,0
0.00021075297,0
0.00014573829,0
0.00012132028,0
0.00049395364,0
0.00093346986,0
0.00033122898,0
0.00030744655,0
0.00017545241,0
0.00063283066,0
0.00019052932,0
0.00012200076,0
0.00030153326,0
0.00018424809,0
0.00010081421,0
0.0003790293,0
0.00021964563,0
0.00025964086,0
0.02416235,0
0.00040289547,0
0.00057356816,0
0.0001202259,0
0.00030663493,0
0.0022612563,0
0.003297416,0
0.00022424576,0
0.001541985,0
0.00035829467,0
0.0016867971,0
0.00044548162,0
0.00013487956,0
0.001691394,0
0.00018739939,0
0.00034116348,0
0.00018923053,0
0.00044692756,0
0.00033567313,0
0.00025053654,0
0.0011755173,0
0.0003125101,0
0.00018746889,0
0.0002471967,0
0.0002174664,0
0.00089832663,0
0.00033081413,0
0.00032970827,0
0.00090143527,0
0.0005355059,0
0.00032528714,0
0.0005924793,0
0.0004669422,0
0.002624042,0
0.00015577603,0
0.00029826787,0
0.00020110313,0
0.0007248552,0
0.00032958906,0
0.00019636264,0
0.00070174865,0
0.0005091194,0
0.0012339838,0
0.00016593949,0
0.00044217636,0
0.0017434116,0
0.002614733,0
0.0002906471,0
0.00046923137,0
0.00017834568,0
7.8948666e-05,0
0.0003665745,0
0.0002643001,0
0.00013971666,0
0.00016309148,0
0.00045013236,0
0.0006451259,0
0.00018529255,0
0.0009452354,0
0.000348258,0
0.0021084137,0
0.00041415644,0
0.00017882469,0
0.0009744696,0
0.0004988003,0
0.00093846075,0
0.00035662166,0
0.00027744245,0
0.00057481055,0
0.0002987337,0
0.00023177198,0
0.00027337868,0
9.904724e-05,0
0.00048775488,0
0.0001901204,0
0.00034510024,0
0.00062785565,0
0.00014776473,0
0.00013193647,0
0.0002708565,0
0.0004207656,0
8.82544e-05,0
0.00027069327,0
0.00017964777,0
0.00032269218,0
0.0006400102,0
0.00075629377,0
0.002578914,0
0.000594522,0
0.00028131393,0
0.0007951965,0
0.00012685792,0
0.00084520614,0
0.00019423281,0
8.762245e-05,0
0.00023395207,0
0.00022426255,0
8.524584e-05,0
0.00011734775,0
7.550033e-05,0
0.0002640852,0
0.0012325816,0
0.0007351545,0
0.0007751419,0
0.00088391674,0
0.00023166274,0
0.0015067693,0
0.00015221167,0
8.124754e-05,0
0.00011867623,0
0.00031355978,0
0.00027824938,0
0.00037369865,0
0.00033641641,0
0.00067201763,0
0.0021161686,0
0.00018930974,0
0.00075779407,0
0.0011287311,0
0.00032705467,0
0.00017412558,0
0.0006567777,0
0.00038417138,0
0.0052256286,0
0.00026663538,0
0.00018320596,0
0.00021715682,0
0.00014674457,0
0.00033944592,0
0.00033607354,0
0.0001736063,0
0.0009176214,0
0.0001098234,0
0.000113579874,0
0.0028013792,0
0.0001650839,0
0.00020804045,0
0.00035237378,0
0.0003159401,0
0.0006075071,0
0.0016930993,0
0.0004458726,0
0.00059821224,0
0.00048939645,0
0.0006721803,0
0.00072402204,0
0.00035253656,0
0.00019856484,0
0.0008736667,0
0.0002123991,0
0.00010533572,0
0.00040925894,0
0.0001191752,0
0.002078662,0
0.00017822708,0
0.0007458579,0
9.370373e-05,0
0.0027365866,0
0.0007951965,0
0.00011367471,0
0.00040779106,0
0.00081105134,0
0.00036106503,0
8.2013794e-05,0
0.00027036192,0
0.00020662179,0
0.0002603749,0
0.0017450586,0
0.0003693736,0
0.00036895776,0
0.001235339,0
6.886768e-05,0
0.00013624094,0
0.00036110543,0
0.00042245036,0
0.0005384701,0
0.0001420025,0
0.00031962304,0
0.00019542777,0
0.0002097435,0
0.00028020455,0
0.0002648919,0
0.0013192479,0
0.00033963216,0
0.00032848222,0
0.0018754398,0
0.000191752,0
0.00045446047,0
0.00013106156,0
0.00026621923,0
0.0004512255,0
0.0005245215,0
0.00011405436,0
0.0008342491,0
0.00018773074,0
0.00022156374,0
0.00029521523,0
0.00053216825,0
0.00024984014,0
0.00047595752,0
9.113666e-05,0
0.00096193986,0
0.00034161404,0
0.00030193522,0
0.00019858633,0
0.0007493227,0
0.0013294673,0
0.00031082312,0
0.0001706113,0
0.0003917526,0
0.0002327247,0
0.0002594953,0
0.00033603673,0
0.0002526184,0
0.00048746765,0
0.00037783562,0
0.00074478186,0
0.001501202,0
0.0006643928,0
0.00048436495,0
0.00033655477,0
0.00019761822,0
0.0007033312,0
0.00022821047,0
0.00040732842,0
0.00038469315,0
0.0036305357,0
0.00031692375,0
0.00062725967,0
0.00051935995,0
0.00019030142,0
0.00046435365,0
0.00023654924,0
0.00051776384,0
0.002775659,0
0.00024255614,0
0.0003367178,0
0.0004973275,0
0.00087871175,0
0.000107460124,0
0.00021836131,0
0.00031874556,0
0.00055745494,0
0.00078184187,0
0.00017984178,0
0.00038340586,0
0.0002814484,0
0.00036504128,0
0.00013982313,0
0.00043910457,0
0.00037508982,0
0.0001669011,0
0.000398238,0
0.0001572051,0
0.0002788039,0
0.00010699593,0
0.0004586731,0
0.00034135737,0
0.00015217144,0
0.00053151144,0
0.00030843433,0
0.0002539748,0
0.0010943302,0
0.000177383,0
0.00012777546,0
0.00032702627,0
0.000253547,0
0.0014267293,0
0.00023782394,0
0.0002094362,0
0.00095126464,0
0.0003264976,0
0.00012784796,0
0.00031968133,0
0.0011933544,0
0.0003303052,0
0.0012120012,0
0.00012843739,0
0.00047539955,0
0.0010990566,0
0.00090251,0
0.0007386929,0
0.00025530782,0
0.0005941888,0
0.00018886245,0
0.00011298634,0
0.00013994264,0
0.00016094143,0
0.0012579773,0
0.00015134431,0
0.00036687922,0
0.0007651227,0
0.0011586838,0
0.00021611225,0
0.00035586886,0
0.0005224896,0
0.00044513444,0
0.0014808158,0
0.00017584336,0
0.00022465999,0
0.000374482,0
0.00039538887,0
0.00059997995,0
0.00086974236,0
0.0005005812,0
0.00026043045,0
0.0008778486,0
0.00014970185,0
0.0028348078,0
0.00054154627,0
0.0007722238,0
0.00020728313,0
0.00022140634,0
0.00042442567,0
0.0011037587,0
0.0016073539,0
0.0010219099,0
0.002577579,0
0.00046732006,0
0.00044530342,0
0.0007403335,0
0.0006391939,0
0.0005688354,0
0.00019800862,0
0.00011688611,0
0.00015116176,0
0.00015466394,0
0.00023410446,0
0.00033728217,0
0.0002076632,0
0.00041677497,0
0.0006189106,0
0.00041252258,0
0.0004873177,0
0.00019413655,0
0.0004664654,0
0.00023182823,0
0.00044925715,0
0.00023118833,0
0.00015823358,0
0.00048671666,0
0.00024413218,0
0.00038721165,0
0.0011692357,0
0.00020609787,0
0.000445213,0
0.00014141128,0
0.00038001244,0
0.0010483691,0
0.00024155148,0
0.00036921148,0
0.00065825885,0
0.0005884018,0
0.00040872756,0
0.00033103744,0
0.00021154583,0
0.00018841207,0
0.0001191597,0
0.0006488305,0
9.9379875e-05,0
0.00074245955,0
0.00027294265,0
0.0005368622,0
0.00083553186,0
0.000270191,0
0.00069760584,0
0.00017766793,0
0.00044724182,0
7.389723e-05,0
0.00017584336,0
0.00014835726,0
0.0011373131,0
0.00014862925,0
0.00059085025,0
0.00032802214,0
0.0004991908,0
0.00011986057,0
0.00058879185,0
0.0010441707,0
0.00030437822,0
0.00023047713,0
0.0001266026,0
0.0008746482,0
0.0008632857,0
0.00053604646,0
0.0003096092,0
0.00027390913,0
0.0004103109,0
0.00030786594,0
0.00060058804,0
0.00044040356,0
0.0006692063,0
0.00024180686,0
0.000578399,0
0.00025312253,0
0.0004012102,0
0.0001337047,0
0.00012812967,0
0.0001644933,0
0.00023646331,0
0.0031660055,0
0.0002548374,0
0.00048791102,0
0.0004406717,0
0.00057242875,0
0.0054619038,0
0.0004130707,0
0.00029080853,0
0.00025649948,0
0.00062293233,0
0.00036058083,0
0.00014572812,0
0.0015180206,0
0.0005991975,0
0.00013120036,0
0.0005620904,0
0.00017628093,0
0.00038929042,0
0.00015891515,0
0.00023992344,0
0.0006018845,0
0.0001139879,0
0.0004454903,0
0.0003302244,0
0.00021442132,0
0.00018203247,0
0.0010605922,0
0.00039751377,0
0.00074893644,0
0.00024306918,0
0.00027689728,0
0.00037125417,0
0.0011773899,0
0.0015437654,0
0.00023096353,0
0.00037849383,0
0.00061132567,0
0.00022228448,0
0.0016158632,0
0.0001377121,0
0.00071661867,0
0.000731957,0
0.0003174306,0
0.00035197265,0
0.0004908439,0
0.00062890304,0
0.00063523906,0
0.0002954828,0
0.0014478371,0
0.0009851413,0
0.00031958605,0
0.00016685991,0
0.0004595882,0
0.0006311955,0
0.0005116513,0
0.0004976483,0
0.0005673419,0
0.00020696736,0
8.941112e-05,0
0.00033721564,0
0.00015354826,0
0.00036551282,0
0.0003875589,0
0.001032858,0
0.00026957114,0
0.00035373843,0
0.0003098971,0
0.00018171089,0
0.0004541317,0
0.0012429154,0
0.00063955283,0
0.00044927458,0
0.00034825283,0
0.00075991324,0
0.00057403214,0
0.00016334621,0
0.0009637273,0
0.0008861564,0
0.0004241608,0
8.421842e-05,0
0.00058460585,0
0.00058594294,0
0.0031537076,0
0.0003714364,0
0.00028140872,0
0.0001513616,0
0.00014499563,0
7.3358264e-05,0
0.0004373364,0
0.0002137391,0
0.00021860859,0
0.0010916715,0
0.00015121713,0
0.00017753644,0
0.00025075898,0
0.00052675226,0
0.00017537065,0
0.00038697338,0
0.000317785,0
0.0005836063,0
0.00014962847,0
0.0022473934,0
0.0005824953,0
0.0003077456,0
0.0009837633,0
0.00011109331,0
0.00079158583,0
0.0005532686,0
0.00019145398,0
0.0007342803,0
0.00055334775,0
0.00019804585,0
0.0008782148,0
0.0005193031,0
0.0005352806,0
0.00052689656,0
0.0013663365,0
0.0011709626,0
0.0003151107,0
0.0002344528,0
0.0003783798,0
0.0012505619,0
0.00045516388,0
0.00045481426,0
0.0016295586,0
0.00023467935,0
0.0004176961,0
0.0003655603,0
0.00023870236,0
0.0008533248,0
8.504968e-05,0
0.00078508444,0
0.00020506956,0
0.00015167565,0
0.0045332853,0
0.00046601237,0
0.0001811393,0
0.00065077684,0
0.00039618983,0
0.000100250414,0
0.0015423739,0
0.000547203,0
0.00032448515,0
0.0008648615,0
0.001437744,0
0.00030082237,0
0.0005176599,0
0.00017552788,0
0.00012784796,0
0.00033024684,0
0.00020153169,0
0.0007107317,0
0.00056060863,0
0.00015765405,0
0.00017225114,0
0.0005294812,0
0.0008510244,0
0.00029726294,0
0.00072635943,0
0.0003799856,0
0.0020063645,0
0.0002860406,0
0.00011523613,0
0.00086305715,0
0.0005163843,0
0.0001308037,0
0.0003035747,0
0.0001377121,0
0.00025286965,0
0.0005308119,0
0.0028394354,0
0.00044572074,0
0.00029024886,0
0.00032524945,0
0.00030999372,0
0.00018044907,0
0.00035107156,0
0.0019385103,0
0.00060852285,0
0.0007241226,0
0.0018633631,0
0.00018927216,0
0.00033016937,0
0.00036675038,0
0.0008407423,0
0.0004461252,0
7.976036e-05,0
0.00071445794,0
0.00016077692,0
0.00036701778,0
0.00034088653,0
0.0003688588,0
0.0002709534,0
0.00018539373,0
0.0015845328,0
0.0006231655,0
0.00020255038,0
0.00023407848,0
0.00012129198,0
0.000191299,0
0.00026682293,0
0.00023050391,0
0.00017189294,0
8.1538645e-05,0
0.0007889851,0
0.00052550796,0
0.0007196097,0
0.0004751549,0
0.00065154507,0
0.0003378225,0
0.0003844403,0
8.633986e-05,0
0.0003023967,0
0.00025708246,0
7.4067015e-05,0
0.0007695455,0
0.0004957742,0
0.00022310615,0
7.129048e-05,0
0.00088806613,0
0.0006082268,0
0.00037790154,0
0.00016601432,0
0.0010801718,0
0.0004932499,0
0.00077775883,0
0.0006577257,0
0.00032565335,0
0.0032691213,0
0.0013865484,0
0.00029727345,0
0.0015935145,0
0.00027183082,0
0.0007995092,0
0.00023308517,0
0.00048857613,0
0.00012922281,0
0.001798069,0
0.0011860195,0
0.0005981112,0
0.00032324358,0
0.00029026478,0
0.00026525528,0
0.0009188978,0
0.00023600725,0
0.0002746807,0
0.00017485049,0
0.0014806485,0
0.00021632241,0
0.00012699737,0
0.00030765883,0
0.00021160557,0
0.00026101607,0
0.0005182075,0
0.00022126308,0
0.0005349605,0
0.00019681972,0
0.00020496524,0
0.00091879553,0
0.0002187239,0
0.0004238899,0
0.00044528916,0
0.0001071831,0
0.0003372069,0
0.000162923,0
0.00041720123,0
0.00030349704,0
0.00031051447,0
0.0004695986,0
0.00024403511,0
0.00036838042,0
0.00039842958,0
0.0012152708,0
0.00041619843,0
0.00023280265,0
0.00019044474,0
0.00039345954,0
0.00011808222,0
0.0008226856,0
0.00021494569,0
0.00015783963,0
9.516783e-05,0
0.00013549815,0
0.0013432112,0
0.00023199058,0
0.00092990336,0
0.0012134863,0
0.0006090133,0
0.00016223884,0
0.00016926976,0
0.0005284817,0
0.00015656302,0
0.0003259424,0
0.000622404,0
0.00055592996,0
0.00060181814,0
0.0015757701,0
0.00037918464,0
0.0001589964,0
0.0019984015,0
0.0015651706,0
0.00026409805,0
0.00031769584,0
0.00030400688,0
0.00048249966,0
0.0005122351,0
0.0005573761,0
0.0005498433,0
0.00030902665,0
0.00028165264,0
0.0002116623,0
0.00036187022,0
0.00025934365,0
0.0003595261,0
0.00056000345,0
0.00034959256,0
0.00037940237,0
0.00012510101,0
0.0003191241,0
0.0006123849,0
0.0006758206,0
0.00019189162,0
0.00030168548,0
0.00038401556,0
0.00049237185,0
0.0003730247,0
0.000741217,0
0.00055382826,0
0.00041226594,0
0.00054817495,0
0.0011515274,0
0.00029774584,0
0.016149806,0
0.00026681673,0
0.0036517533,0
0.00023041673,0
0.00015609061,0
0.000597932,0
0.00017482392,0
0.00054056454,0
0.00015831065,0
0.00018822725,0
0.00021364223,0
0.0049446705,0
0.0002093116,0
0.00030956106,0
0.0008768288,0
7.181556e-05,0
0.0004056517,0
0.000108723274,0
0.0010009852,0
0.0005884152,0
0.0001749553,0
0.0009045945,0
0.00032134823,0
0.0011487395,0
0.00024327355,0
0.0009424449,0
0.0001768678,0
0.00010080625,0
0.00019518213,0
0.0007809834,0
0.0004994258,0
0.00028348572,0
0.00042818248,0
0.00014101197,0
0.0009123015,0
0.0004777847,0
0.002406516,0
0.00020789204,0
0.0012793764,0
0.0007289243,0
0.00063661,0
0.0006453168,0
0.00059181434,0
0.0012303421,0
0.00023583855,0
0.00033479813,0
0.0004087264,0
0.0003680595,0
0.00029285424,0
0.00019392562,0
0.00024972777,0
0.0002639735,0
0.00026953104,0
0.000268054,0
0.00016255512,0
0.0005045133,0
0.0012271194,0
0.00034367468,0
0.0045071165,0
0.00015709725,0
0.00028787437,0
0.00020923105,0
0.000741976,0
0.00022156627,0
9.370744e-05,0
0.0006663301,0
0.00043907415,0
0.00027190754,0
0.00060259737,0
0.00087785465,0
0.0003999681,0
0.0002244879,0
9.136784e-05,0
0.00029000652,0
0.0010113281,0
0.00062362215,0
0.00058541127,0
0.00059415837,0
0.00068513065,0
0.00028176053,0
0.00059364876,0
0.0002625627,0
0.00024265294,0
0.00041423095,0
0.00032936578,0
0.00038981956,0
0.0005246181,0
0.00045610106,0
0.000584078,0
0.00031891064,0
0.00015608175,0
0.0002628193,0
0.0013162328,0
9.4143084e-05,0
0.00010347662,0
0.0005242631,0
0.000108146436,0
0.00014208708,0
0.00030096702,0
0.0021811714,0
0.00011843846,0
0.0001673595,0
0.00045478734,0
0.00022085808,0
0.0008873862,0
0.00045624422,0
0.00040514074,0
0.0013711771,0
0.00026144733,0
0.0006084502,0
0.0013975684,0
0.00028582424,0
0.00018774119,0
0.000382582,0
0.0008836366,0
0.00024300114,0
0.0004242138,0
0.0005192352,0
0.00032961718,0
0.0009563525,0
0.00026258844,0
0.00033730775,0
0.00027262658,0
0.001355742,0
0.00034767418,0
0.0007260893,0
0.000106735046,0
0.0007260467,0
0.0005438293,0
0.00014872642,0
0.00018073533,0
0.000483001,0
0.00025107642,0
0.0008188962,0
0.0022104844,0
0.0005293263,0
0.00030234456,0
0.00049503363,0
0.00018130802,0
0.0003729272,0
0.0004453106,0
0.00020040708,0
0.000111831425,0
0.0007746343,0
0.0001978878,0
0.0002562051,0
0.0002722737,0
0.00054289406,0
0.00025917168,0
0.00029628002,0
0.00020458335,0
0.00025121393,0
0.00020332907,0
5.8691177e-05,0
0.00048357272,0
0.00043554447,0
0.00031019645,0
0.00022527424,0
0.00081474613,0
0.0010651235,0
0.00084561796,0
0.00015738819,0
0.00089188723,0
0.00022216406,0
0.000245274,0
0.0008900801,0
0.00024418178,0
9.3376104e-05,0
0.0030369987,0
0.0003415451,0
0.00016540628,0
0.0014487742,0
0.0002921006,0
0.00017695849,0
0.02725895,0
0.0024895966,0
0.0003285519,0
0.00012966423,0
0.0005111802,0
0.00032473842,0
0.00011345221,0
0.0006207611,0
0.00078505324,0
0.00079158583,0
0.00015960254,0
0.00021377858,0
0.0012754264,0
0.0006548079,0
0.00015400884,0
0.0006625294,0
0.00023078182,0
0.0022067004,0
0.0001231427,0
0.00013862916,0
0.0023696811,0
0.00023153945,0
0.0010333795,0
0.00021669063,0
0.00010073274,0
0.00021099865,0
0.00041499027,0
0.000490351,0
0.00025673385,0
0.0001253081,0
0.0003768497,0
0.00010664173,0
0.0012985074,0
0.000353839,0
0.00019788682,0
0.00030500925,0
0.00021823787,0
0.00060960435,0
0.00041402114,0
8.970069e-05,0
0.0003683556,0
0.0005557988,0
0.00012350181,0
0.0003907599,0
0.00016492723,0
0.00016793633,0
0.0003003013,0
0.00028493852,0
0.00039619041,0
0.0016120081,0
0.0017088089,0
0.0078068348,0
0.00045568857,0
0.00022033892,0
0.0007864056,0
6.519853e-05,0
0.001694596,0
0.0010287471,0
0.00062642526,0
0.0027411617,0
0.00024112617,0
0.00027412307,0
0.00048827968,0
0.0002436502,0
0.0004032613,0
0.0005771847,0
0.00032098815,0
0.00070934894,0
0.00021345506,0
0.0005070086,0
0.00019433974,0
5.4220658e-05,0
0.00032207757,0
0.00029077416,0
0.0004990854,0
0.00029528898,0
0.0018119072,0
0.0026833462,0
0.00056445267,0
0.00033198827,0
0.0039741807,0
0.00015077837,0
0.00011613761,0
0.0002617689,0
0.000307029,0
0.00012877144,0
0.00023494143,0
0.00028833305,0
0.00030728505,0
0.0005212417,0
0.0004469944,0
0.00024463944,0
0.00048677737,0
0.00061504566,0
0.0005206068,0
0.00013290305,0
0.0009512938,0
0.00081821135,0
0.00042422867,0
0.00035253656,0
0.00018484727,0
0.00037978683,0
0.002593178,0
0.00031307744,0
0.0002165596,0
0.00023218172,0
0.00047747974,0
0.00026257004,0
0.0022780478,0
0.00020764813,0
0.00011064017,0
0.00043261505,0
0.000351661,0
0.0036745518,0
0.0001137588,0
0.00084227155,0
0.0002514377,0
0.00014519533,0
0.00018191483,0
0.0002485395,0
0.00015911095,0
0.0006751497,0
0.00012579228,0
0.00017192632,0
0.00013769256,0
0.00049003115,0
8.9911366e-05,0
0.0006464517,0
0.00056884316,0
0.00014318233,0
0.0002597273,0
0.0005324751,0
0.00013118054,0
0.0005766789,0
0.00018646913,0
9.0911366e-05,0
0.0003167975,0
0.00026641184,0
0.00020053645,0
0.00016833769,0
0.00018320596,0
0.00083822984,0
0.0002070367,0
0.00031162842,0
0.0011198765,0
0.00037293803,0
0.00017482392,0
0.00030322722,0
0.0022938657,0
9.3894865e-05,0
0.000525565,0
0.00014867254,0
0.00026496942,0
0.00028845674,0
0.00029757078,0
0.0004904696,0
0.00022202327,0
0.0002770363,0
0.00032796062,0
0.0002802953,0
6.300173e-05,0
0.00024899465,0
0.0005832791,0
0.00015653041,0
0.0009526957,0
0.0014896849,0
0.0003375619,0
0.00042724976,0
0.000604578,0
0.00032785343,0
0.00069547386,0
0.0006528519,0
0.00029198476,0
0.00013048566,0
0.00011713318,0
0.00044449995,0
0.00031293705,0
0.00036591815,0
0.0012077166,0
0.00036005778,0
0.0018836872,0
0.00012139123,0
0.0010158675,0
0.0003946278,0
0.00037524037,0
0.00031859384,0
0.00040102183,0
0.0004674962,0
0.00037216634,0
0.00013474844,0
0.0032601818,0
0.0030655893,0
0.0002474227,0
0.00023528562,0
0.00033698478,0
0.001101237,0
0.0013406102,0
0.001758341,0
0.0008506141,0
0.0005594248,0
0.00017841675,0
0.00042371303,0
0.002002989,0
0.00013893566,0
0.00073334464,0
0.00062929984,0
0.00045785314,0
0.00032952582,0
0.00055604614,0
0.000119519456,0
0.00034130397,0
0.00028310835,0
9.859253e-05,0
0.00018225447,0
0.0009091958,0
0.00013621776,0
0.0005002816,0
0.0001667356,0
0.0006114287,0
0.0005912122,0
0.00023392517,0
0.00035276354,0
0.00018706001,0
0.0001377121,0
0.0007964571,0
0.0002712288,0
0.0008673435,0
0.00023496106,0
0.00010519132,0
0.00023296634,0
0.0002301996,0
0.00048395267,0
0.0008435972,0
0.00075238605,0
0.0001708123,0
0.0012206114,0
0.00019189609,0
0.00025573876,0
0.00039384002,0
0.0005325821,0
0.0003294718,0
0.00026822995,0
0.00026243486,0
0.0002458381,0
0.000121578996,0
0.0005034676,0
0.00027332947,0
0.00017425072,0
0.0010426029,0
0.00052234856,0
0.00042108653,0
0.00020530535,0
0.00057267095,0
0.0021808273,0
0.00035294512,0
0.00046812606,0
0.00036156303,0
0.0009918862,0
0.00048436996,0
0.00031750638,0
0.00020939045,0
0.0005261599,0
0.00030547156,0
0.00035732353,0
0.00014880678,0
0.0002039508,0
8.009994e-05,0
0.0003206574,0
0.0004191598,0
0.0011979024,0
0.0013644943,0
0.00039472105,0
0.00011954034,0
0.00026767128,0
0.0011345828,0
0.000176132,0
0.0009906491,0
0.00022637859,0
0.0015878454,0
0.00011710844,0
0.00018140035,0
0.00015269387,0
0.00019418754,0
0.0011681207,0
0.00077856914,0
0.00047137996,0
0.00095839123,0
0.00058370415,0
0.0016451069,0
0.0016014738,0
0.0019874843,0
0.0007017713,0
0.0028546215,0
8.6140906e-05,0
0.00028269304,0
0.00049349864,0
0.00039023874,0
0.0005348226,0
0.00014555658,0
0.0004795163,0
0.0013503083,0
0.00032403544,0
0.00044562417,0
0.0003231358,0
0.00025249468,0
0.0006759788,0
0.0009825117,0
0.00046459193,0
0.0002898449,0
0.00011098161,0
0.00013768056,0
0.00014245276,0
0.0006281089,0
0.00013828826,0
0.0005683866,0
0.00033739847,0
0.00052817364,0
0.00018901165,0
0.0002957322,0
0.00036298734,0
0.0004343039,0
0.00035737868,0
0.00042785337,0
0.0001575927,0
0.0022020058,0
0.00022874668,0
0.00022558418,0
0.0011955622,0
0.0037572458,0
0.00025272914,0
0.00021798005,0
0.000111141875,0
0.0002145345,0
0.0003414855,0
0.00034682258,0
0.0013865457,0
0.0008792616,0
0.00045025322,0
0.0003700134,0
0.00029586788,0
9.067493e-05,0
0.0006638599,0
0.0006410562,0
0.0010460686,0
0.00014042346,0
0.00076564116,0
0.0010795471,0
0.00045651826,0
7.846317e-05,0
0.0010369279,0
0.00046860735,0
0.0004954142,0
0.00032043585,0
8.447426e-05,0
0.00017130145,0
0.00060659915,0
0.00024504305,0
0.00033030225,0
0.000116776064,0
0.00013595122,0
0.00047553255,0
0.00029788673,0
0.00030515058,0
0.00017861412,0
0.00043915142,0
0.0009963379,0
0.0003165388,0
0.00032072808,0
0.00044515578,0
0.00023644968,0
0.0004917765,0
0.00081245846,0
0.00033020996,0
0.0006563127,0
0.00016701395,0
0.000107346044,0
0.00020009122,0
0.0004103018,0
0.0002698291,0
0.001061561,0
0.00029067713,0
0.0002965712,0
9.4133065e-05,0
0.00059952796,0
0.0010802943,0
0.00015167019,0
0.0001559579,0
0.00017694448,0
0.00060999446,0
0.00034712412,0
0.000821044,0
0.00033680364,0
0.0017147714,0
0.00022304342,0
0.00020497956,0
0.0005881297,0
0.00240626,0
0.00022629884,0
0.0006315956,0
0.00012041292,0
0.0007640339,0
0.00048580102,0
9.328581e-05,0
0.00038188626,0
0.00041292462,0
0.00027926028,0
0.00026060862,0
0.0011399199,0
5.5979115e-05,0
0.00017184083,0
0.000494694,0
0.0002096164,0
0.00023754648,0
0.00019173502,0
0.00020088081,0
0.0003757532,0
8.617787e-05,0
0.0010943115,0
0.0005436126,0
0.00011709791,0
0.00028808764,0
0.00046392792,0
0.0003869443,0
9.2579765e-05,0
9.290018e-05,0
0.0042287046,0
0.00061330403,0
0.00027718808,0
0.00017356423,0
0.0005488466,0
0.00039210633,0
0.002214672,0
0.00057811954,0
0.00011435633,0
0.00043486437,0
0.0013488898,0
0.00021047621,0
0.00020920609,0
0.00028666895,0
0.00027653266,0
0.00023012348,0
0.00018534108,0
0.0001366882,0
0.0009902,0
0.00051395455,0
0.00016709042,0
0.00064315554,0
0.00047024744,0
0.0003442377,0
0.00026015998,0
0.00020929535,0
0.0001462764,0
0.00061177317,0
0.00043254744,0
0.0004927643,0
0.00018101325,0
0.0008487638,0
0.00015110674,0
0.00015979058,0
0.0002549913,0
0.00027911068,0
0.0007908013,0
0.00073395635,0
0.00020875066,0
0.00050332217,0
0.0009970394,0
0.00037267533,0
0.0004564784,0
0.00054231414,0
0.00079297076,0
0.0009789213,0
0.00050327287,0
0.0020945307,0
0.0012533976,0
0.0003774252,0
0.0008505242,0
0.00091287086,0
0.00020310344,0
0.0009159685,0
0.0002255367,0
0.00012911459,0
0.00019883458,0
0.00018730067,0
0.0008573655,0
0.00010932532,0
0.00037733058,0
0.0019918734,0
0.002442066,0
0.00028851203,0
0.00027686916,0
0.00013656163,0
0.00066586223,0
0.00023370184,0
0.00047469654,0
0.00025405386,0
0.0006045727,0
0.00016246072,0
0.0005879157,0
0.00022333705,0
0.0001377121,0
0.0018036569,0
0.026120659,0
0.00073064776,0
0.00030766035,0
0.00047670945,0
0.0005817024,0
7.594137e-05,0
0.00030730123,0
0.00026730532,0
0.00066394825,0
0.0015393373,0
0.00022860101,0
0.00030342303,0
0.00021739167,0
0.0004950489,0
0.0004665293,0
0.0014315931,0
0.0002695132,0
0.0002282143,0
0.0011081139,0
0.00023989525,0
0.0006205584,0
0.00021160318,0
0.00018220626,0
0.0012541129,0
0.0003047284,0
0.0006883825,0
0.0005259712,0
0.00038806163,0
0.00083501026,0
0.00030467153,0
0.0010377651,0
0.00029806956,0
0.00015535465,0
0.00085635006,0
0.0007820977,0
0.00030177,0
0.0006909697,0
0.00053924497,0
0.00011341229,0
0.0004969207,0
0.00016719749,0
0.00057325856,0
0.0017787163,0
0.00041572284,0
0.00043910378,0
0.00085104734,0
0.00031986323,0
0.0004601212,0
0.00017683729,0
0.00022500007,0
0.00049253623,0
0.00014470899,0
0.00020987463,0
0.00028744614,0
0.00052695256,0
0.00031919163,0
0.00020534823,0
0.0005592999,0
0.00012253245,0
0.00023060123,0
0.0053986916,0
0.00010654617,0
0.00041739023,0
0.00012644337,0
0.00016554806,0
0.00010019158,0
0.0005477222,0
0.0003845105,0
0.00019739046,0
0.00029871493,0
0.00052541867,0
0.011651984,0
0.00016917735,0
0.00013613596,0
0.00024879305,0
0.0004009513,0
0.00036734215,0
0.00061404513,0
0.00090936775,0
0.00027146406,0
0.00044068063,0
0.00017370225,0
0.00058397773,0
0.00012129832,0
0.0011731971,0
0.0017919265,0
0.00035908946,0
0.00027294952,0
0.0006880787,0
0.00062772294,0
0.0004640524,0
0.00020783208,0
0.00061604945,0
0.00012580625,0
0.00021957133,0
0.0006557553,0
0.00016400499,0
0.00027298965,0
0.00010442635,0
0.0010113103,0
0.00062741194,0
0.0003071245,0
0.0005602578,0
0.0007966957,0
0.00025618842,0
0.00015276884,0
0.00022061962,0
0.00038021957,0
0.0007022647,0
0.00048889243,0
0.00017000412,0
0.00038724093,0
0.00046546716,0
0.0003367836,0
0.00023553225,0
0.00030462624,0
0.0005684637,0
0.00079815905,0
0.0022987996,0
0.00036644377,0
0.00018475528,0
0.0008689569,0
0.00067726354,0
0.0011195757,0
0.016741218,0
0.00030447473,0
0.0002277212,0
0.0003628905,0
0.00032231814,0
0.0007775565,0
0.00012441743,0
0.00014070727,0
0.0007787171,0
0.000357682,0
0.00048355936,0
0.000116874166,0
0.00025637881,0
0.0019341857,0
0.00026732212,0
0.0006401975,0
0.0012446764,0
0.00026815874,0
0.00023591991,0
0.00039787366,0
0.00034689897,0
0.00016186471,0
0.0004971016,0
0.00031282665,0
0.00071528816,0
0.0012829172,0
0.00070280785,0
5.6565455e-05,0
0.0007303184,0
0.00082198094,0
0.003260419,0
0.00018271992,0
0.00030255114,0
0.00010457364,0
0.00060969737,0
0.0006372414,0
0.00066445227,0
0.00018081661,0
0.00058847567,0
9.606311e-05,0
0.0005916979,0
0.00039771423,0
0.00020347626,0
0.011052731,0
0.00018578787,0
0.0002444106,0
0.0001055686,0
0.00018015064,0
0.0013485836,0
7.0658294e-05,0
0.00038316206,0
0.00029705,0
8.513313e-05,0
0.00069957034,0
0.00020624517,0
0.0002558475,0
0.00012139123,0
0.00020088414,0
0.00015572987,0
0.0031655866,0
0.00020860652,0
0.00034676123,0
0.00033450028,0
0.000102216974,0
0.0004147821,0
0.0015703771,0
0.00043109618,0
8.4203384e-05,0
0.0025172017,0
0.00040228214,0
0.00014896663,0
0.00032968985,0
6.393756e-05,0
0.0011131943,0
0.00041766156,0
0.0002856673,0
0.00026630273,0
9.9938756e-05,0
0.0003044892,0
0.00064862485,0
0.0004991331,0
0.00040164567,0
0.00026851345,0
0.0008540424,0
0.00045762458,0
8.0750906e-05,0
0.00071338884,0
0.00016797493,0
0.00038166952,0
0.00026436328,0
0.00015392885,0
0.0001378355,0
0.00036609801,0
0.00020510025,0
0.00028147717,0
0.00010080931,0
0.00040112392,0
0.0004431036,0
0.0005594904,0
0.00021520133,0
0.00023467367,0
0.0001684003,0
0.00022314087,0
0.00026060207,0
0.0010353198,0
0.00026317406,0
0.000944592,0
0.00014854905,0
0.00036366528,0
0.0005385878,0
0.00031161186,0
0.0001596218,0
0.00022631351,0
0.0010881939,0
0.00030331814,0
0.00014385971,0
0.00015849747,0
0.00044572764,0
0.00094388693,0
0.00031617258,0
0.0007017281,0
0.0004992956,0
0.0005606779,0
0.0007287882,0
0.00035706614,0
0.00032239754,0
0.0005674259,0
0.00011353288,0
0.0013682221,0
8.874391e-05,0
0.00036975212,0
0.00039332054,0
0.0010544512,0
0.00017078833,0
0.0005741841,0
7.3379226e-05,0
0.00014217877,0
0.00065956055,0
0.0018947362,0
8.317345e-05,0
0.0005302253,0
8.73457e-05,0
0.0004358164,0
0.00038124618,0
0.0006800256,0
0.0005417842,0
0.00049513817,0
0.000111987945,0
0.00016056215,0
0.00050217105,0
0.0002550112,0
0.00018591351,0
0.00019536758,0
0.0005951782,0
0.0020611493,0
0.0009607892,0
0.00031315218,0
0.0005697834,0
0.0009146216,0
0.000499789,0
0.00037694882,0
0.00030983388,0
0.0017114091,0
0.00021873007,0
0.00049660326,0
0.00018386802,0
0.0017649136,0
0.0005152364,0
0.0047490834,0
0.00025426407,0
0.0004275955,0
0.0002651911,0
8.387132e-05,0
0.00049620843,0
5.9729777e-05,0
0.00022293093,0
0.00015847132,0
0.00024197655,0
0.0003595261,0
7.936328e-05,0
9.067782e-05,0
0.00022843292,0
0.00020692416,0
0.0005943105,0
0.00010340423,0
0.0009809062,0
0.00012767916,0
0.0007691165,0
0.00016123419,0
0.0006821704,0
0.000254898,0
0.00015588474,0
0.0010493656,0
0.00028241577,0
0.0001776508,0
0.00039610974,0
0.00047481307,0
0.00031472647,0
0.00061328546,0
0.00019189955,0
0.0027122938,0
0.00037491668,0
0.0017600869,0
0.00097023696,0
0.0002792329,0
0.0002325226,0
0.0010740407,0
0.00069019105,0
0.00022041032,0
0.0005758886,0
0.0004896456,0
0.000127821,0
0.00094616384,0
0.0002716708,0
0.0018627914,0
0.00024745663,0
0.0006142667,0
0.00013933002,0
0.0002765362,0
0.00019425215,0
0.0001367373,0
0.0002520177,0
0.00023677174,0
0.0015105926,0
0.00055749965,0
0.0010057843,0
0.0020740354,0
0.00014970185,0
0.00016574931,0
0.0004902438,0
0.00021305554,0
0.0011977592,0
0.0005519279,0
0.0016389388,0
0.0008530924,0
0.00018380056,0
0.000105794476,0
0.00070974615,0
0.0017968346,0
0.00054817606,0
0.000724741,0
0.00068775215,0
0.00041550468,0
0.00011136508,0
0.0004974644,0
0.00032663217,0
0.00023703356,0
0.0018151276,0
0.0020478766,0
0.00021674266,0
0.0005097494,0
0.00037535356,0
0.00043840482,0
0.00023133625,0
0.00059121504,0
0.0005299817,0
0.00040021204,0
0.00017678601,0
0.0006143152,0
0.0022718832,0
0.00020232656,0
0.00020633597,0
9.459362e-05,0
0.00026993733,0
0.00046263303,0
0.0002201323,0
0.0003053513,0
0.00030183152,0
0.00019951958,0
0.0016049936,0
0.00189981,0
0.0009852109,0
0.00025487735,0
0.00031471255,0
0.0005248083,0
0.00021000167,0
0.00020529528,0
0.00033304747,0
0.00033696383,0
0.00052963087,0
0.0013140218,0
0.00022400489,0
0.00060836825,0
0.00016009023,0
0.0005412299,0
8.398802e-05,0
0.0002195751,0
7.751871e-05,0
0.0007692916,0
0.00019959273,0
0.0006021291,0
0.0019950739,0
0.0006642741,0
0.0009151435,0
0.00072097965,0
0.00041342998,0
0.00015913443,0
0.0002167358,0
0.00038560163,0
0.00043550308,0
0.00024338166,0
0.00046526728,0
0.00015813526,0
0.0006259566,0
0.0023696811,0
0.00020347374,0
0.0002105321,0
0.0001320208,0
0.00040893903,0
6.197391e-05,0
0.0006003772,0
8.7439075e-05,0
0.0010027147,0
0.00069401826,0
0.0002163216,0
0.00079544884,0
0.00017462783,0
0.0006631523,0
0.0010430145,0
0.00035405366,0
0.0005718346,0
0.00015943432,0
0.0002072998,0
0.0002427487,0
0.00029846482,0
0.0004978062,0
0.000437162,0
0.00016854433,0
0.0017065846,0
0.0003211045,0
0.0001377121,0
0.0012950363,0
0.00043891426,0
0.003356224,0
0.00037219375,0
0.00012060473,0
0.0003636848,0
0.00016793633,0
0.00023325087,0
0.00029728186,0
0.000186448,0
0.0006156177,0
0.00017231594,0
0.0005262511,0
0.00029767663,0
0.000225048,0
0.00052401726,0
0.00010876447,0
0.00019087891,0
0.00017778626,0
0.0011902975,0
0.041628208,0
0.0003694455,0
0.0007868793,0
0.00034322272,0
0.0002503351,0
0.00023623329,0
0.0011310319,0
0.0004481318,0
0.0005165375,0
0.0006498413,0
0.00019971764,0
0.0003632125,0
0.002442066,0
0.0003584692,0
0.0002478848,0
0.0003269928,0
0.0018547681,0
0.00017983245,0
0.00018084065,0
0.00018247755,0
0.0028013792,0
0.00016200473,0
0.00018528444,0
0.00012504357,0
0.0020092605,0
0.0007825029,0
0.0007389205,0
0.0010845372,0
0.00025419617,0
0.0004560262,0
0.00029875233,0
0.000152831,0
7.915292e-05,0
0.0009081083,0
0.0016462139,0
0.0007222576,0
0.0002537692,0
0.00036946163,0
0.0012877397,0
0.00015400884,0
0.00044730603,0
0.00035115005,0
0.00011611596,0
0.00041041174,0
0.0001212457,0
0.00040668732,0
0.00021796415,0
0.00062362227,0
0.00016548544,0
0.00011843003,0
0.00042512416,0
0.0010908173,0
0.00014719233,0
0.0003891384,0
0.00014554987,0
0.00038953926,0
0.00013994426,0
9.907359e-05,0
0.000154485,0
0.0005277785,0
0.00017411943,0
0.00040256575,0
0.001412247,0
0.00012098884,0
0.0004940505,0
0.00065030565,0
0.0006515949,0
0.00021250511,0
0.0007116296,0
0.0010487587,0
0.0004133979,0
0.00035440954,0
9.372734e-05,0
0.00012851742,0
9.224124e-05,0
0.00028913145,0
0.00037847512,0
0.00027553018,0
0.0004638342,0
0.0032029464,0
0.00023767179,0
0.0019789797,0
0.00038922738,0
0.00015652255,0
0.00013419062,0
0.00043921915,0
0.0003341687,0
0.0005737745,0
0.00031058796,0
0.00082669104,0
0.001694928,0
0.0004493193,0
0.00025454417,0
9.38679e-05,0
0.00023455865,0
0.00023021521,0
8.797568e-05,0
0.00017902433,0
0.00037535047,0
0.00011091359,0
0.00049425405,0
0.00012619987,0
0.0002462556,0
0.0019284643,0
0.0001023525,0
0.0006791322,0
0.00012792085,0
0.000105282736,0
0.00042670226,0
0.00050457363,0
0.00022322283,0
0.00017493448,0
0.0002646456,0
0.00029062337,0
0.0004450262,0
7.4777985e-05,0
0.00022252514,0
0.00013060404,0
0.00076775777,0
0.00028511637,0
0.0046100793,0
0.00060499867,0
0.0002804968,0
0.00026528141,0
0.00036478633,0
0.000188584,0
0.0005244065,0
0.00055142934,0
0.0004974148,0
0.00055981363,0
0.00035461385,0
0.00027698692,0
0.00021408808,0
0.000306837,0
0.00032408274,0
0.00022590779,0
0.0011341332,0
0.00017954707,0
0.00017981525,0
0.00024748466,0
0.00025662893,0
0.0009197508,0
0.0001410288,0
0.0002623463,0
0.0005906352,0
0.00037987984,0
0.00015962937,0
0.00035011393,0
0.00031665902,0
0.0055096885,0
0.00046318385,0
0.0009985559,0
0.0022035164,0
0.00032599436,0
0.0012507733,0
0.00117249,0
0.00047411455,0
0.0018456845,0
0.0005065878,0
0.00018746889,0
0.0022707575,0
0.00052168296,0
0.00040670115,0
0.0001407198,0
0.0003470433,0
0.00025852965,0
0.000470401,0
0.00068285706,0
0.00017144307,0
0.00061784347,0
0.00035842982,0
0.000188769,0
0.0002965255,0
0.0008037304,0
0.00016032011,0
0.00011707753,0
0.0006442156,0
0.00021565918,0
0.0007659584,0
0.000118601696,0
0.0006520235,0
0.00307796,0
0.00035857558,0
0.00012565238,0
0.00030985769,0
0.0009384405,0
0.0004249849,0
0.00034770143,0
0.00012139123,0
0.0008281443,0
0.00021616748,0
0.00016790145,0
0.00043358663,0
0.00015606245,0
0.0003091806,0
0.00039041654,0
0.0006460725,0
0.00026035184,0
0.0038741261,0
0.00012283317,0
0.00012833654,0
0.0002880633,0
0.00019144094,0
0.00013706567,0
0.00020724881,0
0.00052899943,0
0.00034212743,0
0.0002696983,0
0.00011901021,0
0.0003216227,0
0.0010010792,0
0.00016040816,0
0.00080023805,0
0.00034012334,0
6.251135e-05,0
0.00033840846,0
0.00048584872,0
0.0007909564,0
0.00011576168,0
0.000125739,0
0.0005049324,0
0.00025680612,0
0.00041162482,0
0.00030157212,0
0.00070358167,0
0.0004777697,0
0.00055533746,0
0.00022944988,0
0.0008074324,0
0.00038356427,0
0.00020031155,0
0.0004174916,0
0.0002446667,0
0.0005276935,0
0.0004031057,0
0.0008364202,0
0.0007063493,0
0.00023320089,0
0.00012916517,0
0.00030882514,0
0.00058095634,0
9.2563416e-05,0
0.00029350596,0
0.0037102262,0
0.00017378361,0
0.00016653792,0
9.297125e-05,0
0.00022697085,0
0.0001399285,0
0.000110795896,0
0.00025657573,0
0.00044971332,0
0.00011394438,0
0.00015014107,0
0.00074244797,0
0.0008973592,0
0.00017774553,0
0.00030303738,0
0.0011535808,0
0.00081708364,0
0.00026843,0
0.00013359806,0
0.00036284217,0
0.00023549177,0
0.0001532061,0
0.0006231185,0
0.0003242695,0
0.00012520805,0
0.00024207076,0
0.00019217195,0
0.00070038094,0
0.00044792992,0
0.00073646556,0
0.00024102918,0
0.0008508127,0
0.00024539948,0
0.0003449397,0
0.00049572863,0
0.0005092418,0
0.0012025672,0
0.0003799775,0
0.00022969734,0
0.0012316272,0
0.00029583112,0
0.00035029053,0
0.00041003368,0
0.00042957035,0
0.002057736,0
0.00040929567,0
0.003452898,0
0.0003028887,0
0.0005369046,0
0.00092371774,0
0.0004727027,0
0.0009859209,0
0.0002416245,0
0.00038296793,0
9.284112e-05,0
0.0007085694,0
0.00024779147,0
0.00031842856,0
0.00035567186,0
0.0007474778,0
0.00030848966,0
0.00021928056,0
0.0003969198,0
0.0003783469,0
0.0011287254,0
0.00022268675,0
0.0002342647,0
0.00030512476,0
0.00018738963,0
0.0011192086,0
0.00052241713,0
0.0001605004,0
0.0004031003,0
0.00018239184,0
0.0016499081,0
0.001514733,0
0.00063843664,0
0.0002840014,0
0.00030067883,0
0.0003214118,0
0.00012784796,0
0.0009621399,0
0.0011769289,0
8.672905e-05,0
0.00039617473,0
0.00032401356,0
0.00015065091,0
0.00070453336,0
0.0032726033,0
0.00079902075,0
0.00061711133,0
0.00050932047,0
0.00046381686,0
5.7171743e-05,0
0.0006056304,0
0.0002449358,0
0.00024243764,0
0.00044399354,0
0.00038218952,0
0.0005078375,0
0.0007777449,0
0.0008015235,0
0.00033452528,0
0.0001669011,0
0.00034690305,0
0.00044804555,0
0.00047304292,0
0.00036772012,0
0.00010577978,0
0.00026737337,0
0.00059564656,0
0.00018993072,0
0.00028243553,0
0.0007433441,0
0.0004826635,0
0.0023878913,0
0.00052045286,0
0.0007655272,0
0.00016698246,0
0.0015839675,0
0.00037945007,0
0.0012394757,0
0.00016141424,0
0.00016086883,0
0.00015429455,0
0.00051617716,0
0.00053967605,0
0.0010929696,0
0.00022917624,0
0.0001527905,0
0.0010506436,0
0.00018985628,0
0.0011444079,0
0.00014714299,0
0.0001564995,0
0.00014488163,0
0.00056705094,0
0.0011673729,0
0.000526483,0
0.00032035145,0
0.0002419842,0
0.00025361573,0
0.000486298,0
0.0004930314,0
0.00076394615,0
0.00093015976,0
8.728459e-05,0
0.00021974245,0
0.0004610805,0
0.00024604617,0
0.0011729719,0
0.00041254444,0
0.00057381194,0
0.00045823224,0
0.0005635421,0
0.00046786494,0
0.00032604733,0
0.001011849,0
0.00024243878,0
0.0001878087,0
0.0001768678,0
0.0005674161,0
0.0002715639,0
0.0006035984,0
0.000108365864,0
0.00035270164,0
0.03224966,0
0.00015357274,0
0.00040534945,0
0.00040944642,0
0.00038014847,0
0.00017164137,0
0.00033506195,0
0.00044043962,0
0.00020502663,0
0.0002614689,0
0.00016453945,0
0.00012197227,0
0.00042417838,0
0.0002541566,0
0.00021590598,0
0.00023027828,0
0.00049924507,0
0.0010081904,0
0.00043902991,0
0.00021427372,0
0.0002437398,0
0.0008164601,0
0.00019286019,0
0.00032794356,0
0.0002452318,0
0.00070122955,0
0.00020388147,0
0.0004884553,0
0.00011923845,0
0.0002195177,0
0.00030352236,0
0.0005551584,0
0.0002464693,0
0.0003167975,0
0.00028968664,0
0.0005475109,0
0.0019168144,0
7.58859e-05,0
0.00024811743,0
0.001086106,0
0.00057167606,0
0.00019262478,0
0.00012418398,0
0.00054858124,0
0.00022666008,0
0.0009353601,0
0.0003097598,0
0.0009458553,0
0.00023402534,0
0.0025145663,0
0.0014327709,0
0.000104112194,0
0.00039493575,0
0.0002436669,0
0.00056738977,0
0.00067759206,0
0.00015786196,0
0.00027749938,0
0.00037584064,0
0.00034303148,0
0.00012757689,0
0.0011429095,0
0.0002367108,0
0.0001582657,0
0.00022387036,0
0.00025472356,0
0.00025325033,0
0.00030776812,0
0.0004118307,0
0.00028172092,0
0.00050529354,0
0.0017872655,0
0.00015942357,0
0.0001605451,0
0.00020093734,0
0.00055209664,0
0.00015248003,0
0.0006762089,0
0.00018331893,0
0.00036671874,0
0.00016269469,0
0.00018882363,0
0.0004459765,0
0.00084515486,0
0.00030929624,0
0.00036303018,0
0.00021743168,0
0.00019268788,0
0.0013175149,0
0.00034323797,0
0.00052930834,0
0.0001919509,0
0.00021695036,0
0.046101514,0
0.00074460683,0
0.0008324733,0
0.0005366325,0
0.00038619532,0
0.00042677156,0
0.00075818173,0
0.00023324079,0
0.0001379777,0
0.00024820695,0
0.00030173792,0
0.00029854983,0
0.00020049044,0
0.00023307018,0
0.00026222685,0
0.00024967382,0
0.0003110447,0
0.00032048346,0
0.00031604306,0
0.00013847818,0
0.0009904533,0
0.0001231829,0
0.00086084375,0
0.00058995833,0
0.000354567,0
0.0002755527,0
0.00029095233,0
0.00012910829,0
0.00012979853,0
0.00034503484,0
0.00022587215,0
0.00057466916,0
0.00027046443,0
0.00039727212,0
0.00039886707,0
0.0005062886,0
0.0012583892,0
0.00015014107,0
8.8750785e-05,0
0.00037035724,0
0.00041409058,0
0.0004029951,0
0.00058141677,0
0.0002104886,0
0.000116382216,0
0.0010573149,0
0.0008699438,0
0.00052656676,0
0.00014994373,0
0.00014542825,0
0.0001611801,0
0.00015686099,0
0.0023696811,0
0.00041639415,0
0.00021960959,0
0.00020510667,0
0.00029966008,0
0.00041936012,0
0.00046988737,0
0.0031807574,0
0.00022069643,0
0.00037451994,0
0.000401704,0
0.00011847627,0
0.00029538517,0
0.00066252536,0
0.0005354098,0
0.0007780165,0
0.00051152334,0
0.00021269548,0
0.0003375489,0
0.0002869361,0
0.0002290609,0
0.00011755722,0
9.182628e-05,0
0.001532435,0
0.0003008095,0
0.00020171129,0
0.00033626636,0
0.000524753,0
0.00062123424,0
0.00034651638,0
0.00021755832,0
0.0007512119,0
0.00027602713,0
0.00068373233,0
0.00015226773,0
0.00039034255,0
0.00011257057,0
0.00017584336,0
0.00030373264,0
0.0001898337,0
0.0005163159,0
0.00025875497,0
0.0004409552,0
0.0008689364,0
0.00047882224,0
0.00021860859,0
0.00018350751,0
0.00015097964,0
0.0003871144,0
0.0004697536,0
0.00012261882,0
0.000299632,0
0.0005921499,0
0.0017827974,0
0.00066015375,0
0.00014014267,0
0.000101553174,0
0.00014797597,0
0.0007781038,0
0.00040978624,0
0.000256606,0
0.00046783435,0
0.00088821456,0
0.00036788912,0
0.00023286088,0
0.0006808828,0
0.00012536556,0
0.005461245,0
0.00015142445,0
0.0013971162,0
0.0012279772,0
0.0008212522,0
0.00031082614,0
0.00018466084,0
0.00023028978,0
0.00050479994,0
0.00029766108,0
0.00022023228,0
0.000252818,0
0.00018854105,0
0.00053540623,0
0.0001696529,0
0.00016466924,0
0.0005080501,0
0.00035795022,0
0.0006583919,0
0.0024948174,0
0.00068407453,0
0.0002370764,0
0.00029156337,0
0.0003888368,0
0.0011628452,0
0.00045301073,0
0.00047805518,0
0.001075136,0
0.00022796639,0
0.00010421506,0
0.001214898,0
0.00022007604,0
0.00024403264,0
0.00055796327,0
0.00020283842,0
0.0011102615,0
0.0002107749,0
0.00045365572,0
0.00014633844,0
0.0005365172,0
0.00021204713,0
0.00036941073,0
0.00021205084,0
0.0002732168,0
0.00020411015,0
0.00026411357,0
0.00014456052,0
0.0002476466,0
0.001439858,0
0.0014666392,0
0.0007538303,0
0.0011155283,0
0.00013519441,0
0.00161712,0
0.0005416946,0
0.00035332047,0
0.00033341398,0
0.00034956026,0
0.0002862219,0
0.0006478722,0
0.00015112355,0
0.00018375387,0
0.0023696811,0
0.000409726,0
0.00013474844,0
0.0023696811,0
0.0012681717,0
0.00024553138,0
0.0001863005,0
0.00024135486,0
0.0008305408,0
0.00021533945,0
0.000111136906,0
0.0002524838,0
0.00037516243,0
0.00010584155,0
0.0007951965,0
0.00014720598,0
0.0006401811,0
0.0022257639,0
0.002403082,0
0.00015231536,0
0.00015226773,0
0.0007868793,0
0.00020305143,0
0.0013777969,0
0.000212829,0
0.00026465376,0
0.00014077312,0
0.00027975245,0
0.0004912576,0
0.00042807692,0
0.00014719233,0
0.00027580344,0
0.00032778675,0
0.00021559565,0
0.00049856177,0
0.0002036829,0
0.00019675327,0
0.002442066,0
0.00027707242,0
0.0006906795,0
0.00036725847,0
0.00025878192,0
0.00061479415,0
0.00093327754,0
0.00012514436,0
0.00025228504,0
0.00029078012,0
0.00027333805,0
0.00049779913,0
0.0006815269,0
0.00018073169,0
0.00027212212,0
0.0002639,0
0.0025187007,0
0.00066485873,0
0.00031673614,0
0.000208322,0
0.0009824075,0
0.00016967209,0
0.00022417103,0
0.00068478263,0
0.00022821057,0
0.0031996446,0
0.0009783464,0
0.0005904734,0
0.00024869872,0
0.0001595281,0
0.0005957366,0
0.0003831676,0
0.00021861776,0
0.00040616354,0
0.0007650602,0
0.00021661616,0
0.00041998015,0
0.00026048897,0
0.0006598484,0
0.00015801756,0
0.00045070078,0
0.0002670984,0
0.0008418462,0
0.0005546964,0
0.0005842937,0
0.00083637214,0
0.00017825286,0
0.0011126858,0
0.0003477733,0
0.000729427,0
0.00032227085,0
0.00059170736,0
0.00027632082,0
0.0011953069,0
0.00049681973,0
0.00017868029,0
0.00082740025,0
0.00036378176,0
0.00031998788,0
0.0004175958,0
0.0005531772,0
0.006665524,0
0.00026618008,0
0.00048183286,0
0.0005772753,0
0.00165021,0
0.00049023255,0
0.0002624941,0
0.0005566704,0
8.503414e-05,0
0.00019881284,0
0.00014862925,0
0.0002599677,0
0.00040307347,0
0.00075032463,0
0.00057667115,0
0.00033361552,0
0.0002160803,0
0.000248023,0
0.000490196,0
0.0002096732,0
0.00035502118,0
0.0002942127,0
0.0002844191,0
0.0002977087,0
0.001486212,0
0.00020561449,0
0.00025185524,0
0.00021908134,0
0.00031301484,0
0.0006811279,0
0.0002255367,0
0.00025415857,0
0.00020363195,0
0.000177383,0
0.00082607946,0
0.0002884322,0
0.0003010453,0
0.0005328299,0
0.00046837193,0
0.0009848406,0
6.784932e-05,0
0.000641762,0
0.000529595,0
6.182294e-05,0
0.0008022234,0
0.00079158583,0
0.0002633029,0
0.00011214,0
0.00013474844,0
0.00060631346,0
0.0015774461,0
0.00018171007,0
0.0011173608,0
0.0058421576,0
0.00043399143,0
0.0007400438,0
0.00055945525,0
0.00045397042,0
0.0011005093,0
0.00037631637,0
0.00028582689,0
0.0003322997,0
0.0005195115,0
0.00016010622,0
0.000269228,0
0.00015687503,0
0.00022552085,0
0.0006587471,0
0.00036893357,0
0.0002698549,0
0.00021156041,0
0.0013497751,0
0.00021094398,0
0.00069911906,0
0.00021684982,0
0.000242028,0
0.0003524184,0
0.0005737828,0
0.000456793,0
0.0013898843,0
0.00020381047,0
0.0004812836,0
0.0007075635,0
0.00015442149,0
0.0006792177,0
0.00017928919,0
0.00038984584,0
0.00016574931,0
8.330391e-05,0
0.00012843739,0
0.00050566124,0
0.0016799868,0
0.00025629043,0
0.00041916323,0
0.000392988,0
0.0008374447,0
0.0009489156,0
0.0016918842,0
0.00040199904,0
0.0006712285,0
0.00029186165,0
0.00072192284,0
0.00029628898,0
0.0009412194,0
7.293548e-05,0
0.0005297434,0
0.00061457476,0
0.00042323486,0
0.0004255256,0
0.00097485166,0
0.00017717053,0
0.000854916,0
0.00015486054,0
0.0005110501,0
0.0004208985,0
0.00023287462,0
0.00043955015,0
0.00020989621,0
0.0009098129,0
0.00022668247,0
0.00051889784,0
0.00033589563,0
0.00037205266,0
0.00016107304,0
0.0018367533,0
8.5772954e-05,0
0.001309675,0
0.00020788409,0
5.9433216e-05,0
0.0003699258,0
0.0013503605,0
0.0001669011,0
0.00030204665,0
0.0009774973,0
0.0007041981,0
0.00011510009,0
0.0001255332,0
9.30862e-05,0
0.00021380138,0
0.00035400462,0
0.0006230517,0
0.0005228377,0
0.0006650899,0
0.00040911252,0
0.00020817934,0
0.00038111545,0
0.00014234011,0
0.00023080641,0
0.00015878458,0
0.00025719195,0
0.00037797718,0
0.00045059956,0
0.00012764032,0
0.00031797457,0
0.00040416874,0
0.0002843537,0
0.00010745929,0
0.00052916154,0
0.00018204233,0
0.0007666963,0
0.0030450607,0
0.00015735516,0
0.00044438412,0
0.00024389295,0
0.00045367045,0
0.0006762871,0
0.0009288326,0
0.0002378172,0
0.0001753702,0
0.0011642246,0
0.000356709,0
0.00027467983,0
0.00016201,0
0.00018556396,0
0.00020599262,0
0.00092722866,0
0.00020863452,0
0.00017935004,0
0.00031431188,0
0.00019853245,0
0.00032223391,0
0.0003950471,0
0.00027348107,0
0.0005018607,0
0.00026419322,0
0.00022273864,0
0.00097434566,0
0.000783274,0
0.0005881858,0
0.0009276053,0
0.00025880465,0
0.00045216238,0
0.00017824404,0
0.00117018,0
0.0007382113,0
0.00032317333,0
0.0004329616,0
0.00022417487,0
0.0001807805,0
0.00017232598,0
0.00020357221,0
0.00020305559,0
0.00028996286,0
0.00048149013,0
0.00028435842,0
0.0001768678,0
0.00020429783,0
0.00013104484,0
0.00013521532,0
0.0007080238,0
0.00027061006,0
0.0003042902,0
0.00016687474,0
0.00074579637,0
0.001314121,0
0.000289365,0
0.00019452191,0
0.00018704304,0
0.00016784543,0
5.512499e-05,0
0.00028587494,0
0.00027932585,0
0.00016223668,0
0.00011866854,0
0.00014885937,0
0.00018638874,0
0.00029401283,0
0.000660596,0
0.00031892798,0
0.0002210272,0
0.000325164,0
0.00017482392,0
0.00010952086,0
0.00019505947,0
0.00079571444,0
0.0020666907,0
0.00014651997,0
0.0011609921,0
0.00025775857,0
0.00017409211,0
0.0002809537,0
0.0009588871,0
0.00018732165,0
0.0008872754,0
0.0004475521,0
0.00032283162,0
0.00015732758,0
0.00018919814,0
0.001243455,0
0.00019858633,0
0.00025710004,0
0.0020676441,0
0.0002832711,0
0.00028900438,0
0.00012386925,0
0.0002145345,0
0.0010817425,0
0.00058892916,0
0.0002632371,0
0.00044690634,0
0.0020460729,0
0.00055772526,0
0.00065614947,0
0.00055879983,0
0.00059081666,0
0.00022625914,0
0.00021747818,0
0.0005158618,0
0.00024139145,0
0.0003606708,0
0.0003270701,0
0.00016231493,0
0.0010037876,0
0.0002629822,0
0.0017294947,0
0.00030176347,0
0.0005659913,0
0.0002484446,0
0.000752644,0
0.0007902529,0
0.00020429783,0
0.00029176418,0
0.00042721038,0
0.0001289708,0
0.00043042854,0
0.0003431714,0
9.4254756e-05,0
0.0005920476,0
0.0011093488,0
0.00035690342,0
0.0001919998,0
0.00018732045,0
0.00011967971,0
0.00034415215,0
0.0004130558,0
0.00012526684,0
0.0006942794,0
0.000366887,0
0.0013709652,0
0.0005829939,0
0.00078838563,0
0.00016122535,0
0.00030177436,0
0.0015355096,0
0.00038045816,0
0.00015494242,0
0.00044488558,0
0.00012106938,0
0.0002290425,0
0.0011381875,0
0.0007855408,0
0.0004287326,0
0.00044081765,0
0.0010020155,0
0.0014862329,0
0.0009269176,0
0.0010587462,0
0.00017183187,0
0.00059578224,0
0.0002773605,0
0.00037066432,0
0.000237837,0
0.0002637821,0
6.168071e-05,0
0.00038779934,0
0.00015816504,0
0.00032422715,0
0.0009238495,0
0.00017302172,0
0.0005040651,0
0.00014381939,0
9.2020666e-05,0
0.00024182581,0
0.00025448386,0
0.0001894908,0
0.00012226743,0
0.0010992497,0
0.000499498,0
0.0003559378,0
0.00022742033,0
0.00048128958,0
0.00030427196,0
0.00080923655,0
0.00011380164,0
0.00032043157,0
0.00040658584,0
0.0004177804,0
0.00096941245,0
0.00047383143,0
0.00039136742,0
0.0006721803,0
0.0007231139,0
0.00011123455,0
0.00019238936,0
0.00049908174,0
0.00036281123,0
0.0005653425,0
0.00032812275,0
0.0005064925,0
0.0003836025,0
0.00012989888,0
0.0010769694,0
0.0003132828,0
0.0003665361,0
0.00026687284,0
0.000397471,0
0.0005423131,0
0.00029794945,0
0.00028129158,0
0.00041228477,0
0.00017923654,0
0.0002541595,0
0.0003067583,0
0.00025114117,0
0.000752757,0
0.00048134994,0
0.00010519841,0
0.00074245525,0
0.0001768678,0
0.00037882122,0
0.00025150177,0
0.00029525976,0
0.00027955318,0
0.0010373297,0
0.00049274677,0
0.00028038656,0
0.00034823886,0
0.0006431004,0
0.0005935084,0
0.0018627914,0
0.0005684286,0
0.0001377121,0
0.0009201163,0
0.0006192941,0
0.0014237012,0
0.0010136808,0
0.00014149086,0
0.0023696811,0
0.0004580913,0
0.0012599747,0
0.0002780224,0
0.0006560068,0
0.0004477529,0
0.000888959,0
0.00042349444,0
0.00038706872,0
0.00019409228,0
0.00043689212,0
0.0007086521,0
0.00071638625,0
0.00046312186,0
0.00031430373,0
0.00035811987,0
0.00016125962,0
8.0314734e-05,0
0.00013431758,0
0.0005899153,0
0.0011908391,0
0.00080869516,0
0.0002548395,0
0.0023696811,0
0.0004552409,0
0.00033192214,0
0.0010542461,0
0.00021082391,0
0.0010129164,0
0.00031147205,0
0.00043597864,0
0.0012746161,0
0.00012010131,0
0.0018506114,0
0.00013107143,0
0.00025897712,0
0.00019320371,0
0.0001248424,0
0.0002116729,0
0.0009216969,0
0.00033445674,0
0.0012940089,0
0.0005966362,0
0.00032702714,0
0.00020345459,0
0.00030251616,0
0.0001259261,0
0.00045290936,0
0.00017183887,0
0.00037296888,0
0.00032547172,0
0.00020910207,0
0.00042698605,0
0.0004954527,0
0.00023157612,0
0.00037694717,0
0.0017530004,0
0.00017733217,0
0.0006114287,0
0.0008713767,0
0.00017984178,0
0.00025175823,0
0.0018164815,0
0.00030989558,0
0.00056498504,0
0.00021682835,0
0.0022253843,0
0.0016466473,0
0.00028397157,0
0.0014531931,0
0.0005831776,0
0.00035908213,0
0.00021857381,0
0.0010632349,0
0.00017146296,0
0.00013769865,0
0.0006148846,0
0.00014352333,0
0.0005449466,0
0.00052456517,0
0.0003587145,0
0.00057459244,0
0.00029696876,0
0.0010073349,0
0.0002498838,0
0.00047319737,0
0.00013604268,0
0.0006837594,0
0.00057036814,0
0.00026272703,0
0.0005559735,0
0.0003665099,0
0.0006236984,0
8.479543e-05,0
0.00068778003,0
0.00022522883,0
0.00018016566,0
0.00048324437,0
0.00039648917,0
0.00038941007,0
0.00025679462,0
0.00025293799,0
0.0001955233,0
0.00018936847,0
0.000128856,0
0.00024211849,0
0.0002608502,0
0.0034177445,0
0.00030509502,0
0.000115615985,0
0.0005174883,0
8.9007095e-05,0
7.668426e-05,0
0.000309054,0
0.00029993206,0
0.00027295286,0
0.00028418624,0
0.0008030547,0
0.00018145583,0
0.00039156093,0
0.0002838474,0
0.00016814767,0
0.0002573362,0
0.00038265262,0
0.0005068189,0
0.0002775782,0
0.00015760041,0
0.00013474844,0
0.0014191824,0
0.00042375445,0
0.00028828232,0
0.00031524393,0
0.00010134871,0
0.0015400376,0
0.0006779038,0
0.0004353922,0
0.0003507419,0
0.000112267335,0
0.00025788767,0
0.0003198836,0
0.00089681364,0
0.0011414401,0
0.003180127,0
0.00026231655,0
0.00036695195,0
0.0007241226,0
0.0012271886,0
0.00028686182,0
0.0002003798,0
0.00025308333,0
0.0002787979,0
0.00014408398,0
0.0006184156,0
0.0006844888,0
0.00012319267,0
0.00019043013,0
0.00012001787,0
0.00022898096,0
0.0001475954,0
0.00049229374,0
0.0007681078,0
0.00033031058,0
0.00089314446,0
0.0011987955,0
0.00030791888,0
0.0002164371,0
0.00059828087,0
0.00030805735,0
0.00031316731,0
0.00014530134,0
0.00025627253,0
0.0002047904,0
0.000718985,0
0.00013612337,0
8.091991e-05,0
5.7668793e-05,0
0.0011109542,0
0.00031147004,0
0.00068771996,0
0.00015247591,0
0.00025101926,0
0.00042863045,0
0.0007010624,0
0.00012785775,0
0.00027227993,0
0.00012672487,0
0.00016510682,0
0.0001361822,0
0.0011303421,0
0.00025214537,0
0.00021929975,0
0.00012261882,0
0.0005754874,0
0.00016303662,0
0.0004178663,0
0.00035177424,0
0.0005951852,0
0.0001652312,0
0.00032244425,0
0.00030967788,0
0.00017629692,0
0.0005192484,0
0.00033381625,0
0.00010622995,0
0.0003421188,0
0.0004223179,0
0.00022519729,0
0.00044761412,0
0.0011143353,0
0.00091088406,0
0.0005821688,0
0.0013165509,0
0.00019034304,0
0.00033361441,0
0.00024724597,0
0.0003874165,0
0.00010615714,0
0.00042616506,0
0.000554478,0
0.00018759586,0
0.0016344441,0
0.0012682555,0
0.00030418497,0
0.00047351862,0
0.00027897718,0
0.0006628232,0
0.00022323822,0
0.00046829507,0
0.00012398165,0
8.940311e-05,0
0.0004161784,0
0.00015694775,0
0.00032638444,0
0.0016210969,0
0.00031514553,0
0.0038126905,0
0.0004408729,0
0.002496909,0
0.00043543652,0
0.0007860785,0
0.0002798348,0
0.0004569056,0
0.00027457115,0
0.0010899669,0
0.000390615,0
0.0006610061,0
0.0010076443,0
0.00028294258,0
0.00043493413,0
0.0011787378,0
0.0006679232,0
0.00017180435,0
0.0002574671,0
0.00044244766,0
0.00020689826,0
0.00037424525,0
0.0019270513,0
0.0006616727,0
0.00019819046,0
0.00022606186,0
0.00028563922,0
0.0004256204,0
0.00034000343,0
0.0004714901,0
0.00024010097,0
0.00018323472,0
0.0023696811,0
0.00014847709,0
0.00082130433,0
0.0006328916,0
0.00017183271,0
0.00016798814,0
0.00014995408,0
0.00022860874,0
0.00057082187,0
0.0002320307,0
0.00043289355,0
0.00029667735,0
0.00026479244,0
7.043358e-05,0
0.00014345933,0
0.00026653777,0
0.00094548037,0
0.00013710286,0
0.00022984634,0
0.0013578329,0
0.00031140377,0
0.00013330307,0
0.0002594953,0
0.00019491935,0
0.0004066253,0
0.00023517846,0
0.0003839386,0
0.0005298882,0
0.0018148132,0
0.00031052472,0
0.00029355253,0
0.0006118943,0
0.00014519774,0
6.865857e-05,0
0.0006154393,0
0.0002743359,0
0.0006029349,0
0.0009767878,0
0.0005590525,0
0.00013751307,0
0.0006809398,0
0.0001425836,0
0.0020754484,0
0.0005909685,0
0.00048729542,0
0.00032334978,0
0.00014755741,0
0.00024213272,0
0.00031125054,0
0.00037807447,0
0.0006568731,0
0.0010300229,0
0.0003344969,0
0.00014873856,0
0.00021696422,0
0.00052383036,0
0.0009582401,0
0.00017145248,0
0.00061317225,0
0.00071453647,0
0.00017515631,0
0.0001503928,0
9.915655e-05,0
0.00036405362,0
0.0012600562,0
0.008465649,0
0.0001991842,0
0.0012918515,0
0.00055968884,0
0.00045344725,0
0.000211155,0
0.00018860001,0
0.00016067833,0
0.00068534614,0
0.00023977047,0
0.000144507,0
0.00047182202,0
9.961956e-05,0
0.00010467953,0
0.0004939061,0
0.00047637304,0
0.0005282597,0
0.00049756723,0
0.00014711407,0
0.0015642527,0
0.0009142754,0
0.0002563803,0
0.00038512627,0
0.000719464,0
0.0002129437,0
0.00019846753,0
0.00063185784,0
0.00060268823,0
0.00019254639,0
0.00048427028,0
0.00026439026,0
0.00041609435,0
0.0001701499,0
0.00036752952,0
0.0005473906,0
0.00012743301,0
0.0005091142,0
0.0005095939,0
0.00043332193,0
0.0005945364,0
0.00032885178,0
0.0008696048,0
0.0016392668,0
0.0008682223,0
0.00079158583,0
0.00030763,0
0.00015269387,0
0.00017275,0
0.00045663305,0
0.0003905378,0
0.0009885381,0
0.00024738623,0
0.00051671895,0
0.00017307505,0
0.00041611033,0
0.00020488046,0
0.002442066,0
0.00017776497,0
0.00029326748,0
0.00030709864,0
0.0007854855,0
0.0001254137,0
0.00094008824,0
0.00025090371,0
4.9667135e-05,0
0.000815465,0
0.000170564,0
0.00022750285,0
0.00129863,0
0.0003506766,0
0.00011955813,0
0.0007617981,0
0.00012978853,0
0.0018980568,0
0.00041011628,0
0.0008550583,0
0.0018035197,0
0.000129854,0
0.0014743283,0
0.00028028892,0
0.00072936475,0
7.234465e-05,0
0.00022491296,0
0.0010074183,0
0.00032302452,0
0.0004856262,0
0.0004527244,0
0.0006401898,0
0.005884955,0
0.0008961706,0
0.00032032657,0
0.00025657678,0
0.00018319165,0
0.00024887142,0
0.0007660555,0
0.0001673981,0
0.00011105692,0
0.00044261676,0
0.00034429863,0
0.00045698162,0
0.000923484,0
0.0001223769,0
0.0008721772,0
0.00015267718,0
0.00063360657,0
0.00019158465,0
0.00025370286,0
0.00046030516,0
0.00036167796,0
0.00013146394,0
0.00092376943,0
0.00045425838,0
0.00035721093,0
0.007997233,0
0.00060499867,0
0.00033513288,0
0.00011761967,0
0.00025882697,0
9.625935e-05,0
0.000492125,0
0.00058266416,0
0.00011664693,0
0.00090382365,0
0.00014180521,0
0.0005718427,0
0.00031937627,0
0.00011441329,0
0.00012559924,0
0.00012271674,0
0.0002303919,0
0.00037792293,0
0.00026152862,0
0.002291288,0
9.680897e-05,0
0.00013921296,0
0.00011356244,0
0.00024488443,0
0.00068689516,0
0.0011777877,0
5.209309e-05,0
0.00025427458,0
0.0013086864,0
0.0007807113,0
0.00026924434,0
9.7008604e-05,0
0.0018095865,0
0.00021698998,0
0.00028528747,0
0.00011599068,0
0.00060952676,0
0.00038564115,0
0.00025960544,0
0.0005648334,0
0.00067790446,0
0.00051779853,0
0.001186107,0
0.0007367024,0
0.00029569192,0
0.00034824287,0
0.0002431977,0
0.00089915853,0
0.00046837825,0
0.0029104971,0
0.00035021556,0
0.00049289875,0
0.0003689858,0
0.0012722294,0
0.00016872658,0
0.00019127644,0
0.00017119983,0
0.00020022989,0
0.003260419,0
0.00012858461,0
0.0004596378,0
0.00046442027,0
0.00028368906,0
0.0005196341,0
0.0007803066,0
0.0005606298,0
0.00023722443,0
0.00046131897,0
0.0002728375,0
0.0008272995,0
0.00022647642,0
0.0005814979,0
0.0008704428,0
0.00011018956,0
0.0007022596,0
0.00023001048,0
0.00018829598,0
0.0011859267,0
0.00015221484,0
0.00019486013,0
0.00028620256,0
0.0003611913,0
0.00027382467,0
0.00013843382,0
0.000653368,0
0.00022272088,0
0.0016548453,0
0.00012540209,0
0.00025352841,0
0.00039448112,0
0.00052756903,0
0.0002492329,0
5.1029067e-05,0
0.00026637482,0
0.000170564,0
0.00053133094,0
0.000110461464,0
0.00027014624,0
8.845916e-05,0
0.0010736573,0
0.00027724478,0
0.00059650233,0
0.00054019777,0
0.00017175186,0
0.0002431044,0
0.00064142264,0
0.00036282657,0
0.00011540898,0
0.00060245336,0
0.00029013306,0
0.0004954933,0
0.00025412784,0
0.0008403459,0
0.0003034533,0
0.0019685838,0
0.00042217126,0
0.00036426773,0
0.00035289314,0
0.00028080406,0
0.0010327055,0
0.0012463187,0
0.00078657106,0
0.00012514436,0
0.00037672382,0
0.00080656086,0
0.00021751935,0
0.00018690228,0
0.00053672417,0
0.00025392196,0
0.00029535985,0
0.0005600772,0
0.0017012012,0
0.0002625956,0
0.00012704026,0
0.00051246997,0
0.00011355586,0
0.00031835923,0
0.0007868793,0
0.00083435536,0
0.0005089423,0
0.00040971872,0
0.0005076351,0
0.00043159132,0
0.00021552951,0
0.00017890817,0
0.0008918703,0
0.0005331553,0
0.00044194746,0
0.00032178574,0
0.00019397541,0
0.00020189147,0
0.00016309148,0
0.0001698525,0
0.00034351012,0
0.00015400884,0
0.00059474807,0
0.00013746615,0
0.00030988787,0
0.00019378948,0
0.0001309861,0
0.00021776928,0
0.000118853866,0
0.00038721526,0
0.0001352792,0
0.00020476256,0
0.00011537445,0
0.00060382555,0
0.00015106815,0
0.00024976424,0
0.00040473122,0
0.0001975319,0
0.00033136876,0
0.003891253,0
0.00038771256,0
7.4375486e-05,0
0.00079396355,0
0.0007608236,0
0.0006590787,0
0.00048354795,0
0.00045874045,0
0.0001371699,0
0.00013093837,0
0.00013393487,0
0.00040317283,0
0.00058433,0
0.00026647293,0
6.544933e-05,0
0.00022598462,0
8.883494e-05,0
0.00040471897,0
0.0023060243,0
0.0004642086,0
0.00041331083,0
0.00021963053,0
0.0001968671,0
0.00031732925,0
0.00025246333,0
0.00034291373,0
0.00014148712,0
0.0003098516,0
0.00012248481,0
0.00065435685,0
0.00013831319,0
0.00030705554,0
0.0004891272,0
0.00020264472,0
0.000115073875,0
0.0031636916,0
0.00018340953,0
0.00044261964,0
0.00014927522,0
0.003260419,0
0.0011144225,0
0.00012776723,0
0.00040658584,0
0.0004786721,0
0.00019899267,0
0.00033993897,0
0.00041063884,0
0.0005818808,0
0.0006147936,0
0.0004111499,0
0.00042697118,0
0.00022725723,0
0.00040487264,0
0.0011552251,0
0.00040797933,0
0.0006509125,0
0.0005664597,0
0.00040643473,0
0.00068178383,0
0.0007310107,0
0.00015609061,0
0.00038657064,0
0.00076656183,0
0.0016032011,0
0.0003324966,0
0.0005351541,0
0.00023070214,0
0.0002721929,0
0.00013085442,0
0.00024880224,0
0.0010178153,0
0.00016053728,0
0.00022673236,0
0.0011872543,0
0.00035499287,0
0.0006205184,0
0.00078816334,0
0.00029037267,0
0.0001248309,0
0.00023749696,0
0.00025709547,0
0.0030804717,0
0.00012909052,0
0.00031038158,0
0.0005008386,0
0.00027206403,0
0.0005455972,0
0.000558323,0
0.00042451333,0
0.00033314692,0
0.0005613094,0
0.0011862894,0
0.00062834326,0
0.0001523483,0
0.00029920597,0
0.0005376788,0
0.0002795866,0
0.00043591892,0
0.0004157796,0
0.0007515186,0
0.0003772916,0
0.00019750714,0
0.00020345459,0
0.00013935273,0
0.00033650128,0
0.000479154,0
0.00041573338,0
0.0005743343,0
0.00031697075,0
0.0005497789,0
0.0003234223,0
0.0006146964,0
0.0012052214,0
0.000127755,0
0.0003370051,0
0.000234648,0
0.00046796937,0
0.00025689372,0
0.0004425504,0
0.00029348495,0
0.00029506098,0
0.000517113,0
0.0001940359,0
0.0001852904,0
0.00023320322,0
0.00014654145,0
0.0002585077,0
0.00019126579,0
0.00019565609,0
0.0006173112,0
0.00011421583,0
0.001237077,0
0.0010783835,0
0.0003777378,0
0.0002791165,0
0.0010459486,0
0.00060108054,0
0.0009326777,0
0.0034897,0
0.0017537256,0
0.00011472385,0
0.00056045264,0
0.00049813784,0
0.0004245703,0
0.0001223769,0
0.00042590016,0
0.0009652652,0
0.00024421414,0
0.00042710605,0
0.0006651265,0
0.00014657406,0
8.718977e-05,0
0.00019759977,0
0.0002573616,0
0.00021722837,0
0.00014484576,0
0.0001842724,0
0.0003894892,0
0.00032136793,0
0.00010127151,0
0.0006601546,0
8.416184e-05,0
0.00018201371,0
0.00013428954,0
0.00029192033,0
0.0006275978,0
0.0010814472,0
0.00016593949,0
0.00012982589,0
0.0007908712,0
0.00035091577,0
0.00024198348,0
0.0014961149,0
0.00022005607,0
0.0007846486,0
0.0001546432,0
0.0009360539,0
0.00025473128,0
0.0001445777,0
0.00032899246,0
0.00020548393,0
0.0001377121,0
0.0013419696,0
0.0018680029,0
0.0002670704,0
0.00012667025,0
0.00052013295,0
0.0015969779,0
0.00020251624,0
0.00029637784,0
0.00021949396,0
0.0003508855,0
0.00023968428,0
0.00012672487,0
0.00040380697,0
0.00028428237,0
0.00030401518,0
0.00028641784,0
0.0005908455,0
0.00035939235,0
0.0009721938,0
0.0019656608,0
0.00040411376,0
0.00011560079,0
0.00057565887,0
0.0004266393,0
0.00044582252,0
0.0006514001,0
0.00030545882,0
0.0005119726,0
0.00023122525,0
0.00037312263,0
0.0002608612,0
8.561938e-05,0
0.00011537445,0
0.0005394984,0
0.0012947579,0
0.0005333718,0
0.00019902117,0
0.0005537111,0
0.00012514436,0
0.00063832884,0
0.00083716935,0
0.000635285,0
8.840404e-05,0
0.00023902422,0
0.0001263118,0
0.00026414642,0
0.00015519398,0
0.00046088395,0
0.00027902622,0
0.00024261186,0
0.00053489587,0
0.0002889624,0
0.00175046,0
0.00048160023,0
0.0005985524,0
0.0025969797,0
0.0005237734,0
0.0005759712,0
0.0004985348,0
0.0016186066,0
0.00038590963,0
0.00015559793,0
0.00018759903,0
0.0013656609,0
0.0001079915,0
0.00022336961,0
0.00044398382,0
7.8902e-05,0
0.00035331148,0
0.0017872655,0
0.00016442777,0
0.00018236863,0
0.000412496,0
0.00036545726,0
0.00014711663,0
0.00060472207,0
0.00016922403,0
0.0005975119,0
0.00015537262,0
0.00084279577,0
0.00029855635,0
0.0004171928,0
0.00032836496,0
0.00014797912,0
0.0002796858,0
0.00015449029,0
0.00013054503,0
0.000120928984,0
0.0012120681,0
7.898923e-05,0
0.00022432896,0
0.0011489927,0
0.0004614042,0
0.0018466911,0
0.00050392887,0
0.00013662688,0
0.0004162124,0
0.00012514436,0
0.00021483257,0
0.0003168719,0
0.00030726107,0
0.00022352704,0
0.00042332345,0
0.0020945012,0
0.00018950163,0
0.0003021914,0
0.0050139464,0
0.00014110243,0
0.00022901643,0
0.0002716945,0
9.799952e-05,0
0.00046413337,0
0.0003051178,0
0.00034213235,0
0.00023874722,0
0.0010537509,0
0.00024368086,0
0.0004515636,0
0.00034327252,0
0.00027523102,0
0.00023259292,0
0.00017906414,0
0.00010035915,0
0.000393719,0
0.0001299032,0
0.00072203606,0
0.0002316576,0
5.117747e-05,0
0.00040774484,0
0.00018163054,0
0.00019744686,0
0.00015462111,0
0.00015781751,0
0.00049234775,0
0.00013824434,0
0.00039464855,0
0.0001738941,0
0.00042598686,0
0.0011041686,0
0.00018998576,0
0.000354695,0
0.00027800526,0
0.00021318035,0
0.00025662422,0
0.00041827364,0
0.0007773654,0
0.0005946329,0
0.00015096099,0
0.00017875896,0
0.0005207847,0
0.0003163254,0
0.0005643838,0
0.00012626794,0
0.00010734742,0
0.00037397377,0
0.00024266713,0
0.00034865353,0
0.00028617497,0
0.001661766,0
0.00028072429,0
0.00027560475,0
0.00093865517,0
0.00057371834,0
0.00033730586,0
0.00032577472,0
0.0006527278,0
0.00049790327,0
0.0002187245,0
0.0008307362,0
0.00045202332,0
0.0002948458,0
0.0026090231,0
0.0008566886,0
0.00035434152,0
0.00052275433,0
0.00023917781,0
0.000243578,0
0.0007424345,0
0.00031459113,0
0.0002929973,0
0.00030504217,0
0.0007158874,0
0.00019183611,0
0.0011190706,0
0.00050623977,0
0.00011793275,0
0.00036687445,0
0.0002914102,0
0.00032559596,0
0.0004477912,0
0.00057237694,0
0.00024991593,0
0.00022124645,0
0.00066125416,0
0.00020385195,0
0.00027675476,0
0.00029074945,0
0.0009633022,0
0.00013151202,0
0.0010887682,0
0.0002450929,0
0.0005655919,0
0.00041591196,0
0.00069317635,0
0.0002271235,0
0.0018309037,0
9.170947e-05,0
0.00046955762,0
0.0003295902,0
0.002281248,0
0.0002619093,0
0.00076203217,0
0.0015506023,0
0.0010169323,0
0.00037443463,0
0.00059497566,0
0.0007012686,0
0.00034380628,0
0.00024527236,0
0.0001513482,0
0.00034135242,0
0.0003162997,0
0.00055956317,0
0.00049737515,0
9.9898105e-05,0
0.00069458014,0
0.00027748855,0
0.0023696811,0
0.00013765079,0
0.00039611207,0
9.2085465e-05,0
0.00032904735,0
0.00035694893,0
0.0009620206,0
0.0007593003,0
0.00030079382,0
0.000109496395,0
0.00021800098,0
0.00036802236,0
0.00031611914,0
0.00014635168,0
0.0004616665,0
0.00012952612,0
0.00022408667,0
0.001302687,0
0.0002790829,0
0.00026932126,0
0.0012168537,0
0.00028297436,0
0.00019327945,0
0.0004989277,0
0.00034746248,0
0.00036624345,0
0.00035412723,0
0.00019210253,0
0.00027603473,0
0.00046131236,0
0.0002330581,0
0.00039815778,0
0.001757039,0
0.00057509955,0
0.0012438806,0
0.00031592962,0
0.00013573433,0
0.00022708758,0
0.00035184115,0
0.00019943666,0
0.00017982928,0
0.0003586999,0
0.00053498265,0
0.0009318373,0
0.00045781204,0
0.0010343128,0
0.00024796405,0
0.0018763735,0
0.00030744786,0
0.0010114933,0
0.00023058483,0
0.00022298313,0
0.0002372002,0
0.0009306488,0
0.00021566471,0
0.000920058,0
0.00013278783,0
0.00017533234,0
0.0009123925,0
0.00025957174,0
0.00040205164,0
0.0002044952,0
0.0016278712,0
0.00023379961,0
0.00043186112,0
0.00036688606,0
0.0005754874,0
0.00042302042,0
0.0005216376,0
0.00018736496,0
0.00065118546,0
0.00013289093,0
0.00023976047,0
0.00017562107,0
0.00080762093,0
0.00013491973,0
0.00035837083,0
0.00014554987,0
0.00032601648,0
0.00015831292,0
0.00013998804,0
0.000547377,0
0.00012127188,0
0.0006492856,0
0.00042588596,0
0.000104598024,0
0.00045688607,0
0.00030296287,0
0.00030682446,0
0.0014706737,0
0.0018864499,0
0.00036566082,0
0.00047870423,0
0.0003149937,0
0.00012538645,0
5.8781963e-05,0
0.0011073202,0
0.0007854591,0
0.00031108363,0
0.00023976293,0
0.00097056327,0
0.0004281477,0
0.0004910238,0
0.00055349385,0
0.0003889944,0
0.00013194578,0
0.00040309198,0
0.00026668244,0
0.00037227946,0
0.00014208986,0
0.001135657,0
0.0005972706,0
0.0006780122,0
0.0002839457,0
0.0003446836,0
0.00015983956,0
0.0002949926,0
0.00050169806,0
0.00053920515,0
0.00033383552,0
0.00020619504,0
0.0004741695,0
0.00016508625,0
0.0007350485,0
0.00019886624,0
0.0018007266,0
0.00015885454,0
0.00025050965,0
0.00095815765,0
0.000376889,0
0.00018590146,0
0.0007029217,0
0.00054033677,0
0.00034426624,0
0.00037327196,0
0.00020007059,0
0.0001377121,0
0.00030732556,0
0.00016266691,0
0.00025173402,0
0.00055242854,0
0.00026622607,0
0.00023283281,0
0.00038372126,0
0.00027335837,0
0.00011571299,0
0.0003495625,0
0.000256342,0
0.00019849386,0
0.00019477699,0
0.00031086552,0
0.008191309,0
0.00024544002,0
0.00026970144,0
0.00024238898,0
0.00062523514,0
0.0001691465,0
0.00027814347,0
0.0006117961,0
0.00028182985,0
0.000553557,0
0.0006051289,0
0.0006483476,0
0.00017875896,0
0.00035848172,0
0.00016975685,0
0.00022331398,0
8.9551584e-05,0
0.0005624342,0
0.0010383723,0
0.00022075346,0
0.0004893366,0
8.708307e-05,0
0.001866891,0
0.000653958,0
0.00025962418,0
0.0015359367,0
0.00047365128,0
0.0001931432,0
0.00014773192,0
0.0007062015,0
0.000765855,0
0.00065109093,0
0.00015614812,0
0.0006776979,0
0.00089347234,0
0.0002616868,0
7.707086e-05,0
0.0039345715,0
0.00049854885,0
0.0002745001,0
0.0001465918,0
0.0029779964,0
0.0003540049,0
0.00014637012,0
0.00025137572,0
0.00025728025,0
0.0011544535,0
0.0008693347,0
0.0007412747,0
0.00089054863,0
0.0013393944,0
0.00012784796,0
0.0002703355,0
0.00026757127,0
0.00043568667,0
0.00021503166,0
0.00032459493,0
0.00024892506,0
0.00025417923,0
0.0009675571,0
0.000782993,0
0.0013744598,0
0.00015921329,0
0.000115559116,0
0.00081248296,0
0.00074975827,0
0.00080130703,0
0.0006209294,0
0.0009062682,0
0.0003249985,0
0.0004004732,0
0.00034576678,0
0.00031985252,0
0.0013397956,0
0.0006213833,0
0.00075505336,0
0.00013389526,0
0.0002681982,0
0.0012091883,0
0.00017381103,0
0.00068086595,0
0.00057787995,0
0.0001949033,0
0.0006583376,0
0.000748319,0
0.00025214895,0
0.0004556873,0
0.0001554263,0
0.0012823625,0
0.00046652564,0
0.00036039142,0
0.00022161176,0
0.00014554987,0
0.0002047904,0
0.00024028613,0
0.0010444134,0
0.00041353184,0
0.00033987447,0
0.00019046129,0
0.00012718188,0
0.0004984309,0
0.0005756335,0
0.0003352613,0
0.018284943,0
0.00040981657,0
0.00017933552,0
0.00010392078,0
0.0003650512,0
0.00054926146,0
0.00022926353,0
0.00031159093,0
0.00017358718,0
0.00018657956,0
0.00029417995,0
0.00050269265,0
0.00015795232,0
0.00027854362,0
0.00024001425,0
0.00014747033,0
0.00016498254,0
0.00038640932,0
0.00018301267,0
0.0002341075,0
0.00030810168,0
0.00051313016,0
0.0009251069,0
0.0027955,0
5.3170592e-05,0
0.00017693105,0
0.00012325232,0
9.1364054e-05,0
0.0019976597,0
0.00019301966,0
0.0005883512,0
0.00063288864,0
8.188574e-05,0
0.00015616091,0
8.02829e-05,0
0.00024158563,0
0.0006389696,0
0.00015938276,0
0.00037783635,0
0.00015779064,0
0.0005979993,0
0.0009051855,0
0.00023490738,0
0.0004912576,0
0.00046012265,0
0.0009946472,0
0.00018615247,0
0.00074381335,0
0.00015847132,0
0.0029102208,0
0.00012740785,0
0.00070203067,0
0.00038755225,0
0.0005251384,0
0.00012327294,0
0.0004006985,0
0.00038030406,0
0.00060472125,0
0.0023696811,0
0.0004874627,0
0.0008027781,0
0.0004935452,0
0.0005430566,0
0.0003404345,0
0.00011083169,0
0.00031984158,0
0.00023639158,0
0.00022985293,0
0.00021934723,0
0.000632308,0
0.00031539734,0
0.0010129493,0
0.00034282237,0
0.0006217,0
0.00025877013,0
0.00069312815,0
0.0004902231,0
0.0002847963,0
0.000508308,0
0.0005754726,0
0.00044792704,0
0.0002878432,0
0.000270638,0
8.5559084e-05,0
0.00036346196,0
0.00072504807,0
0.00027448867,0
0.000634587,0
0.00015226773,0
0.00014567915,0
0.0006306266,0
0.0002031137,0
0.00033523783,0
0.00026434605,0
0.00018010353,0
0.00065093196,0
0.0010393076,0
0.00025928675,0
0.00076798117,0
0.0004565982,0
0.0002336465,0
0.0001720799,0
0.00032861583,0
0.00058854464,0
0.0004655698,0
0.000475364,0
0.0009791674,0
0.000119288066,0
0.00027645874,0
0.00039040836,0
0.00018478383,0
0.00010231106,0
0.00021731257,0
0.00011283426,0
0.0008564648,0
0.00021984367,0
0.00031297418,0
0.0010942759,0
0.00045386172,0
0.00015541771,0
0.00063017366,0
0.00042482317,0
0.0003748167,0
0.00021330372,0
0.0006405257,0
0.00076758803,0
0.00022122903,0
0.00021801086,0
0.00020595494,0
0.001846785,0
0.0016815078,0
9.5387106e-05,0
0.0031579605,0
0.000344529,0
0.00010104791,0
0.00016579662,0
0.0003536579,0
0.00013942237,0
0.0002916304,0
0.0008352331,0
0.00024991593,0
0.0003075536,0
0.0005839498,0
0.0004844831,0
0.00027769903,0
0.0007255886,0
0.00042662997,0
0.0012361626,0
0.0014180868,0
0.0003564627,0
0.00049762847,0
0.00015400884,0
0.00027517043,0
0.0002689323,0
0.00025606182,0
0.00024414773,0
0.0004672223,0
0.00035633286,0
0.00019031562,0
0.00012540209,0
0.00065549987,0
0.00051955634,0
0.0004966339,0
0.00046649642,0
0.00027581444,0
0.00016574931,0
0.0003008699,0
0.00018696481,0
0.00074120396,0
0.00015099431,0
6.408042e-05,0
0.0007044557,0
0.00018073939,0
0.0005476648,0
0.0002783661,0
0.0004531196,0
0.0003064796,0
0.0014035418,0
0.00019528081,0
0.00022319223,0
0.00034085807,0
0.0007211564,0
0.00031899306,0
0.0003399818,0
0.000942662,0
0.00026023126,0
0.00024524334,0
0.00061852596,0
0.00010385184,0
0.00026113587,0
0.00021317495,0
0.00021669162,0
0.00031547196,0
0.00013877226,0
0.00038205998,0
0.00036759864,0
0.00020296074,0
0.00025048532,0
0.00013935241,0
0.0009961273,0
0.0024990092,0
0.00071787095,0
0.00066216465,0
0.00020086393,0
0.0002548331,0
0.00019483264,0
0.00028937365,0
0.0011634995,0
0.00030650885,0
0.00048835797,0
0.00020941568,0
0.00078187924,0
0.0007951965,0
0.0006526322,0
0.00026199408,0
0.00071572885,0
0.0005867813,0
0.00042337336,0
8.298144e-05,0
0.00037331664,0
0.00038319037,0
0.0006093122,0
0.00044260605,0
0.00019546798,0
0.0006307085,0
0.00017083199,0
0.0001753702,0
0.0023696811,0
0.00019103363,0
0.00056464534,0
0.00016637589,0
0.00060218,0
0.00018677447,0
0.0014709836,0
0.001768513,0
0.00011955429,0
0.0013687434,0
0.0006422499,0
0.00022362797,0
0.00068508874,0
0.0005264014,0
0.00049505255,0
0.00059907336,0
0.00028566885,0
0.00023768019,0
0.0009053483,0
0.00067054137,0
0.00028687113,0
0.00047759814,0
0.0001299351,0
0.00043621956,0
0.00029040675,0
0.00010817085,0
0.0002127548,0
0.00290623,0
0.00013721715,0
0.00046420784,0
0.0011427186,0
0.00040486627,0
0.00051702827,0
0.00042890047,0
9.679399e-05,0
0.00033025333,0
0.00013621776,0
0.000418118,0
0.00030003017,0
0.00032579657,0
0.0008115125,0
0.00045800186,0
0.00066361076,0
0.0007951965,0
0.00068230316,0
0.00036413156,0
0.0001375984,0
0.0004797667,0
0.0005836066,0
6.213797e-05,0
0.00011091359,0
0.00047364648,0
0.0003129218,0
0.00029854738,0
0.00014038527,0
0.0006192644,0
0.0005922284,0
0.000634441,0
0.00037529063,0
0.0004982341,0
0.0005668152,0
0.00023954092,0
0.00030454682,0
0.0012928903,0
0.00031571958,0
0.00022933897,0
0.0003402312,0
0.00014434157,0
7.978798e-05,0
0.00010229881,0
0.00023205849,0
0.000680835,0
0.00071103557,0
0.00059299887,0
0.0002747249,0
0.0006213543,0
0.0018983734,0
0.00018255331,0
0.00032080812,0
0.0006486813,0
0.00071511447,0
0.0005329836,0
0.00060993707,0
0.0001596414,0
0.0009797899,0
0.0026425663,0
0.002406572,0
0.0005124991,0
0.00021529489,0
0.00022435951,0
0.0009194855,0
0.00016901101,0
0.00037795017,0
0.0017566609,0
0.0007579064,0
0.00015080586,0
0.00017946686,0
0.00093865517,0
0.00012260208,0
0.00013139355,0
0.0014453749,0
0.00019747089,0
0.00012973315,0
0.00062072586,0
0.00042110516,0
0.00026891922,0
9.981253e-05,0
0.00047366723,0
8.395819e-05,0
0.00028232767,0
0.00042973208,0
0.00048077744,0
0.0005920422,0
0.0009381123,0
0.0005093576,0
0.00020339753,0
0.00018012841,0
0.0006974769,0
0.00040100387,0
0.00012878045,0
0.0003218196,0
0.0003956023,0
0.00034278387,0
0.0006054303,0
0.00020143605,0
0.0004317531,0
0.0023696811,0
0.00010473405,0
0.00012405137,0
0.00015734887,0
0.000882755,0
0.0005810005,0
0.0007297551,0
0.0005284754,0
0.00020881009,0
0.00013565624,0
0.00027683872,0
0.0078068348,0
0.00012224079,0
0.0001358247,0
0.00012967038,0
0.00053790055,0
0.00022951885,0
0.0003624946,0
0.00044087207,0
0.00038490907,0
0.0011850508,0
0.00041154708,0
0.00038538987,0
0.0016294171,0
0.0010504482,0
0.0008298019,0
0.00069765217,0
0.00020429783,0
0.00023142458,0
0.0002857097,0
0.00024191284,0
0.00059572904,0
0.000110755354,0
0.000121052755,0
9.652675e-05,0
0.0007475229,0
0.000313067,0
0.0004986109,0
0.00034636987,0
0.00017767237,0
0.00022987025,0
0.0012657102,0
0.0005656336,0
0.00028715475,0
0.00079931284,0
8.524566e-05,0
0.00020203472,0
0.0006990299,0
0.00034716038,0
0.00028290894,0
0.0002603518,0
0.0010431923,0
0.00026383644,0
0.00093545887,0
0.00054068194,0
0.0013425094,0
0.0001270097,0
0.0019756344,0
0.0013670141,0
0.00024448178,0
0.00030108227,0
0.0005538404,0
0.00022490093,0
8.5553016e-05,0
0.0005479894,0
0.00104327,0
0.0001713588,0
0.00010913384,0
0.0004681211,0
0.00021624862,0
0.0002507931,0
0.00024583543,0
0.00025296168,0
0.00029708023,0
0.00074772467,0
0.0001808175,0
0.0003420918,0
0.000240452,0
0.00027039938,0
0.00035563184,0
0.00028703132,0
0.0009100797,0
0.00027550233,0
0.00061345694,0
0.00027602373,0
7.5521646e-05,0
0.00028083634,0
9.069944e-05,0
0.00049760734,0
0.00025462083,0
0.00029618424,0
0.00035418663,0
0.00021852487,0
0.00023257789,0
0.0003335635,0
0.000613494,0
0.00028229773,0
0.0026514165,0
0.0007786938,0
0.0002633468,0
0.0001016814,0
0.00010649586,0
0.00023257647,0
0.00042246302,0
0.0008211858,0
7.523209e-05,0
0.00036150377,0
0.00072995794,0
0.00039633492,0
0.00022402621,0
0.00029793003,0
0.00037799173,0
0.00035074155,0
0.0005921014,0
0.0001417613,0
0.0008670234,0
0.00045960236,0
0.00024830387,0
0.0004395585,0
0.00014563561,0
0.00028132222,0
0.0004289913,0
0.0008864411,0
0.0015466901,0
0.00088249077,0
0.0003570642,0
0.0003326319,0
0.00012645472,0
0.00016522776,0
0.0002783452,0
0.00087505364,0
0.00036952214,0
0.00056369207,0
0.00017457269,0
0.00050194963,0
0.00033599665,0
0.0007051612,0
0.00028531867,0
0.0005623373,0
0.0005841359,0
0.00059612625,0
0.0012002259,0
0.00028120875,0
0.00020439213,0
0.0004675529,0
0.00056174304,0
0.00014985792,0
0.00027150902,0
0.00017467875,0
0.00023177583,0
0.00030131507,0
0.0007282511,0
8.4039995e-05,0
0.0006456875,0
0.00031814366,0
0.00015847132,0
0.0002264246,0
0.00034575845,0
0.00051342277,0
0.00038373817,0
0.0016303009,0
0.0006662519,0
0.00072071544,0
0.00010997167,0
0.0022452322,0
9.8032244e-05,0
0.00037997967,0
0.00020218677,0
0.0003964165,0
0.00011625051,0
0.00012881354,0
0.00018388436,0
6.654095e-05,0
0.00031290477,0
0.000802229,0
7.905822e-05,0
0.0002029048,0
0.0002288959,0
0.00033833768,0
0.00041035743,0
0.00034922286,0
0.00030605964,0
0.0010373007,0
0.00041162377,0
0.0006632857,0
0.00027253415,0
0.00014323376,0
0.00094635214,0
0.00054615375,0
0.0039821495,0
0.0005610525,0
0.00030989322,0
0.00030085613,0
0.00023909219,0
0.0011994804,0
0.00031750486,0
0.00027981107,0
0.00021328274,0
0.00062128535,0
0.00038906516,0
0.0023696811,0
0.00033851925,0
0.00032089493,0
0.00043089766,0
0.0004784005,0
0.0036627387,0
0.00013923024,0
8.4016625e-05,0
0.00024783524,0
0.0002165596,0
0.00019503865,0
0.00240216,0
0.0004765287,0
0.0008867451,0
0.0008811007,0
0.00059162104,0
0.0004876245,0
0.00030959048,0
0.000109435845,0
0.0004729107,0
0.00078658346,0
0.000121072946,0
0.00017173639,0
0.00044882408,0
0.0005270189,0
0.0003611298,0
0.00022076456,0
0.00022121074,0
0.0003938408,0
0.00020109507,0
0.00032683904,0
0.00012740113,0
0.0003027923,0
0.00021682226,0
0.0009967154,0
8.177091e-05,0
0.00062045094,0
0.00074077566,0
0.00047137737,0
0.0010926712,0
0.0011500272,0
0.0025079297,0
0.00024614224,0
0.00066957565,0
0.00028195113,0
0.0002597162,0
0.00031137178,0
0.0003489155,0
0.00020220512,0
0.0005716923,0
6.5030654e-05,0
0.00017507694,0
0.00013811681,0
0.00023990365,0
0.00013771077,0
0.0003534092,0
0.00049977965,0
0.00040695712,0
0.00022024459,0
0.0003218703,0
0.0004225221,0
0.00031925464,0
0.0004469933,0
0.00024287139,0
0.00012810166,0
8.5166816e-05,0
0.0006198979,0
0.00014539174,0
0.0005814661,0
0.00010524889,0
0.0006590401,0
0.00020644529,0
0.00038216382,0
0.000513469,0
0.00024264316,0
0.0006573053,0
0.00030341104,0
0.0003475615,0
0.0006341223,0
0.0005534729,0
0.0001438267,0
0.00020846001,0
0.000116866184,0
0.0005037892,0
0.00025754838,0
0.00020720233,0
0.0009305242,0
0.00063181383,0
0.00018679192,0
0.0005127854,0
0.00093044783,0
0.0005433689,0
6.6440385e-05,0
0.00014747465,0
0.00076043466,0
0.0001510563,0
0.00036738697,0
0.0005253239,0
0.00021252253,0
9.580296e-05,0
0.00023909485,0
0.0002765594,0
0.000489331,0
0.0006057134,0
0.0003855514,0
0.000540998,0
0.0006497191,0
0.00040121723,0
0.000107293905,0
0.00027619614,0
0.00091716985,0
0.00029277423,0
0.0003051999,0
0.00042374546,0
0.00019641122,0
0.00020465502,0
0.0002489254,0
0.0001213177,0
0.00028700108,0
0.00071846467,0
9.710091e-05,0
0.00017330515,0
0.00044872786,0
0.0014336584,0
0.0006511512,0
0.00016039934,0
0.00044882513,0
0.00050535705,0
0.0006638805,0
0.0007413723,0
0.00030461332,0
0.00059015595,0
0.00014077312,0
0.00017180435,0
0.00019817018,0
0.0006523428,0
0.00028150476,0
0.00013438707,0
0.00025511114,0
8.2691404e-05,0
0.0008818031,0
0.002497394,0
0.0023497122,0
0.0014889174,0
0.00042688905,0
0.00020019425,0
0.0004978259,0
0.0001827973,0
0.0002575097,0
0.0007627221,0
0.0010987,0
0.0004285083,0
0.00015097964,0
0.00023551115,0
0.00026154966,0
0.0006793264,0
0.00019029676,0
0.00021267435,0
0.00023443288,0
0.00012572692,0
0.0003158139,0
0.017669026,0
0.00023930038,0
0.00021277758,0
0.00011851208,0
0.00022841495,0
0.0008122744,0
0.00031550814,0
0.00049549446,0
0.00047702447,0
0.00071470375,0
0.0014730751,0
0.0005776122,0
0.0005532886,0
0.0013381843,0
0.00019557065,0
0.0006342289,0
0.0006543449,0
0.00033019952,0
0.00046763435,0
0.0007656962,0
0.00026755835,0
0.0008299714,0
0.00034594288,0
0.0001283265,0
0.0003419672,0
0.0001381938,0
0.00064032857,0
0.0005316404,0
0.0015544425,0
0.000118718664,0
0.00028452568,0
0.00010898129,0
0.00018561154,0
0.0016151225,0
0.00015642116,0
0.00022194775,0
0.00024425337,0
0.00012903621,0
0.0003984784,0
0.00037881712,0
0.00067093543,0
0.0006309449,0
0.0004309786,0
0.00040277833,0
0.0017029855,0
0.0005657369,0
0.000332286,0
0.0003603229,0
0.00016365168,0
0.00017312042,0
0.00013597979,0
0.00048078113,0
0.0007566225,0
0.0004486039,0
0.00065064535,0
0.0002901658,0
0.00024353203,0
0.0003212606,0
0.0005336404,0
0.00024517305,0
0.00012709419,0
0.0012618913,0
0.00019450154,0
0.00045451662,0
0.0004874395,0
0.00011843003,0
0.00020974854,0
0.00030198542,0
0.00016491243,0
0.00016332036,0
0.00033687384,0
0.000101267535,0
0.00017130752,0
0.0005394651,0
0.00026194396,0
0.0008440301,0
0.0023696811,0
0.00027882418,0
0.0013453868,0
0.00020447985,0
0.00036066116,0
0.0003706555,0
0.00013208024,0
0.00088580966,0
0.00029172562,0
0.00044175846,0
0.00034787133,0
0.00040069767,0
0.00048328598,0
0.0003336114,0
0.00015458772,0
0.0006839709,0
0.00011830529,0
0.0009383914,0
0.00056604116,0
0.0002887598,0
0.0001904991,0
5.1756837e-05,0
0.00016873794,0
0.0010190511,0
0.00024686486,0
0.0005142436,0
0.00013888489,0
0.00030545398,0
0.00018514655,0
0.00014968745,0
0.00056535576,0
0.0016820132,0
0.0008042117,0
0.0010516095,0
0.00017225229,0
0.000279819,0
0.00037351577,0
0.0008662941,0
0.00068428053,0
0.0011011169,0
0.0002871977,0
0.00021243692,0
0.00021903437,0
0.00010610298,0
0.00019781338,0
0.00022655205,0
0.0016124013,0
0.00063430343,0
0.00030829,0
0.00063865335,0
0.0007567439,0
0.00041694904,0
0.00040710525,0
0.000403213,0
0.0004975893,0
0.0005329587,0
0.0023750442,0
0.0002613551,0
0.0009466253,0
0.00012210543,0
0.0009833556,0
0.00037757575,0
0.00017529502,0
0.00091582135,0
0.0006215177,0
0.0011448793,0
0.00014359545,0
0.00011738134,0
0.0007104989,0
0.00024831865,0
0.00031990328,0
0.00021842853,0
0.00013814907,0
0.000666972,0
0.00014399196,0
0.00024301084,0
0.00019556553,0
0.0002247159,0
0.00012482583,0
0.00020527786,0
0.00023405021,0
0.00039658986,0
0.00041183433,0
0.0010456076,0
0.00029241724,0
0.004313393,0
0.00093474105,0
0.0007380149,0
0.00033799335,0
0.0003590938,0
0.00022634977,0
0.00046543137,0
0.0004454129,0
0.00024083564,0
0.0015586742,0
0.00065837643,0
0.00014538314,0
0.000116845265,0
0.0023696811,0
0.00031135353,0
0.00032009793,0
0.00025650923,0
0.0001173676,0
0.00045357054,0
0.0001560858,0
0.0009785136,0
0.0002390865,0
0.0005647516,0
0.0010083372,0
0.00047545598,0
0.00038937424,0
0.00092631974,0
0.00039286882,0
0.0031579686,0
0.00080123724,0
0.000116524934,0
0.00081857754,0
0.0010803724,0
0.00018608065,0
0.00015449412,0
0.00027997216,0
0.00018311855,0
0.00010248257,0
8.278147e-05,0
0.00016054817,0
0.0002805105,0
0.0006452916,0
0.00034126,0
0.000991186,0
0.00024063545,0
0.0001235661,0
0.00018904704,0
0.0002293177,0
0.00026547865,0
0.00059787964,0
0.0005812817,0
0.00011827782,0
0.0013441755,0
0.0007703516,0
0.00026618596,0
0.0005470055,0
0.00015488321,0
0.007532766,0
0.00012843739,0
0.00095215166,0
0.00088407885,0
0.00017450738,0
0.00031333865,0
0.0004104,0
0.0005750308,0
0.000193641,0
0.00022120809,0
0.00058962125,0
0.0015971944,0
0.00096944167,0
0.00015561028,0
0.00045776062,0
0.0010331282,0
0.0008050801,0
0.00012646201,0
0.00033330405,0
0.00037759912,0
0.0002481139,0
0.000101086735,0
0.00014635317,0
0.009350668,0
0.00042256818,0
0.00058329274,0
0.00039469745,0
0.00036343068,0
0.0018298624,0
0.00087688124,0
0.0006660277,0
0.0007415189,0
0.00028921067,0
8.863431e-05,0
0.0003053542,0
0.0014640371,0
0.00061898935,0
0.0017760058,0
0.00045314283,0
0.0009032439,0
0.00032936293,0
0.00026497158,0
0.0010551385,0
0.0003604922,0
0.00037354257,0
9.3059585e-05,0
0.0004914664,0
0.00046016,0
0.00019680179,0
0.00012477874,0
0.00020592427,0
0.0036775572,0
0.00017015802,0
0.00037677246,0
0.00027489595,0
0.00023970452,0
0.0046440884,0
0.0009969623,0
0.0011450776,0
0.00023623461,0
0.0014445866,0
0.0010324623,0
0.0005635643,0
0.00030577142,0
9.744191e-05,0
0.0002652,0
0.0003238242,0
0.00043717382,0
9.435185e-05,0
0.00071217824,0
0.00010442284,0
0.0013376096,0
0.00017736125,0
0.0014445945,0
0.00017133025,0
0.00038212157,0
0.0005034158,0
0.00046231988,0
0.0010487889,0
0.0004178782,0
0.00027655895,0
0.0003151276,0
0.00016671812,0
0.00025766532,0
0.00031870257,0
0.0014157479,0
0.0002666779,0
0.0017457457,0
0.00087559817,0
0.0003309198,0
0.00031011947,0
0.0008843875,0
0.0006278966,0
8.006832e-05,0
0.00083117007,0
0.0003443588,0
0.0015680031,0
0.00012471259,0
0.00038991973,0
0.00013171879,0
0.000121797435,0
0.0006849384,0
0.00033232197,0
0.0004133933,0
0.0003944127,0
0.0006953661,0
0.000159716,0
0.0004480857,0
0.00068916625,0
0.0001708123,0
0.00027263438,0
0.00079101475,0
0.001577136,0
0.00070776365,0
0.0002603325,0
0.00019305934,0
0.00014450889,0
0.0003555529,0
0.00083747023,0
0.000260119,0
0.0005174305,0
0.00043118038,0
0.00096811424,0
0.005284324,0
9.9574136e-05,0
0.00069983857,0
0.000264971,0
0.00030485215,0
0.00020588996,0
0.0007260926,0
0.00025631205,0
0.0007375476,0
0.0005138734,0
0.0002901515,0
0.0038529683,0
0.00066945294,0
0.0005105145,0
0.00015913168,0
0.00038747472,0
0.00064410426,0
0.00022240207,0
0.00022266287,0
0.00024574035,0
0.00093393825,0
0.000105553,0
0.00108545,0
0.0005729292,0
0.0012273692,0
0.00038627634,0
0.00014477242,0
0.00018745297,0
0.0002391717,0
0.0006013278,0
0.00051550294,0
0.0001530943,0
0.00038237817,0
0.00028187694,0
0.00024325633,0
8.932196e-05,0
0.0002291809,0
0.00047737244,0
0.00094903936,0
0.00044492527,0
0.00059048913,0
0.0005104997,0
0.00050768163,0
0.001537706,0
0.0008893512,0
0.0001884777,0
0.00026992045,0
0.00024062365,0
0.00038612948,0
0.0006243989,0
0.0010233968,0
0.00029776653,0
0.00023189097,0
0.00025612448,0
0.00047416202,0
0.0011245044,0
0.0018987029,0
0.00020275876,0
0.0005945787,0
0.00025824425,0
0.00023703914,0
0.0003332634,0
0.00033583015,0
8.922724e-05,0
0.00080296764,0
0.0018572306,0
0.00050936424,0
0.0036381455,0
0.00018946792,0
0.0004439723,0
0.00026383644,0
0.0005869965,0
0.00032121188,0
0.0007169671,0
0.00040879275,0
0.00060260325,0
0.00015319388,0
0.00081725005,0
0.00015577603,0
0.00015400884,0
0.0006792569,0
0.001433488,0
0.0002592316,0
0.00070160785,0
0.0024062432,0
0.00022413637,0
0.00016147438,0
0.00014972297,0
0.00046796014,0
0.00024519317,0
0.000741729,0
0.00019031562,0
0.00018435337,0
0.00047752055,0
0.0004202504,0
0.0002889259,0
0.00053334533,0
0.00014004332,0
0.00038328036,0
0.0006091831,0
0.00094422186,0
0.00027783634,0
0.000116248404,0
0.00016419006,0
0.0003278924,0
0.00015284219,0
0.00018711403,0
0.00027669143,0
0.00028826616,0
0.00038585122,0
0.0004165969,0
0.0002904441,0
0.0002611767,0
0.00051827636,0
0.00020365532,0
0.00024692254,0
0.0006244105,0
0.00013588829,0
0.000121194236,0
0.000105537474,0
0.00040047584,0
0.0006913024,0
0.0008817413,0
0.0014746891,0
0.0010544575,0
0.0011346407,0
0.00017584336,0
0.002442066,0
0.00046975567,0
0.00021409853,0
0.00044822556,0
0.00053698797,0
0.00024735506,0
0.00053291034,0
0.0014741488,0
0.00033779372,0
6.5896624e-05,0
0.0017437198,0
0.00019252443,0
0.0005263165,0
0.00011652002,0
0.0001623585,0
8.6140906e-05,0
0.001575454,0
7.566934e-05,0
0.0008596241,0
0.00024741757,0
0.0007076836,0
0.00039262936,0
0.0002761123,0
0.00020886153,0
0.00019636087,0
0.00015537627,0
0.00028736147,0
0.0012009803,0
0.00028930628,0
0.0005020102,0
0.00050160603,0
0.00022321209,0
0.00013273297,0
0.00019122625,0
0.0007343078,0
0.00023141882,0
0.00036424006,0
8.737281e-05,0
0.0009862621,0
0.00028210538,0
0.00025147534,0
0.00043012368,0
0.00020372712,0
0.00012064369,0
0.00020774158,0
0.0006440603,0
0.00020185769,0
0.00044100324,0
0.00028961513,0
0.00039085036,0
0.00023360064,0
0.00024793524,0
0.00043977375,0
8.822006e-05,0
0.0001768678,0
0.00052211917,0
0.00028975777,0
0.0003038093,0
0.00042892556,0
0.00037348026,0
0.0010744544,0
0.00038295295,0
0.0011873179,0
0.000736157,0
0.0002625451,0
0.00059654366,0
0.00019306173,0
0.0004127356,0
0.002462144,0
0.0023057205,0
0.00023310652,0
0.0001541851,0
0.0003046954,0
0.00058789947,0
0.00019895723,0
0.0018730273,0
0.00022635372,0
0.0005766489,0
0.00022979654,0
0.00438151,0
0.00053735933,0
0.0006391579,0
0.0003136582,0
0.00011008159,0
0.00087451586,0
0.00024840786,0
0.00030846137,0
0.00012300104,0
0.0012950884,0
0.00019849386,0
0.000120773664,0
0.00045605228,0
0.0002533711,0
0.0002217204,0
0.00038783668,0
0.0005964949,0
0.00016711517,0
0.00038463844,0
0.0009173581,0
0.00021020975,0
0.00020833705,0
0.00014187217,0
0.0005827241,0
0.00031811226,0
0.0002616615,0
0.00031029087,0
0.00017069497,0
0.00032269667,0
0.00014847345,0
0.0006658197,0
0.0006331018,0
0.00046735047,0
0.00041030094,0
0.00024879305,0
0.0011204333,0
0.0003815604,0
0.00047602833,0
0.001299153,0
0.0013238958,0
0.00040037252,0
0.0006686896,0
0.00024693587,0
0.00020127064,0
0.0007313646,0
0.0007601879,0
0.00044015428,0
0.00044911163,0
0.00012908183,0
0.0005810767,0
0.00015861614,0
0.0004945709,0
0.00040549427,0
0.00029555123,0
0.00017019236,0
0.0003462623,0
0.00023122855,0
0.0009838323,0
0.002442066,0
0.00013617867,0
0.0001755979,0
0.0017460866,0
0.00012672487,0
0.00025500468,0
0.0005622144,0
0.00031044593,0
0.0003157659,0
0.00057183625,0
0.00045583962,0
6.496771e-05,0
0.0003556579,0
0.00036561445,0
0.0004379331,0
0.0002485489,0
0.00047293745,0
0.00024423355,0
0.00046438354,0
0.00026609696,0
0.00080485636,0
0.000542982,0
0.00050327287,0
0.0015652893,0
0.00019858633,0
0.00053429225,0
0.00018165853,0
0.00048389757,0
0.000773176,0
0.00053910067,0
0.0007951965,0
0.00013105523,0
0.0006003898,0
0.0003696416,0
0.00058303325,0
0.00023962285,0
0.0011112902,0
0.00043722836,0
0.00025478823,0
0.00045977725,0
0.0006570671,0
0.00064710854,0
0.00019732665,0
0.0006776947,0
0.00052867824,0
0.00023507979,0
0.00020685964,0
0.00022397237,0
0.0007118851,0
0.00037467972,0
0.00043611752,0
0.00065983646,0
0.00057533255,0
0.0010618105,0
0.00041181227,0
0.00064544694,0
8.347047e-05,0
0.00036486902,0
0.00014483792,0
0.0053253123,0
0.00038486163,0
0.0002443052,0
0.0002707391,0
0.00036068732,0
0.0009546752,0
0.00015384806,0
0.00027399138,0
0.0005541377,0
0.00046960436,0
0.0001365615,0
6.8253044e-05,0
0.00026662397,0
0.0025740361,0
0.0003397685,0
0.0005056187,0
0.00022526174,0
0.0003490248,0
0.0002837265,0
0.0018812172,0
0.00066685845,0
0.00014970185,0
0.000614259,0
0.00044745376,0
0.00035381495,0
0.0017463663,0
0.00013114166,0
0.00026564675,0
0.00027769385,0
0.0004776613,0
0.0022237573,0
0.0002613965,0
0.00047558028,0
0.0003099889,0
0.0004503011,0
0.00012514436,0
0.00017340675,0
0.00014966745,0
0.0018358522,0
9.5520765e-05,0
0.00019153682,0
0.0009996978,0
0.0007701997,0
0.00018397225,0
0.00027400587,0
0.00040069225,0
0.00010688069,0
0.0009043733,0
0.0006410562,0
0.00012911459,0
0.00013114688,0
0.00036243774,0
0.00047149762,0
0.0003359755,0
0.0002886267,0
0.0010719354,0
0.0007277774,0
0.00078508444,0
7.63762e-05,0
0.00016793633,0
0.00080778997,0
0.000119225835,0
0.0017783912,0
0.00013836577,0
0.0005251929,0
0.00031749735,0
0.00018775206,0
0.0004695515,0
0.00015777636,0
0.00040012292,0
8.469762e-05,0
0.00034999463,0
0.030945081,0
0.0001561723,0
0.0007268275,0
9.87282e-05,0
0.0024406952,0
0.00022379392,0
0.000291127,0
0.00025323348,0
0.00013621776,0
0.000539552,0
0.00049489766,0
0.00014211773,0
0.00013676072,0
0.00015917889,0
0.00029650738,0
0.00029902605,0
0.0007802568,0
0.00018631891,0
0.00014769197,0
0.0006104155,0
0.00011384392,0
8.519002e-05,0
0.00014834467,0
0.00022842924,0
0.00019027956,0
0.00019944974,0
0.0009911709,0
0.0002695907,0
0.00014352615,0
0.0009625126,0
0.0007881281,0
0.00021462915,0
0.00015747144,0
0.0003486415,0
0.0007765835,0
0.00015119548,0
0.0011295041,0
0.00057003216,0
0.0008181753,0
0.00031291746,0
0.0025876807,0
0.00046583533,0
0.0002706009,0
0.00010315319,0
0.0002982257,0
0.00058203295,0
0.00035572547,0
0.0011385429,0
0.00029126563,0
0.00028995032,0
0.00045432706,0
0.00037070757,0
0.00021009722,0
0.00026434884,0
0.00019849386,0
0.0005769838,0
0.00030642154,0
0.0005523296,0
0.0003809772,0
0.0013000194,0
0.00044478712,0
0.00013822941,0
0.00041532837,0
0.00030090177,0
0.00015343595,0
0.0006567487,0
0.00063908944,0
0.0002914485,0
0.00033552386,0
0.00034046432,0
0.00020798805,0
0.00025162895,0
8.346717e-05,0
0.00016085866,0
0.0004967603,0
0.00017170294,0
0.0003158919,0
0.00026846572,0
0.0012915564,0
0.00017592589,0
0.00017502598,0
0.00025547866,0
0.00013462386,0
9.4676194e-05,0
0.00036195788,0
0.0002112306,0
7.8373065e-05,0
0.00014970185,0
0.00035583516,0
0.00042455492,0
0.00040894718,0
0.000456975,0
0.00018236863,0
0.0007713976,0
0.000568427,0
0.00012843739,0
0.0004304233,0
0.0041621495,0
0.00085147127,0
0.00033877377,0
0.00034429578,0
9.4188064e-05,0
0.0004801374,0
0.00021241154,0
0.0003187672,0
0.00012595257,0
0.00028416663,0
0.00039553616,0
0.0003322067,0
0.00026569216,0
0.00032140996,0
0.00017280354,0
0.00012672487,0
0.00083029916,0
0.00020774997,0
0.00018760451,0
0.0007052878,0
0.00042224315,0
0.00041550837,0
0.00013662124,0
0.00026923596,0
0.0007599765,0
0.00014719233,0
8.706699e-05,0
0.00045557172,0
0.00023178522,0
0.00037605522,0
0.00015695574,0
0.00018083178,0
0.00010020903,0
0.00032864683,0
0.00010197189,0
8.2799044e-05,0
0.00016594426,0
0.00013778651,0
0.0010320065,0
0.00017142521,0
0.00050810585,0
0.0001245718,0
0.00018362034,0
0.00016316875,0
0.00024502038,0
0.00024357684,0
0.0024064863,0
0.00028454696,0
0.0001329562,0
0.00040881,0
0.00091831165,0
0.00018520404,0
0.00039333402,0
0.0007048611,0
0.0013252955,0
0.00028040993,0
0.00023307498,0
0.000555688,0
0.0002164371,0
0.00038741087,0
0.00063003914,0
8.3585895e-05,0
0.0003741831,0
0.00010359998,0
0.0004954815,0
0.00014689304,0
0.0006572973,0
0.001063892,0
0.00028818724,0
0.00040003684,0
0.00024843815,0
0.000116304946,0
0.00018953897,0
0.00016865697,0
0.000118718664,0
0.0005416768,0
0.00030109065,0
9.625053e-05,0
0.00021048487,0
0.00018308006,0
0.0002268792,0
0.00072995987,0
0.00021969757,0
0.0010102885,0
0.00013225831,0
0.0008315017,0
0.017669026,0
9.54965e-05,0
0.0003736098,0
0.0011267193,0
0.0002551035,0
0.00017171177,0
0.00017286443,0
0.0001830245,0
0.00012098884,0
0.0015033192,0
0.00036396628,0
0.00048536467,0
0.00012888752,0
0.0004727884,0
0.00078563724,0
0.0002207063,0
0.00021095079,0
0.0003537243,0
0.0019090634,0
0.0011923665,0
0.00058578444,0
0.0054642824,0
0.00015609061,0
0.00020521335,0
0.00013073854,0
0.00040746268,0
0.00028236152,0
0.00026928307,0
0.00034546695,0
0.0009140105,0
0.00051380304,0
0.0004561463,0
0.008475656,0
0.0002911123,0
0.00023236993,0
0.0003175751,0
0.00032665455,0
0.00047364316,0
0.00058967917,0
0.00056714145,0
0.00094551075,0
0.0001390698,0
9.9596095e-05,0
0.00019465617,0
0.00021056221,0
0.0005927151,0
0.0006697286,0
0.00016564247,0
0.00075379235,0
0.00043419076,0
0.00024384925,0
0.00017689164,0
0.00091672764,0
0.00011326493,0
0.00023930261,0
0.0002982534,0
0.00069414394,0
0.00024866167,0
0.0013899299,0
0.0001859343,0
0.0008923682,0
0.0006130003,0
0.00015818002,0
0.00011333881,0
0.0005298323,0
0.00046153823,0
0.00022296014,0
0.0004259137,0
9.7402604e-05,0
0.0003187314,0
0.00022862812,0
0.000118494645,0
0.00034132352,0
0.00053212786,0
0.00029573962,0
0.0011721434,0
0.0015417959,0
0.00023010065,0
0.00031305678,0
0.0002047904,0
0.00012900155,0
0.0013625226,0
0.0005487062,0
0.0031166926,0
0.00077201606,0
0.0005869312,0
0.0002686046,0
0.00026966687,0
0.00017112157,0
0.00076287467,0
0.00026888485,0
0.00040981558,0
0.00026928974,0
0.00019056804,0
0.00031212042,0
0.00022083218,0
0.00057857006,0
0.00033989185,0
0.0003015558,0
0.00035456158,0
0.00033854443,0
0.0008589107,0
0.0017271563,0
0.00016545436,0
0.0003079134,0
0.0018374787,0
0.00032637754,0
0.0005872311,0
0.0005678904,0
0.0006744886,0
7.72633e-05,0
0.00049746485,0
0.00014860225,0
0.00018173728,0
0.0004271059,0
0.00010824608,0
0.00037900388,0
0.00024765247,0
0.00010291751,0
0.0003310479,0
0.00046438182,0
8.967045e-05,0
0.00033268437,0
0.0002405916,0
0.0007032786,0
0.00076525,0
0.00011918816,0
0.00024232453,0
0.0005814202,0
0.00027907293,0
0.00027533335,0
0.00017215521,0
0.0001318824,0
0.00048247562,0
0.00023870092,0
0.0007343122,0
0.00027251968,0
0.0001502008,0
0.00041924615,0
0.0003796911,0
0.00024547876,0
0.0019916254,0
0.00036953323,0
0.0001654942,0
0.00033360743,0
0.0012722439,0
0.00021199598,0
0.0014378607,0
0.00054688816,0
0.0007753901,0
0.00025149772,0
0.0005977889,0
0.0004783565,0
0.00021514826,0
0.0005313996,0
0.00052131835,0
0.00060090364,0
0.00022834922,0
0.0003716314,0
0.00070873625,0
0.00073459366,0
0.00027061006,0
0.00020192492,0
0.00021145771,0
0.0003319115,0
0.002442066,0
0.00045114776,0
0.00035261235,0
0.0002706905,0
0.0008533248,0
0.00037234684,0
0.0005663088,0
0.0002615699,0
8.9428235e-05,0
0.00085900276,0
0.00029177335,0
0.00062920933,0
0.0015116899,0
0.00051214424,0
0.00055623165,0
0.000111951806,0
0.00033018435,0
0.0022513105,0
0.002442066,0
0.0002066907,0
0.0007889785,0
0.0006796464,0
0.00039800946,0
0.00026112437,0
0.00035764946,0
0.0006227831,0
0.00040007164,0
0.00077007525,0
0.00029193622,0
0.0003180925,0
0.00022767662,0
0.00029619155,0
0.00024876103,0
0.0005112337,0
0.0004306115,0
0.0005020542,0
0.00030684087,0
0.000313627,0
0.0025453577,0
0.00018625637,0
0.00025601368,0
0.00081820315,0
0.0003956469,0
0.00038024987,0
0.00016982481,0
0.0005722237,0
0.00053279946,0
0.00015954333,0
0.00077500555,0
9.9910096e-05,0
0.0006643553,0
0.00037111947,0
0.00012305178,0
0.00065876055,0
0.00022010482,0
0.00030250725,0
0.00023989788,0
0.0004779737,0
0.00018239059,0
0.00046719227,0
0.00028038054,0
0.0002710591,0
0.0004913532,0
0.0005010123,0
0.0009672711,0
0.0009713281,0
0.00019699217,0
0.0016065026,0
0.00085479434,0
0.0001417971,0
7.5947304e-05,0
0.00039745,0
0.00051970984,0
0.00028088098,0
0.00037875038,0
0.0010050758,0
0.00012663995,0
0.000320198,0
0.0035110388,0
0.0002885094,0
0.0007650644,0
0.00032241538,0
0.0003095402,0
0.0003574416,0
0.00045235065,0
0.00026061214,0
0.00097247155,0
0.00030939587,0
0.0007284307,0
0.00025666837,0
0.0006430019,0
0.00013637719,0
0.0006078477,0
0.00035522322,0
0.00036415664,0
7.970548e-05,0
0.0005318746,0
8.896963e-05,0
0.00030825418,0
0.00045855207,0
0.00011248131,0
0.0007349288,0
0.00082068675,0
0.0004894401,0
0.0004909391,0
0.0007157754,0
0.0004133979,0
0.00025014754,0
0.0001361482,0
0.00025922008,0
0.000101785176,0
0.00016894672,0
0.0005960074,0
0.0005059787,0
0.002317315,0
0.0015228856,0
0.0011972707,0
0.00039683416,0
0.00026209853,0
0.0015628904,0
0.00043987643,0
0.00015335952,0
0.0006756695,0
0.0003411867,0
0.00016320137,0
0.00038080203,0
0.0002573058,0
0.00019114703,0
0.00022212348,0
0.0008211277,0
0.00125973,0
0.0013189894,0
0.00028842894,0
0.00014949412,0
0.00032435334,0
0.0002752083,0
0.00013310791,0
0.00068486604,0
0.0005769571,0
0.0002194034,0
0.0002181195,0
0.0002966721,0
0.00021105535,0
0.00063080975,0
0.00051503174,0
0.0005929431,0
0.0009825479,0
0.0007822768,0
0.00085099833,0
0.00044620258,0
0.0004575992,0
0.00013048566,0
0.0005743442,0
0.00025764134,0
0.0008250034,0
0.0002771192,0
8.526791e-05,0
0.00017516816,0
0.00022909063,0
0.0002277216,0
0.00045191293,0
0.0002795029,0
0.00029326277,0
0.00012091679,0
0.00022148219,0
0.0015627303,0
0.00070161186,0
0.0012416004,0
0.0006631244,0
0.0005294193,0
0.00031259464,0
0.0009016802,0
0.0006772879,0
0.00020471998,0
0.00035651852,0
0.0022661733,0
0.00016496248,0
0.0003947875,0
0.00058243325,0
0.00017533234,0
0.00028150904,0
0.0006319808,0
0.00015905211,0
0.0001804315,0
0.000737389,0
0.00052237784,0
9.114032e-05,0
0.00012231317,0
0.00032464226,0
0.00024474246,0
0.00041657657,0
0.0002231629,0
0.0001377121,0
0.00012386925,0
0.00011134702,0
0.00039414052,0
0.00018113072,0
0.00023899044,0
0.00061065645,0
0.00010338052,0
0.0006185597,0
0.000245274,0
0.00018732631,0
0.00025134027,0
0.00027099362,0
0.0002480675,0
0.0007057274,0
0.00051716063,0
0.00045710243,0
0.0006180792,0
0.0007903299,0
0.0016505958,0
0.00026167696,0
0.0013853938,0
0.00039356717,0
0.0053487895,0
0.0012457941,0
0.00012420316,0
0.0006721741,0
0.00012839487,0
0.0030668245,0
0.00034729327,0
0.0002173573,0
0.00027161217,0
0.00011994787,0
0.00032883714,0
0.0006140529,0
0.00016616593,0
0.00012417651,0
0.00083993684,0
0.00019469828,0
0.00017519404,0
0.00024282107,0
0.00011091359,0
0.0010616357,0
0.00018994346,0
0.00060972874,0
0.00044372474,0
0.00037846924,0
0.00036733403,0
0.0003009259,0
0.000704737,0
0.000121499,0
0.00027032988,0
0.00052659283,0
0.00045385858,0
0.00032934657,0
0.00027757604,0
0.0014631416,0
0.00028249843,0
0.00017479213,0
0.0046821223,0
0.00042057902,0
0.00035859586,0
0.0005263583,0
0.00023732541,0
0.0014087438,0
0.000709908,0
0.0025081418,0
0.0025709686,0
0.0004572719,0
0.00018558154,0
0.00016369432,0
0.000100656864,0
0.00052538334,0
0.0003673617,0
0.0013840619,0
0.000709413,0
0.00024192655,0
0.00012233747,0
0.00012261802,0
0.0007569668,0
0.00019837289,0
0.0005636402,0
9.0827845e-05,0
0.0003170377,0
0.001203687,0
0.00023697288,0
0.00019766347,0
0.0006573968,0
0.0006461622,0
0.00025547686,0
9.899847e-05,0
0.00089330145,0
0.00045643223,0
0.00033209007,0
0.00032115108,0
0.00045821132,0
0.00065111974,0
0.00042220514,0
0.0015108221,0
0.00020558447,0
0.00020491467,0
0.00015446398,0
8.524627e-05,0
0.00020328995,0
0.00042602446,0
0.00041546416,0
0.0007472501,0
0.0010966542,0
0.00041153876,0
0.001541872,0
0.001260129,0
0.00030395115,0
0.0004535317,0
0.00020867793,0
0.00013935273,0
0.0019568224,0
0.00027270892,0
0.0007595576,0
0.00012514436,0
0.0006998535,0
0.00025369946,0
0.00034883918,0
0.0002913052,0
0.00018552717,0
0.0008914017,0
0.00038380848,0
0.0006352823,0
0.0006893984,0
0.00010733722,0
0.0003733353,0
0.00018167085,0
0.00020847542,0
0.0004687467,0
0.0009935193,0
0.00010898748,0
0.001872216,0
0.000533588,0
0.00026348105,0
0.00037075838,0
0.00045532986,0
0.00021574102,0
0.0003917843,0
0.0009785155,0
0.00019559583,0
8.4930405e-05,0
0.00023216037,0
0.00123656,0
0.00033209007,0
0.00041424093,0
0.00045782467,0
0.00016995668,0
0.00035749614,0
0.00025483893,0
0.00011590173,0
0.00019435276,0
0.00034372933,0
0.00079953566,0
0.00031952604,0
0.0003880323,0
0.00036801278,0
0.00031558677,0
0.00043036428,0
0.0024062637,0
0.0008297036,0
0.00017356029,0
0.0018894903,0
0.0002908132,0
0.00085742935,0
0.00028967846,0
0.00028190616,0
0.0010166698,0
0.00021727881,0
0.0004936066,0
0.00072147226,0
0.0009684647,0
0.0017150411,0
0.002442066,0
0.00035042883,0
0.0017835615,0
0.00012731025,0
0.00011805003,0
0.0005309416,0
0.0006716739,0
0.00033687367,0
0.00015756741,0
0.00053245045,0
0.00018825303,0
0.0003420748,0
0.00084404484,0
0.0001775116,0
0.0006803049,0
0.0004203926,0
0.0021236716,0
0.000544661,0
0.00023413106,0
0.00050326873,0
0.0008691202,0
0.00038340624,0
0.00030909688,0
0.00020399997,0
7.0461385e-05,0
0.00020602503,0
0.00016640086,0
0.00021696692,0
0.00012579228,0
0.00014148006,0
0.00074859255,0
0.0011847937,0
0.0005060558,0
0.00046777862,0
0.0005547728,0
0.0009294248,0
0.00014140476,0
0.00025122133,0
0.000662215,0
0.0023696811,0
0.0001792712,0
0.00046702364,0
0.00029751522,0
0.00033793866,0
8.020007e-05,0
0.00010134871,0
0.00023090828,0
0.0011608925,0
0.00063054747,0
0.00022007905,0
0.0011459133,0
0.0005236767,0
0.0017441526,0
0.0002217286,0
0.0002788059,0
0.00015423022,0
0.0004641646,0
0.00012644337,0
0.00046794192,0
0.00049704744,0
0.0003363387,0
0.00041654817,0
0.0005076388,0
0.00026818892,0
0.00046478194,0
0.00038498937,0
0.000274385,0
0.00016307451,0
0.0002182259,0
0.00021756218,0
0.000105213774,0
0.0012572908,0
0.00011280232,0
0.00038095677,0
0.0007561709,0
0.00014077312,0
0.00030042732,0
0.00015289229,0
0.00018248438,0
0.00073464593,0
0.00055794657,0
0.00043740898,0
0.0013310509,0
0.00021964296,0
0.00042602094,0
0.00019106007,0
0.0005656052,0
9.623471e-05,0
0.0006983591,0
0.0001808539,0
0.0003706696,0
0.0004674666,0
0.00056758296,0
0.00053858303,0
0.0010159855,0
0.00051032903,0
0.00025282317,0
0.00011030597,0
0.00050672085,0
0.00065770245,0
0.0007470984,0
0.00037514832,0
0.00017951183,0
0.0013808858,0
0.00012183044,0
0.0024376037,0
0.00037496514,0
0.00010690994,0
0.00024866153,0
0.00039349968,0
0.0008376518,0
0.0007508714,0
0.0003638784,0
0.00013875004,0
0.0010530876,0
0.0010454988,0
0.0010851771,0
0.00060673204,0
0.00049800583,0
0.00015834931,0
0.00054950395,0
0.00023936386,0
0.00014245276,0
0.00010095633,0
0.0008422364,0
0.000100612226,0
0.00016574931,0
0.00025549822,0
0.00032193752,0
0.0005459252,0
0.0002659401,0
0.0004566909,0
0.00012261882,0
0.00040116895,0
0.00041684855,0
0.0002394583,0
0.00012467043,0
0.000276414,0
0.00037572373,0
0.0004443444,0
0.00027529965,0
0.0001808347,0
0.0003122565,0
0.00081791513,0
0.00013549856,0
0.00077131175,0
0.000556254,0
0.00020348217,0
0.0003637094,0
0.0005715628,0
0.0007595536,0
0.00016322608,0
0.0004718032,0
0.0003983946,0
0.00035996243,0
0.00036411468,0
0.0005736222,0
0.0006997398,0
0.0018733136,0
0.00028858808,0
0.0008470313,0
0.00023767805,0
0.00037195635,0
0.00055787014,0
0.00026989917,0
0.00016449546,0
0.0004952271,0
0.00021435028,0
0.00057188736,0
0.000243578,0
0.0005755774,0
0.00021795563,0
0.00021652195,0
0.00013621776,0
0.00058866886,0
0.0005319502,0
0.00019709594,0
0.0006953253,0
0.00046126446,0
0.00083994045,0
0.00050768995,0
0.00032712784,0
0.00011985074,0
0.000199099,0
0.0001985527,0
0.0005985222,0
0.00023118887,0
0.00022076123,0
0.00023724085,0
0.00034985336,0
0.0004342556,0
0.00024409339,0
0.00019557314,0
0.00014070727,0
0.00017559109,0
0.002848769,0
0.0002123517,0
0.00018046048,0
0.00034014037,0
0.00032949168,0
0.0006639881,0
9.310286e-05,0
0.00028030336,0
0.00080029847,0
0.0004969653,0
0.00067056424,0
0.00015400884,0
0.0004354247,0
0.0003081909,0
0.00026396115,0
0.00031300055,0
0.00031654254,0
0.000392348,0
0.000436638,0
0.00020589492,0
0.00020233335,0
0.0005526399,0
0.00058247714,0
0.0009122748,0
0.0009989792,0
0.00026493985,0
0.0002602468,0
0.0002163351,0
0.0003106401,0
0.001743176,0
0.0010312033,0
0.00033368389,0
0.0005890685,0
0.00030670088,0
0.00065811427,0
8.064998e-05,0
0.00013488818,0
0.00085856003,0
0.000118718664,0
0.00015390391,0
0.00034058536,0
0.00035154953,0
0.00024930993,0
0.00016358592,0
0.0002086133,0
0.00020059229,0
0.00037719353,0
0.00022049763,0
0.0007374123,0
0.00014520178,0
0.00013223206,0
0.00045937812,0
0.00014478284,0
0.0007966276,0
0.00012018872,0
0.00030342015,0
0.00021429543,0
0.0010110289,0
0.00023723676,0
0.00024411448,0
0.0002484855,0
0.00011021161,0
0.0001794822,0
0.0014307988,0
0.0002654228,0
0.00035303624,0
0.00026653762,0
0.0006388545,0
0.000686513,0
0.0006649538,0
0.00031771223,0
0.00044319552,0
0.0016032011,0
0.001325589,0
0.0002116729,0
0.00026417593,0
0.00014945128,0
0.00030971543,0
0.00020685692,0
0.00043022682,0
0.00044507236,0
0.0001552392,0
0.00020426835,0
0.00037553586,0
0.0010990119,0
0.00031834416,0
0.0001958304,0
0.00028632578,0
0.0003418673,0
0.0001604969,0
0.0003997957,0
0.00015226773,0
0.0007497136,0
0.0004385819,0
0.00029804968,0
0.00043372952,0
0.00014848569,0
6.8000656e-05,0
0.0011562549,0
0.00035587302,0
0.00028431567,0
0.000431643,0
0.00024368832,0
0.00013856677,0
0.00028190695,0
0.00040375948,0
0.0002931786,0
0.00053876895,0
0.00065244455,0
0.001305591,0
0.0006842586,0
0.00015122855,0
0.0020714593,0
0.00022752682,0
0.00080256024,0
0.0002310241,0
0.0001853523,0
0.000957803,0
0.0003720981,0
0.00025534432,0
0.0007909024,0
9.704863e-05,0
0.00024755896,0
0.00028687128,0
0.00017915749,0
0.0002047904,0
0.0009054939,0
0.00014210283,0
0.00022226994,0
0.00027183592,0
0.00048559025,0
0.0007344196,0
0.00043436364,0
0.0005305039,0
9.874587e-05,0
0.0004484224,0
0.00019155358,0
0.00075844064,0
0.00013076635,0
0.003113515,0
0.0002975311,0
0.00042709926,0
0.00083238556,0
0.00067035505,0
0.0003604577,0
0.00013053225,0
0.00025789594,0
0.00048048777,0
0.0005185853,0
0.0017347235,0
0.000259045,0
0.00021845852,0
0.00074253144,0
0.0015869478,0
0.0005114331,0
0.0007142945,0
0.00055600837,0
0.00029765398,0
0.00024273602,0
0.0005173415,0
0.0002457734,0
0.00012690526,0
0.00014843102,0
0.0003128639,0
0.0001844038,0
0.00018682977,0
0.00034558892,0
0.00033727376,0
0.00042080705,0
0.0010319507,0
0.00036428333,0
0.0011351074,0
0.00029453737,0
0.00011753854,0
0.0020209572,0
0.00020521486,0
0.00019307152,0
0.00084704533,0
7.047524e-05,0
0.00012911459,0
0.00035341462,0
0.00019455713,0
0.00014527372,0
0.0002466059,0
0.0007015766,0
0.0007807791,0
0.0008159712,0
0.000120254976,0
0.00019521058,0
0.00042700727,0
0.00025681808,0
0.00041815251,0
0.000901858,0
0.0006190719,0
0.00054052105,0
0.00018122558,0
0.00042080932,0
0.00028902933,0
0.0008788742,0
0.00022430193,0
0.00012810269,0
0.00075702905,0
0.00020270358,0
0.00091226597,0
0.0002507357,0
0.00014115688,0
0.00025190556,0
0.00085488753,0
0.00012932764,0
0.0018707544,0
0.0004275004,0
0.00013621776,0
0.000741236,0
0.00026254993,0
0.00042890533,0
0.00033037202,0
8.421541e-05,0
0.00023515242,0
0.0002588159,0
0.0005119729,0
0.00014899163,0
0.00042078824,0
0.00016593949,0
0.00038712838,0
0.00032825163,0
0.00024289651,0
0.0010647414,0
0.00031164428,0
0.00011125727,0
7.666415e-05,0
0.000105770676,0
0.0010241698,0
0.00096375623,0
0.00018138468,0
0.00064897153,0
0.00030032202,0
0.00017145202,0
0.00011272826,0
0.00013763025,0
0.00025843334,0
0.00045396836,0
0.00012579228,0
0.00025048997,0
0.0033691183,0
0.00014070727,0
0.0011368458,0
0.00017982932,0
0.00020672241,0
0.00043174755,0
0.0005357251,0
0.0005874454,0
0.00049410725,0
0.00014396018,0
9.2692644e-05,0
0.00018655315,0
0.00017669956,0
0.0003548417,0
0.00063585764,0
0.00050280255,0
0.00020615094,0
0.0007028746,0
0.002442066,0
0.00020115853,0
0.00026751988,0
0.00031123398,0
0.0002572912,0
0.00061399234,0
0.00026182714,0
0.00020119162,0
0.00023619487,0
0.000707774,0
0.000375694,0
0.00076496246,0
0.00073435606,0
0.00027581875,0
0.00040148775,0
0.0002475329,0
0.00061355205,0
0.0011701006,0
0.00021926493,0
0.0018090699,0
0.00021804974,0
0.00091903156,0
0.0003093766,0
0.0001415509,0
0.00028094786,0
0.00078508444,0
0.00044459,0
0.00037166034,0
0.00048081484,0
0.0009095335,0
0.00026175767,0
0.0026011798,0
0.0018864438,0
0.00016460262,0
0.0013422378,0
0.00025239075,0
0.00035713002,0
0.00052095915,0
0.00021381325,0
0.0003843917,0
0.0007951965,0
0.00018249944,0
0.0005109956,0
0.00047655913,0
0.0004703779,0
0.00082460564,0
0.00028689168,0
0.00016926976,0
0.00033553079,0
0.00039582062,0
0.00073136867,0
0.00021889067,0
0.000861172,0
0.00015375501,0
0.0007708646,0
0.0012770126,0
0.0016455139,0
0.0023571353,0
0.00025085086,0
0.00021806188,0
0.00023658726,0
0.00015609061,0
0.0008191794,0
0.0005680955,0
0.0006443247,0
0.00025036235,0
0.00040023678,0
0.0003548386,0
0.00034288614,0
0.0007056711,0
5.9707923e-05,0
0.0020301507,0
0.0001580566,0
0.00041078645,0
0.0011675416,0
7.7488585e-05,0
0.00013512214,0
0.0011045597,0
0.0011904286,0
0.0010686424,0
0.00019126502,0
0.00018801371,0
0.0005328624,0
0.00016879177,0
0.00041884053,0
0.00013621776,0
0.00014554987,0
0.00034008367,0
0.0010011191,0
0.0004964177,0
0.00037637577,0
0.00026311108,0
0.00035715627,0
0.00078484055,0
0.00019402706,0
0.00017482392,0
0.0005292905,0
0.001825774,0
0.00048722042,0
0.00057115644,0
0.0017156085,0
0.0002752651,0
0.00013515346,0
0.0013227138,0
0.00056418206,0
0.0007373202,0
0.00034599236,0
0.00040666334,0
9.0120746e-05,0
0.00023054703,0
0.00072392164,0
0.0018792639,0
8.273826e-05,0
0.002362546,0
0.0006168901,0
0.00027149564,0
0.0007446612,0
0.00022708823,0
0.0005681477,0
0.0002528615,0
0.000255529,0
0.00026898755,0
0.000322694,0
0.0003757772,0
0.00027894368,0
0.00028885624,0
0.0005530127,0
0.00011158195,0
0.0005271862,0
0.00053248985,0
0.0005054934,0
0.0003098908,0
0.00018047751,0
0.00095533323,0
0.0001568122,0
0.0003149993,0
0.0007867189,0
0.00017452156,0
0.0001384914,0
0.0015598902,0
0.0004442933,0
9.353899e-05,0
0.00039502772,0
0.0004223808,0
0.0012479563,0
0.00022786175,0
0.00032089947,0
0.0009848421,0
0.0010874912,0
0.0004564604,0
0.00023538587,0
0.0009037505,0
0.00045608083,0
0.00038855907,0
0.00045495466,0
0.00022961776,0
0.00023718148,0
0.0018572053,0
0.0004878229,0
0.00025464396,0
8.645367e-05,0
0.00042245915,0
0.00021726332,0
0.00075824093,0
0.0005094117,0
0.00067643373,0
0.0003364046,0
0.00022251342,0
0.00043127645,0
0.0007652293,0
0.00028075554,0
0.00086758577,0
0.00045812404,0
0.00029431458,0
0.00017418331,0
0.00032464665,0
0.0030048823,0
0.00034768734,0
0.0001623764,0
0.00015754493,0
0.00023551706,0
0.00058317854,0
0.00049731095,0
0.0017257269,0
0.0005948027,0
0.0015382483,0
0.00020023604,0
0.0005407282,0
0.00034114122,0
7.099101e-05,0
0.0001604969,0
0.00087337644,0
0.0053487914,0
0.0008873709,0
0.00025946146,0
0.00033018892,0
0.00022477965,0
0.0016354042,0
0.00036090612,0
0.0007014482,0
0.00010006124,0
0.00019222505,0
0.00093355426,0
0.0006637266,0
0.00021630089,0
0.00032278433,0
0.00036523567,0
0.00010654325,0
0.0003122898,0
0.0006103135,0
0.00073296286,0
0.00032160172,0
0.00011814,0
0.0018632001,0
0.00018915987,0
0.00016486138,0
0.001101115,0
0.00024782863,0
0.00030230198,0
0.00037457809,0
0.00019430593,0
0.0011401149,0
0.00570975,0
0.00028602235,0
0.00038318802,0
6.9475806e-05,0
0.0033496749,0
0.0001758973,0
0.00042948523,0
0.00056001596,0
0.0005488258,0
0.00057467987,0
0.00096428086,0
0.0004489204,0
0.0002004884,0
0.00031186105,0
0.00023551966,0
0.0003488229,0
0.00019578318,0
0.00027135943,0
0.00096553087,0
0.00023223119,0
0.00020957342,0
0.0007736606,0
0.000378286,0
0.00070684915,0
0.00026043493,0
0.00012970387,0
0.00037515518,0
0.0004052147,0
0.0005838753,0
0.00078919576,0
0.00041162467,0
0.00011562473,0
0.0003288494,0
0.00010358037,0
0.0005744649,0
0.00051043567,0
0.00049083424,0
0.00015847132,0
0.0013321539,0
0.00032481484,0
0.000298753,0
0.00025525165,0
0.00019249313,0
0.00026875635,0
0.00022292907,0
0.00032947038,0
0.00095902866,0
0.0002819113,0
0.00024790346,0
0.00032764493,0
0.00029913284,0
0.00013474844,0
0.00019330872,0
0.00034665843,0
0.00024126993,0
0.0003501913,0
0.00014958432,0
9.038034e-05,0
0.0003348833,0
0.00018223787,0
8.464716e-05,0
0.0005519115,0
0.00021902949,0
0.00023682464,0
0.00026173287,0
0.0007254782,0
0.00013330307,0
0.00017827904,0
0.000244541,0
0.0004443472,0
0.000728196,0
0.00023915537,0
0.00043690312,0
0.00015318605,0
6.858503e-05,0
0.0003331653,0
0.00063291384,0
0.00017355314,0
0.00071574224,0
0.00014014347,0
0.00010000627,0
0.0004489319,0
0.0003597135,0
0.0007840039,0
0.001651358,0
9.045127e-05,0
0.0008403547,0
0.0005401609,0
0.0002770799,0
0.00061009376,0
0.00012018872,0
0.0009919364,0
0.00060737296,0
0.0010489712,0
0.00041351607,0
0.0006661237,0
0.00073388935,0
0.0005110446,0
0.00027141802,0
0.00022383287,0
0.00079158583,0
0.00048265752,0
0.0006669995,0
0.00046075147,0
0.0005762622,0
0.0004255615,0
0.00016698246,0
0.00015989479,0
0.00061412307,0
0.000620984,0
0.000256101,0
0.00022453495,0
0.00023592115,0
9.530298e-05,0
0.00028626344,0
0.00022722739,0
0.00019476717,0
0.0021280458,0
0.03182083,0
0.00014167857,0
0.0014544027,0
0.00027448533,0
0.00018993649,0
0.00039633887,0
0.00018309447,0
0.0004290273,0
0.0005383025,0
0.045432188,0
0.0006660984,0
0.00056375406,0
0.00064467354,0
0.00013288493,0
0.0005970989,0
0.000119957804,0
0.00021980543,0
0.0005754874,0
0.00038016532,0
0.0010949743,0
0.00037696943,0
0.0002734148,0
0.00039551736,0
0.0019574089,0
0.00011704461,0
0.0031350572,0
0.0013290615,0
0.00023893884,0
0.0021852925,0
0.00017138895,0
0.00034813894,0
0.00047500985,0
0.00032040948,0
0.00021836189,0
0.00015924763,0
0.00045032296,0
0.00024027535,0
0.0009801028,0
0.0005286353,0
0.00012855575,0
0.00031799442,0
0.00014171824,0
0.0005300594,0
0.00053305586,0
0.0012087789,0
0.046091925,0
0.00035801216,0
0.0008054207,0
0.0001429237,0
0.00021437772,0
0.0007955448,0
0.00021119427,0
0.00015080738,0
0.00021113179,0
0.00011843003,0
0.00014854096,0
0.00013475634,0
0.00024335424,0
0.00011259429,0
0.00018889821,0
0.00035930783,0
0.00030402897,0
0.0005183134,0
0.00038859015,0
0.0005640193,0
0.00015756741,0
0.001418446,0
0.0003245601,0
0.0002962181,0
0.00024129785,0
0.0006401674,0
0.00022257611,0
0.00038653566,0
0.00038569837,0
5.0451938e-05,0
0.0011782156,0
0.00014241146,0
0.00073421514,0
0.00014211523,0
0.0002248783,0
0.0006870465,0
0.00059090793,0
0.00017182967,0
0.00046327378,0
0.0005719502,0
0.00043788995,0
9.1343834e-05,0
0.00021160557,0
0.00043082013,0
0.0026623204,0
0.0017080317,0
0.00053334085,0
0.00013796824,0
0.00046167054,0
0.00022824146,0
0.00047728233,0
8.186201e-05,0
0.00022460685,0
0.0023696811,0
0.00019582671,0
0.00018708034,0
0.00015732192,0
0.00024721952,0
0.00049639866,0
0.00030044504,0
0.00013622167,0
0.0007825008,0
0.00019934661,0
0.00029492774,0
0.0014006323,0
0.00017327232,0
0.00026995182,0
0.00045732854,0
0.00039879195,0
0.00019495978,0
0.00023028239,0
0.0002443703,0
0.00021602795,0
0.00024569835,0
0.00020913985,0
0.00025159153,0
0.00025883547,0
0.00050633174,0
0.0054643685,0
0.00033179804,0
0.000115839764,0
0.00015537124,0
0.0003113571,0
0.00035996246,0
0.00031870476,0
0.00030614086,0
0.00017426073,0
0.0031286902,0
0.00030652434,0
0.0012115816,0
0.00048592378,0
0.00031790015,0
0.00024084724,0
0.0016028015,0
0.00015071168,0
0.0006195244,0
0.00048187713,0
0.0066527333,0
0.00036428904,0
0.0013543911,0
0.00049420935,0
0.00032947992,0
0.00020700625,0
0.00024729452,0
0.00028339928,0
0.00045815305,0
0.0010831627,0
0.00066950195,0
0.00045791562,0
0.0010015505,0
0.0005333268,0
0.00023273255,0
0.00035800904,0
0.0005211289,0
0.0005243166,0
0.00025253152,0
0.00089404517,0
0.00041370938,0
0.0009428153,0
0.00025194613,0
0.00046886672,0
0.00022604839,0
0.0004975824,0
0.00011743117,0
0.0007138478,0
0.00010232884,0
0.00029449406,0
0.00026941238,0
0.0036383066,0
0.00026811266,0
0.0032004602,0
0.00036442277,0
0.00030392173,0
7.417355e-05,0
0.00023296634,0
0.0003389748,0
0.0017638312,0
0.003655762,0
0.00015428735,0
0.0002529686,0
0.0006565191,0
0.0006728243,0
0.00037625848,0
0.00017094091,0
0.00016498254,0
0.000360706,0
0.00039089017,0
0.00017359002,0
0.000721064,0
0.0014190314,0
0.000109937006,0
0.00013975587,0
0.00013621776,0
0.0004825955,0
0.00026792256,0
0.00033251254,0
0.0024062453,0
0.0011218595,0
0.0007651278,0
0.00046470316,0
0.00023073837,0
0.0006905437,0
0.0001761111,0
0.00016831007,0
0.00071871746,0
0.00021059543,0
0.0001697553,0
0.0005000776,0
0.00054751366,0
0.00035476204,0
0.0004016626,0
0.00012668544,0
0.00040755497,0
0.00022067757,0
0.00024668904,0
0.00017701679,0
0.00017734608,0
0.0008447484,0
0.00030413907,0
0.0007973612,0
7.978765e-05,0
0.00043711244,0
0.001508437,0
0.00041416567,0
0.00016122435,0
0.00021067011,0
0.0005044758,0
0.00013095448,0
0.00014393343,0
0.0001973421,0
0.00036560354,0
0.00038442196,0
0.0014677742,0
0.0015355499,0
0.00032915824,0
0.00014162644,0
0.0002954583,0
0.00034869334,0
0.0001262325,0
0.00089660345,0
0.00033336275,0
0.001840025,0
0.00016498254,0
8.6632324e-05,0
9.3126844e-05,0
0.00016256714,0
0.00075059466,0
0.00028442388,0
0.0005734316,0
0.00025699494,0
0.0010261949,0
0.00018169047,0
0.00054776756,0
0.0015683137,0
0.00820596,0
0.0030661873,0
0.00023730326,0
0.00043988752,0
0.00022235731,0
0.00015519398,0
0.00021857265,0
0.0005652132,0
0.00017437871,0
0.00064320076,0
0.0001313741,0
0.0002027799,0
0.00015826756,0
0.0006199795,0
0.045432188,0
0.00021238782,0
0.0003088812,0
0.005445911,0
0.00017786115,0
0.0009922653,0
0.00046682445,0
7.407887e-05,0
0.00014871471,0
0.00021077646,0
0.0012726424,0
0.00023276798,0
0.0020478477,0
0.00010083168,0
0.0010330507,0
0.00029924978,0
0.0008990222,0
0.0003960519,0
0.00025977675,0
0.000339431,0
0.0002524986,0
0.0031511774,0
0.0006414257,0
0.00037786277,0
0.0003420234,0
0.00058348913,0
8.985545e-05,0
0.00030409909,0
0.0002618696,0
0.00025808346,0
0.00019331009,0
0.002002676,0
0.0004875167,0
0.00020291662,0
0.0014632546,0
0.00034630432,0
0.000673403,0
0.00080222794,0
0.0005423728,0
5.7523208e-05,0
0.00042495914,0
0.00022309879,0
0.0004931235,0
0.00030628982,0
0.00041536082,0
0.000170859,0
0.0036384545,0
0.0002144546,0
0.00022712254,0
0.00035156033,0
0.00027990332,0
0.0005624232,0
0.00066176866,0
0.00038158445,0
0.00025711136,0
0.00011461327,0
0.00030748697,0
0.00093653693,0
6.0556347e-05,0
0.00024673739,0
0.00021755832,0
0.00018103511,0
0.00015793962,0
0.00031398403,0
0.000578429,0
0.0002123365,0
9.251904e-05,0
0.00014770842,0
0.00011170713,0
0.000504646,0
0.0008689569,0
0.0005241727,0
0.001360242,0
0.00035663455,0
0.0013620676,0
0.0003809013,0
0.00029370943,0
0.000103069164,0
0.000384225,0
0.00029074185,0
0.00010304066,0
0.00053700263,0
0.0008303906,0
0.00062175916,0
0.0024312555,0
0.00044232403,0
0.0008134153,0
0.0007409137,0
0.00014012273,0
0.00047190976,0
0.00027545902,0
0.0006189448,0
0.0004449738,0
0.00018453698,0
0.00042406446,0
0.0004437857,0
0.00073508755,0
0.00013666583,0
0.00026985453,0
0.00021993063,0
0.00026843173,0
0.0003399619,0
0.00018363331,0
0.00063454977,0
0.000472159,0
0.000215865,0
0.00076610566,0
0.00023317324,0
0.0005959976,0
0.00013444452,0
0.00010132247,0
0.0014557563,0
0.00014604417,0
0.00014356092,0
0.00015948647,0
0.00037915938,0
0.002489285,0
0.0006375858,0
0.00011347691,0
0.005122587,0
0.00023341467,0
0.0024646875,0
0.0006570908,0
0.0002551814,0
0.00030753028,0
0.0005261651,0
0.0001706113,0
0.0003694743,0
0.00040668732,0
0.00017471937,0
0.00015496279,0
0.00032798853,0
0.00017878032,0
0.00014735099,0
0.0024876571,0
0.00023426184,0
0.00027343124,0
0.0021063287,0
0.00018218941,0
0.0021648586,0
0.0003983473,0
0.0007939977,0
0.00022342468,0
0.00026359715,0
0.000750924,0
0.0010889263,0
0.0002648816,0
0.0005266658,0
0.00055753585,0
0.0011510644,0
0.0002620832,0
0.0015118947,0
0.00145533,0
7.7685596e-05,0
0.0002670351,0
0.00021143448,0
0.00017893818,0
0.0001190389,0
0.00095455983,0
0.00010390666,0
0.0011313099,0
0.00023073916,0
0.00028700064,0
0.00035705324,0
0.00020484881,0
0.00042634975,0
0.00030964235,0
0.00044852647,0
0.0015236847,0
0.0033897306,0
0.00026760643,0
0.0013661426,0
0.00032127352,0
0.00047274443,0
0.00018936847,0
0.00018748094,0
0.00043202192,0
0.00027210265,0
0.00053777796,0
0.00029171148,0
0.000514434,0
0.00031980223,0
0.00033238705,0
0.00013350465,0
0.00023757761,0
0.000562378,0
0.00052553933,0
0.00036459204,0
0.00023221692,0
0.00021691997,0
0.0007463632,0
0.00052546157,0
0.00097292144,0
0.00029907402,0
0.00036247863,0
0.00027676974,0
0.00015454956,0
0.0005699774,0
0.0007440878,0
0.00034309438,0
0.00027892445,0
0.0009281332,0
0.0015593447,0
0.00043244683,0
0.00020683595,0
0.000121913974,0
0.0003842408,0
0.0012017383,0
0.00028841328,0
0.00021510842,0
0.00014973491,0
0.0002071969,0
0.00040978775,0
0.00014964194,0
0.00019058856,0
0.0005184692,0
0.00032695156,0
0.0001495614,0
0.00047855877,0
0.000290013,0
0.0006861062,0
0.00040274442,0
0.0007477548,0
0.0007488452,0
0.0002004884,0
0.00061626895,0
8.2210085e-05,0
0.0002824434,0
0.00032851275,0
0.00022233913,0
0.00046188416,0
0.00031107842,0
0.0005446223,0
0.00040956878,0
0.00016150888,0
0.00023967832,0
0.00024733634,0
0.00015519398,0
0.00012434862,0
0.0006019467,0
0.00027142864,0
0.00030026832,0
0.0005196165,0
0.00033068316,0
0.000201666,0
0.00031814308,0
0.00020938026,0
0.0005314895,0
0.00018547932,0
0.00018534233,0
0.00083660294,0
0.00055178866,0
0.0010705276,0
0.00017928919,0
0.00034331597,0
0.0004744572,0
0.0001281704,0
0.0004358307,0
0.00022859595,0
0.0001514365,0
0.00021677857,0
0.00029719208,0
0.00029927096,0
0.00020642424,0
0.00045779985,0
0.00045214008,0
0.00022826306,0
0.000100939484,0
0.00031409235,0
0.00023826929,0
0.00042640307,0
0.0011018836,0
0.00010401086,0
0.0028985501,0
0.00035632355,0
0.00016482611,0
0.0005316063,0
0.0004216056,0
0.00089904096,0
0.00027149005,0
0.00019971223,0
0.00044153506,0
0.00060871354,0
0.000360567,0
0.00030247474,0
0.00019373986,0
0.00014807154,0
0.0027857583,0
0.0004364627,0
0.0004285638,0
0.0003577975,0
0.0003946554,0
0.0006340223,0
0.00010599789,0
0.00066539826,0
0.0013237093,0
0.00010944096,0
0.0012098494,0
0.00021813977,0
0.0012370122,0
0.00028974304,0
0.00050614984,0
0.00018758609,0
0.00028864155,0
0.00016807731,0
0.0023696811,0
0.00024194893,0
0.00022688681,0
0.00014443263,0
0.00031912618,0
0.0009866182,0
0.000806166,0
0.00012938125,0
0.00042195237,0
0.00022574155,0
0.00038635707,0
0.00019490291,0
0.00036291432,0
0.00023700563,0
0.00023037239,0
0.0015368545,0
0.00046208728,0
0.0006737385,0
0.0012062402,0
0.00015788389,0
0.0002687465,0
0.00055981876,0
0.00018995456,0
0.00041268975,0
0.00042845253,0
0.001036983,0
0.0003193348,0
0.00012866588,0
0.00022476405,0
0.0005844085,0
0.0019644727,0
0.0016303813,0
0.00017895276,0
0.0006565038,0
0.00020031263,0
0.0002937462,0
0.0004098905,0
0.0005018607,0
0.00060657447,0
0.00021967229,0
0.00077821204,0
0.00012644337,0
0.00021061454,0
0.0031656635,0
0.0013573663,0
0.0008096806,0
0.00021345574,0
0.00012761613,0
0.00028474876,0
0.000102922946,0
5.857501e-05,0
0.0001241323,0
0.00031371767,0
0.0004884516,0
0.00018236863,0
0.00042477006,0
0.00076999445,0
0.00050187565,0
0.00030596482,0
0.00036836305,0
0.0017108971,0
0.0015109378,0
0.0004910998,0
0.0025226532,0
0.00045283837,0
0.00065910816,0
0.00018063943,0
0.00025549164,0
0.00043646176,0
0.00017228755,0
0.00034753012,0
0.00020029479,0
0.00065120606,0
0.0005173189,0
0.0010012597,0
0.00020039522,0
0.00047796068,0
0.0001669011,0
0.001490917,0
0.00027473166,0
0.00079158583,0
0.00022491065,0
0.00034474206,0
0.0023696811,0
0.0006106513,0
0.0014327773,0
0.00021760409,0
0.00035026873,0
0.0003590228,0
0.0007102419,0
0.0012521876,0
0.00059015595,0
0.0018028832,0
0.0003954454,0
0.00012938587,0
0.0003726813,0
0.00088792574,0
0.0009841943,0
0.00020348078,0
0.00015577603,0
0.00024642385,0
0.00018074292,0
0.0007284206,0
0.00012564303,0
0.00015967403,0
0.0013634535,0
0.00032378855,0
0.00056285353,0
0.00042311198,0
0.00036740152,0
0.0021365734,0
0.0010606904,0
0.00039055556,0
0.00023538481,0
0.00095183856,0
0.023430813,0
0.00029583112,0
0.00022163794,0
0.00097396504,0
0.0002885832,0
0.0004036569,0
0.0009508342,0
0.00022637642,0
0.00089016976,0
0.00062741496,0
0.0006038704,0
0.0004901395,0
0.00018184022,0
0.00030275274,0
0.00016303662,0
0.00015064543,0
0.0004402877,0
0.00049530866,0
0.00046218385,0
0.00012386925,0
0.00049628573,0
0.00027363465,0
0.00033741072,0
0.00021629248,0
0.00076702976,0
0.0004207411,0
0.00052025623,0
0.0005258273,0
0.0002207812,0
0.00016875073,0
0.00028003973,0
0.00020928984,0
0.0023696811,0
0.000886656,0
0.0001911541,0
0.00020114995,0
0.0005324262,0
0.00038045176,0
0.00048890855,0
0.00039755928,0
0.00040456667,0
0.00012592199,0
0.00081940973,0
0.00096190086,0
0.00028362984,0
0.00015734918,0
0.00036567086,0
0.00038438296,0
0.00021831179,0
0.0005623275,0
0.00036036887,0
0.00032107183,0
0.0013685666,0
0.0014773553,0
0.0005353193,0
0.0003556774,0
0.00061530806,0
0.00022865392,0
0.0006598983,0
0.0001794214,0
0.0002715977,0
0.00017033883,0
0.001110796,0
0.0007663181,0
0.00020360114,0
0.0005004165,0
0.0004217124,0
0.00073152606,0
0.00029003998,0
0.00039689484,0
0.00033735152,0
0.0005541265,0
0.0001353486,0
0.00057670835,0
0.00018592809,0
0.00011901021,0
0.0015950172,0
0.0011140365,0
0.00015541074,0
0.00013930867,0
0.0015464075,0
0.00078816386,0
0.00071558886,0
0.0004659659,0
0.00044078205,0
0.00018400594,0
9.6266245e-05,0
7.128291e-05,0
0.00017081462,0
0.0007843747,0
0.00028260105,0
0.0004386717,0
9.911857e-05,0
0.00031746505,0
0.00024772764,0
0.0005207577,0
0.00081687473,0
0.0003468565,0
0.00016281912,0
0.0007577316,0
0.0005739959,0
0.0005129246,0
0.00019790538,0
0.00017034696,0
0.00015226366,0
0.00074345944,0
0.00029842302,0
0.00028027323,0
0.0006395399,0
0.00011439176,0
0.0008601398,0
0.0006153949,0
0.0005459591,0
0.001034199,0
0.0010027257,0
0.00036891398,0
0.00038479723,0
0.00014502613,0
0.00022186164,0
0.00019749036,0
0.0011140777,0
0.00060375483,0
0.005051139,0
0.0009152924,0
0.00046206382,0
0.00057453086,0
0.00012450456,0
0.0012120281,0
0.0030570906,0
0.000620607,0
0.00060330925,0
0.00038311412,0
0.0004341502,0
0.00028667288,0
0.0011194414,0
0.0004266643,0
0.0006862025,0
0.00035388343,0
0.00013682932,0
0.00010148351,0
0.00038511647,0
0.00016447475,0
0.00035111106,0
0.00070536585,0
0.00040189986,0
0.0007064013,0
0.00039037806,0
0.0004884976,0
0.00017253992,0
0.0006293313,0
0.00071527524,0
0.0028314625,0
0.00030686962,0
0.00018240369,0
0.00025419568,0
0.0002904523,0
0.00024741047,0
0.00060030876,0
0.00094759325,0
0.00023942738,0
0.00087122724,0
0.0002761886,0
0.00021016423,0
0.0014263666,0
0.00058894535,0
0.00020701996,0
0.00018610044,0
0.0011859939,0
9.799289e-05,0
0.0003520517,0
0.00023255732,0
0.00017260983,0
0.0003217772,0
0.00013485088,0
0.00022944127,0
8.1018195e-05,0
0.00078518083,0
0.00025527703,0
0.0002222666,0
0.0016571806,0
0.00036902478,0
0.00014802274,0
0.0010234619,0
0.00083393196,0
0.0011364194,0
0.0002155868,0
0.00012980311,0
0.00028129842,0
0.00021079154,0
0.0004661216,0
0.00021796415,0
0.00017539591,0
0.00042919526,0
0.0023696811,0
0.00015577603,0
8.8404806e-05,0
0.00019189561,0
0.00030785252,0
0.00026324962,0
0.00017279683,0
0.0007841634,0
0.000507465,0
0.00047294036,0
0.00029366283,0
0.00019858633,0
0.00022265968,0
0.0010251154,0
0.00059811666,0
0.0005211398,0
0.00030846498,0
0.0002919248,0
0.0001728746,0
0.00090669765,0
0.0001858904,0
0.00092776277,0
0.0024276245,0
0.0002865566,0
0.00039503316,0
0.0004926537,0
0.00063351955,0
0.00032460823,0
0.00023989788,0
0.002354492,0
0.00024571095,0
0.001498477,0
0.00068587926,0
0.00036878034,0
0.0002738691,0
0.00028260268,0
0.00023540898,0
0.0006880428,0
0.00023703893,0
0.0001887726,0
7.87515e-05,0
0.00026418339,0
0.00016610647,0
8.312813e-05,0
0.00012406617,0
0.0005860401,0
0.00015226773,0
0.00017275,0
0.0010084084,0
5.9745726e-05,0
0.00062929984,0
0.00064983725,0
0.0006044149,0
0.00032984457,0
0.00047456071,0
0.0013463959,0
0.0006405973,0
0.00026347121,0
0.0003024345,0
0.00026226052,0
0.0003813372,0
0.00011817031,0
0.0018751096,0
0.00083497376,0
0.00035750406,0
0.00027292708,0
0.0005352451,0
0.00058284815,0
0.00026151072,0
8.0621656e-05,0
0.00026453953,0
0.00064231816,0
0.0006538285,0
0.00084336265,0
0.0018963465,0
0.0006666848,0
0.00016499696,0
0.00061384594,0
0.00017603913,0
0.0001969578,0
0.00013843975,0
0.0005813903,0
0.0005404892,0
0.00023774322,0
0.0008976509,0
0.00017485049,0
0.00032905134,0
0.0010447245,0
0.00015939641,0
0.00045186438,0
0.00069895934,0
0.0018309037,0
0.0018384248,0
0.00021903632,0
0.00024060252,0
0.00043417705,0
0.00068496144,0
0.0002661243,0
0.0012269529,0
0.00028722713,0
0.00080084614,0
0.00065450626,0
0.0004717053,0
0.00027755043,0
0.00029862984,0
0.001221061,0
0.00015028722,0
0.00029356166,0
0.00019907377,0
0.00017113524,0
0.0004210007,0
0.0004260456,0
0.00013990115,0
0.00030653467,0
0.00020648878,0
0.0003087037,0
0.00090479886,0
0.0015815856,0
0.00031771476,0
0.00030102782,0
0.0009150679,0
0.0012642005,0
0.0003936343,0
0.00021158527,0
0.00015379532,0
9.052194e-05,0
0.00022966108,0
0.00026152298,0
0.00031284604,0
0.00038704925,0
5.823133e-05,0
0.00028264924,0
0.0003644306,0
0.0013028324,0
0.0006027693,0
0.00016834833,0
0.00057504396,0
0.00023228549,0
0.00023962285,0
0.00046526888,0
0.00017381103,0
0.0011711707,0
0.00015378815,0
0.0006375766,0
0.00015364806,0
0.00054204505,0
0.0005609485,0
0.0002152638,0
8.483269e-05,0
0.00027103728,0
0.00019305001,0
0.00029091863,0
0.00055813754,0
8.7672735e-05,0
0.0005978867,0
0.00071901205,0
0.00057169027,0
0.0016758629,0
0.00073021767,0
0.00047649475,0
0.0004158838,0
0.00065537385,0
0.0004453332,0
0.00025139147,0
0.0002643781,0
0.00026620482,0
0.00037882413,0
0.0002793586,0
7.850565e-05,0
0.00021900343,0
0.00018512868,0
0.0017646432,0
8.8310044e-05,0
0.00036585974,0
0.00015099252,0
0.00045918577,0
0.00010806472,0
0.0004327921,0
0.00010751898,0
0.0010643302,0
0.00032040072,0
0.00094083644,0
0.000199645,0
0.00021326324,0
0.0008134282,0
0.00020122249,0
0.0014062736,0
0.00019771088,0
0.00015779078,0
0.0001736527,0
0.00034302217,0
0.00077662856,0
0.0002566536,0
0.00015478463,0
0.00033213128,0
0.00048951927,0
0.00016908073,0
0.00015156905,0
0.0010584226,0
0.00080792495,0
0.00020608785,0
0.0001449299,0
0.0031919605,0
0.00075989193,0
0.0006343046,0
0.00011840292,0
0.001749307,0
0.00029156372,0
0.00088428217,0
0.00074316876,0
0.00023891087,0
0.0013414103,0
0.00029260898,0
0.030694006,0
0.00016254158,0
0.00014554987,0
0.00028655145,0
0.00019849386,0
0.00035081006,0
0.00016702732,0
0.00024938872,0
0.00018834186,0
0.0001358992,0
0.000104138315,0
0.0004140769,0
0.00036059748,0
0.0002968853,0
0.00046374553,0
0.00039759997,0
0.0006052551,0
0.0019277015,0
0.00025882735,0
0.00022890071,0
0.00012127188,0
0.00025593894,0
0.00023688578,0
8.270716e-05,0
0.0005602185,0
0.00027991532,0
0.00027107922,0
0.00016875938,0
0.00021781726,0
0.00053625676,0
0.00020826438,0
0.00046580788,0
0.0001851478,0
0.00020554365,0
0.0010119218,0
0.0002550989,0
0.00080122415,0
0.00019473222,0
0.00086390035,0
9.4892646e-05,0
0.00022113045,0
0.00020015535,0
0.00032827933,0
0.0004894102,0
0.00086655223,0
0.00047984478,0
7.2821334e-05,0
0.00025811256,0
0.0002565841,0
0.0010844307,0
0.0001120529,0
0.00022696133,0
0.00022852427,0
0.00057859725,0
0.0007868793,0
0.00036385757,0
0.00018226184,0
0.0008485646,0
0.0008507803,0
0.0005840895,0
0.00021771547,0
0.0034558661,0
0.0008951968,0
0.001211789,0
8.2695835e-05,0
0.0002836928,0
0.0002626258,0
0.00039431808,0
0.00034877463,0
0.00026909553,0
8.676802e-05,0
0.00018359182,0
7.842803e-05,0
0.0010132169,0
0.00034088644,0
0.0004138782,0
0.00026270904,0
0.00045548868,0
0.0016954368,0
0.0012623367,0
0.0002538911,0
0.00046313342,0
0.0002873108,0
0.0004521192,0
0.00014234011,0
0.0017372282,0
0.0005012081,0
0.0006166419,0
0.00024734405,0
0.00036760082,0
0.00020754189,0
0.00013359022,0
0.0003560608,0
0.00046315076,0
0.0010548073,0
0.00045752712,0
0.0004925766,0
0.0002102834,0
0.00031851247,0
0.00012276048,0
0.0002713083,0
0.00014295998,0
0.00014057552,0
0.0013030588,0
0.00038871967,0
8.603611e-05,0
0.0006390263,0
0.0017746107,0
0.00076095655,0
0.00016509417,0
0.001175728,0
0.0004261558,0
0.00030179304,0
0.00085046864,0
0.0005133249,0
0.00031583544,0
0.000997974,0
0.0016768838,0
0.0001076371,0
0.0016281633,0
0.00014385971,0
0.0002763892,0
0.00028462018,0
0.00029562597,0
0.00018943801,0
7.227022e-05,0
0.00092115835,0
0.00013768056,0
0.00044435222,0
0.00054992863,0
0.00030288135,0
0.0002004884,0
0.0007841634,0
0.00056633767,0
0.0008759974,0
0.0006263992,0
0.00015580103,0
0.0008252584,0
0.000283173,0
0.000786605,0
0.00012911459,0
0.0005232606,0
0.0005770135,0
0.00011486479,0
0.00014620197,0
0.00032871345,0
0.0013093755,0
0.0006411275,0
0.00045109523,0
0.00058754516,0
0.00020939343,0
0.0003113154,0
0.00037822322,0
0.00040475276,0
0.0011432153,0
0.0008319661,0
8.076959e-05,0
0.000625239,0
0.0002142028,0
0.00032023847,0
0.000394968,0
0.00072747655,0
0.00024990813,0
0.00021779074,0
0.0006129244,0
0.00029778812,0
0.00028709997,0
0.00015047756,0
0.00044478028,0
0.0001301786,0
0.00047192944,0
0.0005217598,0
0.00022964687,0
8.6154796e-05,0
0.001360393,0
0.00029412913,0
0.00028595276,0
0.00035325598,0
0.00021901324,0
0.00015004538,0
0.0001283596,0
0.00029920798,0
0.00035890157,0
0.0008513148,0
0.00038029416,0
0.0004364859,0
0.0003194648,0
0.00026142882,0
0.00023328103,0
0.00065046526,0
0.0019954124,0
0.00019229407,0
8.061536e-05,0
0.00073718565,0
0.00012779511,0
0.00041006986,0
0.00034616535,0
0.00071756874,0
0.0006550948,0
0.00013125858,0
0.00041108846,0
0.0011536848,0
0.0015612093,0
0.00018462237,0
0.00028194426,0
0.0005164832,0
0.000542922,0
0.00015880361,0
0.00047619114,0
0.0005029637,0
0.0010361004,0
0.0007660725,0
0.0001503088,0
0.00020703215,0
0.00027907698,0
0.00021893893,0
0.00019483264,0
0.0005477556,0
0.0003788504,0
0.00060453103,0
0.00045560123,0
0.00022368236,0
0.00022147513,0
0.00070759055,0
0.00044582805,0
0.0007201902,0
0.0010546005,0
0.00042285776,0
0.00016698246,0
0.0008023766,0
0.00033375117,0
0.00063293136,0
0.00042810765,0
0.00022328488,0
0.00050573394,0
0.0037215692,0
0.00015857643,0
0.00045229003,0
0.00037605732,0
0.00039721918,0
0.00037488513,0
0.0011917268,0
0.00017119983,0
0.00048310647,0
0.0002218061,0
0.001479162,0
0.00015577603,0
0.000533533,0
0.0004295762,0
0.00053435867,0
0.0005912561,0
0.00022706424,0
0.00011873262,0
0.0015545692,0
0.00045237978,0
0.0004840366,0
0.0003159688,0
0.00050754414,0
0.0007101521,0
0.00089647574,0
0.00046068904,0
0.00056129385,0
0.00018053982,0
0.00023198314,0
0.0002531597,0
0.000214836,0
0.00032332275,0
0.00013082605,0
0.00013289093,0
0.0008882713,0
0.00016462583,0
0.0013742297,0
0.00012142303,0
0.00039686827,0
0.00017392758,0
0.0009306365,0
0.0004163555,0
0.000227538,0
0.00019961456,0
0.00028536908,0
9.417324e-05,0
0.00024543054,0
0.00043429367,0
0.00069465424,0
0.00022922251,0
0.0011472416,0
0.00027851597,0
0.00040323965,0
0.0006435547,0
0.00012999534,0
0.0017253421,0
0.0007354591,0
0.0002911013,0
0.00050801534,0
0.00056852755,0
0.00025507907,0
0.0005714996,0
8.876723e-05,0
0.0018552751,0
0.00041670498,0
0.0005513165,0
0.0002261799,0
0.0026135198,0
9.5666604e-05,0
0.00070415897,0
0.001101562,0
0.0008127817,0
0.00091565057,0
0.000108990374,0
0.00036159312,0
0.00014627988,0
0.00085380516,0
0.00186314,0
0.00023145524,0
0.00059637666,0
0.00045950676,0
0.0004894216,0
0.00018721675,0
0.0007436185,0
0.0013371555,0
0.00033584467,0
0.0002516857,0
0.0005736222,0
0.00055372086,0
0.00014897874,0
0.00031831034,0
0.00018872673,0
0.00010700399,0
0.00016847797,0
0.0004936918,0
0.0002201284,0
0.00016701582,0
0.0006039715,0
0.00022345972,0
0.0025555736,0
0.00016082641,0
0.00052746205,0
0.0003658634,0
0.000104316874,0
0.00018658859,0
0.00035016032,0
0.0005768137,0
0.00042374598,0
0.00031300003,0
0.00039372797,0
0.00011421603,0
0.0012197461,0
0.00026855667,0
0.0004850349,0
0.0001984959,0
0.00018834864,0
0.0010958636,0
0.00037628794,0
0.0006446222,0
0.00025351252,0
0.00055406394,0
0.00082164013,0
0.00015008336,0
0.00060004333,0
0.00018201121,0
0.0004641644,0
0.0005812896,0
0.00033104492,0
0.000118645316,0
8.3076506e-05,0
0.0023696811,0
0.00021074146,0
0.0005116574,0
0.00025068075,0
0.000894342,0
0.00026932402,0
0.0012808903,0
0.00030756646,0
0.00032258045,0
0.00019413633,0
0.00026417593,0
0.00012423353,0
0.00031608518,0
0.000560441,0
0.00046522726,0
0.00058594084,0
0.00040800535,0
0.000526397,0
0.00060982996,0
0.0003640838,0
0.00031745684,0
0.0001894561,0
0.00014714299,0
0.00030335982,0
0.0001708123,0
0.00068193907,0
0.00015729298,0
0.00015756741,0
0.0023237604,0
0.00016103602,0
0.00011775855,0
0.0001186732,0
0.00018239158,0
0.00020281073,0
0.0003359577,0
0.00020117982,0
0.00043003928,0
0.0075219898,0
0.00046380685,0
0.00027807098,0
0.0007575624,0
0.0007188681,0
0.0005935929,0
0.00060640636,0
0.000104919585,0
0.00022415821,0
0.00016483913,0
0.00032002295,0
0.0005628215,0
0.0023268845,0
0.0002401048,0
0.00041358406,0
0.0002605458,0
0.00020370376,0
0.0005968744,0
0.00046012743,0
0.0004509067,0
0.00014709999,0
0.00040525498,0
0.00046304616,0
9.360723e-05,0
0.00010605102,0
0.00023720264,0
0.00012008421,0
0.001252181,0
0.00015551428,0
0.0004855489,0
0.0002146892,0
0.0003876493,0
0.00011979273,0
0.00053509494,0
0.0002829679,0
0.00026172813,0
0.0003295819,0
0.00017925524,0
0.0008185013,0
0.0005393116,0
0.00025234115,0
0.00024257653,0
0.0001243677,0
0.00047001283,0
0.00058363663,0
0.00031993224,0
0.0018011144,0
0.00019700146,0
0.00040736902,0
0.00019527541,0
0.00018350751,0
0.0005420884,0
0.00016429188,0
9.630378e-05,0
0.00014073486,0
0.00043710528,0
0.0003119404,0
0.00030151033,0
0.0013298438,0
0.00140573,0
0.00015373123,0
0.00028107868,0
0.00034054738,0
0.00032396,0
0.00039151582,0
0.0009944546,0
0.00022976546,0
0.00019796904,0
0.00074430555,0
0.0007814822,0
0.00040491714,0
0.00019148634,0
0.0004102819,0
0.0017823579,0
0.014121298,0
0.00036566297,0
0.00034889526,0
0.00021258113,0
0.0014228006,0
0.0006610226,0
9.615948e-05,0
0.00076652464,0
0.0010989252,0
0.0002849532,0
0.00033149772,0
0.0005104405,0
0.00063657685,0
0.0007332652,0
0.0012657839,0
0.0006157449,0
0.0006131555,0
0.0003646473,0
0.0005720635,0
0.0005020346,0
0.00015577603,0
0.0004393713,0
0.00018348481,0
0.0001899263,0
0.00013068791,0
0.00021846395,0
0.0006942794,0
0.00079769106,0
0.00055968884,0
0.00037934157,0
0.00078229624,0
0.0005599496,0
0.00030916347,0
0.00031010542,0
0.0008485978,0
0.00016423746,0
0.000232291,0
0.00019722994,0
0.00074270833,0
0.00042355864,0
0.00043469848,0
0.0004059681,0
0.00042458452,0
0.00069424196,0
0.00024916866,0
0.00045888792,0
0.00031736455,0
0.000509712,0
0.00096558844,0
0.00016404408,0
0.0013236261,0
0.00022828628,0
0.0002634599,0
0.00063129683,0
0.0005498349,0
0.00034317764,0
0.00026087544,0
0.0004103514,0
0.00022861613,0
0.0001522789,0
0.00092949864,0
0.0013894892,0
0.00023890375,0
0.00045234762,0
0.00039376089,0
0.0002468399,0
0.0002747315,0
0.00022428011,0
0.00013147385,0
0.00021912184,0
0.0016649745,0
0.0005512887,0
0.00019209857,0
0.00026277197,0
0.0003118334,0
0.0008533248,0
0.000339608,0
0.0010561727,0
0.0006350365,0
0.0002851191,0
0.0044319862,0
0.00017121698,0
0.00033827143,0
0.00022271328,0
0.0002852298,0
9.7465e-05,0
0.00022616345,0
0.00019647367,0
0.0004729604,0
0.0002093564,0
0.0004033412,0
0.0001669011,0
0.00014156266,0
0.0011559395,0
0.00040574893,0
0.00063849665,0
0.00047866686,0
0.00066886976,0
0.00016656746,0
0.00023836616,0
0.0020001645,0
0.00043877482,0
0.0010678296,0
0.00029758096,0
9.6608965e-05,0
0.0010242288,0
0.00040914663,0
0.00030823605,0
0.00021226959,0
0.00087667553,0
0.0007255986,0
0.00035178408,0
0.00044223852,0
0.000677642,0
0.00018771776,0
0.00056181714,0
0.00016410119,0
0.00037895815,0
0.00017316693,0
0.00043804408,0
0.00022157736,0
0.0002622306,0
0.0007841634,0
0.00018960985,0
0.00036824765,0
0.00034700657,0
0.00079158583,0
0.0013426996,0
0.0005587139,0
0.00029879,0
0.0001616203,0
0.0002461262,0
0.000809353,0
0.028410455,0
0.00013475634,0
0.00079056213,0
0.00010722507,0
0.0037255676,0
0.00049334887,0
0.0019619155,0
0.0003329673,0
0.0002925271,0
0.00017952378,0
0.0023696811,0
0.00046123166,0
0.000334002,0
0.000109773275,0
0.00018847495,0
0.0007681758,0
0.0011301857,0
0.0003405439,0
0.00018746889,0
0.0018985723,0
0.00031978547,0
0.00022064718,0
0.00017533234,0
0.00010831652,0
0.00080797524,0
0.0004655662,0
0.0004001711,0
0.0014992106,0
0.00058336277,0
0.0007290971,0
0.00012545411,0
0.00071756594,0
0.0002118815,0
0.00037690776,0
0.00020964656,0
0.0003002709,0
0.00090085925,0
0.0001708123,0
0.00041316327,0
0.0003874494,0
8.254708e-05,0
0.0002066618,0
0.00080363866,0
0.00017547629,0
9.924834e-05,0
0.00015216654,0
0.000108566266,0
0.0006259859,0
0.0005207369,0
0.0005049573,0
0.00024720517,0
0.0005012817,0
0.00045791015,0
0.0003628872,0
0.00036328254,0
0.0007880905,0
0.00019993112,0
0.00030455302,0
0.0002927386,0
0.00054369797,0
0.0005154671,0
0.00030428503,0
0.0006698717,0
0.00012264516,0
0.0013013618,0
0.000228124,0
9.461442e-05,0
0.00060035335,0
0.0003958467,0
0.00037069008,0
0.00028897883,0
0.0018870102,0
0.0004230384,0
0.00033771558,0
0.00033270614,0
0.00044218963,0
0.00037638575,0
0.00015539465,0
0.000113310736,0
0.0004029951,0
0.0001669011,0
0.00019037207,0
0.00020075023,0
0.0003085896,0
0.00058408076,0
0.0005640124,0
0.0002080261,0
0.00084086426,0
0.004327907,0
0.00048176543,0
0.00013535481,0
0.0003966583,0
7.881169e-05,0
0.0002425309,0
0.0020277654,0
0.00056454394,0
0.0004292436,0
0.00035633746,0
0.00023365853,0
0.00048369996,0
0.0013510641,0
0.0002308234,0
0.00019158391,0
0.000268054,0
0.00038308874,0
0.00052632147,0
0.0005019816,0
0.00056579785,0
0.00060527946,0
0.00088619284,0
0.00030705376,0
0.00040432526,0
0.000352013,0
0.00029285424,0
0.0002020573,0
0.00032352653,0
0.00041081556,0
0.00022870419,0
0.00096618745,0
0.00034950164,0
0.000173911,0
0.0006454223,0
0.0003381284,0
0.0006146,0
0.00027926758,0
0.0004903611,0
0.0003872069,0
0.00029947888,0
0.000597065,0
0.00033479513,0
0.0007344102,0
0.0002882311,0
0.00023708325,0
0.0013609397,0
0.00016030707,0
0.0019408449,0
0.0001405459,0
0.0003359875,0
0.0017722799,0
0.0014799752,0
0.00030868014,0
0.00042428152,0
0.00086560624,0
0.00021641614,0
0.0003645019,0
0.00014048727,0
0.000122009194,0
0.00011499565,0
0.00013841363,0
0.00018827681,0
0.00018363331,0
0.00016127349,0
9.033254e-05,0
0.0008954406,0
0.0005576262,0
0.0005003145,0
0.00016352243,0
0.0006133168,0
0.00039610223,0
0.0005091854,0
0.0005939761,0
0.000343267,0
0.0012126755,0
0.00028503992,0
0.00092946016,0
0.00020276636,0
0.00047652016,0
0.00018710036,0
0.00040269105,0
0.00046819876,0
0.0001273214,0
0.00041488672,0
0.00015780838,0
0.0006974485,0
0.0004593167,0
0.000711847,0
0.00032949168,0
0.00039073313,0
0.00012827056,0
0.00017087873,0
0.0003801391,0
0.00018584658,0
0.0008885589,0
0.00041067423,0
0.00011632408,0
0.0006169302,0
0.00023094058,0
0.000698294,0
8.9469904e-05,0
0.000335605,0
0.0009875357,0
0.0005264358,0
0.00043789067,0
0.0005936979,0
0.00048943167,0
0.00036817507,0
0.0006864082,0
0.0010860194,0
0.0002923946,0
0.00020758003,0
0.0007765421,0
0.0004976182,0
0.00018696385,0
0.0004312122,0
0.00060430996,0
0.000336721,0
0.00045527323,0
0.0008387555,0
0.00037052654,0
0.0009099596,0
0.00037066432,0
0.0011342174,0
0.00052959647,0
0.0009666402,0
0.0002779066,0
0.00024387303,0
0.00023212547,0
0.00034259402,0
0.000694101,0
0.0002817477,0
0.00090937794,0
0.000121184225,0
0.0005259859,0
0.0005059986,0
0.00032664835,0
0.0001400896,0
0.00013163482,0
0.00019011767,0
0.00013773885,0
0.00023425474,0
0.00014477038,0
0.00022896836,0
0.0007664906,0
0.00040612998,0
0.0007815021,0
0.0007516561,0
0.00043637017,0
0.00036819984,0
0.00038231118,0
0.00070456276,0
0.00017301475,0
0.00036899248,0
0.0004001538,0
0.00034096395,0
0.00046685108,0
0.00015449412,0
0.0003791424,0
0.00010639969,0
0.00031138063,0
0.0002563323,0
0.000476753,0
0.00039252616,0
0.00012779314,0
0.0003676252,0
0.00052943465,0
0.00045166854,0
0.00048797435,0
0.000500855,0
0.00048718764,0
0.00031343554,0
0.00018398372,0
0.00030172267,0
0.00027152657,0
0.0005882587,0
0.00031018347,0
0.00018420874,0
0.00018629365,0
0.0013371884,0
0.0005681999,0
0.0005600772,0
0.00055101526,0
0.00085606164,0
0.00056059705,0
0.000122037774,0
0.0007642401,0
0.000102119884,0
0.00037639367,0
0.0029539673,0
0.0009627993,0
0.0004584232,0
0.00018462237,0
0.00014328366,0
0.00019433508,0
0.00022790987,0
9.255645e-05,0
0.00017343619,0
8.497154e-05,0
0.0007951965,0
0.0023696811,0
0.00015989042,0
0.00022318598,0
0.0023006548,0
0.00068862486,0
0.000349614,0
0.00029260642,0
0.00013436133,0
0.00039290357,0
0.00016822401,0
0.0023696811,0
0.00071115233,0
0.0009702183,0
0.0002262778,0
0.00033722518,0
0.00089032995,0
0.0009108418,0
0.0029805321,0
0.00024136693,0
0.00020811123,0
0.00039061284,0
0.000538682,0
0.0002689379,0
0.0004780982,0
0.00037676527,0
0.0005402394,0
0.00025901594,0
0.00024346796,0
0.0003399804,0
0.00041259464,0
0.00010422761,0
0.0011435868,0
0.0002955657,0
0.00074479193,0
0.0006716165,0
0.0005188666,0
0.0004858132,0
0.0015558599,0
0.0008312181,0
0.00026338888,0
0.0006826365,0
0.00017534112,0
0.00041864938,0
0.00018388909,0
0.0006872897,0
0.0006925912,0
0.012885024,0
0.0002472601,0
0.0001243677,0
0.0032897433,0
0.00026325748,0
0.0010065332,0
0.0003311925,0
0.0003954703,0
0.00017818263,0
0.00090036215,0
0.0003945282,0
0.00062377786,0
0.0001755447,0
0.0002098004,0
0.0005065946,0
0.00040214547,0
0.00069366297,0
0.0023696811,0
0.0017019894,0
0.00013488055,0
0.00049838703,0
0.00037907067,0
0.0009252496,0
0.0005651771,0
0.00022907344,0
0.00044042798,0
0.00015982539,0
0.00010125243,0
0.000548452,0
0.00033895767,0
0.00011940033,0
0.0002981848,0
0.00018933148,0
7.068891e-05,0
0.0006349336,0
0.00068729045,0
0.00020097452,0
0.0030803806,0
0.00045658715,0
0.0005984799,0
0.00088704674,0
0.00033128556,0
0.0002615325,0
0.00038935957,0
0.00069914834,0
0.00015850345,0
0.00019572134,0
0.0010884041,0
0.0014983203,0
0.00015653153,0
0.00039950447,0
0.00016639962,0
0.00042190865,0
0.00026146905,0
0.0002875149,0
0.00033035214,0
0.0005652741,0
0.00031603704,0
0.008200594,0
0.0003095781,0
0.00031756674,0
0.00029110792,0
9.48853e-05,0
0.0005308629,0
8.971519e-05,0
0.0007250682,0
0.00023956838,0
0.0007035077,0
0.00040466653,0
0.0009957814,0
0.0003324218,0
0.0008713195,0
0.00046514743,0
0.00035584398,0
0.0003050054,0
0.00027802924,0
0.0010241969,0
0.00012562425,0
0.0002879274,0
0.0003701142,0
0.0019400963,0
0.0010047274,0
0.0003157471,0
0.00056678086,0
0.00015911095,0
0.0007312048,0
0.00020429783,0
0.00029805218,0
0.0020373233,0
0.00025610122,0
0.00031337666,0
0.00019385965,0
0.0007195285,0
0.00052595336,0
0.000766217,0
0.0011295943,0
0.00018131032,0
0.00014033588,0
0.00013946251,0
0.0021390528,0
0.00028042978,0
0.0007604686,0
0.0002794934,0
0.00027189185,0
0.0002804721,0
0.00026644708,0
0.0002854355,0
8.559441e-05,0
0.0006177788,0
0.00059595576,0
0.00029746664,0
0.00037523324,0
0.00055260904,0
0.00047155606,0
0.00019944181,0
0.00013643253,0
0.00014554987,0
0.00020018192,0
9.7958e-05,0
0.0012107518,0
0.00029503938,0
0.00020736043,0
0.000451582,0
0.0030369852,0
0.0004647641,0
0.00030969203,0
0.00022655028,0
0.00046129504,0
0.0006562178,0
0.0002808514,0
0.0001012064,0
0.00037015337,0
0.000144129,0
0.0003644729,0
0.0005515691,0
0.0005890016,0
0.0009269977,0
0.0004889732,0
0.0012202295,0
0.00043140695,0
0.000116838164,0
0.00085197383,0
0.00039216035,0
0.0007438903,0
0.0002059634,0
0.0013423874,0
0.00017533234,0
0.00047868124,0
0.0001109575,0
0.00023520959,0
0.00063793,0
0.00034445283,0
0.00012661087,0
0.00016626863,0
0.00029680767,0
7.549143e-05,0
0.0035503171,0
0.00055122876,0
0.00022502853,0
0.00057128165,0
0.0021602998,0
0.0002866846,0
0.001284397,0
0.00053463515,0
0.00030682172,0
0.00020328653,0
0.00081718847,0
0.00029328128,0
0.00083676656,0
0.0003687366,0
0.00030807286,0
0.00016884436,0
0.00053156336,0
0.00041712757,0
0.0002797862,0
0.00051045214,0
7.277028e-05,0
0.0005438002,0
0.000317844,0
0.00051999086,0
0.0002604067,0
0.00024886892,0
0.00087981694,0
0.00021841655,0
0.0002007591,0
0.0004248255,0
0.00032966147,0
0.00021940628,0
0.00032236596,0
0.0014337171,0
0.00042546305,0
0.000444657,0
0.0006257602,0
0.00038255897,0
0.00029993508,0
0.00026767832,0
0.00048028343,0
0.00033919164,0
0.0004985302,0
0.0003661473,0
0.0004563178,0
0.0006077609,0
0.0003171026,0
0.00024271154,0
0.00040624183,0
0.00023071321,0
8.611267e-05,0
0.00045390317,0
0.00067625236,0
0.00026202842,0
0.0023696811,0
0.00054898456,0
0.0006143511,0
0.000507032,0
0.0005663977,0
0.00026797492,0
0.00034450792,0
0.00018773055,0
0.0018485653,0
0.00023686873,0
0.00012508959,0
0.0012425567,0
0.00046701706,0
0.0004746131,0
0.00033414122,0
0.00039053583,0
0.00027543365,0
0.00015871898,0
7.464234e-05,0
0.00012335823,0
0.0008411255,0
0.000380527,0
0.00013474844,0
0.00081756036,0
0.00038567916,0
0.00032819714,0
0.00025750956,0
0.0013181817,0
0.00045335427,0
0.00011148235,0
0.00030014967,0
0.00011903944,0
0.00034957638,0
0.00033715522,0
0.00019319805,0
0.00014605085,0
0.00015367357,0
0.00059189677,0
0.00074176816,0
0.0005872787,0
0.0002329437,0
0.00079617044,0
0.00075487985,0
0.00042881805,0
0.00017210841,0
0.00020588117,0
0.00034837652,0
0.00025172887,0
0.00020898783,0
0.0016705443,0
0.0011157411,0
0.0003854739,0
0.00048612562,0
0.00018952816,0
0.00019187138,0
0.0007173091,0
0.00012018872,0
0.00013160236,0
0.00033393007,0
0.00040444272,0
0.00024257627,0
0.0004936641,0
0.0019451121,0
0.00041976303,0
0.0007841634,0
0.0051126657,0
0.00034216914,0
0.0004384104,0
0.00026530106,0
0.00047956596,0
0.00035610673,0
0.00017868029,0
0.0002566504,0
0.0005127182,0
0.00049968984,0
0.0012130011,0
0.00033167948,0
6.245178e-05,0
0.0002140158,0
0.00017783254,0
0.00020668907,0
0.0014837886,0
0.0004871025,0
0.0002834921,0
0.0014502153,0
0.00015143916,0
0.00011094504,0
0.0018150097,0
0.000759728,0
0.0001168272,0
0.0032849433,0
0.0003292553,0
0.0006585841,0
0.00047431706,0
0.00043251785,0
0.00048323223,0
0.00088341645,0
0.001043004,0
0.00047554352,0
0.00010614309,0
0.00015354258,0
0.0011472786,0
0.00090174633,0
0.0003489037,0
0.00021494375,0
0.0003319064,0
0.0010774059,0
0.0007273912,0
0.00078428094,0
0.00013475634,0
0.00026864486,0
0.0006459773,0
0.0002406313,0
0.000243963,0
0.0002772719,0
0.0011862842,0
8.3976265e-05,0
0.00013843016,0
0.00022900099,0
0.00043367452,0
0.0053692744,0
0.00039844576,0
0.000865832,0
0.00043839953,0
0.00070482754,0
0.0113199195,0
0.00018112725,0
0.00027110145,0
0.0005333858,0
0.00015893496,0
0.00039375614,0
0.00056482904,0
0.0002963711,0
0.00015659856,0
0.0005489508,0
0.0006836413,0
0.00027790372,0
0.00020015535,0
0.00073027244,0
0.00019744686,0
0.00015779064,0
0.0007890839,0
0.00021506903,0
0.00055991963,0
0.00041060997,0
0.0002652752,0
0.0007262538,0
0.0011516111,0
0.001205877,0
0.00010912839,0
0.00027954802,0
0.00019914735,0
0.00024979864,0
0.00058909314,0
0.00012842244,0
0.00033969374,0
0.0005041602,0
0.0020201672,0
0.00021830352,0
0.0016388195,0
0.0013193717,0
0.00024566075,0
0.00015202026,0
0.0003459085,0
8.826211e-05,0
0.00051711005,0
0.00076516037,0
0.00014678133,0
0.00021553745,0
0.00042956765,0
0.00057086244,0
0.0001614506,0
0.00020903474,0
0.0023696811,0
0.00077602646,0
0.0004990426,0
0.0006082043,0
0.0004246626,0
0.0001002287,0
0.000196019,0
0.00023028349,0
0.0003503411,0
0.00010590879,0
0.031076964,0
0.0002256451,0
0.0002802612,0
0.00028726304,0
0.00072995835,0
0.00023054087,0
0.00027489936,0
0.0008281015,0
0.00040474272,0
0.00024483207,0
0.00017740398,0
0.00021375972,0
0.0005676485,0
0.00049193023,0
0.00021818616,0
0.000108725544,0
0.00026987802,0
0.0003735667,0
0.0001216413,0
0.0006801618,0
0.00034628168,0
0.000642719,0
0.00016437001,0
0.00045484645,0
0.0002266996,0
0.00021644658,0
0.00030890745,0
0.00020860776,0
0.00049952307,0
0.00026970144,0
0.00056509825,0
0.00021416016,0
0.0004744845,0
0.00029375424,0
0.001608346,0
0.0003984038,0
9.594096e-05,0
0.0016698458,0
0.0006275886,0
0.0016644464,0
0.00036122833,0
0.00015013263,0
0.00017519893,0
0.0004080662,0
0.00044928738,0
0.00012843739,0
0.00022999094,0
0.00019571313,0
0.00014210232,0
0.00019632389,0
0.0002036989,0
0.00026329694,0
0.000269914,0
0.0003969434,0
0.00024693555,0
0.00041629036,0
0.00034992915,0
0.00019423751,0
0.00010001459,0
0.00021569052,0
0.00012514436,0
0.000101730046,0
0.00026073895,0
0.0002746951,0
0.0023795613,0
0.00035296887,0
0.0003691246,0
0.00015416334,0
0.0005226472,0
0.000854916,0
0.00048528973,0
0.00025720082,0
0.0008061209,0
0.00024460995,0
0.00020019471,0
0.00023777774,0
0.00023252291,0
0.0017077003,0
0.00030202384,0
0.00023976818,0
0.001000656,0
0.00037734341,0
0.0012780479,0
0.00018013202,0
0.0005750943,0
0.0001078449,0
0.00041928957,0
0.00019048245,0
0.0002768571,0
0.0003488295,0
0.00062124437,0
0.00028108343,0
0.00018990829,0
0.00054959406,0
0.0004908188,0
0.001146686,0
0.00033524176,0
0.00026048592,0
0.00014977515,0
0.00047823146,0
0.0004001048,0
0.0003329703,0
0.00019352543,0
0.00036237264,0
0.00031003248,0
0.00041327573,0
0.00042559163,0
0.00056246546,0
0.0004154709,0
0.00014042458,0
0.0003665727,0
0.0010456932,0
0.00015552752,0
0.0001231427,0
0.00076774653,0
0.00056706317,0
0.00019238445,0
0.0006966896,0
0.0006699995,0
0.00049499836,0
0.0005104508,0
0.0007681845,0
0.002315586,0
0.00018571298,0
0.00031005437,0
0.00062205706,0
0.0008381225,0
0.000120466124,0
0.00056258356,0
0.0005005143,0
0.00024723544,0
0.00013474844,0
0.00097409374,0
0.00030189284,0
0.0007432068,0
0.00030665775,0
0.00024523755,0
0.00029355378,0
0.00042645005,0
0.0002724698,0
0.0002064249,0
0.00015420205,0
0.00018577659,0
0.00034256416,0
0.000100980564,0
0.0023696811,0
0.00013577804,0
0.000118483214,0
0.00034879055,0
0.00041712885,0
0.0012622715,0
0.00044590427,0
0.0012066168,0
0.00029775087,0
0.0005982086,0
0.00020053957,0
0.00051713974,0
0.00060378434,0
0.00021032203,0
0.0001354735,0
0.001180953,0
0.00022991409,0
0.00022663816,0
0.000827508,0
0.00045746425,0
0.00031498235,0
0.0016439172,0
0.000261128,0
0.0003203771,0
0.0009770263,0
0.0001877492,0
0.0008493608,0
0.00033824894,0
0.00029264527,0
0.00027737653,0
0.0006045678,0
0.0002856661,0
0.0004970802,0
0.0008166742,0
0.000522914,0
0.00044647505,0
0.0010343128,0
0.00026568756,0
0.00017744025,0
0.00037574096,0
6.659759e-05,0
0.00040309058,0
0.002043718,0
0.00013692639,0
0.0011126858,0
0.00040944244,0
0.0002264435,0
0.00018059115,0
0.00023881749,0
0.00023441963,0
0.00019849386,0
0.00025464068,0
0.00024365047,0
0.0008339698,0
0.0004670865,0
0.0003880846,0
0.00011743377,0
0.0005251091,0
0.000899315,0
0.00033789492,0
0.00015226773,0
0.0009306617,0
9.820792e-05,0
0.00051642465,0
0.00047565805,0
0.0013701248,0
0.00011407818,0
0.00093179755,0
0.00036305268,0
0.00056702766,0
0.00027218982,0
0.00064902904,0
0.00022100793,0
0.0003135963,0
0.00024242346,0
0.00030336514,0
0.00025395278,0
0.0005118832,0
0.00015922663,0
0.00021426815,0
0.0005002508,0
0.00020878376,0
0.0004267262,0
0.00028961714,0
0.00056804175,0
0.00026556663,0
0.00031664796,0
0.00033550808,0
0.00051430607,0
0.0006205957,0
0.00036644985,0
0.0025836264,0
0.00084009534,0
0.0019721354,0
0.00037893315,0
0.00029294105,0
0.00014380981,0
0.0003409569,0
0.00022033743,0
0.00021679114,0
0.00022904613,0
9.764535e-05,0
0.00025850104,0
0.0014335057,0
0.0004503191,0
0.0007557404,0
0.0005786194,0
0.00033772414,0
0.00013144677,0
0.00018306352,0
0.0006960468,0
0.00027246278,0
0.00033932,0
0.00034280695,0
0.0017451382,0
0.00010422845,0
7.2860115e-05,0
0.0004519942,0
0.00025317143,0
0.0012356321,0
0.00024446353,0
0.00072234776,0
0.00028580864,0
0.00022467357,0
0.0008043829,0
0.00034053106,0
0.0001669011,0
0.00015488845,0
0.00057982607,0
0.0002355445,0
0.00049343635,0
0.0004979583,0
0.00017377129,0
0.00034224585,0
0.0004395452,0
0.0007679918,0
0.00029232702,0
0.00043451748,0
0.0003652565,0
0.0007020891,0
0.00015791407,0
0.00037676527,0
0.0003335918,0
0.00014277794,0
0.0034561648,0
0.0029942438,0
0.00056125,0
0.00016042168,0
0.00024082101,0
0.00028010775,0
0.00024692278,0
0.017669026,0
0.0014441097,0
0.0008292869,0
0.0004091973,0
0.0006073303,0
0.0006756879,0
0.0005566299,0
0.00026875877,0
0.00010790728,0
0.0001959253,0
0.00021297211,0
0.0002892736,0
0.00025290452,0
0.00010654114,0
0.00013350465,0
0.00080301764,0
0.0018161456,0
0.00052117574,0
0.00018540841,0
0.00065721513,0
0.0003893672,0
0.0006426257,0
0.0009849714,0
0.0004004888,0
0.0011859267,0
0.003132544,0
0.00021581477,0
0.0010278117,0
0.00011785408,0
0.00039302654,0
0.00023849602,0
0.00010819138,0
0.0007237402,0
0.0005217125,0
0.00022145227,0
0.00060923625,0
0.00036553905,0
0.00028379366,0
0.00070648873,0
8.929368e-05,0
0.00073126034,0
0.00024136069,0
0.0036701844,0
0.00017336984,0
0.0003658549,0
0.00025139799,0
0.00023572953,0
0.00021039508,0
0.0003205768,0
0.00027372205,0
0.00035673016,0
0.00042967984,0
0.00053182046,0
0.00015791213,0
0.0005201412,0
0.00031619586,0
0.00071164715,0
0.0004694419,0
0.00043936426,0
0.0008627283,0
0.00020274734,0
0.0037887236,0
0.00021443916,0
0.00033015094,0
0.00010158625,0
0.0005504207,0
0.00037976634,0
0.00023905389,0
0.0006740696,0
0.0004140003,0
0.00041751435,0
0.0004677338,0
0.00023684315,0
0.00053901406,0
0.0003227917,0
0.00057743693,0
0.00014970185,0
0.0002541223,0
0.0009079434,0
0.0007074796,0
0.0002502927,0
0.00044405414,0
0.00094871497,0
0.0008572271,0
7.569116e-05,0
0.0006587414,0
0.00015400884,0
0.00029426417,0
0.00046120837,0
0.00029580682,0
0.00011461112,0
0.002589986,0
0.00015740162,0
0.00028886463,0
0.00048478533,0
0.0005924245,0
0.00036925476,0
0.0017527543,0
0.00035378218,0
0.00021404584,0
0.00070709497,0
0.0010691341,0
0.0023696811,0
0.00063298387,0
0.00017683368,0
7.8907295e-05,0
0.0007321898,0
0.00025213478,0
0.00024599096,0
0.0002636345,0
0.00015346818,0
0.00015652255,0
0.00022750127,0
0.0003285431,0
0.00020322365,0
0.00032747694,0
0.000574396,0
0.00015226773,0
0.0003669676,0
0.000101885526,0
0.00024741841,0
0.00036448074,0
0.00018493846,0
0.00040437945,0
0.00044976088,0
0.0003573823,0
0.0010067828,0
0.00037740014,0
0.00018215193,0
0.00044986611,0
0.0004738919,0
0.0010553484,0
0.00021758137,0
0.0001508884,0
0.0060300943,0
0.00067932066,0
0.0008077035,0
0.00036188858,0
0.00018877906,0
0.00045760855,0
0.0005094117,0
0.00014077312,0
0.0007797897,0
0.00031409008,0
0.0002347737,0
0.0017840895,0
0.00027456062,0
0.00027932134,0
0.00017731512,0
0.0007279068,0
0.0005294205,0
0.00038095677,0
0.00041279086,0
0.0016490975,0
0.0018182182,0
0.00014926231,0
9.1951275e-05,0
0.000206095,0
0.00049045705,0
0.0003157963,0
0.00013621776,0
0.00074708776,0
0.00022800465,0
0.0005725636,0
0.001035505,0
0.00018763219,0
0.00032601267,0
0.0012453324,0
0.0007706264,0
0.00050742854,0
0.0009492292,0
0.00019467836,0
8.550706e-05,0
9.4003684e-05,0
0.0005158651,0
0.00016457995,0
0.00036397667,0
9.744703e-05,0
0.0003959242,0
0.00019418009,0
0.00074045546,0
0.00035327484,0
0.00023693345,0
0.00085587613,0
0.00056562264,0
0.00025125904,0
0.0009903115,0
0.00018563331,0
0.00053281424,0
0.00032528292,0
0.00013423138,0
0.0003781142,0
0.0006091741,0
0.0007868793,0
0.0053094774,0
0.00046334486,0
0.0002591702,0
0.0001574983,0
0.00035287795,0
0.00016786421,0
0.00011272094,0
0.0003041703,0
0.00083464134,0
0.0003108022,0
0.0006125633,0
9.216034e-05,0
0.00013637719,0
0.00031237557,0
0.00023337865,0
0.00026802634,0
0.00022610518,0
0.0008151501,0
0.000333227,0
0.0006685401,0
0.00044673122,0
0.001127377,0
0.0005746259,0
0.00019454124,0
0.000119348224,0
0.00063919503,0
0.002442066,0
0.00026828484,0
0.0013426996,0
0.00078995974,0
0.000848425,0
0.00041341668,0
0.00019526089,0
0.00015697333,0
0.000538062,0
0.00035917133,0
0.00091832824,0
0.0002805684,0
0.00021589719,0
0.00025549528,0
0.00011105659,0
0.00015688277,0
0.00033713394,0
0.00017282582,0
0.00042057162,0
0.0004072607,0
0.0005570638,0
0.0008507106,0
0.0012990711,0
0.00092245475,0
0.00032186852,0
0.0011386181,0
0.0004198336,0
0.00022558343,0
0.0005478717,0
0.0020301507,0
0.0006746216,0
0.00034341836,0
0.00025990536,0
0.00019869836,0
0.0006475177,0
0.00023095855,0
0.00021380704,0
0.00037732313,0
0.0003541588,0
0.0004395578,0
0.0007379883,0
0.00021986738,0
0.0015179473,0
0.00035507185,0
0.0003455475,0
0.00017298186,0
0.00030830284,0
0.0007194979,0
0.0001587018,0
0.0008533626,0
0.00029959896,0
0.00015943432,0
0.00049633055,0
0.0002339487,0
0.0002584033,0
0.0006297935,0
0.00035959427,0
0.0004735125,0
0.0007015439,0
7.761592e-05,0
0.00020055537,0
0.00059426506,0
0.0003116562,0
0.0013158983,0
0.0004299193,0
0.00019215046,0
0.0006858928,0
0.0007935803,0
0.00048039324,0
0.0002779573,0
0.002518682,0
0.00037857724,0
0.00019390594,0
0.0004433431,0
0.0011925761,0
0.0002401537,0
0.00021636284,0
0.0005897847,0
0.00025777117,0
0.0004877399,0
0.0001377121,0
0.00043058605,0
0.00026539474,0
0.0009130706,0
0.00013768056,0
0.00035283997,0
0.00034712,0
0.0023436109,0
0.00047656085,0
0.0004942102,0
0.00020050813,0
0.0005407647,0
8.188394e-05,0
0.0004017923,0
0.00013323633,0
0.00055705965,0
0.00021343093,0
0.00031164938,0
0.00027114237,0
0.002442066,0
0.0003708112,0
0.00064864167,0
0.00028804742,0
0.0001377121,0
0.002773063,0
8.45673e-05,0
0.00056018756,0
0.00013825757,0
0.00014328343,0
0.00012407893,0
0.0004239863,0
0.0007486998,0
0.0002592138,0
0.00033479044,0
0.00019629451,0
8.983337e-05,0
0.00014246756,0
0.00068747223,0
0.00091197476,0
0.000307427,0
0.00048761407,0
0.00022613729,0
0.00035774746,0
0.00011946414,0
0.00048116554,0
0.00092056545,0
0.00046886672,0
0.00087684876,0
0.00020876748,0
0.00018504431,0
0.0010964674,0
0.00033063148,0
0.00022712584,0
0.00039119835,0
0.00034078068,0
0.0001437888,0
0.00019797789,0
0.00016341647,0
0.00014295398,0
0.00041780455,0
0.00012514436,0
0.0008131552,0
0.0025981283,0
0.0009654672,0
0.00060819794,0
0.0008444814,0
0.0009082263,0
0.0002580636,0
0.0004274455,0
0.00043071376,0
0.003107075,0
0.0045447596,0
0.00017742162,0
0.0005991006,0
0.000559959,0
0.00050737907,0
0.00019822754,0
0.0005435008,0
0.00079773495,0
0.00035502727,0
0.001045583,0
0.00012857925,0
0.0006029673,0
0.00024346708,0
0.00012514436,0
0.00023629857,0
0.00039251562,0
0.0003592363,0
0.00047429296,0
0.0004912064,0
0.002482595,0
0.00063676696,0
0.0016351055,0
0.00078145723,0
0.00019522298,0
0.0002809938,0
0.00030386113,0
0.00062784366,0
0.000363834,0
0.00023422553,0
9.093392e-05,0
0.00029931136,0
0.0006478653,0
0.0031608653,0
0.00014994865,0
0.00022413337,0
0.00027155053,0
0.00010208472,0
0.00037646512,0
0.00023996562,0
0.00013768056,0
0.00056637987,0
0.0006792295,0
0.0020318453,0
0.00053919543,0
0.00015289756,0
0.00035075005,0
0.00044032655,0
0.00040451973,0
0.00024824747,0
0.00042977394,0
0.0007279708,0
0.0001651775,0
0.0002776827,0
0.00019062028,0
9.663184e-05,0
0.00028292448,0
0.00083286903,0
0.001420279,0
0.0004340459,0
0.00010658357,0
0.00033246144,0
0.000911215,0
0.00072877307,0
0.00082707324,0
0.00028200707,0
0.00019697151,0
0.00039825076,0
0.0002849064,0
0.00014635218,0
0.00055220653,0
0.0004343416,0
0.004970007,0
0.00014484557,0
0.00041753417,0
0.00015232204,0
0.003432724,0
0.0009638525,0
0.0002636931,0
0.0001318824,0
0.00037220825,0
0.0012151422,0
0.00011940033,0
8.2477636e-05,0
0.0002004884,0
0.00012877017,0
0.0010916298,0
0.0002474514,0
0.00014468016,0
8.060392e-05,0
0.0004320357,0
0.0001311146,0
0.00036525162,0
0.0002232303,0
0.0001781123,0
0.00029977987,0
0.00015153046,0
0.00026009564,0
0.00041431584,0
0.00017961263,0
0.0005126953,0
0.00019799183,0
0.00019193247,0
0.0003802346,0
0.00096197973,0
0.0003408991,0
0.00016865051,0
0.00019734607,0
0.00018773055,0
0.0009662347,0
0.00039810385,0
0.0005970325,0
0.0003212855,0
0.00012054944,0
0.0023696811,0
9.141167e-05,0
0.045982476,0
0.0001498851,0
0.000535971,0
0.00023976291,0
0.0002792677,0
0.00034439124,0
0.00031886564,0
0.0004369916,0
0.00067706854,0
0.00024962562,0
0.00097289466,0
7.454999e-05,0
0.0003127078,0
0.00013621776,0
9.168351e-05,0
0.00048010956,0
0.00016593949,0
0.00059115485,0
0.0014266532,0
0.00070820044,0
0.00037363658,0
0.00044175118,0
0.00013489265,0
0.0004434581,0
0.0002232795,0
0.00023531295,0
0.0005889275,0
0.00013103802,0
0.00042478912,0
0.0008260416,0
0.00010069323,0
0.0005806114,0
0.00022242026,0
0.00029283436,0
0.00019142995,0
0.00042489666,0
0.0005974666,0
0.00022418295,0
0.00025157965,0
0.00020902704,0
0.00066755683,0
0.00077741686,0
0.0002656466,0
0.00023167301,0
0.0002973171,0
0.00017913315,0
0.000116304946,0
0.0007961157,0
0.00072359265,0
0.0003055101,0
0.00016054956,0
0.00076114974,0
0.00030229,0
0.0005172006,0
0.0010597853,0
0.0006868762,0
0.000287957,0
0.0005197055,0
0.00095768075,0
0.00034824287,0
0.00089391135,0
0.00097000314,0
0.00021347289,0
0.0011544843,0
0.00016498254,0
0.0014996561,0
0.0011079514,0
0.0010027487,0
0.0017572845,0
0.00011814,0
0.0003327419,0
0.0004724058,0
0.00059028674,0
0.000346027,0
0.002699487,0
0.0005107524,0
0.00036124897,0
0.00054104684,0
0.0001669011,0
0.0003496484,0
0.0017583183,0
0.00038907657,0
0.0003864781,0
0.00031836383,0
0.0007532277,0
0.0003156321,0
0.00036839262,0
0.00042041813,0
0.00030370554,0
0.0002572792,0
0.0007994725,0
0.0007644036,0
0.00019011364,0
0.0002679189,0
0.00028635826,0
0.00047100327,0
8.0254365e-05,0
0.0008763742,0
0.00069911615,0
0.0009005441,0
0.0012928527,0
0.0005443401,0
0.0001343508,0
0.0003983473,0
7.1129165e-05,0
0.0012594716,0
0.0008439748,0
0.00045827797,0
0.00017635387,0
0.0006691935,0
0.00014070727,0
0.00032633144,0
0.00020868554,0
0.0002522858,0
0.0008060234,0
0.0004177614,0
0.00074098055,0
0.00022102411,0
0.0003128824,0
0.003260419,0
0.00016974389,0
0.00051437394,0
0.00041077434,0
0.00035495783,0
0.00024363465,0
0.00022773969,0
0.00028850598,0
0.00035329076,0
0.0001316082,0
0.0007598521,0
0.00013598308,0
0.00028651897,0
0.0010310813,0
0.00036515587,0
7.6151795e-05,0
0.00017089835,0
0.000481248,0
0.0003313278,0
0.00020753458,0
0.0002801149,0
0.0006837296,0
0.0020268443,0
0.001095817,0
0.00083720684,0
0.00015976511,0
0.00013748517,0
0.0012407142,0
0.00019421411,0
0.00030186336,0
0.0010805897,0
0.00015210219,0
0.00012139123,0
0.00059158425,0
0.00057827396,0
0.0003958131,0
0.00012905053,0
0.0004888268,0
0.0012078768,0
0.00044476383,0
0.0013439994,0
0.00033480403,0
0.00017425072,0
0.0006219476,0
0.00041995925,0
0.00061022793,0
7.0391055e-05,0
0.00044828726,0
0.00054798677,0
7.2607174e-05,0
0.0002555185,0
0.0005705068,0
0.00018034394,0
0.0005187819,0
0.0004663635,0
0.0004102628,0
0.00050611177,0
0.00014376914,0
0.00063213514,0
0.000625933,0
0.00038793765,0
0.0003931851,0
0.0007550614,0
0.0003011099,0
0.00045173996,0
0.0003318305,0
0.00042886523,0
0.0001611992,0
0.00052807026,0
0.00014073418,0
0.0007602746,0
0.00024158563,0
0.00029672802,0
0.0006838528,0
0.00032304294,0
0.00041219036,0
0.00048417025,0
0.0006491104,0
0.0007770172,0
0.00039197,0
0.00045940708,0
0.00063487253,0
0.00017482392,0
0.0008266339,0
0.00060320384,0
0.00090917083,0
0.0008256585,0
0.0007720761,0
0.00062980753,0
0.00014112491,0
0.00039460926,0
0.0009180832,0
0.00089603354,0
0.0002029146,0
0.00019672285,0
0.00034487137,0
0.0006973694,0
9.8504344e-05,0
0.00059257104,0
0.0041873753,0
0.0010590871,0
0.00033170864,0
0.000651559,0
0.0005710528,0
0.000250418,0
0.00017341934,0
0.00015081954,0
0.00033228373,0
0.00031305465,0
0.00027558333,0
0.00014205553,0
0.00044047518,0
0.00037807552,0
0.0004274397,0
8.64398e-05,0
0.0006960468,0
0.00018083103,0
0.00039068641,0
0.00071392,0
0.00030128044,0
0.00015275319,0
0.00047943037,0
0.0001699835,0
0.00023762904,0
0.00020601795,0
0.000326676,0
0.00016208424,0
0.0006120061,0
0.00021821876,0
0.00011423893,0
0.00024004937,0
0.00066323637,0
0.00024972626,0
0.00083689316,0
0.0004334957,0
8.6687985e-05,0
0.0009496908,0
0.00023569581,0
0.00043275993,0
0.00046752903,0
8.359646e-05,0
0.0002975962,0
0.00057664874,0
0.00088212313,0
0.00028947945,0
0.0004175274,0
0.000543224,0
0.00017257938,0
0.0011498241,0
0.00013824088,0
0.00021792189,0
0.0001568707,0
0.0005869971,0
0.00040981657,0
0.00027936877,0
0.0004510424,0
0.00023532554,0
0.001751822,0
0.00022924134,0
0.00012149892,0
0.00015134046,0
0.00020496412,0
0.0002152217,0
0.00017120788,0
0.0005621201,0
0.0007953542,0
0.00047485108,0
0.0007522093,0
0.00048069484,0
0.0020301507,0
0.00029928653,0
0.00078508444,0
0.0016838216,0
0.0005025452,0
0.0001894374,0
0.00029133752,0
0.00092857605,0
0.00032018733,0
0.0002661435,0
8.995877e-05,0
0.00039180083,0
9.3184266e-05,0
0.0005164251,0
0.0001541579,0
0.00028639505,0
0.00041884577,0
0.0043322397,0
0.0018804728,0
0.0006795137,0
0.00020480489,0
0.00048925285,0
0.0006522855,0
0.00040025645,0
0.00021939015,0
0.00023846883,0
0.00036582374,0
0.00057179807,0
0.000490388,0
0.0017116613,0
0.001331377,0
0.00074166263,0
0.00017180435,0
0.00024957777,0
9.043801e-05,0
0.00063863717,0
0.00062615774,0
0.00022657329,0
0.00026076272,0
0.00014886798,0
0.000115640054,0
0.0001452925,0
0.00014802274,0
0.00031451046,0
0.0003664244,0
0.00022072005,0
0.0003402052,0
0.0009480957,0
0.00027177643,0
0.00011362144,0
9.806529e-05,0
0.00013474844,0
0.00031932982,0
0.00018550058,0
0.00020980737,0
0.0005065014,0
0.00024859767,0
0.0004968541,0
0.0017092841,0
0.00090230163,0
0.00035545364,0
0.00010999455,0
0.00051937485,0
0.0004739108,0
0.0012298031,0
0.00029583112,0
0.0001696618,0
0.00061321276,0
0.0005094148,0
0.00012217398,0
0.00055574975,0
0.0016435096,0
0.00064062455,0
0.00014991665,0
8.965787e-05,0
0.00020631863,0
0.0006372964,0
0.00050067424,0
0.0004886098,0
0.0003570896,0
0.00017124774,0
0.00017471811,0
0.00032225082,0
0.00044092082,0
0.00029843376,0
0.0015947443,0
0.0001989689,0
0.00094387843,0
0.0004820946,0
0.00015982184,0
0.00039745113,0
0.00033860677,0
0.00041046538,0
0.00017173642,0
0.009583304,0
0.00035151673,0
0.00017204694,0
0.0008492051,0
0.0028078065,0
0.0001333391,0
0.0002138899,0
0.0003062373,0
0.0023696811,0
0.0001815952,0
0.0003901393,0
0.0020766463,0
0.00022509642,0
0.00034389168,0
0.0005659004,0
0.0017729495,0
6.687198e-05,0
0.00019435886,0
0.0006334451,0
0.0003984869,0
0.00017803794,0
0.00031626347,0
0.00028841765,0
0.00020012063,0
0.0006753345,0
0.00011488727,0
0.00029847157,0
0.0002247063,0
0.00026706263,0
0.00028158186,0
0.00015140494,0
0.00014385971,0
0.00046155025,0
0.0004528175,0
0.0004363818,0
0.00028619895,0
0.0003154755,0
0.0016919872,0
0.0018465201,0
0.00023722445,0
0.0005864826,0
0.00020129546,0
0.00013193647,0
0.001200189,0
0.00029208383,0
0.0003962418,0
0.00043491944,0
0.00010590852,0
0.0007427478,0
0.0003830697,0
0.00013149269,0
0.0007310048,0
0.00056101446,0
0.0022971146,0
0.0001669011,0
0.0001843301,0
0.000567494,0
0.0043325815,0
0.00017719601,0
0.00038805522,0
0.0003266748,0
0.00029342755,0
0.0001526173,0
0.0021523042,0
0.00047538272,0
0.0010898269,0
0.030709403,0
0.00020509507,0
0.0005774639,0
0.00014472342,0
0.00027327926,0
0.0005961587,0
0.0004951528,0
0.0002815907,0
0.0012520797,0
0.00023500204,0
8.687771e-05,0
0.0010480864,0
0.00015396332,0
0.00021307635,0
0.00064519746,0
0.00060952874,0
0.00027137218,0
0.00061277306,0
0.00030697533,0
0.0001624129,0
0.0007689982,0
0.00033393205,0
0.0011905701,0
0.001092324,0
0.00063488225,0
0.00034552134,0
0.00018764123,0
0.00082618796,0
0.0007499131,0
0.00013976905,0
0.0030797347,0
0.0066658854,0
0.0007523614,0
0.00047156413,0
0.0003680425,0
0.00068776356,0
0.0006762032,0
0.0006532262,0
0.0006101515,0
0.00021984252,0
0.00016744187,0
0.00026588247,0
0.00051598926,0
0.0008649952,0
0.00029904494,0
9.312101e-05,0
0.0001199002,0
0.00029337977,0
0.0006151602,0
0.00020454226,0
5.1835217e-05,0
0.0002908779,0
0.00039238305,0
0.0019476474,0
0.0001880216,0
0.00010593731,0
0.00019991491,0
0.0015802573,0
0.0001287558,0
0.0007510536,0
0.0005039842,0
0.00031229306,0
0.0004172844,0
0.00017584336,0
0.000111677815,0
0.0007038313,0
0.00018349644,0
0.00066152593,0
0.00032488775,0
0.0002654478,0
0.00032812497,0
0.00032404723,0
0.00024152047,0
0.00021530852,0
0.00021159077,0
0.00044004282,0
0.00017783006,0
0.00043933728,0
0.0001669011,0
0.00045403047,0
0.00034058624,0
0.0008563146,0
0.0009770737,0
0.00019823539,0
0.0008256585,0
0.00043058605,0
8.244011e-05,0
0.00015201386,0
0.00075576873,0
8.234084e-05,0
0.00029410401,0
0.00053593743,0
0.00047423126,0
0.00039573226,0
0.008165773,0
0.00013265018,0
0.00078508444,0
0.00027974532,0
0.00022655081,0
0.00021804607,0
0.0016102241,0
0.0013832236,0
0.0004349576,0
0.0001609931,0
0.00029766254,0
0.00022933821,0
0.0002438198,0
0.00047010364,0
0.0007821228,0
0.00015420666,0
0.00023868123,0
0.00020106985,0
0.0002586982,0
0.00032713276,0
0.00045516965,0
0.0001060016,0
0.000247553,0
0.00020660067,0
8.8154215e-05,0
0.00043879994,0
0.00027080913,0
0.00036128014,0
0.0023555707,0
0.00036065475,0
0.00014719233,0
0.0005521504,0
0.0006557974,0
0.0011320346,0
0.00015537262,0
0.00026961372,0
0.00023365818,0
0.00017649113,0
0.00028837382,0
0.00028215945,0
0.00020543078,0
0.0008868174,0
0.00027712734,0
0.0012593658,0
0.0004696683,0
0.00045378972,0
0.00024452744,0
0.00018236863,0
0.0005494445,0
0.0005790133,0
0.000177383,0
8.755535e-05,0
0.0003160062,0
0.00010598702,0
0.0008617844,0
0.0019696706,0
0.0009048516,0
0.00052606984,0
0.0023696811,0
0.00034046415,0
0.00012025509,0
0.002442066,0
0.0015804737,0
0.0003906436,0
0.00019129104,0
0.00022968366,0
0.00011389109,0
0.0006963944,0
0.000100388774,0
0.00053586764,0
0.00079006184,0
0.000659917,0
0.0003980724,0
0.0037094078,0
0.0005909831,0
0.0003353856,0
0.0003142178,0
0.0004842505,0
0.0009203457,0
0.000585405,0
0.00029641506,0
0.00016348413,0
0.00014931677,0
0.0007280901,0
0.0004926388,0
0.00035206004,0
0.00025659153,0
0.00020911876,0
0.0005727681,0
0.0010631442,0
0.0002933803,0
0.0001904991,0
0.00035538725,0
0.00032165527,0
0.00019012213,0
7.065602e-05,0
0.00022093179,0
0.0004144369,0
0.0001503387,0
0.00020734052,0
0.0003230743,0
0.0006668167,0
0.00024242623,0
0.0003138716,0
0.0005448543,0
0.00023456712,0
0.0005554048,0
0.001093673,0
0.0006593575,0
5.983819e-05,0
0.00060200325,0
0.00015786196,0
0.0007020888,0
0.00014811696,0
0.0001881352,0
0.00022522107,0
0.00023310333,0
0.00011564756,0
0.0021546772,0
0.00021006617,0
0.00028078558,0
0.000476618,0
0.000544406,0
0.00059116614,0
0.00041167348,0
0.028795209,0
0.00023055234,0
0.00025904932,0
0.0010591458,0
0.00016947431,0
0.00041056372,0
0.00040727455,0
0.0002917913,0
0.00025987698,0
0.0001173676,0
0.00016955362,0
0.0006778363,0
0.00072509807,0
0.0018971177,0
9.5393414e-05,0
0.00015685156,0
0.00037937556,0
0.00015703059,0
0.00016675175,0
9.096411e-05,0
0.00017496222,0
0.000111557645,0
0.000974366,0
0.00011901991,0
0.000179853,0
0.00037748922,0
6.0017075e-05,0
0.00034100577,0
0.00022029871,0
0.00021005415,0
0.001721649,0
9.64854e-05,0
0.00085853547,0
0.00038965317,0
0.0006810028,0
0.0020924266,0
0.00015779064,0
0.0004845849,0
0.0003092356,0
0.00015242705,0
0.0009541953,0
0.00037560405,0
0.0024859628,0
0.00047603497,0
0.0002261106,0
0.0010175342,0
0.0001779135,0
0.0013589638,0
0.00029931281,0
0.00052185624,0
0.0005966995,0
0.0003824736,0
0.001672686,0
0.00017680813,0
0.00022022524,0
0.00032118615,0
0.00023089923,0
0.0001830209,0
0.003309008,0
0.00048011693,0
0.00032489497,0
0.0003319204,0
0.0002713297,0
0.00039098714,0
0.00046068933,0
0.00016498254,0
0.00036993643,0
0.002440606,0
0.00020099658,0
0.00070434366,0
0.0004074963,0
0.0006224016,0
7.643216e-05,0
0.0023696811,0
0.0013033062,0
0.0003358731,0
0.0007638984,0
0.00013909461,0
0.00054395595,0
0.00034584437,0
0.00022953017,0
0.000226324,0
0.00039918628,0
0.0015804583,0
0.00021598901,0
0.0002689231,0
0.0007089445,0
0.00019110691,0
0.00023263674,0
0.00033487208,0
0.002982679,0
0.0017555414,0
0.00013866111,0
0.0005239552,0
0.00011765446,0
0.00051072874,0
0.0001839699,0
0.0002217461,0
0.00067494327,0
0.00023875553,0
0.00023724223,0
0.00024205222,0
0.00040806786,0
0.00050270185,0
0.00036109038,0
0.00024643744,0
0.00026699688,0
0.00018363331,0
0.00023888517,0
0.00021472188,0
0.00024795928,0
0.00023241377,0
0.00012389848,0
0.000271081,0
0.0017045719,0
0.00032536415,0
0.00064498925,0
0.0004185881,0
0.0004999777,0
0.000598488,0
0.0007254489,0
0.00012865098,0
0.0004137125,0
0.0007894619,0
0.0004238496,0
0.0007497717,0
0.00021403388,0
0.00028054908,0
0.0001698496,0
0.00032543755,0
0.00035099185,0
0.00075313775,0
0.0002459203,0
0.028264122,0
0.0015748143,0
0.00024559585,0
0.000117139185,0
0.0016431569,0
0.000508514,0
0.00010314154,0
0.00031825027,0
0.00018253362,0
0.00026999103,0
0.0008841982,0
0.00031126858,0
0.0001632163,0
0.0020182936,0
0.00019858633,0
0.00037406082,0
0.00027520888,0
0.000117449345,0
0.0010825245,0
0.00037105547,0
0.00031138636,0
0.00014363619,0
0.0012676333,0
0.00044902053,0
0.00021755924,0
0.00052823423,0
0.00030426268,0
0.0005942534,0
0.00068207073,0
0.00022836581,0
0.0005424283,0
0.0006426644,0
0.00010912783,0
0.00042459604,0
0.0002159825,0
0.0006181092,0
0.0002459275,0
0.00026693952,0
0.00078508444,0
0.00038810223,0
0.00032004516,0
0.00017381103,0
0.0003106424,0
0.00049624254,0
0.0005405401,0
0.00017480888,0
0.0002983706,0
0.00018099946,0
0.00019479392,0
0.00038064423,0
0.00039229804,0
0.00027068367,0
0.0006347701,0
0.00026872745,0
0.0003271355,0
0.00036840397,0
0.0014830487,0
0.0013111585,0
0.00034380695,0
0.00036157688,0
0.0060042534,0
0.0005664923,0
0.0001667335,0
0.00040996083,0
0.0023696811,0
0.00027119956,0
0.0008483226,0
7.049692e-05,0
0.0033218572,0
0.00011472724,0
0.0003515265,0
0.00012127188,0
0.00082886784,0
0.00012748268,0
0.00013384772,0
0.0003406355,0
0.00049255445,0
0.0002973737,0
0.00029518793,0
0.0005360427,0
0.00033323103,0
0.00018520404,0
0.00032661948,0
0.00040244032,0
0.00030320877,0
0.0006230277,0
0.00023746617,0
0.00075944123,0
0.00022742545,0
0.00014019273,0
0.0002540688,0
0.0016476315,0
0.0005197055,0
0.002511228,0
0.0001440858,0
0.0004224525,0
0.00037018635,0
0.00018956533,0
0.00017571684,0
0.00056918204,0
0.00081794075,0
0.00025326773,0
0.0004046221,0
0.00033715295,0
0.0009568287,0
0.00024885236,0
0.0006950718,0
0.0017966246,0
0.0004761651,0
0.00018496647,0
0.0012914077,0
0.00034366254,0
0.0018640492,0
0.00010929416,0
0.000102503196,0
0.00039216265,0
0.00041078735,0
0.00057224854,0
0.028788233,0
0.00064179086,0
0.00024863784,0
0.00016918503,0
0.00037168144,0
0.0006380252,0
0.0002105155,0
0.00022940626,0
0.00027290892,0
0.00082134816,0
0.00064796,0
0.00076363946,0
0.00069633644,0
0.0020716512,0
0.00030048177,0
0.00022839016,0
0.0004433593,0
0.00043777912,0
0.00042416315,0
0.00028747632,0
0.00045930818,0
0.0003357856,0
0.00033855706,0
0.00017445242,0
0.00013518218,0
0.00047186873,0
0.00028764337,0
0.0001823307,0
0.0004862619,0
0.000210665,0
0.00025835767,0
0.0002588204,0
0.00038356584,0
0.0012066278,0
0.00042232926,0
0.00032379202,0
0.00015488845,0
0.00022267326,0
0.0004142648,0
0.00034759095,0
0.0002145345,0
0.00017270548,0
0.00032885565,0
7.033167e-05,0
0.0005284435,0
0.00017592199,0
0.00046104094,0
0.0002510181,0
0.0003496178,0
0.00016122435,0
0.0002045537,0
0.00070461177,0
0.00035747935,0
0.00022671309,0
0.0004295059,0
0.0002783503,0
0.00021974486,0
0.00047312168,0
0.0007239898,0
0.00059589156,0
0.00021487016,0
0.001616019,0
0.00042929724,0
0.00026094422,0
0.00046743767,0
0.00042366938,0
0.0008499493,0
0.0011001007,0
0.0007422798,0
0.0012215166,0
0.0004096872,0
0.00022300334,0
0.00070038805,0
0.00013203641,0
0.00041763874,0
0.000100399644,0
0.0018874343,0
8.896439e-05,0
0.00020437755,0
0.00033454274,0
0.0005938878,0
0.00028009075,0
0.0003882575,0
0.00010849591,0
0.00033629462,0
0.0013973641,0
8.173746e-05,0
0.00090076344,0
0.00022557781,0
0.00031283774,0
0.0004757386,0
0.0003129376,0
0.0003144691,0
0.00031318594,0
0.00013481901,0
0.00016279893,0
0.0007304911,0
0.00050903275,0
0.00059494504,0
0.0004744849,0
0.00071916817,0
0.0003661355,0
0.0006769601,0
0.0005656679,0
0.0003928706,0
0.00012261882,0
0.00042059342,0
0.00052514486,0
0.000878807,0
0.00017564476,0
0.0005055578,0
8.4109655e-05,0
0.0014707535,0
0.0001270117,0
0.00048237026,0
0.0013259344,0
0.00045623223,0
0.00022015517,0
0.0002305985,0
0.000114562456,0
0.00033318895,0
0.00014000904,0
0.0005405212,0
0.00026471427,0
0.00030203207,0
0.00012922281,0
0.00053846615,0
6.162017e-05,0
0.00030388223,0
0.00015028741,0
0.00014811619,0
0.00038630838,0
0.000264497,0
7.674395e-05,0
0.00022178641,0
0.0005789307,0
0.00035359993,0
0.00011168489,0
0.00041417312,0
0.00015061184,0
0.00032934017,0
0.0001593821,0
0.00025188748,0
0.00029537026,0
0.0007786108,0
0.00015648594,0
0.0001432414,0
0.00016233145,0
0.00018201933,0
0.00079158583,0
0.00025489175,0
0.00041832536,0
0.0011555084,0
0.00032548138,0
0.00072287396,0
0.0005422415,0
0.00081564824,0
0.00025078177,0
0.0006898618,0
0.00023419101,0
0.000465154,0
0.00025806218,0
0.00015519398,0
8.930313e-05,0
0.00030323802,0
0.00057717774,0
0.00011769049,0
0.00063742674,0
0.0003295646,0
0.0001907595,0
0.00012252435,0
0.00034191518,0
0.0003028043,0
0.00014379116,0
0.00031992435,0
0.00047860792,0
0.00053158595,0
0.00034452925,0
0.0005725327,0
0.00033829903,0
0.00019643216,0
0.0008717111,0
0.0005100932,0
0.00042625004,0
0.00033596868,0
0.00018849423,0
0.00049108115,0
0.0010259876,0
0.00022528021,0
8.329786e-05,0
0.00065506,0
0.00020682096,0
0.00074038806,0
0.0005729251,0
0.00043613356,0
0.00038101294,0
0.001155885,0
0.0001759087,0
7.416178e-05,0
0.00026056787,0
0.00021056221,0
0.00016162508,0
0.00039540353,0
0.00016779748,0
0.00065356103,0
0.00018662908,0
0.00022233717,0
0.00027009874,0
0.0020239684,0
0.00092213403,0
0.0008559776,0
0.0001188468,0
0.002442066,0
0.00024375075,0
0.00030373858,0
0.0014626565,0
0.00023470087,0
0.0006935842,0
0.0010179562,0
0.0022153878,0
0.00012035371,0
0.0002550635,0
0.00041332858,0
0.00018804171,0
0.00017190518,0
0.00051573664,0
0.0008708377,0
0.00022228617,0
0.0009429343,0
0.0003290437,0
0.00067244295,0
0.00031307116,0
0.00019500182,0
0.0007265243,0
0.00053479953,0
0.00038539406,0
0.0015735292,0
0.00025546353,0
0.0002492526,0
0.0003555497,0
0.0005079949,0
0.0002493649,0
0.00061793753,0
0.0003536026,0
0.00071134476,0
0.00022231076,0
0.0002821564,0
0.0002820975,0
0.00028732343,0
0.0001452925,0
0.000601339,0
0.00022648589,0
0.00016630748,0
0.00025699532,0
0.0009760989,0
0.0022178998,0
0.00019396695,0
0.000507569,0
0.0074389433,0
0.0006063131,0
0.00029368067,0
0.00026845254,0
0.00024100678,0
0.00044219205,0
0.0003289765,0
0.00021944792,0
0.00062260404,0
0.00035996246,0
0.0003836325,0
0.0005880069,0
0.000488362,0
0.0012082637,0
0.0003495773,0
0.00011236884,0
0.00069584826,0
0.00039161774,0
0.00028563954,0
0.00090445095,0
0.00014714299,0
0.00018496647,0
0.0030644133,0
0.00037272926,0
9.733277e-05,0
0.00012133771,0
0.001618517,0
0.0001416915,0
0.0001928413,0
0.00020068392,0
0.00045037628,0
0.0007951965,0
0.00014968099,0
0.00044641693,0
0.00036826383,0
0.00013621776,0
0.0006681489,0
0.00037927311,0
0.0010349052,0
0.0003832439,0
0.0004392296,0
0.00019057922,0
0.0005910915,0
9.950712e-05,0
0.0002507203,0
0.0003826988,0
6.6494904e-05,0
0.00015658858,0
0.00074866787,0
0.00038532913,0
0.001289576,0
0.00033689474,0
0.00010439365,0
0.00020806657,0
8.9663976e-05,0
0.00010014636,0
0.00015488845,0
0.000986357,0
0.00038980742,0
0.0004908384,0
0.000331336,0
0.00018972863,0
0.00017429053,0
0.00027633636,0
0.00014627932,0
0.0036621038,0
0.00045939372,0
0.0005084654,0
0.00055236614,0
0.0010444134,0
0.00030014047,0
0.0001842016,0
0.00013621776,0
0.00078788464,0
9.845706e-05,0
0.0001386263,0
0.000378286,0
0.0005086435,0
0.00049981347,0
0.00053996884,0
0.00027801524,0
0.0004314335,0
0.00015014107,0
0.0002458225,0
0.00042375867,0
0.00022829043,0
0.00053312397,0
0.002442066,0
0.0006296209,0
0.0003196394,0
0.00013151202,0
0.0002383197,0
0.0012121954,0
0.00022887846,0
0.0012489974,0
0.00012790225,0
0.00037692382,0
0.00032627175,0
0.00070246024,0
0.0011961784,0
0.00022345346,0
0.00063718663,0
0.00023904591,0
0.00025194886,0
8.793983e-05,0
0.0005828662,0
0.00040028914,0
0.00035147482,0
0.00054201356,0
9.278948e-05,0
0.0004181423,0
0.0026426418,0
0.00015911095,0
0.00016068439,0
0.00053893705,0
0.00016498254,0
0.00027227993,0
0.000575772,0
0.0002163782,0
0.0010454122,0
0.0018216138,0
0.0002652659,0
0.00030069155,0
0.0001808175,0
0.00086546195,0
0.00039464404,0
0.00013308386,0
0.00016305174,0
0.0011852084,0
0.00012911459,0
0.00029496878,0
8.6892236e-05,0
0.0002517524,0
0.00038754346,0
8.755527e-05,0
0.00069424196,0
0.00048419353,0
0.0018504831,0
0.0002661938,0
0.00013497069,0
0.00026194152,0
0.0011165335,0
0.0001631461,0
0.00010062134,0
0.00012504357,0
0.00092972926,0
0.0005376938,0
0.0002486146,0
8.272784e-05,0
0.00017565058,0
0.00034212408,0
0.0015611099,0
0.000361622,0
0.00022830798,0
0.0012004504,0
0.00023986258,0
0.00041747765,0
0.00011189003,0
0.0005649081,0
0.00017188127,0
0.0006582053,0
0.00251719,0
0.00010053735,0
0.00016111427,0
0.0005379852,0
0.00041469722,0
0.0012588757,0
0.0007865523,0
0.00019711816,0
0.00036895895,0
0.00022354325,0
0.00014393343,0
0.0005735821,0
0.00025752216,0
0.00029859794,0
0.0004908399,0
0.00028450278,0
0.00010089891,0
0.00021968849,0
0.00057335256,0
0.0005071145,0
0.00024119225,0
0.00029357604,0
0.00028337407,0
0.0027076132,0
0.0003915091,0
0.00020780701,0
0.00070349104,0
0.00023796511,0
0.00018326828,0
0.0004329936,0
0.00062818296,0
0.0003555486,0
0.00026918514,0
0.00035705324,0
0.0003411089,0
0.00037852992,0
0.0003052199,0
0.00040789967,0
0.0007613817,0
0.0002659601,0
0.00026364988,0
0.00064242,0
0.00050330145,0
0.0004567363,0
0.0006956808,0
0.0009759257,0
0.00027375328,0
0.0008389651,0
0.000107513275,0
0.001949843,0
0.0002469879,0
0.00024399876,0
0.00044303306,0
0.003417234,0
0.000253243,0
0.00025697687,0
0.00036942464,0
0.00031436566,0
0.0008361734,0
0.00028778828,0
0.00030153067,0
0.00016383585,0
0.0004913584,0
0.0004808313,0
0.00014881494,0
0.00030191353,0
0.0007286394,0
9.992387e-05,0
8.624859e-05,0
0.0002846259,0
0.00024149103,0
0.00063676963,0
0.0007841634,0
0.0003667165,0
0.00058861176,0
0.00012980613,0
0.0005314407,0
0.0012460294,0
0.0005831529,0
0.00012675526,0
0.00027698872,0
0.0003146515,0
0.00027673985,0
0.00012922281,0
0.00032706498,0
0.00049268454,0
0.00028531905,0
0.00037443652,0
0.00027841158,0
0.0001379372,0
0.00027057622,0
0.0014985155,0
0.000109601824,0
0.0003273552,0
0.00023677018,0
0.0002894498,0
0.00016926976,0
0.00032166427,0
0.00038124522,0
0.00020106985,0
0.00022339044,0
0.00034287694,0
0.00037295086,0
0.00010477017,0
0.00014859915,0
0.00022869202,0
0.00018753528,0
0.00021415151,0
0.0007524654,0
0.00014714299,0
0.00012741944,0
7.494741e-05,0
0.0010858484,0
0.0001975639,0
0.00020503126,0
0.0008161955,0
0.0008148203,0
0.00028859207,0
0.00087426894,0
0.00029599416,0
0.06696364,0
0.00017180435,0
0.0005444545,0
0.00011637572,0
0.00035327175,0
0.00045291166,0
0.00041581175,0
0.00056287047,0
0.0008632131,0
7.814416e-05,0
0.00038965794,0
0.0005536326,0
7.5562806e-05,0
0.00018987404,0
0.0007432279,0
0.00014399287,0
0.00029414234,0
0.00040795957,0
0.0008764497,0
0.00010223143,0
0.00016207939,0
0.001373112,0
0.00034893953,0
7.2659335e-05,0
0.0001843244,0
0.0007931845,0
0.00037433897,0
0.0003415611,0
0.000131974,0
0.00030540663,0
0.0007841634,0
0.0011012129,0
0.0005180284,0
0.0002701769,0
0.00028247968,0
0.00031030038,0
0.00018013219,0
0.0003081699,0
0.004793257,0
0.00012282311,0
0.00017760701,0
0.0016503335,0
0.0004627291,0
0.00012113377,0
0.00012658302,0
0.0018510813,0
0.00015790838,0
0.00013289093,0
0.0031648073,0
0.00014690444,0
0.00011939244,0
0.00054529397,0
0.00014077312,0
0.00048981793,0
0.00030082933,0
0.0023696811,0
0.0003253437,0
0.000691391,0
0.005242844,0
0.0014235931,0
0.00011926359,0
0.0003241833,0
0.00085241435,0
0.0038547819,0
0.0004475923,0
0.00030775898,0
0.0004719954,0
0.0031790843,0
0.00015252897,0
0.00014199081,0
0.0012172039,0
0.00043205524,0
0.00020416234,0
0.0001784689,0
0.00053157716,0
0.0012948083,0
0.0010828356,0
0.00077099795,0
0.00011648589,0
0.0006136774,0
0.0015901898,0
0.00017498048,0
0.00041596207,0
0.0011537563,0
0.0004129871,0
0.0005696226,0
0.0003296609,0
0.0001569144,0
0.00021056221,0
0.0006779775,0
0.0004840824,0
0.0006371282,0
0.0006752745,0
0.0010197798,0
0.00045307312,0
0.00029696245,0
0.00011458252,0
0.00013769956,0
0.0005386599,0
0.00042253901,0
0.00047709845,0
0.0005768522,0
0.00029751574,0
0.00024196174,0
0.0004538943,0
0.00042549736,0
0.00037131942,0
0.00029339027,0
9.26552e-05,0
0.00038960218,0
0.00021988385,0
0.00026550906,0
0.0006135934,0
0.00012579228,0
0.0005668224,0
0.000581637,0
0.00051415374,0
0.0001841843,0
0.0001658431,0
0.0004896634,0
0.0033528393,0
0.00033204298,0
0.000236574,0
0.0004278315,0
0.00046756727,0
0.00065956014,0
8.932841e-05,0
0.00018602153,0
0.00043807054,0
0.0005094843,0
0.0002193039,0
0.0020269924,0
0.0002453178,0
0.00013400012,0
0.0003045402,0
0.00015226773,0
0.0002766915,0
0.0003557981,0
0.00028609598,0
0.0025933438,0
0.00015775037,0
0.00079158583,0
0.00066440087,0
0.0005168609,0
0.00022919574,0
0.00015859985,0
0.00013883073,0
0.00043667143,0
0.00043176507,0
0.00031749767,0
0.000420161,0
0.00090893556,0
0.0005161287,0
0.00010732503,0
0.0007201954,0
0.00031136908,0
0.00029794945,0
0.0023696811,0
0.00020920663,0
0.000723026,0
6.136281e-05,0
0.000111733316,0
0.0003777763,0
0.00062072376,0
0.00011428112,0
0.00028224546,0
0.0008519866,0
0.00037364213,0
0.00064021855,0
0.0013060286,0
0.00039886293,0
0.0002503107,0
0.00031290064,0
0.00078930985,0
0.0002762197,0
0.00028776098,0
0.001024081,0
0.00030193522,0
0.00095076294,0
0.00021877042,0
0.0002622993,0
0.0006007897,0
6.9747926e-05,0
0.00015584637,0
0.00013717583,0
0.00068281166,0
0.00034100222,0
0.00041198073,0
6.605103e-05,0
0.0002066907,0
0.0008204567,0
0.0003379752,0
0.00027451286,0
0.00049388595,0
0.000567716,0
0.0002885586,0
0.00043335772,0
0.0007909578,0
0.00016456534,0
0.00073131814,0
0.00069903216,0
0.0001318824,0
4.883936e-05,0
0.00020107118,0
0.0009903162,0
0.00033521518,0
0.00042509704,0
0.00013730786,0
0.000121214915,0
0.00016295683,0
0.00074618455,0
0.0007248025,0
0.00030307926,0
0.00089034345,0
0.0005329333,0
0.0003266748,0
0.00038443235,0
0.00036485787,0
0.00037024857,0
0.00035441725,0
0.00062736124,0
0.0002531872,0
0.00041517583,0
0.00097456167,0
0.0004629401,0
0.00085075194,0
0.0010585693,0
0.0002483665,0
0.00037820774,0
0.00033068375,0
0.00027455323,0
0.00039351024,0
0.00028907513,0
0.00020315722,0
0.00021707643,0
0.00061042386,0
0.00026074852,0
0.00017126024,0
0.00031413583,0
0.00017505421,0
0.00025878512,0
0.0001221086,0
0.0011084774,0
0.00024130505,0
0.000106931286,0
0.0012907954,0
0.00037582807,0
7.210283e-05,0
0.00085950183,0
0.0007276963,0
0.00040300944,0
0.0003146311,0
0.00091670174,0
7.353504e-05,0
0.0003479262,0
0.0003660907,0
0.00026063086,0
0.00040185367,0
0.0009965311,0
0.00014554987,0
0.0007863819,0
0.00045357054,0
0.00011929713,0
0.0001889147,0
0.00014659518,0
0.0004171045,0
0.00036645803,0
0.0006044036,0
0.00026698734,0
0.0007868793,0
0.00036666423,0
7.894966e-05,0
0.00031368568,0
0.0007509391,0
0.0004169921,0
0.0018306868,0
0.0002977743,0
0.00012098114,0
0.00012514436,0
0.00035021987,0
0.00073653815,0
0.0006187836,0
0.017537367,0
0.0035381205,0
0.000121521305,0
0.00020134535,0
0.00045635807,0
0.00038547936,0
0.0017223194,0
0.00019786661,0
0.0009381841,0
0.00056420406,0
0.00032030133,0
8.97132e-05,0
0.00035206613,0
0.00018666661,0
0.0019945798,0
0.0001764185,0
0.00013011294,0
0.0010541652,0
0.00027241127,0
0.00011990893,0
0.00037730983,0
0.00018775683,0
0.0002757907,0
0.00046444038,0
0.00012316206,0
0.00035100675,0
5.3492342e-05,0
0.00035589808,0
0.0018581308,0
0.0003672945,0
0.00031603477,0
0.00020553403,0
0.00042419406,0
0.00040914994,0
0.0031579686,0
0.0010739801,0
0.00016544641,0
0.00012640703,0
0.0009541076,0
0.00015284239,0
0.00022453626,0
0.0006740576,0
0.00017046739,0
0.00035429688,0
0.0012440644,0
0.00022300651,0
0.0003987269,0
0.00060632685,0
0.00055210904,0
0.00044345425,0
0.0005687635,0
0.0034799273,0
0.00053715974,0
0.0006612546,0
0.000274807,0
0.0003027923,0
0.00030483215,0
0.00040739763,0
0.00037065079,0
0.00029368722,0
0.00042830574,0
0.00021548371,0
0.0002785344,0
0.0002113849,0
0.00020851885,0
0.0008097138,0
0.0006028647,0
0.00019818216,0
0.00067011267,0
0.0012813259,0
0.00020713643,0
0.00039505507,0
0.0004524709,0
0.00022591038,0
0.00017207295,0
0.00095145195,0
0.00030397074,0
0.0015552022,0
0.0024792629,0
0.0003125024,0
0.00024476598,0
0.00010456469,0
0.00026167108,0
0.00039036505,0
0.000950892,0
9.595195e-05,0
0.0004728709,0
0.00028536885,0
0.0005825422,0
0.00036167813,0
0.00031597368,0
6.6005974e-05,0
0.00025041396,0
0.0004246154,0
0.00043146644,0
0.0027842198,0
0.0016755468,0
0.0016451122,0
0.0008191794,0
0.00043444382,0
0.00029794368,0
0.00017167308,0
0.00029458644,0
0.0007599216,0
0.00027280193,0
0.00013990769,0
0.0006955655,0
0.0007724392,0
0.00027302234,0
0.0010530729,0
0.0004947854,0
0.00024474767,0
0.00030193522,0
0.00011768704,0
0.00085723714,0
0.00069430505,0
6.8096684e-05,0
0.00094658986,0
0.0008522891,0
0.0023696811,0
0.00024045489,0
0.0014607094,0
0.00020106985,0
0.00096260564,0
0.00022785559,0
0.0013970985,0
0.0022259292,0
0.0003344955,0
0.0001180045,0
0.00019849929,0
0.00027316972,0
0.0012179457,0
0.00074210623,0
0.0006546096,0
0.0002001466,0
0.00069152727,0
0.00023314841,0
0.00014149744,0
0.0003094396,0
0.00022118041,0
0.0010878035,0
0.00013621776,0
0.0005395558,0
0.00021114651,0
0.00018522561,0
0.00041783974,0
0.00012581145,0
0.0007883216,0
0.00016276623,0
0.002442066,0
0.00054229505,0
0.00035400828,0
0.0018947412,0
0.0015943532,0
0.0005077537,0
9.8312965e-05,0
0.0006765676,0
0.00020257678,0
0.00049570575,0
0.00018393339,0
0.00019219678,0
0.00024094572,0
0.000275887,0
0.00018751906,0
0.00013415772,0
0.00029986168,0
0.001391085,0
9.653466e-05,0
0.00018827681,0
0.00015609061,0
0.00022745124,0
0.00029206148,0
0.0004990229,0
0.0005183771,0
0.0005809677,0
0.0002215997,0
0.00017699176,0
0.00041463762,0
0.00038327088,0
0.0002949835,0
0.000121904704,0
0.00054404663,0
0.000216001,0
0.0007898067,0
0.0011802175,0
0.0003199058,0
0.00021241028,0
0.00012980613,0
0.00024209465,0
0.0006049359,0
0.00023347088,0
0.00062572997,0
0.0006758825,0
0.0002795274,0
0.00038953192,0
0.00029371906,0
0.0007102354,0
0.0003914292,0
0.00017450427,0
0.00046364375,0
0.00020148567,0
0.0015984278,0
0.00021387967,0
0.00039451456,0
0.00017825387,0
0.00028472283,0
0.0009069262,0
0.0006349336,0
0.001213053,0
0.00013565617,0
0.000120444485,0
0.00042046708,0
0.0012284358,0
0.00018778926,0
0.0007887158,0
0.0001687717,0
0.0003438962,0
0.00043787932,0
0.00035700834,0
6.702439e-05,0
0.00072776724,0
0.00050707406,0
0.0004530437,0
0.0011744853,0
0.00012146828,0
0.00022120809,0
0.0005671011,0
0.00150161,0
0.002137943,0
0.0004064052,0
0.00039566724,0
0.00013521349,0
0.00012499603,0
0.00023990721,0
0.00023207124,0
0.00028859102,0
0.00021157786,0
0.0003052107,0
0.001402065,0
0.00017180435,0
0.0008736379,0
0.00038354157,0
0.00025144545,0
0.00079978403,0
0.00034203872,0
0.00012514436,0
0.00014874045,0
0.0005113831,0
0.00041335786,0
0.0019353615,0
0.00058212917,0
0.00025368686,0
0.00028111777,0
0.00034236073,0
0.0024062572,0
0.00038034027,0
0.00041387448,0
0.00028451113,0
0.00062961725,0
0.0002887538,0
0.00040054455,0
0.00039278643,0
0.00012325158,0
0.003796257,0
0.0003364462,0
0.00025808378,0
0.0002491766,0
0.00024329143,0
0.00024220804,0
0.00025629075,0
0.0004909919,0
9.605456e-05,0
0.0006500073,0
0.0001667562,0
0.00046088395,0
0.00019504155,0
0.00019056215,0
0.00021582273,0
0.0009080285,0
0.00037989084,0
0.0002541847,0
0.00023775609,0
0.0004278953,0
0.00037455675,0
0.0005732932,0
0.00019350582,0
0.00017821204,0
0.00036549123,0
0.00047993468,0
0.0004412255,0
0.0016430643,0
0.00053838553,0
9.8408906e-05,0
9.742925e-05,0
0.00038531213,0
0.0002472129,0
0.00014499608,0
0.0003625284,0
0.0021591687,0
0.0001992452,0
0.00020766824,0
0.00018846113,0
0.00028020513,0
0.00061763695,0
0.00013453065,0
0.002864263,0
0.00041251845,0
0.00043928775,0
0.00055378693,0
0.0011869117,0
6.526463e-05,0
0.00054524594,0
0.000258224,0
0.0019184746,0
0.0010394591,0
0.00038032685,0
0.00032433434,0
0.00021766557,0
0.00043179072,0
0.0005182758,0
0.00052159536,0
0.0002735277,0
0.0004831214,0
0.00022877929,0
0.00024082042,0
0.00010064694,0
0.0004397512,0
0.00014862634,0
0.0003714647,0
0.00066262565,0
0.00019602751,0
0.00042171963,0
0.00021748457,0
0.00024991593,0
0.000106640946,0
0.0010724734,0
0.00016287695,0
0.000150846,0
0.00016876018,0
0.00013780482,0
0.00072140293,0
0.00076023716,0
0.0009944865,0
0.00015075582,0
0.00027120023,0
0.0002456024,0
0.0010897159,0
0.00015578078,0
0.00030122185,0
0.0001558795,0
0.00040150055,0
0.00016431419,0
0.00038470165,0
0.0004915235,0
0.00010935459,0
9.390818e-05,0
0.00014714299,0
0.00023653993,0
0.00014719233,0
0.0001919366,0
0.0001231427,0
0.00050324626,0
0.000177676,0
0.0006171979,0
0.00025337897,0
0.0002370144,0
0.0001284141,0
0.00021904946,0
0.0003210525,0
0.0066737626,0
0.000473125,0
0.0011356664,0
0.0012115536,0
0.0003824397,0
8.722839e-05,0
0.0023696811,0
0.0005087409,0
0.00030659692,0
0.00021833972,0
0.0003978075,0
0.00042555173,0
0.00066665316,0
0.00025642995,0
0.00025078794,0
0.00056827284,0
0.0001266753,0
0.00044529623,0
0.00020075914,0
0.0012405306,0
0.00026079023,0
0.00029374182,0
0.0001399233,0
0.00025577444,0
0.00043353424,0
0.0005965382,0
0.00042595767,0
0.00034860987,0
0.0010307635,0
0.00041063255,0
0.00017081438,0
0.00040935364,0
0.0003328061,0
0.00061321777,0
0.00010136706,0
0.0005517124,0
0.0004155432,0
0.00016606136,0
0.00030729958,0
0.0002683392,0
0.00018006672,0
9.129758e-05,0
8.8107794e-05,0
0.00033634886,0
0.00045309955,0
0.0003641685,0
0.0016660419,0
0.00036163058,0
0.0005067876,0
0.0006087012,0
0.00023698506,0
0.000530469,0
0.00056995684,0
0.0004091455,0
0.00036483133,0
0.0009935739,0
0.0001768678,0
9.295723e-05,0
0.00017740595,0
0.00037156796,0
0.00041355158,0
0.00014132458,0
0.00059116754,0
0.0007750132,0
0.00047194652,0
0.00049387745,0
0.00023496538,0
0.00030971997,0
0.00024199698,0
0.00022403302,0
0.0012538359,0
0.00039513933,0
0.00026653497,0
0.00071427133,0
0.00023501589,0
0.0024781725,0
0.0004694777,0
0.000523967,0
0.0025137712,0
0.0013038232,0
0.0004984959,0
0.00027243915,0
0.0023244754,0
0.00036314927,0
0.00033124987,0
0.00043891263,0
0.00012756384,0
0.00061360124,0
0.0002458016,0
0.0004420458,0
0.00416275,0
0.00012978069,0
9.1824215e-05,0
0.0005255792,0
0.00027405669,0
0.04505935,0
0.0002020594,0
0.0015504744,0
0.00029692324,0
9.439644e-05,0
0.00025508893,0
0.000789187,0
0.00038730176,0
0.00039567417,0
0.000765855,0
0.00047853775,0
0.00021839702,0
0.00020385195,0
0.0002731964,0
0.00022248525,0
0.00014701599,0
0.0009805654,0
0.00056178565,0
0.00011424435,0
0.00036692526,0
0.0003189024,0
0.0011537853,0
0.00015823741,0
0.00028780467,0
0.00028074544,0
0.00039588136,0
0.0002705755,0
0.00022902126,0
0.0002784066,0
0.0012023384,0
0.00028299657,0
0.0010229034,0
0.00011940033,0
0.00031007576,0
0.00079158583,0
0.00032637196,0
0.00012092849,0
0.00013886065,0
0.0016403995,0
0.00014278373,0
0.00016309148,0
0.000417354,0
0.0024263547,0
0.00037217193,0
0.0001510559,0
0.0008680712,0
0.00055694365,0
0.00032210123,0
0.00044158075,0
0.00013401515,0
0.0008950449,0
0.00042961142,0
6.027439e-05,0
0.00020799105,0
0.0007704994,0
0.0006225726,0
0.00030476705,0
0.00038723656,0
0.00023515863,0
0.00017648809,0
0.00013621776,0
0.0004251998,0
0.0007449557,0
0.00046050714,0
0.00032072398,0
0.00054683787,0
0.00046036663,0
0.00041167572,0
0.0007415063,0
9.148992e-05,0
0.00091247604,0
0.00045684678,0
0.005348792,0
0.00023959053,0
0.00017183187,0
0.001962647,0
0.00015861992,0
0.0016652506,0
0.00015551303,0
0.0007874217,0
0.00036175063,0
0.00012514436,0
0.0004345177,0
0.00017061095,0
0.00036648207,0
0.0005696542,0
0.000336807,0
0.00049711176,0
0.00042759092,0
0.00095918437,0
0.0024039259,0
0.00017950055,0
0.00057896855,0
0.002442066,0
0.0003050123,0
0.00014808802,0
0.00015486132,0
0.0004084796,0
0.0008448036,0
0.0011431171,0
0.00014603886,0
9.613207e-05,0
0.00025545686,0
0.00029056665,0
0.00032384752,0
0.0008312981,0
0.0004298699,0
0.0003432805,0
0.0005835671,0
0.00043742615,0
0.00021409802,0
0.00042763675,0
0.0015624672,0
0.00042601262,0
0.00015959842,0
0.0003331859,0
0.00023890092,0
0.00021696692,0
7.217149e-05,0
0.0015940277,0
0.00029355663,0
0.00041418005,0
0.0035745488,0
0.00019520916,0
0.00049394433,0
0.00025793177,0
0.00086524914,0
0.000117105665,0
0.00023715086,0
0.00026314863,0
0.00055298395,0
0.00011926448,0
0.00033370347,0
0.0009151199,0
0.0014481435,0
0.0005174318,0
0.00020209595,0
0.0006274128,0
0.0010580806,0
0.00060309,0
0.0002482281,0
0.0004055214,0
0.00021989417,0
0.0003300821,0
0.00013592187,0
0.00034395186,0
0.00041997724,0
0.00012885258,0
0.0002596455,0
0.00067822734,0
0.00012029885,0
0.00020657982,0
0.00041039853,0
0.00045321538,0
0.00080007274,0
0.00073772046,0
0.0004081894,0
0.0005213604,0
0.0023696811,0
0.0011066674,0
0.00024654318,0
0.00042880204,0
0.00030026832,0
0.00024774193,0
0.0001614454,0
0.000284441,0
0.00086024805,0
0.00022414752,0
0.00053458335,0
0.0003135813,0
0.0004991617,0
0.000574549,0
0.0018593997,0
0.00035409286,0
0.00034453277,0
0.00055197434,0
0.00017342309,0
0.0002165596,0
0.0006784257,0
0.00025277634,0
0.00021415623,0
0.00028906728,0
0.000105199826,0
0.00038587666,0
0.00022024775,0
0.00029136165,0
0.00026592228,0
0.0006272821,0
0.0044094464,0
0.00011405129,0
0.0015405281,0
0.00019093433,0
0.0002234893,0
0.0012340285,0
0.00014212161,0
0.000322526,0
0.00047409433,0
0.00014918704,0
0.0012195612,0
0.00032983255,0
0.0019493252,0
0.00014231229,0
0.00089528784,0
0.00011718809,0
0.00020871065,0
0.0002847124,0
0.00077433756,0
0.00020670415,0
0.0003738257,0
0.0007292205,0
0.0007827922,0
0.0001593821,0
0.0010733656,0
0.0002759134,0
0.00060103304,0
0.00048092037,0
0.0007028991,0
0.00046010822,0
0.00034656608,0
0.00075394963,0
0.0003068757,0
0.00081585336,0
0.00034927393,0
0.00025533044,0
0.0009396236,0
0.0007057733,0
0.0002698465,0
0.0007010208,0
0.0012449275,0
0.0003714065,0
0.00052117964,0
0.0002904448,0
0.00019821298,0
0.00047992604,0
0.00014341861,0
0.0003665456,0
0.00031038138,0
0.00025208463,0
0.00025312058,0
0.00023054087,0
0.00016498254,0
0.0007202059,0
0.00017027471,0
0.00071953825,0
0.0003312103,0
0.00034575743,0
0.0003610703,0
0.00018389829,0
0.0001669011,0
0.0023197674,0
0.0008382648,0
0.00019440746,0
0.00058111997,0
0.0001768678,0
0.0004538379,0
0.00042919113,0
0.0017042491,0
7.655325e-05,0
0.0008570863,0
0.0001669011,0
0.001660523,0
0.0003970149,0
0.0016637391,0
0.00030991866,0
0.00051269185,0
0.0005207548,0
0.00019483264,0
0.00022086313,0
0.00022029915,0
0.00030658,0
0.000581087,0
0.0001957293,0
0.0004698899,0
0.0017003929,0
0.0011587515,0
0.00031222688,0
0.00041350783,0
0.00031426342,0
0.00014385971,0
0.00017201198,0
0.00011785408,0
0.0007871826,0
0.000587007,0
0.000409547,0
0.0002004884,0
0.00027211604,0
6.3495776e-05,0
0.00014639676,0
0.00031313775,0
0.00052360067,0
0.0006867339,0
0.00014911804,0
0.00019692967,0
0.00017841675,0
0.00060499867,0
0.0002465332,0
0.0002903838,0
0.00032931144,0
0.00023898011,0
0.0008186719,0
0.00033591184,0
0.000613513,0
0.00011091359,0
0.00017813845,0
0.00019969087,0
0.0007806988,0
0.0004971659,0
0.0074520083,0
0.0006662149,0
0.00030354245,0
0.00022607288,0
0.00017542373,0
0.00076321303,0
0.00014052911,0
0.00071561727,0
0.0012336108,0
0.0011351331,0
0.00025746398,0
0.00021843257,0
8.916874e-05,0
0.0006867236,0
0.0005488144,0
0.0010793738,0
8.78528e-05,0
0.00016130455,0
0.00021925636,0
0.00062565017,0
0.00054206373,0
0.0002957887,0
0.00018827681,0
0.00029155228,0
0.0007807113,0
6.504745e-05,0
0.00056828087,0
0.00035799065,0
0.00037740014,0
0.00028742763,0
0.0006652816,0
0.00070637034,0
0.00018730272,0
0.0032291538,0
0.00025229808,0
0.0006754122,0
0.000695837,0
0.00043598222,0
0.00045577445,0
0.00040593202,0
0.0006549271,0
0.0005164812,0
0.00033906352,0
0.00019106007,0
0.0002768859,0
0.00011437525,0
0.00028466916,0
0.00015296538,0
0.00068239094,0
0.00017407852,0
0.00036957633,0
0.00031626475,0
0.000231959,0
0.00026555452,0
0.00040454624,0
0.00010686947,0
0.00024119155,0
0.00021200161,0
0.00037613933,0
0.00032336454,0
0.0004134549,0
0.0002233609,0
0.00037593298,0
0.0005652783,0
0.00070825306,0
0.00051309855,0
0.00027453544,0
0.0010254912,0
7.862488e-05,0
0.00020909769,0
0.0002779573,0
0.0005850367,0
0.00010228535,0
0.00023618988,0
0.0006641269,0
0.00029223386,0
0.000116350806,0
0.00018176757,0
0.00056219765,0
7.0728165e-05,0
0.00019610047,0
0.0001548602,0
0.00059490517,0
0.007107223,0
0.00012579228,0
0.00029571296,0
8.989375e-05,0
0.00036839192,0
0.00013075629,0
0.00035065523,0
0.0013199993,0
0.00055224716,0
0.0009480957,0
0.00030460348,0
0.0011423639,0
9.7076496e-05,0
0.0005252984,0
0.0004667192,0
0.0006353051,0
0.00021030534,0
0.00033738598,0
0.00066801975,0
0.000293643,0
0.0003230989,0
0.00024812974,0
0.00013079231,0
0.0012344563,0
0.00015515537,0
0.0007564762,0
7.596513e-05,0
0.00021636303,0
8.3000814e-05,0
0.0017615574,0
0.0011290819,0
0.00021868298,0
0.00054155977,0
0.00017966179,0
0.0002084193,0
0.0025172017,0
0.00010043221,0
0.0008396021,0
0.00021292311,0
0.00029785084,0
0.007532705,0
0.00035467162,0
0.00018926345,0
0.0005166414,0
0.0006542891,0
0.0001757251,0
0.0008751292,0
5.9918562e-05,0
0.00066143466,0
0.00028810764,0
0.00014049803,0
0.0010516257,0
0.0003014783,0
0.00010655566,0
0.0004482058,0
0.00034513025,0
0.0006264952,0
0.00049877836,0
0.00015065787,0
0.00013193647,0
0.00035897398,0
0.00013768056,0
0.000119222765,0
0.00019447596,0
0.0008125308,0
0.0005581583,0
0.0003465088,0
0.00082486274,0
0.00029619812,0
0.0004369104,0
0.00023681215,0
0.00045113737,0
0.00045812197,0
0.00020426835,0
0.00080655597,0
0.0031698989,0
0.00026664056,0
7.154832e-05,0
0.0003493243,0
0.00027216758,0
0.00014812592,0
0.00011824271,0
0.0004264231,0
0.00025714232,0
0.00039086194,0
0.0008776606,0
0.00069519004,0
0.00017776301,0
0.00066720013,0
0.0007767692,0
0.00240216,0
0.0016691888,0
0.00023437694,0
0.00036895776,0
0.00019075599,0
0.00020204179,0
0.00058219646,0
0.00022837378,0
0.0002273089,0
0.0012016664,0
0.00030033922,0
0.00028022475,0
0.00030440534,0
0.0002499378,0
0.0007177797,0
0.00056376547,0
0.0002853378,0
0.00016847797,0
0.00019346527,0
0.00014245276,0
0.00030212206,0
0.00068345026,0
0.00018364775,0
0.00027008608,0
0.00024162311,0
0.00029552498,0
0.00020088501,0
0.001973017,0
0.0007024876,0
0.0005622075,0
0.0012943997,0
0.0011581422,0
0.00018901618,0
0.00047459657,0
0.00021063347,0
0.0004276886,0
0.00019446875,0
0.0014025905,0
0.0003966386,0
0.00039521442,0
0.00034069814,0
0.0014002983,0
0.0003439938,0
0.00019430203,0
0.00043366174,0
0.00017157926,0
7.413647e-05,0
0.00019793716,0
0.0067635723,0
0.00011370003,0
0.00045230179,0
0.00020015535,0
0.00449152,0
0.0003258899,0
0.0032486876,0
0.00056159176,0
0.00043615059,0
0.0027365866,0
0.0009382138,0
0.0007126809,0
0.00061349984,0
0.00030326113,0
0.00019105943,0
0.00029461915,0
8.204005e-05,0
0.0002039476,0
0.0001738234,0
9.133656e-05,0
0.00025200832,0
0.00045264096,0
0.00028207255,0
0.00039614073,0
0.00060605304,0
0.00012624833,0
0.0009419247,0
0.0004258087,0
0.00012524943,0
0.0012831473,0
0.00028120875,0
0.00031968168,0
0.00013295238,0
0.00014348685,0
0.000228137,0
0.00026556925,0
0.00015226773,0
0.0005598766,0
0.0012808744,0
0.0016326776,0
0.00043557084,0
0.00019184053,0
0.00021626176,0
0.00022494924,0
0.00019566069,0
0.0002700061,0
0.0005876507,0
0.00032017255,0
6.7119785e-05,0
0.00196886,0
0.0001731004,0
0.0002481233,0
0.0013288606,0
0.00030246275,0
0.00012842345,0
0.00017841675,0
0.00024192323,0
0.00019809633,0
0.0002494797,0
0.0002665128,0
0.00017375933,0
0.00031504934,0
0.0001974739,0
0.00016628415,0
0.00022174086,0
0.0003551785,0
0.0008014939,0
0.00026209652,0
0.00015519398,0
0.00028843302,0
0.0006317262,0
0.0006058428,0
0.00015007055,0
6.624688e-05,0
0.00013240875,0
0.00017378344,0
0.00040987338,0
8.653331e-05,0
0.0010406116,0
0.00047578834,0
0.00020010519,0
0.00044671647,0
0.0010478722,0
0.00026187513,0
0.00045225766,0
0.0007974654,0
0.00021219859,0
0.0009201231,0
0.00019858633,0
0.00036003586,0
9.5538446e-05,0
0.00021018776,0
0.00025627727,0
0.0002484453,0
0.00024592108,0
0.0065107606,0
0.00043472982,0
0.000118812306,0
0.0005942413,0
0.0008153169,0
0.00020027849,0
0.00015699773,0
0.002803145,0
0.00027919482,0
0.00043049475,0
0.0018635106,0
0.00015338755,0
0.00037099482,0
0.00014960197,0
0.00028005807,0
0.00027777164,0
0.0006001648,0
0.00011301758,0
8.9153364e-05,0
0.0002614938,0
0.0002561562,0
0.00088831654,0
0.00518364,0
0.00025853582,0
0.00032978403,0
0.0005608242,0
7.353463e-05,0
0.00057818386,0
0.00035611328,0
0.00057074416,0
0.0006248641,0
0.0017778563,0
0.0002676931,0
0.0012792622,0
0.00024852634,0
0.0017356097,0
0.00030171825,0
0.00014627988,0
0.00015925043,0
0.00039486412,0
0.0005968687,0
0.00020184122,0
0.00079370104,0
0.00047558028,0
0.00021319604,0
0.00030022953,0
0.00032520355,0
0.0005516357,0
0.0005482419,0
0.00019542043,0
0.00077230285,0
0.000275124,0
0.0002576726,0
0.00014282117,0
0.00030961592,0
0.00024998022,0
0.00030532465,0
0.00018995952,0
0.00047980732,0
0.0001593821,0
0.00032695837,0
0.00019697762,0
0.0002370573,0
0.0020433348,0
0.00017679528,0
0.00018396802,0
0.00031334,0
0.0017008467,0
8.9131514e-05,0
0.0002779792,0
0.005035966,0
0.00025771925,0
0.0008578424,0
0.00011436892,0
0.00024685368,0
0.00046599394,0
0.00040668077,0
0.00022365288,0
0.00077690854,0
0.00011558614,0
0.00088596833,0
0.0002797879,0
0.00025356794,0
0.0035612755,0
0.00080143346,0
0.00012514436,0
0.000158652,0
0.00040362845,0
0.00031055041,0
0.0019793701,0
0.0003433043,0
0.00057330116,0
0.00020334496,0
0.000338257,0
0.0006710905,0
0.00014427146,0
0.00022899517,0
0.00060614315,0
0.00025409,0
0.0003596843,0
0.0011496345,0
0.0001623971,0
0.00055250665,0
0.00049893797,0
0.0003610144,0
0.00013701527,0
0.00020731338,0
0.00014907405,0
0.00064648845,0
0.0006917832,0
0.00032678113,0
0.0010730495,0
0.00030305272,0
0.00024251896,0
0.00073365896,0
0.00039084692,0
0.0037897313,0
0.0009288951,0
0.00022933718,0
0.0005019061,0
0.0036310945,0
0.0031166926,0
8.646397e-05,0
0.00013330307,0
0.0021924132,0
0.00012120115,0
0.00017696343,0
0.00026525528,0
0.00037478478,0
0.00012905625,0
0.00053377316,0
0.001263842,0
0.00096530846,0
0.00013744191,0
0.0003856609,0
0.000564783,0
0.0009406912,0
0.0008381225,0
0.00032396286,0
0.00063045544,0
9.706131e-05,0
0.0006074082,0
0.00048005197,0
0.00017134487,0
0.001892954,0
0.00012249169,0
0.00037552364,0
0.00073912274,0
0.000111822774,0
0.00037587775,0
0.00014073486,0
0.00034979108,0
0.0015132284,0
0.00021006953,0
0.00023422492,0
0.0010803128,0
0.0003727056,0
0.00043976863,0
0.0046073734,0
0.00035180952,0
0.00016130423,0
0.00029586855,0
0.0003816257,0
0.00020906086,0
0.0004343416,0
0.0004686361,0
0.00051482924,0
0.0005786639,0
0.00045962931,0
0.00039846904,0
0.00060897565,0
0.00035030217,0
0.0005579631,0
0.00010000981,0
0.00054416177,0
0.0001758644,0
0.0002726997,0
0.0005131078,0
0.00041918753,0
0.00019580129,0
0.0005219973,0
0.001516174,0
8.532099e-05,0
0.0004229415,0
0.00018691011,0
0.00035187113,0
0.00073232624,0
0.00025750478,0
0.00028660966,0
0.0011476761,0
0.00026950866,0
0.0007520721,0
0.00023000748,0
0.00028900718,0
0.00040424653,0
0.0008722005,0
0.00035816585,0
0.0016125735,0
0.0005403906,0
0.00011121452,0
0.003247881,0
0.00048816326,0
0.0013489382,0
8.4247025e-05,0
0.00065716606,0
0.00066021347,0
0.00034314365,0
0.00023602153,0
0.0006985152,0
0.00044044293,0
0.0018751096,0
0.00032800232,0
0.0007479205,0
0.0067635723,0
0.00020167597,0
0.00027826003,0
0.00066014717,0
0.00011718254,0
0.00022676279,0
0.00038617512,0
0.00036066203,0
0.0004522106,0
0.00028012152,0
0.00081033766,0
0.00027223324,0
0.0008880401,0
0.00034932938,0
0.0006029498,0
0.0004184118,0
0.00020644882,0
0.0027695538,0
0.00018566281,0
0.00024879898,0
0.0004084169,0
0.00047508,0
0.00028249895,0
0.00042123126,0
0.001047173,0
0.00074735016,0
0.00015627817,0
0.00018100753,0
0.0003080246,0
0.00042601526,0
0.000698387,0
0.00018217399,0
0.00020894864,0
0.00069388567,0
0.0001771097,0
9.760367e-05,0
0.0013343431,0
0.0007477816,0
0.00019747582,0
0.00036468872,0
0.00027767703,0
0.0021010179,0
0.0003650235,0
0.0004748972,0
0.00011940033,0
0.0012046249,0
0.00058592873,0
0.00030531018,0
9.3309216e-05,0
0.001789633,0
0.00018228854,0
0.00016575574,0
0.00027774257,0
7.511675e-05,0
0.0009195519,0
0.00018422861,0
0.00031883927,0
0.0009990274,0
0.0012586901,0
0.00024336213,0
9.630435e-05,0
0.00022442799,0
0.00074894604,0
0.00012964362,0
0.00019706333,0
0.00014862925,0
0.00023332215,0
0.0005572475,0
0.00010115701,0
0.0003410596,0
0.0011289299,0
0.0002681141,0
0.000301784,0
0.0020516564,0
0.0009429408,0
0.00013279951,0
0.00024119388,0
0.0004952289,0
0.00047928613,0
0.0010239135,0
0.00027753058,0
0.00020075914,0
0.00033373546,0
0.0018026134,0
0.0005525112,0
0.0009628868,0
0.0005547147,0
8.8513974e-05,0
0.00038857613,0
0.00012247066,0
0.00010309342,0
0.00044855312,0
0.00015568237,0
0.00031870423,0
0.00077056116,0
0.00012200076,0
0.00060775894,0
0.00013621776,0
0.0002760398,0
0.00013987771,0
0.00079919933,0
0.00048546423,0
0.00029276198,0
0.00027417255,0
0.00062345,0
0.007532731,0
0.00023429035,0
0.00050442794,0
0.0015000596,0
0.00010580738,0
0.00031646673,0
0.00016853168,0
0.00018822306,0
0.0003733248,0
0.0007802483,0
0.001630267,0
0.00058186403,0
0.004964883,0
0.0006246792,0
0.000177899,0
0.00022106983,0
0.00037814636,0
0.000101113736,0
0.00043292102,0
0.0019241123,0
0.00049693533,0
0.00013118054,0
0.00063892634,0
0.0006627714,0
0.00027984343,0
0.00011090852,0
0.00025547238,0
0.00020786785,0
0.00023735595,0
0.00036783828,0
8.293366e-05,0
0.008734507,0
0.0002522047,0
0.0002972927,0
0.0002556002,0
0.00031191894,0
0.0008710816,0
0.00046620026,0
0.00013381787,0
0.0003194643,0
0.00035062403,0
9.0231806e-05,0
0.00049470377,0
0.00047246384,0
0.0002057153,0
0.00012089855,0
0.00018656402,0
0.00010186528,0
0.00050111423,0
0.00041807196,0
0.00017604766,0
0.00045258546,0
0.00028022786,0
0.00034861866,0
0.00030475727,0
0.0001548435,0
0.0002480367,0
0.00046938984,0
0.000521623,0
0.0005094636,0
0.0010434312,0
0.0013507497,0
0.00025946222,0
0.00048176013,0
0.00014102094,0
0.00023435586,0
0.0002049437,0
0.00021206992,0
0.00034524765,0
0.00045160935,0
0.0002962142,0
0.0011862644,0
0.00012098884,0
0.00010153677,0
0.00018569431,0
0.00079158583,0
0.00045963292,0
0.00049162254,0
0.00026808714,0
0.0002788995,0
0.0001505879,0
0.0023696811,0
0.0009215808,0
0.00011027035,0
0.00011890962,0
0.00028860077,0
0.00018366682,0
0.00013637719,0
0.000406994,0
0.0005314288,0
0.00050555554,0
0.00028784416,0
0.0005839923,0
0.00034685398,0
0.000713837,0
0.00036796537,0
0.00010774712,0
0.00030866754,0
0.00033381284,0
0.0006591983,0
0.00073754607,0
0.0005536036,0
0.0005558901,0
0.0024062388,0
0.00015576356,0
9.432032e-05,0
0.00027856918,0
0.0006076211,0
0.00021914311,0
0.00016534871,0
0.0005708849,0
0.00038225614,0
0.0015789897,0
0.00042319426,0
0.0015404912,0
0.0027092171,0
0.0007693635,0
0.00020015535,0
0.0001766373,0
0.0005619618,0
0.00024116522,0
0.00041843246,0
0.00015104111,0
0.00024343887,0
0.00031182685,0
7.3458345e-05,0
0.0011771988,0
0.0013015238,0
0.0034690031,0
0.00025642497,0
0.0002999774,0
0.00031046406,0
0.00032720694,0
0.00032791425,0
0.00062738213,0
0.0015038676,0
0.00026747622,0
0.00018755485,0
0.00041503328,0
0.000859183,0
8.647926e-05,0
0.00010216176,0
0.0007908892,0
0.00042865027,0
0.00028146213,0
0.0012097906,0
0.000590548,0
0.00022720045,0
0.0015116363,0
0.00019629618,0
0.000107854874,0
0.00024099869,0
0.0017836795,0
0.0064920527,0
0.00046090072,0
0.00027986252,0
0.00013197615,0
0.00029495926,0
0.00023066801,0
0.0002355394,0
0.0006257851,0
0.0009338793,0
7.46564e-05,0
0.00087256567,0
8.348941e-05,0
0.00031186498,0
0.00019991634,0
0.00020840863,0
0.0020670174,0
0.0005444832,0
0.00018056846,0
0.00054739957,0
0.00016770331,0
0.00013560055,0
0.00018666968,0
0.0002541516,0
0.002130837,0
0.00029604425,0
0.00023293209,0
0.0007448566,0
0.000768209,0
0.0003879014,0
0.0007196339,0
0.00012540209,0
0.00041762934,0
0.00013790566,0
0.00035037738,0
0.00022702973,0
0.00024858405,0
0.00027526327,0
0.0007899892,0
0.0018690124,0
0.0012693241,0
0.00031914987,0
0.0012711139,0
0.0012424964,0
0.00035678328,0
0.0005568453,0
0.00077397324,0
0.00014915741,0
0.0002617026,0
0.00043350997,0
0.00028280952,0
0.00018810107,0
0.00017770701,0
0.00013517922,0
0.0024062549,0
0.00031768647,0
0.00071162306,0
0.0004576486,0
0.00083418837,0
0.00052317994,0
0.001188521,0
0.00030193522,0
0.00028503776,0
0.00040994535,0
0.0014518622,0
0.00031922603,0
0.00016132594,0
0.00040369504,0
0.00023235801,0
0.00030070535,0
0.0010499383,0
0.00088399596,0
0.0005586542,0
0.00012261882,0
0.00010669744,0
0.00015166476,0
0.00016076102,0
0.00041203076,0
8.58792e-05,0
0.00042692912,0
0.0004299873,0
0.0001557966,0
0.0005048522,0
0.00023989788,0
0.00016408003,0
0.0011383274,0
0.0011582421,0
0.0010740347,0
0.0015842624,0
0.00015537262,0
0.0013419696,0
0.00037868757,0
0.00010519153,0
0.0011066571,0
0.0023660623,0
0.00017280517,0
0.00012178513,0
0.0023696811,0
0.000170564,0
0.00061741355,0
0.00015186422,0
0.0005916648,0
0.00039723108,0
0.0001595798,0
0.00043139368,0
0.00045605213,0
0.00047537198,0
0.0006242067,0
0.00021154583,0
0.00012514436,0
0.00012737385,0
0.0006105033,0
0.00033472886,0
0.00040948598,0
0.0004259393,0
0.0004382463,0
0.001305468,0
0.00028541437,0
0.00019440203,0
0.001509248,0
0.00026460903,0
0.0007518349,0
0.00021954213,0
0.00079158583,0
0.0005758416,0
0.00037047442,0
0.00023673124,0
0.00021427308,0
0.00034898618,0
0.0004953475,0
0.0002184129,0
0.00011265089,0
0.00029590612,0
0.0002987239,0
0.00055937085,0
0.003282882,0
0.00022759297,0
0.00033620218,0
0.0006059367,0
0.003510417,0
0.0003085811,0
0.000560873,0
0.0004355087,0
0.00037146785,0
0.00046677247,0
0.0008045723,0
0.00021012538,0
0.00026987755,0
0.00013165554,0
0.00021760435,0
0.0017440143,0
0.00033726057,0
0.0010310764,0
0.00033871556,0
0.0007776353,0
0.00022150541,0
0.00014626203,0
0.0002478966,0
0.00012918393,0
0.000365871,0
0.0012386838,0
0.00054173695,0
0.000443661,0
0.00045004397,0
0.00016498254,0
0.0005361136,0
0.0004661058,0
9.83171e-05,0
0.0020753157,0
0.00058388204,0
0.00058203295,0
0.0004908671,0
0.00036742177,0
0.0004253891,0
0.00022316304,0
0.0005817827,0
0.00029379633,0
0.00029347156,0
0.00020876456,0
0.0005041715,0
0.0004268579,0
0.0011441828,0
0.00019581028,0
0.0003734388,0
0.00043597544,0
0.00022216099,0
0.00027035404,0
0.0012340068,0
0.00023699678,0
0.0001337943,0
0.00020780247,0
0.00047751135,0
0.00020748792,0
0.00012672487,0
0.0003790307,0
0.00028244054,0
0.00028751633,0
0.00048017103,0
0.00037394348,0
0.00048558618,0
0.0015928841,0
0.00082509156,0
0.00042411126,0
0.00019550513,0
0.00023962285,0
0.00044776069,0
0.00072444935,0
0.00016189177,0
0.0003210117,0
0.00019988704,0
0.00025503142,0
0.00027650534,0
0.00021403155,0
0.0001297142,0
0.00018142296,0
0.00071597396,0
0.00012097901,0
0.0005675772,0
0.0003287811,0
0.00091879553,0
0.00013904159,0
0.0003315969,0
0.0005975057,0
0.00011623124,0
0.0008530532,0
0.00013048566,0
0.00022678779,0
0.00041832923,0
0.00046721502,0
0.00021850801,0
0.0007518026,0
0.0004919252,0
0.00017740595,0
0.00026222746,0
0.0015044939,0
0.00041566417,0
0.00096111477,0
0.00018930044,0
0.0002281695,0
0.0003812253,0
0.00037669763,0
0.00061473384,0
0.00033761087,0
0.00016071716,0
0.0005149685,0
0.00040446487,0
0.00078221416,0
0.0005697507,0
0.00017868029,0
0.00034166058,0
0.0003029296,0
0.00055643154,0
7.334669e-05,0
0.00041870543,0
0.00037859156,0
0.00027229672,0
0.0011519447,0
0.00013350465,0
0.0008514481,0
0.00088274496,0
0.00023832307,0
0.001236865,0
0.0003630909,0
0.00019271002,0
0.00041593425,0
0.0002009913,0
0.00056121475,0
0.00026525528,0
0.0003161367,0
0.0001733904,0
0.0005312404,0
0.00025656098,0
0.00027826702,0
0.0009583155,0
0.0014732662,0
0.0001477713,0
0.00027423803,0
0.00088852167,0
0.00038293016,0
0.0002276375,0
0.0005355233,0
0.00029509765,0
0.00030969875,0
0.00060960435,0
0.00035052383,0
0.0014641326,0
0.00041033892,0
0.00028110732,0
0.00075003126,0
0.0005461195,0
0.0001508184,0
0.00017275,0
0.00028214115,0
0.0002245215,0
0.00020394503,0
0.001610044,0
0.00026936387,0
0.00059327506,0
0.000522335,0
0.00012358685,0
0.0001387003,0
0.00012998334,0
0.00028576024,0
0.00032268345,0
0.0005923129,0
0.001739327,0
0.0009333858,0
0.00022958829,0
0.00015226773,0
0.0005082928,0
0.00020645751,0
0.0005865683,0
0.0003275921,0
0.0010511903,0
0.00042403626,0
0.0007329128,0
0.0006099276,0
0.0016056943,0
0.0010560644,0
8.043121e-05,0
0.00063326774,0
0.0003266473,0
0.00013915906,0
0.00014296015,0
0.00048247853,0
0.0003791018,0
0.00112715,0
0.0002780515,0
0.00018317776,0
6.793591e-05,0
0.0001746072,0
0.0017344633,0
0.00013080925,0
0.00015609061,0
0.00079383375,0
0.00026047003,0
0.0010927388,0
0.0004975341,0
9.9835146e-05,0
0.00030722807,0
0.00014003538,0
0.0006537767,0
0.00037478228,0
0.00035543652,0
0.00022987503,0
0.00019101199,0
0.00038922945,0
0.00024377873,0
0.00023440144,0
0.00021561797,0
0.0061384547,0
0.00013862205,0
0.0023696811,0
0.00019528081,0
0.00029829156,0
0.00022522893,0
0.00078353786,0
0.0012272078,0
0.00012221385,0
8.041263e-05,0
0.031633604,0
0.00033843442,0
0.0016303286,0
0.0003763642,0
0.00016756829,0
0.000812455,0
0.00038650667,0
0.0012236586,0
0.00014776563,0
0.0010844779,0
0.0019471418,0
0.004645261,0
6.862029e-05,0
0.00010464556,0
0.00030433037,0
0.00064764277,0
0.00014447779,0
0.00019900533,0
0.00047485155,0
0.000547561,0
0.0006545489,0
0.00016323372,0
0.00067144947,0
0.0003220732,0
0.00020815097,0
0.00016574931,0
0.00029844692,0
0.00012647489,0
0.00022618704,0
0.00032750395,0
0.0015510967,0
5.4890723e-05,0
0.00033303397,0
0.00014611527,0
0.00025528547,0
0.0003824834,0
0.0018809029,0
0.0007346678,0
0.0001799977,0
0.00013251355,0
0.00039732183,0
0.00022684479,0
0.00047577787,0
0.00031468424,0
8.3613144e-05,0
0.00028894978,0
0.0004377915,0
0.00017411582,0
0.00027407065,0
7.6817705e-05,0
0.00014464928,0
0.0002650882,0
0.0005449639,0
0.0009683458,0
0.00040203944,0
0.00016122435,0
0.0005584894,0
0.00071681006,0
0.00070166565,0
0.0002959644,0
0.00024895798,0
0.0003767257,0
0.00033321272,0
0.00011450925,0
0.0010427539,0
0.00010259496,0
0.0006026955,0
0.0002603842,0
0.0015970018,0
0.00023662306,0
8.76596e-05,0
0.00043587753,0
0.00025725903,0
0.00066471257,0
0.0004980732,0
0.0006283048,0
0.0045827744,0
0.00011180144,0
0.00015759369,0
0.0009498699,0
0.0001620281,0
0.0001816307,0
0.0026865255,0
0.0004784337,0
0.0012197057,0
0.00073526904,0
0.0003304653,0
0.00032739606,0
0.0003948041,0
0.00044371988,0
0.0018808958,0
0.00021094059,0
0.0006263172,0
0.0009795505,0
0.00026652717,0
0.0005281556,0
0.0003689952,0
0.0007438903,0
0.00026460903,0
0.00016620314,0
0.00022250418,0
0.00018364143,0
0.00018116826,0
0.00051135593,0
0.00070456805,0
0.00023531106,0
0.0006309801,0
0.00018527708,0
0.00029839488,0
0.00013781089,0
0.00037012948,0
0.0012863106,0
0.00036008767,0
0.00032557306,0
0.0001910864,0
0.00042404648,0
0.00016114372,0
0.00017456639,0
0.00024040228,0
0.00042646614,0
0.0005110376,0
0.00032388125,0
0.000326116,0
0.00038500346,0
0.00023671112,0
0.00064435246,0
0.0007835733,0
0.00045144133,0
0.00056372595,0
7.197662e-05,0
0.0004672561,0
0.00042600866,0
0.00019479392,0
0.00054357096,0
0.0024426677,0
0.0011541991,0
0.00024448408,0
0.0007252548,0
0.00025729186,0
0.00017894147,0
8.0006044e-05,0
0.00025941516,0
0.00026640273,0
0.00028264578,0
0.00014970185,0
9.04442e-05,0
0.00064009783,0
0.00034660543,0
0.00018882363,0
0.00034076397,0
0.0005455489,0
0.00045988878,0
0.0006341562,0
0.00023337064,0
0.00036328472,0
0.0004549416,0
0.0003439412,0
0.00019645746,0
0.0004328542,0
0.00018882363,0
0.00018088863,0
0.0026142464,0
0.00018189865,0
0.0010012565,0
0.0003900685,0
0.0002757135,0
0.00068538694,0
0.00023018077,0
0.0003340328,0
0.00022343986,0
0.00015811516,0
0.00058197096,0
0.0007380567,0
0.00012514436,0
0.00060335035,0
0.00028589932,0
0.0006295664,0
0.00012784796,0
0.00028123785,0
0.0012431737,0
0.00040902832,0
0.00019600659,0
0.0005716276,0
0.00060231285,0
0.00029521494,0
0.00035299643,0
0.00038078378,0
0.00031396243,0
0.0001720799,0
0.00016091413,0
0.0016921735,0
0.00020388342,0
0.0004476421,0
0.0012403249,0
0.0007155181,0
0.0008003944,0
0.00047126156,0
0.00016621125,0
0.0010440609,0
0.00060905266,0
0.00039781214,0
0.0002027323,0
0.001819183,0
0.0009220456,0
0.00021170084,0
0.00022553826,0
0.000520961,0
0.00015003054,0
0.00010673701,0
0.00021402138,0
0.0002856179,0
0.00041547907,0
0.00017567346,0
7.743856e-05,0
0.0003982415,0
0.0013645351,0
0.00035676002,0
0.00034364266,0
0.00021105658,0
0.0006193543,0
0.0005276916,0
0.0009851321,0
0.00017928919,0
0.0002695009,0
0.00014682118,0
0.00024369723,0
0.00045227032,0
0.00018284134,0
0.00012776723,0
0.00077286066,0
0.00028985756,0
0.00034135053,0
0.00084413524,0
0.00070181163,0
0.00013064891,0
0.00056799944,0
0.00022733156,0
6.325693e-05,0
0.00029867835,0
0.00019402515,0
0.0028449371,0
0.0005393036,0
6.943166e-05,0
0.0073870495,0
0.00021662386,0
0.00012262573,0
0.000115393515,0
0.00047276076,0
0.0002015546,0
0.00046436378,0
0.00035428745,0
0.000745013,0
0.00043388354,0
0.00016309148,0
0.00022779098,0
0.00022135249,0
0.0001482465,0
0.00025127662,0
0.00025476367,0
0.0004737842,0
0.00012139123,0
0.00017043852,0
0.00019788115,0
0.00022817332,0
0.0003829268,0
0.00081514404,0
0.0004639098,0
0.00038576554,0
0.0004902715,0
0.00053641014,0
0.0010603697,0
0.00020272646,0
0.00021823787,0
0.0006929673,0
0.000418128,0
0.00015609173,0
0.0007678046,0
0.00015826666,0
0.0010689745,0
0.00066321564,0
0.000590952,0
0.0003013776,0
9.721552e-05,0
0.0006985653,0
0.0001529297,0
0.00044377783,0
0.00028378688,0
0.0006531278,0
0.00032418736,0
0.00026557417,0
0.0002587585,0
0.00018161788,0
0.00023992431,0
0.0003993786,0
0.0006815221,0
0.0019978038,0
0.00015634287,0
0.00081138825,0
0.00013045971,0
0.00021006406,0
6.003489e-05,0
0.0025226532,0
0.00021268892,0
0.00021203412,0
0.0011869497,0
0.00023885776,0
0.00012826962,0
0.0012546858,0
0.0014021405,0
0.000665205,0
0.00025873273,0
0.0013752985,0
0.00013425715,0
0.00032041236,0
0.00065196375,0
0.00036228227,0
0.0004603943,0
0.0014253117,0
0.0007880711,0
0.00010523385,0
0.00039031138,0
0.00060995884,0
0.0002166996,0
0.0002492912,0
0.00020245476,0
0.00055641343,0
0.00022838156,0
0.0004590557,0
0.00013695029,0
0.00017106796,0
8.4620944e-05,0
0.00021466374,0
0.00035560405,0
0.00041394305,0
0.00010866039,0
0.00052065414,0
0.00015173349,0
0.00017583057,0
0.0007328384,0
0.00047083775,0
0.00024027501,0
0.00024136416,0
0.00015123736,0
0.00035285653,0
0.0009816207,0
0.0002530394,0
0.00021831218,0
0.0004582535,0
0.0004993933,0
0.00015847132,0
0.00012911459,0
0.00018039806,0
0.00045837558,0
0.00090510736,0
0.00011783366,0
0.00023607396,0
0.0005265121,0
0.00019355574,0
0.00039067343,0
0.00019305934,0
0.0008896346,0
0.00011000247,0
0.00047169282,0
0.00043368942,0
0.0007368457,0
0.00050333084,0
0.0004103582,0
0.00043518428,0
0.0010001133,0
0.00026973247,0
0.0005258535,0
0.00028971717,0
0.00010506397,0
0.00014950683,0
0.00058458495,0
0.00068373635,0
0.0007414098,0
0.00044695573,0
0.0002752083,0
0.00020105895,0
0.00044275782,0
0.0010722494,0
7.265835e-05,0
0.00028834448,0
0.00024326945,0
0.00036068185,0
0.0004243127,0
0.00024244067,0
0.0011021511,0
0.00019645675,0
0.0001357351,0
0.0002880633,0
0.00012911459,0
0.00020638132,0
0.0001302205,0
0.00038294913,0
0.00021252253,0
0.00046261682,0
0.00043283778,0
0.0005961257,0
0.00018401873,0
0.00015955654,0
0.0011461927,0
0.0001992452,0
0.00076411676,0
0.0017528109,0
0.00046383438,0
0.00016884635,0
0.00029051056,0
0.00059801893,0
0.00022585041,0
0.0006516172,0
0.00028568113,0
0.00047296612,0
0.0003790811,0
0.0016960761,0
0.00017708474,0
0.000680196,0
0.0005342564,0
0.0018080533,0
0.00046118497,0
9.413289e-05,0
0.00015487992,0
0.00063054374,0
0.0003769806,0
0.00088652654,0
0.00037996477,0
0.0002566548,0
0.00011153113,0
0.00019973813,0
0.001130631,0
0.00030195425,0
0.0014092878,0
0.0007286653,0
0.00046522112,0
0.00057218637,0
0.0026311558,0
0.0007714892,0
0.00022383589,0
9.050688e-05,0
0.00019483264,0
0.00014163625,0
0.0005646035,0
0.0002388523,0
0.00042287295,0
0.00035718785,0
0.0002620198,0
0.00013048566,0
0.0009881807,0
0.00029559692,0
0.0002574348,0
0.00024799077,0
0.00020555202,0
8.350893e-05,0
0.0015373381,0
0.0004209009,0
0.00020868967,0
0.0011421646,0
0.00015089827,0
0.00019262558,0
0.0012415254,0
0.00049811066,0
0.00033415106,0
0.00011602848,0
0.00073680637,0
0.00029342755,0
0.00023287427,0
0.00037320267,0
0.0001829974,0
0.00057980284,0
0.002439078,0
0.0007986008,0
0.0002486854,0
0.0002101517,0
0.000612119,0
0.00034959312,0
0.00031000416,0
0.00018152442,0
0.0016927376,0
0.00044890054,0
0.00020505162,0
0.0033512793,0
0.00016698246,0
0.00023652709,0
0.00028416258,0
0.00018166666,0
0.00038418022,0
0.00010608112,0
0.00075647497,0
0.00083879073,0
0.00022736761,0
0.0005123885,0
0.00017835994,0
0.0004004433,0
0.0005044258,0
0.00019995913,0
0.0013012493,0
0.0066656587,0
0.00012423353,0
0.0005938803,0
0.000448743,0
0.00051032566,0
0.00035029027,0
0.00017344415,0
8.274556e-05,0
0.00011940014,0
0.0005055629,0
7.878806e-05,0
0.004873046,0
7.376014e-05,0
0.000115920666,0
0.00033131245,0
0.00016205644,0
0.00028123258,0
0.0011182856,0
0.0002276105,0
0.000110637746,0
0.00019479392,0
0.00028343507,0
0.0003694307,0
0.0011144466,0
0.0003343406,0
0.0002697744,0
0.0027018592,0
0.000988512,0
0.00039660386,0
0.00017427809,0
0.0020319824,0
0.00014920018,0
0.00050042634,0
0.00023381336,0
0.0007801684,0
0.00017422714,0
0.00032232844,0
0.00047573628,0
0.0004029212,0
0.00024038297,0
0.00013652985,0
0.00023272987,0
0.00076797337,0
0.00013079583,0
0.0002254957,0
0.0012276946,0
0.000122031975,0
0.0005710827,0
0.0005594231,0
0.00017839935,0
7.2239054e-05,0
0.0006807454,0
0.0028673871,0
0.0005531687,0
0.0009913243,0
0.0030332224,0
0.0001932458,0
0.001095638,0
0.00016240442,0
0.00017409734,0
0.00028486497,0
0.00027546362,0
0.00010196197,0
0.0005257081,0
0.0023349018,0
0.00044993625,0
0.0004397564,0
0.00026536136,0
0.00035717242,0
0.0003797231,0
0.00012983191,0
0.00048361774,0
0.00017196567,0
0.00049822155,0
0.00027639524,0
0.0001927801,0
0.00030475133,0
0.00063980895,0
0.00034009913,0
0.00052602665,0
0.00013298805,0
0.0002945034,0
0.00073954125,0
0.000893358,0
0.0004061155,0
0.00016498254,0
0.00014366863,0
0.0011252582,0
0.00031335908,0
0.00035372804,0
0.00021213047,0
0.0004932914,0
7.505834e-05,0
0.0004248497,0
0.00016689769,0
0.00054665934,0
8.2083076e-05,0
0.00031114355,0
0.00038999142,0
0.0005213455,0
0.000347876,0
0.0003254551,0
6.921096e-05,0
0.0005913858,0
0.0004217498,0
0.00012979785,0
0.00037933013,0
0.00069521734,0
0.0004554516,0
0.00023858946,0
0.00015994362,0
0.00031052914,0
0.0002481233,0
0.00025719914,0
0.00042767878,0
0.0010831992,0
0.0006102963,0
0.0022778208,0
0.00033272253,0
0.0004321035,0
0.0012769962,0
0.00031333847,0
0.0005379999,0
0.0007698216,0
0.0025122012,0
0.0035915698,0
0.0014210129,0
0.00027565644,0
0.0005167192,0
0.0016545571,0
0.00015269387,0
0.0016648907,0
0.00029836778,0
8.388254e-05,0
0.0002982038,0
0.00019284736,0
0.00032321905,0
0.0004216846,0
0.00045355526,0
0.00027246994,0
0.00044643035,0
0.00012891438,0
0.00059898186,0
0.00030328904,0
0.00034687074,0
0.0005618118,0
0.0004140048,0
0.0002580873,0
0.0003179483,0
0.00015791434,0
0.00039455315,0
0.00027060768,0
0.0010747999,0
0.0001821198,0
0.000354872,0
0.0003174203,0
0.0008795306,0
0.0006052013,0
0.00021643814,0
0.00033170034,0
0.00046883704,0
0.0004474341,0
0.00015751559,0
0.00013193647,0
0.00038506772,0
0.0007265032,0
0.0005399456,0
0.0003083211,0
0.0019577271,0
0.00046873567,0
0.00029892015,0
0.00048073768,0
0.0007951965,0
0.00034652004,0
0.00016846468,0
0.00035026786,0
0.0005120141,0
0.00040806527,0
0.0007560259,0
0.00031279642,0
0.0003842765,0
0.0002773493,0
0.00046634633,0
0.000116350806,0
0.00022536334,0
0.0002408424,0
0.00031377663,0
0.0003276315,0
0.00031170968,0
0.006705373,0
0.00028962412,0
0.0006996683,0
0.0002714185,0
0.00068259373,0
0.00029454418,0
0.00017333179,0
0.0012805026,0
0.0005130209,0
0.00015537262,0
0.000303725,0
0.0011463108,0
0.0006840795,0
0.00013654481,0
0.00021996554,0
0.00015400884,0
0.00024399743,0
0.00043228423,0
0.00034217723,0
0.00012019942,0
0.0007365377,0
0.00010404898,0
0.00029198395,0
0.00024843917,0
0.00045125658,0
6.608589e-05,0
0.00074535265,0
0.00030284995,0
0.00021944483,0
0.0011264505,0
0.000371655,0
0.0002810622,0
0.0003680754,0
0.0009841562,0
0.00037097305,0
0.00023670422,0
0.0005879866,0
0.00027407616,0
0.00041106882,0
0.0646872,0
0.0004500538,0
0.00013239279,0
0.0009632142,0
0.00015509086,0
0.000795049,0
0.0011529642,0
0.00031926177,0
0.00016057627,0
0.00055866025,0
0.0010915342,0
0.00025185416,0
0.0003656011,0
0.00033110933,0
0.00034734336,0
0.00032787543,0
0.00040560772,0
0.0010318271,0
0.00010906361,0
0.00028776063,0
0.0005381932,0
0.0006007228,0
0.00027696864,0
0.0003259583,0
0.000154561,0
0.0002028548,0
0.0005481135,0
0.0016588494,0
0.0050034737,0
0.00016691377,0
0.0002860098,0
0.00017740595,0
0.00040842488,0
0.00026554603,0
0.00018983326,0
0.00038916944,0
0.00040805797,0
0.0003598192,0
0.0005490502,0
8.006832e-05,0
7.851787e-05,0
0.00032244477,0
0.00072858995,0
0.00012387015,0
0.0013762532,0
0.00015364168,0
0.00047687555,0
0.0003605627,0
0.00049529347,0
0.0010817586,0
0.00018584967,0
0.002941978,0
0.0006650636,0
0.0023696811,0
0.00057915854,0
0.0014196328,0
0.00035016454,0
0.00062218396,0
0.0002442955,0
8.93219e-05,0
0.0005488258,0
0.00039446485,0
0.00089863123,0
0.0011228715,0
0.0018886812,0
0.0002268694,0
0.0004933487,0
0.0006541373,0
0.00019187114,0
0.00035427677,0
0.00046410982,0
0.0002987076,0
0.00030937532,0
0.0011423075,0
0.00032343806,0
0.00015031191,0
0.00035126024,0
0.0003801516,0
0.0006748723,0
0.0001216413,0
0.0003955968,0
0.00022468055,0
0.00047787288,0
0.0003950356,0
0.0011417968,0
0.00014363368,0
0.00025862106,0
0.0013868364,0
0.0001356813,0
0.000110312714,0
0.00033914085,0
0.0002646387,0
0.0006896121,0
0.00023536019,0
0.0003896582,0
0.00041087574,0
0.00026815297,0
0.00013940944,0
0.00016693807,0
0.00048770968,0
0.00014838348,0
0.00094922294,0
0.00032582408,0
0.00052812474,0
0.00013474844,0
0.0004760738,0
0.00057527935,0
0.0004908557,0
0.0032419898,0
0.00053841464,0
0.00036419337,0
9.87666e-05,0
0.0002075433,0
0.00023193003,0
0.0005009103,0
0.00046155025,0
0.0006474429,0
0.00010701566,0
0.00011611778,0
0.00026881773,0
0.00023804528,0
0.0004734,0
0.00022937823,0
0.00024946363,0
0.00020767894,0
0.0018562897,0
0.00023081068,0
0.00068569527,0
0.00020701837,0
0.00020197018,0
0.00056210783,0
0.005763509,0
0.0008818175,0
0.0001574039,0
0.00055139174,0
0.00022688469,0
0.0006310293,0
0.00025946955,0
0.0003062364,0
0.0010695163,0
0.00054205116,0
0.000798972,0
0.00031769866,0
0.00014646088,0
0.0004895336,0
0.00020030428,0
0.00071027444,0
0.0004790393,0
0.00045052325,0
0.00047264755,0
0.0012723189,0
0.00048006844,0
0.0005884747,0
0.0001244225,0
0.000104900144,0
0.00091259176,0
0.00027212212,0
0.00055732194,0
0.00041329573,0
0.0005581231,0
0.0004660755,0
0.00031400955,0
0.00025658886,0
0.0002057339,0
0.00015360524,0
0.00045356102,0
0.00036478936,0
8.395519e-05,0
0.0003239997,0
0.00022912817,0
0.0011567178,0
0.00053081854,0
0.00054366834,0
0.00021836674,0
0.00019322087,0
0.0015908987,0
0.00038582648,0
0.0003801995,0
8.638705e-05,0
0.0010352569,0
0.00021415896,0
0.00037173525,0
0.00018584967,0
0.00015370916,0
0.0006662236,0
0.0004586761,0
0.0007895537,0
0.0002053054,0
0.00013957213,0
0.00014108238,0
0.00029565924,0
0.00044900822,0
0.00040950775,0
0.0004815478,0
0.00041157834,0
0.00037496936,0
0.0001376165,0
0.00059130887,0
0.0003927068,0
7.676506e-05,0
0.00020088554,0
0.00048421678,0
0.0004046834,0
0.000650111,0
0.00010864383,0
8.676121e-05,0
0.0002664865,0
0.0005908647,0
0.0001615475,0
0.00011722323,0
0.0007938236,0
0.0001503768,0
0.00019287888,0
0.00072556024,0
0.00018762838,0
0.0006220317,0
0.00019272065,0
0.0006470219,0
0.000102827566,0
0.0010045627,0
0.00018886439,0
0.0007175956,0
0.0007205507,0
0.00031476634,0
0.0006305132,0
0.00042337994,0
0.0001496486,0
0.0003078543,0
0.0005618204,0
0.00065900607,0
0.0007526073,0
0.001063201,0
0.0003310664,0
0.0003796208,0
0.0014691101,0
0.00020146936,0
0.00021143751,0
0.000114297996,0
0.002520166,0
0.0016228415,0
0.0006546364,0
0.00023100428,0
0.0002201568,0
0.0005032535,0
7.938716e-05,0
0.00028636536,0
0.00040544526,0
0.0002973205,0
0.00017757058,0
0.00046280512,0
0.00011143482,0
0.00043917834,0
0.00031144836,0
0.00031118427,0
0.00029541482,0
0.0007823604,0
0.00041855528,0
0.0006255807,0
0.0001492782,0
0.00019884625,0
0.0005065145,0
0.00049617206,0
0.00014234011,0
0.00040337906,0
0.0005663289,0
0.00045747796,0
0.00025476076,0
0.0007220864,0
0.00021453308,0
0.00028599618,0
0.00027679035,0
0.00028663754,0
0.04139129,0
0.00056848396,0
0.00029764592,0
0.00020661311,0
0.00051488576,0
0.0005981131,0
0.0006077043,0
0.0025609192,0
0.0010373984,0
0.0003370709,0
0.0006438475,0
0.0009852573,0
0.00024666367,0
0.0004689457,0
0.00031106544,0
0.00020949238,0
0.00018302324,0
0.0004051949,0
0.0001873447,0
0.0002659828,0
0.0005794417,0
0.00033019774,0
0.0004889155,0
0.0012705349,0
0.00056264986,0
0.0018505788,0
0.00029744735,0
0.000202826,0
0.00020183074,0
0.0001149101,0
0.0001884777,0
0.00048924226,0
0.00037821478,0
0.00038219677,0
0.00015033036,0
0.00026330625,0
0.00023873479,0
0.0007551237,0
0.00028726304,0
0.0024990092,0
0.00033492508,0
0.00041133285,0
0.00034917134,0
0.00013163756,0
0.00070238503,0
0.0002669777,0
0.00050373416,0
0.00021150793,0
0.00027790343,0
0.00014450445,0
0.00016699635,0
0.0004356251,0
0.00013551928,0
0.00018298683,0
0.0006492458,0
0.0011387813,0
0.00074995233,0
0.00040951648,0
0.00036345018,0
0.00025968582,0
0.00019422156,0
0.00044675817,0
0.0001618177,0
0.0001349283,0
0.00023605612,0
0.000327636,0
0.00013566941,0
0.00019658245,0
0.0010299314,0
0.0025201759,0
0.0001318824,0
0.00030230745,0
0.0004197278,0
0.00028221987,0
0.0008216208,0
0.0006543842,0
0.00010889473,0
0.0002543089,0
0.0006855826,0
0.00058926834,0
0.00023583678,0
0.00045904703,0
0.00031076994,0
0.0018813127,0
0.00014948848,0
0.00036380484,0
0.005784481,0
0.00039324333,0
0.00039983375,0
0.00034683183,0
0.00021253781,0
0.00028045347,0
0.0005117279,0
0.0004016647,0
0.0019719861,0
0.00031937627,0
0.0003589471,0
0.0005330172,0
0.00061434496,0
0.00043672745,0
0.00031433563,0
0.00027709434,0
0.0016920688,0
0.00023021903,0
0.00019866234,0
0.0001281187,0
0.00033937185,0
0.0006545764,0
0.00058411836,0
0.0005461343,0
0.0006301165,0
0.00041694712,0
0.00021505152,0
0.0007069093,0
0.00029895775,0
0.00024125689,0
0.00011532538,0
0.0007301093,0
0.00017371812,0
0.00043807336,0
0.0002002317,0
0.0005905475,0
0.0005284316,0
0.00058249687,0
0.00040369923,0
0.00021072337,0
0.00059878593,0
0.00037831155,0
0.0003806538,0
0.0004574058,0
0.0003541556,0
0.00023550101,0
0.0008772559,0
0.00018105622,0
0.00050270493,0
0.0006082122,0
0.0007746419,0
0.00012753173,0
0.00035415133,0
0.00023316454,0
0.00019175983,0
0.0004980333,0
0.00052434584,0
0.002159107,0
0.0011224383,0
0.0010436354,0
0.0002551035,0
0.00013727798,0
0.0007144823,0
0.00033357745,0
0.00315346,0
0.00011567245,0
0.00031084486,0
0.00040101996,0
0.0004414816,0
0.0009880493,0
0.0006454436,0
0.00036107967,0
0.00034276463,0
0.00010396878,0
0.00020022478,0
0.0005421316,0
0.001810322,0
0.00019106246,0
0.000120942095,0
0.00025727798,0
0.0003245705,0
0.00095396873,0
0.00030087386,0
0.00048127834,0
0.0019790847,0
0.00019959273,0
0.0016232752,0
0.0006375348,0
0.0003893597,0
0.0003275339,0
0.00024044745,0
0.000637582,0
0.00059262046,0
0.00047337814,0
0.00014135161,0
0.00028031715,0
0.00025100546,0
0.00015998218,0
0.00018320596,0
0.00021912668,0
9.199884e-05,0
0.00029880385,0
0.00032081202,0
0.0018920248,0
0.00015503718,0
0.00043297894,0
0.0009650021,0
0.00019285246,0
0.00018790511,0
0.0001911541,0
0.0004097176,0
0.00053047965,0
0.0029073127,0
0.00041263862,0
0.0024345187,0
0.0010598198,0
0.0021069294,0
0.00014421681,0
0.00010491532,0
0.00040947052,0
0.00029491456,0
0.00049545453,0
0.0008533248,0
0.0003790449,0
0.00014070727,0
0.0004557746,0
0.00016201794,0
0.000112653644,0
0.0002568074,0
0.001241191,0
0.00014306468,0
0.00044145196,0
0.00018894201,0
0.00042792462,0
0.00016857617,0
0.0003898343,0
0.0002402046,0
0.0002017439,0
0.00047478257,0
0.00029171963,0
0.0004975198,0
0.00051814463,0
0.00027133376,0
0.00024857372,0
0.00015591676,0
0.00015943432,0
0.0002646393,0
0.00018056751,0
0.00043881813,0
0.0006548913,0
0.0025037483,0
0.0005538895,0
0.00052416464,0
0.0010768747,0
0.00032789825,0
0.00040945708,0
0.00145532,0
0.00015130301,0
0.00057111133,0
0.00013972147,0
0.00027011285,0
0.0003809693,0
0.00084409886,0
0.00034287694,0
0.0009260755,0
0.00051284215,0
0.00026646914,0
0.0023696811,0
0.0008584492,0
0.000186405,0
0.00011414681,0
0.0014340793,0
0.000556959,0
0.00096815394,0
0.00012550956,0
0.0008455908,0
0.0003693473,0
0.00028643085,0
0.00019087398,0
0.00022043404,0
0.00018175629,0
0.00025431928,0
0.00017516008,0
0.0004881061,0
0.00033301214,0
0.0002233518,0
0.00041433476,0
0.00014070727,0
0.00045760736,0
0.00027325843,0
0.00082039594,0
0.000895046,0
0.0022973993,0
0.00044776747,0
0.0005272674,0
0.0019675125,0
0.00014318079,0
0.0006480088,0
8.973916e-05,0
0.00063113775,0
7.502783e-05,0
0.0003115289,0
0.0002295356,0
0.00031649595,0
0.00035581048,0
0.00027698488,0
0.0005015055,0
0.0121904705,0
0.00047537367,0
0.00017997484,0
0.00019301096,0
0.00043474074,0
0.00019888692,0
0.0003571398,0
0.00027197422,0
0.00025152107,0
0.00020032408,0
0.00041819867,0
0.00011688813,0
0.0014996827,0
0.0008556244,0
0.0015506045,0
0.00048634905,0
0.00052777235,0
0.00033756846,0
0.00024201398,0
0.00044149792,0
0.00043440936,0
0.0004115245,0
0.0001507947,0
0.00040126714,0
6.687198e-05,0
0.0004778368,0
0.0005167939,0
0.00038972977,0
0.0007599671,0
0.00037348698,0
0.0002807718,0
0.000409476,0
0.00015157247,0
0.0005107804,0
0.00041581513,0
0.00027058178,0
0.00065273425,0
0.0007204898,0
0.00052450685,0
0.0010501733,0
0.00031961175,0
0.0001878732,0
0.000644736,0
0.0002664389,0
0.00032675732,0
0.00023066768,0
0.000116594005,0
0.00022925876,0
0.000166115,0
0.00043018485,0
0.0012276456,0
0.00019924379,0
0.0006155981,0
0.00010499566,0
0.00035456143,0
0.00020242277,0
0.00078939524,0
0.00041863677,0
0.00020638945,0
0.0001992452,0
0.00058372814,0
9.4644354e-05,0
0.00024211849,0
0.00015285694,0
0.00037251512,0
0.0004114694,0
0.00023603496,0
0.00013478938,0
0.00080678886,0
0.00045805046,0
0.00033243018,0
0.00012250176,0
0.0006517053,0
0.0003037835,0
0.00072245207,0
0.00025268173,0
0.0003327414,0
0.00044414125,0
0.00061832083,0
0.00011814,0
0.0018136803,0
0.00049754063,0
0.00036372113,0
0.00021641003,0
0.00033463625,0
0.00043785575,0
0.00016643872,0
0.0025201817,0
0.00096787635,0
0.00063179235,0
0.00021825379,0
0.00014724344,0
0.0003271939,0
0.0005217181,0
0.00029862754,0
0.0002234403,0
0.00021149265,0
0.00024325386,0
8.320666e-05,0
0.0010621435,0
0.00086470635,0
0.00066806405,0
0.00085058855,0
0.00020689364,0
0.000163569,0
0.00036471593,0
0.0008397673,0
0.0013704075,0
0.00018006729,0
0.00018724678,0
0.00014862925,0
0.00013009623,0
0.00030392857,0
0.0011744853,0
0.00016972261,0
0.0003418529,0
0.00016156558,0
0.0006918284,0
0.0011383274,0
0.00045751885,0
0.00019722995,0
0.00030828526,0
0.00033399332,0
0.00026893578,0
0.00020777743,0
0.000356739,0
0.00020969186,0
0.00038900538,0
0.00010943233,0
0.00030891897,0
0.00021929757,0
0.0004217298,0
0.00019300601,0
9.871846e-05,0
0.00015573546,0
0.000847433,0
0.00032547093,0
0.00017906795,0
0.00017874799,0
0.000310855,0
0.000584851,0
9.8428136e-05,0
0.00077300286,0
0.00016453382,0
0.0007906348,0
0.00014305337,0
0.0011082357,0
0.0005272379,0
0.0005131142,0
0.00051258766,0
0.00041360204,0
0.00024450952,0
0.00036545296,0
0.00041005522,0
0.0002863322,0
9.091364e-05,0
0.00021237214,0
0.0025172369,0
0.00016460051,0
0.00033422414,0
0.00022806939,0
0.00071657106,0
0.0003478452,0
0.00035808753,0
0.00025652722,0
0.00021458257,0
0.00044268236,0
0.00065973686,0
0.00020494706,0
0.00014249177,0
0.00039107335,0
0.00027737595,0
0.00029380966,0
0.0019925465,0
0.0002842208,0
0.00029824447,0
0.00010320196,0
0.0016063459,0
0.00048694687,0
0.00016593949,0
0.00044374418,0
0.00018742796,0
0.00022759262,0
0.0003113324,0
0.00042940112,0
0.00037669644,0
0.0003242741,0
0.002431841,0
0.00034686134,0
0.0003076314,0
0.000699192,0
0.00036798217,0
0.0004667796,0
0.00020759893,0
0.00018113341,0
0.00033533553,0
0.0016734916,0
0.0002800175,0
0.00034012168,0
0.00016632616,0
0.0003284284,0
0.0008720309,0
0.0009309856,0
0.00042505353,0
0.0013710018,0
0.00023521917,0
0.00044989958,0
0.00020600838,0
0.00035113376,0
0.0012704432,0
0.0003422313,0
0.0006050888,0
0.0009959597,0
0.0008160929,0
0.00079426734,0
0.00039484122,0
0.00048494758,0
0.0003559145,0
0.0026289793,0
0.0004015158,0
0.00016985656,0
8.04148e-05,0
0.00032043012,0
8.612999e-05,0
0.0002008266,0
9.434447e-05,0
0.0018534395,0
0.0006021268,0
0.0005419288,0
0.00028087408,0
0.00022402371,0
0.00011563589,0
0.0008819779,0
0.00060098426,0
0.0006442481,0
0.0008817279,0
0.00046084967,0
0.00024139532,0
0.0015707839,0
0.00044669205,0
0.00019305934,0
0.0006484919,0
0.00013978918,0
0.0006784697,0
0.00015221507,0
0.00019483264,0
0.00041247,0
0.0012681969,0
0.00014239416,0
0.0002715797,0
8.0893224e-05,0
0.0001767824,0
0.0010871934,0
0.00014865652,0
0.0006979724,0
0.00082902674,0
0.00073442113,0
0.00024478522,0
0.0004751924,0
0.0010667732,0
0.0005973259,0
0.00086980464,0
0.00041425618,0
0.00018020357,0
0.0005379328,0
0.00017875418,0
0.00024664134,0
0.00057847856,0
0.00045220304,0
0.00036992194,0
0.0003534606,0
0.0006522941,0
0.00031278568,0
0.0016168538,0
8.768471e-05,0
0.00018309949,0
0.0018872467,0
0.0029359437,0
0.00027478783,0
0.00013714471,0
0.00011817386,0
0.0004411757,0
0.0008016194,0
0.0002581641,0
0.000397656,0
0.00041923847,0
0.00025409937,0
0.00021901324,0
0.0013477037,0
0.00022149055,0
0.00038479303,0
0.0006274004,0
0.0013143407,0
0.00014719233,0
0.0005331308,0
0.00021294742,0
0.00029656355,0
0.00036666408,0
0.00023556154,0
0.00045616456,0
0.0003243632,0
0.005890109,0
0.00055820163,0
0.00024743934,0
0.00022980748,0
0.00020046344,0
0.00045770558,0
0.00052231364,0
0.00028031183,0
0.00021920468,0
0.00014630346,0
0.0017003929,0
0.0006435547,0
0.00016007361,0
0.0010277579,0
0.00010990409,0
0.003851576,0
0.00044732675,0
0.0007316913,0
0.00015796481,0
0.00015876879,0
0.0008880482,0
0.00018717376,0
0.00015866359,0
0.00033894146,0
0.0009414248,0
0.00027071004,0
0.0005420095,0
0.00018307085,0
0.0003983853,0
0.0002048928,0
0.0003301991,0
0.0003264843,0
0.00033102417,0
0.00066305214,0
0.00071099104,0
0.00042507864,0
0.0006013632,0
0.0001607113,0
0.00026355172,0
0.0005988546,0
0.0001734703,0
0.00084338203,0
0.00016529988,0
0.00016132566,0
0.0009489752,0
0.00054778083,0
0.000276022,0
7.953767e-05,0
0.0005305622,0
0.00044522202,0
0.00032579256,0
0.00017466336,0
0.0008076949,0
0.00014970185,0
0.00054285355,0
0.00038501012,0
0.0024251326,0
0.00044996428,0
0.00047455402,0
0.000177383,0
0.0003861651,0
0.0001726027,0
0.0021830488,0
0.00016976158,0
0.00041656956,0
0.00076792337,0
0.028784988,0
0.00046286476,0
6.582544e-05,0
0.00033639313,0
0.00040007374,0
0.00029881924,0
0.00053110754,0
0.00050507486,0
0.00032802613,0
0.0004822766,0
0.0001126658,0
0.00014829455,0
0.00049605273,0
0.00027193764,0
0.00016309148,0
0.00016465677,0
0.0009687072,0
0.00014820663,0
0.0011175742,0
0.00022800188,0
0.00035943964,0
0.00022394642,0
0.00024166073,0
0.00043479874,0
0.0004234952,0
0.0009214414,0
8.9183624e-05,0
0.00047543453,0
0.00012729748,0
0.0005029445,0
0.00043563338,0
0.0003729044,0
0.0006274794,0
0.00062398735,0
0.0015684176,0
0.00057859725,0
0.0010303648,0
0.0005407428,0
0.00016052388,0
0.0034318115,0
0.00012139123,0
0.00012686945,0
0.0006488789,0
0.00020667732,0
0.000467896,0
0.00032639035,0
0.00085586216,0
0.0012069165,0
0.00050973793,0
0.00010740046,0
0.00071071467,0
0.00044350864,0
0.00011953711,0
0.00078896695,0
0.00016811486,0
0.00068382546,0
0.0002604847,0
0.000602014,0
0.00024388886,0
0.00033248364,0
0.0005386862,0
0.00022377587,0
0.00031209423,0
0.0002822986,0
0.00013621776,0
0.00012980908,0
0.0005066252,0
0.00055587146,0
0.00019608201,0
0.0004983618,0
0.005267729,0
0.0020032658,0
7.839867e-05,0
0.0004304807,0
0.00013695855,0
0.00028513643,0
0.0023696811,0
0.0007267358,0
0.00018103227,0
0.0002884272,0
0.00039313975,0
0.001164008,0
0.00034879177,0
0.00026018557,0
8.151868e-05,0
0.0027723133,0
0.00010680999,0
0.0019496677,0
0.00022920613,0
0.0004250036,0
0.0003660438,0
0.00036390958,0
0.0013443694,0
0.00036506754,0
0.00028215305,0
0.0004789077,0
0.000117668846,0
0.00039477315,0
0.00010787255,0
0.00032694233,0
7.7349294e-05,0
0.00013624753,0
0.0003912639,0
0.00037308468,0
0.0011597994,0
0.00063399423,0
0.00014234011,0
0.00019830403,0
0.00030273362,0
0.00011626823,0
0.0007951965,0
0.00027716777,0
0.00013415319,0
0.00043794687,0
0.0003234068,0
0.00021411323,0
0.0002573587,0
0.00024374858,0
0.00032458344,0
0.00050216605,0
0.005013978,0
0.00064200634,0
0.00049334567,0
0.00048570748,0
0.00029731652,0
0.000348402,0
0.00032368067,0
0.0004458196,0
0.00024647635,0
0.0005680682,0
0.0011223749,0
0.00029642117,0
0.00024026216,0
0.0007369574,0
0.0002445714,0
0.00075230276,0
0.00017639114,0
0.00046986682,0
0.0006309662,0
0.0044599385,0
0.0021047199,0
0.0001603924,0
0.00079371064,0
0.00027137218,0
0.00041026482,0
0.0006366437,0
0.00023321358,0
0.0005008541,0
0.0004700516,0
0.0005416154,0
0.0002387353,0
0.0012678325,0
0.0032792778,0
0.00070196006,0
0.00018394763,0
0.00022954914,0
0.0005097264,0
0.000991761,0
0.0005109961,0
0.00027852022,0
8.191397e-05,0
0.00015400884,0
0.0011007984,0
0.00062082324,0
0.0011577294,0
0.0003157489,0
0.00094081357,0
0.00021056221,0
0.0006679893,0
0.0002472291,0
0.00054426875,0
0.00069533853,0
0.00024811362,0
0.0002890182,0
0.00037364743,0
0.00028720323,0
0.00015347893,0
0.0002253214,0
0.00030121504,0
0.00019368225,0
0.00035002216,0
0.00014763643,0
0.0006523161,0
0.0006651106,0
0.000214604,0
0.0023696811,0
0.0006916136,0
0.00021797778,0
0.000293951,0
0.00083762413,0
0.00057349,0
0.0029798627,0
0.00034176488,0
0.00050051423,0
9.1925765e-05,0
0.0006847848,0
0.00079661264,0
0.00011887082,0
0.00037446662,0
0.00049943506,0
0.0001983837,0
0.00047858313,0
0.00038155547,0
0.0005734523,0
0.00056939496,0
0.00023401003,0
0.00027269195,0
0.00022501522,0
0.0001933668,0
0.00016889721,0
0.00012845009,0
0.00024162956,0
0.0003814396,0
0.0006048718,0
0.00018281087,0
0.0001916476,0
0.000595865,0
0.0006103512,0
0.0002085802,0
0.00034715215,0
0.00025723068,0
0.00030648912,0
0.00094744243,0
0.00017471012,0
0.0005321969,0
0.00014892174,0
0.00023750492,0
0.00028581798,0
0.00027651453,0
0.00047761266,0
0.0002883176,0
0.00026785387,0
0.00015952792,0
0.0004228996,0
0.00012488678,0
0.00021110798,0
0.00035115305,0
0.00047123453,0
0.0005941888,0
0.00014870468,0
0.00028977945,0
0.0005184498,0
0.00024077443,0
0.0003396567,0
0.00031626926,0
0.0003161484,0
0.00012112244,0
0.0018349312,0
0.00041443444,0
0.00017875896,0
0.00029342755,0
0.00012093593,0
7.943986e-05,0
0.0005850019,0
0.0004544515,0
0.000331593,0
0.00030119618,0
0.00014955053,0
0.00015466026,0
0.00012044891,0
0.00035689163,0
0.0005578787,0
0.00071768527,0
0.0012311662,0
0.00016732674,0
0.00018620757,0
0.00068555423,0
0.0019102081,0
0.0003349352,0
0.00015029583,0
0.00068568706,0
0.00012149892,0
0.0008091609,0
0.00086731825,0
0.00063598144,0
0.00024001433,0
0.00044963553,0
0.00021071531,0
0.0002680371,0
0.00044556084,0
0.0001843913,0
0.00025126687,0
0.00039829442,0
0.0002560777,0
0.00037655016,0
0.00047858327,0
0.00028215945,0
0.0038922017,0
0.0002037093,0
0.00012607542,0
0.00019858633,0
0.00034501962,0
0.00056641287,0
0.00047112396,0
0.0005435024,0
0.00041494623,0
0.00028366342,0
0.00022434958,0
0.0005344604,0
0.0001667615,0
0.00056083547,0
0.00011859648,0
0.00016691163,0
0.0007394362,0
0.0002834921,0
0.00045797584,0
0.00015492298,0
0.0006870954,0
0.0009533241,0
0.01553782,0
0.00048381675,0
0.0005010222,0
0.00029779432,0
0.00015004842,0
9.998728e-05,0
0.0013500062,0
0.00023377503,0
0.00046516382,0
0.0006208803,0
0.00044095443,0
0.00021677236,0
0.00018191007,0
0.0008227275,0
0.0011876619,0
0.00036459925,0
0.00070696085,0
0.00014869595,0
0.0003853074,0
0.0007985184,0
0.0001115294,0
0.00040668182,0
0.00017349827,0
0.00012980613,0
0.00023023799,0
0.00041929222,0
0.0018822509,0
0.000296786,0
0.00040232734,0
0.000107683576,0
0.00038622844,0
0.00026808988,0
0.00027311937,0
0.0008451793,0
0.00053611415,0
0.0010288422,0
0.00041234455,0
0.0005760792,0
0.00021134893,0
0.00020453519,0
0.0004872406,0
0.00022173034,0
0.00017112079,0
0.00021860859,0
0.00025270786,0
0.00038130197,0
0.00021581895,0
0.00020610374,0
0.00013843084,0
0.0005027337,0
0.00015401535,0
0.0004020433,0
0.0009001472,0
0.00025908358,0
0.00029733108,0
0.00038365755,0
0.0006892948,0
0.00014517816,0
0.00017550703,0
0.00016722395,0
0.00020353054,0
0.00022358695,0
0.00018482664,0
0.00011569198,0
0.00047297945,0
0.00027178827,0
0.0005608375,0
0.00036044384,0
0.0008989945,0
0.00018838274,0
0.0003041924,0
0.000112783644,0
0.00062161736,0
0.0013881904,0
0.00057687215,0
0.0001377121,0
0.00018147203,0
0.0001289719,0
0.00031942278,0
0.00021460533,0
0.00034288448,0
0.0003968199,0
0.00014131886,0
0.00043063305,0
0.0005764367,0
0.00017346158,0
0.00016868128,0
0.00065603154,0
0.00012254785,0
0.0002288074,0
0.00021590915,0
0.00047425422,0
0.00052244484,0
0.00025658446,0
0.00015226773,0
0.00013625421,0
0.0009972606,0
0.00029754837,0
0.0002456281,0
0.00012900168,0
0.0018872126,0
0.00033298187,0
0.0009710661,0
0.00012483317,0
0.00021980233,0
0.00076531543,0
0.00082686724,0
9.104013e-05,0
0.0003132828,0
0.00041729145,0
0.0004951158,0
0.00048482895,0
0.00017006916,0
0.030697593,0
0.00021290332,0
0.0005955299,0
0.00022380667,0
0.0011398711,0
0.00069905864,0
0.0008332041,0
0.00033478352,0
0.00035301014,0
0.0009454821,0
0.00021024619,0
0.0018490561,0
0.00017511866,0
0.00023962285,0
0.00012018315,0
0.0002004884,0
0.00013048566,0
0.00057248917,0
0.0012530241,0
0.00020825944,0
0.00031420798,0
7.845688e-05,0
0.00033212473,0
0.00021602477,0
0.00022645957,0
0.000444745,0
0.000101496276,0
0.00041451416,0
0.00014808202,0
0.00020088648,0
9.9867204e-05,0
0.001124642,0
0.00027865643,0
0.00033464233,0
0.0024255072,0
0.0010159019,0
0.00038699043,0
0.00016847797,0
0.0007284955,0
0.0011448289,0
0.0031435017,0
0.00023117279,0
0.00018265264,0
0.00018314154,0
0.00010840892,0
0.0025415008,0
0.0010125514,0
0.00032425523,0
0.00012278983,0
0.00016872921,0
0.0006506571,0
0.00012242883,0
0.0026849797,0
0.0002542436,0
0.00030853704,0
0.00018293354,0
0.0012733701,0
0.0017154897,0
0.0006138576,0
0.0009159037,0
0.00036101177,0
0.00029028268,0
0.0004383576,0
0.00025224968,0
0.00020860272,0
0.0005824013,0
0.00019483264,0
0.00039084838,0
0.0003076808,0
0.00014970185,0
0.00015115371,0
0.00042806994,0
0.00012290064,0
