anomaly_score,label
-56.23825949599443,0
-67.95035425040498,0
-64.28651218656873,0
-45.49712416080058,0
-67.8808163406926,0
-59.839090180110716,0
-68.96351959617814,0
-69.95160964988426,0
-70.8299733426308,0
-67.67187149916774,0
-70.8299733426308,0
-27.370664645530628,0
-67.4005262849917,0
-39.60589001211441,0
-72.39171405353994,0
-62.139256059691235,0
-61.0925390355636,0
-72.87482692864361,0
-64.65916199641185,0
-62.436425567161564,0
-70.83789754311657,0
-60.02479909101742,0
-53.7941145069371,0
-56.37226477852641,0
-64.81316317496706,0
-67.23236095754191,0
-72.39171405353994,0
-65.40212898266472,0
-63.13847676621469,0
-65.21162960912923,0
-53.526709584939034,0
-61.79214924425478,0
-66.1453773759923,0
-63.94610544693939,0
-59.292331132723845,0
-44.08658344964886,0
-68.72357509527329,0
-72.39171405353994,0
-71.81470341155475,0
-53.365925154020516,0
-61.134888820534236,0
-60.31640688948725,0
-38.35808160347957,0
-65.06122177426766,0
-70.8299733426308,0
-70.8299733426308,0
-61.900737778470805,0
-72.47909589406197,0
-70.19269409923629,0
-72.39171405353994,0
-70.20416023632393,0
-61.92426089539868,0
-73.59377247228073,0
-67.86199584819568,0
-66.86797408562313,0
-65.28331785058853,0
-74.34423077995046,0
-62.139256059691235,0
-72.39171405353994,0
-72.39171405353994,0
-46.150131815685086,0
-72.39171405353994,0
-68.32474948009451,0
-41.8783868304895,0
-72.26493115708072,0
-68.7200425372321,0
-66.81358413724818,0
-55.225786196158964,0
-71.5956352364048,0
-65.9795816380204,0
-71.88168672861764,0
-70.13969836953814,0
-66.63478897429651,0
-60.66919382312977,0
-64.43502641845582,0
-70.51577536608656,0
-64.2590449858681,0
-70.00851018883307,0
-72.39171405353994,0
-72.39171405353994,0
-70.8299733426308,0
-67.37905189904232,0
-72.78699168436027,0
-66.9838425348363,0
-61.890714747420766,0
-62.762764191099265,0
-63.69290821574043,0
-70.4866612856173,0
-70.05606189230606,0
-70.07750952401472,0
-70.8299733426308,0
-70.13094848617027,0
-53.83283106305108,0
-44.423055686270075,0
-70.91735518315282,0
-73.98023820585824,0
-59.292331132723845,0
-46.06978503356474,0
-64.86734807865015,0
-65.98122689084857,0
-72.39171405353994,0
-58.595157375126476,0
-70.41359956192773,0
-72.47909589406197,0
-72.39171405353994,0
-72.39171405353994,0
-72.10429951840486,0
-63.05885778546043,0
-55.133228324730354,0
-42.8928838283965,0
-45.209629629692586,0
-51.23834811080817,0
-64.26580232433338,0
-59.93709699804942,0
-72.39171405353994,0
-70.42675291241022,0
-72.39171405353994,0
-48.60851049581824,0
-70.09307140775053,0
-72.39171405353994,0
-63.19690534144186,0
-70.65972945166757,0
-59.292331132723845,0
-59.19030212587876,0
-69.19052978591517,0
-64.27945716388012,0
-63.32346769410634,0
-71.34815654151451,0
-57.53329678543443,0
-59.292331132723845,0
-60.684237799259286,0
-61.32440037763109,0
-55.931051637048,0
-72.39171405353994,0
-60.01653922723738,0
-29.106402272006065,0
-54.718914491683094,0
-72.39171405353994,0
-71.41348028874003,0
-50.68216035877748,0
-59.292331132723845,0
-41.24177695564424,0
-70.1757391504205,0
-69.5688028121161,0
-69.4081475178406,0
-57.10773598284664,0
-61.89553958612894,0
-67.38901740617003,0
-68.21399554542728,0
-70.8299733426308,0
-64.09720576429547,0
-72.39171405353994,0
-50.0822345740682,0
-67.93759277130602,0
-68.27106608359013,0
-66.1499439062505,0
-59.292331132723845,0
-32.567654652321046,0
-72.39171405353994,0
-72.39171405353994,0
-69.2906217218966,0
-64.79810239203407,0
-72.39171405353994,0
-67.30736438470426,0
-72.39171405353994,0
-70.69167209771145,0
-61.67142153311851,0
-62.8574197792705,0
-72.39171405353994,0
-49.723150230448574,0
-61.15223919427278,0
-70.14773092462701,0
-70.13519675421918,0
-69.19052978591517,0
-70.8299733426308,0
-58.47160694946889,0
-42.98574369340706,0
-65.60060766762284,0
-74.38051537597732,0
-61.99387872633175,0
-64.2972358469349,0
-61.61415822845831,0
-67.93759277130602,0
-69.1299313868023,0
-67.968679174991,0
-61.866270192538444,0
-68.01489062195623,0
-71.853137452774,0
-72.87813648799462,0
-64.90363267467701,0
-68.35632236593187,0
-72.47909589406197,0
-64.77129726904566,0
-70.60287070180915,0
-70.19264660507665,0
-55.133228324730354,0
-59.292331132723845,0
-70.51577536608656,0
-66.73684955046966,0
-66.9236391725922,0
-74.34873239526942,0
-67.87755773193149,0
-67.92776407233058,0
-68.76721081203402,0
-67.48630272804562,0
-72.86257460425878,0
-71.26974823416913,0
-49.723150230448574,0
-69.41734592193735,0
-70.19926226734839,0
-73.98023820585824,0
-70.13519675421918,0
-64.6506344290533,0
-73.98023820585824,0
-68.11318461912487,0
-50.85260157520652,0
-71.92144417232885,0
-69.66450767115919,0
-70.60315720660859,0
-49.15733328231,0
-74.26863385684013,0
-67.91588666447262,0
-39.56471330028636,0
-63.45762296607914,0
-61.827941259997296,0
-56.21386410624855,0
-63.61489119922501,0
-68.06954644683788,0
-70.8299733426308,0
-64.09720576429547,0
-49.803936915092855,0
-72.89730794286726,0
-69.286595769857,0
-68.10276696025004,0
-48.56365376292389,0
-53.49562318125404,0
-39.56471330028636,0
-59.292331132723845,0
-68.56277820697596,0
-67.37385370670044,0
-57.9064627217937,0
-68.73408407410108,0
-57.10773598284664,0
-64.59442910974195,0
-67.82977872730774,0
-67.43046740938546,0
-64.81316317496706,0
-59.25656640243634,0
-59.292331132723845,0
-59.292331132723845,0
-56.317258039416416,0
-65.19937728474439,0
-61.818947544373565,0
-67.8808163406926,0
-68.26840061870924,0
-61.23464891034183,0
-59.49557218907527,0
-72.39171405353994,0
-54.210281927930694,0
-66.7578540690923,0
-67.2233672419182,0
-54.58015071985131,0
-67.91477546327297,0
-59.292331132723845,0
-72.4184974949491,0
-72.39171405353994,0
-67.04273313601527,0
-58.941252613041634,0
-66.92689955720034,0
-71.73199142099989,0
-61.89723335437588,0
-34.8859539243446,0
-65.0575190456173,0
-72.39171405353994,0
-68.96202413248668,0
-69.87548473664015,0
-72.01314774009506,0
-60.98518382046751,0
-61.052517815571065,0
-67.48904117609456,0
-68.3482725970224,0
-73.98023820585824,0
-70.8299733426308,0
-70.16238200877177,0
-67.88412590004359,0
-70.20450624162939,0
-59.5069207754923,0
-68.7464386252785,0
-61.86231658222889,0
-70.42675291241022,0
-73.98023820585824,0
-69.02225368586643,0
-66.31077151689699,0
-64.54981652363014,0
-72.39171405353994,0
-67.86199584819568,0
-70.1130387932644,0
-68.18947322573118,0
-39.54115712544449,0
-67.50730165844814,0
-68.18447534948896,0
-64.79593927242173,0
-67.52972165136859,0
-68.47320824879867,0
-33.24792054973295,0
-64.51627037565223,0
-59.292331132723845,0
-69.93642268267533,0
-59.292331132723845,0
-57.04665070445808,0
-59.292331132723845,0
-70.8299733426308,0
-68.99130541396308,0
-70.78698905958514,0
-76.07114567980364,0
-71.84509612357039,0
-72.39171405353994,0
-74.35549679535796,0
-67.62878907500603,0
-65.3419077677128,0
-67.35564194306924,0
-71.73268664063733,0
-74.27520202495222,0
-70.21485206019105,0
-65.59271937990893,0
-61.89553958612894,0
-68.56770652821557,0
-70.01263980790381,0
-70.51577536608656,0
-66.0016190444781,0
-53.45381293690912,0
-68.86772963323247,0
-70.13094848617027,0
-64.51353192760327,0
-67.01880886814027,0
-69.61874001808351,0
-68.91645654309477,0
-65.25234549524987,0
-59.292331132723845,0
-63.950561025898686,0
-71.00587007425565,0
-66.62637262162296,0
-67.94435717139456,0
-70.81139613594384,0
-59.936440688808084,0
-67.86856401630777,0
-68.15138723163807,0
-63.63236475148433,0
-73.98023820585824,0
-70.51577536608656,0
-59.292331132723845,0
-40.89613715587533,0
-61.13951015028676,0
-53.92482875120871,0
-67.42530200219689,0
-72.39171405353994,0
-61.890714747420766,0
-68.58752691649305,0
-72.39171405353994,0
-72.39171405353994,0
-59.35871022288847,0
-68.7874560868255,0
-39.22080325763461,0
-72.39171405353994,0
-62.022757776300246,0
-74.33051066029694,0
-66.0214450122762,0
-66.07292009926013,0
-65.15818504180642,0
-64.36838175907657,0
-68.07138698918963,0
-43.012360697894586,0
-65.95980243331887,0
-62.83921689953753,0
-71.06646847336853,0
-67.74566540064825,0
-72.39171405353994,0
-59.292331132723845,0
-43.16767502846047,0
-71.00587007425565,0
-72.34256363587808,0
-64.93149730962043,0
-69.19052978591517,0
-64.34796974463292,0
-63.312020863170794,0
-69.27402862283265,0
-65.3443842694815,0
-66.76222460014023,0
-64.90097499268431,0
-68.32167363232612,0
-74.28745434933705,0
-63.19787533280547,0
-68.31198800099551,0
-67.09095966974049,0
-67.92776407233058,0
-67.05919170371774,0
-64.0004592183241,0
-64.86625316327451,0
-64.08222592711549,0
-65.31182968295246,0
-74.35549679535796,0
-73.98023820585824,0
-70.21935367551,0
-67.94209438662497,0
-59.292331132723845,0
-41.353762545221876,0
-66.96618140245215,0
-62.39876548578213,0
-71.68807527877233,0
-68.70106877259474,0
-72.39171405353994,0
-72.39171405353994,0
-69.21482856680981,0
-54.52671329684485,0
-68.01363026931905,0
-68.84215371812562,0
-62.86807754212437,0
-70.12087856187003,0
-70.19269409923629,0
-70.14920359679454,0
-70.12574451047433,0
-68.79689356217654,0
-64.91970099603043,0
-61.95383352866626,0
-72.39171405353994,0
-38.88238945363089,0
-72.39171405353994,0
-70.10894304661622,0
-66.07549633731861,0
-70.13244324283255,0
-68.12699615641326,0
-68.3021593020201,0
-70.89057174174367,0
-62.34010468646379,0
-70.10404507764068,0
-69.25036543846167,0
-70.16238200877177,0
-72.10429951840486,0
-67.93759277130602,0
-69.53065212416298,0
-70.8299733426308,0
-66.68906277789628,0
-65.82441076166567,0
-68.56770652821557,0
-63.71342972892204,0
-66.88388995669816,0
-35.97449023762177,0
-73.98023820585824,0
-72.39171405353994,0
-71.84505501367428,0
-61.900737778470805,0
-70.06471435245479,0
-70.91735518315282,0
-59.26392299627509,0
-64.41194892266222,0
-73.98023820585824,0
-63.445510010715154,0
-71.97224171367773,0
-71.60456651529844,0
-68.3036612351574,0
-58.941252613041634,0
-64.81316317496706,0
-59.292331132723845,0
-68.69519471863444,0
-71.97713915244985,0
-61.622078317611134,0
-72.39171405353994,0
-64.27666868985092,0
-67.91193305416309,0
-70.1408459473839,0
-52.74603546680315,0
-66.93510530967984,0
-68.71707570200047,0
-66.9885442718354,0
-47.06969077200066,0
-58.31052500780193,0
-71.35486412435041,0
-64.72020013783144,0
-70.1757391504205,0
-68.67382718362829,0
-44.666990218569836,0
-63.13933911148508,0
-68.75418852494064,0
-68.94437363402386,0
-66.14968169005878,0
-72.39171405353994,0
-66.07053383206306,0
-70.14105170911094,0
-61.52345769483226,0
-70.04952738524585,0
-72.39171405353994,0
-59.292331132723845,0
-72.39171405353994,0
-58.30395683968983,0
-67.04788219706168,0
-70.54255880749571,0
-70.10894304661622,0
-64.65617526092089,0
-72.39171405353994,0
-43.20529815731034,0
-67.80859076961431,0
-60.37690983697093,0
-72.07235687236098,0
-53.752827896487176,0
-61.09061337370352,0
-66.10356839505651,0
-69.1299313868023,0
-70.14773092462701,0
-53.447223640714434,0
-62.51239781400638,0
-72.39171405353994,0
-61.31920218528924,0
-70.15751027681341,0
-64.45349688822876,0
-72.96268976294203,0
-72.39171405353994,0
-65.35252004705437,0
-72.87813648799462,0
-69.31593651831835,0
-64.30390171876243,0
-66.3664112710553,0
-70.15231208447153,0
-60.91277997706888,0
-72.39171405353994,0
-68.93001655242404,0
-70.16914640886031,0
-67.86893893283465,0
-41.88211429033424,0
-59.292331132723845,0
-69.66747723102003,0
-63.69074803308581,0
-20.583123380648217,0
-72.73213354264121,0
-62.34010468646379,0
-72.39171405353994,0
-64.43885662292652,0
-73.98023820585824,0
-23.05176517481353,0
-69.19052978591517,0
-61.827941259997296,0
-68.45010021032608,0
-65.67718841474486,0
-51.56664149440009,0
-43.00619060582167,0
-71.87966594477672,0
-69.66450767115919,0
-69.63411495914357,0
-62.86729987791861,0
-69.70757576435334,0
-56.72616177231208,0
-66.69379493953505,0
-67.8614012021392,0
-65.50325001974123,0
-70.16292436381312,0
-67.88412590004359,0
-59.292331132723845,0
-72.39171405353994,0
-72.39171405353994,0
-72.39171405353994,0
-61.639325438030674,0
-41.291146184544466,0
-60.224707033725,0
-65.30111405305978,0
-70.17789621780827,0
-76.07114567980364,0
-66.76879276825233,0
-70.13771288625881,0
-70.8299733426308,0
-73.98023820585824,0
-65.98454639975951,0
-65.85553326213822,0
-72.86294952078566,0
-76.26378710779598,0
-66.7570116901749,0
-45.41657348449911,0
-68.80222463949764,0
-74.35699225904943,0
-69.32014191783492,0
-70.14920359679454,0
-72.47909589406197,0
-71.54371195774209,0
-68.82252641060555,0
-64.7966395239027,0
-65.95490446434333,0
-37.8201712708922,0
-67.9972832644172,0
-72.5676107851648,0
-62.86404126915751,0
-64.6506344290533,0
-70.03890290084871,0
-74.29076390868804,0
-68.69519471863444,0
-53.958871658577635,0
-52.570853871415906,0
-43.500173029228286,0
-65.53615621451026,0
-59.294335350442196,0
-59.292331132723845,0
-68.28013811822952,0
-62.32470159786613,0
-59.292331132723845,0
-48.618533526868276,0
-59.292331132723845,0
-68.540956698331,0
-66.65486253077076,0
-69.19052978591517,0
-47.32882193186871,0
-42.79380342833918,0
-63.13847676621469,0
-52.602033479354915,0
-72.39171405353994,0
-59.292331132723845,0
-67.46156971113473,0
-68.07716539279203,0
-59.292331132723845,0
-70.8299733426308,0
-55.133228324730354,0
-38.349821739699536,0
-64.88937250274184,0
-65.95640144729886,0
-31.679202386058375,0
-72.39171405353994,0
-67.34582865369158,0
-72.39171405353994,0
-73.98023820585824,0
-67.86199584819568,0
-72.39171405353994,0
-65.15570986959365,0
-70.21935367551,0
-72.21793932073484,0
-70.8299733426308,0
-70.51842205004634,0
-61.02693368223434,0
-58.12575007698382,0
-69.50472776245938,0
-70.37534622447951,0
-70.8299733426308,0
-63.48440230299465,0
-64.65239759632331,0
-61.88797629937181,0
-60.35732199214767,0
-66.39830563325447,0
-66.30744845781804,0
-59.292331132723845,0
-64.6506344290533,0
-72.39171405353994,0
-70.13244324283255,0
-70.17983823272746,0
-62.02930059915051,0
-67.94033121935496,0
-71.39059156583369,0
-70.13969836953814,0
-65.62712828732073,0
-68.95075811707918,0
-70.8299733426308,0
-70.15292911696889,0
-63.58449848720939,0
-73.17846426196246,0
-70.13519675421918,0
-60.3668223283621,0
-72.39963825402572,0
-66.69188432570537,0
-64.3729883252523,0
-59.292331132723845,0
-71.64548161795886,0
-37.63249373859102,0
-64.64407907887438,0
-59.292331132723845,0
-65.48224701813213,0
-70.51577536608656,0
-71.30982760897338,0
-68.21999876026777,0
-68.71816500837588,0
-71.89792105540099,0
-70.54689255696825,0
-71.06646847336853,0
-72.39171405353994,0
-70.12970312269391,0
-72.39171405353994,0
-70.1858822049881,0
-69.46208496005696,0
-66.65229942112364,0
-67.55183701451863,0
-70.8299733426308,0
-72.39171405353994,0
-70.54286660492865,0
-50.41659987607918,0
-61.86836636948326,0
-59.292331132723845,0
-72.39171405353994,0
-70.8299733426308,0
-59.14546938205831,0
-60.920450933797596,0
-70.14920359679454,0
-63.297569367726396,0
-72.39171405353994,0
-71.92144417232885,0
-72.39171405353994,0
-58.44770500044418,0
-72.39171405353994,0
-74.04934168762438,0
-70.16750552365764,0
-68.92905201024578,0
-64.57677139236658,0
-59.292331132723845,0
-69.0522447623555,0
-70.12438737968142,0
-66.17261263984754,0
-72.5676107851648,0
-72.39171405353994,0
-68.86772963323247,0
-65.5622787350817,0
-72.39171405353994,0
-72.39171405353994,0
-72.07755506470286,0
-62.88614108854024,0
-71.36180720898939,0
-59.292331132723845,0
-67.87755773193149,0
-65.5294124362465,0
-31.408301058649908,0
-67.87183251319506,0
-62.84305896150501,0
-67.88412590004359,0
-72.39171405353994,0
-67.23999361856984,0
-68.8786942500049,0
-63.963008705203414,0
-60.31640688948725,0
-52.75919095806884,0
-59.67557975379483,0
-70.14001913938853,0
-70.8299733426308,0
-72.5676107851648,0
-67.29171220718254,0
-68.75517878848399,0
-70.1691709823084,0
-69.2559226651347,0
-70.8299733426308,0
-74.35699225904943,0
-70.8299733426308,0
-61.64423627856592,0
-43.2832991867423,0
-66.35414595356347,0
-59.64998663337192,0
-67.94033121935496,0
-68.45259829612166,0
-67.968679174991,0
-70.04258430060688,0
-72.39171405353994,0
-69.7632118160092,0
-45.43354733549427,0
-70.20413731561237,0
-68.67320228940592,0
-60.010508040748206,0
-42.753841377678164,0
-72.39171405353994,0
-71.98780359741357,0
-69.61217184997142,0
-68.40098918909902,0
-66.65035085803234,0
-60.51429601924553,0
-67.07917278630111,0
-69.94932022346678,0
-61.68581260449707,0
-66.62756658917364,0
-46.64455517570568,0
-59.292331132723845,0
-59.292331132723845,0
-57.10773598284664,0
-59.292331132723845,0
-66.32541232615216,0
-36.87749383999503,0
-64.31961556236959,0
-64.85751937967473,0
-68.70660241264557,0
-72.39171405353994,0
-72.39171405353994,0
-66.13825435482049,0
-67.99954604918679,0
-66.40695882974708,0
-67.07462886822934,0
-44.423055686270075,0
-69.19052978591517,0
-64.81316317496706,0
-65.79187892430673,0
-53.447223640714434,0
-72.39171405353994,0
-69.04141649569944,0
-66.30682330539862,0
-72.5676107851648,0
-74.26863385684013,0
-35.33670605113497,0
-62.34010468646379,0
-72.39171405353994,0
-58.941252613041634,0
-67.79547648911075,0
-69.87344349536377,0
-70.07750952401472,0
-67.44805616093576,0
-68.76580165926464,0
-72.39171405353994,0
-66.37282603736729,0
-60.78674866940495,0
-75.03509385391567,0
-33.6578343425527,0
-70.8299733426308,0
-29.186871891173634,0
-72.48105357159608,0
-69.44856409312705,0
-57.52086095105692,0
-64.64789598100435,0
-72.47909589406197,0
-69.66402000182381,0
-72.44953164150715,0
-62.93534232393951,0
-57.70293362694392,0
-72.39171405353994,0
-69.46326654786257,0
-67.62878907500603,0
-69.47794432105023,0
-72.39171405353994,0
-66.84516737433528,0
-65.28057365757105,0
-70.47905455476845,0
-66.4080040939048,0
-65.35710120689889,0
-59.292331132723845,0
-64.7802784956648,0
-57.97200199970183,0
-67.86893893283465,0
-73.98023820585824,0
-67.21325846585235,0
-59.14726777342276,0
-72.39171405353994,0
-68.50297364154564,0
-59.292331132723845,0
-66.45314991104708,0
-66.01451978293983,0
-70.8299733426308,0
-56.83502612022714,0
-62.37269063991002,0
-65.03113878658642,0
-66.99179094577909,0
-72.39171405353994,0
-69.13837936002403,0
-71.00587007425565,0
-72.39171405353994,0
-59.292331132723845,0
-60.33750160387016,0
-44.9102264248619,0
-71.84505501367428,0
-70.60315720660859,0
-68.90649343549615,0
-68.95403465517741,0
-67.968679174991,0
-60.806159871140025,0
-59.292331132723845,0
-66.42664254240626,0
-71.96567354556564,0
-73.98023820585824,0
-49.857291683910745,0
-68.12093451878701,0
-42.04055265999863,0
-64.84463147443608,0
-72.39171405353994,0
-72.39171405353994,0
-72.39171405353994,0
-63.340546049710966,0
-67.86893893283465,0
-69.31819930308794,0
-70.40154560544741,0
-68.76386521799225,0
-70.08532820236975,0
-70.8299733426308,0
-71.00171382012608,0
-68.38929261649264,0
-70.54769144363682,0
-53.837294565262084,0
-59.292331132723845,0
-67.4045522370313,0
-67.81506166049456,0
-73.98023820585824,0
-66.93058225723118,0
-70.06471435245479,0
-72.39171405353994,0
-67.09229876866374,0
-64.02832458068457,0
-54.71489262210763,0
-71.377425935105,0
-71.87159056730025,0
-38.37640652806558,0
-60.980682205148554,0
-65.21963392086614,0
-67.75817627169019,0
-48.562274788901114,0
-66.78888417641397,0
-72.39171405353994,0
-74.35549679535796,0
-69.64047231144784,0
-72.39171405353994,0
-64.94940104729415,0
-69.66450767115919,0
-72.39171405353994,0
-65.35384412312604,0
-61.316770252167565,0
-66.93058225723118,0
-49.78515104919653,0
-64.49453402975199,0
-27.1248303259141,0
-35.45198460471087,0
-64.24112823133898,0
-72.39171405353994,0
-72.39171405353994,0
-67.87755773193149,0
-57.59439114714161,0
-71.97224171367773,0
-72.39171405353994,0
-71.89168197546189,0
-70.15748403979623,0
-72.39171405353994,0
-67.88412590004359,0
-38.47155124518877,0
-62.97964654477207,0
-64.27666868985092,0
-43.20452826876411,0
-70.8299733426308,0
-68.79153281563049,0
-67.31883596229379,0
-53.447223640714434,0
-65.55328501945796,0
-55.133228324730354,0
-70.14800512656836,0
-72.87482692864361,0
-70.8299733426308,0
-56.25345293518052,0
-64.5185378364099,0
-67.21664258491258,0
-70.8299733426308,0
-70.2196744453604,0
-69.75468424865065,0
-69.8567545924862,0
-40.20728887166421,0
-72.39171405353994,0
-67.42530200219689,0
-52.33655852085121,0
-72.39171405353994,0
-66.89986500563539,0
-58.12575007698382,0
-68.24567053229715,0
-58.65047687158721,0
-59.292331132723845,0
-73.98023820585824,0
-70.20935842866578,0
-46.23284252735228,0
-66.05364482812963,0
-76.35230199889884,0
-59.292331132723845,0
-62.6399915180795,0
-42.25591415953998,0
-67.96869954065623,0
-66.02178916882004,0
-70.18583531173789,0
-74.34423077995046,0
-65.96978100234888,0
-61.83450942810939,0
-29.106402272006065,0
-65.73798810802975,0
-68.74356565416,0
-68.67320228940592,0
-73.538879863359,0
-68.86772963323247,0
-68.76526879711483,0
-64.66065746010335,0
-46.69641364502599,0
-72.39171405353994,0
-59.292331132723845,0
-72.39171405353994,0
-57.62698203532984,0
-68.67095386951489,0
-73.98023820585824,0
-69.63411495914357,0
-70.51577536608656,0
-59.1335338668045,0
-62.97964654477207,0
-68.50385248211455,0
-45.85784758894049,0
-70.13771288625881,0
-60.11328820472935,0
-67.01204446805173,0
-65.65681604248307,0
-40.93064011899818,0
-66.97277197556292,0
-69.59096077307089,0
-72.39171405353994,0
-63.74693422810451,0
-58.609670790203616,0
-59.292331132723845,0
-70.51577536608656,0
-67.51738913173062,0
-70.17789621780827,0
-59.292331132723845,0
-68.76721081203402,0
-72.39171405353994,0
-58.35249784498034,0
-70.8299733426308,0
-72.94436483835602,0
-33.25189343153542,0
-72.39171405353994,0
-72.04577208399493,0
-64.88696834524751,0
-60.65702161083386,0
-72.39171405353994,0
-64.66400704283983,0
-64.2959157315826,0
-68.26737663913055,0
-42.41101657998527,0
-72.39171405353994,0
-65.09732311030304,0
-70.51577536608656,0
-70.14105170911094,0
-69.93876472410139,0
-72.39171405353994,0
-67.91477546327297,0
-71.52092585399285,0
-67.83530935061437,0
-66.08038445432926,0
-72.39171405353994,0
-72.40825705312258,0
-40.856807975841875,0
-69.48235272349444,0
-74.2755769414791,0
-60.12178178042873,0
-70.8299733426308,0
-59.531686100224995,0
-70.8299733426308,0
-64.41194892266222,0
-72.77405971315595,0
-32.67797786314466,0
-71.81470341155475,0
-68.3606569324912,0
-65.30623337471398,0
-73.98023820585824,0
-72.78631203754078,0
-66.95029874886595,0
-68.64498837823535,0
-70.15136772580556,0
-66.38341534715398,0
-61.54890166640478,0
-67.11830624658754,0
-66.75215467583999,0
-51.45425888405738,0
-66.79894533062489,0
-65.28769980788148,0
-71.88643034486526,0
-67.86856401630777,0
-72.39171405353994,0
-66.8495024189015,0
-70.22766043254023,0
-70.07750952401472,0
-66.35122430384635,0
-67.91515037979985,0
-68.45561788232848,0
-64.98992071948567,0
-70.8299733426308,0
-61.91906270305682,0
-62.56309102039712,0
-70.11414123895807,0
-69.99429153898372,0
-72.39171405353994,0
-62.65831944359129,0
-67.92776407233058,0
-68.06954644683788,0
-64.30465673279083,0
-65.99919899074563,0
-62.34010468646379,0
-67.46598947535085,0
-65.17989114863978,0
-59.30033242945264,0
-65.51581716676559,0
-74.350995180039,0
-70.8299733426308,0
-72.39171405353994,0
-59.292331132723845,0
-61.83119986875841,0
-72.39171405353994,0
-72.39171405353994,0
-70.8299733426308,0
-65.49485334780891,0
-64.41096604248425,0
-66.65360946679344,0
-66.03542874024235,0
-61.0161578427063,0
-72.07755506470286,0
-76.35230199889884,0
-65.97049425718602,0
-67.62878907500603,0
-69.99429153898372,0
-48.50329131164715,0
-66.23873289028751,0
-61.83119986875841,0
-53.447223640714434,0
-62.41758597827907,0
-71.30982760897338,0
-68.34307440468052,0
-68.46995267120377,0
-63.269178471307924,0
-68.95403465517741,0
-59.292331132723845,0
-74.31085531684968,0
-73.98023820585824,0
-71.43496266277971,0
-63.262869294993465,0
-72.39171405353994,0
-64.81316317496706,0
-69.63890610370117,0
-60.42015623144056,0
-65.95161604495662,0
-68.33090933489115,0
-66.95860550589617,0
-71.88168672861764,0
-70.19264660507665,0
-72.39171405353994,0
-69.28020182955616,0
-68.70952503292881,0
-71.06646847336853,0
-70.14741411549599,0
-48.06653694455383,0
-68.7117878176984,0
-67.37819281919059,0
-68.8139658604772,0
-63.459985426983096,0
-68.1983478841323,0
-59.292331132723845,0
-69.50962990986498,0
-70.51577536608656,0
-66.57914396733332,0
-73.98023820585824,0
-66.59693525145869,0
-66.76898900022877,0
-66.98388967782135,0
-71.88168672861764,0
-70.0614047931038,0
-67.95035425040498,0
-70.8299733426308,0
-68.21999876026777,0
-72.39171405353994,0
-70.16578116737196,0
-59.292331132723845,0
-68.27011508717949,0
-65.9098385669545,0
-67.86893893283465,0
-72.79525154814029,0
-60.29335922434124,0
-70.94970640492332,0
-72.39171405353994,0
-69.63457103625103,0
-65.05269420690912,0
-68.22491760195527,0
-65.99236678219727,0
-62.34010468646379,0
-71.06646847336853,0
-72.39171405353994,0
-69.60227438875779,0
-72.39171405353994,0
-61.590570253664296,0
-59.292331132723845,0
-66.36791895906653,0
-64.68418057703121,0
-72.39171405353994,0
-64.93096701143793,0
-71.96567354556564,0
-48.293626446260994,0
-64.97309559216977,0
-69.1659559605082,0
-59.292331132723845,0
-74.27520202495222,0
-66.40693846408185,0
-62.96864887018394,0
-74.57000336800736,0
-69.32014191783492,0
-58.84938805957253,0
-34.8859539243446,0
-74.34423077995046,0
-72.39171405353994,0
-66.30025513728653,0
-70.13244324283255,0
-72.47909589406197,0
-56.67433863235929,0
-69.50472776245938,0
-69.87344349536377,0
-66.77888892956975,0
-62.62784200853796,0
-53.447223640714434,0
-60.224707033725,0
-69.63411495914357,0
-65.00943608666866,0
-70.0614047931038,0
-72.39171405353994,0
-67.70399683947667,0
-68.39741509371188,0
-63.37278569457463,0
-72.5676107851648,0
-62.79308006189997,0
-73.98023820585824,0
-70.16238200877177,0
-68.34307440468052,0
-66.20637321794742,0
-59.292331132723845,0
-72.39171405353994,0
-70.15091587168413,0
-70.8299733426308,0
-69.19052978591517,0
-71.82622698262117,0
-59.292331132723845,0
-72.39171405353994,0
-66.47014646631072,0
-68.63752155643924,0
-60.32623558846266,0
-70.60287070180915,0
-67.95035425040498,0
-67.53350938060046,0
-56.728139474543035,0
-69.25036543846167,0
-70.8299733426308,0
-67.57293172890157,0
-72.39171405353994,0
-69.6920138806175,0
-68.99130541396308,0
-26.78810299998251,0
-72.39171405353994,0
-65.12216372161573,0
-70.15104695595517,0
-67.18893646225588,0
-70.2529627006456,0
-66.31689031568412,0
-59.83824879181526,0
-66.99366778672126,0
-59.292331132723845,0
-68.8344038184635,0
-64.54461833128828,0
-34.8859539243446,0
-66.99374246417727,0
-54.15426241630558,0
-66.58595622147313,0
-72.39171405353994,0
-72.39171405353994,0
-72.39171405353994,0
-71.40450285791303,0
-70.00851018883307,0
-64.84750812142191,0
-62.8574197792705,0
-70.8299733426308,0
-70.43193831746305,0
-61.827941259997296,0
-72.39171405353994,0
-69.1299313868023,0
-72.5676107851648,0
-64.31408342653565,0
-69.28858061334724,0
-70.12450493035203,0
-61.81237937626147,0
-65.46398325689586,0
-70.69167209771145,0
-60.88761738343826,0
-67.02265295018562,0
-71.82622698262117,0
-72.39171405353994,0
-70.00957813646565,0
-67.07283939513681,0
-60.607645757503924,0
-46.148271477734625,0
-68.59192909595426,0
-73.98023820585824,0
-69.63457103625103,0
-71.06646847336853,0
-41.924698726099955,0
-72.5676107851648,0
-58.89031323131291,0
-57.1589893729581,0
-72.39171405353994,0
-67.2366632658322,0
-70.42275332715342,0
-66.24046043520723,0
-71.84505501367428,0
-63.13847676621469,0
-59.292331132723845,0
-66.79795986696745,0
-68.68044398705712,0
-67.95035425040498,0
-66.09226186218721,0
-71.06646847336853,0
-69.42502933638903,0
-70.91735518315282,0
-64.94167140183441,0
-69.66265484585071,0
-68.63887682759226,0
-62.77425956940304,0
-70.8299733426308,0
-73.98023820585824,0
-67.36731129933663,0
-67.94033121935496,0
-59.292331132723845,0
-59.56523224820291,0
-71.00397660489567,0
-72.39171405353994,0
-70.60315720660859,0
-69.3987687152504,0
-61.13880646881786,0
-74.37531718363545,0
-64.36982357619357,0
-72.85435448356169,0
-66.81297199474874,0
-70.80971604581181,0
-72.10429951840486,0
-62.90288064604903,0
-75.72873547206297,0
-72.39171405353994,0
-70.15136772580556,0
-70.50881675163544,0
-71.00587007425565,0
-68.70041137257098,0
-64.28744315105996,0
-65.35748750415645,0
-55.98345300067083,0
-44.06270682711659,0
-69.87322195187056,0
-59.292331132723845,0
-63.96006625315507,0
-67.94033121935496,0
-66.37481088085755,0
-70.60315720660859,0
-66.9904107029484,0
-66.62788989253751,0
-65.43450286453269,0
-67.76296741624779,0
-70.8299733426308,0
-72.39171405353994,0
-69.89179783234522,0
-76.07114567980364,0
-66.0081872125902,0
-67.86856401630777,0
-69.50472776245938,0
-68.34303952815102,0
-61.29938179701173,0
-66.16030430820813,0
-70.13095554779352,0
-69.78823039662859,0
-70.15091587168413,0
-67.92776407233058,0
-51.99131613836974,0
-72.90989725242366,0
-59.292331132723845,0
-71.25964165041165,0
-70.89057174174367,0
-62.97964654477207,0
-65.61486565591119,0
-59.292331132723845,0
-59.292331132723845,0
-67.94435717139456,0
-71.00587007425565,0
-63.95072218739319,0
-59.292331132723845,0
-59.292331132723845,0
-67.95035425040498,0
-68.87499601849672,0
-66.36602336142143,0
-59.292331132723845,0
-73.98023820585824,0
-56.817326419453885,0
-72.39171405353994,0
-63.44933197921462,0
-72.78962159689176,0
-69.19052978591517,0
-67.91588666447262,0
-72.84582691620314,0
-68.32325401640301,0
-72.39171405353994,0
-67.01749120632681,0
-56.064154450987786,0
-67.74280133063016,0
-59.292331132723845,0
-64.81316317496706,0
-64.84081958664744,0
-66.6983784938098,0
-61.25023870318449,0
-67.87755773193149,0
-67.99278164909825,0
-34.427737219325685,0
-68.61634442531306,0
-40.025383744515665,0
-72.39171405353994,0
-72.4184974949491,0
-54.718914491683094,0
-67.86199584819568,0
-68.22041598663631,0
-63.82539575331148,0
-58.90177936840055,0
-63.19252608241754,0
-65.31373216904358,0
-65.97089635395132,0
-71.00587007425565,0
-59.17113616082449,0
-44.423055686270075,0
-67.86199584819568,0
-17.06300166184827,0
-44.511264897941295,0
-72.39171405353994,0
-72.5676107851648,0
-65.30897182276293,0
-68.95752251716772,0
-61.289178754659595,0
-68.27493992588767,0
-72.39171405353994,0
-74.28745434933705,0
-59.82123141951157,0
-72.16814394285822,0
-66.75500314359904,0
-68.08942342440584,0
-64.35191388328771,0
-68.34303952815102,0
-72.39171405353994,0
-57.10773598284664,0
-70.8299733426308,0
-66.97389318769063,0
-64.30081615179698,0
-67.93759277130602,0
-68.56819219948508,0
-66.7726468154641,0
-68.84546327747663,0
-69.47794432105023,0
-68.73998534929791,0
-58.941252613041634,0
-66.65691902614444,0
-68.94683069330057,0
-67.94885878671352,0
-72.39171405353994,0
-67.94885878671352,0
-62.34808819834236,0
-64.32078353731086,0
-72.39171405353994,0
-63.96316208733749,0
-68.9318064869995,0
-67.94435717139456,0
-23.791595199009343,0
-55.664854839765596,0
-64.81316317496706,0
-73.02935097174672,0
-71.97224171367773,0
-72.39171405353994,0
-70.17581228068786,0
-65.77211207289609,0
-70.1743446012022,0
-59.45903979486295,0
-66.26724219380925,0
-72.97338158680918,0
-63.61489119922501,0
-63.27350240450169,0
-66.06921737060975,0
-68.74518354163976,0
-62.84436286098811,0
-61.81120101831295,0
-61.230927579726306,0
-59.18207485998452,0
-47.072493139665916,0
-66.81535185269999,0
-70.8299733426308,0
-40.20728887166421,0
-54.210281927930694,0
-34.8859539243446,0
-63.23004980697006,0
-66.41213665642373,0
-70.10404507764068,0
-76.2031887086831,0
-63.14533783285049,0
-55.832348181957784,0
-69.63411495914357,0
-65.32479243746045,0
-64.4247572950114,0
-67.0355206917294,0
-70.12438737968142,0
-72.39171405353994,0
-72.39171405353994,0
-52.15868754658524,0
-65.3854262418234,0
-66.02029370512855,0
-67.00050686426582,0
-59.292331132723845,0
-68.22718038672485,0
-70.1408459473839,0
-66.97752998886918,0
-58.242383559690225,0
-66.35964783328009,0
-72.04577208399493,0
-71.51816379461116,0
-76.07114567980364,0
-64.252476817756,0
-68.23639107788517,0
-69.1585199965987,0
-74.35699225904943,0
-72.39171405353994,0
-71.89200274531225,0
-64.70743865873246,0
-69.84992821795348,0
-62.17183159861752,0
-70.12970312269391,0
-73.98023820585824,0
-70.91735518315282,0
-71.84178886635698,0
-68.8985191354246,0
-61.2713378674015,0
-58.17644198312936,0
-68.94839958606346,0
-69.09431002478031,0
-68.08392979288057,0
-60.616639473127655,0
-70.19269409923629,0
-35.79185025693599,0
-63.82616612775618,0
-62.34010468646379,0
-70.8299733426308,0
-62.9049340263134,0
-59.525020228397445,0
-59.99033150508506,0
-59.83501778137831,0
-62.34010468646379,0
-67.8808163406926,0
-64.86228838017418,0
-60.25339487296315,0
-70.42675291241022,0
-68.38801955619684,0
-71.17489465833305,0
-66.95758500835399,0
-61.72584934552126,0
-60.49517885119603,0
-59.292331132723845,0
-68.96202413248668,0
-63.561766415243426,0
-72.39171405353994,0
-71.89998873249212,0
-71.96567354556564,0
-66.87473848571167,0
-69.41817054889066,0
-64.31961556236959,0
-64.56297054463442,0
-72.39171405353994,0
-71.06646847336853,0
-68.73066540801275,0
-70.10894304661622,0
-68.34303952815102,0
-66.63901948803121,0
-59.50507741633165,0
-64.6190191823242,0
-70.96988822874975,0
-59.292331132723845,0
-67.91588666447262,0
-65.07289177449385,0
-68.80400508118157,0
-67.87755773193149,0
-67.78856898370583,0
-72.39171405353994,0
-72.39171405353994,0
-70.16292436381312,0
-66.8924730613076,0
-62.34010468646379,0
-45.30171495318663,0
-69.63411495914357,0
-68.8895460729419,0
-59.292331132723845,0
-66.35084938731946,0
-68.75061771297007,0
-67.93033734700882,0
-64.79385988510944,0
-69.31593651831835,0
-64.33635199955188,0
-67.65361638854347,0
-62.96036090455888,0
-63.61489119922501,0
-65.12379436484588,0
-56.3799767695225,0
-70.9669503938728,0
-59.292331132723845,0
-70.18063711939604,0
-66.19248173534335,0
-68.13427933350778,0
-33.84931202419201,0
-66.71211986412106,0
-64.81316317496706,0
-68.95403465517741,0
-71.89168197546189,0
-72.39171405353994,0
-68.9589145313621,0
-72.39171405353994,0
-72.47909589406197,0
-70.16300390833868,0
-55.543655838566764,0
-72.39171405353994,0
-61.56701912407865,0
-69.6065226568067,0
-67.03414205723051,0
-61.92426089539868,0
-62.85435810783234,0
-53.86420503541493,0
-66.41213665642373,0
-74.28419574057594,0
-69.50472776245938,0
-59.292331132723845,0
-70.51577536608656,0
-59.292331132723845,0
-72.39171405353994,0
-67.38621252752131,0
-59.292331132723845,0
-72.39171405353994,0
-40.39407999521055,0
-68.73384284877625,0
-68.15176214816495,0
-54.63668800103386,0
-73.98023820585824,0
-67.71207531610254,0
-69.78823039662859,0
-67.92776407233058,0
-64.58304892085484,0
-72.39171405353994,0
-59.292331132723845,0
-64.9813554559498,0
-72.39171405353994,0
-72.39171405353994,0
-72.39171405353994,0
-65.897566215456,0
-69.85085331728936,0
-70.8299733426308,0
-71.88643034486526,0
-66.70986920434552,0
-69.64405261630992,0
-66.34441816884191,0
-72.39171405353994,0
-63.8254190627771,0
-59.292331132723845,0
-71.4331994955097,0
-69.19052978591517,0
-34.8859539243446,0
-70.02585620520883,0
-62.354856945366805,0
-70.1961513284325,0
-72.39171405353994,0
-63.27310513120568,0
-66.01451978293983,0
-60.98766039102722,0
-72.5676107851648,0
-65.38092462650444,0
-58.7999531135391,0
-72.39171405353994,0
-64.3087265574706,0
-68.25852112973311,0
-48.97079328695545,0
-71.88643034486526,0
-67.11496474160546,0
-70.54255880749571,0
-69.62954133785524,0
-68.73841914155122,0
-60.85972053772378,0
-69.65720810757563,0
-58.91242154140082,0
-73.98023820585824,0
-70.16914640886031,0
-70.8299733426308,0
-66.3739255206046,0
-70.8299733426308,0
-64.03365011634335,0
-67.88412590004359,0
-54.55442809670261,0
-72.5676107851648,0
-68.44473774187674,0
-63.22615739956768,0
-73.98023820585824,0
-72.39171405353994,0
-62.34010468646379,0
-46.03420620735934,0
-67.50431840789199,0
-68.53495961932055,0
-65.30867493901364,0
-72.39171405353994,0
-70.1757391504205,0
-66.06165408385263,0
-67.92776407233058,0
-49.268459405719646,0
-57.50398099124037,0
-64.81316317496706,0
-59.292331132723845,0
-59.292331132723845,0
-59.83188132203246,0
-68.7117878176984,0
-70.15768027177268,0
-62.73963645839477,0
-50.91638363123329,0
-57.9499356225049,0
-39.56471330028636,0
-59.292331132723845,0
-67.00197454375149,0
-67.04273313601527,0
-70.66299285915511,0
-68.85179580419603,0
-57.02574554643182,0
-69.50472776245938,0
-66.65691902614444,0
-66.09680799772465,0
-65.27517043983117,0
-64.62279567246372,0
-60.49118496767115,0
-67.88412590004359,0
-70.15751027681341,0
-56.28828818421346,0
-67.94435717139456,0
-60.02849168682984,0
-59.292331132723845,0
-57.6121665712107,0
-72.39171405353994,0
-72.39171405353994,0
-62.684823692660025,0
-70.8299733426308,0
-65.9399989347228,0
-73.98023820585824,0
-70.8299733426308,0
-63.566414730174905,0
-68.76666949901971,0
-68.8139658604772,0
-70.19264660507665,0
-74.29076390868804,0
-66.91601784888913,0
-68.10868219440218,0
-63.517374425235516,0
-72.39171405353994,0
-70.14741411549599,0
-70.17307383263892,0
-74.34388366103394,0
-72.39171405353994,0
-69.87548473664015,0
-70.13094848617027,0
-59.292331132723845,0
-48.906009769860894,0
-67.35600817363516,0
-50.410744157409084,0
-29.106402272006065,0
-62.78082773751514,0
-66.97270760369983,0
-36.408204187413304,0
-59.292331132723845,0
-59.292331132723845,0
-71.22083886074769,0
-58.4427725556479,0
-66.68553507575501,0
-41.951083919290504,0
-68.23028746688426,0
-70.10894304661622,0
-72.39171405353994,0
-73.73779265651353,0
-43.21145978887504,0
-72.39171405353994,0
-68.94579517467086,0
-59.292331132723845,0
-67.93759277130602,0
-37.33449146027634,0
-67.03831892284323,0
-63.566414730174905,0
-69.80390558565136,0
-72.39171405353994,0
-68.52635250743643,0
-65.34251797074084,0
-72.39171405353994,0
-54.4383236137127,0
-72.39171405353994,0
-61.890714747420766,0
-68.10211402629008,0
-67.83530935061437,0
-69.30160620402398,0
-69.78508509315444,0
-69.66450767115919,0
-43.061703913401956,0
-40.50877447585857,0
-68.790513385798,0
-70.51577536608656,0
-38.926169618712535,0
-66.10389748921145,0
-67.81776302985222,0
-74.32252467311707,0
-56.58784909847705,0
-68.39779001023877,0
-59.51033172639249,0
-72.39171405353994,0
-65.59330939665857,0
-61.719263225861916,0
-68.73841953526173,0
-69.65716121432541,0
-67.53052613004431,0
-59.292331132723845,0
-65.95883669848699,0
-67.94885878671352,0
-63.87009163344864,0
-50.85539815385321,0
-71.40659081161637,0
-74.2755769414791,0
-68.91169162783802,0
-68.21999876026777,0
-65.59689288820836,0
-72.39171405353994,0
-72.39171405353994,0
-72.39171405353994,0
-70.8299733426308,0
-76.04075296778802,0
-73.73779265651353,0
-72.39171405353994,0
-59.292331132723845,0
-68.8985191354246,0
-71.88643034486526,0
-68.3036612351574,0
-72.39171405353994,0
-64.27092239372605,0
-64.55250251633336,0
-70.1492676274022,0
-68.94919847273204,0
-68.88172936208093,0
-74.41791084444891,0
-64.26053268090712,0
-59.955261181305026,0
-70.07750952401472,0
-69.86744641635332,0
-72.5676107851648,0
-66.11613554208087,0
-57.844222569221024,0
-70.15842274849416,0
-70.12438737968142,0
-64.81316317496706,0
-59.292331132723845,0
-69.74793692334524,0
-47.675030443219406,0
-66.90612498039064,0
-59.828656931250315,0
-73.98023820585824,0
-72.39171405353994,0
-68.31875240108405,0
-66.47705859582155,0
-70.51577536608656,0
-66.34838148248498,0
-69.79202817779341,0
-67.94033121935496,0
-67.18491051021628,0
-70.66299285915511,0
-70.70207756000923,0
-69.73023969376834,0
-70.13519675421918,0
-64.6546603810929,0
-63.652542590749746,0
-52.90274365693744,0
-68.15600484256703,0
-68.88210427860781,0
-47.65215223757985,0
-40.93064011899818,0
-68.95202888564242,0
-72.39171405353994,0
-70.16758020111365,0
-72.39171405353994,0
-72.9178832396035,0
-69.22708089119465,0
-66.56566602811434,0
-43.344147831004754,0
-59.292331132723845,0
-72.39171405353994,0
-56.23825949599443,0
-69.69898633512776,0
-72.39171405353994,0
-70.8299733426308,0
-72.39171405353994,0
-68.87419713182814,0
-68.3021593020201,0
-72.39171405353994,0
-60.31640688948725,0
-69.59546238838985,0
-55.277716667293625,0
-68.8801942108386,0
-70.13094848617027,0
-65.8096576073615,0
-41.96781542637663,0
-68.77203319720337,0
-50.89930321445013,0
-69.6075906901269,0
-72.4184974949491,0
-67.84545457362799,0
-23.05176517481353,0
-49.82346019609957,0
-54.5810950785173,0
-67.10573909956315,0
-67.86856401630777,0
-71.00587007425565,0
-69.2621512149747,0
-48.50329131164715,0
-60.39730768802481,0
-66.96998977956868,0
-70.16324513366351,0
-63.13847676621469,0
-69.53720749105632,0
-70.16914640886031,0
-66.3598431029432,0
-64.7915445110723,0
-65.40578155526295,0
-55.90411213070887,0
-70.11963487048337,0
-44.423055686270075,0
-40.664933295113926,0
-61.83119986875841,0
-66.96387514932243,0
-59.292331132723845,0
-65.76701837103536,0
-72.39171405353994,0
-66.56134809860238,0
-69.8119439059382,0
-59.292331132723845,0
-65.62987706121335,0
-65.13069128897429,0
-50.78194845731427,0
-61.639325438030674,0
-66.48942630656349,0
-66.18501423003055,0
-72.39171405353994,0
-65.99589382574167,0
-72.04577208399493,0
-63.246403003469055,0
-69.36772291604748,0
-59.49172733630619,0
-42.63855923357113,0
-66.42182875018236,0
-64.71194027405141,0
-66.82360716829824,0
-61.13859154918462,0
-64.54325778622471,0
-72.39171405353994,0
-65.6233902518996,0
-42.41219127382638,0
-70.62864304798256,0
-46.214439777314205,0
-72.5676107851648,0
-72.39171405353994,0
-58.698272317639585,0
-59.292331132723845,0
-64.86700095973364,0
-63.566414730174905,0
-64.29047144684635,0
-66.14903829280063,0
-72.39171405353994,0
-68.87419713182814,0
-61.818947544373565,0
-68.3482725970224,0
-67.66126880360297,0
-72.87813648799462,0
-64.81316317496706,0
-64.24772430855793,0
-72.39171405353994,0
-65.32961482262978,0
-70.51577536608656,0
-66.3801272873069,0
-63.913300050345825,0
-72.39171405353994,0
-62.31619000631629,0
-72.39171405353994,0
-72.39171405353994,0
-48.39445535839568,0
-68.70582820784034,0
-68.18527423615754,0
-72.05253648408348,0
-67.80220114611637,0
-61.818947544373565,0
-59.292331132723845,0
-72.39171405353994,0
-64.35975365189333,0
-72.47909589406197,0
-68.94579517467086,0
-66.69983163331526,0
-62.79308006189997,0
-32.691999592850244,0
-72.39171405353994,0
-70.14283295565147,0
-63.60071612518324,0
-64.81316317496706,0
-49.723150230448574,0
-53.447223640714434,0
-72.4184974949491,0
-70.15292911696889,0
-66.04011409340605,0
-59.718640471843266,0
-72.39171405353994,0
-68.21390976786812,0
-64.28559971488798,0
-65.97141533166668,0
-72.39171405353994,0
-70.47937532461884,0
-68.67929971583763,0
-65.19941488663517,0
-68.79997912914197,0
-59.292331132723845,0
-65.9334307666107,0
-62.97964654477207,0
-61.00500420874501,0
-40.3346341024203,0
-71.98780359741357,0
-70.8299733426308,0
-64.22116084582511,0
-72.39171405353994,0
-64.85178452282463,0
-59.292331132723845,0
-69.81953550593784,0
-68.63080925755878,0
-70.89057174174367,0
-60.920450933797596,0
-67.95035425040498,0
-66.9904107029484,0
-67.83264756230403,0
-69.71969654895142,0
-67.54962457912652,0
-71.06646847336853,0
-72.39171405353994,0
-72.71346131404307,0
-59.292331132723845,0
-68.32167363232612,0
-56.24492749582729,0
-73.09677754820108,0
-68.78419747806441,0
-72.84308846815419,0
-59.292331132723845,0
-72.39171405353994,0
-56.888116402872996,0
-71.62310222910938,0
-73.98023820585824,0
-61.83119986875841,0
-61.866270192538444,0
-70.8299733426308,0
-60.91277997706888,0
-61.29567906836135,0
-66.47014646631072,0
-47.51690518781362,0
-67.98654266632016,0
-63.432736251560264,0
-70.13519675421918,0
-40.20728887166421,0
-68.31472644904446,0
-71.86959602047648,0
-66.84998919368128,0
-68.06388331705224,0
-67.94515605806313,0
-68.40366637955368,0
-66.75406925858583,0
-67.37920838793585,0
-72.39171405353994,0
-67.968679174991,0
-71.43496266277971,0
-69.15391324955657,0
-65.61716393479126,0
-68.18221256471938,0
-70.17983823272746,0
-63.566414730174905,0
-61.215030895708104,0
-72.39171405353994,0
-41.883404606785646,0
-63.61489119922501,0
-70.03890290084871,0
-68.51836652025659,0
-64.3702161815074,0
-70.8299733426308,0
-65.95527938087021,0
-66.21358694471095,0
-70.19132894326319,0
-70.18466061789681,0
-71.97261663020461,0
-73.98023820585824,0
-70.19583055858214,0
-72.39171405353994,0
-72.39171405353994,0
-46.97856932894115,0
-65.3732576166046,0
-72.39171405353994,0
-63.13847676621469,0
-70.60315720660859,0
-66.38341534715398,0
-70.15292911696889,0
-72.39171405353994,0
-74.85115968710257,0
-72.04127046867598,0
-68.66182372475141,0
-69.6670143740095,0
-42.457050730574224,0
-62.88094289619839,0
-72.39171405353994,0
-72.39171405353994,0
-70.15231208447153,0
-57.85757868246549,0
-72.85584994725316,0
-39.56471330028636,0
-68.72851921221027,0
-47.994236688707176,0
-64.37513987756267,0
-69.00686729769889,0
-70.16238200877177,0
-68.78929977633855,0
-71.29426572523754,0
-73.98023820585824,0
-70.51577536608656,0
-72.04127046867598,0
-65.9334307666107,0
-61.495917828263934,0
-64.84443039418011,0
-69.61217184997142,0
-71.62715669337285,0
-73.98023820585824,0
-72.10429951840486,0
-66.94448835581103,0
-65.34742855446481,0
-64.35035300169145,0
-68.74672629229195,0
-64.64789598100435,0
-63.52710734023054,0
-71.36180720898939,0
-63.71253229694355,0
-69.73605951548728,0
-21.68082339367995,0
-64.69133942354708,0
-68.60118365290397,0
-72.39171405353994,0
-47.4237252818566,0
-72.90989725242366,0
-71.00587007425565,0
-65.4172561157815,0
-66.38035367571582,0
-63.35409453802101,0
-66.36602336142143,0
-70.20935842866578,0
-65.99550273154107,0
-59.292331132723845,0
-40.38614817973378,0
-68.05435947962891,0
-41.817184539424126,0
-72.8213823613208,0
-67.3633576890271,0
-65.12311471802639,0
-66.99179094577909,0
-70.90217381181625,0
-71.06646847336853,0
-64.36857821271721,0
-59.292331132723845,0
-59.292331132723845,0
-70.98037950964562,0
-38.57822768625676,0
-65.60060766762284,0
-66.08022961649569,0
-64.8281722687763,0
-59.292331132723845,0
-60.36252018448953,0
-66.02601049347555,0
-70.39636020039458,0
-68.54661181383263,0
-65.30867493901364,0
-69.94830009053328,0
-61.70855979975601,0
-71.87966594477672,0
-64.81316317496706,0
-58.95791155744454,0
-61.28811578160423,0
-64.87930704271933,0
-65.26394121691071,0
-67.94885878671352,0
-74.32252467311707,0
-61.892477914690765,0
-68.75549955833438,0
-57.27183420119662,0
-67.94435717139456,0
-68.56239577489318,0
-72.39171405353994,0
-57.731295162165424,0
-61.890714747420766,0
-71.06646847336853,0
-68.38566806549399,0
-72.77443462968283,0
-74.33440208097502,0
-69.09956741052038,0
-39.22080325763461,0
-59.943383773447074,0
-64.22556634760315,0
-73.98023820585824,0
-59.9548347360483,0
-59.2903093984026,0
-70.6069369411492,0
-72.39171405353994,0
-67.97387736733288,0
-65.35038134849192,0
-53.447223640714434,0
-59.292331132723845,0
-72.39171405353994,0
-67.33718943782988,0
-55.844225589815736,0
-70.8299733426308,0
-71.98780359741357,0
-58.27249399122398,0
-73.98023820585824,0
-55.040869415143455,0
-72.5676107851648,0
-74.28745434933705,0
-72.5676107851648,0
-62.928577923850966,0
-61.198278638648574,0
-69.1299313868023,0
-66.73416562147749,0
-72.23665034471726,0
-68.55357064439539,0
-68.55898263021753,0
-70.16300390833868,0
-60.80089539822783,0
-63.47659641440015,0
-76.04075296778802,0
-72.39171405353994,0
-68.83889510936453,0
-72.17523428349895,0
-70.1727267137224,0
-72.39171405353994,0
-70.16238200877177,0
-39.916143121091174,0
-48.57354416251427,0
-61.91906270305682,0
-71.55720420410233,0
-51.891242926761734,0
-70.18466061789681,0
-70.14105170911094,0
-61.86231658222889,0
-72.77405971315595,0
-71.06646847336853,0
-64.08899032720403,0
-72.39171405353994,0
-72.39171405353994,0
-59.292331132723845,0
-71.73268664063733,0
-66.62460945435295,0
-59.292331132723845,0
-71.89792105540099,0
-59.292331132723845,0
-67.83264756230403,0
-64.65239759632331,0
-59.292331132723845,0
-70.51577536608656,0
-63.22530218484421,0
-72.81086058289917,0
-50.510172538028435,0
-65.77427292639945,0
-70.13538845535632,0
-72.39171405353994,0
-68.13427933350778,0
-70.8299733426308,0
-66.91212205940107,0
-59.34352325567952,0
-64.5236870979284,0
-70.8299733426308,0
-61.63628828030623,0
-72.39171405353994,0
-72.39171405353994,0
-63.954302502206524,0
-53.447223640714434,0
-67.66113080390969,0
-67.97387736733288,0
-62.8574197792705,0
-73.73779265651353,0
-66.85814538664772,0
-70.09307140775053,0
-67.94885878671352,0
-64.24112823133898,0
-62.81847325057333,0
-67.88412590004359,0
-66.37007452847273,0
-67.94033121935496,0
-59.292331132723845,0
-64.13060027246748,0
-65.74933988025299,0
-70.12970312269391,0
-49.08750861368662,0
-68.540956698331,0
-59.292331132723845,0
-70.51577536608656,0
-62.56158496693363,0
-59.292331132723845,0
-64.50788537792478,0
-25.336672002787807,0
-70.15748403979623,0
-72.39171405353994,0
-70.21935367551,0
-72.39171405353994,0
-72.39171405353994,0
-67.93759277130602,0
-74.28745434933705,0
-46.0181142402442,0
-59.47675238140716,0
-62.34010468646379,0
-61.72584934552126,0
-57.52133665230605,0
-62.34010468646379,0
-17.06300166184827,0
-72.39171405353994,0
-67.94515605806313,0
-63.61489119922501,0
-72.39171405353994,0
-72.5676107851648,0
-72.39171405353994,0
-66.88953188132669,0
-72.39171405353994,0
-64.81316317496706,0
-67.30625538056883,0
-69.66450767115919,0
-69.1299313868023,0
-72.39171405353994,0
-71.98449403806256,0
-65.83302956076251,0
-71.00587007425565,0
-64.36301157582561,0
-68.23491720369101,0
-68.23404263013691,0
-67.07602602810653,0
-73.98023820585824,0
-72.84759008347315,0
-64.81316317496706,0
-59.292331132723845,0
-72.90989725242366,0
-66.75414168410757,0
-60.33756891250223,0
-72.39171405353994,0
-72.0488337554331,0
-68.96202413248668,0
-68.50059387335344,0
-66.68050182535468,0
-66.73218729032612,0
-70.1017321000779,0
-63.2800877878571,0
-72.39171405353994,0
-65.13364666250024,0
-70.10441999416756,0
-64.68418057703121,0
-70.8299733426308,0
-67.56230911075221,0
-63.566414730174905,0
-51.67928900065856,0
-70.16300390833868,0
-61.86789406967785,0
-72.39171405353994,0
-72.5676107851648,0
-63.21079796225516,0
-71.06646847336853,0
-72.39171405353994,0
-56.34279878468164,0
-67.04619895979327,0
-68.25195296162101,0
-68.79724068109303,0
-72.39171405353994,0
-66.38261646048541,0
-67.88412590004359,0
-68.70784899168126,0
-64.20127730874565,0
-70.12450493035203,0
-65.63959792544425,0
-52.679636931894784,0
-65.9905577562408,0
-67.71587424733463,0
-68.10276696025004,0
-70.51577536608656,0
-67.8808163406926,0
-36.76368132211592,0
-67.35114032775029,0
-70.8299733426308,0
-67.04583670842402,0
-74.28419574057594,0
-73.91201266722919,0
-66.84407316196973,0
-62.4626332893139,0
-67.7541958074092,0
-73.98023820585824,0
-77.76492941959225,0
-70.12445725565269,0
-71.3582914109478,0
-63.223039400074626,0
-65.8244476029577,0
-63.21462002276114,0
-72.39171405353994,0
-67.94515605806313,0
-69.02845244107448,0
-66.96586063260176,0
-68.1983478841323,0
-64.84519011769537,0
-69.39705006152352,0
-68.53133069684138,0
-70.51577536608656,0
-64.70539246901254,0
-64.36983063781682,0
-68.86772963323247,0
-65.97354628970034,0
-65.32586047078064,0
-70.94672315436716,0
-72.39171405353994,0
-66.71165666597012,0
-70.15748403979623,0
-55.912121038600276,0
-72.47909589406197,0
-42.68910849100825,0
-62.32470159786613,0
-49.98346050449037,0
-72.10429951840486,0
-67.8808163406926,0
-62.34010468646379,0
-72.39171405353994,0
-68.59574332888708,0
-72.39171405353994,0
-61.900737778470805,0
-28.03485144477466,0
-72.39171405353994,0
-68.05435947962891,0
-65.55328501945796,0
-70.8299733426308,0
-70.1727267137224,0
-67.20555641204699,0
-64.41096604248425,0
-66.50289254069088,0
-53.80930794612319,0
-66.37685198940689,0
-72.39171405353994,0
-59.292331132723845,0
-72.39171405353994,0
-59.69584059575938,0
-64.41468737071116,0
-42.753841377678164,0
-72.39171405353994,0
-60.79145171019887,0
-72.39171405353994,0
-53.67005658448412,0
-59.292331132723845,0
-71.43496266277971,0
-61.827941259997296,0
-70.63815737381248,0
-66.380684623071,0
-64.33944217727438,0
-67.30569202083045,0
-30.094330973702636,0
-55.870073680143015,0
-70.19269409923629,0
-34.644900544649445,0
-72.39171405353994,0
-73.98023820585824,0
-72.39171405353994,0
-56.74040308990837,0
-69.257968031737,0
-57.10773598284664,0
-45.08046695621748,0
-74.37531718363545,0
-68.18447534948896,0
-67.33775279756826,0
-70.8299733426308,0
-68.12093451878701,0
-72.39171405353994,0
-66.33462925266073,0
-65.34801843173541,0
-71.87966594477672,0
-66.78704519524806,0
-66.71158822903969,0
-67.16036354577037,0
-68.95202888564242,0
-46.4930943769109,0
-71.853137452774,0
-59.292331132723845,0
-65.38092462650444,0
-60.27276871720024,0
-71.00587007425565,0
-66.66483470783945,0
-59.292331132723845,0
-68.05398456310203,0
-61.892477914690765,0
-69.63890610370117,0
-58.183966099475036,0
-72.39171405353994,0
-68.4644461812301,0
-72.77266137006588,0
-67.31816210136797,0
-61.81932246090046,0
-70.8299733426308,0
-65.99262532885439,0
-61.890714747420766,0
-70.11629740202551,0
-70.15768027177268,0
-67.75740236886725,0
-59.292331132723845,0
-67.30951398932991,0
-66.62046678598016,0
-67.2417333497575,0
-67.45480531104619,0
-46.80787254655917,0
-36.34541536908296,0
-68.32325401640301,0
-60.78864730340654,0
-61.16910376132926,0
-65.77424649963409,0
-61.92426089539868,0
-43.356290504413224,0
-65.00852149018755,0
-67.94209438662497,0
-72.39171405353994,0
-52.66780170348984,0
-68.74841438839545,0
-63.312020863170794,0
-36.04423935596089,0
-71.96567354556564,0
-72.5676107851648,0
-50.95139745869689,0
-65.12618967365533,0
-59.292331132723845,0
-72.47909589406197,0
-50.978864505903836,0
-62.42374879241078,0
-64.31242928612099,0
-72.04577208399493,0
-67.8808163406926,0
-70.1858822049881,0
-44.66661530204295,0
-70.51577536608656,0
-57.78314168777512,0
-71.98123542930148,0
-65.04382835045645,0
-67.87755773193149,0
-73.98023820585824,0
-70.16238200877177,0
-66.38035367571582,0
-66.647836095419,0
-62.01182021355622,0
-72.47909589406197,0
-69.75644741592066,0
-32.33701502180983,0
-70.11963487048337,0
-59.292331132723845,0
-61.827941259997296,0
-48.562274788901114,0
-68.71053730997573,0
-70.13094848617027,0
-72.39171405353994,0
-47.041342816364605,0
-72.47909589406197,0
-59.292331132723845,0
-66.62756658917364,0
-68.7874560868255,0
-51.32391720671894,0
-67.62878907500603,0
-56.95146800725041,0
-68.4681601798575,0
-70.15136772580556,0
-72.39171405353994,0
-67.86199584819568,0
-72.39171405353994,0
-72.39171405353994,0
-62.61528578294763,0
-65.05479288732047,0
-72.39171405353994,0
-68.51129746094821,0
-71.5769889341071,0
-65.9399989347228,0
-70.8299733426308,0
-62.51562816200311,0
-67.84644158777878,0
-69.16282391490634,0
-66.37194491110613,0
-73.98023820585824,0
-72.39171405353994,0
-64.67898238468936,0
-67.25613178010981,0
-61.91051844422523,0
-72.90989725242366,0
-68.92161101535714,0
-72.39171405353994,0
-72.39171405353994,0
-71.88168672861764,0
-66.91508112243486,0
-72.39171405353994,0
-72.39171405353994,0
-70.16424843988477,0
-46.34727836674275,0
-71.31639577708548,0
-70.15768027177268,0
-63.38870546912346,0
-39.3343635983287,0
-72.39171405353994,0
-65.8240358451388,0
-69.04141649569944,0
-68.83027631026766,0
-72.23243990931081,0
-58.90971768088105,0
-65.99589382574167,0
-67.09010102404355,0
-37.18043541158144,0
-60.33073720378162,0
-71.3582914109478,0
-30.713865187660183,0
-64.34744311358459,0
-66.12056181864097,0
-59.834939232464265,0
-64.28651218656873,0
-67.45042759161501,0
-63.6498888982201,0
-70.8299733426308,0
-63.48036963304706,0
-68.95403465517741,0
-64.47888622167505,0
-72.39171405353994,0
-67.92776407233058,0
-72.39171405353994,0
-67.49080434336457,0
-64.21250578872494,0
-70.20413731561237,0
-70.8299733426308,0
-64.56373325159589,0
-63.95101047753818,0
-72.39171405353994,0
-71.73199142099989,0
-70.63684029860006,0
-66.4311441577252,0
-69.42564279492254,0
-65.32961482262978,0
-70.8299733426308,0
-72.39171405353994,0
-68.73478669480258,0
-72.39171405353994,0
-70.15136772580556,0
-55.91573607582894,0
-45.174253950641834,0
-70.67409197170268,0
-71.98780359741357,0
-69.76453002240919,0
-66.96721397217456,0
-66.78470919684959,0
-63.03225066843851,0
-72.39171405353994,0
-73.98023820585824,0
-62.34010468646379,0
-72.39171405353994,0
-68.49848908859903,0
-60.95698936219867,0
-64.41096604248425,0
-64.621593157384,0
-66.38341534715398,0
-67.86199584819568,0
-70.11186490996019,0
-69.43357322410421,0
-62.75344045648366,0
-66.90692386705922,0
-67.15084599345782,0
-61.900737778470805,0
-67.3793748016695,0
-69.12750073618629,0
-66.99739338390697,0
-70.45252566905523,0
-62.32470159786613,0
-67.03314827456718,0
-55.914240612137455,0
-68.63118417408566,0
-61.26142229677555,0
-74.27520202495222,0
-17.06300166184827,0
-73.98023820585824,0
-66.43890923208781,0
-72.39171405353994,0
-69.19052978591517,0
-64.39822880300869,0
-66.92033138908825,0
-64.65916199641185,0
-72.39171405353994,0
-76.04075296778802,0
-69.06746569681177,0
-57.10773598284664,0
-65.4988899786787,0
-66.34441816884191,0
-68.78705417170173,0
-60.257206833464416,0
-60.889613219376436,0
-58.26239305035533,0
-59.292331132723845,0
-67.94209438662497,0
-59.292331132723845,0
-65.06595840230436,0
-67.38911487571858,0
-67.42530200219689,0
-72.85065175491131,0
-62.84985649251338,0
-66.23353469794564,0
-72.5676107851648,0
-67.8808163406926,0
-54.61723083247448,0
-61.73111734242861,0
-53.72788576863978,0
-59.292331132723845,0
-71.82622698262117,0
-72.39171405353994,0
-71.06646847336853,0
-72.39171405353994,0
-67.94209438662497,0
-67.94209438662497,0
-62.85259494056233,0
-59.292331132723845,0
-45.85687739021685,0
-49.268459405719646,0
-59.292331132723845,0
-66.86460777782885,0
-70.14953749850447,0
-67.88412590004359,0
-59.292331132723845,0
-70.13969836953814,0
-68.10276696025004,0
-52.69769613276216,0
-56.23760273344455,0
-70.8299733426308,0
-68.66912047681423,0
-63.03465955811849,0
-72.32079831152012,0
-70.1408459473839,0
-30.377412943871438,0
-67.62878907500603,0
-54.7923663341564,0
-68.4792053278091,0
-60.7068412930142,0
-68.91169162783802,0
-68.96351959617814,0
-57.049740514573195,0
-48.53405712402038,0
-71.56115791593959,0
-62.10229368890513,0
-72.39171405353994,0
-72.5676107851648,0
-72.39171405353994,0
-66.39114560013259,0
-72.39171405353994,0
-66.44087707272023,0
-71.00587007425565,0
-65.26394121691071,0
-70.14800512656836,0
-70.22766043254023,0
-64.28557347787081,0
-67.88412590004359,0
-68.71053730997573,0
-64.08986150263692,0
-67.94515605806313,0
-70.60315720660859,0
-67.94885878671352,0
-70.15091587168413,0
-67.50488928288065,0
-64.9151271055884,0
-69.04141649569944,0
-66.0081872125902,0
-60.226698017337256,0
-73.98023820585824,0
-63.9128680406629,0
-42.40701097413069,0
-67.75817627169019,0
-59.4868223057074,0
-49.59804508873652,0
-63.478717680462054,0
-60.33379887521979,0
-72.04400891672492,0
-49.723150230448574,0
-64.81316317496706,0
-69.50472776245938,0
-69.29661880090703,0
-71.30120880987651,0
-66.97806301601283,0
-60.87711252345631,0
-67.38901740617003,0
-66.741816934201,0
-64.53041524426786,0
-68.72315102490913,0
-67.94033121935496,0
-67.91588666447262,0
-59.292331132723845,0
-66.39355442455535,0
-69.66450767115919,0
-70.51577536608656,0
-67.87755773193149,0
-64.26893538545848,0
-68.27414103921909,0
-64.81316317496706,0
-64.28295062595745,0
-48.84818295624953,0
-70.21485206019105,0
-59.292331132723845,0
-64.97385470937938,0
-67.38901740617003,0
-68.60439406212147,0
-51.471768495816,0
-54.718914491683094,0
-67.93759277130602,0
-66.01116208327555,0
-71.5984095890422,0
-63.64663028945898,0
-68.45259829612166,0
-70.8299733426308,0
-72.39171405353994,0
-63.24258094296307,0
-66.82211170460674,0
-73.98023820585824,0
-65.33700979873726,0
-73.98023820585824,0
-67.12213702279284,0
-64.64994111302006,0
-59.292331132723845,0
-59.292331132723845,0
-58.52713910845642,0
-71.06646847336853,0
-69.04141649569944,0
-65.32526129099112,0
-62.78120265404202,0
-67.968679174991,0
-49.16266578344275,0
-70.51577536608656,0
-69.69100034794792,0
-45.48222194789564,0
-66.03674159169076,0
-65.41361969320045,0
-69.63411495914357,0
-49.723150230448574,0
-61.21946194313287,0
-50.0822345740682,0
-67.8808163406926,0
-67.14536301706782,0
-74.35179406670758,0
-61.694256766887605,0
-69.6893038369358,0
-67.35646172096791,0
-72.39171405353994,0
-68.09022231107441,0
-61.827941259997296,0
-62.16755298592809,0
-64.41645053798118,0
-74.35549679535796,0
-64.72275973127532,0
-72.39171405353994,0
-67.97387736733288,0
-68.27414103921909,0
-72.47909589406197,0
-68.9489154052836,0
-68.6858093796918,0
-68.78006667854285,0
-59.943383773447074,0
-72.39171405353994,0
-55.61033368644693,0
-72.39171405353994,0
-62.86112250792088,0
-72.39171405353994,0
-59.292331132723845,0
-63.40134732357751,0
-59.292331132723845,0
-61.91906270305682,0
-67.02265295018562,0
-67.86893893283465,0
-66.40396084657002,0
-70.51577536608656,0
-64.42117163775566,0
-72.05253648408348,0
-70.18583531173789,0
-71.06646847336853,0
-68.27864265453805,0
-72.94286937466453,0
-70.82402292402385,0
-70.60315720660859,0
-67.92412781062689,0
-71.89200274531225,0
-72.39171405353994,0
-53.447223640714434,0
-38.36853892928738,0
-69.86744641635332,0
-72.39171405353994,0
-67.3633576890271,0
-67.94435717139456,0
-65.11942527356679,0
-47.358506781540896,0
-68.9173826539784,0
-70.15292911696889,0
-72.39171405353994,0
-67.23714613919445,0
-70.8299733426308,0
-72.5676107851648,0
-66.14050087002447,0
-62.90401030838342,0
-64.2681085774631,0
-39.52559524170866,0
-68.70669245720666,0
-67.22531346079258,0
-72.39171405353994,0
-61.92426089539868,0
-68.24295924599727,0
-67.87755773193149,0
-62.88614108854024,0
-68.69519471863444,0
-72.39171405353994,0
-68.85099691752745,0
-72.39171405353994,0
-66.90692386705922,0
-65.07304826338738,0
-70.51577536608656,0
-68.36109708057117,0
-63.7759748633661,0
-68.10905711092906,0
-72.39171405353994,0
-66.99530867192394,0
-68.50297364154564,0
-67.86893893283465,0
-70.14741411549599,0
-64.3322496743985,0
-67.99056861835976,0
-68.57189492813546,0
-43.21145978887504,0
-72.04127046867598,0
-68.00034493585537,0
-69.80721514500237,0
-69.19052978591517,0
-68.09700248917154,0
-71.86502239918815,0
-63.13847676621469,0
-68.28013811822952,0
-44.799310637122296,0
-51.75692098282057,0
-68.23318174281941,0
-70.54255880749571,0
-48.858008208134486,0
-72.39171405353994,0
-72.39171405353994,0
-37.51299650747006,0
-67.94435717139456,0
-67.95035425040498,0
-66.2572588951295,0
-59.14009578547967,0
-72.39171405353994,0
-64.40645529113694,0
-71.00587007425565,0
-68.62521098057893,0
-67.43309920421282,0
-68.42162970340415,0
-68.03531965160676,0
-63.35563805920862,0
-17.06300166184827,0
-54.63668800103386,0
-64.34776388343498,0
-71.98123542930148,0
-64.51062382597372,0
-69.84992821795348,0
-55.133228324730354,0
-72.39171405353994,0
-70.17581228068786,0
-69.46054849779374,0
-63.58449848720939,0
-65.49618577103425,0
-71.88643034486526,0
-72.07755506470286,0
-62.34010468646379,0
-71.06646847336853,0
-65.7225998466488,0
-70.8299733426308,0
-58.48658149703616,0
-40.20728887166421,0
-61.85014137843488,0
-70.8299733426308,0
-68.55917896085701,0
-56.49889257012406,0
-68.61133312172977,0
-48.91732641569303,0
-68.92422962507646,0
-72.47909589406197,0
-57.741513453531425,0
-71.58759691611797,0
-59.292331132723845,0
-72.39171405353994,0
-66.0016190444781,0
-50.30428878243062,0
-50.73474861255753,0
-71.32446335536153,0
-59.54021366758355,0
-72.39171405353994,0
-58.941252613041634,0
-55.8476591718145,0
-71.31639577708548,0
-63.58449848720939,0
-66.69983163331526,0
-59.292331132723845,0
-70.14654534063621,0
-40.472823364416335,0
-70.28004815544783,0
-68.84215371812562,0
-65.31405293889395,0
-43.28033028441833,0
-39.4454826350222,0
-66.42261659036666,0
-70.10894304661622,0
-70.8299733426308,0
-67.7747039211274,0
-68.07237424823442,0
-72.93434180730597,0
-70.2196744453604,0
-62.66178203576166,0
-45.501651991652864,0
-66.67120476146064,0
-66.68121853508812,0
-64.29932055891791,0
-74.65851825911022,0
-71.00477549156425,0
-66.36518051101758,0
-70.00851018883307,0
-66.21431740175474,0
-36.897314228272535,0
-67.94515605806313,0
-67.94435717139456,0
-70.15842274849416,0
-63.97511109624532,0
-59.292331132723845,0
-64.26914114718551,0
-63.41117602255292,0
-73.98023820585824,0
-39.56471330028636,0
-64.36161971712468,0
-49.723150230448574,0
-68.70603569465678,0
-72.39171405353994,0
-69.66450767115919,0
-76.07114567980364,0
-69.64667005083035,0
-63.312020863170794,0
-67.73594258957425,0
-66.12605545016623,0
-40.20728887166421,0
-65.51066385801504,0
-59.292331132723845,0
-65.59271937990893,0
-66.31581702102234,0
-70.01263980790381,0
-65.83491221424167,0
-71.54371195774209,0
-70.94672315436716,0
-68.54661181383263,0
-59.292331132723845,0
-70.8299733426308,0
-69.59571328226895,0
-57.27183420119662,0
-53.526709584939034,0
-68.7285267372918,0
-66.77757766899914,0
-56.76548329139649,0
-40.57297943247653,0
-72.39171405353994,0
-68.85179580419603,0
-67.46269150043048,0
-72.39171405353994,0
-71.29192854075643,0
-62.34010468646379,0
-57.86448246508021,0
-70.14741411549599,0
-72.39171405353994,0
-66.12056181864097,0
-59.292331132723845,0
-70.8299733426308,0
-72.39171405353994,0
-48.54730996686906,0
-73.98023820585824,0
-68.4919750742566,0
-61.810552242907356,0
-65.78398948075404,0
-63.064946382232705,0
-48.61858042011847,0
-59.292331132723845,0
-72.39171405353994,0
-64.79742669474741,0
-64.92193467855148,0
-61.83119986875841,0
-67.95035425040498,0
-62.49427749405403,0
-68.12301331810028,0
-66.1289409046414,0
-69.6065226568067,0
-64.83667251218372,0
-63.13847676621469,0
-65.99369234235414,0
-70.2196744453604,0
-66.84407316196973,0
-64.87926888585095,0
-59.292331132723845,0
-70.87464889070814,0
-67.94209438662497,0
-67.05311332279243,0
-64.9151271055884,0
-65.74603032090201,0
-67.86199584819568,0
-59.64950088165333,0
-67.47428676354512,0
-64.65056129878593,0
-57.399459010865186,0
-63.61489119922501,0
-70.8299733426308,0
-67.88412590004359,0
-73.538879863359,0
-70.11414123895807,0
-46.387022022762714,0
-72.47909589406197,0
-66.62756658917364,0
-73.98023820585824,0
-72.39171405353994,0
-48.902139448484085,0
-69.43357322410421,0
-64.43470564860543,0
-70.51577536608656,0
-72.47909589406197,0
-56.25500997666691,0
-71.06646847336853,0
-58.496977462246264,0
-72.1646114127183,0
-70.93377431760003,0
-72.39171405353994,0
-56.321759654735374,0
-60.5066636021663,0
-74.2755769414791,0
-67.21145717985972,0
-64.74334698905152,0
-70.1727267137224,0
-66.12605545016623,0
-72.39171405353994,0
-70.8299733426308,0
-72.39171405353994,0
-66.96620380745082,0
-67.02231359149613,0
-64.65948094725765,0
-70.4589631466068,0
-68.21999876026777,0
-59.292331132723845,0
-64.2571818458899,0
-64.97385470937938,0
-64.44823351868908,0
-72.32516523582012,0
-42.41101657998527,0
-51.383161296343026,0
-68.2718782544495,0
-66.14400714111277,0
-58.260688976186145,0
-67.88412590004359,0
-65.60060766762284,0
-69.66450767115919,0
-59.292331132723845,0
-66.92400383606896,0
-71.26995947888516,0
-53.447223640714434,0
-70.20935842866578,0
-74.32252467311707,0
-70.09647511688382,0
-68.76526879711483,0
-65.4322478456625,0
-69.66450767115919,0
-64.87926888585095,0
-64.86282112349126,0
-72.39171405353994,0
-69.50472776245938,0
-74.31200289469544,0
-65.6335797898637,0
-67.94885878671352,0
-67.97387736733288,0
-72.1489912433945,0
-59.292331132723845,0
-71.88643034486526,0
-68.34303952815102,0
-66.10389748921145,0
-40.85691525020584,0
-47.47641537524772,0
-70.8299733426308,0
-66.26841293292547,0
-67.12006941385755,0
-70.13519675421918,0
-70.51577536608656,0
-46.97800596920279,0
-71.88643034486526,0
-71.00587007425565,0
-55.89076479957897,0
-72.39171405353994,0
-59.16230370644709,0
-67.12006941385755,0
-66.71678642138154,0
-43.66832390925679,0
-60.33750160387016,0
-68.64241952541478,0
-72.19472873122425,0
-62.88094289619839,0
-70.18063711939604,0
-72.39171405353994,0
-61.900737778470805,0
-67.8808163406926,0
-72.39171405353994,0
-68.15138723163807,0
-65.2728579116132,0
-41.951083919290504,0
-68.1983478841323,0
-64.31941838133775,0
-59.292331132723845,0
-65.29364076088193,0
-59.292331132723845,0
-72.39171405353994,0
-70.8299733426308,0
-65.9001194252105,0
-68.45460182564504,0
-65.85322808632594,0
-72.87417487183917,0
-70.8299733426308,0
-67.46897272590698,0
-65.33700979873726,0
-63.312020863170794,0
-71.92144417232885,0
-71.4542878101582,0
-64.50637776397139,0
-54.3342090259468,0
-66.51393025152174,0
-57.88001101547028,0
-62.41718062429868,0
-70.51577536608656,0
-70.13969836953814,0
-72.39171405353994,0
-57.071773427731586,0
-66.44726824035592,0
-49.89233906143085,0
-68.53495961932055,0
-70.11960696137649,0
-53.447223640714434,0
-72.39171405353994,0
-48.562274788901114,0
-70.10441999416756,0
-72.39171405353994,0
-72.39171405353994,0
-71.86501486063196,0
-59.292331132723845,0
-71.23256401041357,0
-56.444207565739724,0
-60.45625454313882,0
-69.19052978591517,0
-72.39171405353994,0
-71.38112866375538,0
-61.89474069946035,0
-67.55763453665082,0
-43.37263695847557,0
-68.22041598663631,0
-59.292331132723845,0
-70.60315720660859,0
-61.83450942810939,0
-63.946139244856234,0
-72.39171405353994,0
-69.64255702343087,0
-64.47934706254304,0
-59.292331132723845,0
-69.21321762789881,0
-72.39171405353994,0
-67.52602451472535,0
-67.18217206216734,0
-70.1130387932644,0
-65.23621915605831,0
-72.39171405353994,0
-66.0152697982175,0
-65.98516041624934,0
-69.11767203721088,0
-68.47320824879867,0
-58.1825275979834,0
-65.62505222250518,0
-64.714203058821,0
-65.99827350219866,0
-64.2681085774631,0
-28.03485144477466,0
-72.39171405353994,0
-62.88614108854024,0
-53.447223640714434,0
-45.41657348449911,0
-66.31907562978346,0
-69.81953550593784,0
-63.87444517207642,0
-59.292331132723845,0
-61.83450942810939,0
-64.67474632448312,0
-69.28385732180806,0
-66.93058225723118,0
-71.96567354556564,0
-67.86202231834234,0
-72.10429951840486,0
-56.68530981878911,0
-70.10441999416756,0
-65.27050937017877,0
-62.5427746352974,0
-66.43890923208781,0
-70.10835252474178,0
-62.395375241730285,0
-69.8687203365516,0
-67.31998865117178,0
-59.292331132723845,0
-40.370586295997946,0
-59.292331132723845,0
-68.62942649449951,0
-67.81303103925207,0
-72.39171405353994,0
-59.292331132723845,0
-63.93649137178743,0
-70.15292911696889,0
-72.39171405353994,0
-72.39171405353994,0
-61.68027064519007,0
-72.39171405353994,0
-66.61653359822962,0
-68.70697954068308,0
-68.59272510883493,0
-60.25063866535232,0
-60.26945915784926,0
-62.97964654477207,0
-72.47909589406197,0
-72.39171405353994,0
-64.32078353731086,0
-63.846078924634085,0
-73.98023820585824,0
-59.292331132723845,0
-70.14920359679454,0
-68.73841914155122,0
-71.89168197546189,0
-72.5676107851648,0
-61.73289809997994,0
-65.99740472733886,0
-53.447223640714434,0
-66.81594746140435,0
-63.390812379415024,0
-67.08074265168383,0
-66.9688103594075,0
-65.16586541957246,0
-59.292331132723845,0
-62.02531224893327,0
-72.39171405353994,0
-69.1299313868023,0
-69.16458708217635,0
-64.81316317496706,0
-62.84002779353797,0
-71.0632700292742,0
-70.13626478753937,0
-72.03144176970056,0
-66.68377190848501,0
-72.39171405353994,0
-61.88797629937181,0
-66.79891622158205,0
-74.38051537597732,0
-63.94334875541245,0
-70.8299733426308,0
-62.34010468646379,0
-72.83325976917875,0
-53.63552685905287,0
-50.73159076273587,0
-73.98023820585824,0
-68.50272844473699,0
-70.11414123895807,0
-55.871205935939855,0
-70.16578116737196,0
-62.34010468646379,0
-72.47909589406197,0
-70.12087856187003,0
-63.566414730174905,0
-72.39171405353994,0
-64.89512460290632,0
-72.5676107851648,0
-67.26465934746837,0
-68.8073976923651,0
-72.39171405353994,0
-67.02258044797124,0
-66.16919498057511,0
-58.87679123596267,0
-64.40638061368094,0
-65.19258098377132,0
-61.13909199400405,0
-65.6223137744562,0
-70.19926226734839,0
-72.39171405353994,0
-50.76650133023123,0
-72.07235687236098,0
-73.96082679652152,0
-72.39171405353994,0
-68.95403465517741,0
-73.98023820585824,0
-66.04218832996584,0
-43.22195541866321,0
-72.4184974949491,0
-59.292331132723845,0
-66.80972258741134,0
-67.53657105203862,0
-64.29726042038297,0
-67.95035425040498,0
-71.06646847336853,0
-70.1757391504205,0
-49.18408126767605,0
-67.14486170173642,0
-68.59761300207624,0
-59.292331132723845,0
-65.28452726788062,0
-60.89832088194967,0
-48.50329131164715,0
-72.47909589406197,0
-67.95035425040498,0
-72.5676107851648,0
-59.292331132723845,0
-68.47632358908805,0
-68.7985114496563,0
-74.65851825911022,0
-41.51559212103354,0
-66.64135714240861,0
-73.98023820585824,0
-65.7089491791739,0
-70.19583055858214,0
-70.13626478753937,0
-69.71165822866462,0
-72.39171405353994,0
-72.39171405353994,0
-40.56772671440422,0
-70.8299733426308,0
-70.8299733426308,0
-64.23213451571525,0
-63.566414730174905,0
-68.27414103921909,0
-72.84985286824273,0
-66.04531228574791,0
-64.08377117951815,0
-63.9631526600889,0
-68.32474948009451,0
-72.39171405353994,0
-61.818947544373565,0
-42.97154888558708,0
-59.292331132723845,0
-67.18296623397258,0
-67.12828418270324,0
-54.34634543618333,0
-43.105394949427556,0
-66.06326184974674,0
-67.6336912224116,0
-63.57992486592106,0
-71.67732195016619,0
-66.37859050844581,0
-55.83891635006988,0
-72.47909589406197,0
-67.91588666447262,0
-47.0568169653787,0
-72.39171405353994,0
-68.89072307770465,0
-62.665999026670654,0
-67.09494733722492,0
-72.39171405353994,0
-42.99679881415875,0
-60.986679284158996,0
-59.292331132723845,0
-70.49228311276644,0
-67.5287629627743,0
-56.33619452100647,0
-70.39053966366562,0
-68.06859462064617,0
-71.56294739723813,0
-59.292331132723845,0
-59.292331132723845,0
-62.98463796944179,0
-50.85070989490186,0
-70.8299733426308,0
-66.0016190444781,0
-74.30635370153072,0
-66.75872284395209,0
-71.29426572523754,0
-72.39171405353994,0
-68.95403465517741,0
-72.39171405353994,0
-70.05805643912983,0
-47.31543139780385,0
-64.26778780761272,0
-67.62363461594595,0
-72.03144176970056,0
-67.77160593693107,0
-59.292331132723845,0
-72.39171405353994,0
-69.41734592193735,0
-71.89998873249212,0
-72.5676107851648,0
-36.87689604015903,0
-67.32457822102509,0
-62.13686917856588,0
-67.94033121935496,0
-37.96678253550463,0
-68.07873160053869,0
-70.8299733426308,0
-67.04583670842402,0
-67.20661955386252,0
-72.39171405353994,0
-72.39171405353994,0
-69.61874001808351,0
-63.312020863170794,0
-69.94733088648948,0
-66.78253984929944,0
-59.292331132723845,0
-71.3582914109478,0
-68.87017117978854,0
-66.37585206039687,0
-59.0284800313358,0
-68.69541038965637,0
-72.39171405353994,0
-64.28557347787081,0
-62.93163959528914,0
-59.468504681572014,0
-69.47794432105023,0
-67.27443636717128,0
-57.97399654652561,0
-44.60153329100333,0
-41.27474907788511,0
-60.92457955268039,0
-65.98910817343616,0
-68.07237424823442,0
-57.88910585386364,0
-66.99374246417727,0
-64.85931007863553,0
-72.84985286824273,0
-70.14654534063621,0
-70.15292911696889,0
-26.37378916693525,0
-61.56701912407865,0
-71.00587007425565,0
-71.88718036014293,0
-60.81608236543679,0
-72.05253648408348,0
-68.49640547343354,0
-42.97154888558708,0
-64.90032279524817,0
-70.14283295565147,0
-61.733070527129904,0
-65.0575190456173,0
-58.247597706150735,0
-66.54627408319367,0
-70.8299733426308,0
-66.66994129113466,0
-74.27520202495222,0
-66.53534059656658,0
-68.07709071533601,0
-66.0157920898096,0
-67.97387736733288,0
-59.292331132723845,0
-65.8446714348251,0
-70.28335541266124,0
-68.77870152256975,0
-59.292331132723845,0
-61.87853168274803,0
-70.20045639718798,0
-65.37547788822936,0
-66.64173205893549,0
-64.97623544125967,0
-65.38092462650444,0
-72.47909589406197,0
-64.09165946723206,0
-71.10136428801584,0
-70.8299733426308,0
-66.77369073722787,0
-72.39171405353994,0
-67.09743406840884,0
-51.93325307487276,0
-72.39171405353994,0
-64.81316317496706,0
-52.49051934931555,0
-69.69495060497759,0
-70.04258430060688,0
-71.00587007425565,0
-66.39917620880115,0
-72.39171405353994,0
-72.39171405353994,0
-68.31648961631447,0
-73.73779265651353,0
-44.61048210646202,0
-68.85549853284641,0
-68.67978198705379,0
-70.60315720660859,0
-68.71187750965862,0
-62.8574197792705,0
-63.400535754273626,0
-70.20413731561237,0
-67.87755773193149,0
-69.68329196213034,0
-69.31899818975651,0
-72.39171405353994,0
-25.351213690234594,0
-59.292331132723845,0
-70.60315720660859,0
-64.62618987417099,0
-72.39171405353994,0
-53.45381293690912,0
-67.80579250580537,0
-70.8299733426308,0
-62.79638962125098,0
-66.84634017341996,0
-64.3928469179715,0
-72.5676107851648,0
-64.65513930536191,0
-63.13847676621469,0
-69.48586852153603,0
-67.35065349239976,0
-70.04915246871897,0
-64.26767497422718,0
-64.30116327071349,0
-49.883345345807115,0
-58.941252613041634,0
-64.6506344290533,0
-72.39171405353994,0
-65.42132297749171,0
-71.54371195774209,0
-70.15935371298539,0
-59.292331132723845,0
-66.65923863546551,0
-66.06032401486979,0
-72.39171405353994,0
-70.51577536608656,0
-59.35103926615974,0
-66.14834461800719,0
-68.74518354163976,0
-56.330700889481186,0
-67.99136750502834,0
-41.527031665967364,0
-70.9790866328465,0
-69.2513998636249,0
-72.39171405353994,0
-72.39171405353994,0
-64.15570791556425,0
-72.39171405353994,0
-72.39171405353994,0
-66.65053625385363,0
-55.03474672124568,0
-66.2280645211495,0
-66.2572970738745,0
-71.1779563297712,0
-71.06646847336853,0
-72.39171405353994,0
-61.04742698307674,0
-72.39171405353994,0
-72.39171405353994,0
-72.39171405353994,0
-63.00956397284436,0
-62.22535545994553,0
-71.00587007425565,0
-72.39171405353994,0
-61.20282720409492,0
-70.4589631466068,0
-56.84364491932399,0
-69.47465603800482,0
-66.25758174977518,0
-66.67164670820739,0
-68.4796204062644,0
-72.39171405353994,0
-72.39171405353994,0
-62.18924218540564,0
-67.74115777314948,0
-65.08104216254517,0
-64.20559896208928,0
-59.2207421486208,0
-72.39171405353994,0
-68.7269320143558,0
-68.34076048219606,0
-68.53473440597467,0
-44.76882251584987,0
-53.447223640714434,0
-67.86893893283465,0
-72.39171405353994,0
-71.54371195774209,0
-61.892477914690765,0
-63.92207939775534,0
-71.06646847336853,0
-49.92542496572316,0
-72.04577208399493,0
-73.98023820585824,0
-54.60312759524794,0
-67.77602433453018,0
-61.91906270305682,0
-72.39171405353994,0
-39.370771462407035,0
-70.8299733426308,0
-61.30496013601971,0
-65.95225125910764,0
-59.292331132723845,0
-70.54769144363682,0
-26.78810299998251,0
-64.56297054463442,0
-76.2031887086831,0
-47.48348623454869,0
-62.34010468646379,0
-64.53340608773823,0
-61.88797629937181,0
-50.508066207597075,0
-72.39171405353994,0
-72.85435448356169,0
-67.31086572006753,0
-56.3799767695225,0
-70.62584504859223,0
-53.447223640714434,0
-72.19470581051269,0
-64.14326762825415,0
-68.64306158194361,0
-63.90135564222928,0
-50.0822345740682,0
-72.39171405353994,0
-71.98123542930148,0
-71.34781443886331,0
-51.43808533432263,0
-73.73779265651353,0
-62.654279746472746,0
-70.09747690952858,0
-66.12733218596726,0
-53.72788576863978,0
-64.66065746010335,0
-72.47909589406197,0
-66.79891622158205,0
-67.04101432325467,0
-60.867801227145,0
-59.39047098731751,0
-63.047421037217475,0
-74.32252467311707,0
-73.98023820585824,0
-66.69818226183335,0
-68.56427367066743,0
-59.465445288272875,0
-67.87755773193149,0
-65.89833782344817,0
-56.221998552029156,0
-70.3607116572639,0
-70.51577536608656,0
-54.87883445772623,0
-62.78082773751514,0
-70.16807022927156,0
-69.61217184997142,0
-74.29076390868804,0
-66.82585580077773,0
-58.87679123596267,0
-69.23583797988906,0
-57.10773598284664,0
-74.2755769414791,0
-55.799947825098144,0
-71.97224171367773,0
-72.39171405353994,0
-72.93434180730597,0
-69.50472776245938,0
-67.92776407233058,0
-60.35732199214767,0
-64.31961556236959,0
-73.98023820585824,0
-62.83179294609751,0
-68.75037648764524,0
-72.39171405353994,0
-67.23892912565401,0
-65.83093721239202,0
-66.75432169468046,0
-71.30982760897338,0
-64.7024825809057,0
-62.66327346209648,0
-66.08773737688901,0
-72.4184974949491,0
-66.3071982219255,0
-59.292331132723845,0
-68.2157927151691,0
-62.74442534412897,0
-67.99507023367872,0
-61.890714747420766,0
-64.33222675368694,0
-61.878147600396396,0
-62.96036090455888,0
-66.2524915857393,0
-60.05643093367625,0
-69.86744641635332,0
-66.68752967435398,0
-67.05784031842126,0
-65.77724642262991,0
-62.845929068734776,0
-58.07565357434238,0
-42.375559558883,0
-70.18433984804642,0
-46.89204541536789,0
-61.22546984001361,0
-66.26225600721538,0
-72.5676107851648,0
-62.44924680844211,0
-64.33194649777383,0
-72.39171405353994,0
-62.86290385475439,0
-59.39047098731751,0
-63.2976473563484,0
-72.4184974949491,0
-64.38979096170743,0
-65.27599249772653,0
-70.15842274849416,0
-59.50818590400866,0
-70.17307383263892,0
-59.292331132723845,0
-70.8299733426308,0
-68.82990139374078,0
-72.39171405353994,0
-69.62974865108168,0
-60.54819973403836,0
-67.81119486174012,0
-62.34010468646379,0
-67.05879136792518,0
-64.43813735737167,0
-64.81316317496706,0
-63.71536225020931,0
-36.47353234337911,0
-68.24295924599727,0
-56.606973702306384,0
-64.67064824557029,0
-63.27310513120568,0
-69.19052978591517,0
-70.14800512656836,0
-67.35065349239976,0
-72.39171405353994,0
-70.60315720660859,0
-59.292331132723845,0
-52.6843948025538,0
-70.11963487048337,0
-69.87548473664015,0
-59.292331132723845,0
-58.97922098086387,0
-64.93206139636932,0
-69.19052978591517,0
-68.34303952815102,0
-68.22797927339343,0
-72.39171405353994,0
-72.47909589406197,0
-67.968679174991,0
-41.2034480231031,0
-59.292331132723845,0
-72.39171405353994,0
-67.78721662533074,0
-70.13108453704868,0
-72.39171405353994,0
-66.80101699022383,0
-67.93033734700882,0
-70.16292436381312,0
-35.69066789072363,0
-66.70504848933247,0
-67.65091156827054,0
-72.39171405353994,0
-67.28631377502923,0
-68.35892891788855,0
-72.39171405353994,0
-43.500173029228286,0
-71.86959602047648,0
-68.47400713546725,0
-68.3021593020201,0
-72.39171405353994,0
-66.73219164283253,0
-48.3429548396998,0
-72.39171405353994,0
-66.0744155629516,0
-61.89924231477931,0
-72.39171405353994,0
-72.39171405353994,0
-71.89792105540099,0
-67.93759277130602,0
-70.8299733426308,0
-63.32045013613968,0
-71.06646847336853,0
-70.11960696137649,0
-73.98023820585824,0
-71.98123542930148,0
-67.94515605806313,0
-63.91703936508662,0
-72.39171405353994,0
-62.34010468646379,0
-34.243378352966744,0
-61.495917828263934,0
-67.62878907500603,0
-72.39171405353994,0
-64.81316317496706,0
-69.32419638209839,0
-67.31595942192826,0
-71.06646847336853,0
-66.93044698398711,0
-64.89908621906174,0
-64.69401228012543,0
-72.39171405353994,0
-69.48235272349444,0
-70.5513941722872,0
-72.39171405353994,0
-70.14362567438926,0
-70.8299733426308,0
-65.8968865686365,0
-72.03144176970056,0
-65.13069128897429,0
-59.93979135270884,0
-65.31749939012148,0
-72.39171405353994,0
-66.81594746140435,0
-68.64498837823535,0
-65.39221591974034,0
-68.50297364154564,0
-65.40051109518495,0
-57.343679057741426,0
-70.16292436381312,0
-43.93991128074372,0
-46.12861261550731,0
-69.13837936002403,0
-72.47909589406197,0
-72.7539003331005,0
-72.39171405353994,0
-69.5545223600074,0
-66.56193615935588,0
-77.76492941959225,0
-66.67828515499001,0
-42.72086925543729,0
-67.97387736733288,0
-70.9573210817254,0
-72.03144176970056,0
-70.51577536608656,0
-64.91150255458977,0
-53.447223640714434,0
-72.39171405353994,0
-70.1757391504205,0
-66.0016190444781,0
-72.39171405353994,0
-69.30693481760164,0
-72.39171405353994,0
-57.10773598284664,0
-70.5599892095112,0
-66.23648703539227,0
-72.39171405353994,0
-61.63342690402816,0
-66.76879276825233,0
-59.292331132723845,0
-73.98023820585824,0
-62.373051120343334,0
-67.01570986554664,0
-70.1858822049881,0
-67.39737682362833,0
-66.3670205585439,0
-61.289178754659595,0
-55.43304957409428,0
-71.51778887808427,0
-67.45341084217117,0
-56.43580696362263,0
-74.28419574057594,0
-59.292331132723845,0
-43.685798596508754,0
-41.99295561104901,0
-53.447223640714434,0
-72.39171405353994,0
-72.39171405353994,0
-64.52831513393505,0
-60.85584526736992,0
-59.824083464908554,0
-66.96387514932243,0
-41.817184539424126,0
-70.60315720660859,0
-70.8299733426308,0
-68.31955128775266,0
-72.04400891672492,0
-68.00034493585537,0
-67.18203309892148,0
-61.2009288332114,0
-76.02429440008555,0
-71.98780359741357,0
-64.49805667894935,0
-62.5517424339801,0
-72.39171405353994,0
-68.58752691649305,0
-68.40794836028928,0
-68.06954644683788,0
-64.37131833285584,0
-59.292331132723845,0
-71.92144417232885,0
-68.96202413248668,0
-74.53961065599175,0
-67.87755773193149,0
-59.292331132723845,0
-66.12733218596726,0
-71.86959602047648,0
-63.07751352925706,0
-74.49584658126766,0
-69.057073638098,0
-61.89553958612894,0
-39.56471330028636,0
-56.15120991169987,0
-72.5676107851648,0
-55.767414876105256,0
-62.05979658511088,0
-70.00634728970994,0
-68.24295924599727,0
-72.10429951840486,0
-67.98830583359018,0
-68.70855182669638,0
-65.04382835045645,0
-48.914016856342045,0
-68.70328218327012,0
-69.25807177770822,0
-54.90168533968596,0
-65.34710596005466,0
-71.3582914109478,0
-59.57522749504715,0
-59.292331132723845,0
-66.39355442455535,0
-72.47909589406197,0
-64.33222675368694,0
-65.02928066428213,0
-68.2575479401551,0
-38.65549911759595,0
-70.8299733426308,0
-68.71258670436697,0
-68.71778489670885,0
-72.39171405353994,0
-62.557996943185756,0
-65.3474192519459,0
-53.67005658448412,0
-66.69818226183335,0
-74.62812554709458,0
-72.39171405353994,0
-70.20416023632393,0
-71.84505501367428,0
-69.62572238215918,0
-67.86199584819568,0
-62.77425956940304,0
-69.66450767115919,0
-72.39171405353994,0
-72.28813137138141,0
-67.99136750502834,0
-70.16782629350803,0
-64.30915834810979,0
-53.4662070370328,0
-68.05043113906227,0
-68.18447534948896,0
-67.53052613004431,0
-64.13353297150039,0
-66.01273026771489,0
-43.0175467948018,0
-64.61435783116247,0
-63.64750287470146,0
-64.81137676108982,0
-66.82584873915448,0
-61.46468181651187,0
-71.82622698262117,0
-66.67120476146064,0
-69.2304183596525,0
-72.39171405353994,0
-68.65155654634745,0
-54.221653628409435,0
-70.8299733426308,0
-75.46196910831779,0
-72.39171405353994,0
-69.22708089119465,0
-67.94515605806313,0
-54.12857000879217,0
-67.2432055674608,0
-64.90236406843053,0
-72.39171405353994,0
-69.66450767115919,0
-68.6789387207468,0
-45.531248627070894,0
-65.98048937433931,0
-62.86261797161238,0
-70.8299733426308,0
-68.63599466261161,0
-72.80521138973445,0
-61.853302656315314,0
-63.195534512909674,0
-67.03414205723051,0
-70.16238200877177,0
-60.91277997706888,0
-66.51326591767047,0
-64.81316317496706,0
-26.78810299998251,0
-66.08930564972644,0
-72.47909589406197,0
-68.16788225042498,0
-67.5358391636224,0
-59.292331132723845,0
-59.292331132723845,0
-69.05847198118805,0
-67.31245642091899,0
-68.7285267372918,0
-69.50668543999349,0
-68.86772963323247,0
-61.900737778470805,0
-64.34744311358459,0
-67.52729528328862,0
-67.98830583359018,0
-67.55711091841036,0
-56.45279103594071,0
-33.78516164794783,0
-65.37543099497915,0
-68.66643788931738,0
-66.9106265957096,0
-42.35081321774118,0
-72.39171405353994,0
-71.00587007425565,0
-66.25705781487353,0
-70.8299733426308,0
-63.13811192836994,0
-71.853137452774,0
-67.86199584819568,0
-61.83119986875841,0
-64.56732003621309,0
-71.86501486063196,0
-72.39171405353994,0
-70.11414123895807,0
-61.366642255509696,0
-74.34873239526942,0
-67.94033121935496,0
-68.87193434705856,0
-56.269395081543415,0
-64.91873583052144,0
-67.87755773193149,0
-41.817184539424126,0
-68.25195296162101,0
-62.909823730688004,0
-64.54981652363014,0
-64.491224470401,0
-40.516672855811976,0
-70.51577536608656,0
-70.51577536608656,0
-23.05176517481353,0
-50.05678788631088,0
-71.44322252655975,0
-68.48084358969773,0
-69.04141649569944,0
-65.832457803792,0
-70.8299733426308,0
-60.25063866535232,0
-68.91853023182415,0
-70.8299733426308,0
-72.39171405353994,0
-72.39171405353994,0
-69.50472776245938,0
-72.84582691620314,0
-61.12697841486061,0
-72.39171405353994,0
-73.98023820585824,0
-67.52258732407248,0
-67.52567739580886,0
-59.292331132723845,0
-67.71587424733463,0
-72.39171405353994,0
-50.19623759988182,0
-64.87053925924437,0
-48.31924158445805,0
-45.407834902408275,0
-67.06210092727616,0
-64.2571818458899,0
-72.74760569979671,0
-66.68500344067364,0
-50.4295020378239,0
-72.39171405353994,0
-64.95596921540624,0
-42.24543432436498,0
-72.39171405353994,0
-64.29233787795935,0
-39.46917942088753,0
-46.126565370901254,0
-51.44239765048516,0
-63.95369561201202,0
-74.34696922799941,0
-66.37794199011657,0
-72.39171405353994,0
-72.5676107851648,0
-72.39171405353994,0
-52.88383277326003,0
-58.186437229973585,0
-73.98023820585824,0
-72.39171405353994,0
-66.46934757964215,0
-65.95937066316101,0
-58.06259464564427,0
-57.44195883122097,0
-63.25931842380725,0
-70.12413648580232,0
-53.447223640714434,0
-72.85584994725316,0
-59.292331132723845,0
-59.292331132723845,0
-65.03086736103963,0
-72.39171405353994,0
-54.53714630741067,0
-59.8371441832614,0
-71.00587007425565,0
-68.31955128775266,0
-59.57092131400015,0
-68.76721081203402,0
-72.39171405353994,0
-38.27506930996888,0
-61.63874264704064,0
-59.292331132723845,0
-66.01352930504001,0
-68.24295924599727,0
-39.22080325763461,0
-65.47725961501517,0
-64.28560102456407,0
-64.96859397685081,0
-63.85270181132978,0
-41.54693962238682,0
-59.30827290267551,0
-72.04577208399493,0
-72.39171405353994,0
-68.11894362034415,0
-70.8299733426308,0
-59.292331132723845,0
-66.99533324537202,0
-66.04914321281068,0
-66.59526289382966,0
-72.39171405353994,0
-70.13519675421918,0
-66.12712345433286,0
-36.531728580773766,0
-66.99398855657165,0
-65.52434473412414,0
-70.11629740202551,0
-64.8133439904951,0
-53.447223640714434,0
-71.89200274531225,0
-72.39171405353994,0
-70.91735518315282,0
-67.46223162868415,0
-66.40911630829119,0
-72.39171405353994,0
-64.71832544420451,0
-68.12781135782208,0
-66.75100709799423,0
-73.98023820585824,0
-64.81316317496706,0
-64.29932055891791,0
-72.47909589406197,0
-74.33440208097502,0
-67.07933766715003,0
-71.10193125762922,0
-70.42606288650443,0
-66.76782197675593,0
-69.87344349536377,0
-72.39171405353994,0
-70.15104695595517,0
-70.19583055858214,0
-61.657044650915104,0
-68.48084358969773,0
-59.51522753252252,0
-69.93642268267533,0
-72.5676107851648,0
-67.00453273999196,0
-59.292331132723845,0
-66.02807817056669,0
-67.23498029678761,0
-70.14105170911094,0
-34.8859539243446,0
-59.292331132723845,0
-65.20608126584679,0
-59.40662014877692,0
-65.80251970052767,0
-72.39171405353994,0
-67.97387736733288,0
-61.65645363984273,0
-71.88718036014293,0
-60.616029937582866,0
-68.71370974839478,0
-64.27735063663313,0
-68.00706210120696,0
-66.01451978293983,0
-67.99507023367872,0
-74.34423077995046,0
-70.42916144566357,0
-70.20413731561237,0
-59.292331132723845,0
-66.05364482812963,0
-66.05069470272235,0
-57.69450416824949,0
-68.06954644683788,0
-56.36571471694479,0
-63.40696057974771,0
-67.51619581574994,0
-70.8299733426308,0
-65.65340017814121,0
-55.828839364146376,0
-68.99735872980065,0
-70.11963487048337,0
-62.341482140666486,0
-70.60315720660859,0
-65.17973159018273,0
-70.8299733426308,0
-62.46251672962498,0
-70.41993473534436,0
-72.39171405353994,0
-59.89445411112661,0
-67.87755773193149,0
-70.8299733426308,0
-67.01941177463858,0
-71.2034136496536,0
-70.8299733426308,0
-62.51553427335223,0
-65.3470797230375,0
-52.73079279287697,0
-69.76033098752845,0
-69.33749066931803,0
-68.95041099816265,0
-59.955261181305026,0
-69.80390558565136,0
-61.89553958612894,0
-70.12413648580232,0
-61.22546984001361,0
-64.57677139236658,0
-60.258967273410164,0
-59.292331132723845,0
-68.48084358969773,0
-62.361199929374294,0
-71.02972388129628,0
-58.93739875669321,0
-70.04952738524585,0
-64.29932055891791,0
-64.45791377412223,0
-61.68084023205393,0
-50.40364436914642,0
-59.64128344895216,0
-70.15935371298539,0
-64.63651579211725,0
-70.19132894326319,0
-48.902139448484085,0
-72.39171405353994,0
-63.25592253198215,0
-69.50472776245938,0
-70.1757391504205,0
-66.43967193904928,0
-53.76943714617855,0
-47.48853878238066,0
-73.98023820585824,0
-68.48741175780982,0
-52.39149192659726,0
-65.75366063379404,0
-65.02602205552104,0
-72.39171405353994,0
-71.06646847336853,0
-62.40398861115866,0
-64.99433140905364,0
-64.56786195364589,0
-66.84589370903967,0
-63.37135140049007,0
-64.81316317496706,0
-64.81316317496706,0
-72.39171405353994,0
-67.94515605806313,0
-72.5676107851648,0
-60.43506762152736,0
-68.72264941753714,0
-70.8299733426308,0
-55.133228324730354,0
-72.39171405353994,0
-64.37407184424248,0
-61.85460083627104,0
-74.79056128798969,0
-72.39171405353994,0
-70.8299733426308,0
-53.63208601293408,0
-59.74487801649611,0
-61.21908702660599,0
-70.17757544795788,0
-67.43066417520323,0
-72.39171405353994,0
-67.19426757649103,0
-68.75453564385714,0
-69.2559226651347,0
-67.69824637505452,0
-25.336672002787807,0
-69.66450767115919,0
-53.447223640714434,0
-58.941252613041634,0
-65.5688469031938,0
-70.16750552365764,0
-59.292331132723845,0
-70.57641275290659,0
-61.31920218528924,0
-66.20631310458856,0
-72.39171405353994,0
-71.97224171367773,0
-70.14105170911094,0
-72.47909589406197,0
-72.47909589406197,0
-71.81470341155475,0
-57.26656620428927,0
-72.39171405353994,0
-72.39171405353994,0
-70.8299733426308,0
-62.8147345360251,0
-72.04400891672492,0
-70.14800512656836,0
-67.50431840789199,0
-67.37482866613209,0
-67.12233219862713,0
-66.71927367484004,0
-29.106402272006065,0
-68.05398456310203,0
-61.29261739692319,0
-59.292331132723845,0
-65.62505222250518,0
-71.89200274531225,0
-70.54255880749571,0
-72.05253648408348,0
-68.94683069330057,0
-71.87648853627579,0
-44.60462445275037,0
-72.85600643614669,0
-39.56471330028636,0
-67.92776407233058,0
-65.81268604009917,0
-70.1691709823084,0
-69.25036543846167,0
-66.55928910664319,0
-68.69522632011902,0
-66.0807727137358,0
-72.39171405353994,0
-63.713796856683956,0
-64.44313694233007,0
-69.65064260858075,0
-68.98704271310604,0
-32.68091355785817,0
-64.7315934994808,0
-64.17770614067625,0
-72.39171405353994,0
-67.65018518708747,0
-72.39171405353994,0
-71.86501486063196,0
-72.39171405353994,0
-59.292331132723845,0
-72.39171405353994,0
-71.96567354556564,0
-63.400535754273626,0
-71.11361661240068,0
-64.27463477871078,0
-61.83119986875841,0
-70.15446581974408,0
-73.98023820585824,0
-71.87648853627579,0
-72.39171405353994,0
-66.90425868164999,0
-67.14154305327344,0
-67.80457805917193,0
-69.20676691970912,0
-72.93836775934557,0
-70.16750552365764,0
-64.43156918925958,0
-73.98023820585824,0
-67.30569202083045,0
-45.715217201235426,0
-72.39171405353994,0
-72.39171405353994,0
-72.10429951840486,0
-52.02490353446151,0
-67.31998865117178,0
-59.292331132723845,0
-65.38526842125877,0
-53.63208601293408,0
-66.61744338340336,0
-68.7874560868255,0
-72.39171405353994,0
-70.8299733426308,0
-62.34010468646379,0
-56.962879559631475,0
-26.78810299998251,0
-67.94033121935496,0
-72.39171405353994,0
-72.07235687236098,0
-61.878147600396396,0
-72.39171405353994,0
-72.39171405353994,0
-68.22491760195527,0
-61.33109927079051,0
-57.10773598284664,0
-35.69066789072363,0
-72.39171405353994,0
-69.19052978591517,0
-59.292331132723845,0
-64.2758203627016,0
-72.39171405353994,0
-70.6492748517405,0
-68.45932061097886,0
-61.88797629937181,0
-68.31875240108405,0
-69.65566575063394,0
-72.39171405353994,0
-70.13969836953814,0
-66.06921737060975,0
-48.833335640128325,0
-59.292331132723845,0
-72.39171405353994,0
-70.8299733426308,0
-65.99310429870653,0
-72.39171405353994,0
-68.8741206287166,0
-77.76492941959225,0
-65.30867493901364,0
-59.292331132723845,0
-56.29855730765787,0
-64.37513987756267,0
-59.292331132723845,0
-70.16300390833868,0
-66.12605545016623,0
-72.39171405353994,0
-57.486054133133806,0
-67.92776407233058,0
-71.86501486063196,0
-64.57469416219425,0
-60.97391780506001,0
-68.45013228292626,0
-67.15001924807886,0
-44.677784105977274,0
-68.540956698331,0
-67.92776407233058,0
-53.24657963971177,0
-72.39171405353994,0
-67.54563505386422,0
-60.89832088194967,0
-70.22766043254023,0
-64.62618987417099,0
-64.4228434503422,0
-68.6679511294206,0
-65.99311183726272,0
-71.3582914109478,0
-67.00579067462755,0
-39.534588957332396,0
-59.292331132723845,0
-45.36657822247039,0
-70.13626478753937,0
-55.040869415143455,0
-68.71825305593359,0
-55.07793895555227,0
-65.94037385124969,0
-72.47909589406197,0
-34.8859539243446,0
-72.39171405353994,0
-70.89819237331979,0
-41.07269590366201,0
-71.86959602047648,0
-64.30058709057627,0
-72.92177466028161,0
-70.9573210817254,0
-68.87516119396884,0
-62.85048291494503,0
-74.34423077995046,0
-67.11103985557011,0
-70.16750552365764,0
-66.13087783533558,0
-68.7029950038161,0
-66.95054964274505,0
-55.07654440633395,0
-65.89024784579226,0
-62.34010468646379,0
-59.82123141951157,0
-72.39171405353994,0
-71.06646847336853,0
-72.39171405353994,0
-66.22979783265752,0
-66.30025513728653,0
-72.39171405353994,0
-47.40018172244816,0
-68.74470694488173,0
-67.968679174991,0
-69.22382228243353,0
-70.13094848617027,0
-65.11942527356679,0
-58.38164306253794,0
-70.11963487048337,0
-64.38660601465031,0
-61.639325438030674,0
-67.91588666447262,0
-72.39171405353994,0
-69.50472776245938,0
-55.58423553434302,0
-72.25126040180774,0
-77.76492941959225,0
-67.04101432325467,0
-67.99278164909825,0
-69.99429153898372,0
-72.5676107851648,0
-59.292331132723845,0
-66.82211170460674,0
-72.39171405353994,0
-59.292331132723845,0
-66.45314991104708,0
-65.31899485381295,0
-72.39171405353994,0
-73.98023820585824,0
-72.39171405353994,0
-72.39171405353994,0
-46.97856932894115,0
-49.723150230448574,0
-63.39072625296439,0
-70.15231208447153,0
-61.10412566070008,0
-54.26103839734052,0
-62.34010468646379,0
-62.43444201043191,0
-66.34088172793753,0
-59.292331132723845,0
-69.75468424865065,0
-67.15990304707354,0
-64.3087265574706,0
-71.96567354556564,0
-71.38152370062416,0
-65.19280911663229,0
-72.39171405353994,0
-58.465362733722294,0
-70.13585351676906,0
-72.31962878838084,0
-59.292331132723845,0
-72.39171405353994,0
-65.99919899074563,0
-72.39171405353994,0
-72.83325976917875,0
-67.81645010969102,0
-67.75478035333843,0
-72.39171405353994,0
-63.74693422810451,0
-67.86893893283465,0
-64.74323864851881,0
-59.292331132723845,0
-68.540956698331,0
-67.94515605806313,0
-64.81316317496706,0
-68.24333416252415,0
-67.31998865117178,0
-64.20127730874565,0
-67.92776407233058,0
-64.79500944422307,0
-70.11414123895807,0
-68.69450060448264,0
-48.12672718340996,0
-70.75121760464475,0
-71.88168672861764,0
-72.39171405353994,0
-70.10404507764068,0
-71.68807527877233,0
-67.96463920128997,0
-74.26863385684013,0
-62.8580899783994,0
-72.39171405353994,0
-68.90343176405798,0
-69.87548473664015,0
-59.419740380908,0
-66.09274048753763,0
-68.02262398494277,0
-62.78082773751514,0
-67.97387736733288,0
-70.15292911696889,0
-65.00230594104953,0
-68.72821192609479,0
-53.447223640714434,0
-31.419191048927228,0
-74.34696922799941,0
-66.38341534715398,0
-67.94515605806313,0
-70.8299733426308,0
-69.13876675159379,0
-66.68103346043605,0
-65.40498266859437,0
-70.1961513284325,0
-68.14481906352597,0
-70.17307383263892,0
-72.39171405353994,0
-68.53093366728095,0
-67.23999361856984,0
-72.39171405353994,0
-17.06300166184827,0
-70.24982656166614,0
-73.98023820585824,0
-70.8299733426308,0
-69.50472776245938,0
-67.04583670842402,0
-66.99739338390697,0
-40.20728887166421,0
-59.292331132723845,0
-70.8299733426308,0
-69.43357322410421,0
-72.39171405353994,0
-62.86261797161238,0
-66.02000579556298,0
-70.8299733426308,0
-41.88211429033424,0
-65.10959657459135,0
-68.87531892112392,0
-69.09105671185915,0
-59.292331132723845,0
-70.8299733426308,0
-70.0571561186837,0
-70.19132894326319,0
-72.47909589406197,0
-63.22980380016317,0
-70.21935367551,0
-61.83902329764719,0
-72.39171405353994,0
-70.85441563603949,0
-59.292331132723845,0
-70.8299733426308,0
-64.27550355357057,0
-59.16230370644709,0
-65.59008274962484,0
-65.38354653157046,0
-72.36233382561673,0
-67.55763453665082,0
-74.2755769414791,0
-70.89057174174367,0
-67.44436657584447,0
-59.292331132723845,0
-72.39171405353994,0
-62.31280606047138,0
-65.8736422496279,0
-62.32470159786613,0
-71.06646847336853,0
-66.93058225723118,0
-70.8299733426308,0
-68.31875240108405,0
-67.87755773193149,0
-68.40794836028928,0
-70.01783800024566,0
-65.09362038165266,0
-67.0037377110215,0
-65.65071008276918,0
-72.8135764727263,0
-62.78082773751514,0
-66.97847434753515,0
-65.99236678219727,0
-72.39171405353994,0
-70.13626478753937,0
-70.8299733426308,0
-64.24574739602886,0
-55.469955650661944,0
-65.25880933413272,0
-59.13762961345269,0
-73.98023820585824,0
-74.2755769414791,0
-55.878401133342635,0
-68.68331731077649,0
-66.30508769996067,0
-72.39171405353994,0
-66.0744155629516,0
-66.75100709799423,0
-62.02335733218164,0
-69.2513998636249,0
-64.90853827944143,0
-32.691999592850244,0
-72.5676107851648,0
-62.74421761823929,0
-70.17496949542456,0
-71.84178886635698,0
-68.74046425047962,0
-54.59170735785887,0
-70.66299285915511,0
-56.986882241548045,0
-70.21935367551,0
-70.16296603654769,0
-61.818947544373565,0
-58.2537631404425,0
-69.70757576435334,0
-68.10868219440218,0
-66.2774021380527,0
-72.39171405353994,0
-65.13492506684419,0
-67.91588666447262,0
-72.39171405353994,0
-51.59970617972102,0
-60.01653922723738,0
-63.312020863170794,0
-68.81000216019203,0
-69.89696661229166,0
-67.71499417651066,0
-60.952211698226634,0
-65.12392688888575,0
-59.292331132723845,0
-72.39171405353994,0
-64.69145363629148,0
-69.3227009184069,0
-71.06646847336853,0
-68.90182077024255,0
-59.292331132723845,0
-66.9885442718354,0
-65.4109797476048,0
-74.350995180039,0
-65.76218668490047,0
-70.66299285915511,0
-61.71136442029654,0
-60.97841942037897,0
-66.00705653043536,0
-72.5676107851648,0
-68.8806887968287,0
-64.3322496743985,0
-70.14920359679454,0
-68.86772963323247,0
-64.26435422561396,0
-66.42664254240626,0
-71.853137452774,0
-62.79638962125098,0
-65.10112088946653,0
-62.34010468646379,0
-66.02178916882004,0
-75.03509385391567,0
-71.37131463507964,0
-71.06646847336853,0
-70.01783800024566,0
-64.57677139236658,0
-55.040869415143455,0
-62.32470159786613,0
-70.60315720660859,0
-72.39171405353994,0
-64.31961556236959,0
-67.62878907500603,0
-47.97457351876055,0
-66.61184798688332,0
-50.4049768524229,0
-69.50472776245938,0
-60.98766039102722,0
-68.43730079726006,0
-72.39171405353994,0
-66.96167963454586,0
-69.63411495914357,0
-68.95403465517741,0
-72.39171405353994,0
-64.18953303145125,0
-72.39171405353994,0
-72.39171405353994,0
-67.73728973156793,0
-49.723150230448574,0
-72.5676107851648,0
-68.91288103865944,0
-39.59736244475585,0
-53.30628707098967,0
-59.292331132723845,0
-66.62465518590007,0
-61.827941259997296,0
-59.292331132723845,0
-72.11020336538368,0
-69.50472776245938,0
-72.39171405353994,0
-61.827941259997296,0
-67.12629538520116,0
-68.32325401640301,0
-69.42535350361645,0
-56.31873829705078,0
-67.90820729516088,0
-72.39171405353994,0
-67.968679174991,0
-61.827941259997296,0
-61.30496013601971,0
-66.57249069657635,0
-64.2145003355487,0
-70.19132894326319,0
-67.95035425040498,0
-70.1857821683488,0
-68.72408331846461,0
-66.97286482367097,0
-70.14920359679454,0
-57.664502314570186,0
-59.292331132723845,0
-64.79742669474741,0
-61.890714747420766,0
-69.66450767115919,0
-70.22766043254023,0
-72.78962159689176,0
-67.2114443925707,0
-58.941252613041634,0
-66.32238518913444,0
-70.51577536608656,0
-59.918471850097085,0
-51.1815950073832,0
-72.39171405353994,0
-66.02178916882004,0
-51.44239765048516,0
-63.74982983614167,0
-62.828502104919714,0
-61.83450942810939,0
-72.39171405353994,0
-64.27215244429125,0
-67.02705290743573,0
-67.86199584819568,0
-64.10168290962929,0
-35.67448566411783,0
-57.10773598284664,0
-71.3582914109478,0
-68.18221256471938,0
-74.57000336800736,0
-42.504997319308856,0
-70.17123112084334,0
-70.51577536608656,0
-59.292331132723845,0
-70.60315720660859,0
-61.20370020360744,0
-67.97387736733288,0
-43.386683216428864,0
-69.1585199965987,0
-67.94435717139456,0
-63.02342727847778,0
-70.15842274849416,0
-52.034898781305735,0
-72.39171405353994,0
-72.39171405353994,0
-70.51577536608656,0
-72.39171405353994,0
-70.8299733426308,0
-66.17147770753657,0
-74.28745434933705,0
-47.15377541743921,0
-68.9779197820018,0
-71.88718036014293,0
-74.35179406670758,0
-59.54021366758355,0
-67.86893893283465,0
-64.81316317496706,0
-73.98023820585824,0
-68.99735872980065,0
-71.88718036014293,0
-65.23063645160364,0
-69.64255702343087,0
-68.23168200204381,0
-66.73116719564209,0
-67.86856401630777,0
-50.46797651191908,0
-35.014693878887975,0
-66.42588547586153,0
-72.39171405353994,0
-67.86856401630777,0
-69.85674795318397,0
-61.22605788366121,0
-70.8299733426308,0
-62.643212705878916,0
-32.691999592850244,0
-63.312020863170794,0
-65.73660113309799,0
-69.50472776245938,0
-62.69241667169459,0
-71.06646847336853,0
-72.39171405353994,0
-62.762764191099265,0
-67.88412590004359,0
-48.70492086905599,0
-59.26841565611072,0
-43.64969775696129,0
-59.50743742097829,0
-71.84178886635698,0
-64.84443039418011,0
-68.61846464958022,0
-65.06264884295338,0
-69.29895597087966,0
-46.86084571584528,0
-72.39171405353994,0
-60.370648111751066,0
-67.442871112153,0
-64.31592274819833,0
-66.25157624596586,0
-72.39171405353994,0
-67.86893893283465,0
-58.67679203690042,0
-26.78810299998251,0
-61.89553958612894,0
-70.16238200877177,0
-70.14773092462701,0
-66.97752998886918,0
-61.21108701099776,0
-73.98023820585824,0
-42.46590416140001,0
-66.79894533062489,0
-68.94919847273204,0
-59.292331132723845,0
-61.83450942810939,0
-69.64255702343087,0
-67.88412590004359,0
-70.17789621780827,0
-67.04583670842402,0
-61.151739091586414,0
-72.39171405353994,0
-71.87159056730025,0
-65.2039061775362,0
-70.09747690952858,0
-71.37699417619835,0
-70.20413731561237,0
-58.92301975564948,0
-67.88412590004359,0
-70.15136772580556,0
-67.83530935061437,0
-44.44965476556467,0
-67.47255764346295,0
-64.95378385036187,0
-59.292331132723845,0
-71.43312636524233,0
-71.87648853627579,0
-59.95857074065601,0
-75.46196910831779,0
-56.26008625099804,0
-60.91277997706888,0
-59.292331132723845,0
-54.8964871473441,0
-47.62047487979512,0
-70.11629740202551,0
-72.39171405353994,0
-65.83959772887461,0
-48.414144934445936,0
-72.84582691620314,0
-72.5676107851648,0
-69.33645166241064,0
-74.37531718363545,0
-61.13909199400405,0
-72.39171405353994,0
-72.4184974949491,0
-64.47797575270879,0
-63.905404968102445,0
-62.85291299632188,0
-72.47909589406197,0
-72.39171405353994,0
-72.39171405353994,0
-68.53898222919085,0
-23.05176517481353,0
-62.77425956940304,0
-60.87711252345631,0
-72.39171405353994,0
-72.39171405353994,0
-71.09479611990375,0
-72.39171405353994,0
-69.33645166241064,0
-64.97309559216977,0
-68.95403465517741,0
-67.75817627169019,0
-72.5676107851648,0
-56.3799767695225,0
-68.17771094940042,0
-70.8299733426308,0
-66.65295740998901,0
-72.39171405353994,0
-72.5676107851648,0
-71.84505501367428,0
-63.13847676621469,0
-64.6857325518991,0
-52.440192017024,0
-68.11894362034415,0
-74.350995180039,0
-61.73669995688697,0
-70.91735518315282,0
-70.42397639321157,0
-53.447223640714434,0
-67.75048712475676,0
-66.02506762875157,0
-72.49937849618209,0
-66.20672033686391,0
-67.95035425040498,0
-53.77582912404529,0
-72.39171405353994,0
-74.28745434933705,0
-70.18063711939604,0
-61.878147600396396,0
-73.73779265651353,0
-61.89553958612894,0
-34.6890707200892,0
-72.5676107851648,0
-72.39171405353994,0
-66.0558765519285,0
-62.15378730948148,0
-66.15232046063127,0
-69.1299313868023,0
-66.71488751272581,0
-70.8299733426308,0
-70.14920359679454,0
-70.5528896359787,0
-42.9964355172742,0
-60.69642227290704,0
-25.336672002787807,0
-70.8299733426308,0
-72.5676107851648,0
-72.39171405353994,0
-67.77230355903151,0
-66.00902768972105,0
-67.06499073065038,0
-72.39171405353994,0
-59.292331132723845,0
-70.15748403979623,0
-54.6214295991224,0
-64.42037275108709,0
-63.677033317668176,0
-65.49590034825391,0
-59.292331132723845,0
-67.61110623504722,0
-69.07140395239237,0
-48.59020849194378,0
-65.59008274962484,0
-54.996328768760975,0
-72.39171405353994,0
-66.08066395638028,0
-65.52663632851683,0
-47.76325300506799,0
-70.8299733426308,0
-66.9613590172828,0
-64.65950542752087,0
-46.432495977798034,0
-33.78516164794783,0
-49.723150230448574,0
-68.34307440468052,0
-68.20147110510005,0
-66.1805954202442,0
-45.49952973607161,0
-70.8299733426308,0
-72.39171405353994,0
-69.56728383910637,0
-66.05501962302658,0
-67.31548333099651,0
-70.16914640886031,0
-51.887320383986136,0
-64.97385470937938,0
-62.83287573379266,0
-68.40794836028928,0
-70.16424843988477,0
-39.10004240311215,0
-71.86501486063196,0
-68.24567053229715,0
-73.98023820585824,0
-70.17581228068786,0
-73.98023820585824,0
-72.47909589406197,0
-70.19269409923629,0
-59.292331132723845,0
-69.90462584925359,0
-64.81316317496706,0
-61.890714747420766,0
-45.84100817688318,0
-70.51577536608656,0
-53.801937227635904,0
-72.69406468055398,0
-71.05566467180367,0
-70.14920359679454,0
-66.3810972112961,0
-60.45072852377355,0
-43.500173029228286,0
-63.91263387029771,0
-67.06412760575864,0
-61.827941259997296,0
-72.39171405353994,0
-53.63208601293408,0
-56.09832904210707,0
-70.14953749850447,0
-70.19926226734839,0
-46.214439777314205,0
-66.94704082493365,0
-73.98023820585824,0
-30.353150716798215,0
-66.52839751192761,0
-72.39171405353994,0
-72.47909589406197,0
-70.13519675421918,0
-68.47770986411763,0
-40.21967208853366,0
-67.86199584819568,0
-72.84759008347315,0
-46.25823220900361,0
-66.36602336142143,0
-66.81052701399182,0
-72.39171405353994,0
-59.292331132723845,0
-71.22457132663163,0
-74.35179406670758,0
-70.16782629350803,0
-59.292331132723845,0
-71.68807527877233,0
-29.862626941311515,0
-50.312364159907084,0
-70.51577536608656,0
-72.39171405353994,0
-72.39171405353994,0
-70.51577536608656,0
-66.00705653043536,0
-68.13895675559817,0
-39.58479529773149,0
-66.18012469648563,0
-59.292331132723845,0
-67.06608421951705,0
-65.21460883320535,0
-72.93610497457598,0
-21.68082339367995,0
-71.98780359741357,0
-72.39171405353994,0
-66.03060390153418,0
-67.01749120632681,0
-61.878147600396396,0
-61.866270192538444,0
-69.18282491588317,0
-64.31397164306267,0
-68.31648961631447,0
-59.5953224711818,0
-72.39171405353994,0
-59.292331132723845,0
-58.92000677096067,0
-49.975451596598965,0
-65.95640144729886,0
-70.8299733426308,0
-72.39171405353994,0
-59.292331132723845,0
-62.61709377472372,0
-74.350995180039,0
-67.52567739580886,0
-70.05941890345328,0
-60.35732199214767,0
-73.98023820585824,0
-66.90425868164999,0
-69.04141649569944,0
-70.8299733426308,0
-46.001449370954525,0
-70.11783410480069,0
-56.02508575640447,0
-64.72647626612157,0
-30.803902843588585,0
-74.34423077995046,0
-62.75567750098068,0
-60.91277997706888,0
-61.30496013601971,0
-62.32470159786613,0
-64.30792767080203,0
-65.03833712530928,0
-66.92243807609569,0
-72.5676107851648,0
-68.63080925755878,0
-65.6441244270845,0
-65.22695945721316,0
-72.39171405353994,0
-70.8299733426308,0
-70.13447069431786,0
-65.13412177145351,0
-56.949959801569605,0
-68.24333416252415,0
-70.17789621780827,0
-64.316384614038,0
-66.38711807580437,0
-71.3582914109478,0
-69.63411495914357,0
-61.89924231477931,0
-64.23123734163083,0
-45.87721958981463,0
-65.88463424425167,0
-66.38861353949584,0
-61.30496013601971,0
-71.00587007425565,0
-66.57394019078795,0
-67.79605049181338,0
-60.31640688948725,0
-62.48835925017504,0
-39.62396196933512,0
-72.47909589406197,0
-61.63826476670938,0
-61.890714747420766,0
-63.61489119922501,0
-65.99236678219727,0
-61.866270192538444,0
-70.09747690952858,0
-72.39171405353994,0
-71.06646847336853,0
-65.33551849240635,0
-72.86257460425878,0
-59.292331132723845,0
-72.39171405353994,0
-69.41376538706459,0
-72.86294952078566,0
-57.10773598284664,0
-63.21306074702474,0
-59.292331132723845,0
-70.5599892095112,0
-72.39171405353994,0
-67.12873310001179,0
-64.51272098324506,0
-58.2792889944448,0
-64.48718316771273,0
-66.234813556321,0
-64.62402574515997,0
-68.24792533469821,0
-37.63249373859102,0
-64.63806728202894,0
-72.81742875101126,0
-72.39171405353994,0
-38.292789509645324,0
-67.90335905878662,0
-64.7901066280584,0
-68.6463711412946,0
-65.27758483001844,0
-61.00557714555633,0
-70.10894304661622,0
-67.94885878671352,0
-65.39561067497056,0
-40.382838620382785,0
-68.85760403276419,0
-64.31242928612099,0
-68.46995267120377,0
-68.5394612346395,0
-63.26588659191935,0
-67.94885878671352,0
-70.8299733426308,0
-70.8299733426308,0
-57.92863296184652,0
-66.9613590172828,0
-59.292331132723845,0
-67.94209438662497,0
-62.52274800097594,0
-67.401778885269,0
-70.39636020039458,0
-71.285849372564,0
-68.63636957913849,0
-67.94033121935496,0
-59.292331132723845,0
-38.35658613978808,0
-68.79183580862926,0
-66.31537689717261,0
-57.70243984357073,0
-72.39171405353994,0
-70.15935371298539,0
-66.75132786784462,0
-59.292331132723845,0
-70.16983339654158,0
-45.43354733549427,0
-73.12114287614467,0
-51.99537017573176,0
-58.93908111767455,0
-70.51577536608656,0
-67.40133843978376,0
-67.91588666447262,0
-72.39171405353994,0
-59.292331132723845,0
-60.50286344275081,0
-72.87816439710147,0
-72.39171405353994,0
-67.32642760380337,0
-72.39171405353994,0
-69.64439973522644,0
-67.42626768867109,0
-59.292331132723845,0
-58.941252613041634,0
-72.39171405353994,0
-56.24011886548416,0
-64.55073934906335,0
-67.968679174991,0
-34.524826282819525,0
-39.86868374050041,0
-72.5676107851648,0
-67.07933766715003,0
-62.59290260479347,0
-66.06326184974674,0
-70.12438737968142,0
-66.20656050935919,0
-58.941252613041634,0
-60.27333144011765,0
-65.33551849240635,0
-66.21428362362103,0
-68.68463985655252,0
-72.39171405353994,0
-64.30390171876243,0
-69.76353775656142,0
-67.03997087542825,0
-48.50329131164715,0
-66.87473848571167,0
-66.37794199011657,0
-69.68291704560346,0
-63.14813495941998,0
-66.96620380745082,0
-59.292331132723845,0
-60.98518382046751,0
-62.311660481890485,0
-68.03531965160676,0
-63.566414730174905,0
-70.51577536608656,0
-70.12450493035203,0
-63.39250414477631,0
-68.00034493585537,0
-52.67078566260932,0
-64.30465673279083,0
-60.71424843384278,0
-72.39171405353994,0
-74.34696922799941,0
-59.292331132723845,0
-70.8299733426308,0
-32.691999592850244,0
-69.84992821795348,0
-33.78516164794783,0
-70.51577536608656,0
-60.91277997706888,0
-64.9667389959776,0
-69.19052978591517,0
-69.17284694595637,0
-67.94209438662497,0
-72.12572205725166,0
-64.83142437420281,0
-70.10835252474178,0
-67.04965790195628,0
-64.40125709879507,0
-66.91740028834722,0
-45.28884514859748,0
-61.246470061673236,0
-64.97385470937938,0
-67.94033121935496,0
-61.866270192538444,0
-66.81831320607928,0
-59.46648911596025,0
-71.00847822021463,0
-54.61927440574572,0
-64.85195451778391,0
-46.52919602374574,0
-71.06646847336853,0
-64.52479794301077,0
-61.35343515527642,0
-69.61578385995539,0
-70.44775154707754,0
-59.292331132723845,0
-66.88970461380352,0
-74.37531718363545,0
-58.34273643126752,0
-50.56018839038524,0
-72.39171405353994,0
-67.95288631104174,0
-70.03890290084871,0
-69.50472776245938,0
-71.62715669337285,0
-71.00343437672767,0
-69.79655070003865,0
-68.95290120138242,0
-68.96351959617814,0
-70.12970312269391,0
-70.14001913938853,0
-54.39623854528823,0
-65.20334281779785,0
-66.09793867987949,0
-55.76428055559593,0
-64.24380448865521,0
-69.09320531979652,0
-63.51115559371948,0
-28.34899415855698,0
-67.4389517270689,0
-67.96209811143785,0
-71.84178886635698,0
-70.13626478753937,0
-64.8911462937089,0
-58.551547493820216,0
-63.93049752684391,0
-66.00374697108438,0
-70.45050488521429,0
-68.74130801363671,0
-65.94037385124969,0
-72.39171405353994,0
-72.4184974949491,0
-58.941252613041634,0
-66.81840897595639,0
-67.43900503803968,0
-67.76245567118924,0
-63.23352536309814,0
-59.292331132723845,0
-65.36533483366175,0
-72.39171405353994,0
-65.2396274138247,0
-68.18044939744937,0
-63.40072149980862,0
-59.292331132723845,0
-63.79598328729713,0
-72.01956436184261,0
-71.4372254475493,0
-62.75630832638046,0
-66.58360269330727,0
-66.19021895057377,0
-68.95403465517741,0
-67.71671321826715,0
-62.97964654477207,0
-72.39171405353994,0
-70.14800512656836,0
-61.68975515156865,0
-68.790513385798,0
-60.25063866535232,0
-68.59691350875482,0
-45.75049873895657,0
-66.63376962978765,0
-73.98023820585824,0
-72.39171405353994,0
-68.89398168646576,0
-52.21253724581861,0
-43.63139102104286,0
-67.968679174991,0
-66.74147230109186,0
-68.00491298863341,0
-71.88168672861764,0
-71.3364871852471,0
-70.15768027177268,0
-67.96869954065623,0
-60.33750160387016,0
-54.61927440574572,0
-48.552333085613725,0
-69.46040961432232,0
-70.10441999416756,0
-66.0031714711742,0
-70.74464943653265,0
-57.44046336752949,0
-68.23831511248522,0
-72.39171405353994,0
-66.55928910664319,0
-67.53878599382435,0
-50.92550944976131,0
-62.97847756915937,0
-67.46583556377587,0
-67.30951398932991,0
-70.1408459473839,0
-73.17264444024352,0
-70.15748403979623,0
-67.51619581574994,0
-69.48122204133958,0
-64.23077771614247,0
-62.89645710523486,0
-63.80588573859259,0
-73.98023820585824,0
-74.35549679535796,0
-65.95861106166355,0
-64.41256717145923,0
-64.58786094162986,0
-62.89645710523486,0
-52.36987594268078,0
-67.07933766715003,0
-52.15836235402085,0
-72.47909589406197,0
-69.46655789758296,0
-67.48904117609456,0
-63.13847676621469,0
-70.16758020111365,0
-40.39407999521055,0
-67.86893893283465,0
-35.03191009273998,0
-53.447223640714434,0
-67.62878907500603,0
-59.531686100224995,0
-59.292331132723845,0
-66.84258414968868,0
-59.531686100224995,0
-62.43274250803451,0
-72.5676107851648,0
-72.47909589406197,0
-69.86342046431372,0
-65.00500883765571,0
-54.80176412989542,0
-65.95980243331887,0
-68.62424108944668,0
-68.23317746573528,0
-69.56963102543224,0
-66.404804218577,0
-54.89968863023315,0
-66.96721397217456,0
-64.81316317496706,0
-66.65879571852132,0
-70.1858822049881,0
-70.15935371298539,0
-72.96788795528389,0
-68.88519677555799,0
-66.80136812473384,0
-69.48586852153603,0
-49.723150230448574,0
-39.850109155249555,0
-67.86199584819568,0
-67.99656569737022,0
-57.97399654652561,0
-62.97964654477207,0
-71.4653714266737,0
-20.583123380648217,0
-61.64293120147364,0
-68.25852112973311,0
-69.19052978591517,0
-62.30835092253949,0
-41.78200484292442,0
-69.19052978591517,0
-65.06443117512812,0
-49.883345345807115,0
-69.84701422971824,0
-61.866270192538444,0
-66.38698625644325,0
-65.95458756316279,0
-72.39171405353994,0
-59.292331132723845,0
-66.2705551321552,0
-54.44489932038098,0
-57.53340292524386,0
-71.88718036014293,0
-64.8246100059026,0
-70.14654534063621,0
-70.13771288625881,0
-70.89672268261252,0
-72.39171405353994,0
-66.0157920898096,0
-64.34418117983327,0
-72.03144176970056,0
-71.01904339559006,0
-68.52379526198189,0
-65.65685022736052,0
-68.27723519852226,0
-66.8357462003681,0
-70.12944723912472,0
-69.16378533221315,0
-71.87648853627579,0
-24.75529748722827,0
-65.1964742040076,0
-67.31342048305969,0
-71.00795709083695,0
-70.8299733426308,0
-72.39171405353994,0
-66.42744142907483,0
-71.06646847336853,0
-70.1743446012022,0
-72.39171405353994,0
-66.86762696670661,0
-69.2304183596525,0
-59.292331132723845,0
-68.89057079766619,0
-68.70054206313148,0
-72.39171405353994,0
-65.95622836445771,0
-53.58330696564336,0
-65.98048937433931,0
-68.94703712350415,0
-70.12413648580232,0
-67.6054762837987,0
-69.65064260858075,0
-66.28958358790725,0
-72.39171405353994,0
-72.39171405353994,0
-44.88520784424253,0
-72.5676107851648,0
-66.74716224522516,0
-65.35259959157993,0
-67.99136750502834,0
-61.88797629937181,0
-69.68329196213034,0
-72.39171405353994,0
-57.068788605889445,0
-32.691999592850244,0
-64.81316317496706,0
-38.57822768625676,0
-65.36394028444344,0
-68.34307440468052,0
-60.98409313819121,0
-67.30625538056883,0
-60.11328820472935,0
-72.39171405353994,0
-67.35123779729884,0
-61.294880181692776,0
-68.44803877301322,0
-66.43435355858566,0
-61.866270192538444,0
-63.98430336962943,0
-65.07551729687202,0
-62.34010468646379,0
-70.56395491957716,0
-72.39171405353994,0
-70.19264660507665,0
-67.08650627608729,0
-70.60315720660859,0
-64.43228845481443,0
-72.39171405353994,0
-59.292331132723845,0
-69.87194803167228,0
-64.42431644983314,0
-54.922677103865674,0
-70.8299733426308,0
-72.39171405353994,0
-61.866270192538444,0
-68.06623688748687,0
-67.97387736733288,0
-43.08366175267659,0
-68.36983751252052,0
-67.66168160311007,0
-70.51577536608656,0
-67.97387736733288,0
-49.754113952043475,0
-70.8299733426308,0
-72.39171405353994,0
-70.54255880749571,0
-70.09307140775053,0
-69.15235992103875,0
-60.02330362732592,0
-67.94885878671352,0
-72.39171405353994,0
-66.47384919496109,0
-63.968372933173946,0
-66.56183596692951,0
-59.915410178658924,0
-67.63723704822776,0
-72.39171405353994,0
-62.88733817111714,0
-70.51577536608656,0
-67.53995960666067,0
-74.38051537597732,0
-68.98184452076416,0
-63.59225115218426,0
-67.91588666447262,0
-72.5676107851648,0
-66.71038589740685,0
-72.39171405353994,0
-68.31839319414156,0
-63.8706904298951,0
-67.8808163406926,0
-61.20694764713322,0
-26.109894471032895,0
-70.51577536608656,0
-63.37863554482322,0
-67.69068161555055,0
-66.67946799017736,0
-34.47317941027997,0
-67.79107568655614,0
-67.87711760808176,0
-72.39171405353994,0
-59.292331132723845,0
-66.66081224638071,0
-70.8299733426308,0
-67.08368830752727,0
-70.16914640886031,0
-68.29071899124727,0
-59.18783595385178,0
-59.292331132723845,0
-66.39917620880115,0
-67.92776407233058,0
-61.655584864982934,0
-62.78596469638251,0
-65.1614066655967,0
-61.88797629937181,0
-59.292331132723845,0
-50.17092247753614,0
-68.7586037001499,0
-59.48037874988918,0
-72.39171405353994,0
-72.07755506470286,0
-65.49705065701603,0
-72.01956436184261,0
-72.07755506470286,0
-70.19926226734839,0
-61.89924231477931,0
-66.34283911691959,0
-61.264479079903126,0
-74.34696922799941,0
-66.94579713354699,0
-70.15104695595517,0
-68.76676799617502,0
-66.38861353949584,0
-70.17789621780827,0
-72.39171405353994,0
-72.39171405353994,0
-72.47909589406197,0
-66.68933011670312,0
-70.14105170911094,0
-65.96702225186515,0
-70.11963487048337,0
-70.10516145739086,0
-45.08756859061182,0
-69.33645166241064,0
-70.14920359679454,0
-62.34010468646379,0
-65.23302330968122,0
-65.98460988980173,0
-70.13771288625881,0
-63.21462002276114,0
-65.43031669311544,0
-67.35114032775029,0
-72.39171405353994,0
-66.69347085947295,0
-42.22597539360074,0
-64.0680012742508,0
-62.491851445457065,0
-72.39171405353994,0
-66.25710084189805,0
-67.53878599382435,0
-65.61248507548079,0
-52.7213138796491,0
-70.42607553742829,0
-74.28419574057594,0
-70.8299733426308,0
-70.15231208447153,0
-63.81692453116615,0
-69.87628362330872,0
-70.12445725565269,0
-63.6174722669697,0
-61.878147600396396,0
-59.292331132723845,0
-65.32055123103478,0
-67.94209438662497,0
-63.312020863170794,0
-59.292331132723845,0
-63.37067252731873,0
-68.61889640848689,0
-69.63141548150462,0
-72.39171405353994,0
-68.13577479719928,0
-71.87159056730025,0
-69.4698418524525,0
-69.59365380810748,0
-67.21105001494777,0
-66.00048836232327,0
-53.817637623864975,0
-66.03315027241986,0
-68.15929791412717,0
-64.40468376743974,0
-70.15292911696889,0
-69.2906217218966,0
-66.95066719341565,0
-64.81316317496706,0
-65.40894935875127,0
-70.51577536608656,0
-72.47909589406197,0
-68.72739171869509,0
-68.86772963323247,0
-72.04400891672492,0
-72.47909589406197,0
-72.39171405353994,0
-73.98023820585824,0
-65.85294232353407,0
-60.80833352874728,0
-57.10773598284664,0
-70.25257747927719,0
-72.39171405353994,0
-72.39171405353994,0
-72.4184974949491,0
-70.8299733426308,0
-68.13577479719928,0
-72.39171405353994,0
-68.12751493341923,0
-72.05253648408348,0
-62.691548349665645,0
-68.29028189416215,0
-72.39171405353994,0
-67.94209438662497,0
-59.292331132723845,0
-70.8299733426308,0
-69.9638988269681,0
-68.0939250397248,0
-70.16238200877177,0
-63.410792001700194,0
-72.39171405353994,0
-53.447223640714434,0
-61.32906373249646,0
-66.87473848571167,0
-66.30025513728653,0
-72.39171405353994,0
-62.126583486780916,0
-67.81453930665049,0
-72.39171405353994,0
-65.07999134802635,0
-68.49160015772972,0
-68.76863559432857,0
-73.98023820585824,0
-72.39171405353994,0
-62.527840964569755,0
-68.28188989249044,0
-66.7131243454558,0
-72.39171405353994,0
-62.97376838806983,0
-42.37624784751303,0
-70.15292911696889,0
-67.00601972966926,0
-72.39171405353994,0
-72.39171405353994,0
-68.22491760195527,0
-42.616159707557024,0
-72.39171405353994,0
-68.90244820552414,0
-70.1757391504205,0
-62.84985649251338,0
-65.31405293889395,0
-41.18788613936727,0
-65.36863032884644,0
-71.97261663020461,0
-74.34696922799941,0
-67.92776407233058,0
-69.22254670256291,0
-71.97224171367773,0
-68.77497625604994,0
-70.51577536608656,0
-72.39171405353994,0
-64.56786195364589,0
-65.34252480021014,0
-48.45879507576622,0
-65.30439066291841,0
-64.39822880300869,0
-70.51577536608656,0
-72.39171405353994,0
-59.292331132723845,0
-64.63011530147782,0
-61.63317601014905,0
-72.39171405353994,0
-69.7031826845518,0
-68.74505285107927,0
-38.292789509645324,0
-64.81316317496706,0
-59.292331132723845,0
-68.01489062195623,0
-49.98786322376673,0
-56.132763457340346,0
-72.96268976294203,0
-72.39171405353994,0
-67.59390316499912,0
-68.73092441624203,0
-44.719891598109236,0
-64.55073934906335,0
-72.39171405353994,0
-59.292331132723845,0
-61.29094249271387,0
-66.59102137519127,0
-73.98023820585824,0
-72.47909589406197,0
-60.36252018448953,0
-70.17581228068786,0
-72.3107752804701,0
-70.15751027681341,0
-62.90255444580028,0
-66.79616993239198,0
-43.012360697894586,0
-39.56326772077231,0
-66.06326184974674,0
-64.17088459673003,0
-67.88865542446939,0
-30.73690654508049,0
-72.39171405353994,0
-71.06646847336853,0
-63.290522794053246,0
-39.98289944755817,0
-69.43357322410421,0
-70.69167209771145,0
-72.39171405353994,0
-64.81316317496706,0
-65.62681538977516,0
-71.00587007425565,0
-68.19872280065918,0
-66.4058067489402,0
-70.19926226734839,0
-67.94033121935496,0
-53.447223640714434,0
-71.33634076321948,0
-59.143354394240774,0
-70.8299733426308,0
-72.5676107851648,0
-71.82622698262117,0
-70.12087856187003,0
-68.90575776487512,0
-63.13847676621469,0
-59.292331132723845,0
-42.97154888558708,0
-60.83856656925329,0
-67.75872406157146,0
-58.165458252185125,0
-60.25758174999131,0
-68.63118417408566,0
-72.5676107851648,0
-68.90569454882757,0
-70.39636020039458,0
-66.621871006304,0
-59.292331132723845,0
-72.86257460425878,0
-38.00975573624061,0
-65.42911540585476,0
-62.124328534091006,0
-58.488885850650185,0
-59.25225125272853,0
-55.040869415143455,0
-72.39171405353994,0
-72.39171405353994,0
-72.5676107851648,0
-72.39171405353994,0
-72.39171405353994,0
-70.51577536608656,0
-70.8299733426308,0
-66.75737881793684,0
-55.89193214090105,0
-73.12698323529831,0
-48.421719793581225,0
-70.8299733426308,0
-73.98023820585824,0
-67.9003442491478,0
-72.39171405353994,0
-56.17991550324007,0
-67.94209438662497,0
-62.34010468646379,0
-67.95035425040498,0
-62.464896074083484,0
-70.14773092462701,0
-67.88412590004359,0
-66.32876772354207,0
-74.350995180039,0
-72.5676107851648,0
-72.39171405353994,0
-63.55637673382104,0
-70.10441999416756,0
-68.91787854947323,0
-67.94209438662497,0
-67.53878599382435,0
-68.92905201024578,0
-72.39171405353994,0
-66.60543653732572,0
-64.70539246901254,0
-17.06300166184827,0
-61.83119986875841,0
-69.63411495914357,0
-72.39171405353994,0
-67.8808163406926,0
-64.18764393617752,0
-66.39355442455535,0
-54.46531149839301,0
-67.76846104777306,0
-71.84505501367428,0
-63.327370052278354,0
-66.64173205893549,0
-68.95403465517741,0
-56.3799767695225,0
-69.64405261630992,0
-71.06646847336853,0
-64.31961556236959,0
-61.038870037647584,0
-54.92440627775038,0
-65.3419077677128,0
-72.39171405353994,0
-61.81932246090046,0
-49.04803179562274,0
-59.19209634384592,0
-64.31961556236959,0
-59.292331132723845,0
-72.39171405353994,0
-70.15231208447153,0
-63.44668265794212,0
-64.62748667271262,0
-54.97575130577666,0
-69.04141649569944,0
-65.50161774789746,0
-61.19625903598283,0
-70.22766043254023,0
-62.64293956833236,0
-54.579698865729895,0
-72.39171405353994,0
-65.48115863003822,0
-64.64291232845692,0
-59.292331132723845,0
-64.81316317496706,0
-47.45058003977967,0
-71.81259022113944,0
-68.00688171406483,0
-67.09807118874552,0
-64.59111955039094,0
-70.89057174174367,0
-74.79056128798969,0
-65.91650657777798,0
-44.799310637122296,0
-70.06471435245479,0
-55.247320726853204,0
-59.292331132723845,0
-66.73091568983259,0
-67.06398821625065,0
-70.21485206019105,0
-61.24755579499901,0
-68.73322094920937,0
-68.34307440468052,0
-71.88643034486526,0
-50.32470096044264,0
-72.39171405353994,0
-64.81316317496706,0
-72.39171405353994,0
-72.39171405353994,0
-72.39171405353994,0
-58.941252613041634,0
-68.79997912914197,0
-67.72509033782805,0
-60.49118496767115,0
-66.90367178707834,0
-59.292331132723845,0
-65.11382637101444,0
-67.2366632658322,0
-68.28984247991858,0
-68.73998534929791,0
-67.94033121935496,0
-69.14026221528526,0
-71.62566122968138,0
-64.30566488603245,0
-72.39171405353994,0
-61.13214137185295,0
-64.41983068930853,0
-42.228728904987385,0
-70.4800931175052,0
-67.72927604785623,0
-69.56439731033805,0
-56.44065460897085,0
-65.29364076088193,0
-72.39171405353994,0
-49.98346050449037,0
-70.60315720660859,0
-72.39171405353994,0
-68.94579517467086,0
-72.39171405353994,0
-67.77602433453018,0
-72.39171405353994,0
-42.36406884834729,0
-70.8299733426308,0
-54.44489932038098,0
-58.37323069601841,0
-61.890714747420766,0
-64.40638061368094,0
-59.51429656803129,0
-69.85889163757619,0
-67.95035425040498,0
-70.8299733426308,0
-59.292331132723845,0
-72.16814394285822,0
-72.39171405353994,0
-72.39171405353994,0
-70.07750952401472,0
-72.39171405353994,0
-65.6335797898637,0
-72.39171405353994,0
-66.01451978293983,0
-68.8786942500049,0
-48.45397023705804,0
-63.12113379589723,0
-34.86247630791733,0
-72.39171405353994,0
-60.17721180086249,0
-67.97387736733288,0
-59.535123427562915,0
-67.88412590004359,0
-54.66913794732173,0
-72.39171405353994,0
-59.292331132723845,0
-70.18466061789681,0
-71.50335766395911,0
-62.86112250792088,0
-69.74211710162629,0
-69.63411495914357,0
-64.84597662161171,0
-70.20413731561237,0
-56.950177832002495,0
-68.25854903883996,0
-61.83450942810939,0
-64.59111955039094,0
-72.39171405353994,0
-57.57689462389393,0
-61.89474069946035,0
-66.96721397217456,0
-42.81548002228013,0
-65.43688486122754,0
-67.27349047221006,0
-70.15748403979623,0
-46.10289553727302,0
-64.02162752800261,0
-73.98023820585824,0
-70.13771288625881,0
-44.08658344964886,0
-71.853137452774,0
-53.03022842705935,0
-70.8299733426308,0
-60.26945915784926,0
-65.9997928289802,0
-71.31308621773447,0
-62.7394611528647,0
-62.825461540664364,0
-70.8299733426308,0
-57.97889451550115,0
-66.80101699022383,0
-66.2705551321552,0
-69.89980674023661,0
-38.57822768625676,0
-62.43274250803451,0
-74.350995180039,0
-66.06361862907863,0
-70.15091587168413,0
-67.43087984622517,0
-72.5676107851648,0
-65.38546465323522,0
-67.03155452275469,0
-37.91443851877633,0
-70.1757391504205,0
-63.58449848720939,0
-68.59691350875482,0
-54.62986847821267,0
-67.18973534892446,0
-72.39171405353994,0
-68.31198800099551,0
-72.39171405353994,0
-42.68254032289615,0
-70.1691709823084,0
-69.70494585182182,0
-61.840368507153634,0
-67.94209438662497,0
-71.00587007425565,0
-72.5676107851648,0
-74.29079181779488,0
-69.09143162838603,0
-73.98023820585824,0
-59.292331132723845,0
-70.11414123895807,0
-62.82592511164157,0
-73.28138065590659,0
-70.98738350583169,0
-72.39171405353994,0
-71.57309751342899,0
-67.94209438662497,0
-64.81316317496706,0
-71.06646847336853,0
-62.80147890541899,0
-66.69188432570537,0
-60.018802012006965,0
-66.69569002505293,0
-67.99258226227025,0
-60.03160275513113,0
-70.1858822049881,0
-69.33045793452953,0
-69.63973873578992,0
-70.17983823272746,0
-67.83087970404294,0
-70.19132894326319,0
-61.89553958612894,0
-53.447223640714434,0
-70.14105170911094,0
-74.34696922799941,0
-64.33514585772735,0
-64.29109334641325,0
-72.39171405353994,0
-39.81185119048719,0
-70.51577536608656,0
-61.81237937626147,0
-72.39171405353994,0
-43.500173029228286,0
-61.41919558780822,0
-67.68862472755252,0
-72.5676107851648,0
-61.85460083627104,0
-67.94209438662497,0
-67.62878907500603,0
-64.62501626133464,0
-72.39171405353994,0
-54.952959730905654,0
-47.469650975159176,0
-65.30080840589697,0
-59.86958919683103,0
-70.19132894326319,0
-32.967661206825454,0
-66.99179094577909,0
-45.49712416080058,0
-72.39171405353994,0
-72.47909589406197,0
-71.09194926783053,0
-72.39171405353994,0
-64.96594248307628,0
-43.01892886600668,0
-25.336672002787807,0
-61.892477914690765,0
-60.823559286069866,0
-66.03935761919702,0
-48.58361408681451,0
-65.15570986959365,0
-64.75690809605689,0
-72.5676107851648,0
-40.86719866038741,0
-65.99311183726272,0
-67.86893893283465,0
-72.39171405353994,0
-72.39171405353994,0
-68.2552115703821,0
-66.31584102856682,0
-72.10429951840486,0
-58.43087327444071,0
-67.1059058333108,0
-72.39171405353994,0
-25.336672002787807,0
-42.014425820286185,0
-37.975078476513055,0
-69.83654811275693,0
-72.10429951840486,0
-70.8299733426308,0
-67.86856401630777,0
-66.01659097647817,0
-63.13847676621469,0
-65.4164787939972,0
-60.33379887521979,0
-51.56664149440009,0
-65.77205182398724,0
-68.75453564385714,0
-72.39171405353994,0
-70.15091587168413,0
-72.84985286824273,0
-65.81407276692292,0
-61.83903895253521,0
-62.84002779353797,0
-56.1942464546415,0
-51.75692098282057,0
-57.681760884801044,0
-72.39171405353994,0
-72.4184974949491,0
-70.14800512656836,0
-67.94885878671352,0
-68.23639107788517,0
-72.39171405353994,0
-67.87755773193149,0
-57.921315228532144,0
-62.15378730948148,0
-65.43194461778646,0
-34.427737219325685,0
-73.96082679652152,0
-62.718186587702895,0
-72.39171405353994,0
-68.62409460082874,0
-71.89998873249212,0
-59.292331132723845,0
-66.77757766899914,0
-65.12698856032391,0
-59.292331132723845,0
-38.90589472538839,0
-70.8299733426308,0
-54.11753525670916,0
-70.17123112084334,0
-65.42393570989506,0
-66.11557391449585,0
-70.84317911665174,0
-61.890714747420766,0
-68.73968466377812,0
-65.95556081845864,0
-68.63657057446254,0
-72.39171405353994,0
-69.66450767115919,0
-69.04141649569944,0
-68.25195296162101,0
-67.37905189904232,0
-67.94885878671352,0
-57.97399654652561,0
-62.9049340263134,0
-73.98023820585824,0
-64.45791377412223,0
-70.14920359679454,0
-61.145250099056014,0
-63.61489119922501,0
-59.292331132723845,0
-72.03144176970056,0
-66.93920105632802,0
-68.87531892112392,0
-66.09793867987949,0
-73.98023820585824,0
-70.60315720660859,0
-69.64922212039579,0
-72.39171405353994,0
-70.8299733426308,0
-69.80624279379731,0
-70.51577536608656,0
-71.00587007425565,0
-34.8859539243446,0
-66.83146261186076,0
-72.39171405353994,0
-72.39171405353994,0
-70.51577536608656,0
-52.07278684263022,0
-70.18466061789681,0
-66.30982253330947,0
-64.51593020553285,0
-59.292331132723845,0
-44.423055686270075,0
-69.55142044890268,0
-58.381268146011045,0
-69.04362636485733,0
-67.63414994496708,0
-62.34010468646379,0
-72.39171405353994,0
-72.39171405353994,0
-70.15104695595517,0
-70.14920359679454,0
-59.292331132723845,0
-68.49966408219466,0
-74.33440208097502,0
-63.566414730174905,0
-72.5676107851648,0
-69.19052978591517,0
-29.186871891173634,0
-64.45405137890045,0
-49.723150230448574,0
-51.683941924191416,0
-67.94209438662497,0
-71.82622698262117,0
-68.75269293206156,0
-72.39171405353994,0
-72.39171405353994,0
-68.86603826286458,0
-65.85553326213822,0
-73.98023820585824,0
-72.39171405353994,0
-60.964089106084586,0
-66.42664254240626,0
-59.292331132723845,0
-70.51842205004634,0
-72.39171405353994,0
-71.82622698262117,0
-66.11613554208087,0
-56.98288161006096,0
-45.10252054791201,0
-62.78120265404202,0
-68.7117878176984,0
-67.97387736733288,0
-38.016432750247,0
-42.06140000825675,0
-63.384432306244236,0
-58.12575007698382,0
-68.75549955833438,0
-68.790513385798,0
-70.11963487048337,0
-70.0361016702601,0
-70.19132894326319,0
-67.94435717139456,0
-72.03144176970056,0
-70.8299733426308,0
-63.99921790457074,0
-61.228080742229736,0
-68.78006667854285,0
-59.10210034420299,0
-72.4184974949491,0
-69.59265190572053,0
-71.84505501367428,0
-64.78221691487751,0
-64.54637868035094,0
-70.04256964594582,0
-71.44172706286825,0
-73.98023820585824,0
-68.94526448555388,0
-72.39171405353994,0
-59.39715782474174,0
-70.51061616145184,0
-65.93320123299817,0
-66.75100709799423,0
-59.292331132723845,0
-62.34010468646379,0
-64.81316317496706,0
-64.23250943224213,0
-64.28040152254611,0
-70.8299733426308,0
-43.55614121684903,0
-70.8299733426308,0
-64.71515054007891,0
-61.70855979975601,0
-71.98123542930148,0
-72.39171405353994,0
-48.61858042011847,0
-66.66735667106292,0
-69.65716121432541,0
-69.1911718705424,0
-72.39171405353994,0
-58.698272317639585,0
-73.98023820585824,0
-62.84002779353797,0
-73.59377247228073,0
-68.05398456310203,0
-70.51577536608656,0
-72.39171405353994,0
-66.94576922444011,0
-59.292331132723845,0
-35.03191009273998,0
-58.37469997789895,0
-68.62404145743965,0
-72.44658598566372,0
-66.48540035452389,0
-71.88643034486526,0
-59.21891711188229,0
-65.6566306264178,0
-73.98023820585824,0
-58.818140473025544,0
-72.04577208399493,0
-49.61903018708375,0
-69.9638988269681,0
-20.583123380648217,0
-70.12450493035203,0
-65.56294886413546,0
-69.63411495914357,0
-23.05176517481353,0
-70.1858822049881,0
-72.47909589406197,0
-72.39171405353994,0
-69.50472776245938,0
-66.59419680340974,0
-72.39171405353994,0
-72.5676107851648,0
-63.13847676621469,0
-66.11339709403192,0
-67.94885878671352,0
-68.02919215305486,0
-64.63651579211725,0
-66.95802415243749,0
-63.773910354990875,0
-72.39171405353994,0
-62.274382755988675,0
-64.45485026556902,0
-70.51577536608656,0
-41.270247462566154,0
-70.28867272526495,0
-66.78592104745928,0
-69.95160964988426,0
-50.40169820798249,0
-66.05188166085962,0
-52.07052405786064,0
-74.2755769414791,0
-63.62745174074233,0
-65.98789886429829,0
-69.05847198118805,0
-72.39171405353994,0
-67.72469920544701,0
-63.93443135081916,0
-72.39171405353994,0
-49.268459405719646,0
-69.1299313868023,0
-59.292331132723845,0
-53.13186907411124,0
-45.93454668241781,0
-64.24077898961852,0
-58.941252613041634,0
-72.86257460425878,0
-71.06646847336853,0
-68.49966408219466,0
-49.69005441511738,0
-41.10308861567765,0
-48.7835912812756,0
-63.713796856683956,0
-59.49567661381355,0
-59.27240520094353,0
-44.900818245985256,0
-70.10404507764068,0
-37.50600311686688,0
-70.14283295565147,0
-66.40479668002081,0
-66.47705859582155,0
-64.2681085774631,0
-61.89924231477931,0
-64.87926888585095,0
-67.87755773193149,0
-44.04975840229167,0
-60.98518382046751,0
-72.05253648408348,0
-66.73581365880813,0
-72.39171405353994,0
-68.96351959617814,0
-63.25025098620197,0
-62.86112250792088,0
-68.82832708477804,0
-62.906601820844855,0
-71.00397660489567,0
-70.63990906339006,0
-62.01417651214732,0
-69.09105671185915,0
-68.32325401640301,0
-63.13847676621469,0
-59.292331132723845,0
-71.5984095890422,0
-69.84057678195953,0
-67.87755773193149,0
-62.371046910329234,0
-69.10125214824596,0
-67.92776407233058,0
-65.77696267449787,0
-72.05253648408348,0
-66.25271275959206,0
-21.68082339367995,0
-70.51577536608656,0
-67.2674932825323,0
-63.312020863170794,0
-68.8973191549236,0
-70.07750952401472,0
-17.06300166184827,0
-51.471768495816,0
-71.00847822021463,0
-66.42741961466444,0
-59.292331132723845,0
-72.39171405353994,0
-73.98023820585824,0
-72.84582691620314,0
-74.29076390868804,0
-70.17757544795788,0
-70.8299733426308,0
-72.47909589406197,0
-72.39171405353994,0
-70.60315720660859,0
-64.56748703711901,0
-61.88797629937181,0
-66.39817203548434,0
-70.20416023632393,0
-72.5676107851648,0
-61.31920218528924,0
-61.04379258007121,0
-71.68807527877233,0
-70.15748403979623,0
-64.34294149826563,0
-69.02703401103146,0
-63.566414730174905,0
-67.94515605806313,0
-69.68032640610878,0
-74.57000336800736,0
-68.72164375798269,0
-69.83348644131877,0
-65.73798810802975,0
-66.84193209288425,0
-62.83829986547812,0
-64.4080460723317,0
-65.31920681419993,0
-70.11963487048337,0
-72.39171405353994,0
-66.13910368681499,0
-66.53932925968552,0
-55.832348181957784,0
-70.19926226734839,0
-68.46644384871013,0
-69.79655070003865,0
-72.47909589406197,0
-64.92193467855148,0
-71.02965075102891,0
-64.37992679913422,0
-67.88412590004359,0
-64.81316317496706,0
-60.1653906892575,0
-66.71038589740685,0
-72.39171405353994,0
-72.36233382561673,0
-72.39171405353994,0
-66.75537806012592,0
-67.86199584819568,0
-69.79165326126653,0
-72.39171405353994,0
-57.46735766328463,0
-70.2551101190852,0
-60.25063866535232,0
-69.63411495914357,0
-68.78705417170173,0
-67.12570543686351,0
-66.71211986412106,0
-62.97964654477207,0
-72.39171405353994,0
-67.99056861835976,0
-61.92426089539868,0
-67.78545345806073,0
-59.292331132723845,0
-72.39171405353994,0
-70.56860800860804,0
-57.94473743016304,0
-72.39171405353994,0
-72.39171405353994,0
-67.20625898751787,0
-62.43138033899375,0
-66.07400831364725,0
-64.29133457173808,0
-67.81785587796024,0
-64.29566963918822,0
-66.70830709809357,0
-67.87573151643358,0
-64.61128123798483,0
-51.75692098282057,0
-70.1743446012022,0
-60.436307102838576,0
-70.8299733426308,0
-67.01204446805173,0
-65.12618967365533,0
-70.16238200877177,0
-69.32883103083452,0
-67.70041050406554,0
-70.13626478753937,0
-59.292331132723845,0
-68.8741206287166,0
-72.05403194777497,0
-69.42972632936286,0
-68.84546327747663,0
-49.723150230448574,0
-70.41050100276858,0
-71.82622698262117,0
-61.629918086216755,0
-54.97575130577666,0
-69.02695697738301,0
-67.0816937607035,0
-66.05590761289922,0
-68.86772963323247,0
-53.447223640714434,0
-64.83667251218372,0
-72.39171405353994,0
-67.2426594071412,0
-70.51577536608656,0
-60.62960929663221,0
-70.8299733426308,0
-70.8299733426308,0
-65.96987830443156,0
-70.18583531173789,0
-57.70293362694392,0
-65.04740229876148,0
-72.39171405353994,0
-73.98023820585824,0
-53.29597047244131,0
-72.39171405353994,0
-59.292331132723845,0
-46.06978503356474,0
-65.41533742383861,0
-67.08238271638291,0
-38.47155124518877,0
-69.63411495914357,0
-60.13323217908807,0
-58.87679123596267,0
-72.47909589406197,0
-72.39171405353994,0
-59.2439444956983,0
-60.74644269882511,0
-67.15073994008347,0
-67.94435717139456,0
-64.37169005570155,0
-41.19482922400625,0
-49.60638942088719,0
-65.18163671096447,0
-72.39171405353994,0
-58.941252613041634,0
-32.9716903464898,0
-69.50472776245938,0
-59.292331132723845,0
-59.292331132723845,0
-59.292331132723845,0
-65.56553734384282,0
-66.48360101701513,0
-61.890714747420766,0
-55.023465037493466,0
-68.8741206287166,0
-70.12970312269391,0
-68.86772963323247,0
-70.09647511688382,0
-61.88797629937181,0
-71.24047884057865,0
-62.97847756915937,0
-68.73322094920937,0
-61.88797629937181,0
-60.920450933797596,0
-70.18583531173789,0
-70.59545233657659,0
-68.73998534929791,0
-65.847530311456,0
-71.84505501367428,0
-59.292331132723845,0
-72.39171405353994,0
-72.39171405353994,0
-70.11963487048337,0
-70.16238200877177,0
-72.39171405353994,0
-70.69167209771145,0
-67.31282354868092,0
-67.69591440037695,0
-72.39171405353994,0
-55.52881379543597,0
-66.34557756496854,0
-56.45279103594071,0
-58.664957306428114,0
-68.62424108944668,0
-71.84505501367428,0
-72.39171405353994,0
-64.61839275698988,0
-63.6773463320046,0
-70.1858822049881,0
-71.84178886635698,0
-67.62878907500603,0
-69.64405261630992,0
-70.9799112597998,0
-69.16378533221315,0
-65.68017182140107,0
-67.03750486223285,0
-71.86501486063196,0
-70.20413731561237,0
-50.96393340296481,0
-68.2575479401551,0
-58.67687868490907,0
-61.386930607540094,0
-68.8985191354246,0
-70.32005921994391,0
-72.39171405353994,0
-68.64306158194361,0
-71.89168197546189,0
-64.51238699324374,0
-67.94033121935496,0
-69.50472776245938,0
-68.52379526198189,0
-56.84771913146951,0
-70.18063711939604,0
-68.55644051280807,0
-65.8240358451388,0
-67.05566705372036,0
-63.467451665054554,0
-65.39373299885362,0
-59.292331132723845,0
-61.66654980116014,0
-59.292331132723845,0
-68.63599466261161,0
-59.292331132723845,0
-46.03136383732283,0
-71.45299120216497,0
-67.91588666447262,0
-67.26816068283163,0
-63.312020863170794,0
-58.70942772876946,0
-70.16424843988477,0
-43.23991013333364,0
-39.36634501684903,0
-71.06016628712263,0
-64.9059808763769,0
-67.03831892284323,0
-65.09312181986161,0
-66.80737133957436,0
-62.85291299632188,0
-69.41297235654878,0
-65.35873286763281,0
-70.47082767292969,0
-66.53485702823787,0
-68.45661514973469,0
-67.106575139057,0
-72.39171405353994,0
-52.872471204312035,0
-64.63806728202894,0
-64.64399313067383,0
-64.2758203627016,0
-72.10429951840486,0
-66.77784500780596,0
-72.39171405353994,0
-63.566414730174905,0
-46.97856932894115,0
-60.602268297329886,0
-63.566414730174905,0
-70.44242950773784,0
-71.06646847336853,0
-57.27183420119662,0
-68.25852112973311,0
-68.71856986506461,0
-55.812380796443904,0
-72.39171405353994,0
-70.13519675421918,0
-68.48090474893257,0
-42.74362999758446,0
-65.41366658645065,0
-74.62354438725006,0
-70.12461656136296,0
-62.82815038568002,0
-47.716399399082405,0
-66.6022632012628,0
-72.85065175491131,0
-63.566414730174905,0
-70.09747690952858,0
-65.18492978252459,0
-67.86893893283465,0
-66.99905733104335,0
-58.463058380108286,0
-65.00998916967323,0
-63.58449848720939,0
-65.22213250129215,0
-55.38462942404805,0
-66.06921737060975,0
-63.840775392146355,0
-71.37662704843642,0
-72.39171405353994,0
-77.76492941959225,0
-70.09154679564422,0
-72.85600643614669,0
-67.35317423857123,0
-63.023121523639645,0
-70.13771288625881,0
-65.44713805697256,0
-56.15719618421714,0
-67.88412590004359,0
-59.41894149423943,0
-68.3606569324912,0
-65.29640467573857,0
-74.28419574057594,0
-66.35560059601858,0
-72.39171405353994,0
-64.81316317496706,0
-69.29142060856518,0
-72.94286937466453,0
-70.56395491957716,0
-65.27520723231821,0
-67.13809730164787,0
-72.39171405353994,0
-67.94885878671352,0
-39.599125612025865,0
-64.84080742926996,0
-66.08473157964622,0
-67.86199584819568,0
-48.562274788901114,0
-62.81124761434316,0
-21.68082339367995,0
-55.133228324730354,0
-55.838909288446615,0
-59.292331132723845,0
-66.37859050844581,0
-41.7557971207721,0
-68.4064088093356,0
-71.80977509031517,0
-63.13847676621469,0
-70.50881675163544,0
-65.8120333691823,0
-20.583123380648217,0
-67.64651968778857,0
-63.511426932012355,0
-33.29420011328285,0
-71.89792105540099,0
-72.5676107851648,0
-62.82815038568002,0
-61.866270192538444,0
-68.54511086083443,0
-69.65116413531499,0
-69.22382228243353,0
-66.97720921901879,0
-61.693700142243536,0
-72.10429951840486,0
-36.89004630332083,0
-72.39171405353994,0
-64.8526969945054,0
-69.64713818327539,0
-43.521750248691276,0
-72.39171405353994,0
-63.02622920223311,0
-64.24783044069481,0
-64.034321659695,0
-60.91277997706888,0
-50.489269134740226,0
-59.292331132723845,0
-68.24567053229715,0
-64.65916199641185,0
-65.85042469460186,0
-72.39171405353994,0
-72.39171405353994,0
-72.47909589406197,0
-72.39171405353994,0
-64.93206139636932,0
-66.27857128297599,0
-70.51577536608656,0
-62.8345319265797,0
-61.293306842624624,0
-70.19269409923629,0
-68.79673100797237,0
-72.39171405353994,0
-67.87755773193149,0
-69.64713818327539,0
-64.31961556236959,0
-72.39171405353994,0
-71.06646847336853,0
-63.61489119922501,0
-67.94885878671352,0
-65.65859837048309,0
-41.81447515919637,0
-66.54658693302368,0
-71.87071240022667,0
-61.28811578160423,0
-70.8299733426308,0
-67.16918370533288,0
-64.65916199641185,0
-72.47909589406197,0
-65.35873286763281,0
-67.86199584819568,0
-72.47909589406197,0
-66.83887496962787,0
-72.77405971315595,0
-70.07750952401472,0
-46.57979471687467,0
-67.87595319265382,0
-55.32145762258348,0
-63.400535754273626,0
-67.97387736733288,0
-71.06646847336853,0
-67.88412590004359,0
-62.88094289619839,0
-72.39171405353994,0
-72.39171405353994,0
-65.6335797898637,0
-62.73606998056997,0
-69.5753709802282,0
-72.47909589406197,0
-72.39171405353994,0
-67.94435717139456,0
-72.39171405353994,0
-45.43354733549427,0
-62.836136372859855,0
-60.11645698829702,0
-64.81316317496706,0
-69.19052978591517,0
-57.40243916044856,0
-72.39171405353994,0
-59.48068902965452,0
-66.00805269276023,0
-71.06646847336853,0
-59.292331132723845,0
-68.14481906352597,0
-61.72839319985675,0
-62.97964654477207,0
-48.06653694455383,0
-72.39171405353994,0
-59.292331132723845,0
-72.5676107851648,0
-72.39171405353994,0
-65.39016639023431,0
-71.35301263120519,0
-59.055318180146735,0
-66.59749718052187,0
-72.39171405353994,0
-45.49712416080058,0
-72.39171405353994,0
-72.39171405353994,0
-67.31342048305969,0
-48.60392933597372,0
-72.39171405353994,0
-69.05197555800237,0
-72.39171405353994,0
-64.81608243854404,0
-65.00999944640701,0
-67.49263695849582,0
-59.292331132723845,0
-36.75787899129229,0
-61.427435612054694,0
-68.25918867573218,0
-71.87648853627579,0
-70.15292911696889,0
-66.60543653732572,0
-69.70429875105825,0
-66.97270760369983,0
-70.89057174174367,0
-68.79877889326823,0
-57.97399654652561,0
-67.46638891282926,0
-59.292331132723845,0
-48.34651079484919,0
-44.423055686270075,0
-70.17789621780827,0
-57.791898390319744,0
-65.9755498192237,0
-70.16292436381312,0
-66.80263767171928,0
-70.60315720660859,0
-72.39171405353994,0
-71.00587007425565,0
-70.13244324283255,0
-74.62812554709458,0
-72.39171405353994,0
-64.6387848202611,0
-72.5676107851648,0
-67.80257606264325,0
-59.0848103631628,0
-73.98023820585824,0
-67.8144534705012,0
-57.29056585339036,0
-54.718914491683094,0
-67.00190141348412,0
-60.33073720378162,0
-64.75043393416959,0
-63.92500389531864,0
-41.92948649383549,0
-69.83348644131877,0
-64.60902601035964,0
-67.90820729516088,0
-62.73457451687849,0
-72.84759008347315,0
-67.95035425040498,0
-66.20857588935814,0
-50.508066207597075,0
-70.16238200877177,0
-72.39171405353994,0
-70.13771288625881,0
-68.66591972163108,0
-65.34888588480045,0
-67.94209438662497,0
-72.01956436184261,0
-66.95029874886595,0
-70.20413731561237,0
-59.489188932980305,0
-67.38371644356523,0
-72.39171405353994,0
-65.42253791981771,0
-72.47909589406197,0
-68.87531892112392,0
-45.43354733549427,0
-73.98023820585824,0
-63.423173244407835,0
-62.76662434307508,0
-70.1757391504205,0
-54.16211615677008,0
-53.24657963971177,0
-67.98654266632016,0
-61.92426089539868,0
-71.98123542930148,0
-72.39171405353994,0
-59.292331132723845,0
-62.32470159786613,0
-46.57803154960466,0
-70.10441999416756,0
-62.716738675291055,0
-70.51577536608656,0
-69.19052978591517,0
-72.39171405353994,0
-59.292331132723845,0
-68.85699399653791,0
-69.25036543846167,0
-69.02019257729447,0
-67.97387736733288,0
-70.8299733426308,0
-59.43163290094174,0
-74.37531718363545,0
-55.040869415143455,0
-66.65796305559489,0
-59.292331132723845,0
-65.32479243746045,0
-70.13585351676906,0
-65.07999134802635,0
-45.81502168155121,0
-74.27520202495222,0
-59.292331132723845,0
-40.56772671440422,0
-68.28473683886314,0
-73.98023820585824,0
-71.89200274531225,0
-58.58374357883359,0
-68.27414103921909,0
-59.292331132723845,0
-68.45561788232848,0
-45.83901363005941,0
-70.11818122371722,0
-62.836136372859855,0
-63.8706904298951,0
-59.292331132723845,0
-72.39171405353994,0
-72.39171405353994,0
-70.8299733426308,0
-64.81316317496706,0
-72.39171405353994,0
-66.43482498646107,0
-67.76453362399448,0
-66.00977616669222,0
-63.823403107139356,0
-69.62237285854269,0
-73.98023820585824,0
-67.94435717139456,0
-68.53093366728095,0
-71.88168672861764,0
-70.8299733426308,0
-64.81316317496706,0
-69.83977961126773,0
-70.76342452491097,0
-68.95349656512812,0
-71.06646847336853,0
-39.98289944755817,0
-58.941252613041634,0
-69.79165326126653,0
-64.92571389929414,0
-70.60315720660859,0
-51.994879422113016,0
-72.39171405353994,0
-65.9432242640482,0
-72.90989725242366,0
-68.60740569795117,0
-43.276534786653755,0
-65.9334307666107,0
-68.31472644904446,0
-68.22718038672485,0
-69.63067961557292,0
-72.39171405353994,0
-72.39171405353994,0
-51.406014255058125,0
-64.81316317496706,0
-72.23938299394979,0
-64.25903792424484,0
-68.15138723163807,0
-53.447223640714434,0
-72.39171405353994,0
-67.8808163406926,0
-64.88352433532592,0
-68.24567053229715,0
-59.292331132723845,0
-63.58449848720939,0
-59.292331132723845,0
-65.99919899074563,0
-68.49753025239511,0
-32.9779824366486,0
-65.22213250129215,0
-66.02009218338684,0
-67.62878907500603,0
-70.78729950287268,0
-63.40741662568004,0
-68.76209893061426,0
-68.71840894413943,0
-68.50675573453735,0
-65.6350752535552,0
-64.81316317496706,0
-59.292331132723845,0
-72.39171405353994,0
-48.478071805900676,0
-52.57351187969347,0
-69.09143162838603,0
-72.39171405353994,0
-66.15888931341084,0
-64.89512460290632,0
-61.818947544373565,0
-61.495917828263934,0
-67.39175585421897,0
-61.890714747420766,0
-61.866270192538444,0
-67.968679174991,0
-56.964061786863084,0
-42.66697843916032,0
-66.31581702102234,0
-51.75692098282057,0
-67.4623685978033,0
-59.292331132723845,0
-60.920450933797596,0
-72.39171405353994,0
-64.11138289543429,0
-71.00587007425565,0
-60.17996903208246,0
-70.8299733426308,0
-69.29661880090703,0
-72.93160335925702,0
-71.02829860849211,0
-72.39171405353994,0
-61.89924231477931,0
-67.86199584819568,0
-70.22766043254023,0
-72.39171405353994,0
-58.603678280006825,0
-64.7856000213294,0
-61.818947544373565,0
-65.07304826338738,0
-59.292331132723845,0
-58.15977011514366,0
-61.21908702660599,0
-57.69450416824949,0
-66.79564857650251,0
-69.64047231144784,0
-68.53269683455096,0
-61.81932246090046,0
-67.66093851569362,0
-68.25852112973311,0
-68.56770652821557,0
-66.06921737060975,0
-72.39171405353994,0
-67.86856401630777,0
-73.73779265651353,0
-70.15751027681341,0
-64.52988500707828,0
-59.292331132723845,0
-61.892477914690765,0
-45.198498018758464,0
-70.43242759298084,0
-71.7600170195501,0
-72.5676107851648,0
-72.39171405353994,0
-67.15193118517992,0
-59.292331132723845,0
-59.292331132723845,0
-70.21485206019105,0
-28.581712166924618,0
-59.20415894885873,0
-60.018802012006965,0
-62.97964654477207,0
-59.292331132723845,0
-54.23704811309666,0
-68.45561788232848,0
-66.15167083383936,0
-67.91588666447262,0
-67.97387736733288,0
-63.41261812484069,0
-61.91906270305682,0
-64.5592669164219,0
-72.39171405353994,0
-59.292331132723845,0
-63.15442668798848,0
-66.95711781085714,0
-69.50472776245938,0
-68.52379526198189,0
-70.56398134634252,0
-61.657473604019565,0
-68.23241383728842,0
-68.90569454882757,0
-67.39802888043278,0
-54.6214295991224,0
-71.68807527877233,0
-72.77443462968283,0
-66.23723742659602,0
-70.13997231448182,0
-68.45259829612166,0
-48.57354416251427,0
-70.64728030491673,0
-68.90166859678797,0
-62.8345319265797,0
-72.39171405353994,0
-72.39171405353994,0
-70.13094848617027,0
-72.96788795528389,0
-43.28653003349799,0
-70.8299733426308,0
-69.6787381296695,0
-70.15748403979623,0
-68.78705417170173,0
-70.8299733426308,0
-72.39171405353994,0
-68.4747283479696,0
-59.292331132723845,0
-61.878147600396396,0
-70.6354074480711,0
-66.39900123843428,0
-65.9399989347228,0
-69.16684986694594,0
-64.31920711943236,0
-70.16758020111365,0
-72.39171405353994,0
-66.70377290946185,0
-65.35742197674928,0
-71.06646847336853,0
-71.06646847336853,0
-72.83239664428704,0
-65.36266951588017,0
-70.47082767292969,0
-66.11484700593769,0
-74.32252467311707,0
-72.39171405353994,0
-61.892477914690765,0
-67.442871112153,0
-61.049242399791964,0
-72.39171405353994,0
-71.06646847336853,0
-63.74833437245019,0
-65.24945694410057,0
-59.7262037586004,0
-70.17757544795788,0
-70.8299733426308,0
-50.0822345740682,0
-29.647071937979323,0
-67.93759277130602,0
-72.39171405353994,0
-72.39171405353994,0
-70.13626478753937,0
-70.15935371298539,0
-57.10773598284664,0
-68.86772963323247,0
-70.17983823272746,0
-43.2920475583781,0
-59.89171566307767,0
-70.16750552365764,0
-68.47141878861859,0
-69.1257751326727,0
-54.421448662415806,0
-59.731401950942264,0
-70.19264660507665,0
-72.93916664601414,0
-69.63411495914357,0
-72.39171405353994,0
-72.39171405353994,0
-68.81891690814764,0
-72.39171405353994,0
-72.39171405353994,0
-73.98023820585824,0
-65.82034943122864,0
-61.21908702660599,0
-58.35416318008893,0
-70.8299733426308,0
-73.98023820585824,0
-70.89057174174367,0
-64.90890713154602,0
-68.56513052804692,0
-42.37866804656002,0
-69.10330903624399,0
-65.21296804903861,0
-72.39171405353994,0
-73.98023820585824,0
-67.9237528941,0
-54.62461355262789,0
-59.292331132723845,0
-67.79398102541928,0
-72.39171405353994,0
-45.04410422794753,0
-68.91394907197963,0
-62.34010468646379,0
-42.080518452823405,0
-68.15138723163807,0
-68.21399554542728,0
-68.91853023182415,0
-68.69150429328037,0
-69.6489013505454,0
-68.62958823235404,0
-67.6020675139838,0
-70.41949471839233,0
-72.39171405353994,0
-53.30628707098967,0
-74.27520202495222,0
-72.39171405353994,0
-70.32005921994391,0
-62.06527241837863,0
-64.30792767080203,0
-74.29076390868804,0
-56.92193506932277,0
-73.15737594731395,0
-72.47909589406197,0
-57.26656620428927,0
-27.35664291582504,0
-68.06623688748687,0
-72.39171405353994,0
-74.27520202495222,0
-70.11414123895807,0
-37.21078107069104,0
-67.62878907500603,0
-66.33303797995481,0
-54.51587625612155,0
-68.95403465517741,0
-70.10441999416756,0
-69.81953550593784,0
-67.87755773193149,0
-67.4295262974322,0
-59.292331132723845,0
-62.34010468646379,0
-64.20559896208928,0
-45.41657348449911,0
-66.68625890579071,0
-72.07755506470286,0
-66.99905733104335,0
-68.6957582835401,0
-52.00507342968915,0
-56.15918319248472,0
-70.15104695595517,0
-64.50265182099243,0
-66.66033309252049,0
-63.85639990865597,0
-64.12462971238969,0
-61.4016966689494,0
-60.60637027990548,0
-65.30867493901364,0
-71.40450285791303,0
-38.16953953749821,0
-41.93274510259659,0
-72.87937306418105,0
-64.31242928612099,0
-68.95403465517741,0
-69.31593651831835,0
-72.85065175491131,0
-72.78962159689176,0
-60.986679284158996,0
-71.87159056730025,0
-57.01598771728247,0
-67.16768767740398,0
-64.68992534756065,0
-66.00355165039922,0
-70.17123112084334,0
-61.866270192538444,0
-68.18619621243609,0
-29.001168918605053,0
-65.37333473461612,0
-70.16758020111365,0
-47.12903941723968,0
-44.08658344964886,0
-63.34428067536348,0
-44.76882251584987,0
-64.23703248469079,0
-65.36863032884644,0
-68.81822168851018,0
-72.39171405353994,0
-65.4930901805389,0
-67.88412590004359,0
-62.37370466287923,0
-70.8299733426308,0
-45.601275574462925,0
-72.39171405353994,0
-68.23639107788517,0
-63.01476216518623,0
-68.90649343549615,0
-65.23302330968122,0
-72.39171405353994,0
-68.32167363232612,0
-66.86762696670661,0
-67.94515605806313,0
-68.92161101535714,0
-66.72314737650584,0
-70.14800512656836,0
-70.8299733426308,0
-72.39171405353994,0
-70.14283295565147,0
-71.86502239918815,0
-52.21138966797285,0
-70.15751027681341,0
-66.99374246417727,0
-66.49392792188245,0
-72.39171405353994,0
-72.78962159689176,0
-69.87423313723798,0
-39.31743977888149,0
-64.26435422561396,0
-70.00851018883307,0
-65.15051167725177,0
-70.14001913938853,0
-71.84505501367428,0
-71.59131924840148,0
-49.723150230448574,0
-70.51577536608656,0
-59.292331132723845,0
-60.45493691490036,0
-54.82222180136448,0
-68.86772963323247,0
-74.35179406670758,0
-64.56273689636127,0
-61.06834627264627,0
-67.28967792808773,0
-25.336672002787807,0
-72.1811450515873,0
-72.72245502966679,0
-60.01477605996738,0
-70.8299733426308,0
-61.890714747420766,0
-68.78019736910338,0
-72.39171405353994,0
-40.07223502423378,0
-70.8299733426308,0
-64.26914114718551,0
-68.06954644683788,0
-61.19735106609256,0
-74.35699225904943,0
-74.35699225904943,0
-64.27550355357057,0
-50.262317301396145,0
-63.13847676621469,0
-67.05399296940642,0
-72.39171405353994,0
-64.54322602723741,0
-68.73998534929791,0
-66.7352487660889,0
-67.01204446805173,0
-59.292331132723845,0
-64.81316317496706,0
-59.292331132723845,0
-74.62355192580625,0
-56.49716567608504,0
-67.45341084217117,0
-67.76948280807396,0
-69.22524834867599,0
-67.76296741624779,0
-49.89233906143085,0
-63.566414730174905,0
-72.39171405353994,0
-65.36780352085107,0
-74.26863385684013,0
-75.46196910831779,0
-70.85230373638731,0
-32.567654652321046,0
-72.39171405353994,0
-65.3483755361346,0
-68.73391791994277,0
-72.32516523582012,0
-61.899393442477354,0
-70.10894304661622,0
-40.37201484411705,0
-64.80321729262745,0
-72.39171405353994,0
-64.65885539495713,0
-71.87159056730025,0
-40.72131310409878,0
-69.43357322410421,0
-63.342017890593894,0
-68.87722404190566,0
-64.63840990373421,0
-69.16764875361451,0
-66.06439253190158,0
-67.95035425040498,0
-66.38711807580437,0
-63.014740041833605,0
-71.29426572523754,0
-70.45190570958097,0
-71.97224171367773,0
-65.51671726671138,0
-64.23250943224213,0
-63.43431511862806,0
-59.292331132723845,0
-67.49306712813416,0
-57.49581165124863,0
-67.95035425040498,0
-68.21999876026777,0
-67.38702600291624,0
-68.87722404190566,0
-63.58449848720939,0
-65.9438343002745,0
-61.890714747420766,0
-68.56400379956519,0
-72.39171405353994,0
-72.39171405353994,0
-59.292331132723845,0
-66.82376365719175,0
-64.56552616653374,0
-59.292331132723845,0
-63.61489119922501,0
-66.94474840148949,0
-44.72581535806578,0
-64.25233205601377,0
-70.16238200877177,0
-59.292331132723845,0
-73.98023820585824,0
-52.62085397185185,0
-72.47909589406197,0
-72.5676107851648,0
-67.87755773193149,0
-72.39171405353994,0
-61.91862892213792,0
-70.18583531173789,0
-49.89233906143085,0
-72.39171405353994,0
-64.13262531601622,0
-71.86502239918815,0
-66.80737133957436,0
-68.97452572727126,0
-72.82610770943344,0
-70.10404507764068,0
-72.04803486876452,0
-70.8299733426308,0
-65.51883158421829,0
-64.57924214253299,0
-61.866270192538444,0
-46.151009925783576,0
-72.39171405353994,0
-72.07235687236098,0
-64.23703248469079,0
-74.26863385684013,0
-66.71211986412106,0
-72.86257460425878,0
-72.5676107851648,0
-70.51577536608656,0
-68.69497542623989,0
-74.38051537597732,0
-72.39171405353994,0
-70.18063711939604,0
-64.53665785912531,0
-65.90818025385933,0
-63.065745961803486,0
-51.75692098282057,0
-67.45172393737619,0
-32.96744550208814,0
-66.13920959382521,0
-59.292331132723845,0
-68.87193434705856,0
-65.30111405305978,0
-62.62561723223155,0
-62.85259494056233,0
-64.41951220941934,0
-72.12572205725166,0
-65.99768545855105,0
-66.84634017341996,0
-72.39171405353994,0
-71.89998873249212,0
-67.94435717139456,0
-69.77052710141965,0
-66.71794918416397,0
-54.20124709253114,0
-56.336993407675045,0
-70.12450493035203,0
-73.98023820585824,0
-70.15292911696889,0
-66.30025513728653,0
-72.39171405353994,0
-72.39171405353994,0
-68.24333416252415,0
-72.39171405353994,0
-62.81847325057333,0
-65.35574853777412,0
-58.29317872350532,0
-67.97387736733288,0
-63.41908893314235,0
-59.292331132723845,0
-70.9790866328465,0
-68.69519471863444,0
-64.3059133054289,0
-72.39171405353994,0
-68.25195296162101,0
-68.6262754801553,0
-69.6124743006044,0
-70.60315720660859,0
-64.57677139236658,0
-73.98023820585824,0
-70.14105170911094,0
-67.1735504264712,0
-39.51095519275287,0
-66.3010588343201,0
-71.86501486063196,0
-45.35865303981257,0
-69.66450767115919,0
-64.16899651731174,0
-64.46983092173488,0
-72.03144176970056,0
-70.8299733426308,0
-69.63411495914357,0
-67.81303103925207,0
-65.48984909559701,0
-66.36602336142143,0
-71.82622698262117,0
-54.718914491683094,0
-67.04583670842402,0
-68.8786987471471,0
-59.292331132723845,0
-59.283668100023135,0
-68.04741639498994,0
-65.99300024538127,0
-67.02231359149613,0
-59.292331132723845,0
-72.39171405353994,0
-62.52493945831443,0
-59.292331132723845,0
-20.583123380648217,0
-70.6354074480711,0
-58.963109749786405,0
-52.349257612150794,0
-70.17757544795788,0
-63.238034807425635,0
-68.67929971583763,0
-56.01688259191037,0
-70.19264660507665,0
-68.28013811822952,0
-66.00836966351606,0
-72.39171405353994,0
-31.488573474647023,0
-71.86501486063196,0
-62.936837787631006,0
-72.39171405353994,0
-70.8299733426308,0
-70.8299733426308,0
-62.448302975019516,0
-67.3492286743094,0
-70.5943476315928,0
-43.256276636256246,0
-71.06646847336853,0
-67.97387736733288,0
-69.23583797988906,0
-68.48741175780982,0
-59.292331132723845,0
-67.9270277876578,0
-30.805350907831656,0
-70.8299733426308,0
-70.54075470527647,0
-68.32474948009451,0
-67.88412590004359,0
-73.98023820585824,0
-50.47320351380088,0
-45.53341275608191,0
-67.75351616058971,0
-70.17581228068786,0
-67.25914964890288,0
-70.54462977219866,0
-72.47909589406197,0
-66.90576577344815,0
-59.292331132723845,0
-59.316402054982866,0
-72.10429951840486,0
-67.72734792297845,0
-45.629996883732666,0
-60.69605893679823,0
-56.23736420907017,0
-64.81316317496706,0
-64.84893176755432,0
-59.292331132723845,0
-59.292331132723845,0
-72.39171405353994,0
-70.14920359679454,0
-29.106402272006065,0
-66.02029370512855,0
-69.58560876369238,0
-59.292331132723845,0
-70.39677874360471,0
-29.186871891173634,0
-67.43407243296964,0
-65.3356510659,0
-69.13200235150525,0
-54.94722564922406,0
-35.760785178884205,0
-64.65724264275129,0
-71.86959602047648,0
-68.91853023182415,0
-35.67448566411783,0
-72.73213354264121,0
-65.86702185151728,0
-71.00587007425565,0
-59.292331132723845,0
-59.912179331903225,0
-72.10429951840486,0
-33.93874803764239,0
-60.06406014913504,0
-67.99507023367872,0
-70.51577536608656,0
-70.15935371298539,0
-72.39171405353994,0
-69.57574589675508,0
-76.04075296778802,0
-66.97277197556292,0
-63.24711402946309,0
-68.1983478841323,0
-69.50472776245938,0
-68.89729124581675,0
-66.68867979057349,0
-69.79655070003865,0
-72.39171405353994,0
-66.74219185072788,0
-59.292331132723845,0
-56.36571471694479,0
-61.20220627045655,0
-69.04141649569944,0
-59.292331132723845,0
-65.26037099369759,0
-70.17983823272746,0
-64.51593020553285,0
-72.39171405353994,0
-62.64002882321659,0
-68.6957582835401,0
-59.292331132723845,0
-70.12494562380576,0
-70.17123112084334,0
-42.71491405611761,0
-61.83450942810939,0
-65.42289812989233,0
-72.05403194777497,0
-74.27520202495222,0
-70.51577536608656,0
-73.59377247228073,0
-59.292331132723845,0
-66.95061951871631,0
-72.47909589406197,0
-36.47353234337911,0
-66.42261659036666,0
-65.60459678776688,0
-68.56189968129124,0
-41.573979397605356,0
-64.39868668842931,0
-74.34696922799941,0
-62.34010468646379,0
-45.32826032779693,0
-61.30496013601971,0
-33.10661342239323,0
-72.85065175491131,0
-66.66249724422663,0
-63.566414730174905,0
-68.8674327317396,0
-54.93088463219221,0
-70.15935371298539,0
-66.4625831795536,0
-67.10378947919946,0
-59.292331132723845,0
-64.73852506241747,0
-64.81316317496706,0
-72.39171405353994,0
-63.07600179252573,0
-66.00355165039922,0
-68.00554312819722,0
-67.37420795301232,0
-49.723150230448574,0
-70.54769144363682,0
-62.152056145774814,0
-70.12450493035203,0
-49.64360834909936,0
-59.292331132723845,0
-68.79849937297783,0
-74.41791084444891,0
-66.75931385502446,0
-70.16238200877177,0
-62.34010468646379,0
-61.89474069946035,0
-68.13027316970835,0
-68.45079304362031,0
-71.00587007425565,0
-67.94435717139456,0
-60.304529481629295,0
-64.4080460723317,0
-66.01510782658744,0
-73.76818536852917,0
-70.18433984804642,0
-68.61889640848689,0
-68.88816831471252,0
-67.75682571994072,0
-44.37902737448822,0
-70.06471435245479,0
-57.10773598284664,0
-67.78271501001178,0
-70.60315720660859,0
-66.64907527816172,0
-77.76492941959225,0
-70.8299733426308,0
-68.61260389029304,0
-69.66450767115919,0
-66.8074600568886,0
-70.8299733426308,0
-54.61927440574572,0
-69.04301241409802,0
-72.39171405353994,0
-72.39171405353994,0
-55.21948694016546,0
-70.15136772580556,0
-70.88268114574355,0
-69.5753709802282,0
-59.292331132723845,0
-68.3036612351574,0
-64.72752339327856,0
-61.878147600396396,0
-67.71499417651066,0
-64.2955949617322,0
-72.39171405353994,0
-67.94885878671352,0
-68.26165578076868,0
-69.1713514822649,0
-67.81119486174012,0
-72.5676107851648,0
-68.69534387078963,0
-71.98123542930148,0
-43.18666482523104,0
-67.00600049579108,0
-73.98023820585824,0
-67.41764888957425,0
-63.58449848720939,0
-69.41488819593808,0
-66.65879571852132,0
-42.33853037531234,0
-70.19926226734839,0
-71.88718036014293,0
-66.28444225980842,0
-67.91588666447262,0
-60.78272729485199,0
-67.49306712813416,0
-68.95349656512812,0
-67.11351822369598,0
-70.17496949542456,0
-62.814169969140465,0
-66.40254814017909,0
-74.54160520281552,0
-58.941252613041634,0
-72.39171405353994,0
-59.292331132723845,0
-66.10388995065526,0
-59.292331132723845,0
-60.57168260637634,0
-52.66638016083127,0
-61.892477914690765,0
-60.02330362732592,0
-72.39171405353994,0
-71.00587007425565,0
-64.36983063781682,0
-71.40875494062739,0
-67.97387736733288,0
-43.596580839308146,0
-72.39171405353994,0
-61.899393442477354,0
-72.39171405353994,0
-72.8726707655762,0
-47.24223073346555,0
-70.08973485811228,0
-72.47909589406197,0
-69.75871020069025,0
-63.37766790615569,0
-69.13506402294341,0
-70.12087856187003,0
-65.10959657459135,0
-62.578277987606064,0
-66.37859050844581,0
-43.772745777537764,0
-72.84582691620314,0
-62.84305713846665,0
-64.84656763268408,0
-64.40638061368094,0
-59.947193159366826,0
-72.39171405353994,0
-48.978356573712574,0
-66.96618140245215,0
-67.86199584819568,0
-60.46416444692039,0
-72.12053665219884,0
-49.723150230448574,0
-72.39171405353994,0
-70.51577536608656,0
-66.31581702102234,0
-72.39171405353994,0
-60.01653922723738,0
-59.292331132723845,0
-62.77018814453929,0
-68.85099691752745,0
-74.36730827574405,0
-62.34010468646379,0
-72.76749154504385,0
-65.98732158288767,0
-69.79655070003865,0
-66.62099842106154,0
-66.65691902614444,0
-66.71013754354036,0
-71.06646847336853,0
-72.47909589406197,0
-67.80859076961431,0
-72.39171405353994,0
-62.34010468646379,0
-66.4625831795536,0
-69.69100034794792,0
-72.39171405353994,0
-58.941252613041634,0
-45.463831770953,0
-66.76904969078197,0
-67.18886700178534,0
-56.33619452100647,0
-71.42653362368215,0
-59.292331132723845,0
-66.80101699022383,0
-69.50472776245938,0
-42.54071222859009,0
-70.15136772580556,0
-68.71258670436697,0
-68.1894980794068,0
-70.16807022927156,0
-72.39171405353994,0
-72.39171405353994,0
-32.33701502180983,0
-71.98780359741357,0
-49.723150230448574,0
-72.39171405353994,0
-70.9790866328465,0
-60.964089106084586,0
-61.113839367978485,0
-57.97399654652561,0
-67.95035425040498,0
-64.33222675368694,0
-72.44481285617333,0
-59.292331132723845,0
-57.10773598284664,0
-58.941252613041634,0
-70.17581228068786,0
-68.11858569519963,0
-73.98023820585824,0
-46.46464795892579,0
-76.04075296778802,0
-68.7985114496563,0
-39.79596548569514,0
-69.7519458006017,0
-45.49508382354077,0
-71.87648853627579,0
-34.8859539243446,0
-61.892477914690765,0
-68.6484281988625,0
-48.51804057327856,0
-72.39171405353994,0
-70.14920359679454,0
-69.03512412638413,0
-70.48335172626629,0
-72.39171405353994,0
-61.81237937626147,0
-67.94885878671352,0
-68.45259829612166,0
-66.05069470272235,0
-70.11963487048337,0
-59.292331132723845,0
-72.47909589406197,0
-64.81316317496706,0
-71.853137452774,0
-72.39171405353994,0
-65.2039061775362,0
-67.88412590004359,0
-63.995794080165155,0
-70.15768027177268,0
-70.16914640886031,0
-70.5401281568797,0
-70.8299733426308,0
-65.95937066316101,0
-60.36252018448953,0
-67.94209438662497,0
-67.94435717139456,0
-74.34696922799941,0
-68.28911260638021,0
-62.66303309415641,0
-67.88412590004359,0
-71.86502239918815,0
-67.02997460550382,0
-70.6427066836284,0
-70.17983823272746,0
-62.86112250792088,0
-64.07090656302154,0
-39.51095519275287,0
-74.26863385684013,0
-70.14001913938853,0
-69.50472776245938,0
-67.80220114611637,0
-63.95600290815302,0
-70.12091967176616,0
-59.31604337323052,0
-70.20416023632393,0
-64.34781813663952,0
-71.64106699704308,0
-71.89200274531225,0
-59.15947613665142,0
-67.7350855846723,0
-72.39171405353994,0
-72.39171405353994,0
-59.292331132723845,0
-67.92776407233058,0
-67.86893893283465,0
-59.292331132723845,0
-66.31907562978346,0
-72.39171405353994,0
-65.94312142607515,0
-68.91288103865944,0
-72.39171405353994,0
-69.44852466790815,0
-67.87755773193149,0
-69.29895597087966,0
-50.508066207597075,0
-58.26339777586821,0
-65.28816659650896,0
-28.03485144477466,0
-72.39171405353994,0
-54.90018987599448,0
-67.9206120125853,0
-66.99045784593345,0
-60.99875808356512,0
-68.25195296162101,0
-74.37531718363545,0
-65.11714349858055,0
-70.96988822874975,0
-62.85259494056233,0
-72.39171405353994,0
-68.3824870883941,0
-58.3958176558635,0
-68.31198800099551,0
-68.86772963323247,0
-71.26974823416913,0
-70.43242759298084,0
-64.21559074893352,0
-71.73268664063733,0
-63.28139819650197,0
-66.85258052475689,0
-36.55705188316988,0
-71.22995706215698,0
-74.53961065599175,0
-67.92776407233058,0
-72.39171405353994,0
-70.8299733426308,0
-68.22718038672485,0
-72.39171405353994,0
-38.84019681862915,0
-70.14105170911094,0
-55.25946155666937,0
-70.13626478753937,0
-59.292331132723845,0
-67.79248440862996,0
-73.98023820585824,0
-71.44322252655975,0
-61.301829877200014,0
-68.10211402629008,0
-72.5676107851648,0
-72.4184974949491,0
-62.36962896847186,0
-72.39171405353994,0
-70.18466061789681,0
-66.86240577664185,0
-67.89971569288628,0
-72.5676107851648,0
-68.57364774444717,0
-74.34423077995046,0
-71.06646847336853,0
-69.66450767115919,0
-72.39171405353994,0
-70.8299733426308,0
-72.39171405353994,0
-70.10404507764068,0
-74.35699225904943,0
-46.27006023690293,0
-31.767956744284103,0
-60.02330362732592,0
-59.292331132723845,0
-69.22708089119465,0
-58.668234319723204,0
-67.92776407233058,0
-65.26896603092159,0
-72.39171405353994,0
-70.8299733426308,0
-72.39171405353994,0
-71.68807527877233,0
-63.875144150318405,0
-64.30566488603245,0
-71.00397660489567,0
-70.17581228068786,0
-63.16986048424339,0
-61.29567906836135,0
-61.26675955341998,0
-66.59426413165788,0
-71.87648853627579,0
-67.97387736733288,0
-72.39171405353994,0
-67.21845665819423,0
-70.8299733426308,0
-65.94711538284874,0
-70.8299733426308,0
-60.44415281710526,0
-64.26110680611508,0
-64.81316317496706,0
-44.74803389887881,0
-72.39171405353994,0
-64.22530200129489,0
-25.03834364380149,0
-67.75704558953535,0
-67.00600049579108,0
-65.35283398743546,0
-44.62862145487194,0
-65.80728815708312,0
-69.19052978591517,0
-30.094330973702636,0
-53.447223640714434,0
-72.39171405353994,0
-70.51577536608656,0
-64.07962213100525,0
-50.0822345740682,0
-72.39171405353994,0
-59.292331132723845,0
-54.58554688076577,0
-72.47909589406197,0
-66.27751301991007,0
-67.11351822369598,0
-70.01050473565684,0
-69.50472776245938,0
-71.3582914109478,0
-72.39171405353994,0
-73.98023820585824,0
-70.51577536608656,0
-72.78631203754078,0
-69.08609811031977,0
-45.93454668241781,0
-70.20413731561237,0
-63.87655967335773,0
-65.33242180942345,0
-67.86199584819568,0
-51.820980519746676,0
-50.96843501828377,0
-70.1743446012022,0
-62.49537964540247,0
-69.29142060856518,0
-48.562274788901114,0
-72.04127046867598,0
-65.78606828006731,0
-59.292331132723845,0
-70.8299733426308,0
-34.37300376291604,0
-59.292331132723845,0
-70.20935842866578,0
-48.853427048289966,0
-59.292331132723845,0
-56.890795026579205,0
-33.6578343425527,0
-70.79706582164947,0
-67.87755773193149,0
-72.5676107851648,0
-68.56770652821557,0
-67.46223162868415,0
-72.39171405353994,0
-69.09143162838603,0
-72.77266137006588,0
-74.34423077995046,0
-61.81237937626147,0
-70.4800931175052,0
-61.9881491946588,0
-49.98346050449037,0
-70.05148073246154,0
-59.41491554219983,0
-69.2906217218966,0
-67.86893893283465,0
-41.752216678163016,0
-66.91468439852007,0
-64.38979096170743,0
-72.39171405353994,0
-67.53728809920501,0
-46.90302451503232,0
-59.47460167859878,0
-71.87159056730025,0
-67.54248405306106,0
-66.74667049343373,0
-72.39171405353994,0
-64.25222592387689,0
-56.692810046705425,0
-59.292331132723845,0
-68.21060020851714,0
-72.39171405353994,0
-72.39171405353994,0
-70.15748403979623,0
-62.928577923850966,0
-65.95225125910764,0
-71.98449403806256,0
-63.183451546738915,0
-66.13920959382521,0
-39.3071449608262,0
-65.35710120689889,0
-66.35414595356347,0
-62.85435810783234,0
-68.06954644683788,0
-46.46464795892579,0
-71.00587007425565,0
-59.624747703139874,0
-62.88614108854024,0
-72.47909589406197,0
-62.674262183410335,0
-61.61415822845831,0
-71.86959602047648,0
-65.31073499003294,0
-70.13095554779352,0
-68.81203134710545,0
-62.396213756837895,0
-62.34010468646379,0
-60.62573354273994,0
-62.88094289619839,0
-34.427737219325685,0
-66.06040922821818,0
-67.04259154437077,0
-59.292331132723845,0
-72.39171405353994,0
-62.92501069789695,0
-59.292331132723845,0
-73.98023820585824,0
-70.14741411549599,0
-67.5895867879746,0
-68.94703712350415,0
-69.66450767115919,0
-70.16750552365764,0
-64.88937250274184,0
-55.247320726853204,0
-65.6350752535552,0
-51.99537017573176,0
-68.82990139374078,0
-68.62942649449951,0
-72.39171405353994,0
-70.60315720660859,0
-70.1858822049881,0
-58.71498414122873,0
-64.23640766739099,0
-70.11960696137649,0
-42.67005052383399,0
-72.39171405353994,0
-65.9451815646101,0
-70.11960696137649,0
-68.84248269839179,0
-52.85416920043757,0
-64.59270598805782,0
-50.74637233126848,0
-72.39171405353994,0
-57.69450416824949,0
-68.426348488738,0
-69.49537594762626,0
-72.5676107851648,0
-59.292331132723845,0
-69.23049261520165,0
-67.22656422398424,0
-64.53099977662848,0
-61.00500420874501,0
-63.61489119922501,0
-57.10773598284664,0
-72.39171405353994,0
-72.39171405353994,0
-70.1743446012022,0
-70.14800512656836,0
-65.09881857399454,0
-66.83033182530384,0
-59.292331132723845,0
-72.39171405353994,0
-61.343119138581805,0
-48.14793004467354,0
-53.498361629302984,0
-72.39171405353994,0
-59.292331132723845,0
-68.11318461912487,0
-49.725775615362785,0
-66.97909138003251,0
-59.292331132723845,0
-72.39171405353994,0
-65.62905819542607,0
-64.65397178747004,0
-65.37023280263729,0
-72.10429951840486,0
-72.39171405353994,0
-73.98023820585824,0
-50.508066207597075,0
-64.31961556236959,0
-70.13094270281618,0
-70.8299733426308,0
-71.61713366232283,0
-67.95035425040498,0
-72.39171405353994,0
-49.592190602441,0
-65.50451914735076,0
-69.47794432105023,0
-67.968679174991,0
-19.187423758186885,0
-72.39171405353994,0
-72.5676107851648,0
-72.5676107851648,0
-68.79840397674135,0
-66.71240032830994,0
-72.39171405353994,0
-72.39171405353994,0
-66.88953188132669,0
-65.3381832291313,0
-40.271280244488366,0
-61.92426089539868,0
-60.85972053772378,0
-70.15768027177268,0
-44.692589886449156,0
-72.39171405353994,0
-72.39171405353994,0
-71.06646847336853,0
-70.14105170911094,0
-61.020735475079995,0
-69.05884689771493,0
-65.95937066316101,0
-59.292331132723845,0
-64.30792767080203,0
-70.1727267137224,0
-69.33645166241064,0
-72.39171405353994,0
-70.8299733426308,0
-48.81489006415828,0
-58.18136122910553,0
-65.897566215456,0
-70.8299733426308,0
-59.41667870946984,0
-68.12575176614922,0
-72.39171405353994,0
-67.40028342157753,0
-70.12574451047433,0
-66.72465110082824,0
-70.54462977219866,0
-56.330700889481186,0
-64.4146142404438,0
-66.07224514637724,0
-48.87034091720431,0
-70.97841579610831,0
-66.9649282275802,0
-72.39171405353994,0
-64.57677139236658,0
-60.33750160387016,0
-73.98023820585824,0
-66.84410384977875,0
-71.89792105540099,0
-71.00587007425565,0
-52.723910245336356,0
-62.79638962125098,0
-38.06396968948277,0
-70.18583531173789,0
-55.857853815111,0
-50.006671094000964,0
-72.39171405353994,0
-56.57825239303664,0
-66.95860550589617,0
-64.49008467396806,0
-65.46899975123516,0
-71.84509612357039,0
-67.4295262974322,0
-62.85259494056233,0
-64.4228434503422,0
-61.89553958612894,0
-61.866270192538444,0
-68.71053730997573,0
-65.99236678219727,0
-72.39171405353994,0
-70.1130387932644,0
-70.93524728982102,0
-70.10441999416756,0
-70.16324513366351,0
-57.959813299111616,0
-70.05814618434269,0
-48.42428265392689,0
-65.3571758843549,0
-71.96567354556564,0
-73.59377247228073,0
-66.91425392849422,0
-47.47165773221744,0
-55.87342002112792,0
-73.98023820585824,0
-59.873652116661795,0
-50.2270157309062,0
-72.39171405353994,0
-72.40416805682807,0
-42.465342120230524,0
-71.00587007425565,0
-66.66511616468837,0
-70.55304612487222,0
-67.75840120692577,0
-68.56920199190704,0
-65.12774589468751,0
-72.04803486876452,0
-66.81229018126183,0
-67.01484627069273,0
-67.36629041994333,0
-72.94436483835602,0
-68.95403465517741,0
-69.66450767115919,0
-57.343679057741426,0
-71.31639577708548,0
-74.62354438725006,0
-68.72376805740646,0
-59.41491554219983,0
-70.02516642478892,0
-68.15600484256703,0
-66.60097171449381,0
-59.292331132723845,0
-70.85308451032553,0
-70.16750552365764,0
-67.86199584819568,0
-67.07933766715003,0
-66.15731757271716,0
-67.94096370447014,0
-75.46196910831779,0
-72.39171405353994,0
-67.01050211111004,0
-55.147080050417394,0
-66.32238518913444,0
-72.39171405353994,0
-72.39171405353994,0
-72.39171405353994,0
-67.21468681612629,0
-64.54637868035094,0
-53.50238758134258,0
-70.8299733426308,0
-59.263590817402545,0
-61.655584864982934,0
-67.96752155481438,0
-72.39171405353994,0
-70.20413731561237,0
-70.16292436381312,0
-68.73841914155122,0
-66.36859663609967,0
-70.8299733426308,0
-66.88629806210407,0
-52.69720317490298,0
-66.80152863349927,0
-59.292331132723845,0
-17.06300166184827,0
-64.24862932736339,0
-70.47937532461884,0
-72.39171405353994,0
-56.84771913146951,0
-66.77784500780596,0
-59.292331132723845,0
-72.39171405353994,0
-64.21935993377288,0
-73.98023820585824,0
-72.39171405353994,0
-51.44239765048516,0
-54.40070321483333,0
-64.3264624782165,0
-64.78655855677324,0
-72.39171405353994,0
-59.292331132723845,0
-59.292331132723845,0
-55.875466325933985,0
-58.941252613041634,0
-63.93813407946954,0
-72.47909589406197,0
-71.43046104746075,0
-61.827941259997296,0
-69.33645166241064,0
-69.66450767115919,0
-69.46974633765714,0
-65.42921878856204,0
-66.75414168410757,0
-72.39171405353994,0
-59.918471850097085,0
-59.292331132723845,0
-72.39171405353994,0
-70.13626478753937,0
-66.87473848571167,0
-67.968679174991,0
-39.39162003031637,0
-66.0478005914949,0
-61.639325438030674,0
-66.23780674054892,0
-67.34458431310996,0
-58.819128367490244,0
-53.526709584939034,0
-71.34291646988777,0
-64.68418057703121,0
-63.08386765258537,0
-72.39171405353994,0
-68.86772963323247,0
-72.85065175491131,0
-59.412177094150884,0
-66.97401779507997,0
-72.5676107851648,0
-44.982671474205496,0
-59.18783595385178,0
-64.81316317496706,0
-68.73171188546918,0
-71.06646847336853,0
-72.39171405353994,0
-71.87159056730025,0
-71.36180720898939,0
-70.09307140775053,0
-37.48090600827263,0
-66.00374697108438,0
-72.4184974949491,0
-72.39171405353994,0
-43.073666505832364,0
-64.56076238011339,0
-67.17148023830022,0
-50.508066207597075,0
-70.46703852408328,0
-20.583123380648217,0
-67.87755773193149,0
-59.718640471843266,0
-66.40693846408185,0
-70.8299733426308,0
-70.54286660492865,0
-59.292331132723845,0
-66.81594746140435,0
-50.0822345740682,0
-66.11156666524596,0
-68.23491720369101,0
-69.08096597271926,0
-63.33109583406592,0
-52.77746898940465,0
-40.16416604736973,0
-72.39171405353994,0
-68.31875240108405,0
-65.58647198106335,0
-72.39171405353994,0
-64.6749997569969,0
-50.15275821465304,0
-59.2439444956983,0
-39.36634501684903,0
-56.45279103594071,0
-67.44497661207077,0
-64.38979096170743,0
-65.79882975916631,0
-66.37644652642508,0
-64.75477468824809,0
-72.39171405353994,0
-62.88848269041504,0
-66.14747680304359,0
-52.817013748744195,0
-65.00943608666866,0
-72.39171405353994,0
-71.29327135109702,0
-58.96193505594531,0
-59.292331132723845,0
-67.0419744049516,0
-66.76782197675593,0
-70.38899246962737,0
-64.38628920551929,0
-72.0488337554331,0
-68.31875240108405,0
-71.98449403806256,0
-59.41163766527261,0
-73.98023820585824,0
-72.39171405353994,0
-63.46535398045678,0
-67.54941481616308,0
-68.3021593020201,0
-66.5986984187287,0
-59.34352325567952,0
-66.71518393712864,0
-72.07235687236098,0
-72.39171405353994,0
-70.15292911696889,0
-59.292331132723845,0
-59.292331132723845,0
-70.8299733426308,0
-72.39171405353994,0
-49.55916225825673,0
-70.8299733426308,0
-62.57812957899182,0
-67.99136750502834,0
-70.8299733426308,0
-62.80159163476687,0
-60.98409313819121,0
-66.02601049347555,0
-59.292331132723845,0
-72.39171405353994,0
-55.475448556455056,0
-31.423219395423544,0
-72.47909589406197,0
-72.78249006904132,0
-74.33440208097502,0
-70.91735518315282,0
-68.73322094920937,0
-65.46838227822697,0
-67.93759277130602,0
-68.82252641060555,0
-64.1983813686602,0
-66.38711807580437,0
-65.38092462650444,0
-68.56320491289661,0
-68.95403465517741,0
-46.985137497053245,0
-71.60456651529844,0
-74.35179406670758,0
-69.19052978591517,0
-70.60315720660859,0
-64.2972358469349,0
-59.49589295892566,0
-66.99923609570254,0
-69.6176563914411,0
-58.27249399122398,0
-63.25610489490492,0
-72.39171405353994,0
-56.89298813483137,0
-65.56543559531941,0
-69.33645166241064,0
-63.28404940401252,0
-17.06300166184827,0
-62.84002779353797,0
-65.0977191667334,0
-66.0031714711742,0
-72.87813648799462,0
-68.19537450092798,0
-70.51577536608656,0
-70.17789621780827,0
-64.29566963918822,0
-67.22717555248909,0
-71.06646847336853,0
-70.16424843988477,0
-69.41667508519916,0
-69.80724305410922,0
-70.91735518315282,0
-63.61229445174351,0
-68.76494802726444,0
-66.80263767171928,0
-61.892477914690765,0
-70.09323860804336,0
-72.39171405353994,0
-59.292331132723845,0
-64.6149932302846,0
-59.292331132723845,0
-41.8783868304895,0
-72.04127046867598,0
-61.93586385994119,0
-65.78110064468203,0
-72.78631203754078,0
-67.968679174991,0
-72.39171405353994,0
-62.78082773751514,0
-52.04944933640741,0
-68.55928162291701,0
-73.98023820585824,0
-69.614158858239,0
-60.226698017337256,0
-65.13218675266576,0
-72.86691523085165,0
-59.292331132723845,0
-68.78705417170173,0
-62.78120265404202,0
-59.50743742097829,0
-62.3333138735878,0
-69.74522092690904,0
-67.18893646225588,0
-67.86893893283465,0
-67.11351822369598,0
-65.71066995804459,0
-72.87417487183917,0
-70.51577536608656,0
-67.91588666447262,0
-65.98474940293492,0
-71.06646847336853,0
-69.69773058294615,0
-67.94033121935496,0
-72.39171405353994,0
-61.88797629937181,0
-66.65035085803234,0
-32.579347373154775,0
-67.55763453665082,0
-72.5676107851648,0
-63.57092021202392,0
-59.50724154534267,0
-67.62108420497403,0
-72.39171405353994,0
-70.13585351676906,0
-64.52064685702376,0
-56.939964554725364,0
-66.37035842887157,0
-65.66666528088213,0
-59.3310631332263,0
-59.292331132723845,0
-54.61927440574572,0
-38.060154640328385,0
-66.90386219562106,0
-66.76973147695026,0
-66.60546281881724,0
-64.6546603810929,0
-66.13910368681499,0
-69.96915743611703,0
-72.39171405353994,0
-73.98023820585824,0
-66.34057559389048,0
-68.88910144976361,0
-36.17479827553204,0
-73.98023820585824,0
-68.50393420935042,0
-72.39171405353994,0
-72.39171405353994,0
-72.39171405353994,0
-61.91906270305682,0
-67.28846926100815,0
-66.58776276643019,0
-67.9692128225783,0
-45.48097814304448,0
-64.62402574515997,0
-64.28557347787081,0
-64.4080460723317,0
-72.39171405353994,0
-61.892477914690765,0
-35.122492935986664,0
-68.49160015772972,0
-72.47909589406197,0
-40.455712052438344,0
-45.58717519058947,0
-63.42189878310003,0
-63.74693422810451,0
-61.89474069946035,0
-72.39171405353994,0
-55.064581813903544,0
-67.06252344285221,0
-66.72165191281435,0
-68.77497625604994,0
-63.14813495941998,0
-74.34423077995046,0
-72.39171405353994,0
-67.86856401630777,0
-65.05939023419226,0
-72.39171405353994,0
-59.292331132723845,0
-47.07488896434253,0
-63.29944223031879,0
-70.15751027681341,0
-69.2906217218966,0
-70.8299733426308,0
-70.10441999416756,0
-48.39445535839568,0
-70.8299733426308,0
-46.00260003120772,0
-61.89474069946035,0
-70.48629415785537,0
-70.11960696137649,0
-70.15768027177268,0
-66.9689952187151,0
-67.16146613194077,0
-65.47771777233653,0
-66.92636883528456,0
-70.19264660507665,0
-66.75215467583999,0
-70.1727267137224,0
-64.81316317496706,0
-51.6528604222353,0
-42.8928838283965,0
-59.292331132723845,0
-68.462142394366,0
-67.92776407233058,0
-68.87499601849672,0
-38.47155124518877,0
-53.67005658448412,0
-71.58759691611797,0
-69.286595769857,0
-67.18491051021628,0
-51.11698755182291,0
-41.55580629954888,0
-73.98023820585824,0
-62.34010468646379,0
-55.43304957409428,0
-67.40257501597021,0
-59.292331132723845,0
-58.941252613041634,0
-72.39171405353994,0
-72.39171405353994,0
-68.71168488782149,0
-67.94209438662497,0
-72.39171405353994,0
-46.9699505298443,0
-70.8299733426308,0
-72.39171405353994,0
-67.12870519090494,0
-41.21030228578208,0
-72.39171405353994,0
-72.5676107851648,0
-69.59583083293955,0
-73.98023820585824,0
-67.72734792297845,0
-68.21060020851714,0
-59.36668237872413,0
-69.96915743611703,0
-72.39171405353994,0
-68.45916646423376,0
-68.86772963323247,0
-65.47367064141066,0
-68.25195296162101,0
-72.39171405353994,0
-72.94436483835602,0
-52.679636931894784,0
-72.96788795528389,0
-59.292331132723845,0
-63.566414730174905,0
-65.27962609133827,0
-41.49589638237156,0
-56.500757520903,0
-67.87710137547262,0
-72.93160335925702,0
-67.34640983848269,0
-67.57262512744683,0
-63.13847676621469,0
-67.07933766715003,0
-68.32325401640301,0
-67.02265295018562,0
-70.15748403979623,0
-68.23639107788517,0
-72.39171405353994,0
-70.17757544795788,0
-69.6806843312533,0
-70.93763778527294,0
-65.97197961461318,0
-37.18781819521214,0
-65.94172880035673,0
-68.67525893460513,0
-60.47706696674828,0
-59.292331132723845,0
-59.292331132723845,0
-74.2755769414791,0
-71.59358203317106,0
-38.33982382924295,0
-67.54302850190757,0
-71.3582914109478,0
-70.60315720660859,0
-70.91735518315282,0
-68.95403465517741,0
-70.8299733426308,0
-72.47909589406197,0
-62.34342124631952,0
-65.11942527356679,0
-70.5401281568797,0
-70.10894304661622,0
-59.292331132723845,0
-72.5676107851648,0
-68.54012391320857,0
-70.69167209771145,0
-59.292331132723845,0
-72.39171405353994,0
-71.84178886635698,0
-69.48235272349444,0
-65.97184709057332,0
-60.90526396658865,0
-47.6494137895309,0
-68.12977771818882,0
-66.30682330539862,0
-44.08658344964886,0
-72.05403194777497,0
-71.19353110894065,0
-70.51577536608656,0
-63.266204543896364,0
-73.98023820585824,0
-66.83070674183072,0
-73.98023820585824,0
-59.292331132723845,0
-58.24570094647608,0
-34.8859539243446,0
-58.094810000284866,0
-59.292331132723845,0
-34.885934619184695,0
-59.292331132723845,0
-68.38801955619684,0
-64.2955949617322,0
-41.486537599239554,0
-58.0315805021588,0
-39.3071449608262,0
-66.39626632069431,0
-69.80064697689028,0
-66.00048836232327,0
-64.22556634760315,0
-72.39171405353994,0
-72.39171405353994,0
-72.39171405353994,0
-65.96987830443156,0
-59.292331132723845,0
-70.15751027681341,0
-69.19603859602522,0
-70.15768027177268,0
-72.78631203754078,0
-70.51577536608656,0
-72.39171405353994,0
-67.40028342157753,0
-72.5676107851648,0
-68.5389228058946,0
-72.87816439710147,0
-64.87089891050756,0
-72.39171405353994,0
-72.39171405353994,0
-69.2152034833367,0
-69.19052978591517,0
-39.22080325763461,0
-68.55601380688742,0
-67.75705529286886,0
-41.81447515919637,0
-62.34010468646379,0
-29.39911902465035,0
-34.427737219325685,0
-55.84315755649554,0
-36.55104178342422,0
-58.6006901825947,0
-70.4866612856173,0
-68.48289929575634,0
-68.18044939744937,0
-53.57192587272176,0
-71.06646847336853,0
-70.15292911696889,0
-57.08681479759781,0
-60.652146127788356,0
-67.94515605806313,0
-61.68477867476722,0
-59.19376180249668,0
-68.44473774187674,0
-71.37042600808626,0
-72.39171405353994,0
-72.39171405353994,0
-66.7276061304816,0
-62.654279746472746,0
-72.39171405353994,0
-56.478224492635555,0
-66.27090685139488,0
-63.13847676621469,0
-67.86893893283465,0
-53.447223640714434,0
-72.39171405353994,0
-68.27414103921909,0
-38.47155124518877,0
-60.89832088194967,0
-72.39171405353994,0
-58.73402113410836,0
-53.59043761301556,0
-70.18583531173789,0
-71.88718036014293,0
-71.35775624745278,0
-60.70783685335404,0
-72.39171405353994,0
-66.75872284395209,0
-59.03050900388957,0
-33.055438931435205,0
-59.292331132723845,0
-49.443260421212265,0
-66.34644073304682,0
-64.0449927680953,0
-62.94530665769853,0
-73.98023820585824,0
-68.54661181383263,0
-71.06646847336853,0
-57.10773598284664,0
-68.14552773903408,0
-74.26863385684013,0
-71.1779563297712,0
-61.88797629937181,0
-72.01956436184261,0
-39.56945940277226,0
-71.87648853627579,0
-67.94033121935496,0
-59.292331132723845,0
-74.35179406670758,0
-71.17313149106303,0
-70.2196744453604,0
-67.8808163406926,0
-59.18783595385178,0
-66.18815870700132,0
-59.292331132723845,0
-69.82566002153087,0
-71.00397660489567,0
-62.34010468646379,0
-62.97964654477207,0
-64.50265182099243,0
-63.10846779366699,0
-72.05253648408348,0
-67.88223952309237,0
-57.01590695332463,0
-61.639988010516994,0
-67.32036356769866,0
-59.292331132723845,0
-66.4936695832386,0
-66.05895185717024,0
-64.65274102743233,0
-59.292331132723845,0
-59.292331132723845,0
-68.7108580798261,0
-65.49791501924707,0
-68.13577479719928,0
-65.41625797655095,0
-48.007781574880624,0
-67.87755773193149,0
-74.35699225904943,0
-73.98023820585824,0
-39.275647352606924,0
-72.4184974949491,0
-59.292331132723845,0
-72.39171405353994,0
-70.14105170911094,0
-64.25903792424484,0
-58.24051830084364,0
-70.12438737968142,0
-72.93836775934557,0
-68.23317746573528,0
-71.29192854075643,0
-59.292331132723845,0
-72.39171405353994,0
-66.66970002381389,0
-57.25406654619272,0
-63.45762296607914,0
-43.687864398492216,0
-70.1408459473839,0
-67.56843011358261,0
-70.49228311276644,0
-70.60315720660859,0
-68.70825114117659,0
-36.68681132497172,0
-67.6653401802855,0
-64.24112823133898,0
-72.76749154504385,0
-70.22766043254023,0
-69.5054927545547,0
-62.34010468646379,0
-72.39171405353994,0
-70.20508120073683,0
-67.72967989765603,0
-72.39171405353994,0
-72.04400891672492,0
-56.25013690385238,0
-64.4918258207699,0
-42.948318475891256,0
-37.86792738263096,0
-65.65340017814121,0
-68.08081631252172,0
-59.292331132723845,0
-68.94006629321203,0
-64.52774643055626,0
-65.10959657459135,0
-61.66196864131562,0
-72.39171405353994,0
-52.713327892469266,0
-68.75067717316503,0
-70.67767301693235,0
-72.39171405353994,0
-72.86257460425878,0
-67.37347403385677,0
-66.00317609609571,0
-63.35082839070372,0
-69.77918121215485,0
-69.63067961557292,0
-61.36615756612234,0
-59.721378919892224,0
-54.81359929519999,0
-74.34423077995046,0
-70.17307383263892,0
-60.065876812282376,0
-67.07933766715003,0
-60.49118496767115,0
-67.01050211111004,0
-49.61561521715111,0
-65.43688486122754,0
-70.95342966104728,0
-73.98023820585824,0
-61.67328796423151,0
-65.08605709489554,0
-65.36717113119913,0
-70.5513941722872,0
-64.81316317496706,0
-66.45275448057818,0
-69.84992821795348,0
-71.89200274531225,0
-45.08706875775194,0
-50.508066207597075,0
-70.15768027177268,0
-52.62964406873746,0
-66.96586063260176,0
-66.39004576947444,0
-72.4184974949491,0
-61.83450942810939,0
-71.56511152624915,0
-69.9833704143133,0
-70.92818344980888,0
-72.39171405353994,0
-64.68418057703121,0
-62.506154901911984,0
-67.968679174991,0
-66.11668858025656,0
-72.5676107851648,0
-72.5676107851648,0
-65.91354072264694,0
-61.884048875593216,0
-59.292331132723845,0
-68.96351959617814,0
-72.39171405353994,0
-70.51577536608656,0
-63.93525003604197,0
-66.06190469190966,0
-44.771928653068066,0
-69.94830009053328,0
-58.941252613041634,0
-68.78705417170173,0
-69.23583797988906,0
-72.39171405353994,0
-45.104316278667476,0
-69.1370150620162,0
-68.85699399653791,0
-67.94515605806313,0
-69.1299313868023,0
-72.4184974949491,0
-46.80141547898512,0
-72.39171405353994,0
-69.07072430557288,0
-68.1917797160202,0
-71.06646847336853,0
-59.292331132723845,0
-71.06646847336853,0
-70.04915246871897,0
-66.90386219562106,0
-48.6285287737125,0
-62.73606998056997,0
-72.39171405353994,0
-69.60641597489662,0
-72.39171405353994,0
-69.47660909194344,0
-50.51164501816192,0
-59.87815373198075,0
-66.70504848933247,0
-61.818947544373565,0
-63.56717411421364,0
-68.76666949901971,0
-72.39171405353994,0
-64.06507467886601,0
-67.93759277130602,0
-70.19264660507665,0
-70.5362664381804,0
-69.43357322410421,0
-59.292331132723845,0
-61.89553958612894,0
-50.76650133023123,0
-68.69141765694724,0
-59.292331132723845,0
-70.14773092462701,0
-61.28811578160423,0
-71.86959602047648,0
-74.35699225904943,0
-72.39171405353994,0
-66.98908662687674,0
-66.22460962753432,0
-70.79381723692661,0
-68.71981582213911,0
-37.41108350203171,0
-72.39171405353994,0
-63.53938017855741,0
-65.96122628600703,0
-68.76863559432857,0
-73.59377247228073,0
-74.38051537597732,0
-67.12777311395465,0
-65.53792222205162,0
-71.00587007425565,0
-25.41557159776087,0
-70.8299733426308,0
-72.83239664428704,0
-57.31934127365739,0
-52.15868754658524,0
-60.49118496767115,0
-59.292331132723845,0
-65.6335797898637,0
-66.6877978605246,0
-39.56471330028636,0
-65.83302956076251,0
-72.39171405353994,0
-58.941252613041634,0
-67.8808163406926,0
-45.4670349584311,0
-59.292331132723845,0
-70.11960696137649,0
-70.19583055858214,0
-58.941252613041634,0
-72.39171405353994,0
-69.7550308364042,0
-67.57083565602704,0
-65.54671685134586,0
-57.52133665230605,0
-69.13426513627483,0
-65.97354628970034,0
-72.39171405353994,0
-61.519940311299315,0
-68.57826245121144,0
-62.662468837121246,0
-64.32073604315121,0
-67.86199584819568,0
-70.15136772580556,0
-72.39171405353994,0
-61.78853704346478,0
-62.527249616294895,0
-65.33212623786768,0
-62.34010468646379,0
-70.17289506797974,0
-65.88426382822436,0
-68.37755564827364,0
-74.33440208097502,0
-71.37042600808626,0
-68.26737663913055,0
-63.0025609168316,0
-67.01885636229991,0
-50.44984909280995,0
-61.81932246090046,0
-68.91992907914155,0
-66.26724219380925,0
-50.04021047667485,0
-63.01503068145743,0
-61.818947544373565,0
-67.45754375909513,0
-55.86173093379163,0
-67.09027655965566,0
-70.51577536608656,0
-72.39171405353994,0
-72.84308846815419,0
-67.8774492154361,0
-61.10504785909073,0
-68.69450060448264,0
-72.39171405353994,0
-70.8870003667106,0
-68.528195219232,0
-74.2755769414791,0
-70.60315720660859,0
-67.08712514976995,0
-59.50724154534267,0
-72.39171405353994,0
-58.16634582181195,0
-70.69167209771145,0
-67.94435717139456,0
-64.49991337294348,0
-63.58449848720939,0
-70.01184092123523,0
-69.9638988269681,0
-68.87419713182814,0
-63.03372873379071,0
-62.69841375070504,0
-64.37845404151346,0
-49.38079389291604,0
-67.86893893283465,0
-69.22708089119465,0
-67.21325846585235,0
-64.66148168534295,0
-64.29133457173808,0
-72.39171405353994,0
-72.39171405353994,0
-58.10855746667356,0
-60.304529481629295,0
-72.5676107851648,0
-75.03509385391567,0
-72.39171405353994,0
-70.13095554779352,0
-65.41361969320045,0
-70.47082767292969,0
-63.04222284487561,0
-67.17635788358515,0
-70.15748403979623,0
-67.02231359149613,0
-66.71319921497852,0
-71.06646847336853,0
-70.51577536608656,0
-70.20413731561237,0
-61.91906270305682,0
-59.05701927238273,0
-67.94033121935496,0
-64.50265182099243,0
-65.5432379650641,0
-70.51577536608656,0
-72.5676107851648,0
-45.21146473810768,0
-64.26767497422718,0
-67.33775279756826,0
-66.06728780178634,0
-70.18583531173789,0
-66.63008553978635,0
-72.96788795528389,0
-70.8299733426308,0
-67.94885878671352,0
-64.74899154078373,0
-64.34744311358459,0
-38.375276899761914,0
-69.94733088648948,0
-64.72933071471121,0
-68.17771094940042,0
-66.97707813474776,0
-72.39171405353994,0
-65.11942527356679,0
-66.6793070856531,0
-42.77379184231469,0
-38.974604273160864,0
-67.92776407233058,0
-65.2542067504952,0
-44.070634839904514,0
-64.80574432101673,0
-67.94885878671352,0
-63.246403003469055,0
-72.87937306418105,0
-67.968679174991,0
-72.39171405353994,0
-72.39171405353994,0
-67.37157005737097,0
-66.36602336142143,0
-67.07933766715003,0
-63.02254478613216,0
-66.67067312637927,0
-66.71572872262365,0
-67.53995960666067,0
-59.292331132723845,0
-63.96190729442373,0
-60.91277997706888,0
-72.1646114127183,0
-68.78705417170173,0
-39.22080325763461,0
-60.882269596189786,0
-65.66543484157994,0
-67.00050686426582,0
-65.39895411190705,0
-59.292331132723845,0
-74.35179406670758,0
-65.4644981359162,0
-55.775790066304666,0
-68.95439666507392,0
-67.86199584819568,0
-67.39737682362833,0
-63.100904506909856,0
-70.20413731561237,0
-65.32586047078064,0
-65.38009646593407,0
-64.81316317496706,0
-70.8299733426308,0
-72.84582691620314,0
-71.31287474721522,0
-72.39171405353994,0
-42.11802529771743,0
-65.62010701426624,0
-64.38807868681782,0
-64.93973476092395,0
-48.50329131164715,0
-72.85435448356169,0
-66.69642969023562,0
-57.51681683606858,0
-70.66299285915511,0
-60.809514197324695,0
-64.98363949400917,0
-61.92426089539868,0
-66.7131243454558,0
-68.2575479401551,0
-73.98023820585824,0
-56.15719618421714,0
-61.94589970675307,0
-59.292331132723845,0
-50.46597738222098,0
-61.900737778470805,0
-66.02003036901105,0
-70.14105170911094,0
-73.98023820585824,0
-72.84791085332351,0
-74.33440208097502,0
-65.13218675266576,0
-51.44239765048516,0
-70.51577536608656,0
-62.81313795132414,0
-66.75500314359904,0
-60.97209850729139,0
-70.69167209771145,0
-34.614820731892905,0
-69.4121734698802,0
-70.8299733426308,0
-43.744234544215864,0
-70.8299733426308,0
-52.76725798889752,0
-47.04310598363462,0
-66.99923609570254,0
-60.0938441540738,0
-66.54627408319367,0
-66.8357462003681,0
-70.14741411549599,0
-73.98023820585824,0
-59.292331132723845,0
-47.32882193186871,0
-64.6546603810929,0
-68.14679304217091,0
-66.7131243454558,0
-68.93521474476591,0
-59.292331132723845,0
-59.292331132723845,0
-70.13771288625881,0
-66.95758500835399,0
-70.18433984804642,0
-70.9790866328465,0
-75.46196910831779,0
-73.98023820585824,0
-38.47155124518877,0
-68.20734159975602,0
-72.39171405353994,0
-70.4510578316947,0
-72.39171405353994,0
-59.292331132723845,0
-65.95556081845864,0
-64.2758203627016,0
-71.00343437672767,0
-72.39171405353994,0
-59.336580171040545,0
-70.18466061789681,0
-66.06326184974674,0
-61.818947544373565,0
-65.61779218001857,0
-49.633280291850824,0
-62.86261797161238,0
-68.86772963323247,0
-60.010508040748206,0
-73.06509837486826,0
-40.72131310409878,0
-69.75644741592066,0
-68.06297827872578,0
-70.63082173721426,0
-72.39171405353994,0
-68.16788225042498,0
-72.39171405353994,0
-72.39171405353994,0
-70.8299733426308,0
-41.951083919290504,0
-66.26724219380925,0
-67.02623884682535,0
-72.39171405353994,0
-61.892477914690765,0
-69.19052978591517,0
-62.79308006189997,0
-64.72482909939225,0
-39.57485450603019,0
-63.37406192353489,0
-63.03465955811849,0
-72.39171405353994,0
-73.98023820585824,0
-60.823559286069866,0
-68.47320824879867,0
-35.56858247656874,0
-59.292331132723845,0
-68.21390976786812,0
-72.39171405353994,0
-69.17284694595637,0
-70.19264660507665,0
-23.05176517481353,0
-63.924699187174866,0
-72.39171405353994,0
-68.63636957913849,0
-66.36602336142143,0
-64.2955949617322,0
-72.39171405353994,0
-61.874256179718294,0
-70.60315720660859,0
-67.06058082810523,0
-59.151436068116176,0
-55.254342635170026,0
-61.81932246090046,0
-53.89173975646666,0
-62.00178913200538,0
-72.10429951840486,0
-70.17983823272746,0
-72.39171405353994,0
-20.583123380648217,0
-61.60101826430858,0
-69.29056302547816,0
-64.9935027477568,0
-66.7094449758646,0
-70.60315720660859,0
-57.26656620428927,0
-70.20413731561237,0
-72.39171405353994,0
-67.15666823323028,0
-67.14879659906659,0
-65.97531664235535,0
-66.74667049343373,0
-65.05939023419226,0
-64.30390171876243,0
-59.292331132723845,0
-64.43439663596268,0
-52.07728845794918,0
-56.46679774381413,0
-67.95035425040498,0
-70.91105299690689,0
-47.46515644646843,0
-64.52579505389852,0
-56.86645964282866,0
-72.39171405353994,0
-58.941252613041634,0
-72.39171405353994,0
-71.97224171367773,0
-66.14397207968773,0
-70.8299733426308,0
-60.02479909101742,0
-67.94435717139456,0
-72.48105357159608,0
-59.292331132723845,0
-28.24507198206764,0
-68.95403465517741,0
-72.17490834294676,0
-68.90569454882757,0
-72.39171405353994,0
-77.76492941959225,0
-67.06453476924615,0
-70.19926226734839,0
-61.940923551085895,0
-58.27249399122398,0
-70.22671195389333,0
-72.39171405353994,0
-53.59043761301556,0
-64.63184173562212,0
-69.23039045054563,0
-67.08640621488368,0
-67.62878907500603,0
-70.1327390385822,0
-70.80140088909961,0
-66.05244349851029,0
-62.022757776300246,0
-65.89437630626857,0
-72.39171405353994,0
-70.6069369411492,0
-72.46436466871847,0
-66.05590761289922,0
-66.59433093454228,0
-72.39171405353994,0
-70.03890290084871,0
-59.292331132723845,0
-73.98023820585824,0
-66.71319921497852,0
-65.05077143509543,0
-61.83119986875841,0
-68.20734159975602,0
-70.11963487048337,0
-64.62402574515997,0
-63.668414518571325,0
-67.92776407233058,0
-72.05253648408348,0
-59.292331132723845,0
-55.86731451526174,0
-55.84567368853516,0
-67.27325438469236,0
-72.71346131404307,0
-65.90390490018925,0
-45.08756859061182,0
-72.39171405353994,0
-72.39171405353994,0
-60.98518382046751,0
-36.47353234337911,0
-67.4607146511549,0
-59.34352325567952,0
-69.63411495914357,0
-72.39171405353994,0
-73.98023820585824,0
-66.75100709799423,0
-72.39171405353994,0
-66.93920105632802,0
-67.94033121935496,0
-65.30867493901364,0
-67.968679174991,0
-66.1271285489818,0
-62.32470159786613,0
-55.23733047711195,0
-70.8299733426308,0
-52.679636931894784,0
-44.580302449153905,0
-72.39171405353994,0
-68.18447534948896,0
-66.97416738963199,0
-68.1305766048574,0
-66.1616938648894,0
-70.51577536608656,0
-72.39171405353994,0
-71.62715669337285,0
-70.8299733426308,0
-59.292331132723845,0
-71.86502239918815,0
-25.336672002787807,0
-70.16296603654769,0
-65.26394121691071,0
-70.60315720660859,0
-59.292331132723845,0
-72.5676107851648,0
-55.04468300357513,0
-70.07750952401472,0
-73.98023820585824,0
-62.851127261076655,0
-70.11629740202551,0
-64.83194623768607,0
-66.36602336142143,0
-69.59532967014354,0
-65.12698856032391,0
-72.39171405353994,0
-67.87755773193149,0
-71.55761878366047,0
-67.93759277130602,0
-66.01176613777,0
-64.41871332275076,0
-72.39171405353994,0
-70.4510578316947,0
-66.44881079264113,0
-60.36252018448953,0
-61.294880181692776,0
-33.53135694053997,0
-72.39963825402572,0
-70.04258430060688,0
-63.279199242400686,0
-63.74975281469645,0
-72.39171405353994,0
-66.6123796219647,0
-67.2571761972385,0
-67.94885878671352,0
-72.47909589406197,0
-59.50743742097829,0
-66.99888897678602,0
-62.92407630853202,0
-72.5676107851648,0
-63.13847676621469,0
-69.4121734698802,0
-72.39171405353994,0
-72.39171405353994,0
-59.14546938205831,0
-72.39171405353994,0
-64.41321969122548,0
-72.47909589406197,0
-64.64101740743621,0
-70.19269409923629,0
-71.31088020039145,0
-62.78082773751514,0
-42.97154888558708,0
-64.40468376743974,0
-64.47934706254304,0
-70.5401281568797,0
-69.94504148177217,0
-54.005699748072345,0
-64.01953307781233,0
-59.292331132723845,0
-69.63457103625103,0
-70.09726727724593,0
-61.878147600396396,0
-64.65239759632331,0
-64.36982357619357,0
-67.03694235120605,0
-71.96567354556564,0
-56.66496446431613,0
-72.39171405353994,0
-72.39171405353994,0
-72.39171405353994,0
-66.37595906367635,0
-68.8973191549236,0
-70.8299733426308,0
-59.292331132723845,0
-66.23353469794564,0
-67.97387736733288,0
-72.39171405353994,0
-68.49199842856018,0
-58.06935904573281,0
-70.3684537086802,0
-59.292331132723845,0
-59.292331132723845,0
-72.39171405353994,0
-64.25259436842661,0
-44.33199078640689,0
-59.292331132723845,0
-70.12944723912472,0
-72.39171405353994,0
-68.18102638741404,0
-42.39552694439688,0
-61.878147600396396,0
-48.31924158445805,0
-68.7832031378887,0
-71.35614252869435,0
-66.33466152106375,0
-69.41667508519916,0
-58.941252613041634,0
-49.69005441511738,0
-72.30803683242115,0
-70.8299733426308,0
-67.00679938245966,0
-36.785247863142345,0
-66.35444964093821,0
-66.73684955046966,0
-70.60315720660859,0
-69.47794432105023,0
-63.61489119922501,0
-70.10441999416756,0
-67.86199584819568,0
-70.11414123895807,0
-59.18783595385178,0
-68.84546327747663,0
-74.28745434933705,0
-70.8299733426308,0
-71.27950504544947,0
-72.39171405353994,0
-70.1757391504205,0
-42.728685765296994,0
-66.10528550928238,0
-67.93931477783582,0
-73.98023820585824,0
-65.96810577231567,0
-62.76662434307508,0
-66.73053969024754,0
-74.37531718363545,0
-37.03977072570613,0
-72.39171405353994,0
-67.92776407233058,0
-66.02009218338684,0
-73.98023820585824,0
-72.04400891672492,0
-64.32391999665671,0
-72.39171405353994,0
-59.17842471802081,0
-67.18973534892446,0
-67.86893893283465,0
-66.95846513101012,0
-66.36968212633654,0
-67.94515605806313,0
-64.67898238468936,0
-60.77331970128368,0
-48.914016856342045,0
-73.98023820585824,0
-72.93610497457598,0
-71.54371195774209,0
-65.12392688888575,0
-72.39171405353994,0
-63.566414730174905,0
-59.41894149423943,0
-59.292331132723845,0
-70.13969836953814,0
-69.29142060856518,0
-72.39171405353994,0
-64.67280038814413,0
-67.86893893283465,0
-72.39171405353994,0
-69.83897590943141,0
-59.292331132723845,0
-57.58997540385959,0
-69.12883680411086,0
-62.796656520249655,0
-66.68835576761053,0
-74.26863385684013,0
-70.69167209771145,0
-62.72110940762074,0
-39.10681316340609,0
-70.20416023632393,0
-67.06118625054151,0
-63.672703072866895,0
-45.16250585335757,0
-69.46035666551336,0
-64.4247572950114,0
-68.69522632011902,0
-66.38035367571582,0
-64.81316317496706,0
-43.01892886600668,0
-66.81084568919924,0
-61.01448585020684,0
-70.14800512656836,0
-67.00050686426582,0
-68.4747283479696,0
-67.50904375600464,0
-68.42833728624008,0
-64.31392474981247,0
-64.69733650255753,0
-64.51574149002394,0
-70.51577536608656,0
-67.28791464243807,0
-69.50472776245938,0
-64.83194623768607,0
-34.36126381926315,0
-72.39171405353994,0
-70.43886254505631,0
-59.292331132723845,0
-47.68518401395769,0
-67.94033121935496,0
-46.231220903132346,0
-67.2274445308254,0
-66.39830563325447,0
-72.39171405353994,0
-72.39171405353994,0
-70.10404507764068,0
-64.83667251218372,0
-67.968679174991,0
-74.34696922799941,0
-67.37442675100831,0
-55.45046316938242,0
-66.17804587564866,0
-60.17795608076424,0
-71.62715669337285,0
-72.39171405353994,0
-67.75179710278228,0
-63.04560614164866,0
-41.8783868304895,0
-66.62460945435295,0
-64.28557347787081,0
-65.71635814420291,0
-75.88899073213886,0
-66.82755190558349,0
-59.435177486596444,0
-69.29142060856518,0
-69.08096597271926,0
-71.00587007425565,0
-72.5676107851648,0
-72.39171405353994,0
-72.39171405353994,0
-64.83020992756936,0
-70.17757544795788,0
-69.20775431020415,0
-70.30785530956733,0
-66.25332094958542,0
-68.71884406700596,0
-44.08245640284734,0
-71.3176323532719,0
-65.25857734076722,0
-66.84620764938013,0
-77.76492941959225,0
-58.27249399122398,0
-55.914240612137455,0
-66.38861353949584,0
-63.00956397284436,0
-61.89553958612894,0
-65.29949244342764,0
-72.39171405353994,0
-69.11152816025279,0
-70.17581228068786,0
-63.58449848720939,0
-72.39171405353994,0
-72.39171405353994,0
-63.58449848720939,0
-72.39171405353994,0
-67.86199584819568,0
-72.39171405353994,0
-68.55928162291701,0
-58.941252613041634,0
-60.33073720378162,0
-73.98023820585824,0
-58.98521805987431,0
-69.67548613891145,0
-71.40094905203289,0
-59.292331132723845,0
-63.481794606742014,0
-70.07750952401472,0
-64.81316317496706,0
-66.68881825247081,0
-65.99262532885439,0
-68.0337216774807,0
-68.95525973239813,0
-63.9413725006798,0
-72.39171405353994,0
-71.06646847336853,0
-66.13820582551266,0
-69.79078622896016,0
-72.39171405353994,0
-66.58972847524124,0
-55.86098753805451,0
-64.40125709879507,0
-59.292331132723845,0
-65.86238349396864,0
-55.133228324730354,0
-59.292331132723845,0
-66.16031926235216,0
-68.38213950739915,0
-70.14920359679454,0
-59.292331132723845,0
-66.0605234016978,0
-67.07088328443044,0
-70.18433984804642,0
-69.63890610370117,0
-64.43152169509995,0
-64.66751624760172,0
-65.27517043983117,0
-42.25591415953998,0
-48.618533526868276,0
-72.39171405353994,0
-70.03890290084871,0
-42.457050730574224,0
-53.36739914517182,0
-72.39171405353994,0
-68.20606632479513,0
-72.39171405353994,0
-54.98427591964842,0
-72.47909589406197,0
-67.95035425040498,0
-72.39171405353994,0
-71.06646847336853,0
-71.20147944669907,0
-62.89832434543172,0
-68.5394612346395,0
-68.65793373445125,0
-70.17123112084334,0
-72.81877466506818,0
-51.62362270002844,0
-37.77983934821677,0
-67.62878907500603,0
-39.79596548569514,0
-71.84505501367428,0
-65.90320699382865,0
-63.58449848720939,0
-64.29932055891791,0
-68.93001655242404,0
-44.7667304607262,0
-62.85435810783234,0
-43.910502762778854,0
-59.292331132723845,0
-72.07235687236098,0
-65.01175233694323,0
-70.12445725565269,0
-62.79308006189997,0
-67.83530935061437,0
-70.16750552365764,0
-68.90569454882757,0
-70.9790866328465,0
-68.92873124039542,0
-67.94435717139456,0
-68.80704702466699,0
-71.10173920454272,0
-67.94885878671352,0
-59.292331132723845,0
-61.659955396030874,0
-68.78705417170173,0
-70.51577536608656,0
-66.69347085947295,0
-70.21935367551,0
-74.2755769414791,0
-60.652644997685215,0
-70.8299733426308,0
-59.292331132723845,0
-49.723150230448574,0
-72.39171405353994,0
-74.39083139267194,0
-63.08180268881533,0
-62.84002779353797,0
-65.98492647858745,0
-72.47909589406197,0
-54.893425475905936,0
-65.30867493901364,0
-72.39171405353994,0
-64.25233205601377,0
-76.04274751461179,0
-68.23639107788517,0
-69.25293941457855,0
-76.0361718079435,0
-39.682082892469396,0
-72.39171405353994,0
-61.90264281501731,0
-71.82622698262117,0
-72.39171405353994,0
-72.39171405353994,0
-62.37269063991002,0
-71.59808364849002,0
-61.47897903461864,0
-53.42042057079841,0
-63.047421037217475,0
-42.181449339111204,0
-66.6637804698753,0
-72.39171405353994,0
-57.10773598284664,0
-64.48796586163989,0
-32.33701502180983,0
-59.496925528648056,0
-72.39171405353994,0
-62.97462451874398,0
-72.39171405353994,0
-73.98023820585824,0
-70.12087856187003,0
-54.52887742585587,0
-66.6880651121118,0
-65.99300024538127,0
-66.48266190647495,0
-69.59814480096782,0
-65.86169065973517,0
-68.78006667854285,0
-65.60060766762284,0
-70.98738350583169,0
-67.86856401630777,0
-72.39171405353994,0
-67.9224935990261,0
-67.37079203526228,0
-72.39171405353994,0
-68.84423251743891,0
-68.55928162291701,0
-59.292331132723845,0
-71.97224171367773,0
-73.15737594731395,0
-67.86856401630777,0
-69.1299313868023,0
-56.21544477248976,0
-42.88278286538143,0
-66.37859050844581,0
-72.39171405353994,0
-66.17334487376316,0
-70.18063711939604,0
-65.34888588480045,0
-65.98122689084857,0
-70.07750952401472,0
-42.86420698490678,0
-72.5676107851648,0
-66.93471761367282,0
-42.90748934866099,0
-72.77856264526271,0
-68.38801955619684,0
-37.34674378466118,0
-68.12977771818882,0
-62.855047553533765,0
-67.43916838350262,0
-73.98023820585824,0
-59.292331132723845,0
-74.68288358705382,0
-74.37531718363545,0
-59.292331132723845,0
-67.968679174991,0
-57.10773598284664,0
-72.83325976917875,0
-72.39171405353994,0
-70.8299733426308,0
-64.4346857207477,0
-67.94435717139456,0
-71.88718036014293,0
-72.47909589406197,0
-72.39171405353994,0
-59.292331132723845,0
-72.39171405353994,0
-73.76818536852917,0
-61.878147600396396,0
-70.09307140775053,0
-49.723150230448574,0
-70.8299733426308,0
-47.310980654961675,0
-64.29133457173808,0
-39.79596548569514,0
-46.9699505298443,0
-67.03997087542825,0
-67.24920129530886,0
-42.8928838283965,0
-60.66473335667547,0
-63.312020863170794,0
-59.292331132723845,0
-66.10389748921145,0
-61.83450942810939,0
-59.292331132723845,0
-72.47909589406197,0
-67.30366165605388,0
-70.51577536608656,0
-17.06300166184827,0
-59.292331132723845,0
-70.8299733426308,0
-72.10429951840486,0
-68.22334438224529,0
-70.89819237331979,0
-57.343679057741426,0
-61.04917426169937,0
-72.39171405353994,0
-68.78705417170173,0
-66.4070649833646,0
-68.24295924599727,0
-69.66450767115919,0
-66.97536585985816,0
-70.20413731561237,0
-68.2575479401551,0
-72.39171405353994,0
-65.93758822844383,0
-66.4311441577252,0
-72.39171405353994,0
-67.21845665819423,0
-71.853137452774,0
-34.8859539243446,0
-68.73691007781103,0
-61.655584864982934,0
-45.10252054791201,0
-72.85065175491131,0
-70.1757391504205,0
-67.86856401630777,0
-70.5599892095112,0
-67.86934267759854,0
-46.387022022762714,0
-61.878147600396396,0
-69.39705006152352,0
-66.74667049343373,0
-70.9799112597998,0
-71.06646847336853,0
-66.21614271221311,0
-71.84509612357039,0
-70.51577536608656,0
-51.46977309309386,0
-69.6919107612272,0
-58.574490699559846,0
-70.8299733426308,0
-67.3084304688794,0
-60.964089106084586,0
-70.61881434900715,0
-38.27338696081422,0
-68.06954644683788,0
-72.39171405353994,0
-59.292331132723845,0
-64.34796974463292,0
-62.74968042197024,0
-70.8299733426308,0
-67.86893893283465,0
-64.33635199955188,0
-60.80089539822783,0
-71.84178886635698,0
-65.99859031132968,0
-71.97713915244985,0
-70.8299733426308,0
-56.22204084970872,0
-70.51577536608656,0
-59.48831706236967,0
-68.712599491656,0
-59.292331132723845,0
-72.39171405353994,0
-66.13116370733854,0
-67.36731129933663,0
-70.8299733426308,0
-72.39171405353994,0
-33.93874803764239,0
-61.890714747420766,0
-60.178461344071216,0
-59.292331132723845,0
-61.91906270305682,0
-61.04742698307674,0
-72.39171405353994,0
-66.33466152106375,0
-60.269807613139285,0
-70.1727267137224,0
-70.7187870215908,0
-65.96715678872816,0
-63.09525795723137,0
-71.86959602047648,0
-71.42063234848534,0
-68.75672114542567,0
-58.65047687158721,0
-72.0488337554331,0
-68.25195296162101,0
-59.292331132723845,0
-66.06728780178634,0
-62.543671882678126,0
-68.23639107788517,0
-68.12093451878701,0
-48.31924158445805,0
-70.66299285915511,0
-59.94300885692018,0
-69.04141649569944,0
-69.10330903624399,0
-72.39171405353994,0
-66.02762065097802,0
-66.61200470543781,0
-68.5673933128165,0
-69.58026894920374,0
-68.1636395560229,0
-60.89832088194967,0
-67.09122506142111,0
-73.98023820585824,0
-67.82291604191133,0
-64.37407184424248,0
-65.5688469031938,0
-72.47909589406197,0
-71.00795709083695,0
-60.36252018448953,0
-68.3323441295225,0
-67.94885878671352,0
-39.34153616920006,0
-59.292331132723845,0
-71.88643034486526,0
-67.2054601008493,0
-66.25053267378595,0
-61.89553958612894,0
-68.73019265342296,0
-71.89998873249212,0
-65.30373692219933,0
-60.33899706756166,0
-52.662066846639746,0
-71.97261663020461,0
-68.15910536739116,0
-59.292331132723845,0
-33.37084781490057,0
-59.292331132723845,0
-70.57641275290659,0
-70.13626478753937,0
-72.47909589406197,0
-70.13771288625881,0
-70.60315720660859,0
-62.32470159786613,0
-67.65361638854347,0
-71.22788088598261,0
-55.12354267966527,0
-59.2498020023478,0
-59.64892594566582,0
-70.91735518315282,0
-65.07205388924685,0
-67.87755773193149,0
-67.2233672419182,0
-68.2718782544495,0
-72.39171405353994,0
-70.14800512656836,0
-62.78120265404202,0
-59.292331132723845,0
-44.835688879770345,0
-62.97964654477207,0
-59.1875151840014,0
-39.56471330028636,0
-63.13847676621469,0
-41.143373069453645,0
-65.99186956322643,0
-67.09369331788204,0
-43.93525117380601,0
-71.34781443886331,0
-49.82346019609957,0
-61.89924231477931,0
-68.07283032534188,0
-65.39628344152834,0
-59.292331132723845,0
-71.98780359741357,0
-72.39171405353994,0
-68.426348488738,0
-64.58794097914964,0
-64.69489112877108,0
-69.6806843312533,0
-66.31581702102234,0
-72.39171405353994,0
-70.8299733426308,0
-68.53241406107875,0
-70.11414123895807,0
-69.59583083293955,0
-68.06202861731138,0
-72.04577208399493,0
-71.3582914109478,0
-66.75432169468046,0
-72.39171405353994,0
-74.32252467311707,0
-60.99550015963284,0
-64.57677139236658,0
-40.379580011621684,0
-66.18815870700132,0
-73.59377247228073,0
-70.47147431840834,0
-71.89224668107582,0
-69.16282391490634,0
-71.06646847336853,0
-64.2758203627016,0
-60.831461748822996,0
-48.562274788901114,0
-65.30867493901364,0
-65.85395895317545,0
-69.28835893712701,0
-72.5676107851648,0
-66.81594746140435,0
-67.94885878671352,0
-58.30721544845095,0
-59.292331132723845,0
-56.4806374594998,0
-64.67898238468936,0
-68.02262398494277,0
-71.42063234848534,0
-64.55185584373794,0
-59.56001113514949,0
-58.3437721278872,0
-65.99919899074563,0
-62.84002779353797,0
-72.94436483835602,0
-55.30383651981117,0
-71.06646847336853,0
-70.51577536608656,0
-53.447223640714434,0
-66.35560059601858,0
-64.37407184424248,0
-69.25818790133162,0
-64.21540632346334,0
-70.53029945790429,0
-70.8299733426308,0
-64.90371344073326,0
-59.292331132723845,0
-72.5676107851648,0
-62.83179294609751,0
-70.14001913938853,0
-54.97848721547954,0
-61.89553958612894,0
-60.25063866535232,0
-68.95403465517741,0
-72.39171405353994,0
-73.98023820585824,0
-71.20667763904095,0
-60.3243928766671,0
-63.35139582064947,0
-72.39171405353994,0
-72.39171405353994,0
-59.14009578547967,0
-59.292331132723845,0
-72.39171405353994,0
-54.99844645687409,0
-41.817184539424126,0
-64.2959157315826,0
-47.4594432822997,0
-63.2881911906226,0
-68.03938226181972,0
-62.84436286098811,0
-69.22708089119465,0
-71.84178886635698,0
-36.55705188316988,0
-66.01977141353646,0
-72.39171405353994,0
-67.9237528941,0
-65.32956443003445,0
-70.22766043254023,0
-64.23339519612378,0
-72.39171405353994,0
-67.37442675100831,0
-68.71110402796452,0
-72.39171405353994,0
-25.336672002787807,0
-65.95937066316101,0
-67.87183251319506,0
-59.292331132723845,0
-67.86856401630777,0
-61.586394248510835,0
-69.00221420866801,0
-65.39769241180646,0
-64.43020403328647,0
-56.692810046705425,0
-70.51577536608656,0
-67.03750486223285,0
-49.26131776280493,0
-67.86893893283465,0
-72.39171405353994,0
-70.8299733426308,0
-67.18217206216734,0
-65.40535982942042,0
-61.67992645259322,0
-48.50329131164715,0
-59.292331132723845,0
-72.39171405353994,0
-64.39822880300869,0
-70.19583055858214,0
-68.95403465517741,0
-71.17039304301409,0
-73.98023820585824,0
-66.0518253848772,0
-66.95061951871631,0
-64.94688787001745,0
-72.39171405353994,0
-66.34347440418422,0
-67.87755773193149,0
-64.65766928313286,0
-70.2551101190852,0
-67.92776407233058,0
-64.0923360651363,0
-59.23079451974024,0
-68.89893014873903,0
-44.12104982763787,0
-65.5622787350817,0
-70.8299733426308,0
-68.70041137257098,0
-72.05403194777497,0
-49.69005441511738,0
-72.39171405353994,0
-70.63314466330152,0
-62.186486936649516,0
-58.90380274230397,0
-68.85760403276419,0
-69.86518363158373,0
-62.1268758545362,0
-72.39171405353994,0
-71.87966594477672,0
-76.02429440008555,0
-67.86856401630777,0
-67.23999361856984,0
-59.292331132723845,0
-72.39171405353994,0
-68.6351224757431,0
-60.920450933797596,0
-61.33109927079051,0
-66.39355442455535,0
-69.37436163889173,0
-59.292331132723845,0
-69.63610950596734,0
-65.39373299885362,0
-67.32349518789047,0
-66.83033182530384,0
-72.39171405353994,0
-68.95525973239813,0
-67.75740236886725,0
-63.37297260063599,0
-61.64873789388488,0
-66.93920105632802,0
-68.61778757585758,0
-73.17264444024352,0
-71.97224171367773,0
-72.39171405353994,0
-40.72131310409878,0
-64.55670093396331,0
-72.39171405353994,0
-65.78284360220081,0
-72.39171405353994,0
-69.73023969376834,0
-73.98023820585824,0
-61.892477914690765,0
-57.26656620428927,0
-68.73841914155122,0
-70.22766043254023,0
-70.15136772580556,0
-57.531130031892744,0
-72.39171405353994,0
-39.35446760899108,0
-71.50904585011745,0
-70.20935842866578,0
-65.39375591956518,0
-72.39171405353994,0
-66.13920959382521,0
-70.60315720660859,0
-73.98023820585824,0
-60.67943868816218,0
-62.86404126915751,0
-69.81953550593784,0
-61.89924231477931,0
-70.17789621780827,0
-43.108680333295965,0
-70.14773092462701,0
-69.64922212039579,0
-50.511637491760396,0
-73.98023820585824,0
-68.11318461912487,0
-67.92776407233058,0
-67.50431840789199,0
-68.6679511294206,0
-67.92776407233058,0
-65.20985842846878,0
-29.106402272006065,0
-72.39171405353994,0
-36.32595195106495,0
-72.47909589406197,0
-67.9342305672451,0
-58.62523267393944,0
-72.39171405353994,0
-63.42422695438874,0
-72.39171405353994,0
-68.12424407813799,0
-72.39171405353994,0
-66.38554415415548,0
-59.939038920335705,0
-67.94515605806313,0
-64.91224100809181,0
-61.21908702660599,0
-70.8299733426308,0
-70.14800512656836,0
-68.91169162783802,0
-73.98023820585824,0
-68.79076564617651,0
-70.09307140775053,0
-66.18532288882749,0
-70.18583531173789,0
-60.010508040748206,0
-40.168207058655916,0
-52.888008334060075,0
-68.85549853284641,0
-62.99209020200104,0
-70.48145054371034,0
-57.27183420119662,0
-71.37368461684734,0
-65.28116751884163,0
-71.97224171367773,0
-70.13094270281618,0
-57.6503860810534,0
-44.45462453930565,0
-65.99589382574167,0
-70.1961513284325,0
-43.554990448276996,0
-70.19132894326319,0
-67.21818183686534,0
-59.292331132723845,0
-72.87417487183917,0
-65.09287167195411,0
-70.99821326367426,0
-72.04400891672492,0
-47.1903883292883,0
-36.86896627263648,0
-67.94033121935496,0
-73.98023820585824,0
-60.85972053772378,0
-67.49386601480273,0
-52.89942256610272,0
-42.9964355172742,0
-59.95310797659859,0
-68.88210427860781,0
-70.8299733426308,0
-67.94515605806313,0
-69.6176563914411,0
-56.27596324965551,0
-67.8808163406926,0
-65.31899485381295,0
-61.53804610633876,0
-65.54577164827096,0
-65.83766400026273,0
-64.57229905789401,0
-62.766303573224704,0
-72.47909589406197,0
-23.05176517481353,0
-63.306077253446546,0
-67.94209438662497,0
-63.99552327425734,0
-65.62505222250518,0
-72.39171405353994,0
-66.4311441577252,0
-66.0641500495121,0
-72.87482692864361,0
-63.58449848720939,0
-72.39171405353994,0
-69.20826039869772,0
-72.39171405353994,0
-65.62987706121335,0
-61.83119986875841,0
-71.86502239918815,0
-61.03157976746409,0
-70.13519675421918,0
-63.60029833247829,0
-66.84634017341996,0
-68.61583473704873,0
-58.19247914607134,0
-65.0611448973463,0
-74.35699225904943,0
-65.15051167725177,0
-69.79655070003865,0
-72.76749154504385,0
-66.93319216412156,0
-48.562274788901114,0
-65.5688469031938,0
-67.92776407233058,0
-71.61090372933437,0
-46.56274170792643,0
-66.55928910664319,0
-59.292331132723845,0
-54.928907893069336,0
-44.303419193966256,0
-67.17148023830022,0
-67.86199584819568,0
-66.5684041350416,0
-68.69141765694724,0
-68.12301331810028,0
-68.24333416252415,0
-68.95403465517741,0
-23.05176517481353,0
-72.39171405353994,0
-66.095465514528,0
-66.06841848394117,0
-70.60315720660859,0
-63.83385128863745,0
-57.10773598284664,0
-64.89631558738081,0
-70.8299733426308,0
-67.07845797762053,0
-61.10374320666108,0
-67.78721662533074,0
-59.292331132723845,0
-70.1130387932644,0
-71.86501486063196,0
-63.864354955925094,0
-61.02899533886002,0
-72.10429951840486,0
-60.33899706756166,0
-65.41361969320045,0
-71.87648853627579,0
-67.07933766715003,0
-63.13847676621469,0
-70.89819237331979,0
-67.01199757480151,0
-65.61310248864118,0
-47.31543139780385,0
-65.51307871871664,0
-66.71319921497852,0
-55.89230065032277,0
-73.76818536852917,0
-59.292331132723845,0
-61.827941259997296,0
-66.32550911478097,0
-66.38341534715398,0
-65.30867493901364,0
-72.39171405353994,0
-74.28419574057594,0
-66.54658693302368,0
-64.34744311358459,0
-53.447223640714434,0
-64.23213451571525,0
-70.14741411549599,0
-35.783733985061446,0
-70.91735518315282,0
-65.45466943694076,0
-71.96567354556564,0
-68.64498837823535,0
-59.292331132723845,0
-67.38615147257482,0
-58.183966099475036,0
-71.84178886635698,0
-62.825461540664364,0
-71.02972388129628,0
-36.295616954462844,0
-68.95041099816265,0
-66.71743096304446,0
-65.80554519956436,0
-65.35427713797998,0
-59.292331132723845,0
-68.31648961631447,0
-68.26737663913055,0
-70.16292436381312,0
-72.39171405353994,0
-68.90649343549615,0
-72.39171405353994,0
-70.15091587168413,0
-34.8859539243446,0
-68.54012391320857,0
-59.292331132723845,0
-66.78438256109501,0
-66.83098317381649,0
-72.39171405353994,0
-70.18466061789681,0
-72.39171405353994,0
-61.679639159699086,0
-64.93725958871117,0
-67.95035425040498,0
-67.94033121935496,0
-70.13095554779352,0
-61.70855979975601,0
-68.54511086083443,0
-68.65022541400928,0
-72.39171405353994,0
-63.77088345800463,0
-72.47909589406197,0
-42.588003581056846,0
-72.39171405353994,0
-68.26737663913055,0
-71.00587007425565,0
-61.90408651959199,0
-72.39171405353994,0
-64.73609511479975,0
-72.39171405353994,0
-61.83119986875841,0
-61.15947398767283,0
-59.541709131275034,0
-61.72584934552126,0
-59.292331132723845,0
-70.17692866043805,0
-72.10429951840486,0
-68.4877866743367,0
-72.39171405353994,0
-59.292331132723845,0
-68.84572662490623,0
-66.0717894171053,0
-64.39709598757784,0
-37.05059949576734,0
-62.92501069789695,0
-47.23547264888337,0
-48.34877139595289,0
-67.86856401630777,0
-72.39171405353994,0
-59.59364006360087,0
-44.719891598109236,0
-69.83897590943141,0
-67.87710137547262,0
-46.59130210572517,0
-64.87926888585095,0
-52.24743044885521,0
-67.52111137407016,0
-67.00190141348412,0
-68.98184452076416,0
-68.3487859061572,0
-54.05732822996852,0
-68.56094212812702,0
-54.718914491683094,0
-72.39171405353994,0
-72.39171405353994,0
-64.58304892085484,0
-45.43354733549427,0
-66.65483946099522,0
-68.72707094884473,0
-70.12087856187003,0
-62.73007290155953,0
-59.936440688808084,0
-65.98605614092185,0
-72.0488337554331,0
-67.1829539608041,0
-53.447223640714434,0
-67.53657105203862,0
-70.8299733426308,0
-68.86772963323247,0
-58.941252613041634,0
-66.1968916378885,0
-72.39171405353994,0
-71.54371195774209,0
-70.8299733426308,0
-73.98023820585824,0
-60.72473659199175,0
-69.43357322410421,0
-70.22766043254023,0
-66.81594746140435,0
-59.51172568108279,0
-61.36936349358344,0
-70.51577536608656,0
-70.14920359679454,0
-67.71977459481559,0
-59.292331132723845,0
-66.97270760369983,0
-65.98712417424204,0
-66.07292009926013,0
-68.43600453128867,0
-67.62878907500603,0
-70.92855836633576,0
-66.15888931341084,0
-40.860256555546755,0
-71.06646847336853,0
-65.95816461456887,0
-55.85537491777235,0
-55.812005879917024,0
-70.8299733426308,0
-70.8299733426308,0
-72.39171405353994,0
-72.78631203754078,0
-70.17983823272746,0
-64.81316317496706,0
-66.84258414968868,0
-59.292331132723845,0
-70.12445725565269,0
-72.39171405353994,0
-70.91735518315282,0
-70.17581228068786,0
-71.06646847336853,0
-64.684074670021,0
-72.47909589406197,0
-62.86136149781271,0
-68.8786987471471,0
-70.46453123376936,0
-70.1308072955118,0
-67.31094767457988,0
-74.35549679535796,0
-64.58794097914964,0
-64.90275341356464,0
-68.6957582835401,0
-71.92144417232885,0
-64.24772430855793,0
-70.07750952401472,0
-41.486537599239554,0
-66.39817203548434,0
-67.97546678014717,0
-64.93149730962043,0
-70.10894304661622,0
-72.39171405353994,0
-68.3702124290474,0
-66.17842079217554,0
-44.56240441467317,0
-74.34423077995046,0
-61.39718880052141,0
-61.892477914690765,0
-65.30920264461776,0
-72.50457668852394,0
-70.11414123895807,0
-70.8299733426308,0
-69.63411495914357,0
-59.292331132723845,0
-66.71211986412106,0
-72.39171405353994,0
-50.82085343269959,0
-68.73019265342296,0
-66.58151671252102,0
-72.39171405353994,0
-63.940384791735674,0
-62.97964654477207,0
-62.84832289652816,0
-67.03414205723051,0
-59.177519937157165,0
-65.02616034089766,0
-66.355558568409,0
-68.54661181383263,0
-72.39171405353994,0
-72.39171405353994,0
-69.19052978591517,0
-66.03994797701925,0
-72.39171405353994,0
-68.00554312819722,0
-39.56471330028636,0
-67.69286412466272,0
-72.47909589406197,0
-64.26328619229376,0
-68.95403465517741,0
-64.54637868035094,0
-63.312020863170794,0
-65.19975220127128,0
-70.16300390833868,0
-72.39171405353994,0
-70.20935842866578,0
-55.13507057964416,0
-66.38711807580437,0
-61.89924231477931,0
-69.64255702343087,0
-39.3806753311434,0
-70.40154560544741,0
-43.744234544215864,0
-64.23250943224213,0
-72.85065175491131,0
-72.39171405353994,0
-71.3582914109478,0
-67.94885878671352,0
-72.39171405353994,0
-66.05069470272235,0
-69.60022197621957,0
-63.006121242736754,0
-70.13094848617027,0
-66.7688190052695,0
-70.1727267137224,0
-68.71707570200047,0
-72.39171405353994,0
-72.39171405353994,0
-71.06646847336853,0
-63.41811928134918,0
-72.39171405353994,0
-63.104915947721,0
-72.5676107851648,0
-70.19269409923629,0
-67.27738189288817,0
-61.899393442477354,0
-70.9790866328465,0
-58.432440807552794,0
-72.39171405353994,0
-41.11116426858922,0
-66.20426530435516,0
-65.2396274138247,0
-72.39171405353994,0
-68.22315443468526,0
-66.49886777558046,0
-72.39171405353994,0
-72.39171405353994,0
-70.20508120073683,0
-66.81761008928778,0
-70.43586133962575,0
-67.94033121935496,0
-59.292331132723845,0
-71.3582914109478,0
-66.06502501701675,0
-73.98023820585824,0
-67.56529236130837,0
-40.97995287206644,0
-65.0951783152353,0
-67.94885878671352,0
-64.43502641845582,0
-59.292331132723845,0
-69.09105671185915,0
-55.9017790825452,0
-68.81000216019203,0
-69.90336054611676,0
-64.32735170542296,0
-59.292331132723845,0
-63.566414730174905,0
-70.56395491957716,0
-72.39171405353994,0
-68.20153143754558,0
-64.23250943224213,0
-63.15850274538114,0
-72.39171405353994,0
-70.8299733426308,0
-70.09307140775053,0
-70.57517617672013,0
-66.90386219562106,0
-67.08712514976995,0
-68.8985191354246,0
-59.292331132723845,0
-67.86856401630777,0
-70.8299733426308,0
-60.8978314799256,0
-63.452641538565615,0
-45.93454668241781,0
-59.50743742097829,0
-70.8299733426308,0
-72.5676107851648,0
-66.21431740175474,0
-43.82711801600066,0
-65.56553734384282,0
-68.64806128499826,0
-72.16814394285822,0
-67.87755773193149,0
-71.97224171367773,0
-72.39171405353994,0
-53.447223640714434,0
-61.892477914690765,0
-74.2755769414791,0
-67.25914964890288,0
-70.57186661736915,0
-71.16238639375115,0
-70.8299733426308,0
-33.93874803764239,0
-70.20935842866578,0
-67.968679174991,0
-72.87813648799462,0
-62.750479308638816,0
-60.39437954817417,0
-67.96209811143785,0
-62.34010468646379,0
-33.6578343425527,0
-59.292331132723845,0
-57.26656620428927,0
-72.5676107851648,0
-70.12450493035203,0
-56.90634527648008,0
-67.94209438662497,0
-72.39171405353994,0
-72.0373430448974,0
-70.72639066047226,0
-70.51577536608656,0
-72.39171405353994,0
-65.12234169092243,0
-63.76744880259845,0
-64.81316317496706,0
-37.388090979569846,0
-67.62878907500603,0
-72.39171405353994,0
-70.89819237331979,0
-68.82990139374078,0
-70.12970312269391,0
-64.74059491077625,0
-70.16324513366351,0
-58.2590106795734,0
-66.05501962302658,0
-61.59906910843168,0
-61.81932246090046,0
-74.35179406670758,0
-64.56786195364589,0
-35.03191009273998,0
-46.65800427670557,0
-45.40126673429618,0
-60.49517885119603,0
-59.292331132723845,0
-67.94885878671352,0
-70.8299733426308,0
-69.8095739241705,0
-69.63411495914357,0
-63.11945618457331,0
-70.13094270281618,0
-40.626028495813074,0
-70.28335541266124,0
-65.89023534869189,0
-65.91049062375895,0
-67.92776407233058,0
-62.42374879241078,0
-72.05403194777497,0
-72.39171405353994,0
-38.288543693767174,0
-61.226648894733586,0
-66.18815870700132,0
-70.51577536608656,0
-64.74505973360816,0
-66.74667049343373,0
-74.35549679535796,0
-64.74906644419598,0
-74.37531718363545,0
-67.75682571994072,0
-61.866270192538444,0
-47.04987038372316,0
-67.87755773193149,0
-72.2670430567329,0
-72.39171405353994,0
-68.3021593020201,0
-72.39171405353994,0
-64.25254669372727,0
-69.05190381307595,0
-71.96567354556564,0
-61.892477914690765,0
-65.82034943122864,0
-67.37079203526228,0
-69.1600854668574,0
-62.80147890541899,0
-59.80951447448769,0
-48.42691798592308,0
-74.33051066029694,0
-66.94046240377143,0
-70.11960696137649,0
-52.03266999885455,0
-60.257206833464416,0
-68.68713634246308,0
-71.33634830177567,0
-62.79606577009167,0
-67.97387736733288,0
-67.97387736733288,0
-61.88797629937181,0
-65.19111120023543,0
-67.94885878671352,0
-66.11046565732354,0
-61.744336542537404,0
-59.292331132723845,0
-72.39171405353994,0
-37.84551940860031,0
-65.0977191667334,0
-56.26540988756403,0
-71.3582914109478,0
-59.292331132723845,0
-69.81953550593784,0
-68.76216788370076,0
-64.24769639945107,0
-70.13771288625881,0
-67.24263149803436,0
-65.49791501924707,0
-68.69118466225177,0
-73.98023820585824,0
-67.53878599382435,0
-46.06978503356474,0
-68.98704271310604,0
-72.47909589406197,0
-72.39171405353994,0
-71.06646847336853,0
-72.39171405353994,0
-67.92376917889672,0
-64.6546603810929,0
-68.95403465517741,0
-69.84992821795348,0
-59.292331132723845,0
-66.9766651957992,0
-72.39171405353994,0
-70.18063711939604,0
-57.10773598284664,0
-66.37481088085755,0
-67.968679174991,0
-70.14953749850447,0
-67.19321206951106,0
-68.1570036047388,0
-68.1894980794068,0
-67.53052613004431,0
-72.39171405353994,0
-70.8299733426308,0
-66.83896916099633,0
-74.27520202495222,0
-57.58365902398247,0
-62.88094289619839,0
-67.48904117609456,0
-69.78508509315444,0
-72.5676107851648,0
-66.0920125427973,0
-65.33879928003579,0
-71.88718036014293,0
-59.292331132723845,0
-64.93192887232946,0
-70.8299733426308,0
-68.70784899168126,0
-67.04890265363181,0
-66.76005189754716,0
-44.738382505090144,0
-70.8299733426308,0
-68.73841914155122,0
-41.951083919290504,0
-67.26550448503022,0
-68.57189492813546,0
-68.44473774187674,0
-68.82333322562869,0
-59.292331132723845,0
-61.744336542537404,0
-70.8299733426308,0
-67.94435717139456,0
-65.35252004705437,0
-70.51577536608656,0
-72.39171405353994,0
-59.292331132723845,0
-72.5676107851648,0
-72.85435448356169,0
-61.827941259997296,0
-68.08942342440584,0
-72.39171405353994,0
-48.47531438348544,0
-63.94671617312961,0
-58.44770500044418,0
-32.953734362649264,0
-72.39171405353994,0
-72.39171405353994,0
-65.2041284934435,0
-70.89057174174367,0
-71.88718036014293,0
-53.5319077772809,0
-57.28982107771906,0
-65.81632347918905,0
-62.721936867632905,0
-62.55915439910945,0
-74.37531718363545,0
-67.86199584819568,0
-61.29261739692319,0
-70.22766043254023,0
-48.31924158445805,0
-70.8299733426308,0
-71.06646847336853,0
-56.3799767695225,0
-49.24732935896427,0
-69.39705006152352,0
-63.820662250905215,0
-61.228080742229736,0
-72.5676107851648,0
-38.47155124518877,0
-70.1727267137224,0
-59.412177094150884,0
-67.6717046341601,0
-67.94033121935496,0
-72.39171405353994,0
-67.94885878671352,0
-65.94037385124969,0
-67.01968626753944,0
-69.62052949938206,0
-66.68377190848501,0
-63.312020863170794,0
-62.34010468646379,0
-65.19683604369905,0
-72.4184974949491,0
-59.292331132723845,0
-66.38341534715398,0
-64.63103492059896,0
-72.5676107851648,0
-67.92776407233058,0
-66.07224514637724,0
-64.75043393416959,0
-66.9680399849628,0
-69.90500493257846,0
-64.73239238614937,0
-67.88412590004359,0
-72.39171405353994,0
-65.3474192519459,0
-73.86215906220059,0
-72.39171405353994,0
-70.98663591680543,0
-61.900737778470805,0
-64.37131833285584,0
-59.292331132723845,0
-72.47909589406197,0
-55.2109735973147,0
-72.39171405353994,0
-60.230634847624074,0
-66.09563697389328,0
-66.01176613777,0
-68.67631167869816,0
-61.336160093174584,0
-59.292331132723845,0
-70.20416023632393,0
-68.45309759481307,0
-72.78962159689176,0
-64.65239759632331,0
-66.30682330539862,0
-71.06646847336853,0
-44.08658344964886,0
-66.17076672126879,0
-67.86856401630777,0
-63.929298199727214,0
-17.06300166184827,0
-69.02325424873263,0
-59.292331132723845,0
-51.86485371534664,0
-62.665858833053036,0
-48.50329131164715,0
-57.12514957813478,0
-70.9790866328465,0
-70.8299733426308,0
-68.56447981525886,0
-71.87966594477672,0
-69.17284694595637,0
-68.78741198211762,0
-65.31929880593516,0
-59.292331132723845,0
-66.8074600568886,0
-66.36516023652972,0
-52.75764860112716,0
-66.09226186218721,0
-69.66450767115919,0
-68.66463885557569,0
-64.78655855677324,0
-67.99656569737022,0
-72.39171405353994,0
-70.11629740202551,0
-72.0488337554331,0
-69.04141649569944,0
-69.43357322410421,0
-65.26710520725597,0
-68.65761296460086,0
-67.86199584819568,0
-59.292331132723845,0
-59.292331132723845,0
-58.06256462805398,0
-50.55038034221293,0
-67.80457805917193,0
-71.00397660489567,0
-61.892477914690765,0
-69.16764875361451,0
-65.12618967365533,0
-66.11613554208087,0
-61.04742698307674,0
-72.39171405353994,0
-65.98712417424204,0
-68.36326934440842,0
-72.39171405353994,0
-67.44420323038155,0
-72.39171405353994,0
-67.95035425040498,0
-72.47909589406197,0
-68.17084233561016,0
-70.8299733426308,0
-67.87755773193149,0
-64.24223067703265,0
-61.20345897828261,0
-72.04577208399493,0
-62.95600755023272,0
-67.8808163406926,0
-72.39171405353994,0
-68.06954644683788,0
-67.93759277130602,0
-69.16764875361451,0
-72.39171405353994,0
-72.39171405353994,0
-72.39171405353994,0
-70.54255880749571,0
-73.98023820585824,0
-40.20728887166421,0
-40.56772671440422,0
-71.00795709083695,0
-51.75692098282057,0
-70.51577536608656,0
-71.00587007425565,0
-59.292331132723845,0
-72.39171405353994,0
-69.04141649569944,0
-67.03900032592432,0
-64.78859928464522,0
-74.33440208097502,0
-70.47109940188146,0
-69.64567050378972,0
-66.62756658917364,0
-72.87417487183917,0
-67.8189320495803,0
-69.99524782217125,0
-70.67767301693235,0
-57.10773598284664,0
-70.8299733426308,0
-72.04400891672492,0
-67.40905385235025,0
-60.96375376228721,0
-59.292331132723845,0
-73.98023820585824,0
-48.58042913975739,0
-65.30867493901364,0
-34.292453334094404,0
-67.62878907500603,0
-67.88412590004359,0
-61.495917828263934,0
-70.2196744453604,0
-70.16324513366351,0
-70.13519675421918,0
-59.292331132723845,0
-70.13626478753937,0
-70.97841579610831,0
-62.85162885998784,0
-69.81953550593784,0
-47.89372933504561,0
-72.5676107851648,0
-72.39171405353994,0
-66.99703999740328,0
-68.88910144976361,0
-60.652644997685215,0
-46.66881098465009,0
-67.94515605806313,0
-72.39171405353994,0
-64.42372180377669,0
-63.56046817147636,0
-72.39171405353994,0
-67.53278891481389,0
-66.71794918416397,0
-70.18063711939604,0
-68.04741639498994,0
-72.39171405353994,0
-67.01199757480151,0
-66.98166534531082,0
-70.19926226734839,0
-65.54873159658938,0
-67.95035425040498,0
-63.87340119279963,0
-66.24452308885198,0
-71.87648853627579,0
-72.39171405353994,0
-69.19052978591517,0
-73.12698323529831,0
-61.827941259997296,0
-65.04382835045645,0
-65.17242491056835,0
-64.44469475468352,0
-58.55734184064954,0
-59.292331132723845,0
-72.39171405353994,0
-72.39171405353994,0
-71.87648853627579,0
-73.59377247228073,0
-55.931051637048,0
-40.11082326380941,0
-71.88168672861764,0
-67.78545345806073,0
-59.273613848452584,0
-72.5676107851648,0
-59.50743742097829,0
-42.455351596012605,0
-67.6020675139838,0
-72.5676107851648,0
-68.82252641060555,0
-69.63411495914357,0
-35.17479232958483,0
-72.39171405353994,0
-42.402762884111986,0
-66.50946070880298,0
-70.13095554779352,0
-68.7832031378887,0
-61.63342690402816,0
-69.69898633512776,0
-59.292331132723845,0
-71.44846798843926,0
-71.06646847336853,0
-74.68288358705382,0
-62.34010468646379,0
-64.99317932824677,0
-68.18759455552613,0
-69.49392396089452,0
-61.14154737040565,0
-64.29047144684635,0
-72.39171405353994,0
-68.74665122112543,0
-61.212518858493894,0
-62.44367687491623,0
-72.39171405353994,0
-59.292331132723845,0
-72.39171405353994,0
-72.39171405353994,0
-65.40444774343231,0
-60.3329999885512,0
-70.17757544795788,0
-50.489269134740226,0
-72.5676107851648,0
-66.42875157419472,0
-68.6679511294206,0
-63.92686806406205,0
-64.29109334641325,0
-71.06646847336853,0
-48.45123178900909,0
-69.44558084257089,0
-66.73202716530031,0
-64.74372325475933,0
-61.166876149571465,0
-68.75067717316503,0
-74.35179406670758,0
-66.81084568919924,0
-72.07235687236098,0
-68.70433962787598,0
-68.84572662490623,0
-64.31275005597138,0
-69.14920403399837,0
-72.39171405353994,0
-72.39171405353994,0
-56.24325192660926,0
-70.8299733426308,0
-70.10404507764068,0
-65.99272370300646,0
-67.25100905208993,0
-67.97387736733288,0
-72.39171405353994,0
-72.39171405353994,0
-71.3582914109478,0
-74.32252467311707,0
-65.0657272233475,0
-72.39171405353994,0
-68.83027631026766,0
-66.86613137382756,0
-54.606679211854015,0
-59.292331132723845,0
-70.60315720660859,0
-17.06300166184827,0
-71.5300412024691,0
-72.17640380663823,0
-29.219933860318484,0
-65.44465482175072,0
-64.38979096170743,0
-72.04400891672492,0
-72.39171405353994,0
-71.00587007425565,0
-72.39171405353994,0
-71.06646847336853,0
-55.24539925892911,0
-70.14001913938853,0
-72.5676107851648,0
-65.11942527356679,0
-59.292331132723845,0
-63.61489119922501,0
-66.98458501155778,0
-71.23099123084494,0
-72.39171405353994,0
-68.96351959617814,0
-62.76676277259418,0
-66.93899472428576,0
-72.39171405353994,0
-70.51577536608656,0
-67.05813931112074,0
-67.86856401630777,0
-68.68801623212379,0
-67.50819884223164,0
-72.39171405353994,0
-59.292331132723845,0
-67.23561956630303,0
-72.39171405353994,0
-72.39171405353994,0
-68.76209893061426,0
-17.06300166184827,0
-72.47909589406197,0
-71.82622698262117,0
-74.35549679535796,0
-59.292331132723845,0
-70.16238200877177,0
-68.95403465517741,0
-67.86856401630777,0
-70.8299733426308,0
-35.99798828843004,0
-72.39171405353994,0
-62.643212705878916,0
-72.39171405353994,0
-67.92776407233058,0
-60.033098218822616,0
-69.50472776245938,0
-59.292331132723845,0
-72.4184974949491,0
-72.72902319777889,0
-65.36943391596871,0
-69.19052978591517,0
-70.20413731561237,0
-70.16292436381312,0
-59.292331132723845,0
-71.41348028874003,0
-42.76761855841176,0
-64.8371072016627,0
-71.06646847336853,0
-70.51577536608656,0
-52.74247973538914,0
-71.06646847336853,0
-68.93521474476591,0
-70.16782629350803,0
-64.77258956112385,0
-70.8299733426308,0
-26.246833652209865,0
-60.0052784131695,0
-66.83033182530384,0
-73.98023820585824,0
-72.47909589406197,0
-62.86112250792088,0
-61.87853168274803,0
-72.47909589406197,0
-64.73774706738476,0
-63.400535754273626,0
-73.31091740211144,0
-42.99039796233081,0
-63.195534512909674,0
-61.89553958612894,0
-62.34010468646379,0
-66.13769158186567,0
-70.8299733426308,0
-70.10894304661622,0
-73.98023820585824,0
-69.66450767115919,0
-72.39171405353994,0
-67.70094025648959,0
-64.98219038991923,0
-62.97964654477207,0
-69.19637006288426,0
-64.95265965605525,0
-72.39171405353994,0
-73.98023820585824,0
-70.54689255696825,0
-70.91735518315282,0
-70.57114741729211,0
-71.86502239918815,0
-65.98180787287292,0
-29.106402272006065,0
-72.39171405353994,0
-66.03315027241986,0
-63.566414730174905,0
-66.20945878491285,0
-64.29133457173808,0
-35.03191009273998,0
-66.64135714240861,0
-62.56365601442841,0
-72.39171405353994,0
-72.39171405353994,0
-72.5676107851648,0
-70.8299733426308,0
-68.37755564827364,0
-66.71211986412106,0
-73.98023820585824,0
-59.292331132723845,0
-73.98023820585824,0
-68.31839319414156,0
-72.39171405353994,0
-72.39171405353994,0
-65.97533171727393,0
-58.92706935900278,0
-70.1727267137224,0
-62.763619976427194,0
-58.10012333032073,0
-64.84564197181678,0
-73.98023820585824,0
-72.39171405353994,0
-70.15842274849416,0
-69.63883142624516,0
-76.04075296778802,0
-71.84178886635698,0
-66.94704082493365,0
-66.93564517632896,0
-70.13585351676906,0
-67.88412590004359,0
-64.93762129623707,0
-56.27023227273338,0
-70.1691709823084,0
-47.74897212101498,0
-38.40416109710843,0
-74.34696922799941,0
-56.36661207704128,0
-70.6354074480711,0
-64.90097499268431,0
-66.71518393712864,0
-70.42397639321157,0
-36.33695712830805,0
-66.35122430384635,0
-66.74757351599547,0
-68.98704271310604,0
-59.292331132723845,0
-53.67005658448412,0
-64.6857325518991,0
-59.292331132723845,0
-72.39171405353994,0
-67.4858917147312,0
-53.447223640714434,0
-64.81316317496706,0
-71.89168197546189,0
-71.06646847336853,0
-72.39171405353994,0
-61.89474069946035,0
-62.34010468646379,0
-59.292331132723845,0
-43.754457680528695,0
-72.39171405353994,0
-62.34010468646379,0
-74.2755769414791,0
-70.17123112084334,0
-72.39171405353994,0
-71.3582914109478,0
-67.62878907500603,0
-64.73774706738476,0
-72.39171405353994,0
-64.52831513393505,0
-66.94493194649021,0
-69.59096077307089,0
-59.292331132723845,0
-72.39171405353994,0
-70.51577536608656,0
-66.44573494487274,0
-59.292331132723845,0
-65.19638260940194,0
-66.61653359822962,0
-69.87194803167228,0
-56.45279103594071,0
-52.56465420957243,0
-63.400535754273626,0
-66.03931451383527,0
-69.30416958824513,0
-64.6256191094236,0
-62.5517424339801,0
-67.968679174991,0
-64.00869555679829,0
-59.955261181305026,0
-66.82597930197362,0
-63.312020863170794,0
-69.58546714154559,0
-72.39171405353994,0
-69.22421287790662,0
-61.08536750666231,0
-60.793724375442345,0
-67.91588666447262,0
-67.94209438662497,0
-64.27092239372605,0
-63.142137880409535,0
-66.73094359893946,0
-72.93610497457598,0
-65.81037003827254,0
-66.39392934108224,0
-70.51577536608656,0
-70.1130387932644,0
-72.39171405353994,0
-65.96122628600703,0
-67.15004710678924,0
-72.39171405353994,0
-67.94209438662497,0
-72.39171405353994,0
-69.08553959400759,0
-70.16750552365764,0
-66.99179094577909,0
-61.63084859879859,0
-38.34805857242953,0
-72.39171405353994,0
-40.20728887166421,0
-66.32901133203835,0
-72.58078410649921,0
-70.99721220480713,0
-68.64248336259298,0
-72.39171405353994,0
-64.40318830374827,0
-63.65592224766425,0
-59.292331132723845,0
-70.16300390833868,0
-67.92776407233058,0
-72.4184974949491,0
-72.5676107851648,0
-49.82346019609957,0
-68.93377735835845,0
-67.86893893283465,0
-70.60315720660859,0
-62.89645710523486,0
-69.61578385995539,0
-39.60138839679545,0
-68.53269683455096,0
-67.77605811266389,0
-71.89168197546189,0
-69.79165326126653,0
-67.87755773193149,0
-66.93920105632802,0
-70.8299733426308,0
-69.77918121215485,0
-58.06935904573281,0
-67.1866736774863,0
-66.97752998886918,0
-59.292331132723845,0
-70.6354074480711,0
-61.68477867476722,0
-66.41004944334229,0
-67.20319731607971,0
-57.69450416824949,0
-66.71488751272581,0
-71.06646847336853,0
-60.91277997706888,0
-58.12575007698382,0
-48.87638488946495,0
-57.069577092224826,0
-68.95403465517741,0
-39.38293811591299,0
-69.9638988269681,0
-61.570250199685724,0
-65.95366299924991,0
-66.45314991104708,0
-74.2755769414791,0
-68.95403465517741,0
-72.5676107851648,0
-66.12321174292896,0
-71.89998873249212,0
-65.69844156606386,0
-68.2087863905105,0
-67.94515605806313,0
-45.24419302822109,0
-70.8299733426308,0
-67.97387736733288,0
-71.33634076321948,0
-65.20608126584679,0
-72.39171405353994,0
-68.87017117978854,0
-72.39171405353994,0
-72.39171405353994,0
-40.265609727191936,0
-67.06704988768881,0
-65.98492647858745,0
-61.827941259997296,0
-68.95403465517741,0
-61.900737778470805,0
-69.08753414083135,0
-59.292331132723845,0
-66.14400714111277,0
-68.8786942500049,0
-67.8808163406926,0
-50.92372835178526,0
-60.96718601673292,0
-65.99236678219727,0
-72.39171405353994,0
-68.86772963323247,0
-72.39171405353994,0
-67.58334623195078,0
-64.27913639402973,0
-67.50572028614663,0
-66.99754091200786,0
-72.39171405353994,0
-62.34010468646379,0
-68.91992907914155,0
-64.64754886208786,0
-62.654279746472746,0
-67.91718472598791,0
-70.8299733426308,0
-64.3322496743985,0
-67.14486170173642,0
-72.39171405353994,0
-64.44303532634721,0
-58.941252613041634,0
-71.56511152624915,0
-70.13626478753937,0
-72.39171405353994,0
-67.56843011358261,0
-50.510172538028435,0
-67.86199584819568,0
-40.78851678893198,0
-67.39265595416477,0
-67.06210092727616,0
-63.73931019556487,0
-64.538172202039,0
-61.88797629937181,0
-66.27857128297599,0
-72.46956286106035,0
-61.69487483608463,0
-69.50148724765164,0
-64.36301157582561,0
-42.773661765955666,0
-60.36252018448953,0
-72.39171405353994,0
-69.27992989802945,0
-68.1305766048574,0
-70.19132894326319,0
-43.01936062491335,0
-67.95035425040498,0
-65.39584429744484,0
-58.96044011275724,0
-67.94033121935496,0
-56.84771913146951,0
-61.495917828263934,0
-42.161682231848104,0
-68.58752691649305,0
-53.48015242115487,0
-66.77066244144149,0
-68.19872280065918,0
-72.39171405353994,0
-68.30570570544417,0
-69.286595769857,0
-68.10868219440218,0
-56.445802210466866,0
-65.21198203365952,0
-48.562274788901114,0
-58.941252613041634,0
-70.14654534063621,0
-62.97964654477207,0
-66.0152697982175,0
-47.233166395753656,0
-67.45930692636514,0
-69.14121804681854,0
-59.93398605913357,0
-61.83119986875841,0
-67.08159842855352,0
-72.10429951840486,0
-60.99658061482564,0
-68.8165329624244,0
-72.39171405353994,0
-59.40234839517546,0
-66.79891622158205,0
-71.62310222910938,0
-62.85435810783234,0
-74.31857106280754,0
-66.04011409340605,0
-65.93814674475601,0
-59.292331132723845,0
-70.9573210817254,0
-72.5676107851648,0
-59.292331132723845,0
-72.39171405353994,0
-70.13626478753937,0
-70.14741411549599,0
-61.212518858493894,0
-67.30569202083045,0
-72.39171405353994,0
-39.22080325763461,0
-43.636239755278325,0
-72.39171405353994,0
-66.37859050844581,0
-63.44607337045352,0
-73.98023820585824,0
-72.39171405353994,0
-59.292331132723845,0
-71.82622698262117,0
-71.3582914109478,0
-70.14920359679454,0
-27.35664291582504,0
-54.952228188848785,0
-42.46590416140001,0
-70.11963487048337,0
-56.889028874553745,0
-37.77983934821677,0
-67.86856401630777,0
-67.96209811143785,0
-69.58436469585192,0
-69.19052978591517,0
-63.75313948709139,0
-70.19583055858214,0
-63.82664885862128,0
-68.95403465517741,0
-30.353150716798215,0
-54.18974164580448,0
-38.54473500600186,0
-67.54049993099329,0
-72.30803683242115,0
-70.12413648580232,0
-51.820980519746676,0
-20.583123380648217,0
-76.07114567980364,0
-64.64407907887438,0
-71.02698543324733,0
-66.7094449758646,0
-66.99398855657165,0
-70.19926226734839,0
-64.06731748451692,0
-72.5676107851648,0
-38.335491425405166,0
-73.98023820585824,0
-62.84002779353797,0
-68.64806128499826,0
-64.81316317496706,0
-72.4184974949491,0
-67.94885878671352,0
-65.59902226022437,0
-59.49589295892566,0
-70.1130387932644,0
-62.86729987791861,0
-56.854742611861894,0
-72.39171405353994,0
-73.98023820585824,0
-69.57574589675508,0
-68.68484948883514,0
-66.00977616669222,0
-55.86564107404904,0
-64.4861792710914,0
-71.00587007425565,0
-72.39171405353994,0
-61.899393442477354,0
-68.70784899168126,0
-67.88412590004359,0
-68.27864265453805,0
-67.94435717139456,0
-37.39369151629917,0
-72.39171405353994,0
-63.57991732736487,0
-68.31472644904446,0
-59.48068902965452,0
-72.93916664601414,0
-72.78522851709026,0
-39.38373700258157,0
-34.427737219325685,0
-61.629720112194136,0
-68.18044939744937,0
-68.8786987471471,0
-68.87419713182814,0
-42.13613723883376,0
-65.30867493901364,0
-61.899393442477354,0
-47.23465852836285,0
-66.65796305559489,0
-41.142990178553305,0
-67.8808163406926,0
-63.941649717286545,0
-68.75396780728893,0
-65.21617574466666,0
-13.765816954223173,0
-72.5676107851648,0
-67.91477546327297,0
-67.80971446794231,0
-70.16914640886031,0
-64.30116327071349,0
-68.77203319720337,0
-68.38539939625636,0
-72.39171405353994,0
-72.39171405353994,0
-64.01768927242202,0
-66.46838130618887,0
-70.8299733426308,0
-72.47909589406197,0
-46.34727836674275,0
-72.39171405353994,0
-70.14105170911094,0
-61.83119986875841,0
-68.13577479719928,0
-70.43586133962575,0
-64.81316317496706,0
-70.07750952401472,0
-69.10005042748287,0
-70.66299285915511,0
-72.39171405353994,0
-64.93725958871117,0
-55.89379611401425,0
-69.21482856680981,0
-64.51156359141416,0
-59.46891261280154,0
-64.22116084582511,0
-70.11414123895807,0
-70.12268283903617,0
-66.38861353949584,0
-70.00851018883307,0
-64.09048579089551,0
-51.871930428650906,0
-70.15751027681341,0
-72.39171405353994,0
-67.8808163406926,0
-59.30033242945264,0
-43.57168450049524,0
-68.63657057446254,0
-66.06326184974674,0
-70.1857821683488,0
-67.53657105203862,0
-72.5676107851648,0
-70.8299733426308,0
-73.98023820585824,0
-52.04911130761324,0
-66.21798635227141,0
-64.37992679913422,0
-59.292331132723845,0
-40.87454853666265,0
-72.39171405353994,0
-73.98023820585824,0
-72.5676107851648,0
-59.292331132723845,0
-66.83182317820543,0
-70.1858822049881,0
-74.34423077995046,0
-64.87861409405765,0
-68.8674327317396,0
-67.79153854356667,0
-64.70881442124605,0
-66.50252295910643,0
-70.51577536608656,0
-68.95439666507392,0
-70.16436151341367,0
-68.21999876026777,0
-61.62864648572323,0
-62.51817488529677,0
-63.677033317668176,0
-62.605232683964324,0
-50.976694882063796,0
-64.38628920551929,0
-67.13809730164787,0
-71.3195061219478,0
-72.39171405353994,0
-68.69699034158158,0
-66.4625831795536,0
-66.70830709809357,0
-61.64675241060554,0
-64.35850996050665,0
-70.51577536608656,0
-67.78721662533074,0
-61.649885471730634,0
-63.72157713967939,0
-64.03389685703813,0
-43.61412445696494,0
-70.8299733426308,0
-59.31865735403865,0
-68.77557867896755,0
-67.18886700178534,0
-67.86199584819568,0
-72.39171405353994,0
-73.76818536852917,0
-72.39171405353994,0
-58.023850151554214,0
-65.92415100382205,0
-69.29661880090703,0
-68.26338771061292,0
-45.49712416080058,0
-73.98023820585824,0
-60.0483222079453,0
-70.2529627006456,0
-32.691999592850244,0
-70.15768027177268,0
-59.8700095562443,0
-70.53029945790429,0
-49.69005441511738,0
-72.26493115708072,0
-70.17757544795788,0
-67.23862244249804,0
-70.09307140775053,0
-69.48235272349444,0
-54.61927440574572,0
-60.36252018448953,0
-68.95403465517741,0
-68.65155654634745,0
-68.18527423615754,0
-67.07283939513681,0
-70.8299733426308,0
-64.5107062846406,0
-72.47909589406197,0
-38.972309861222115,0
-65.9057075432294,0
-64.67064824557029,0
-60.33073720378162,0
-64.83260788829081,0
-61.3926740126737,0
-74.29076390868804,0
-72.39171405353994,0
-72.85584994725316,0
-67.69591440037695,0
-72.39171405353994,0
-73.98023820585824,0
-64.45178859413086,0
-67.54270011128308,0
-72.89730794286726,0
-70.8299733426308,0
-70.12970312269391,0
-57.10773598284664,0
-72.39171405353994,0
-72.39171405353994,0
-66.40693846408185,0
-37.37987697926616,0
-71.30083389334963,0
-70.8299733426308,0
-72.39171405353994,0
-62.208154405627276,0
-68.3723011835675,0
-72.39171405353994,0
-65.3336553190173,0
-65.61248507548079,0
-55.90411213070887,0
-59.7883908195907,0
-66.99374246417727,0
-67.03138454959824,0
-66.4058067489402,0
-68.3482725970224,0
-41.777503227605465,0
-70.2551101190852,0
-58.31718583435168,0
-72.39171405353994,0
-70.21485206019105,0
-72.39171405353994,0
-72.39171405353994,0
-72.39171405353994,0
-59.292331132723845,0
-59.292331132723845,0
-66.76508352870698,0
-72.39171405353994,0
-72.39171405353994,0
-63.4474606185798,0
-70.16292436381312,0
-73.98023820585824,0
-66.61184798688332,0
-70.0243647020411,0
-68.91169162783802,0
-70.91735518315282,0
-66.47384919496109,0
-70.10441999416756,0
-72.39171405353994,0
-61.89474069946035,0
-68.03938226181972,0
-35.14638490783869,0
-72.39963825402572,0
-68.25195296162101,0
-61.85009922095208,0
-68.31472644904446,0
-67.97387736733288,0
-61.337122059571364,0
-69.22708089119465,0
-72.39171405353994,0
-23.05176517481353,0
-30.00295850255932,0
-70.9790866328465,0
-66.41213665642373,0
-68.3704047835933,0
-63.54239300585489,0
-68.71182983495927,0
-72.39171405353994,0
-67.93759277130602,0
-72.39171405353994,0
-68.370805719876,0
-65.17006244966437,0
-70.8299733426308,0
-70.66855008582812,0
-59.50743742097829,0
-66.82055004504186,0
-63.57518387777854,0
-59.292331132723845,0
-62.459207170273984,0
-73.98023820585824,0
-48.31503646678588,0
-68.62942649449951,0
-68.43013472631047,0
-62.28960061083264,0
-72.39171405353994,0
-70.8299733426308,0
-67.88412590004359,0
-49.120605655017485,0
-72.39171405353994,0
-70.14773092462701,0
-61.878147600396396,0
-74.62812554709458,0
-68.24679461154896,0
-72.87156831988253,0
-66.18532288882749,0
-64.70743865873246,0
-72.87417487183917,0
-71.89168197546189,0
-61.703290858496345,0
-59.292331132723845,0
-69.33645166241064,0
-76.04075296778802,0
-65.34894939622664,0
-72.47909589406197,0
-55.43304957409428,0
-68.06623688748687,0
-68.6398029731825,0
-72.5676107851648,0
-61.81237937626147,0
-70.57517617672013,0
-64.40468376743974,0
-65.83878557408255,0
-68.11318461912487,0
-72.48760097671523,0
-74.26863385684013,0
-72.5676107851648,0
-72.47909589406197,0
-37.15524262949291,0
-55.43304957409428,0
-65.38228978247754,0
-61.99696702281562,0
-62.99123904825835,0
-56.817326419453885,0
-60.34768460443064,0
-68.92905201024578,0
-68.90182077024255,0
-68.4792053278091,0
-51.67928900065856,0
-59.292331132723845,0
-64.89486892645515,0
-63.5604230107066,0
-59.292331132723845,0
-68.03640409005867,0
-64.9308469834908,0
-72.39171405353994,0
-72.39171405353994,0
-62.34010468646379,0
-59.292331132723845,0
-55.45046316938242,0
-63.452274410803696,0
-51.9203918671105,0
-68.94092941810374,0
-73.76818536852917,0
-67.21073320581675,0
-68.59695071577221,0
-36.86981822935621,0
-68.94437363402386,0
-63.69290821574043,0
-40.87078758126919,0
-65.43632068771814,0
-46.19523618816244,0
-59.292331132723845,0
-72.39171405353994,0
-57.69450416824949,0
-60.05142314340863,0
-72.39171405353994,0
-61.678185933207054,0
-63.513540248126,0
-64.21935993377288,0
-70.60315720660859,0
-63.66147143393235,0
-64.26580232433338,0
-59.86623320861233,0
-63.27350240450169,0
-48.562274788901114,0
-69.14777426610196,0
-53.447223640714434,0
-70.9790866328465,0
-61.495917828263934,0
-65.92415100382205,0
-71.00587007425565,0
-72.39171405353994,0
-70.8299733426308,0
-65.32262134539548,0
-72.5676107851648,0
-65.1619012299412,0
-65.96987830443156,0
-67.94033121935496,0
-60.25063866535232,0
-59.292331132723845,0
-61.83119986875841,0
-39.54115712544449,0
-70.12445725565269,0
-69.66450767115919,0
-68.04741639498994,0
-62.85259494056233,0
-68.56094212812702,0
-57.388795556761416,0
-63.13847676621469,0
-67.06625100102023,0
-70.4866612856173,0
-49.69005441511738,0
-68.87531892112392,0
-70.63815737381248,0
-70.11963487048337,0
-65.30923055372462,0
-70.12438737968142,0
-66.08066395638028,0
-41.98157204056293,0
-61.90580045676095,0
-72.5676107851648,0
-67.968679174991,0
-72.39171405353994,0
-67.94885878671352,0
-67.79563297800428,0
-64.81316317496706,0
-67.34995091692888,0
-70.19264660507665,0
-72.39171405353994,0
-68.95403465517741,0
-64.41184439591873,0
-72.39171405353994,0
-68.37309082544171,0
-68.98704271310604,0
-59.292331132723845,0
-65.25248874399495,0
-72.39171405353994,0
-70.13094848617027,0
-39.115026907334894,0
-70.15136772580556,0
-66.21688001627106,0
-60.42169042854297,0
-59.292331132723845,0
-66.27582346071156,0
-70.60315720660859,0
-62.79638962125098,0
-67.8808163406926,0
-64.4235357079201,0
-67.91588666447262,0
-70.20416023632393,0
-72.47909589406197,0
-68.61098600281325,0
-74.34423077995046,0
-70.8299733426308,0
-63.49682527942511,0
-66.49886777558046,0
-72.47909589406197,0
-72.5676107851648,0
-70.12970312269391,0
-74.34873239526942,0
-60.00220891294301,0
-65.40444774343231,0
-69.87548473664015,0
-66.10388995065526,0
-67.62878907500603,0
-67.62878907500603,0
-70.69358641942797,0
-65.04370593361078,0
-71.26894934750055,0
-70.22766043254023,0
-72.39171405353994,0
-64.83232115421295,0
-66.07328488079676,0
-69.19052978591517,0
-72.5676107851648,0
-64.94147771163367,0
-66.11706349678344,0
-67.38702600291624,0
-68.79877889326823,0
-67.968679174991,0
-67.15556477879164,0
-65.13069128897429,0
-72.39171405353994,0
-70.1492676274022,0
-61.64455563602706,0
-72.39171405353994,0
-64.69336726535494,0
-52.6556035257815,0
-66.1570147344241,0
-55.1921453690916,0
-65.09386446477943,0
-67.8808163406926,0
-62.97964654477207,0
-72.39171405353994,0
-66.0152697982175,0
-66.03931451383527,0
-65.84083430506107,0
-42.40701097413069,0
-72.39171405353994,0
-62.276375512244506,0
-72.03144176970056,0
-72.39171405353994,0
-58.73050568227885,0
-64.90800190560176,0
-70.8299733426308,0
-59.292331132723845,0
-64.27666868985092,0
-70.9757983498011,0
-64.81316317496706,0
-68.73841953526173,0
-63.312020863170794,0
-66.06502501701675,0
-66.9689952187151,0
-72.39171405353994,0
-60.35732199214767,0
-67.36902886799227,0
-61.32318886511688,0
-74.34873239526942,0
-63.565247849414774,0
-70.14920359679454,0
-68.34303952815102,0
-67.68862472755252,0
-66.71754262962462,0
-62.83287573379266,0
-42.455351596012605,0
-65.27967205515013,0
-59.292331132723845,0
-67.94515605806313,0
-70.66299285915511,0
-72.39171405353994,0
-60.86409426651037,0
-61.89553958612894,0
-63.400535754273626,0
-67.54176924438048,0
-63.3764812557169,0
-69.56317092910766,0
-67.86856401630777,0
-72.39171405353994,0
-63.130069982246525,0
-63.312020863170794,0
-66.09160980538277,0
-61.89553958612894,0
-72.39171405353994,0
-72.39171405353994,0
-70.8299733426308,0
-59.38751103408287,0
-62.73457451687849,0
-66.47384919496109,0
-70.16782629350803,0
-72.39171405353994,0
-65.24563791241395,0
-70.15751027681341,0
-62.97964654477207,0
-50.85397604221915,0
-66.95839906896437,0
-72.47909589406197,0
-62.86112250792088,0
-69.50472776245938,0
-63.75743502897096,0
-42.28040819622513,0
-47.65215223757985,0
-29.001168918605053,0
-61.89553958612894,0
-40.20728887166421,0
-45.53367724833129,0
-72.39171405353994,0
-72.39171405353994,0
-67.02886567774853,0
-72.39171405353994,0
-64.23703248469079,0
-29.186871891173634,0
-59.292331132723845,0
-65.87135849330367,0
-55.43304957409428,0
-64.24223067703265,0
-61.878147600396396,0
-51.08280959066929,0
-68.07196720045015,0
-64.67115718204546,0
-66.98940739672713,0
-65.14021483061234,0
-72.39171405353994,0
-70.15136772580556,0
-69.69238879714437,0
-62.65630094299723,0
-71.00587007425565,0
-72.01956436184261,0
-42.98660681829878,0
-72.0488337554331,0
-73.98023820585824,0
-68.8674327317396,0
-64.32687503025001,0
-61.93334765452992,0
-72.03203176137158,0
-68.95403465517741,0
-70.17307383263892,0
-71.06646847336853,0
-64.62402574515997,0
-72.39171405353994,0
-68.86772963323247,0
-72.39171405353994,0
-70.60315720660859,0
-72.93836775934557,0
-72.04127046867598,0
-70.1408459473839,0
-64.09860858622764,0
-65.70291863655922,0
-62.581014076826406,0
-63.24866710258168,0
-72.10429951840486,0
-17.06300166184827,0
-67.11110402565265,0
-70.34391270187801,0
-66.81455296603141,0
-72.39171405353994,0
-67.94435717139456,0
-63.50896001126192,0
-36.769654934523835,0
-72.39171405353994,0
-67.85682412600049,0
-61.24305417968005,0
-64.31825067926937,0
-36.37449679212618,0
-66.62310176634172,0
-67.08890009718975,0
-64.81316317496706,0
-62.32470159786613,0
-54.6214295991224,0
-67.86893893283465,0
-72.39171405353994,0
-60.765204274014984,0
-72.70689314593098,0
-58.31596424726038,0
-72.03144176970056,0
-59.83092995872099,0
-59.292331132723845,0
-66.67164670820739,0
-59.18526534765433,0
-66.36602336142143,0
-68.46160571654454,0
-66.00705653043536,0
-59.292331132723845,0
-69.69100034794792,0
-69.63411495914357,0
-70.20413731561237,0
-68.1414147116346,0
-72.03314814112174,0
-69.41832703778418,0
-72.39171405353994,0
-68.78419747806441,0
-66.68116598347076,0
-72.39171405353994,0
-68.64059044240967,0
-70.14741411549599,0
-70.63138149603151,0
-66.95860550589617,0
-64.87893486390803,0
-67.86893893283465,0
-64.252476817756,0
-66.70852451554515,0
-61.29938179701173,0
-57.10773598284664,0
-60.22775251367233,0
-59.292331132723845,0
-70.20161637724948,0
-72.39171405353994,0
-70.17789621780827,0
-67.31548333099651,0
-68.95403465517741,0
-66.06040922821818,0
-63.631068405723155,0
-70.14920359679454,0
-40.51053764312858,0
-67.94515605806313,0
-68.2550040153628,0
-72.39171405353994,0
-64.53043349789185,0
-70.07750952401472,0
-70.19269409923629,0
-66.35414595356347,0
-65.88620939665229,0
-67.94033121935496,0
-34.8859539243446,0
-63.74298841460791,0
-74.32252467311707,0
-66.99888897678602,0
-72.39171405353994,0
-72.39171405353994,0
-70.51577536608656,0
-73.98023820585824,0
-67.29069349683299,0
-65.35710120689889,0
-50.85780577194415,0
-64.84776610291026,0
-70.51577536608656,0
-72.47909589406197,0
-64.16920611141902,0
-70.92855836633576,0
-65.95937066316101,0
-66.18012469648563,0
-70.8299733426308,0
-55.133228324730354,0
-72.39171405353994,0
-61.91906270305682,0
-70.5528896359787,0
-70.16758020111365,0
-72.39171405353994,0
-66.46710084069764,0
-60.80249230739177,0
-61.892477914690765,0
-54.181658415530784,0
-65.07395901002859,0
-72.84985286824273,0
-57.37951190213249,0
-70.12445725565269,0
-68.32325401640301,0
-70.8299733426308,0
-42.990941885748924,0
-51.999381037431974,0
-69.19052978591517,0
-74.33440208097502,0
-67.07609019818906,0
-64.27992729861202,0
-62.871846013456036,0
-42.5029786225592,0
-67.8808163406926,0
-74.34696922799941,0
-60.964089106084586,0
-69.68291704560346,0
-66.80263767171928,0
-68.12930682151355,0
-71.87071240022667,0
-64.4802820058385,0
-71.73268664063733,0
-66.38341534715398,0
-59.292331132723845,0
-69.84992821795348,0
-72.78964950599861,0
-72.39171405353994,0
-72.39171405353994,0
-52.15868754658524,0
-68.96202413248668,0
-72.39171405353994,0
-70.60315720660859,0
-35.296281708672154,0
-72.8135764727263,0
-66.1933568993432,0
-59.292331132723845,0
-72.39171405353994,0
-68.90371732776649,0
-64.56723359027089,0
-64.24378888087247,0
-67.70399683947667,0
-70.14741411549599,0
-66.42682458640172,0
-60.91277997706888,0
-73.98023820585824,0
-69.1585871398713,0
-67.25601318955702,0
-61.11011384780413,0
-51.915751204263195,0
-70.15842274849416,0
-63.434430019807195,0
-72.39171405353994,0
-71.87648853627579,0
-67.0355206917294,0
-60.67778886035375,0
-59.292331132723845,0
-71.06646847336853,0
-60.33379887521979,0
-40.88489360441784,0
-64.31941838133775,0
-72.47909589406197,0
-67.97387736733288,0
-70.74260586182868,0
-56.317258039416416,0
-70.13626478753937,0
-70.10441999416756,0
-56.83502612022714,0
-72.39171405353994,0
-66.21947053916925,0
-61.83119986875841,0
-70.11414123895807,0
-71.96567354556564,0
-72.39171405353994,0
-70.16914640886031,0
-66.68121853508812,0
-67.0132708392684,0
-65.42132297749171,0
-66.85498572878865,0
-41.23314185156863,0
-62.34010468646379,0
-64.05341050871053,0
-61.35035684909915,0
-72.39171405353994,0
-61.866270192538444,0
-49.952374100805365,0
-71.06646847336853,0
-66.74716224522516,0
-66.69495987175402,0
-64.5225384588206,0
-68.3525485181313,0
-65.49485334780891,0
-67.94515605806313,0
-69.81953550593784,0
-70.19926226734839,0
-68.63118417408566,0
-69.19052978591517,0
-56.315213338911015,0
-59.292331132723845,0
-64.60902601035964,0
-59.292331132723845,0
-71.98780359741357,0
-72.39171405353994,0
-44.30075763336856,0
-64.34781813663952,0
-69.04301241409802,0
-72.39171405353994,0
-72.39171405353994,0
-53.33513670484893,0
-64.49805667894935,0
-64.96324771475349,0
-51.12093526972233,0
-72.39171405353994,0
-64.84970707552318,0
-65.36533483366175,0
-66.32901133203835,0
-69.8119439059382,0
-68.49640547343354,0
-69.04141649569944,0
-64.00379663293367,0
-67.4930118750227,0
-64.30390171876243,0
-67.49108990707305,0
-64.31275005597138,0
-56.89385125972309,0
-57.10773598284664,0
-65.15570986959365,0
-59.292331132723845,0
-63.74693422810451,0
-67.95035425040498,0
-71.01077222166126,0
-69.75468424865065,0
-42.673546607272414,0
-65.97354628970034,0
-59.292331132723845,0
-64.03365011634335,0
-42.68910849100825,0
-65.47367064141066,0
-64.10417577035905,0
-67.94435717139456,0
-70.16914640886031,0
-64.82947100023041,0
-72.32079831152012,0
-69.63610950596734,0
-69.12934063896058,0
-70.8299733426308,0
-68.22041598663631,0
-65.32918951350757,0
-71.06646847336853,0
-60.33899706756166,0
-62.97964654477207,0
-73.98023820585824,0
-70.17789621780827,0
-70.11960696137649,0
-69.59546238838985,0
-59.292331132723845,0
-72.39171405353994,0
-72.5676107851648,0
-72.39171405353994,0
-61.73289809997994,0
-58.541502871258125,0
-66.37585206039687,0
-59.292331132723845,0
-61.4058458298799,0
-70.14654534063621,0
-68.48084358969773,0
-70.16750552365764,0
-67.8808163406926,0
-73.98023820585824,0
-66.9838425348363,0
-71.22457132663163,0
-71.98123542930148,0
-59.292331132723845,0
-58.941252613041634,0
-72.39171405353994,0
-76.26378710779598,0
-62.97847756915937,0
-66.08038445432926,0
-65.7074075444974,0
-65.59271937990893,0
-58.941252613041634,0
-64.49496578865866,0
-49.883720262334,0
-67.94033121935496,0
-65.33064739235219,0
-57.486054133133806,0
-64.27215244429125,0
-71.59957911218152,0
-70.11963487048337,0
-67.73165200267354,0
-66.78403544217849,0
-59.292331132723845,0
-70.64140452708153,0
-47.455134962607026,0
-69.63411495914357,0
-64.97253271260932,0
-67.2947738786207,0
-53.447223640714434,0
-67.39578180625857,0
-70.21485206019105,0
-35.03191009273998,0
-63.95827677185654,0
-72.39171405353994,0
-72.47909589406197,0
-69.63411495914357,0
-61.00981835198199,0
-67.95035425040498,0
-69.66450767115919,0
-48.562274788901114,0
-67.57442719259303,0
-67.94515605806313,0
-70.1130387932644,0
-63.44313786196854,0
-70.1858822049881,0
-43.10487459113381,0
-70.8299733426308,0
-72.4184974949491,0
-72.39171405353994,0
-64.02606179591498,0
-59.292331132723845,0
-70.8299733426308,0
-72.39171405353994,0
-72.39171405353994,0
-66.09169098719856,0
-70.8299733426308,0
-59.34314833915264,0
-66.50780573592873,0
-72.39171405353994,0
-70.51577536608656,0
-67.86893893283465,0
-74.62812554709458,0
-70.10404507764068,0
-53.237785524819365,0
-69.49774592939399,0
-56.56269167033332,0
-61.92426089539868,0
-70.51577536608656,0
-72.39171405353994,0
-65.58442325008484,0
-72.39171405353994,0
-70.15231208447153,0
-72.47909589406197,0
-71.06646847336853,0
-74.38051537597732,0
-66.26225600721538,0
-60.304529481629295,0
-72.39171405353994,0
-63.913300050345825,0
-72.39171405353994,0
-62.83935623285463,0
-59.292331132723845,0
-67.94515605806313,0
-68.32325401640301,0
-72.39171405353994,0
-71.98780359741357,0
-60.64768194447143,0
-51.446113165475985,0
-63.13452148433184,0
-67.91588666447262,0
-67.62878907500603,0
-72.47909589406197,0
-70.51577536608656,0
-72.39171405353994,0
-62.77425956940304,0
-59.292331132723845,0
-72.39171405353994,0
-72.39171405353994,0
-64.91373647178331,0
-58.941252613041634,0
-67.94885878671352,0
-59.20522793958432,0
-61.89474069946035,0
-31.431229418352512,0
-68.47633112764424,0
-67.07755787767474,0
-72.39171405353994,0
-64.63806728202894,0
-67.8808163406926,0
-71.86959602047648,0
-29.106402272006065,0
-72.39171405353994,0
-67.20047797544996,0
-69.20826039869772,0
-70.69167209771145,0
-65.12311471802639,0
-72.47909589406197,0
-54.61927440574572,0
-72.39171405353994,0
-70.1130387932644,0
-72.78305342877967,0
-70.47109940188146,0
-71.87966594477672,0
-72.39171405353994,0
-66.68103346043605,0
-58.721614626492055,0
-72.39171405353994,0
-69.43357322410421,0
-67.88412590004359,0
-70.8299733426308,0
-68.74384381998999,0
-65.13809092240612,0
-72.39171405353994,0
-63.94149412985734,0
-68.72615099555574,0
-70.49376286893059,0
-72.39171405353994,0
-59.292331132723845,0
-64.6267301985036,0
-62.716738675291055,0
-62.34010468646379,0
-56.333931736236885,0
-72.39171405353994,0
-69.66450767115919,0
-69.94504148177217,0
-69.65566575063394,0
-67.94435717139456,0
-59.17113616082449,0
-70.18063711939604,0
-70.8299733426308,0
-73.98023820585824,0
-65.35748750415645,0
-69.53020855692138,0
-23.05176517481353,0
-72.84582691620314,0
-64.31392474981247,0
-67.83943214026793,0
-64.39461644470181,0
-70.51577536608656,0
-68.10211402629008,0
-71.06646847336853,0
-62.86261797161238,0
-72.39171405353994,0
-72.87482692864361,0
-70.51577536608656,0
-72.39171405353994,0
-61.24230416440239,0
-64.41096604248425,0
-72.39171405353994,0
-64.94688787001745,0
-70.8299733426308,0
-72.39171405353994,0
-35.97449023762177,0
-58.941252613041634,0
-58.2222678677634,0
-72.39171405353994,0
-70.09307140775053,0
-64.20559896208928,0
-71.3051745199425,0
-64.85296282053082,0
-55.23733047711195,0
-63.13847676621469,0
-72.04400891672492,0
-67.1866736774863,0
-64.43813735737167,0
-41.26305710245078,0
-42.97154888558708,0
-68.45162774661776,0
-66.71794918416397,0
-72.39171405353994,0
-67.02138046747024,0
-59.292331132723845,0
-46.34727836674275,0
-66.35939576545123,0
-62.578015385074536,0
-67.968679174991,0
-66.34428121920736,0
-66.88536135649231,0
-67.968679174991,0
-68.51836652025659,0
-26.791815623027258,0
-67.86856401630777,0
-64.90890713154602,0
-60.98148109181713,0
-58.11857780747961,0
-63.510610025146974,0
-59.292331132723845,0
-72.96788795528389,0
-69.2621512149747,0
-67.30625538056883,0
-65.06595840230436,0
-67.5290077652815,0
-72.39171405353994,0
-59.292331132723845,0
-59.5953224711818,0
-72.39171405353994,0
-56.322080424585764,0
-65.12758940579397,0
-66.31331115870493,0
-70.14773092462701,0
-70.28245610095499,0
-61.645304311886115,0
-68.19870987980292,0
-67.28846857313783,0
-70.14283295565147,0
-55.86098753805451,0
-70.51577536608656,0
-61.92426089539868,0
-70.13626478753937,0
-70.8299733426308,0
-43.121899648694495,0
-72.39171405353994,0
-70.16300390833868,0
-63.61489119922501,0
-67.91515037979985,0
-38.37468614111461,0
-69.68051674662532,0
-67.92776407233058,0
-63.11658858398897,0
-44.43930910882784,0
-71.19044614873208,0
-70.8299733426308,0
-69.63411495914357,0
-17.06300166184827,0
-72.39171405353994,0
-65.12618967365533,0
-70.12091967176616,0
-72.39171405353994,0
-67.86893893283465,0
-71.89792105540099,0
-68.58567340458684,0
-70.51577536608656,0
-63.417940422641465,0
-72.39171405353994,0
-70.1691709823084,0
-62.8574197792705,0
-63.400535754273626,0
-68.61846464958022,0
-68.78419747806441,0
-63.13847676621469,0
-70.76937361730559,0
-70.17757544795788,0
-73.98023820585824,0
-65.02481212068707,0
-60.04243030986744,0
-67.01199757480151,0
-62.022757776300246,0
-66.97847434753515,0
-70.76342452491097,0
-67.22570109909253,0
-68.05043113906227,0
-59.93709699804942,0
-67.83530935061437,0
-69.63411495914357,0
-72.39171405353994,0
-64.25382751970524,0
-65.92063408597379,0
-59.292331132723845,0
-73.98023820585824,0
-59.292331132723845,0
-43.16407464715664,0
-68.77497625604994,0
-31.470574998969024,0
-69.63411495914357,0
-70.89057174174367,0
-72.84985286824273,0
-70.8299733426308,0
-72.39171405353994,0
-59.412177094150884,0
-67.8808163406926,0
-66.80778856594287,0
-62.97964654477207,0
-71.59268910744049,0
-69.90500493257846,0
-72.39171405353994,0
-66.53975820622989,0
-72.39171405353994,0
-55.133228324730354,0
-66.65360946679344,0
-72.39171405353994,0
-68.08539747236624,0
-61.818947544373565,0
-67.62878907500603,0
-66.68230422899933,0
-59.292331132723845,0
-68.42794936126612,0
-65.50311321158894,0
-64.90493438647768,0
-66.22979783265752,0
-68.62942649449951,0
-66.294490666208,0
-66.90612498039064,0
-70.89849594222945,0
-72.39171405353994,0
-62.97964654477207,0
-38.937370136455385,0
-65.30867493901364,0
-61.827941259997296,0
-68.78705417170173,0
-66.73218729032612,0
-55.4452475358903,0
-65.35117677366136,0
-65.03737926771146,0
-72.39171405353994,0
-63.94809715768542,0
-65.28084343877954,0
-72.47909589406197,0
-64.81316317496706,0
-65.37432972209875,0
-70.8299733426308,0
-33.58412712906371,0
-61.228080742229736,0
-70.13095554779352,0
-67.78856898370583,0
-66.83498258400556,0
-67.92776407233058,0
-67.45238478080763,0
-68.57827842847938,0
-70.51577536608656,0
-66.01352930504001,0
-23.05176517481353,0
-67.63414994496708,0
-70.12091967176616,0
-67.78743830155096,0
-71.89792105540099,0
-67.88249591652212,0
-49.723150230448574,0
-70.47905455476845,0
-64.55250251633336,0
-66.33797108041476,0
-69.95160964988426,0
-65.46398325689586,0
-67.9224935990261,0
-72.39171405353994,0
-59.292331132723845,0
-71.06646847336853,0
-65.4971161325785,0
-63.86857598220631,0
-70.13244324283255,0
-67.01050211111004,0
-66.76267645426165,0
-71.36924695798851,0
-70.8299733426308,0
-69.19052978591517,0
-68.79183580862926,0
-65.46832010441567,0
-39.29506726493273,0
-59.292331132723845,0
-67.03425747669316,0
-72.47909589406197,0
-47.02877566934024,0
-67.80257606264325,0
-72.39171405353994,0
-59.48202761215244,0
-72.39171405353994,0
-64.66957853054467,0
-70.13094848617027,0
-72.39171405353994,0
-71.00587007425565,0
-45.43354733549427,0
-62.856620892601924,0
-72.39171405353994,0
-51.471768495816,0
-48.601844623990694,0
-68.15384071355601,0
-67.86856401630777,0
-72.39171405353994,0
-67.04399039168818,0
-56.27821825991322,0
-67.8808163406926,0
-67.94033121935496,0
-61.15223919427278,0
-62.90255374669937,0
-70.51577536608656,0
-73.98023820585824,0
-59.336580171040545,0
-65.07961643149947,0
-69.2342836707819,0
-67.8808163406926,0
-72.03144176970056,0
-72.39171405353994,0
-68.57189492813546,0
-65.98122689084857,0
-34.8859539243446,0
-64.37472860679236,0
-72.39171405353994,0
-67.23604580404316,0
-72.39171405353994,0
-71.88718036014293,0
-51.44239765048516,0
-63.31831156799028,0
-70.6354074480711,0
-53.47567812665417,0
-72.39171405353994,0
-59.67557975379483,0
-72.39171405353994,0
-59.32308634149574,0
-59.292331132723845,0
-63.566414730174905,0
-68.65155654634745,0
-70.5401281568797,0
-72.39171405353994,0
-55.23179729539327,0
-72.39171405353994,0
-72.39171405353994,0
-68.89729124581675,0
-72.39171405353994,0
-64.98554461479091,0
-72.4184974949491,0
-66.41987814231771,0
-60.90488905006177,0
-61.62867439483009,0
-70.15136772580556,0
-58.27249399122398,0
-65.27713425871873,0
-68.70265079933941,0
-62.85259494056233,0
-72.23243990931081,0
-67.53358780148247,0
-23.05176517481353,0
-70.11629740202551,0
-71.86502239918815,0
-70.12445725565269,0
-70.51577536608656,0
-65.86003568686091,0
-59.292331132723845,0
-70.17581228068786,0
-73.98023820585824,0
-64.29133457173808,0
-61.3729944076812,0
-66.75903965308311,0
-71.97261663020461,0
-70.1743446012022,0
-56.06761795789575,0
-65.37061733711401,0
-71.06646847336853,0
-65.05077143509543,0
-63.56696460758529,0
-57.833869523188106,0
-66.02601049347555,0
-72.39171405353994,0
-65.30867493901364,0
-59.20032997060878,0
-67.8808163406926,0
-49.723150230448574,0
-63.294811238039046,0
-64.8453212019664,0
-64.90097499268431,0
-61.834537337216254,0
-72.39171405353994,0
-68.69018663146691,0
-38.47155124518877,0
-67.38096196681154,0
-59.292331132723845,0
-70.19583055858214,0
-68.49299545707373,0
-68.783368155522,0
-68.54701210617071,0
-66.00374697108438,0
-68.31472644904446,0
-72.39171405353994,0
-64.81316317496706,0
-55.832348181957784,0
-72.4349166293963,0
-63.25836767967451,0
-65.40927012860166,0
-71.06646847336853,0
-66.97720921901879,0
-72.47909589406197,0
-70.14105170911094,0
-60.91277997706888,0
-69.99429153898372,0
-68.19872280065918,0
-72.4184974949491,0
-70.19132894326319,0
-68.94666220697727,0
-59.50743742097829,0
-70.8299733426308,0
-66.62425702982266,0
-67.83877244293146,0
-70.1961513284325,0
-57.343679057741426,0
-71.621958501031,0
-72.39171405353994,0
-72.5676107851648,0
-70.8299733426308,0
-67.56529236130837,0
-65.45459449074961,0
-65.39375591956518,0
-68.65238924568479,0
-74.34696922799941,0
-61.827941259997296,0
-67.05880011484547,0
-74.31085531684968,0
-72.39171405353994,0
-71.86501486063196,0
-59.292331132723845,0
-74.34696922799941,0
-59.292331132723845,0
-65.4214561688928,0
-67.74459081192867,0
-70.89057174174367,0
-64.7301710482868,0
-72.39171405353994,0
-70.13095554779352,0
-72.39171405353994,0
-68.20204037275553,0
-55.09489390436805,0
-67.21855675339222,0
-71.98449403806256,0
-34.427737219325685,0
-66.82211170460674,0
-61.834537337216254,0
-71.89168197546189,0
-68.69450060448264,0
-69.65566575063394,0
-66.71839740732037,0
-66.66284851795062,0
-55.875466325933985,0
-72.39171405353994,0
-69.8652694220267,0
-62.85259494056233,0
-59.292331132723845,0
-72.39171405353994,0
-59.292331132723845,0
-66.41987814231771,0
-54.7675375881592,0
-53.63208601293408,0
-69.86068201626478,0
-65.54671685134586,0
-67.94435717139456,0
-72.39171405353994,0
-30.72975588345192,0
-66.09680799772465,0
-56.46782908715062,0
-71.3582914109478,0
-70.8299733426308,0
-70.11960696137649,0
-45.49712416080058,0
-59.292331132723845,0
-67.0744723107093,0
-71.3582914109478,0
-66.21614271221311,0
-67.99136750502834,0
-64.93940861706483,0
-71.87648853627579,0
-72.39171405353994,0
-59.292331132723845,0
-74.350995180039,0
-71.68807527877233,0
-58.53447005175553,0
-61.89474069946035,0
-73.98023820585824,0
-72.39171405353994,0
-66.20426530435516,0
-72.39171405353994,0
-63.970919110877055,0
-66.1742018786651,0
-71.06646847336853,0
-72.39171405353994,0
-67.07806226227335,0
-63.27310513120568,0
-68.75517878848399,0
-62.32470159786613,0
-57.26656620428927,0
-70.18433984804642,0
-72.39171405353994,0
-56.87145207344348,0
-72.39171405353994,0
-63.432736251560264,0
-70.51577536608656,0
-17.06300166184827,0
-42.59355157467049,0
-58.05809303032531,0
-67.94209438662497,0
-64.92147427857039,0
-71.82622698262117,0
-73.98023820585824,0
-62.82815038568002,0
-63.566414730174905,0
-68.88666817535214,0
-67.78947941010033,0
-67.47157927786365,0
-66.94579713354699,0
-59.292331132723845,0
-41.07269590366201,0
-66.18535899002036,0
-67.88412590004359,0
-52.61759536309074,0
-70.04952738524585,0
-61.89924231477931,0
-69.66747723102003,0
-73.98023820585824,0
-60.904399648037696,0
-72.39171405353994,0
-72.39171405353994,0
-68.40966741809672,0
-69.09320531979652,0
-64.09685765957394,0
-72.39171405353994,0
-70.8299733426308,0
-66.65932735360269,0
-70.9790866328465,0
-68.69775921324373,0
-66.2523668368347,0
-71.55761878366047,0
-61.827941259997296,0
-71.3582914109478,0
-55.721688519633005,0
-68.68331731077649,0
-72.39171405353994,0
-62.264359724938636,0
-71.01077222166126,0
-64.4646502461314,0
-44.68920342935961,0
-53.447223640714434,0
-62.34010468646379,0
-60.347880836407086,0
-70.13244324283255,0
-72.39171405353994,0
-72.07235687236098,0
-72.39171405353994,0
-57.849987457620955,0
-67.26282806414041,0
-71.89200274531225,0
-69.16684986694594,0
-65.23757953624262,0
-66.81119765500972,0
-70.8299733426308,0
-66.39593956699612,0
-71.61439521427388,0
-63.3791237348464,0
-67.52602451472535,0
-68.06297827872578,0
-73.17264444024352,0
-65.56455467429201,0
-72.93610497457598,0
-68.80173432947899,0
-58.941252613041634,0
-72.39171405353994,0
-70.8299733426308,0
-61.269045832743025,0
-70.8299733426308,0
-59.292331132723845,0
-65.04382835045645,0
-59.292331132723845,0
-57.10773598284664,0
-25.336672002787807,0
-59.541709131275034,0
-70.13538845535632,0
-74.32252467311707,0
-59.292331132723845,0
-63.13847676621469,0
-66.68867979057349,0
-66.96201577983268,0
-63.9130225114736,0
-69.50472776245938,0
-72.39171405353994,0
-65.96987830443156,0
-70.07750952401472,0
-72.39171405353994,0
-72.47909589406197,0
-56.705026792412966,0
-68.53269683455096,0
-61.13008123331801,0
-72.39171405353994,0
-38.57822768625676,0
-72.39171405353994,0
-71.92144417232885,0
-65.24986982353319,0
-73.98023820585824,0
-70.16424843988477,0
-70.8299733426308,0
-56.35980211215418,0
-67.8808163406926,0
-71.06646847336853,0
-72.87156831988253,0
-59.292331132723845,0
-72.39171405353994,0
-67.46924808411194,0
-60.33379887521979,0
-68.4747283479696,0
-68.25852112973311,0
-68.50922978385708,0
-72.39171405353994,0
-63.25656467092922,0
-72.39171405353994,0
-61.37762425382407,0
-68.63636957913849,0
-62.88614108854024,0
-53.57148761382121,0
-72.39171405353994,0
-67.94435717139456,0
-66.81761008928778,0
-65.62505222250518,0
-62.42089553763005,0
-72.39171405353994,0
-72.39171405353994,0
-72.39171405353994,0
-66.33462925266073,0
-71.46674564348761,0
-66.44087707272023,0
-65.37543099497915,0
-59.292331132723845,0
-59.292331132723845,0
-70.10404507764068,0
-68.11894362034415,0
-71.25104454784496,0
-71.97224171367773,0
-66.24817857096035,0
-59.292331132723845,0
-48.64205664379615,0
-69.33645166241064,0
-67.42177639777006,0
-65.05269420690912,0
-63.61489119922501,0
-69.41817054889066,0
-68.71853213356412,0
-66.0605234016978,0
-67.18436457706262,0
-70.12445725565269,0
-67.90324252470147,0
-72.39171405353994,0
-73.98023820585824,0
-51.915751204263195,0
-68.95403465517741,0
-70.51577536608656,0
-62.610055348495706,0
-72.39171405353994,0
-72.05253648408348,0
-66.99533324537202,0
-69.47660909194344,0
-72.39171405353994,0
-56.295100078461644,0
-50.82551833506129,0
-67.13345400772529,0
-73.98023820585824,0
-64.81316317496706,0
-69.16282391490634,0
-70.12450493035203,0
-72.39171405353994,0
-66.154972507358,0
-65.50915129493804,0
-61.657044650915104,0
-23.05176517481353,0
-59.292331132723845,0
-72.39171405353994,0
-62.59215112177342,0
-54.5555142488426,0
-64.17088459673003,0
-64.84970707552318,0
-65.9833026295352,0
-69.1911718705424,0
-67.98654266632016,0
-66.06841848394117,0
-68.89398168646576,0
-60.13843037142993,0
-63.2979252457468,0
-61.61345951851428,0
-69.76033098752845,0
-66.97358603617333,0
-66.01961672353956,0
-68.56336736077691,0
-66.02029370512855,0
-72.39171405353994,0
-72.39171405353994,0
-60.82786075088296,0
-59.943383773447074,0
-65.70376377412107,0
-58.116027026849906,0
-62.8574197792705,0
-72.39171405353994,0
-68.91992907914155,0
-54.39623854528823,0
-59.292331132723845,0
-65.99300024538127,0
-67.03750486223285,0
-71.86959602047648,0
-70.19933482336816,0
-67.38461326039962,0
-67.15386339959105,0
-71.06646847336853,0
-72.39171405353994,0
-67.9270277876578,0
-67.18745557612306,0
-63.93443135081916,0
-59.51429656803129,0
-64.32289353334252,0
-70.88579638377423,0
-66.55857994870864,0
-68.18818810138129,0
-63.49019111408033,0
-56.51391267566611,0
-68.12301331810028,0
-59.292331132723845,0
-70.57186661736915,0
-36.758441738147006,0
-68.36983751252052,0
-70.52415558094623,0
-66.3089752307676,0
-64.81316317496706,0
-73.15737594731395,0
-69.5753709802282,0
-64.54637868035094,0
-66.3982023517657,0
-70.1757391504205,0
-60.36252018448953,0
-68.1305766048574,0
-72.39171405353994,0
-32.691999592850244,0
-65.35748750415645,0
-68.4478374255565,0
-68.9589145313621,0
-59.292331132723845,0
-69.19052978591517,0
-63.744631643799806,0
-70.15842274849416,0
-61.68513729591832,0
-66.99179094577909,0
-73.98023820585824,0
-66.9688103594075,0
-61.81237937626147,0
-71.06646847336853,0
-72.10429951840486,0
-59.2426557653277,0
-36.47353234337911,0
-71.88168672861764,0
-69.50472776245938,0
-59.292331132723845,0
-63.566414730174905,0
-65.97892958121598,0
-72.47909589406197,0
-64.32687503025001,0
-71.3582914109478,0
-67.88399138021362,0
-72.39171405353994,0
-64.90097499268431,0
-68.5063053006042,0
-70.8299733426308,0
-74.33440208097502,0
-74.38051537597732,0
-69.55579312857064,0
-60.461505083012455,0
-68.74356565416,0
-64.81866162569266,0
-72.87156831988253,0
-70.951388510137,0
-68.74841438839545,0
-69.2152034833367,0
-70.8299733426308,0
-65.24945694410057,0
-71.00587007425565,0
-67.50488928288065,0
-70.11414123895807,0
-67.86856401630777,0
-64.40312352990807,0
-47.480916990566676,0
-73.98023820585824,0
-67.62878907500603,0
-34.36126381926315,0
-61.05535306381458,0
-67.97387736733288,0
-72.39171405353994,0
-33.665480576885976,0
-64.84783660270561,0
-72.12053665219884,0
-64.3584820513998,0
-61.22089621872528,0
-53.59043761301556,0
-72.39171405353994,0
-70.8299733426308,0
-72.39171405353994,0
-72.39171405353994,0
-65.3757895080309,0
-70.8299733426308,0
-68.3482725970224,0
-68.3036612351574,0
-67.45737067625399,0
-60.33899706756166,0
-69.80064697689028,0
-60.25063866535232,0
-53.447223640714434,0
-66.94528724247961,0
-67.36827584151489,0
-67.3633576890271,0
-66.12530543488856,0
-61.83450942810939,0
-70.17209618131116,0
-59.292331132723845,0
-69.63411495914357,0
-67.53350938060046,0
-61.81237937626147,0
-70.8299733426308,0
-72.39171405353994,0
-59.21054677080633,0
-70.51577536608656,0
-66.18520208645849,0
-67.94435717139456,0
-69.94830009053328,0
-68.1305766048574,0
-56.23825949599443,0
-67.07224808003066,0
-63.93494325042655,0
-72.47909589406197,0
-70.89057174174367,0
-35.67448566411783,0
-70.63815737381248,0
-56.85024099654294,0
-67.91588666447262,0
-62.52048521620635,0
-70.8299733426308,0
-70.58690309263265,0
-72.39171405353994,0
-63.77335295306955,0
-74.59109168265587,0
-65.93732349623544,0
-41.80013170923569,0
-70.13626478753937,0
-38.33982649285531,0
-72.39171405353994,0
-70.8299733426308,0
-65.30867493901364,0
-54.62147709328204,0
-59.292331132723845,0
-59.292331132723845,0
-72.39171405353994,0
-65.24058508085479,0
-30.367914679550537,0
-69.62269362839308,0
-70.8299733426308,0
-70.91735518315282,0
-67.26550448503022,0
-65.04012705988475,0
-67.86199584819568,0
-70.51577536608656,0
-54.15610577546622,0
-40.93064011899818,0
-66.60543653732572,0
-49.723150230448574,0
-71.73268664063733,0
-67.94209438662497,0
-56.868319012318395,0
-64.81316317496706,0
-51.83395221901834,0
-68.3606569324912,0
-70.60315720660859,0
-61.376110895911445,0
-67.86893893283465,0
-65.35873286763281,0
-65.36298113568172,0
-42.84208911870842,0
-59.292331132723845,0
-70.15842274849416,0
-63.13278517908303,0
-69.79165326126653,0
-57.26656620428927,0
-73.86016451537682,0
-62.43274250803451,0
-68.81503301184682,0
-64.0681363503042,0
-55.43304957409428,0
-68.21060020851714,0
-59.292331132723845,0
-61.01673910829986,0
-63.63767417572605,0
-67.15639049807129,0
-68.9235529237984,0
-72.47909589406197,0
-68.73841953526173,0
-71.88643034486526,0
-71.3582914109478,0
-68.77557867896755,0
-69.67548613891145,0
-64.45822876553332,0
-72.05253648408348,0
-61.91906270305682,0
-67.71168461715965,0
-72.39171405353994,0
-61.89924231477931,0
-67.07240456892418,0
-65.0657272233475,0
-68.89729124581675,0
-68.86772963323247,0
-56.997273198316286,0
-61.127611665586855,0
-66.04011409340605,0
-62.34010468646379,0
-68.72615099555574,0
-68.299504665094,0
-55.05890948903692,0
-71.84505501367428,0
-72.39171405353994,0
-71.87648853627579,0
-70.17757544795788,0
-59.292331132723845,0
-65.61248507548079,0
-62.86112250792088,0
-71.86501486063196,0
-67.54248405306106,0
-66.65879571852132,0
-71.3770220853052,0
-58.656672668518105,0
-64.81316317496706,0
-69.81953550593784,0
-64.96859397685081,0
-62.84985649251338,0
-45.287303679595375,0
-64.81316317496706,0
-53.24657963971177,0
-64.3171009549759,0
-67.2167990738061,0
-72.39171405353994,0
-73.98023820585824,0
-61.827941259997296,0
-70.07750952401472,0
-72.39171405353994,0
-64.34776388343498,0
-69.49842557621348,0
-61.060503802750915,0
-72.5676107851648,0
-72.39171405353994,0
-66.22597141118852,0
-64.23250943224213,0
-57.10773598284664,0
-64.37825822381365,0
-70.16424843988477,0
-42.49361929460341,0
-59.292331132723845,0
-72.39171405353994,0
-65.05039651856855,0
-43.542575567758334,0
-71.06646847336853,0
-64.36326246970472,0
-70.1261708704701,0
-70.8299733426308,0
-59.292331132723845,0
-70.11963487048337,0
-71.26995947888516,0
-65.43353809686025,0
-68.75453564385714,0
-38.51240198181049,0
-70.97165139601977,0
-70.04952738524585,0
-68.93202215802144,0
-63.566414730174905,0
-68.88210427860781,0
-61.899393442477354,0
-63.31241430271946,0
-72.5676107851648,0
-53.4662070370328,0
-48.76551926816886,0
-70.8299733426308,0
-62.566213192799445,0
-62.06158864444967,0
-67.34464667121267,0
-67.8808163406926,0
-66.36503610237665,0
-70.15842274849416,0
-64.2345916678155,0
-61.639325438030674,0
-63.61489119922501,0
-46.16775761383922,0
-70.14741411549599,0
-72.39171405353994,0
-70.20413731561237,0
-69.9638988269681,0
-70.8299733426308,0
-59.292331132723845,0
-66.62788989253751,0
-67.95035425040498,0
-36.37449679212618,0
-67.55183701451863,0
-72.5676107851648,0
-72.39171405353994,0
-61.037866731426305,0
-71.87966594477672,0
-63.24375654007142,0
-67.92776407233058,0
-66.77881425211373,0
-67.04101432325467,0
-69.93154825143993,0
-67.95035425040498,0
-47.43734581324573,0
-69.00695942076719,0
-66.98940739672713,0
-72.13141444228424,0
-70.91735518315282,0
-66.24173722257252,0
-66.07328488079676,0
-50.7513155229872,0
-59.58353425207738,0
-61.89924231477931,0
-63.95170860374444,0
-70.8299733426308,0
-61.92426089539868,0
-61.866270192538444,0
-67.08796645266003,0
-72.39171405353994,0
-73.98023820585824,0
-52.67078566260932,0
-62.90288064604903,0
-68.4064088093356,0
-73.98023820585824,0
-72.78631203754078,0
-71.97224171367773,0
-72.47909589406197,0
-70.12445725565269,0
-70.16758020111365,0
-64.6506344290533,0
-62.34010468646379,0
-73.98023820585824,0
-59.292331132723845,0
-70.57121456056471,0
-72.39171405353994,0
-60.26957270945344,0
-63.49203701645051,0
-71.853137452774,0
-59.292331132723845,0
-47.48951202779066,0
-68.75396780728893,0
-65.75553106665333,0
-61.81932246090046,0
-72.39171405353994,0
-62.72648739580688,0
-40.082665784784496,0
-71.84178886635698,0
-72.39171405353994,0
-68.64498837823535,0
-69.86744641635332,0
-72.39171405353994,0
-60.13377639501584,0
-50.76650133023123,0
-69.22382228243353,0
-64.9091263062023,0
-59.292331132723845,0
-63.13847676621469,0
-58.59488124448181,0
-70.15231208447153,0
-61.45587557195086,0
-67.42717747384485,0
-39.10291779133821,0
-27.1248303259141,0
-35.67448566411783,0
-62.34010468646379,0
-60.823559286069866,0
-69.1299313868023,0
-64.40670138353131,0
-58.44770500044418,0
-72.39171405353994,0
-65.33298346556495,0
-42.33647557859989,0
-67.11103985557011,0
-68.55917896085701,0
-70.10404507764068,0
-66.0388172948644,0
-65.0977191667334,0
-64.34086505148645,0
-59.292331132723845,0
-59.292331132723845,0
-64.18894163921905,0
-68.95349656512812,0
-74.35699225904943,0
-36.84402890810569,0
-65.30867493901364,0
-72.39171405353994,0
-71.5984095890422,0
-67.65894315506112,0
-72.39171405353994,0
-62.440074390636354,0
-62.34010468646379,0
-70.13585351676906,0
-70.51577536608656,0
-59.960264508902966,0
-71.34291646988777,0
-72.39171405353994,0
-72.39171405353994,0
-69.27013720215453,0
-42.68254032289615,0
-66.68881825247081,0
-63.45971237844664,0
-64.27550677047591,0
-72.39171405353994,0
-62.77425956940304,0
-72.39171405353994,0
-66.7094449758646,0
-26.78810299998251,0
-34.427737219325685,0
-59.292331132723845,0
-53.498361629302984,0
-67.50431840789199,0
-72.39171405353994,0
-68.20957680632814,0
-69.50472776245938,0
-70.8299733426308,0
-45.43354733549427,0
-67.67708636932383,0
-64.19647054660454,0
-32.355637040880936,0
-58.4813833046943,0
-71.43046104746075,0
-47.45533119458347,0
-66.17250453992611,0
-66.38711807580437,0
-63.13537348032099,0
-71.22083886074769,0
-61.83450942810939,0
-65.25880933413272,0
-65.45630228810323,0
-66.66249724422663,0
-72.47909589406197,0
-64.66065746010335,0
-60.62573354273994,0
-59.292331132723845,0
-57.10773598284664,0
-70.19926226734839,0
-72.39171405353994,0
-66.9688103594075,0
-68.50648911239864,0
-62.78082773751514,0
-70.17789621780827,0
-72.39171405353994,0
-70.51577536608656,0
-67.94209438662497,0
-67.75817627169019,0
-68.14481906352597,0
-59.292331132723845,0
-67.93274660972372,0
-74.34873239526942,0
-64.81020420019699,0
-39.79596548569514,0
-62.34010468646379,0
-59.292331132723845,0
-70.16758020111365,0
-72.39171405353994,0
-65.30867493901364,0
-70.07750952401472,0
-68.29846304281553,0
-66.4625831795536,0
-72.47909589406197,0
-67.86856401630777,0
-69.10005042748287,0
-74.37531718363545,0
-73.73779265651353,0
-67.87755773193149,0
-68.49299545707373,0
-62.4852457698162,0
-72.39171405353994,0
-73.98023820585824,0
-74.65851825911022,0
-64.02468919944077,0
-59.292331132723845,0
-72.39171405353994,0
-66.30908449246522,0
-64.28040152254611,0
-67.94033121935496,0
-42.52998884337829,0
-70.10894304661622,0
-61.818947544373565,0
-62.96864887018394,0
-71.73268664063733,0
-65.30923055372462,0
-67.28074198748264,0
-56.354977273446,0
-70.13969836953814,0
-72.39171405353994,0
-66.79694938563473,0
-70.63990906339006,0
-73.98023820585824,0
-69.27992989802945,0
-70.1492676274022,0
-68.02919215305486,0
-59.292331132723845,0
-73.28138065590659,0
-65.30373692219933,0
-69.64439973522644,0
-67.89866136485695,0
-67.95035425040498,0
-47.42803724275414,0
-69.50472776245938,0
-69.614158858239,0
-67.86730247733604,0
-70.8299733426308,0
-72.39171405353994,0
-67.968679174991,0
-64.75869379794962,0
-71.340921923064,0
-72.39171405353994,0
-41.21030228578208,0
-62.8234494537814,0
-67.97387736733288,0
-72.39171405353994,0
-69.57574589675508,0
-65.41244499935934,0
-72.39171405353994,0
-42.1594414919315,0
-65.04353531765115,0
-64.30390171876243,0
-54.02021464886493,0
-54.718914491683094,0
-68.61846464958022,0
-70.89057174174367,0
-63.54148769270995,0
-67.53403478628383,0
-69.31494372549307,0
-68.4747283479696,0
-54.58554688076577,0
-71.86959602047648,0
-70.60315720660859,0
-57.464318905216956,0
-69.49537594762626,0
-44.857432816209496,0
-57.967428378413516,0
-59.292331132723845,0
-73.76818536852917,0
-64.31198240710228,0
-64.6387848202611,0
-72.39171405353994,0
-66.02743710597731,0
-72.10429951840486,0
-35.640730684756214,0
-40.42978635202078,0
-72.39171405353994,0
-67.86893893283465,0
-69.08448854374706,0
-72.39171405353994,0
-72.39171405353994,0
-72.39171405353994,0
-64.75770698272548,0
-67.14522882949832,0
-70.1408459473839,0
-66.85541944977625,0
-64.94982223420644,0
-67.86856401630777,0
-59.292331132723845,0
-67.95035425040498,0
-62.81847325057333,0
-65.32544920001033,0
-68.02906624512511,0
-69.6984789293393,0
-64.29101380188769,0
-59.292331132723845,0
-66.1911567810384,0
-66.43878776159109,0
-66.93510530967984,0
-66.07021306221267,0
-72.39171405353994,0
-50.249441174747794,0
-62.68534745502382,0
-61.29085422965318,0
-67.4623685978033,0
-67.84534061104355,0
-40.93064011899818,0
-69.86744641635332,0
-61.91906270305682,0
-69.66095862527537,0
-66.09680799772465,0
-70.19264660507665,0
-72.39171405353994,0
-64.85931007863553,0
-64.56825764695633,0
-64.34092257107217,0
-72.87156831988253,0
-59.292331132723845,0
-67.93759277130602,0
-62.80808992690769,0
-70.55961429298432,0
-69.63411495914357,0
-66.54658693302368,0
-71.98780359741357,0
-72.47909589406197,0
-70.04136111717355,0
-72.47909589406197,0
-67.01204446805173,0
-49.723150230448574,0
-74.04934168762438,0
-62.51562816200311,0
-72.39171405353994,0
-65.41361969320045,0
-71.621958501031,0
-64.4792727620391,0
-67.27266310755435,0
-65.37023280263729,0
-65.30867493901364,0
-66.22597141118852,0
-68.25852112973311,0
-68.49753025239511,0
-65.19683604369905,0
-66.0605234016978,0
-72.39171405353994,0
-67.06118625054151,0
-64.4101239988528,0
-70.51577536608656,0
-61.659955396030874,0
-61.890714747420766,0
-67.46924808411194,0
-70.18466061789681,0
-72.39171405353994,0
-68.78705417170173,0
-57.69450416824949,0
-61.353841577666586,0
-72.39171405353994,0
-72.77266137006588,0
-70.1858822049881,0
-65.99310429870653,0
-62.990683508973646,0
-39.3071449608262,0
-70.60315720660859,0
-68.27011508717949,0
-72.39171405353994,0
-67.8808163406926,0
-72.47909589406197,0
-59.292331132723845,0
-73.98023820585824,0
-59.292331132723845,0
-59.292331132723845,0
-59.292331132723845,0
-63.67007615855731,0
-71.06646847336853,0
-69.73605951548728,0
-72.39171405353994,0
-70.01634253655419,0
-64.02268276918913,0
-59.292331132723845,0
-64.37992679913422,0
-63.45897406528502,0
-56.37226477852641,0
-67.24565698145595,0
-67.5287629627743,0
-59.292331132723845,0
-59.292331132723845,0
-72.39171405353994,0
-68.00034493585537,0
-67.86856401630777,0
-59.292331132723845,0
-66.23047302650748,0
-67.8808163406926,0
-72.39171405353994,0
-63.984976140436714,0
-64.74593231885063,0
-26.576085388542413,0
-65.34801843173541,0
-41.47577819567152,0
-68.00706210120696,0
-72.39171405353994,0
-66.93044698398711,0
-72.39171405353994,0
-62.79308006189997,0
-65.30867493901364,0
-59.292331132723845,0
-70.04952738524585,0
-72.04400891672492,0
-57.10773598284664,0
-62.52048521620635,0
-67.44497661207077,0
-67.01204446805173,0
-67.53878599382435,0
-66.63660717322315,0
-76.04075296778802,0
-71.06646847336853,0
-67.968679174991,0
-70.13244324283255,0
-66.95066719341565,0
-65.03923100358466,0
-72.899375474002,0
-68.73828845099072,0
-60.98518382046751,0
-67.83530935061437,0
-66.95054964274505,0
-71.3582914109478,0
-59.292331132723845,0
-53.183130037388764,0
-67.83530935061437,0
-72.10429951840486,0
-66.92789525674708,0
-59.292331132723845,0
-59.292331132723845,0
-61.18394853986881,0
-67.03155452275469,0
-63.566414730174905,0
-50.908386375306264,0
-69.50472776245938,0
-72.39171405353994,0
-48.31924158445805,0
-71.18915968741487,0
-72.39171405353994,0
-72.39171405353994,0
-74.38051537597732,0
-66.3664112710553,0
-68.21060020851714,0
-72.94436483835602,0
-59.292331132723845,0
-69.39705006152352,0
-70.6492748517405,0
-70.8299733426308,0
-56.3799767695225,0
-65.24619833533946,0
-68.86772963323247,0
-67.94033121935496,0
-70.51577536608656,0
-70.14283295565147,0
-67.0744723107093,0
-67.74566540064825,0
-71.06646847336853,0
-64.81316317496706,0
-67.81303103925207,0
-69.65064260858075,0
-72.4184974949491,0
-59.292331132723845,0
-72.39171405353994,0
-71.00587007425565,0
-59.292331132723845,0
-70.13095554779352,0
-71.06646847336853,0
-64.90493438647768,0
-67.91588666447262,0
-66.98551597604902,0
-70.16914640886031,0
-74.28745434933705,0
-67.86893893283465,0
-61.27828708262882,0
-68.51836652025659,0
-67.74878044210365,0
-45.34907599474464,0
-64.43923153945342,0
-73.98023820585824,0
-70.51577536608656,0
-66.79709674207572,0
-72.4184974949491,0
-70.51577536608656,0
-62.63301562743175,0
-68.95403465517741,0
-70.15751027681341,0
-70.15751027681341,0
-41.883404606785646,0
-65.98605716074229,0
-64.55556418777154,0
-61.900737778470805,0
-66.77863618372633,0
-66.95802415243749,0
-67.91588666447262,0
-66.31331115870493,0
-61.88797629937181,0
-72.47909589406197,0
-70.17581228068786,0
-55.74646127469269,0
-71.2123190022468,0
-68.64498837823535,0
-70.00507652114669,0
-52.87769231736546,0
-70.8299733426308,0
-68.67978198705379,0
-48.31924158445805,0
-68.48248390791092,0
-67.46051297495728,0
-72.39171405353994,0
-67.3752972865165,0
-67.29036758312266,0
-62.15378730948148,0
-62.96639340493459,0
-67.31094767457988,0
-67.01885636229991,0
-72.39171405353994,0
-51.64889628864292,0
-43.57168450049524,0
-55.86098753805451,0
-65.30867493901364,0
-72.39171405353994,0
-66.03034767205506,0
-59.298836965761154,0
-63.58449848720939,0
-65.49485334780891,0
-66.63475992198558,0
-59.292331132723845,0
-72.47909589406197,0
-61.28278108377758,0
-64.70463874432018,0
-63.04412807629646,0
-73.59377247228073,0
-59.292331132723845,0
-58.941252613041634,0
-38.47155124518877,0
-62.99407396283791,0
-63.099419689485984,0
-67.92776407233058,0
-62.34010468646379,0
-69.66747723102003,0
-69.2372570152902,0
-58.27934799917111,0
-42.03207327431681,0
-70.21485206019105,0
-62.918442529784855,0
-68.72615099555574,0
-70.70530234582375,0
-67.25613178010981,0
-67.0037377110215,0
-71.88643034486526,0
-68.33090933489115,0
-72.39171405353994,0
-72.39171405353994,0
-70.2196744453604,0
-72.39171405353994,0
-74.35549679535796,0
-70.60315720660859,0
-47.39418309747751,0
-68.95403465517741,0
-59.292331132723845,0
-61.21882505499117,0
-70.16238200877177,0
-60.91277997706888,0
-72.73213354264121,0
-72.47909589406197,0
-49.477722194107564,0
-66.94579713354699,0
-73.98023820585824,0
-70.51577536608656,0
-59.292331132723845,0
-72.39171405353994,0
-70.8299733426308,0
-69.7647072797007,0
-64.32078353731086,0
-59.292331132723845,0
-72.39171405353994,0
-70.91735518315282,0
-62.396213756837895,0
-37.77983934821677,0
-72.39171405353994,0
-27.484196233843047,0
-72.39171405353994,0
-65.80957115160396,0
-66.52657311650668,0
-66.65360946679344,0
-64.59148364123129,0
-70.67767301693235,0
-72.5676107851648,0
-39.86868374050041,0
-61.68338412554892,0
-72.39171405353994,0
-73.98023820585824,0
-64.69626219524098,0
-57.69450416824949,0
-66.08022961649569,0
-70.8299733426308,0
-43.57168450049524,0
-71.00587007425565,0
-69.9638988269681,0
-68.38566806549399,0
-67.86856401630777,0
-73.98023820585824,0
-67.91588666447262,0
-73.98023820585824,0
-66.12787251029987,0
-65.93132641722501,0
-41.12405822074811,0
-62.97964654477207,0
-58.87513351672203,0
-42.64346783752041,0
-70.14920359679454,0
-65.33732660786828,0
-66.38711807580437,0
-67.49306712813416,0
-61.070180540937955,0
-65.56658856672841,0
-61.065950541025984,0
-72.39171405353994,0
-68.99776461744098,0
-70.13626478753937,0
-70.13969836953814,0
-70.9790866328465,0
-67.3286805929433,0
-74.32252467311707,0
-64.22271425995754,0
-59.51694738866423,0
-65.98011445781243,0
-69.52095506462624,0
-70.1691709823084,0
-66.3071982219255,0
-68.45013228292626,0
-72.5676107851648,0
-72.39171405353994,0
-52.34368916822341,0
-50.76770263092933,0
-61.818947544373565,0
-70.16292436381312,0
-70.2196744453604,0
-66.7131243454558,0
-68.1983478841323,0
-67.42626768867109,0
-62.632185400343644,0
-45.827075382912405,0
-67.05655487606563,0
-51.10169987002843,0
-73.98023820585824,0
-71.82622698262117,0
-50.03705509439458,0
-69.19052978591517,0
-71.00587007425565,0
-67.94209438662497,0
-70.17307383263892,0
-71.30120880987651,0
-59.292331132723845,0
-70.63314466330152,0
-61.89474069946035,0
-69.64439973522644,0
-59.292331132723845,0
-68.29028189416215,0
-64.58664449210022,0
-70.14741411549599,0
-73.59377247228073,0
-64.84093995330981,0
-72.39171405353994,0
-67.97387736733288,0
-64.1688234436806,0
-68.31955128775266,0
-68.56094212812702,0
-72.39171405353994,0
-48.62898693372512,0
-68.24295924599727,0
-67.91477546327297,0
-70.60315720660859,0
-68.95403465517741,0
-55.68519324579957,0
-67.66984433962755,0
-70.8299733426308,0
-68.7680096987026,0
-57.816363470159324,0
-66.0016190444781,0
-70.5528896359787,0
-67.07933766715003,0
-66.9106265957096,0
-68.05878878847291,0
-70.19926226734839,0
-72.39171405353994,0
-67.32138409880928,0
-69.65831889003421,0
-71.92144417232885,0
-66.31581702102234,0
-71.06646847336853,0
-66.97909138003251,0
-65.96783041411071,0
-68.92561060061395,0
-67.92376917889672,0
-68.18044939744937,0
-64.83667251218372,0
-61.611284420585264,0
-62.082203309946685,0
-60.91277997706888,0
-68.31472644904446,0
-67.94435717139456,0
-70.20176779358044,0
-61.890714747420766,0
-68.95525973239813,0
-65.33755708685328,0
-58.05992845779487,0
-70.17307383263892,0
-47.94514214582749,0
-65.18163671096447,0
-32.52329803082554,0
-72.39171405353994,0
-70.05814618434269,0
-47.50073737884418,0
-70.32005921994391,0
-72.01956436184261,0
-64.28807254096807,0
-68.42903756854335,0
-63.100287347715685,0
-72.39171405353994,0
-64.37857345956144,0
-69.48122204133958,0
-71.06646847336853,0
-72.39171405353994,0
-60.44929894386285,0
-68.12126349905316,0
-73.96082679652152,0
-70.16324513366351,0
-64.41983068930853,0
-64.08222592711549,0
-74.51180350187225,0
-68.4681601798575,0
-67.94209438662497,0
-70.8299733426308,0
-70.30785530956733,0
-64.6392542401662,0
-66.87924010103063,0
-66.78565332965829,0
-68.88210427860781,0
-66.69379493953505,0
-67.92776407233058,0
-68.2718782544495,0
-64.99648888759776,0
-17.06300166184827,0
-67.96209811143785,0
-64.81316317496706,0
-69.29512333721556,0
-57.69450416824949,0
-70.5528896359787,0
-62.44732976241603,0
-51.99537017573176,0
-68.1636395560229,0
-59.292331132723845,0
-72.39171405353994,0
-72.39171405353994,0
-67.91588666447262,0
-60.91277997706888,0
-68.85099691752745,0
-68.1305766048574,0
-64.72901885697006,0
-61.67821050665513,0
-74.28419574057594,0
-70.57121456056471,0
-72.39171405353994,0
-72.39171405353994,0
-70.41087591929546,0
-62.32470159786613,0
-67.90330909762494,0
-71.84505501367428,0
-69.1299313868023,0
-63.74693422810451,0
-72.39171405353994,0
-72.10429951840486,0
-76.07114567980364,0
-69.43820994194692,0
-61.228080742229736,0
-65.57704785677026,0
-51.944059993200234,0
-73.98023820585824,0
-71.88168672861764,0
-61.81932246090046,0
-69.37436163889173,0
-65.34716437530638,0
-65.01401512171283,0
-67.6717046341601,0
-62.66327346209648,0
-66.94245966508913,0
-68.74207006128091,0
-71.06646847336853,0
-66.68859674719319,0
-64.66065746010335,0
-68.42903756854335,0
-68.23317746573528,0
-67.11556779853859,0
-60.03160275513113,0
-70.1408459473839,0
-72.39171405353994,0
-65.2650296357371,0
-72.39171405353994,0
-64.59927415616991,0
-64.03455193630556,0
-72.39171405353994,0
-72.33912323610616,0
-68.67578634864178,0
-70.16300390833868,0
-72.39171405353994,0
-70.55304612487222,0
-65.8559081786651,0
-72.5676107851648,0
-71.00587007425565,0
-69.50472776245938,0
-63.15334197682877,0
-72.39171405353994,0
-74.38051537597732,0
-71.3582914109478,0
-72.39171405353994,0
-64.81316317496706,0
-72.39171405353994,0
-74.350995180039,0
-68.69529619609028,0
-72.39171405353994,0
-70.45726928530283,0
-73.98023820585824,0
-40.877937196559515,0
-72.07755506470286,0
-72.39171405353994,0
-69.2152034833367,0
-72.39171405353994,0
-64.74386825185411,0
-70.15935371298539,0
-62.8574197792705,0
-59.292331132723845,0
-66.41213665642373,0
-56.399175248679256,0
-38.292789509645324,0
-61.96375333915832,0
-72.39171405353994,0
-67.62878907500603,0
-39.47456465930664,0
-66.68408240183157,0
-61.617982570962944,0
-72.47909589406197,0
-72.39171405353994,0
-67.56440416154301,0
-70.89819237331979,0
-68.24295924599727,0
-45.49712416080058,0
-71.26218494741201,0
-67.94515605806313,0
-70.63620633473968,0
-72.39171405353994,0
-66.05364482812963,0
-64.30116327071349,0
-65.49485334780891,0
-68.1983478841323,0
-55.66729618030246,0
-70.14920359679454,0
-72.39171405353994,0
-68.90569454882757,0
-64.45372715021436,0
-64.50370322862786,0
-59.55170437811926,0
-72.39171405353994,0
-66.7578540690923,0
-59.292331132723845,0
-66.65699562406263,0
-65.37055246358322,0
-39.3700643964623,0
-66.02000579556298,0
-70.54255880749571,0
-59.16543676757218,0
-70.0889390993916,0
-72.39171405353994,0
-72.5676107851648,0
-72.39171405353994,0
-70.14920359679454,0
-72.39171405353994,0
-72.39171405353994,0
-65.34064263919642,0
-59.292331132723845,0
-72.39171405353994,0
-68.18447534948896,0
-70.875503950688,0
-46.20683592252778,0
-65.8248510465476,0
-64.34510137109481,0
-59.292331132723845,0
-66.6312298465911,0
-56.2982365378075,0
-66.3102575249827,0
-63.423803903881776,0
-66.71731805646293,0
-62.90255374669937,0
-64.7101771067814,0
-54.85622673912925,0
-72.5676107851648,0
-66.38711807580437,0
-61.94631830678353,0
-64.93021169622617,0
-67.93759277130602,0
-35.78982932126961,0
-72.0949884890679,0
-59.42493857324987,0
-76.04075296778802,0
-68.790513385798,0
-61.83450942810939,0
-74.34423077995046,0
-64.89908621906174,0
-67.86199584819568,0
-64.80168998106132,0
-54.14091233628012,0
-69.63411495914357,0
-70.18466061789681,0
-65.05925771015241,0
-68.23491720369101,0
-66.71994408068628,0
-64.95255309032416,0
-60.38635189306692,0
-66.1205603808697,0
-67.92776407233058,0
-70.51577536608656,0
-59.292331132723845,0
-70.1858822049881,0
-39.575502134111126,0
-67.08132087103446,0
-62.43359723445091,0
-70.19264660507665,0
-60.36064305347295,0
-58.197507069912575,0
-70.13519675421918,0
-72.39171405353994,0
-59.292331132723845,0
-72.5676107851648,0
-70.8299733426308,0
-67.69068161555055,0
-66.41213665642373,0
-61.12383461482273,0
-64.36301157582561,0
-68.95403465517741,0
-67.95035425040498,0
-70.8299733426308,0
-72.39171405353994,0
-53.447223640714434,0
-70.86119151382046,0
-68.25670058266317,0
-73.98023820585824,0
-67.21845665819423,0
-72.39171405353994,0
-61.900737778470805,0
-72.39171405353994,0
-68.55644051280807,0
-61.68338412554892,0
-63.312020863170794,0
-66.06546671356915,0
-68.86772963323247,0
-56.910444358787046,0
-72.39171405353994,0
-69.63411495914357,0
-69.7632118160092,0
-59.292331132723845,0
-70.8299733426308,0
-72.39171405353994,0
-64.63806728202894,0
-73.98023820585824,0
-72.4184974949491,0
-67.8808163406926,0
-63.400535754273626,0
-70.60315720660859,0
-67.03138454959824,0
-59.292331132723845,0
-52.624191440309694,0
-59.292331132723845,0
-49.176501229658506,0
-72.39171405353994,0
-68.86772963323247,0
-72.39171405353994,0
-72.39171405353994,0
-64.42380490033267,0
-71.00587007425565,0
-59.24530038702884,0
-67.33775279756826,0
-64.98418274886956,0
-72.39171405353994,0
-59.292331132723845,0
-42.8928838283965,0
-63.566414730174905,0
-63.61489119922501,0
-68.93001655242404,0
-61.30496013601971,0
-72.39171405353994,0
-72.39171405353994,0
-74.29076390868804,0
-74.35699225904943,0
-61.818947544373565,0
-70.51577536608656,0
-67.17667843064207,0
-50.2270157309062,0
-72.39171405353994,0
-61.91906270305682,0
-49.82346019609957,0
-71.03825144865483,0
-59.292331132723845,0
-71.00587007425565,0
-65.0977191667334,0
-67.18217499898022,0
-66.05670649956781,0
-64.50265182099243,0
-70.13244324283255,0
-72.39171405353994,0
-68.74518354163976,0
-59.292331132723845,0
-16.88732013387516,0
-66.83567438280274,0
-72.39171405353994,0
-64.2681085774631,0
-68.75654356161496,0
-67.88412590004359,0
-67.18032935037176,0
-71.82622698262117,0
-50.879728139904856,0
-68.53473440597467,0
-70.8299733426308,0
-65.86972671319486,0
-65.05039651856855,0
-63.58449848720939,0
-69.89176841994978,0
-63.54239300585489,0
-70.17581228068786,0
-67.12230981114867,0
-72.93434180730597,0
-63.61951092440495,0
-68.00554312819722,0
-57.57903779050813,0
-65.89580304818598,0
-70.1691709823084,0
-64.64778180752475,0
-70.61881434900715,0
-64.4247572950114,0
-64.2681085774631,0
-73.98023820585824,0
-69.63890610370117,0
-66.37927288292873,0
-42.64346783752041,0
-61.83450942810939,0
-72.39171405353994,0
-73.98023820585824,0
-67.94435717139456,0
-70.6492748517405,0
-63.566414730174905,0
-70.17983823272746,0
-65.24945694410057,0
-69.19052978591517,0
-72.31962878838084,0
-65.94899265034654,0
-67.32348240060142,0
-71.53788028624592,0
-69.13837936002403,0
-68.12424407813799,0
-48.31924158445805,0
-72.39171405353994,0
-71.06646847336853,0
-67.968679174991,0
-26.791815623027258,0
-66.84592161814653,0
-58.941252613041634,0
-66.02938381824804,0
-72.39171405353994,0
-70.13626478753937,0
-74.57000336800736,0
-70.8299733426308,0
-72.39171405353994,0
-62.384842707575466,0
-66.36996384997471,0
-66.87825844530373,0
-72.5676107851648,0
-71.92144417232885,0
-72.39171405353994,0
-65.945560947539,0
-43.40488740195238,0
-60.51429601924553,0
-67.13323471533074,0
-67.95035425040498,0
-62.670439992897556,0
-66.46934757964215,0
-61.89474069946035,0
-67.968679174991,0
-73.98023820585824,0
-59.292331132723845,0
-66.77831507976384,0
-49.723150230448574,0
-64.81316317496706,0
-68.29846304281553,0
-72.47909589406197,0
-54.44489932038098,0
-67.95035425040498,0
-71.96567354556564,0
-72.39171405353994,0
-65.74192130141479,0
-63.152462347911865,0
-66.03931451383527,0
-65.29401567740881,0
-35.67448566411783,0
-66.4202207955665,0
-61.676545048004364,0
-70.37534622447951,0
-62.97964654477207,0
-64.66550250653133,0
-67.31877640255662,0
-72.39171405353994,0
-68.29028189416215,0
-68.57137324419993,0
-63.43800013992916,0
-64.27609456464295,0
-72.10429951840486,0
-68.95532183563301,0
-60.31640688948725,0
-59.35103926615974,0
-66.44087707272023,0
-39.04738038341108,0
-65.98732158288767,0
-68.31600040715165,0
-62.32470159786613,0
-65.98605716074229,0
-71.40614724437474,0
-62.26899363223252,0
-64.66696914832832,0
-72.96788795528389,0
-73.98023820585824,0
-59.83974889266939,0
-65.45961184745424,0
-61.900737778470805,0
-68.74518354163976,0
-25.03834364380149,0
-61.21882505499117,0
-64.8323684106402,0
-69.63411495914357,0
-64.29109334641325,0
-59.292331132723845,0
-61.89924231477931,0
-63.566414730174905,0
-60.35732199214767,0
-72.39171405353994,0
-67.51010721897768,0
-35.82546227884137,0
-71.73268664063733,0
-70.8299733426308,0
-69.80064697689028,0
-64.71870467413996,0
-68.44803877301322,0
-59.292331132723845,0
-41.52342066399362,0
-65.67062024663277,0
-72.39171405353994,0
-69.04141649569944,0
-66.56250336722884,0
-68.22797927339343,0
-71.00587007425565,0
-68.12751493341923,0
-68.83027631026766,0
-61.274395661950706,0
-64.85751937967473,0
-70.13626478753937,0
-39.81185119048719,0
-70.13094848617027,0
-66.93920105632802,0
-66.82360716829824,0
-47.29013906628658,0
-63.13069942382586,0
-64.95047429101088,0
-73.98023820585824,0
-66.35122430384635,0
-67.22531346079258,0
-68.53093366728095,0
-59.292331132723845,0
-67.94209438662497,0
-38.57822768625676,0
-65.14987594653543,0
-72.39171405353994,0
-64.32391999665671,0
-41.522578620211924,0
-59.8044168552132,0
-64.57342872022842,0
-67.28994903991253,0
-68.55928162291701,0
-70.15446581974408,0
-67.39175585421897,0
-69.29142060856518,0
-36.34596580138601,0
-70.51577536608656,0
-72.39171405353994,0
-52.09870388554163,0
-70.57517617672013,0
-72.39171405353994,0
-60.99091899978832,0
-72.89730794286726,0
-67.1545487221082,0
-61.92426089539868,0
-70.16300390833868,0
-72.23243990931081,0
-66.2457986687226,0
-70.14920359679454,0
-64.81316317496706,0
-72.07235687236098,0
-66.21591420412733,0
-72.05403194777497,0
-56.753755730265716,0
-65.5622787350817,0
-61.899393442477354,0
-67.94224594805456,0
-63.45827148981414,0
-72.77443462968283,0
-66.11854103480002,0
-64.94688787001745,0
-70.8299733426308,0
-43.16284642843343,0
-68.74873515824584,0
-63.01476216518623,0
-68.94006629321203,0
-68.32325401640301,0
-60.02033673972363,0
-60.541647290825686,0
-62.79308006189997,0
-61.89474069946035,0
-66.01977141353646,0
-69.25036543846167,0
-70.60315720660859,0
-72.87482692864361,0
-44.08658344964886,0
-72.39171405353994,0
-64.51848890558654,0
-75.46196910831779,0
-72.39171405353994,0
-72.39171405353994,0
-68.51576881310557,0
-72.39171405353994,0
-69.73153064018787,0
-71.87159056730025,0
-41.232370513365325,0
-75.46196910831779,0
-72.39171405353994,0
-71.3582914109478,0
-71.00587007425565,0
-72.39171405353994,0
-71.89168197546189,0
-66.81229018126183,0
-49.89233906143085,0
-70.5513941722872,0
-68.2552115703821,0
-70.8299733426308,0
-72.8135764727263,0
-72.04803486876452,0
-66.01378375051577,0
-61.28387456166506,0
-64.50667777303202,0
-60.42251499968135,0
-63.312020863170794,0
-67.34458431310996,0
-68.59691350875482,0
-60.48436889763647,0
-72.39171405353994,0
-68.70054206313148,0
-63.98266248442676,0
-59.292331132723845,0
-59.39026318924913,0
-72.47909589406197,0
-72.85584994725316,0
-31.58597386283098,0
-71.5090484461349,0
-66.71614618187037,0
-38.06095352699697,0
-65.95640144729886,0
-71.3582914109478,0
-67.67393917625887,0
-70.60315720660859,0
-59.636140755164455,0
-66.54741169878524,0
-70.51577536608656,0
-72.39171405353994,0
-59.292331132723845,0
-59.292331132723845,0
-68.00404766450575,0
-34.8859539243446,0
-69.25036543846167,0
-72.85435448356169,0
-65.37023280263729,0
-59.292331132723845,0
-69.3114349029994,0
-67.36629041994333,0
-34.427737219325685,0
-67.46924808411194,0
-61.87853168274803,0
-72.39171405353994,0
-64.65440200130396,0
-65.92838398563593,0
-76.26378710779598,0
-67.75351616058971,0
-72.87813648799462,0
-73.98023820585824,0
-67.28414677940401,0
-69.96413530920346,0
-49.723150230448574,0
-68.47113209136495,0
-69.05190381307595,0
-67.94209438662497,0
-70.12087856187003,0
-66.37085592409558,0
-70.07750952401472,0
-66.8145072143607,0
-71.89168197546189,0
-52.281895563645946,0
-29.186871891173634,0
-61.509855226459514,0
-72.5676107851648,0
-56.36350484080456,0
-66.62756658917364,0
-71.14281525054072,0
-56.606973702306384,0
-66.67130237218713,0
-70.1727267137224,0
-70.40154560544741,0
-67.94435717139456,0
-62.34010468646379,0
-48.5057154828963,0
-72.39171405353994,0
-71.47706166018223,0
-54.426000742155196,0
-70.11963487048337,0
-40.61970862820206,0
-67.86893893283465,0
-50.029404180248676,0
-70.89819237331979,0
-67.41070580493528,0
-71.89998873249212,0
-28.24507198206764,0
-60.28855844132087,0
-68.95403465517741,0
-65.05077143509543,0
-46.214439777314205,0
-64.64754886208786,0
-64.20483402628241,0
-67.26258135766912,0
-63.88398624744265,0
-67.00050686426582,0
-70.12438737968142,0
-70.15104695595517,0
-64.57677139236658,0
-67.97107554226486,0
-64.67598493888437,0
-67.06926162801798,0
-67.48606879038373,0
-71.06646847336853,0
-72.39171405353994,0
-70.62457974545539,0
-62.38437714130514,0
-29.001168918605053,0
-72.39171405353994,0
-72.39171405353994,0
-68.2550040153628,0
-65.49035173248996,0
-20.583123380648217,0
-69.86744641635332,0
-64.57677139236658,0
-72.5676107851648,0
-59.292331132723845,0
-69.66450767115919,0
-59.292331132723845,0
-66.90209902835105,0
-67.92776407233058,0
-68.27928334053377,0
-67.94033121935496,0
-72.39171405353994,0
-63.3722929538165,0
-72.2670430567329,0
-72.39171405353994,0
-62.86971574900258,0
-72.58078410649921,0
-65.97524676638409,0
-72.39171405353994,0
-63.74383275713123,0
-72.39171405353994,0
-63.58449848720939,0
-72.39171405353994,0
-42.36262074962785,0
-64.81316317496706,0
-63.566414730174905,0
-59.292331132723845,0
-72.39171405353994,0
-74.28419574057594,0
-59.292331132723845,0
-72.10429951840486,0
-66.94576922444011,0
-59.7775456584681,0
-68.1211706063047,0
-70.19926226734839,0
-62.34010468646379,0
-70.21485206019105,0
-62.34010468646379,0
-59.448461690177744,0
-72.39171405353994,0
-68.55928162291701,0
-66.03315027241986,0
-64.6506344290533,0
-68.76130004394568,0
-67.91588666447262,0
-67.89957926728403,0
-59.292331132723845,0
-59.292331132723845,0
-70.1691709823084,0
-68.90738740713417,0
-62.69841375070504,0
-72.5676107851648,0
-65.3046906357695,0
-54.57678812061413,0
-66.32238518913444,0
-29.106402272006065,0
-66.56883589394825,0
-65.92315404056127,0
-60.48072117726435,0
-44.20187944146438,0
-64.25903792424484,0
-67.99750480791039,0
-70.10342420350217,0
-52.566167693471115,0
-74.37531718363545,0
-70.63314466330152,0
-37.77983934821677,0
-49.55916225825673,0
-57.10773598284664,0
-71.28891104400216,0
-70.51577536608656,0
-39.13043511512779,0
-71.98449403806256,0
-63.11737272210115,0
-71.00587007425565,0
-67.91515037979985,0
-60.26620054908815,0
-63.13847676621469,0
-71.59268910744049,0
-32.567654652321046,0
-72.39171405353994,0
-70.51577536608656,0
-71.98123542930148,0
-59.40234839517546,0
-66.79891622158205,0
-68.6565379599764,0
-68.32474948009451,0
-72.39171405353994,0
-38.14376155086492,0
-69.63425026640064,0
-70.8299733426308,0
-54.52887742585587,0
-66.81594746140435,0
-67.29069349683299,0
-68.71840894413943,0
-45.098671141740994,0
-72.39171405353994,0
-64.7215584930685,0
-72.39171405353994,0
-70.60315720660859,0
-72.39171405353994,0
-66.34428121920736,0
-64.24112823133898,0
-59.292331132723845,0
-70.05814618434269,0
-59.95706657239231,0
-65.95431642069573,0
-70.54255880749571,0
-72.39171405353994,0
-59.292331132723845,0
-72.39171405353994,0
-68.16788225042498,0
-72.39171405353994,0
-62.80411553150536,0
-62.34010468646379,0
-72.10429951840486,0
-67.968679174991,0
-61.19766268589411,0
-70.8299733426308,0
-68.74657809085807,0
-67.16707372664466,0
-42.320346365481186,0
-63.11713576677002,0
-72.39171405353994,0
-61.892477914690765,0
-70.8299733426308,0
-72.77405971315595,0
-70.21935367551,0
-63.356751144414645,0
-67.91588666447262,0
-65.40535982942042,0
-72.39171405353994,0
-72.39171405353994,0
-68.96351959617814,0
-54.87380265744409,0
-72.39171405353994,0
-69.66747723102003,0
-63.70896490609013,0
-59.292331132723845,0
-33.6578343425527,0
-65.39561067497056,0
-68.93471148927325,0
-51.07011242917271,0
-72.39171405353994,0
-59.292331132723845,0
-68.88910144976361,0
-66.13895193450286,0
-66.75081064982474,0
-60.664454798191436,0
-72.39171405353994,0
-68.16694911537388,0
-67.48777587295773,0
-68.84572662490623,0
-39.56471330028636,0
-57.26656620428927,0
-69.22708089119465,0
-63.83398153176226,0
-58.863819699626646,0
-47.675030443219406,0
-67.968679174991,0
-68.03531965160676,0
-60.69618058866908,0
-65.31373216904358,0
-64.16546911749593,0
-67.94033121935496,0
-62.91427300627901,0
-63.61489119922501,0
-71.98449403806256,0
-70.09747690952858,0
-59.292331132723845,0
-65.85203192677496,0
-42.40701097413069,0
-72.39171405353994,0
-68.73841914155122,0
-69.52095506462624,0
-65.86874961918787,0
-72.39171405353994,0
-72.39171405353994,0
-70.13969836953814,0
-71.87966594477672,0
-73.98023820585824,0
-39.41136489053383,0
-66.64785657452852,0
-72.39171405353994,0
-68.59272510883493,0
-67.53878599382435,0
-39.75979818565096,0
-70.8299733426308,0
-72.39171405353994,0
-69.8086852971771,0
-69.29056302547816,0
-70.66299285915511,0
-77.76492941959225,0
-72.13798261039634,0
-61.878147600396396,0
-67.53982359339817,0
-71.06646847336853,0
-65.39693079032286,0
-72.39171405353994,0
-67.05382269560386,0
-72.39171405353994,0
-72.47909589406197,0
-64.63651579211725,0
-57.343679057741426,0
-72.39171405353994,0
-64.68418057703121,0
-71.3582914109478,0
-65.82234008880515,0
-69.85085331728936,0
-72.39171405353994,0
-72.39171405353994,0
-65.3033535637179,0
-71.89200274531225,0
-48.73512655615322,0
-59.292331132723845,0
-71.89792105540099,0
-60.33073720378162,0
-61.713199760670655,0
-64.6749997569969,0
-68.3021593020201,0
-64.70881442124605,0
-59.292331132723845,0
-29.186871891173634,0
-68.27011508717949,0
-72.10429951840486,0
-66.74667049343373,0
-66.94359543008046,0
-72.70455596144987,0
-72.39171405353994,0
-72.39171405353994,0
-67.88412590004359,0
-67.86893893283465,0
-68.95403465517741,0
-72.41151566188367,0
-70.11629740202551,0
-72.39171405353994,0
-70.5943476315928,0
-36.208344423509956,0
-42.8928838283965,0
-57.57856495346345,0
-68.7514760598336,0
-72.47909589406197,0
-66.40693846408185,0
-70.37852363298045,0
-67.97387736733288,0
-59.292331132723845,0
-65.30867493901364,0
-59.292331132723845,0
-67.0938616917052,0
-69.69516936998829,0
-49.883345345807115,0
-69.96376630292822,0
-59.210473025176384,0
-68.6679511294206,0
-63.04894027232476,0
-68.34307440468052,0
-65.39454581151668,0
-63.774379924030214,0
-68.86772963323247,0
-72.39171405353994,0
-61.51745768916735,0
-47.79296161404149,0
-72.39171405353994,0
-60.257206833464416,0
-64.21935993377288,0
-70.57641275290659,0
-68.76130004394568,0
-68.58567340458684,0
-59.292331132723845,0
-49.723150230448574,0
-59.292331132723845,0
-68.6712172767379,0
-59.292331132723845,0
-71.3582914109478,0
-61.878147600396396,0
-72.39171405353994,0
-68.31648961631447,0
-65.35876666554965,0
-59.292331132723845,0
-67.8808163406926,0
-67.94033121935496,0
-68.35091033586798,0
-66.07656420001264,0
-72.39171405353994,0
-66.88629806210407,0
-63.39757677950357,0
-66.82275781541746,0
-73.98023820585824,0
-39.79596548569514,0
-67.97387736733288,0
-72.39171405353994,0
-61.7048387495141,0
-67.1866736774863,0
-70.15751027681341,0
-68.32325401640301,0
-69.23039045054563,0
-66.87765447346874,0
-70.51577536608656,0
-63.61489119922501,0
-73.98023820585824,0
-66.4058067489402,0
-72.87482692864361,0
-63.11016348685189,0
-67.37442675100831,0
-64.65239759632331,0
-71.11361661240068,0
-62.090416281047176,0
-72.39171405353994,0
-70.19269409923629,0
-67.41741844750366,0
-62.909448814161124,0
-58.454798516328246,0
-69.97806194574537,0
-74.29076390868804,0
-47.32882193186871,0
-68.94613680129387,0
-59.419740380908,0
-67.46607132645369,0
-70.8299733426308,0
-53.42042057079841,0
-66.8692448541864,0
-70.1130387932644,0
-71.06646847336853,0
-72.10429951840486,0
-72.39171405353994,0
-59.292331132723845,0
-69.50472776245938,0
-64.93295014427511,0
-57.10773598284664,0
-72.39171405353994,0
-66.7171502974954,0
-60.438076883417175,0
-70.15935371298539,0
-61.866270192538444,0
-72.39171405353994,0
-62.40141194917976,0
-70.19264660507665,0
-74.35179406670758,0
-70.51577536608656,0
-56.24315405164181,0
-43.42075301879315,0
-47.50593557118604,0
-58.980560415373546,0
-67.03127174928248,0
-66.40146510704444,0
-59.292331132723845,0
-63.031800705319505,0
-59.292331132723845,0
-67.0419744049516,0
-68.24295924599727,0
-59.292331132723845,0
-70.8299733426308,0
-50.56018839038524,0
-68.16788225042498,0
-66.65879571852132,0
-58.432440807552794,0
-66.58092403019678,0
-65.39528990512018,0
-67.93931477783582,0
-71.51122070997218,0
-62.94539127343889,0
-72.04803486876452,0
-69.29958572911963,0
-59.32284198742065,0
-72.05253648408348,0
-67.08159842855352,0
-71.00587007425565,0
-72.39171405353994,0
-61.83119986875841,0
-68.12093451878701,0
-72.39171405353994,0
-44.02543447968033,0
-68.72357509527329,0
-72.20992217041035,0
-72.39171405353994,0
-67.81303103925207,0
-68.7117878176984,0
-72.12572205725166,0
-59.292331132723845,0
-65.35192086726485,0
-70.12944723912472,0
-62.9171531582072,0
-67.94033121935496,0
-67.92776407233058,0
-34.918906741425566,0
-64.75591550307726,0
-68.10868219440218,0
-55.8404040451089,0
-68.63421685415814,0
-72.39171405353994,0
-68.60126319742953,0
-69.78823039662859,0
-72.39171405353994,0
-71.89792105540099,0
-61.29085422965318,0
-71.92144417232885,0
-67.90536488605099,0
-70.22766043254023,0
-72.76749154504385,0
-73.24968346564162,0
-64.5210952143604,0
-66.97752998886918,0
-45.80456150576253,0
-66.4871635217939,0
-70.12445725565269,0
-69.06690233707342,0
-72.39171405353994,0
-63.61489119922501,0
-59.292331132723845,0
-62.566213192799445,0
-67.88412590004359,0
-66.63475992198558,0
-70.8299733426308,0
-61.73289809997994,0
-74.38051537597732,0
-63.91549507946942,0
-66.99739338390697,0
-67.15185239456545,0
-60.26620054908815,0
-65.28331785058853,0
-65.95640144729886,0
-59.16230370644709,0
-63.58449848720939,0
-68.76300918113583,0
-60.67068928682125,0
-67.92776407233058,0
-66.67120476146064,0
-66.38261646048541,0
-64.81316317496706,0
-72.39171405353994,0
-72.05253648408348,0
-65.96695757050051,0
-41.26348306247761,0
-62.97964654477207,0
-69.1299313868023,0
-74.34873239526942,0
-69.67681401797493,0
-67.88412590004359,0
-68.75396780728893,0
-72.47909589406197,0
-70.1858822049881,0
-45.49712416080058,0
-58.66310975235918,0
-69.15025676788198,0
-53.799312699278964,0
-70.12445725565269,0
-65.74603032090201,0
-63.99096924145698,0
-66.97270760369983,0
-61.878147600396396,0
-67.28721059186358,0
-64.23123734163083,0
-57.729920162487524,0
-53.447223640714434,0
-70.8299733426308,0
-70.65972945166757,0
-65.86180894647786,0
-69.83649245129658,0
-72.39171405353994,0
-68.36769755515442,0
-59.292331132723845,0
-67.1131433071691,0
-63.20520879748318,0
-72.39171405353994,0
-65.8223528760942,0
-66.26709541842985,0
-68.65155654634745,0
-64.54637868035094,0
-70.57186661736915,0
-69.63411495914357,0
-57.17471059514342,0
-66.0388172948644,0
-68.71053730997573,0
-70.13585351676906,0
-66.98364630285985,0
-67.94033121935496,0
-73.59377247228073,0
-70.22471740706956,0
-60.89059397497754,0
-66.88425708446009,0
-69.07403386492386,0
-62.77826808365454,0
-62.85259494056233,0
-66.03994797701925,0
-56.23825949599443,0
-72.5676107851648,0
-72.84124575635862,0
-63.678075592892725,0
-49.88037129439583,0
-72.39171405353994,0
-61.40045951531241,0
-61.88797629937181,0
-61.62864648572323,0
-72.39171405353994,0
-65.61248507548079,0
-74.2755769414791,0
-72.39171405353994,0
-72.39171405353994,0
-75.46196910831779,0
-72.39171405353994,0
-59.292331132723845,0
-72.39171405353994,0
-65.99589382574167,0
-71.06646847336853,0
-67.94435717139456,0
-72.39171405353994,0
-61.866270192538444,0
-59.54856791877341,0
-58.941252613041634,0
-43.87173377438572,0
-72.39171405353994,0
-59.873652116661795,0
-72.39171405353994,0
-68.29846304281553,0
-69.90336054611676,0
-63.795795408263515,0
-72.39171405353994,0
-70.8299733426308,0
-68.63095338832714,0
-69.84992821795348,0
-69.63457103625103,0
-72.39171405353994,0
-66.7959693463529,0
-33.93874803764239,0
-68.79153281563049,0
-72.87937306418105,0
-56.30656621554928,0
-67.94435717139456,0
-68.12093451878701,0
-53.768053387764645,0
-70.8299733426308,0
-72.39171405353994,0
-71.97224171367773,0
-70.16292436381312,0
-66.6122803672319,0
-65.53803977272223,0
-67.23999361856984,0
-66.9613590172828,0
-39.56471330028636,0
-67.93759277130602,0
-72.76749154504385,0
-72.49937849618209,0
-71.84505501367428,0
-59.292331132723845,0
-65.30867493901364,0
-54.61927440574572,0
-72.39171405353994,0
-68.0826590243173,0
-72.39171405353994,0
-72.39171405353994,0
-67.31342048305969,0
-42.18480226375418,0
-64.27900530975872,0
-64.40638061368094,0
-66.79891622158205,0
-63.3740543849787,0
-66.59749718052187,0
-66.621871006304,0
-65.4335802286867,0
-50.82551833506129,0
-59.35214205477637,0
-64.75656755988169,0
-70.55304612487222,0
-66.03931451383527,0
-64.59101364338073,0
-64.54461833128828,0
-64.51353192760327,0
-69.50472776245938,0
-64.62618987417099,0
-69.1713514822649,0
-53.237785524819365,0
-66.65691902614444,0
-54.57104333871673,0
-55.86173093379163,0
-65.34064263919642,0
-69.66747723102003,0
-62.487123887991466,0
-28.03485144477466,0
-68.94919847273204,0
-70.09307140775053,0
-67.78947941010033,0
-68.69775283036387,0
-72.39171405353994,0
-67.86199584819568,0
-70.51577536608656,0
-62.33946763600997,0
-71.87966594477672,0
-53.897736835477104,0
-72.39171405353994,0
-67.56529236130837,0
-68.4335071112621,0
-72.39171405353994,0
-70.07750952401472,0
-70.09647511688382,0
-70.14283295565147,0
-72.39171405353994,0
-74.33873714842517,0
-70.16750552365764,0
-61.89924231477931,0
-72.39171405353994,0
-67.14004671569869,0
-61.88797629937181,0
-68.79183580862926,0
-66.23353469794564,0
-72.47909589406197,0
-66.73875981094463,0
-45.60647376680479,0
-64.89994013837945,0
-68.21390976786812,0
-70.16292436381312,0
-72.39171405353994,0
-40.42978635202078,0
-63.37973700072453,0
-62.34010468646379,0
-66.8478293699531,0
-59.292331132723845,0
-71.00587007425565,0
-66.95802415243749,0
-67.40133843978376,0
-68.82333322562869,0
-72.39171405353994,0
-69.90462584925359,0
-65.07622839592013,0
-23.05176517481353,0
-60.02307518777258,0
-57.921966677102034,0
-68.50843582466938,0
-72.39171405353994,0
-69.41667508519916,0
-67.86856401630777,0
-66.60928493373946,0
-41.5911144781043,0
-68.6506408080989,0
-42.93696940136745,0
-69.47794432105023,0
-53.447223640714434,0
-68.10211402629008,0
-68.69799530076145,0
-68.95752251716772,0
-67.88412590004359,0
-70.20413731561237,0
-49.9916913027034,0
-62.56953322066294,0
-57.20782195251874,0
-70.00851018883307,0
-72.39171405353994,0
-66.3062109628807,0
-72.07755506470286,0
-65.40271988382479,0
-39.22080325763461,0
-62.21191822992469,0
-67.97387736733288,0
-70.8299733426308,0
-68.49073312542335,0
-70.15748403979623,0
-67.886783956999,0
-68.42903756854335,0
-72.39171405353994,0
-66.00775538285129,0
-73.98023820585824,0
-59.292331132723845,0
-71.5984095890422,0
-69.50472776245938,0
-62.79308006189997,0
-65.30867493901364,0
-59.292331132723845,0
-63.13847676621469,0
-66.15660157955774,0
-63.19156824021145,0
-60.91277997706888,0
-62.29609859815466,0
-68.45636374213038,0
-38.34805857242953,0
-72.39171405353994,0
-70.8299733426308,0
-71.82622698262117,0
-65.24661121477209,0
-64.31499762239206,0
-71.29410923634401,0
-67.38577655604794,0
-66.94245966508913,0
-38.84019681862915,0
-64.27550355357057,0
-59.292331132723845,0
-70.91735518315282,0
-68.5389228058946,0
-59.292331132723845,0
-72.5676107851648,0
-68.26372145679795,0
-66.69379493953505,0
-66.81761008928778,0
-70.17789621780827,0
-70.17581228068786,0
-70.8299733426308,0
-70.63138149603151,0
-73.98023820585824,0
-67.11351822369598,0
-67.34309020564264,0
-77.76492941959225,0
-64.36452174775386,0
-72.39171405353994,0
-46.46464795892579,0
-64.60916174812661,0
-68.11318461912487,0
-72.39171405353994,0
-65.34251797074084,0
-59.292331132723845,0
-54.8542482650563,0
-70.2196744453604,0
-70.15091587168413,0
-71.97224171367773,0
-65.96150918470168,0
-66.57391524562674,0
-72.39171405353994,0
-68.14481906352597,0
-63.13847676621469,0
-70.8299733426308,0
-69.64667005083035,0
-67.18182494325085,0
-72.39171405353994,0
-67.31325530758757,0
-68.32167363232612,0
-73.76818536852917,0
-69.43388892152,0
-53.768053387764645,0
-72.0488337554331,0
-70.43193831746305,0
-48.61027366308824,0
-68.77557867896755,0
-62.856620892601924,0
-69.21482856680981,0
-76.26378710779598,0
-67.36902886799227,0
-69.41734592193735,0
-63.61489119922501,0
-70.51577536608656,0
-59.292331132723845,0
-44.032270444285636,0
-62.54491745606627,0
-47.73810136485672,0
-67.52602451472535,0
-72.39171405353994,0
-64.81316317496706,0
-67.16845194251381,0
-61.81237937626147,0
-60.91277997706888,0
-69.09143162838603,0
-67.3752972865165,0
-59.292331132723845,0
-66.99739338390697,0
-70.8299733426308,0
-72.39171405353994,0
-18.682964050922788,0
-66.62046678598016,0
-67.94515605806313,0
-67.85682412600049,0
-70.8299733426308,0
-67.8808163406926,0
-67.00275556255154,0
-64.35975365189333,0
-59.292331132723845,0
-61.88797629937181,0
-70.10875281707986,0
-70.12970312269391,0
-67.968679174991,0
-68.43255082807457,0
-65.37651216167247,0
-67.43782455232547,0
-44.45462453930565,0
-70.8299733426308,0
-68.18546610565042,0
-70.8299733426308,0
-72.39171405353994,0
-59.52894765217605,0
-57.10773598284664,0
-69.34123198757568,0
-70.12970312269391,0
-70.09747690952858,0
-60.81277280608578,0
-67.62878907500603,0
-74.37531718363545,0
-74.33440208097502,0
-68.75720597584814,0
-59.067140718832945,0
-67.5287629627743,0
-70.17123112084334,0
-48.32197955142486,0
-64.1909534955285,0
-71.06646847336853,0
-66.31331115870493,0
-52.680368850514206,0
-62.443268431979,0
-67.87755773193149,0
-68.45561788232848,0
-64.95596921540624,0
-40.20728887166421,0
-71.06646847336853,0
-70.11963487048337,0
-72.39171405353994,0
-68.79877889326823,0
-72.39171405353994,0
-54.63814142271154,0
-65.89808692956906,0
-70.13519675421918,0
-68.06848871363597,0
-66.78438256109501,0
-64.2772930348691,0
-66.73581365880813,0
-49.24252068994808,0
-59.292331132723845,0
-72.39171405353994,0
-59.292331132723845,0
-72.04127046867598,0
-67.15776699668447,0
-67.87755773193149,0
-72.39171405353994,0
-63.26257703256835,0
-62.801526580118335,0
-65.40894935875127,0
-68.63080925755878,0
-52.13895610708447,0
-38.285285085006066,0
-72.39171405353994,0
-59.886262885859956,0
-66.65932735360269,0
-58.668007721334725,0
-72.39171405353994,0
-68.05398456310203,0
-66.39217422815445,0
-71.89200274531225,0
-63.400535754273626,0
-66.31651539915724,0
-65.55764905612891,0
-60.70400222940097,0
-67.14191927014734,0
-45.08933175788183,0
-65.26417669095359,0
-72.39171405353994,0
-64.37168964142492,0
-66.45853425576342,0
-67.97387736733288,0
-72.39171405353994,0
-72.39171405353994,0
-70.8299733426308,0
-68.55928162291701,0
-63.9099065834214,0
-63.546216457940105,0
-59.292331132723845,0
-69.80064697689028,0
-66.96621503067225,0
-59.292331132723845,0
-72.39171405353994,0
-72.39171405353994,0
-70.11414123895807,0
-66.12722627895704,0
-72.39171405353994,0
-66.0744155629516,0
-68.58752691649305,0
-70.55304612487222,0
-66.34441816884191,0
-65.49137261188328,0
-66.35535181204217,0
-64.26893538545848,0
-72.39171405353994,0
-49.50314877922336,0
-69.29661880090703,0
-65.52635076480834,0
-40.56772671440422,0
-72.39171405353994,0
-70.51577536608656,0
-69.6343298109262,0
-71.89792105540099,0
-61.89553958612894,0
-70.76260169210371,0
-68.69118466225177,0
-66.67656863760415,0
-72.39171405353994,0
-66.9302073407043,0
-68.72220666624312,0
-55.9097389968185,0
-59.292331132723845,0
-71.3582914109478,0
-72.39171405353994,0
-70.8299733426308,0
-65.84216483082184,0
-70.12944723912472,0
-72.04803486876452,0
-59.292331132723845,0
-73.28138065590659,0
-67.28271645009619,0
-65.39078828980122,0
-46.126565370901254,0
-66.36602336142143,0
-67.38702600291624,0
-69.25743588180667,0
-67.94435717139456,0
-71.00587007425565,0
-59.292331132723845,0
-66.96980315223281,0
-72.10429951840486,0
-64.81316317496706,0
-63.53289615131622,0
-61.67792355771055,0
-68.69983801255702,0
-53.447223640714434,0
-68.45079304362031,0
-59.292331132723845,0
-67.13348560920987,0
-64.32391999665671,0
-72.47909589406197,0
-71.00343437672767,0
-72.39171405353994,0
-35.67448566411783,0
-35.67448566411783,0
-69.4121734698802,0
-74.16481428033464,0
-52.35600211385933,0
-65.30080840589697,0
-72.39171405353994,0
-59.292331132723845,0
-68.56513052804692,0
-69.9638988269681,0
-72.39171405353994,0
-72.8213823613208,0
-59.292331132723845,0
-66.01451978293983,0
-65.81688431620059,0
-67.968679174991,0
-69.13876675159379,0
-59.292331132723845,0
-66.46710084069764,0
-70.12091967176616,0
-73.98023820585824,0
-59.292331132723845,0
-59.292331132723845,0
-64.33222675368694,0
-39.38293811591299,0
-62.34010468646379,0
-70.8299733426308,0
-72.39171405353994,0
-49.56866748551311,0
-70.13969836953814,0
-59.292331132723845,0
-74.34423077995046,0
-68.55917896085701,0
-61.30496013601971,0
-68.73092441624203,0
-62.7375786138073,0
-59.292331132723845,0
-44.61782056912825,0
-72.39171405353994,0
-65.81632347918905,0
-64.83194623768607,0
-66.1758886362794,0
-64.81316317496706,0
-72.39171405353994,0
-68.59695071577221,0
-72.39171405353994,0
-72.9782039719785,0
-67.94885878671352,0
-60.48460249877487,0
-69.2245412493867,0
-40.6025053788852,0
-62.238075443353715,0
-50.98709650113299,0
-74.32252467311707,0
-59.144197781564785,0
-71.54371195774209,0
-63.61489119922501,0
-39.22080325763461,0
-62.84985649251338,0
-41.8783868304895,0
-65.04220410641963,0
-70.19264660507665,0
-72.39171405353994,0
-59.292331132723845,0
-72.39171405353994,0
-68.6398029731825,0
-61.760777040368325,0
-72.39171405353994,0
-65.8248510465476,0
-66.81903673878654,0
-61.372590188353605,0
-69.5688028121161,0
-46.735768896770246,0
-64.33222675368694,0
-72.39171405353994,0
-72.5676107851648,0
-59.292331132723845,0
-64.252476817756,0
-72.47909589406197,0
-66.99179094577909,0
-59.292331132723845,0
-68.2718782544495,0
-72.4184974949491,0
-74.53961065599175,0
-68.22718038672485,0
-63.20903479498514,0
-59.292331132723845,0
-70.17789621780827,0
-60.01203761191842,0
-69.19052978591517,0
-65.27114448779159,0
-72.84308846815419,0
-62.85259494056233,0
-73.98023820585824,0
-67.94515605806313,0
-72.39171405353994,0
-70.18063711939604,0
-34.55244730745857,0
-63.50896001126192,0
-68.73020553495806,0
-68.13577479719928,0
-59.292331132723845,0
-66.13162506965182,0
-72.39171405353994,0
-68.43730079726006,0
-74.37531718363545,0
-61.89474069946035,0
-66.6022632012628,0
-67.8808163406926,0
-65.34064263919642,0
-61.10228203030306,0
-59.292331132723845,0
-67.72465820529307,0
-59.292331132723845,0
-70.8299733426308,0
-70.04136111717355,0
-56.28383142769028,0
-70.8299733426308,0
-59.292331132723845,0
-66.03931451383527,0
-63.3764812557169,0
-20.994925395130206,0
-58.15505739913436,0
-74.34423077995046,0
-65.14203219855271,0
-70.63082173721426,0
-55.12354267966527,0
-68.78705417170173,0
-68.71825305593359,0
-66.06439253190158,0
-71.0397469123463,0
-70.14283295565147,0
-59.339322512783745,0
-66.38341534715398,0
-68.1983478841323,0
-68.84873413275787,0
-72.39926333749884,0
-29.828460611716768,0
-66.65699562406263,0
-67.37347403385677,0
-72.39171405353994,0
-70.8299733426308,0
-61.05535306381458,0
-69.43357322410421,0
-74.62812554709458,0
-39.3806753311434,0
-69.82845413100978,0
-52.83226580666451,0
-61.88797629937181,0
-72.31930284782865,0
-72.39171405353994,0
-72.39171405353994,0
-68.50331147376835,0
-71.92144417232885,0
-73.98023820585824,0
-61.71679311640937,0
-72.39171405353994,0
-55.43304957409428,0
-73.98023820585824,0
-68.78705417170173,0
-66.04011409340605,0
-67.968679174991,0
-71.06646847336853,0
-63.27457298979842,0
-60.90526396658865,0
-61.050433878450676,0
-70.51577536608656,0
-67.94033121935496,0
-67.03521000486306,0
-66.00775538285129,0
-73.98023820585824,0
-68.73841914155122,0
-65.25423574832965,0
-61.8764822652878,0
-61.890714747420766,0
-73.98023820585824,0
-63.26436475868495,0
-66.41114939737894,0
-64.39635912981953,0
-65.30867493901364,0
-67.31342048305969,0
-72.39171405353994,0
-70.66299285915511,0
-72.39171405353994,0
-69.94453330809955,0
-64.81316317496706,0
-72.39171405353994,0
-61.83450942810939,0
-62.930840708620565,0
-59.292331132723845,0
-67.80220114611637,0
-66.38711807580437,0
-66.30682330539862,0
-61.89474069946035,0
-70.8299733426308,0
-71.853137452774,0
-70.17581228068786,0
-65.30630203742224,0
-66.0785198192429,0
-65.0977191667334,0
-66.61147307035644,0
-71.64548161795886,0
-70.1743446012022,0
-70.8299733426308,0
-72.39171405353994,0
-61.479937137891014,0
-70.13626478753937,0
-70.8299733426308,0
-62.8574197792705,0
-67.87595319265382,0
-65.99768545855105,0
-68.41017751715162,0
-55.9097389968185,0
-70.12445725565269,0
-68.88910144976361,0
-64.89299705374047,0
-64.30243403927676,0
-74.35699225904943,0
-72.39171405353994,0
-51.99736860407031,0
-51.10197603591464,0
-68.25195296162101,0
-66.35089193286193,0
-70.14773092462701,0
-42.054635608168205,0
-66.20855984871804,0
-72.5676107851648,0
-72.39171405353994,0
-72.5676107851648,0
-69.9638988269681,0
-65.30623337471398,0
-72.39171405353994,0
-41.73184984723271,0
-72.39171405353994,0
-68.88210427860781,0
-60.823559286069866,0
-66.32550911478097,0
-43.97457585712181,0
-71.00587007425565,0
-72.39171405353994,0
-72.5676107851648,0
-63.566414730174905,0
-71.56511152624915,0
-65.46744268062244,0
-67.39737682362833,0
-66.25710084189805,0
-72.93434180730597,0
-61.073886571621564,0
-66.6877978605246,0
-70.16758020111365,0
-65.12239121345212,0
-59.292331132723845,0
-66.97720921901879,0
-64.9550204265483,0
-68.88051711346577,0
-67.07933766715003,0
-65.39693079032286,0
-72.39171405353994,0
-68.96202413248668,0
-72.5676107851648,0
-70.03666887813306,0
-67.91588666447262,0
-23.05176517481353,0
-69.90728262898628,0
-56.85584848861139,0
-72.39171405353994,0
-72.47909589406197,0
-64.41096604248425,0
-60.05643093367625,0
-68.78019736910338,0
-66.95061951871631,0
-69.86518363158373,0
-64.33848332618521,0
-71.43802433421787,0
-64.84306350766785,0
-59.292331132723845,0
-53.59043761301556,0
-67.4722313346681,0
-65.99236678219727,0
-72.39171405353994,0
-62.384842707575466,0
-39.5358984723867,0
-59.619979140810564,0
-72.39171405353994,0
-72.12572205725166,0
-67.37442675100831,0
-61.069853297625826,0
-68.70784899168126,0
-38.335491425405166,0
-66.99398855657165,0
-61.72871396970714,0
-63.91502604099696,0
-72.0488337554331,0
-46.012076155511416,0
-70.8299733426308,0
-70.47147431840834,0
-59.292331132723845,0
-67.94033121935496,0
-61.81932246090046,0
-59.292331132723845,0
-72.39171405353994,0
-70.16807022927156,0
-68.16788225042498,0
-70.99823618438582,0
-67.86856401630777,0
-50.810410146847936,0
-69.63411495914357,0
-52.67078566260932,0
-74.36730827574405,0
-48.30220800140891,0
-65.56553734384282,0
-71.06646847336853,0
-70.9790866328465,0
-63.566414730174905,0
-58.70978594888687,0
-66.54122147323201,0
-62.97964654477207,0
-70.1691709823084,0
-69.77918121215485,0
-72.39171405353994,0
-62.16180856756748,0
-72.39171405353994,0
-59.292331132723845,0
-72.39171405353994,0
-66.62723625389877,0
-72.39171405353994,0
-67.968679174991,0
-67.77602433453018,0
-68.84423251743891,0
-72.78962159689176,0
-71.65067981030074,0
-68.31955128775266,0
-66.91923367081415,0
-60.470498798636186,0
-55.871205935939855,0
-69.08448854374706,0
-54.43617932896683,0
-65.37547788822936,0
-70.17123112084334,0
-46.80141547898512,0
-68.76318485999442,0
-69.72352173229648,0
-50.03705509439458,0
-59.292331132723845,0
-57.986779713704635,0
-64.64923217628191,0
-71.37042600808626,0
-70.12438737968142,0
-64.81316317496706,0
-68.55928162291701,0
-74.350995180039,0
-59.292331132723845,0
-61.855748414116796,0
-68.10130721126691,0
-58.941252613041634,0
-68.48084358969773,0
-59.96632544658401,0
-68.69534387078963,0
-69.50472776245938,0
-66.99922250651545,0
-39.36634501684903,0
-66.64560088884687,0
-77.76492941959225,0
-67.7542224462525,0
-70.16758020111365,0
-68.75033861585425,0
-68.70952503292881,0
-41.486537599239554,0
-70.1691709823084,0
-69.44045708963209,0
-74.36730827574405,0
-65.2818283092311,0
-66.79891622158205,0
-57.26656620428927,0
-72.09263016048446,0
-69.26463994582032,0
-68.75061771297007,0
-63.49276758562459,0
-66.90612498039064,0
-73.98023820585824,0
-67.86856401630777,0
-72.0488337554331,0
-70.14654534063621,0
-64.65950542752087,0
-45.307782038764294,0
-72.39171405353994,0
-74.34696922799941,0
-70.8299733426308,0
-68.6262754801553,0
-68.76676799617502,0
-67.51619581574994,0
-68.53575850598912,0
-73.98023820585824,0
-70.43585380106953,0
-62.57755820077539,0
-68.90343176405798,0
-62.774051171798895,0
-67.00565260190736,0
-66.9689952187151,0
-48.482318192694095,0
-72.93160335925702,0
-62.04971559268707,0
-57.26656620428927,0
-73.98023820585824,0
-67.83530935061437,0
-67.94885878671352,0
-72.39171405353994,0
-74.28745434933705,0
-65.95937066316101,0
-61.6130846019874,0
-55.43304957409428,0
-72.39171405353994,0
-42.52801715962191,0
-67.52602451472535,0
-72.39171405353994,0
-61.83119986875841,0
-47.68518401395769,0
-70.11186490996019,0
-71.59131924840148,0
-72.39171405353994,0
-70.12087856187003,0
-70.8299733426308,0
-65.82634651023909,0
-54.53992445599992,0
-70.1408459473839,0
-57.12514957813478,0
-61.738971294942644,0
-59.292331132723845,0
-70.89057174174367,0
-61.81237937626147,0
-61.890714747420766,0
-67.98380421827122,0
-70.8299733426308,0
-64.81316317496706,0
-67.49306712813416,0
-68.10276696025004,0
-72.86233407100713,0
-67.70023705164319,0
-23.67983397128544,0
-59.2903093984026,0
-72.39171405353994,0
-71.87648853627579,0
-72.39171405353994,0
-61.892477914690765,0
-67.15776699668447,0
-72.39171405353994,0
-69.02812962373841,0
-72.39171405353994,0
-56.92986839340796,0
-68.7514760598336,0
-70.20413731561237,0
-67.88412590004359,0
-69.47923719784934,0
-69.87145878460055,0
-68.95525973239813,0
-68.12575176614922,0
-67.22907952897485,0
-64.81316317496706,0
-72.39171405353994,0
-69.66450767115919,0
-69.257968031737,0
-38.56735668468079,0
-66.3664112710553,0
-70.13244324283255,0
-63.03262025002293,0
-57.986881240243264,0
-68.95403465517741,0
-70.13094848617027,0
-61.01020240108687,0
-67.86199584819568,0
-67.53052613004431,0
-72.47909589406197,0
-72.85435448356169,0
-59.99138774592134,0
-70.00507652114669,0
-64.3797210374072,0
-74.35179406670758,0
-31.470574998969024,0
-66.74101185115,0
-42.41342271977245,0
-52.33655852085121,0
-70.12494562380576,0
-59.48831706236967,0
-61.83450942810939,0
-70.60287070180915,0
-30.72975588345192,0
-55.844225589815736,0
-62.32470159786613,0
-68.47914099925637,0
-67.86893893283465,0
-61.89474069946035,0
-54.867976966053476,0
-72.39171405353994,0
-48.55250815921092,0
-69.6343298109262,0
-68.70855182669638,0
-48.25830434868706,0
-67.29239599691644,0
-72.39171405353994,0
-69.30693481760164,0
-66.82460337567812,0
-72.39171405353994,0
-64.68382743111734,0
-73.98023820585824,0
-60.04312401560343,0
-70.5362664381804,0
-55.133228324730354,0
-42.83088864731324,0
-63.452641538565615,0
-67.95035425040498,0
-66.40693846408185,0
-63.48635830250316,0
-67.86856401630777,0
-68.45954138076064,0
-72.39171405353994,0
-64.59432320273173,0
-71.37662704843642,0
-63.91490773400123,0
-72.39171405353994,0
-64.95378385036187,0
-66.7971909334442,0
-72.39171405353994,0
-59.52504480184553,0
-58.492068784676384,0
-67.29513444496538,0
-68.94919847273204,0
-66.95029874886595,0
-64.8246100059026,0
-71.32446335536153,0
-69.80390558565136,0
-68.95403465517741,0
-68.69118466225177,0
-59.292331132723845,0
-72.39171405353994,0
-66.42261659036666,0
-68.89729124581675,0
-67.69591440037695,0
-66.18001878947541,0
-70.51577536608656,0
-73.76818536852917,0
-69.50472776245938,0
-72.39171405353994,0
-72.39171405353994,0
-72.39171405353994,0
-68.06859462064617,0
-59.292331132723845,0
-63.07260122551759,0
-68.22909738197207,0
-64.98395355718924,0
-62.63468513852036,0
-59.2207421486208,0
-58.941252613041634,0
-60.25063866535232,0
-65.50325001974123,0
-72.39171405353994,0
-69.1299313868023,0
-72.39171405353994,0
-59.292331132723845,0
-63.312020863170794,0
-58.79024155028073,0
-70.1743446012022,0
-60.87807498101938,0
-72.39171405353994,0
-70.22471740706956,0
-72.39171405353994,0
-69.90500493257846,0
-63.105861484893126,0
-59.292331132723845,0
-66.15649567254754,0
-73.73779265651353,0
-72.39171405353994,0
-70.8299733426308,0
-67.22531346079258,0
-74.2755769414791,0
-60.27276871720024,0
-40.94077038872469,0
-65.2950276205957,0
-71.82622698262117,0
-68.92702840939292,0
-71.06646847336853,0
-55.23179729539327,0
-59.292331132723845,0
-64.26767497422718,0
-64.20559896208928,0
-72.39171405353994,0
-68.95403465517741,0
-72.39171405353994,0
-72.5676107851648,0
-70.16914640886031,0
-72.39171405353994,0
-64.46979118198018,0
-72.39171405353994,0
-48.331598923987386,0
-70.8299733426308,0
-68.09717519405496,0
-64.26914114718551,0
-65.59008274962484,0
-72.47909589406197,0
-70.9790866328465,0
-70.97471306745793,0
-72.39171405353994,0
-62.786229033723785,0
-65.99919899074563,0
-69.63411495914357,0
-68.13577479719928,0
-62.527249616294895,0
-66.00902768972105,0
-59.292331132723845,0
-65.58376051990543,0
-65.36971829400257,0
-73.73779265651353,0
-69.3425213066844,0
-68.34307440468052,0
-64.43923153945342,0
-72.39171405353994,0
-70.16292436381312,0
-59.292331132723845,0
-59.292331132723845,0
-69.83172327404876,0
-68.48779726473188,0
-59.153426041417056,0
-58.583135236577654,0
-67.2947738786207,0
-74.62355192580625,0
-41.1302519183683,0
-64.05749207915731,0
-72.39171405353994,0
-66.31581702102234,0
-43.405635629158596,0
-72.5676107851648,0
-34.80170056057675,0
-71.87966594477672,0
-72.39171405353994,0
-71.89200274531225,0
-72.39171405353994,0
-59.292331132723845,0
-65.37519849695853,0
-64.2807049628178,0
-66.5650945756906,0
-62.86112250792088,0
-46.34727836674275,0
-68.3036612351574,0
-64.40645529113694,0
-68.70603569465678,0
-65.35259959157993,0
-73.06509837486826,0
-74.27520202495222,0
-69.2235053911572,0
-72.85584994725316,0
-67.0037377110215,0
-67.32219091383242,0
-70.51577536608656,0
-59.292331132723845,0
-69.71165822866462,0
-43.55251332035825,0
-67.21325846585235,0
-62.043479231675725,0
-60.980682205148554,0
-68.95403465517741,0
-72.5676107851648,0
-68.3021593020201,0
-60.95737455719116,0
-71.32446335536153,0
-64.81316317496706,0
-60.63470831746596,0
-72.5676107851648,0
-54.56423645068838,0
-70.55961429298432,0
-63.86802269701434,0
-57.54466894065136,0
-72.87482692864361,0
-70.11414123895807,0
-56.903332839781996,0
-66.75781057684351,0
-64.45349688822876,0
-70.16292436381312,0
-69.00221420866801,0
-62.34010468646379,0
-67.94435717139456,0
-68.64306158194361,0
-67.69591440037695,0
-64.31961556236959,0
-61.229559639849356,0
-72.39171405353994,0
-44.08658344964886,0
-67.46756679014516,0
-69.21482856680981,0
-73.98023820585824,0
-64.81316317496706,0
-72.39171405353994,0
-70.17123112084334,0
-68.71367189608907,0
-45.55962047823424,0
-72.39171405353994,0
-67.87755773193149,0
-64.54637868035094,0
-65.95431642069573,0
-58.31817451260071,0
-72.93434180730597,0
-72.47909589406197,0
-65.31929880593516,0
-63.566414730174905,0
-67.94885878671352,0
-70.16750552365764,0
-72.39171405353994,0
-57.26656620428927,0
-65.7427717121409,0
-67.94515605806313,0
-70.20416023632393,0
-40.21967208853366,0
-71.853137452774,0
-70.1691709823084,0
-70.8299733426308,0
-63.25434172763491,0
-68.298091697431,0
-64.95804952241163,0
-68.18447534948896,0
-62.98121601720831,0
-69.62269362839308,0
-63.395469869212,0
-66.06326184974674,0
-69.89980674023661,0
-65.3322043756301,0
-70.18583531173789,0
-64.17186190404155,0
-65.93132641722501,0
-66.93510530967984,0
-55.73458386683474,0
-71.86875323521318,0
-65.36549726772135,0
-59.292331132723845,0
-57.05431664982362,0
-70.51577536608656,0
-67.35646172096791,0
-65.40762261419,0
-59.292331132723845,0
-65.0619260849287,0
-27.1248303259141,0
-70.15104695595517,0
-67.91588666447262,0
-63.13847676621469,0
-67.83530935061437,0
-71.47706166018223,0
-61.81932246090046,0
-57.10773598284664,0
-67.19343807757484,0
-41.78426762769401,0
-65.22245341802953,0
-63.312020863170794,0
-30.191878677644066,0
-66.10579129435516,0
-70.12413648580232,0
-72.5676107851648,0
-69.50472776245938,0
-67.4569957597271,0
-68.26338771061292,0
-65.12605714961546,0
-66.00190634265782,0
-68.95403465517741,0
-65.18045113981873,0
-72.39171405353994,0
-72.39171405353994,0
-70.15842274849416,0
-44.97044671530615,0
-40.44637945108474,0
-59.292331132723845,0
-64.27463477871078,0
-57.26656620428927,0
-66.02009218338684,0
-68.95349656512812,0
-68.95403465517741,0
-70.14654534063621,0
-35.89689841058493,0
-70.15292911696889,0
-72.4184974949491,0
-70.17307383263892,0
-59.292331132723845,0
-67.31998865117178,0
-69.66450767115919,0
-59.61449234590723,0
-72.39171405353994,0
-66.6614137237761,0
-64.84720336298011,0
-72.5676107851648,0
-72.47909589406197,0
-66.46095579964158,0
-57.26656620428927,0
-71.08675107548865,0
-66.86018392113051,0
-61.22089621872528,0
-72.39171405353994,0
-53.447223640714434,0
-65.88347094860335,0
-72.39171405353994,0
-65.47707719311008,0
-72.39171405353994,0
-71.84505501367428,0
-62.77425956940304,0
-62.80211526850077,0
-63.58449848720939,0
-66.7804797107645,0
-46.183319497575056,0
-61.91906270305682,0
-71.43802433421787,0
-72.5676107851648,0
-71.06646847336853,0
-67.37755643535083,0
-69.66450767115919,0
-59.292331132723845,0
-64.84463147443608,0
-59.292331132723845,0
-65.15570986959365,0
-59.292331132723845,0
-53.447223640714434,0
-70.44242950773784,0
-72.47909589406197,0
-67.47157927786365,0
-63.38238202352966,0
-64.39466073638971,0
-72.39171405353994,0
-64.87073648461572,0
-72.5676107851648,0
-66.74716224522516,0
-59.292331132723845,0
-71.06646847336853,0
-64.30382858849507,0
-69.31494372549307,0
-59.292331132723845,0
-72.39171405353994,0
-63.39059027803715,0
-74.34873239526942,0
-67.94885878671352,0
-71.29410923634401,0
-73.11052466759584,0
-41.8783868304895,0
-60.17515178472022,0
-39.16670270222045,0
-64.30566488603245,0
-68.66391034818812,0
-65.54539673174408,0
-55.469955650661944,0
-72.39171405353994,0
-48.53525418925646,0
-59.281584983055716,0
-61.89474069946035,0
-71.92144417232885,0
-60.970888745383284,0
-64.56706862354726,0
-59.87395476492559,0
-65.99589382574167,0
-63.35082839070372,0
-72.39171405353994,0
-70.12450493035203,0
-72.39171405353994,0
-70.11960696137649,0
-25.382760443891936,0
-63.410792001700194,0
-67.94435717139456,0
-68.89398168646576,0
-69.63457103625103,0
-63.75864559194582,0
-71.37368461684734,0
-73.98023820585824,0
-64.40645529113694,0
-39.37617371582445,0
-68.37245767246102,0
-70.19264660507665,0
-58.24296004488829,0
-53.447223640714434,0
-68.70700744978993,0
-62.34010468646379,0
-64.97173382594072,0
-63.96170230140533,0
-59.292331132723845,0
-68.81959463386256,0
-65.53186093511762,0
-67.00453273999196,0
-67.38621252752131,0
-72.39171405353994,0
-66.65906382121219,0
-42.52719303271201,0
-71.97261663020461,0
-62.97964654477207,0
-66.07224514637724,0
-62.29609859815466,0
-72.39171405353994,0
-67.91588666447262,0
-72.39269516938674,0
-63.75743502897096,0
-68.22909738197207,0
-66.79935636966202,0
-72.39171405353994,0
-70.14741411549599,0
-77.76492941959225,0
-65.34064263919642,0
-58.4813833046943,0
-72.5676107851648,0
-67.83264756230403,0
-70.51577536608656,0
-42.52719303271201,0
-68.42162970340415,0
-67.55763453665082,0
-72.39171405353994,0
-52.659737268787374,0
-39.630908592733775,0
-69.33645166241064,0
-64.81316317496706,0
-52.480587283054916,0
-66.962427050603,0
-67.62878907500603,0
-59.292331132723845,0
-61.48238736538732,0
-59.292331132723845,0
-68.23241383728842,0
-70.14105170911094,0
-63.224709271583805,0
-71.43802433421787,0
-72.39171405353994,0
-70.8299733426308,0
-62.34010468646379,0
-68.55917896085701,0
-72.39171405353994,0
-66.83932554092758,0
-70.19264660507665,0
-69.63411495914357,0
-67.70554987755861,0
-74.34696922799941,0
-52.835914089813315,0
-72.39171405353994,0
-65.99369234235414,0
-66.33012763734177,0
-53.447223640714434,0
-64.6546603810929,0
-70.16750552365764,0
-70.15935371298539,0
-62.84002555810497,0
-67.02074521530005,0
-42.42559235565516,0
-72.39171405353994,0
-62.856620892601924,0
-68.12093451878701,0
-68.03531965160676,0
-66.76222460014023,0
-66.40911630829119,0
-69.19052978591517,0
-69.50472776245938,0
-65.18163671096447,0
-59.292331132723845,0
-60.54176057844158,0
-67.92387265165249,0
-72.39171405353994,0
-61.827941259997296,0
-71.00587007425565,0
-69.66450767115919,0
-57.01458503032315,0
-67.86199584819568,0
-72.39171405353994,0
-69.44045708963209,0
-66.99179094577909,0
-68.12575176614922,0
-69.04141649569944,0
-66.26225600721538,0
-69.25036543846167,0
-65.51307871871664,0
-65.81581572444168,0
-66.01505350395367,0
-59.292331132723845,0
-59.292331132723845,0
-73.98023820585824,0
-68.53275290078494,0
-72.39171405353994,0
-72.39171405353994,0
-70.89155285759047,0
-61.454020400420745,0
-70.8299733426308,0
-39.458002653447686,0
-65.6335797898637,0
-70.8299733426308,0
-72.39171405353994,0
-36.52888382246944,0
-67.08159842855352,0
-48.47955244233131,0
-64.43470564860543,0
-55.86098753805451,0
-66.97718209498545,0
-72.39171405353994,0
-67.8808163406926,0
-44.362434275424256,0
-70.91735518315282,0
-59.292331132723845,0
-46.51307067408712,0
-70.9437453335447,0
-61.37943147800282,0
-67.53350938060046,0
-64.67064824557029,0
-44.20187944146438,0
-64.29726042038297,0
-66.29222460902596,0
-62.86112250792088,0
-59.292331132723845,0
-68.94092941810374,0
-66.68068634151955,0
-70.60315720660859,0
-68.91288103865944,0
-68.75727409190608,0
-65.06264884295338,0
-36.3741366783527,0
-67.34995091692888,0
-69.70553532724468,0
-43.402148953903435,0
-25.03834364380149,0
-68.6463711412946,0
-64.01012492370891,0
-60.04312401560343,0
-64.24769639945107,0
-68.51836652025659,0
-61.890714747420766,0
-66.71319921497852,0
-72.39171405353994,0
-68.73322094920937,0
-70.98237405646938,0
-67.030299578676,0
-72.5676107851648,0
-49.723150230448574,0
-61.5889492678295,0
-58.566693573897936,0
-70.14920359679454,0
-65.18924376569551,0
-62.84950937359689,0
-50.175825421869796,0
-72.39171405353994,0
-70.15751027681341,0
-70.15768027177268,0
-72.39171405353994,0
-62.97788312750508,0
-68.21058728766087,0
-20.583123380648217,0
-68.94526448555388,0
-60.3329999885512,0
-69.86342046431372,0
-63.47892458568886,0
-75.46196910831779,0
-72.47909589406197,0
-37.5077983151282,0
-60.02479909101742,0
-71.84505501367428,0
-68.78705417170173,0
-65.79575530043913,0
-63.12634436091636,0
-26.791815623027258,0
-70.51577536608656,0
-42.8928838283965,0
-71.98780359741357,0
-72.39171405353994,0
-71.88718036014293,0
-67.91588666447262,0
-64.621593157384,0
-72.5676107851648,0
-71.37131463507964,0
-66.10635091124784,0
-74.34423077995046,0
-73.98023820585824,0
-64.40645529113694,0
-70.16300390833868,0
-66.49224385219289,0
-59.292331132723845,0
-67.94033121935496,0
-70.20935842866578,0
-59.292331132723845,0
-66.64173205893549,0
-64.81316317496706,0
-70.15748403979623,0
-66.92259848068908,0
-61.890714747420766,0
-66.65360946679344,0
-39.56945940277226,0
-68.95403465517741,0
-72.5676107851648,0
-58.941252613041634,0
-72.39171405353994,0
-41.193596130460506,0
-67.68057789910311,0
-59.292331132723845,0
-68.91645654309477,0
-63.48679006140982,0
-72.39171405353994,0
-65.32479243746045,0
-40.56772671440422,0
-69.83897590943141,0
-70.13094848617027,0
-68.6994908936405,0
-70.61881434900715,0
-70.91735518315282,0
-71.73199142099989,0
-59.292331132723845,0
-70.51577536608656,0
-65.39203282134731,0
-70.12970312269391,0
-66.30682330539862,0
-59.292331132723845,0
-68.38566806549399,0
-73.73779265651353,0
-62.78082773751514,0
-72.39171405353994,0
-53.752827896487176,0
-60.62573354273994,0
-70.15842274849416,0
-65.98181493449619,0
-64.17088459673003,0
-72.39171405353994,0
-69.71969654895142,0
-72.39171405353994,0
-72.39171405353994,0
-71.29846954343887,0
-60.97841942037897,0
-72.01956436184261,0
-64.5592669164219,0
-45.946620199188764,0
-59.292331132723845,0
-67.08463043038545,0
-72.39171405353994,0
-68.2087973530854,0
-72.39171405353994,0
-64.4080460723317,0
-72.39171405353994,0
-67.2025276695358,0
-70.1492676274022,0
-40.379580011621684,0
-72.39171405353994,0
-70.04952738524585,0
-70.8299733426308,0
-69.80006649808024,0
-58.6258984850222,0
-45.514596729150995,0
-69.54509794689181,0
-59.292331132723845,0
-65.62681538977516,0
-67.968679174991,0
-62.561558137635636,0
-69.50472776245938,0
-72.39171405353994,0
-38.63459895567521,0
-68.71187750965862,0
-70.51577536608656,0
-72.5676107851648,0
-49.162673321998945,0
-69.01012590646,0
-68.95403465517741,0
-66.85238429278044,0
-67.12832927763756,0
-72.94436483835602,0
-59.292331132723845,0
-59.292331132723845,0
-66.68333303769269,0
-57.81784533545793,0
-32.567654652321046,0
-67.95035425040498,0
-72.39171405353994,0
-59.292331132723845,0
-64.81316317496706,0
-67.34845545323738,0
-63.68101309767165,0
-71.5769889341071,0
-66.80290180618002,0
-66.64135714240861,0
-59.775613246900896,0
-47.8739709549952,0
-67.97107554226486,0
-68.16694911537388,0
-64.65099120838521,0
-70.00781496919564,0
-70.10441999416756,0
-68.67008880904707,0
-54.867038257355546,0
-60.96375376228721,0
-63.83921600564564,0
-52.730989024853415,0
-70.8299733426308,0
-68.37245767246102,0
-71.89792105540099,0
-70.8299733426308,0
-49.723150230448574,0
-72.39926333749884,0
-64.37857345956144,0
-61.30496013601971,0
-67.968679174991,0
-65.26835629629424,0
-59.1335338668045,0
-63.614188372751656,0
-59.292331132723845,0
-66.23157133285528,0
-72.70455596144987,0
-59.292331132723845,0
-65.88463424425167,0
-61.75802425454682,0
-67.92776407233058,0
-60.91582907957031,0
-65.15051167725177,0
-59.80835820510458,0
-70.1961513284325,0
-57.69450416824949,0
-56.46390166337202,0
-62.06158864444967,0
-62.61497293746014,0
-63.90690491474746,0
-70.8299733426308,0
-64.59714860250169,0
-44.26593897839049,0
-62.88094289619839,0
-68.27493992588767,0
-64.34749073918427,0
-69.2342836707819,0
-71.00587007425565,0
-69.63890610370117,0
-59.94199496702496,0
-71.96567354556564,0
-69.12750073618629,0
-72.04803486876452,0
-68.95403465517741,0
-66.39766517050971,0
-68.3021593020201,0
-70.13519675421918,0
-62.42374879241078,0
-69.63411495914357,0
-70.14654534063621,0
-65.80554519956436,0
-65.10008119068992,0
-70.8299733426308,0
-52.267521857016845,0
-59.292331132723845,0
-65.87436600115531,0
-57.51426843761197,0
-59.483967114496004,0
-61.60220525334788,0
-65.02820263581916,0
-68.3036612351574,0
-66.37194491110613,0
-70.20935842866578,0
-53.50838466035302,0
-67.92776407233058,0
-65.37915210726808,0
-60.54819973403836,0
-65.46181411011487,0
-67.28994903991253,0
-54.52887742585587,0
-72.39171405353994,0
-72.4184974949491,0
-70.46284168574985,0
-65.59271937990893,0
-64.27215244429125,0
-70.2196744453604,0
-66.05501962302658,0
-67.39658069292715,0
-64.49416690199007,0
-71.89168197546189,0
-68.78705417170173,0
-72.39171405353994,0
-70.07750952401472,0
-67.29995928367356,0
-72.39171405353994,0
-33.58412712906371,0
-70.91735518315282,0
-59.292331132723845,0
-62.56329285200005,0
-60.33899706756166,0
-70.8299733426308,0
-72.39171405353994,0
-59.292331132723845,0
-59.936440688808084,0
-67.83530935061437,0
-71.06646847336853,0
-72.39171405353994,0
-69.22254670256291,0
-68.53495961932055,0
-62.79761365318181,0
-59.749726875528275,0
-72.39171405353994,0
-59.292331132723845,0
-72.39171405353994,0
-68.60743027139925,0
-72.39171405353994,0
-39.11958008826623,0
-62.1268758545362,0
-71.11692617175166,0
-61.37093931937408,0
-72.39171405353994,0
-66.88839157201711,0
-65.95640144729886,0
-70.51577536608656,0
-39.750226273281854,0
-62.97964654477207,0
-70.17123112084334,0
-57.27183420119662,0
-66.49886777558046,0
-67.06608421951705,0
-67.91007349771348,0
-68.45079304362031,0
-68.44473774187674,0
-66.00615934665187,0
-52.83226580666451,0
-62.69841375070504,0
-64.81316317496706,0
-73.28941897619342,0
-67.21145029613261,0
-52.058335100163454,0
-71.84509612357039,0
-64.70773163355088,0
-72.39171405353994,0
-42.03207327431681,0
-48.562274788901114,0
-56.49994783435026,0
-67.94435717139456,0
-67.11496474160546,0
-70.8299733426308,0
-68.12301331810028,0
-64.10417577035905,0
-59.292331132723845,0
-71.89200274531225,0
-69.64255702343087,0
-69.22552995311906,0
-60.13228459223189,0
-43.708487317896314,0
-68.86223568230243,0
-68.31198800099551,0
-72.39171405353994,0
-73.98023820585824,0
-66.21348473695245,0
-70.8299733426308,0
-66.30143375084698,0
-69.12750073618629,0
-72.39171405353994,0
-39.38293811591299,0
-72.39171405353994,0
-52.74584341271438,0
-72.39171405353994,0
-61.66654980116014,0
-62.77832607483511,0
-68.53495961932055,0
-67.93759277130602,0
-67.36290715356623,0
-62.721936867632905,0
-72.39171405353994,0
-62.656272136533,0
-59.292331132723845,0
-59.292331132723845,0
-67.02705290743573,0
-53.447223640714434,0
-68.00404766450575,0
-62.84232581751772,0
-60.89832088194967,0
-66.15177674084957,0
-59.292331132723845,0
-70.0614047931038,0
-68.70821611686951,0
-67.95035425040498,0
-69.16684986694594,0
-70.09307140775053,0
-67.66176468024806,0
-73.98023820585824,0
-67.76973181633633,0
-59.25225125272853,0
-70.8299733426308,0
-68.23535451560254,0
-70.17307383263892,0
-55.877107211136675,0
-65.01401512171283,0
-72.39171405353994,0
-61.29938179701173,0
-65.60486378563337,0
-64.40312352990807,0
-72.39171405353994,0
-72.47909589406197,0
-69.48235272349444,0
-68.18447534948896,0
-67.30366201232394,0
-71.98123542930148,0
-70.16238200877177,0
-68.3036612351574,0
-64.81316317496706,0
-68.71817987481839,0
-40.379580011621684,0
-70.8299733426308,0
-70.43586133962575,0
-70.8299733426308,0
-32.691999592850244,0
-67.8808163406926,0
-69.33645166241064,0
-70.1757391504205,0
-70.51577536608656,0
-67.86199584819568,0
-66.06326184974674,0
-68.70821611686951,0
-70.22766043254023,0
-53.447223640714434,0
-73.98023820585824,0
-68.59588276813966,0
-70.09647511688382,0
-66.75215467583999,0
-67.94033121935496,0
-65.54416512240165,0
-72.5676107851648,0
-59.292331132723845,0
-61.56701912407865,0
-62.022757776300246,0
-60.85289688354766,0
-67.0855343685752,0
-67.90523707152526,0
-61.52345769483226,0
-49.723150230448574,0
-67.09738040193903,0
-67.2345502111641,0
-71.89168197546189,0
-54.760296147100334,0
-69.19052978591517,0
-60.60010263750566,0
-71.06646847336853,0
-68.84546327747663,0
-58.87810936884229,0
-64.01712591268365,0
-65.74341676510626,0
-57.99371321752698,0
-72.39171405353994,0
-70.20416023632393,0
-72.5676107851648,0
-66.05188166085962,0
-72.47909589406197,0
-70.21935367551,0
-67.39116049047327,0
-50.98376926405329,0
-67.03750486223285,0
-66.09274048753763,0
-65.24661121477209,0
-68.01363026931905,0
-63.58449848720939,0
-47.4594432822997,0
-72.78699168436027,0
-59.292331132723845,0
-72.39171405353994,0
-74.35699225904943,0
-51.44239765048516,0
-68.69752357067948,0
-64.25222592387689,0
-69.80390558565136,0
-63.981105578160204,0
-71.35301263120519,0
-67.0988700754141,0
-61.91906270305682,0
-72.39171405353994,0
-70.9136829094384,0
-67.39175585421897,0
-67.31245642091899,0
-70.1743446012022,0
-66.02938381824804,0
-68.53575850598912,0
-66.38261646048541,0
-20.583123380648217,0
-66.11854103480002,0
-72.39171405353994,0
-44.30774962257191,0
-67.88412590004359,0
-70.16750552365764,0
-67.06333750346259,0
-67.5190502654982,0
-70.1743446012022,0
-71.84178886635698,0
-66.69938421493418,0
-70.20416023632393,0
-73.98023820585824,0
-70.22766043254023,0
-71.87159056730025,0
-58.941252613041634,0
-55.24319981048003,0
-53.187519547682676,0
-70.19132894326319,0
-71.06646847336853,0
-67.03981438653473,0
-73.59488885203089,0
-70.51577536608656,0
-67.34930966122263,0
-72.39171405353994,0
-66.81594746140435,0
-63.78821086776034,0
-66.11367734642052,0
-76.35230199889884,0
-55.86098753805451,0
-67.37442675100831,0
-63.09281376317357,0
-39.22080325763461,0
-70.8299733426308,0
-70.14741411549599,0
-66.99739338390697,0
-59.54053443743393,0
-72.39171405353994,0
-68.56094212812702,0
-61.890714747420766,0
-39.22080325763461,0
-68.95403465517741,0
-61.64873789388488,0
-64.8422793725796,0
-70.51577536608656,0
-72.39171405353994,0
-70.64728030491673,0
-72.96788795528389,0
-68.77520376244067,0
-40.20728887166421,0
-72.39171405353994,0
-64.81316317496706,0
-47.62047487979512,0
-42.608842495495836,0
-72.39171405353994,0
-39.322706844562035,0
-55.04137132121309,0
-59.292331132723845,0
-72.39171405353994,0
-39.916143121091174,0
-65.71660952480757,0
-67.88412590004359,0
-70.51577536608656,0
-60.56803311800711,0
-64.54637868035094,0
-57.305673996019934,0
-70.23154432884105,0
-72.39171405353994,0
-65.34801843173541,0
-38.47155124518877,0
-66.04701071513517,0
-70.14741411549599,0
-72.39171405353994,0
-72.39171405353994,0
-55.30777331668858,0
-65.04100960094661,0
-46.223547309213934,0
-68.06297827872578,0
-65.2039061775362,0
-54.718914491683094,0
-72.39171405353994,0
-61.294880181692776,0
-72.39171405353994,0
-66.95064192371501,0
-72.39171405353994,0
-72.39171405353994,0
-70.8299733426308,0
-63.58544608529462,0
-68.2552115703821,0
-59.292331132723845,0
-68.95525973239813,0
-66.9904107029484,0
-67.92376917889672,0
-67.8808163406926,0
-56.33619452100647,0
-65.13069128897429,0
-69.9638988269681,0
-58.830429521695514,0
-32.46115576802034,0
-72.3148012325097,0
-67.27068989008305,0
-70.2196744453604,0
-66.95367668386363,0
-69.50472776245938,0
-65.3292940527794,0
-68.3021593020201,0
-72.4184974949491,0
-61.827941259997296,0
-70.15842274849416,0
-72.39171405353994,0
-68.43753571107726,0
-59.292331132723845,0
-59.292331132723845,0
-59.292331132723845,0
-66.43308825544882,0
-68.75453564385714,0
-38.70047971655771,0
-68.31648961631447,0
-68.370805719876,0
-72.39171405353994,0
-62.43444201043191,0
-72.47909589406197,0
-65.14058974713922,0
-71.96567354556564,0
-64.80198403591635,0
-70.90655138158793,0
-61.1400870128761,0
-72.39171405353994,0
-68.87527891719137,0
-70.8299733426308,0
-62.34010468646379,0
-55.871205935939855,0
-68.53269683455096,0
-65.2078444331168,0
-67.62943115963326,0
-65.37393553128767,0
-65.96437330643175,0
-77.76492941959225,0
-67.94033121935496,0
-67.72438764132279,0
-67.36629041994333,0
-61.89553958612894,0
-73.76818536852917,0
-64.67064824557029,0
-70.04915246871897,0
-59.292331132723845,0
-74.33440208097502,0
-62.373411852412374,0
-27.370664645530628,0
-67.92776407233058,0
-61.639325438030674,0
-51.44239765048516,0
-66.39434859919994,0
-59.292331132723845,0
-63.33526650696789,0
-75.46196910831779,0
-53.447223640714434,0
-59.292331132723845,0
-61.87728447550467,0
-70.19264660507665,0
-73.98023820585824,0
-47.44901864861634,0
-67.86856401630777,0
-72.39171405353994,0
-72.39171405353994,0
-71.98449403806256,0
-66.35084938731946,0
-70.16300390833868,0
-58.441214237453266,0
-66.60543653732572,0
-44.71858585955663,0
-72.47909589406197,0
-40.22026413201528,0
-62.34010468646379,0
-71.42063234848534,0
-53.67005658448412,0
-66.06165408385263,0
-44.79373955020956,0
-65.93687480757987,0
-70.8299733426308,0
-40.03726115237362,0
-66.97416738963199,0
-66.13920959382521,0
-67.86199584819568,0
-58.55587234700907,0
-66.22931992479573,0
-70.9790866328465,0
-64.8453212019664,0
-67.91588666447262,0
-70.18063711939604,0
-69.04141649569944,0
-66.32463400581648,0
-70.04459906400625,0
-70.17983823272746,0
-57.287661598851216,0
-66.7131243454558,0
-67.9075144971415,0
-70.9790866328465,0
-63.19001971485101,0
-72.39171405353994,0
-69.66450767115919,0
-61.878147600396396,0
-63.34025472332388,0
-62.87345706948577,0
-60.32076614365903,0
-70.8299733426308,0
-61.501645585585585,0
-70.5599892095112,0
-66.79194584785213,0
-72.39171405353994,0
-59.292331132723845,0
-65.30111405305978,0
-54.35769402260035,0
-56.28706659712216,0
-65.72296942823323,0
-34.427737219325685,0
-63.61489119922501,0
-73.76818536852917,0
-72.5676107851648,0
-70.51577536608656,0
-66.02615297149235,0
-68.85760403276419,0
-68.99130541396308,0
-64.39461644470181,0
-67.94885878671352,0
-57.994087954687245,0
-67.22624345413388,0
-59.5069207754923,0
-68.75067717316503,0
-39.3071449608262,0
-52.253839515058395,0
-69.63411495914357,0
-68.0327486079503,0
-43.61412445696494,0
-66.23723742659602,0
-70.28754381258116,0
-69.06281260778088,0
-39.79596548569514,0
-72.39171405353994,0
-72.39171405353994,0
-72.2670430567329,0
-72.13798261039634,0
-70.45726928530283,0
-61.89924231477931,0
-72.5676107851648,0
-68.97383561287276,0
-70.00851018883307,0
-72.39171405353994,0
-72.39171405353994,0
-66.94704082493365,0
-65.06435098806217,0
-52.68213201778421,0
-61.50443619322333,0
-62.84809061115254,0
-63.61489119922501,0
-74.34388366103394,0
-53.26120327947459,0
-74.350995180039,0
-70.83795800359833,0
-59.35871022288847,0
-72.39171405353994,0
-67.22978210444576,0
-72.87813648799462,0
-66.59755720321802,0
-66.22870985923747,0
-70.51577536608656,0
-67.7444689546838,0
-66.7188564484715,0
-72.39171405353994,0
-72.04127046867598,0
-72.39171405353994,0
-26.78810299998251,0
-64.31961556236959,0
-64.87073180598036,0
-72.39171405353994,0
-70.13094848617027,0
-36.79899938696558,0
-64.18953303145125,0
-59.30033242945264,0
-70.17983823272746,0
-64.81316317496706,0
-70.5528896359787,0
-71.88168672861764,0
-73.98023820585824,0
-72.39171405353994,0
-68.89072307770465,0
-70.8299733426308,0
-36.612044032336904,0
-73.98023820585824,0
-68.05435947962891,0
-72.39171405353994,0
-66.65486253077076,0
-70.13969836953814,0
-72.39171405353994,0
-69.25293941457855,0
-74.2755769414791,0
-72.39171405353994,0
-68.68331731077649,0
-63.25963637578427,0
-66.23614741977165,0
-71.43011392854426,0
-66.08844447617832,0
-73.98023820585824,0
-62.06158864444967,0
-68.86772963323247,0
-66.1499439062505,0
-68.34303952815102,0
-72.39171405353994,0
-59.292331132723845,0
-65.30623337471398,0
-72.39171405353994,0
-68.90569454882757,0
-66.68221181488776,0
-42.22597539360074,0
-39.56471330028636,0
-66.0920125427973,0
-62.97964654477207,0
-69.10330903624399,0
-61.83119986875841,0
-49.04803179562274,0
-65.99311183726272,0
-70.10441999416756,0
-70.51577536608656,0
-70.8299733426308,0
-67.91588666447262,0
-68.55644051280807,0
-68.48289929575634,0
-40.20728887166421,0
-68.45013228292626,0
-65.62987706121335,0
-68.59272510883493,0
-66.01868568021068,0
-64.3322496743985,0
-59.292331132723845,0
-68.02262398494277,0
-69.06746569681177,0
-72.39171405353994,0
-67.95035425040498,0
-66.82211170460674,0
-63.47979013439107,0
-61.83119986875841,0
-63.14207589991544,0
-64.8441985620709,0
-72.39171405353994,0
-61.81932246090046,0
-70.8053119000414,0
-71.06646847336853,0
-63.13847676621469,0
-70.8299733426308,0
-70.01263980790381,0
-64.3838792082481,0
-53.447223640714434,0
-70.17983823272746,0
-70.14741411549599,0
-66.69818226183335,0
-65.30923055372462,0
-64.94617301715337,0
-66.03994797701925,0
-64.65397178747004,0
-72.39171405353994,0
-67.33224097555662,0
-66.23353469794564,0
-62.97964654477207,0
-72.87937306418105,0
-70.8299733426308,0
-70.69167209771145,0
-41.027567135437124,0
-68.65155654634745,0
-72.39171405353994,0
-52.78266718174652,0
-68.64059044240967,0
-58.602891434228745,0
-70.8299733426308,0
-59.292331132723845,0
-51.75692098282057,0
-70.8299733426308,0
-55.247320726853204,0
-72.86294952078566,0
-72.86294952078566,0
-72.39171405353994,0
-71.06646847336853,0
-72.47909589406197,0
-65.46864562565659,0
-74.350995180039,0
-62.77425956940304,0
-70.17983823272746,0
-72.39171405353994,0
-66.77184792879552,0
-64.43777598621794,0
-70.14001913938853,0
-67.86856401630777,0
-70.8299733426308,0
-59.292331132723845,0
-65.39821826850583,0
-62.37151315745384,0
-69.79655070003865,0
-71.89792105540099,0
-67.86199584819568,0
-45.36657822247039,0
-68.01489062195623,0
-64.75939229917708,0
-56.88152199774372,0
-68.75831850903477,0
-67.95035425040498,0
-66.10974822310524,0
-65.12901981020052,0
-73.98023820585824,0
-67.05311332279243,0
-40.93064011899818,0
-64.30081615179698,0
-67.4722313346681,0
-54.877059741216954,0
-59.292331132723845,0
-66.76898900022877,0
-64.24862932736339,0
-67.97387736733288,0
-62.88614108854024,0
-66.75400353779902,0
-72.39171405353994,0
-68.95403465517741,0
-70.8299733426308,0
-68.00436843435611,0
-64.31574200440431,0
-70.12413648580232,0
-70.33618034449184,0
-66.98908662687674,0
-72.39171405353994,0
-68.56649082028446,0
-65.49035173248996,0
-65.62505222250518,0
-64.44450317260502,0
-71.00587007425565,0
-69.64667005083035,0
-67.09010102404355,0
-70.12438737968142,0
-64.73974293667705,0
-68.1983478841323,0
-67.90557188239453,0
-66.09226186218721,0
-67.93759277130602,0
-66.09226186218721,0
-71.00587007425565,0
-49.803936915092855,0
-70.15446581974408,0
-69.80624279379731,0
-67.32913399847139,0
-64.96324771475349,0
-58.941252613041634,0
-69.59571328226895,0
-68.90708559732711,0
-62.34010468646379,0
-64.3545343390541,0
-70.15751027681341,0
-72.5676107851648,0
-69.12470273679595,0
-66.30451070999598,0
-70.18433984804642,0
-69.94733088648948,0
-53.42042057079841,0
-35.67448566411783,0
-72.39171405353994,0
-70.91735518315282,0
-66.20656050935919,0
-72.39171405353994,0
-59.292331132723845,0
-74.35179406670758,0
-64.56207827872164,0
-64.65455447408269,0
-72.39171405353994,0
-56.40889649346978,0
-70.16758020111365,0
-60.91207417717271,0
-64.34120534454438,0
-53.303923696006265,0
-67.86199584819568,0
-64.64789598100435,0
-72.39171405353994,0
-71.35486412435041,0
-72.39171405353994,0
-58.941252613041634,0
-72.39171405353994,0
-65.20705205734318,0
-45.69558241504455,0
-68.67929971583763,0
-70.16324513366351,0
-72.77405971315595,0
-72.39171405353994,0
-72.39171405353994,0
-46.80167442979556,0
-69.16684986694594,0
-67.94033121935496,0
-65.95225125910764,0
-61.01431996730095,0
-72.24800179304663,0
-59.782854898213955,0
-67.42626768867109,0
-72.39171405353994,0
-72.39171405353994,0
-71.02965075102891,0
-74.34873239526942,0
-70.11414123895807,0
-61.83450942810939,0
-60.00220891294301,0
-66.46710084069764,0
-74.34696922799941,0
-42.97154888558708,0
-72.85435448356169,0
-66.02743710597731,0
-64.38688021659166,0
-54.50403808206912,0
-71.98780359741357,0
-68.69775283036387,0
-68.95403465517741,0
-70.15091587168413,0
-70.09307140775053,0
-72.39171405353994,0
-73.98023820585824,0
-70.8299733426308,0
-70.16292436381312,0
-70.15842274849416,0
-66.53416176403522,0
-60.823559286069866,0
-61.892477914690765,0
-56.878020241555575,0
-65.98011445781243,0
-68.7383444640952,0
-71.32446335536153,0
-39.7550348349004,0
-64.26394295484364,0
-55.133228324730354,0
-67.94885878671352,0
-59.292331132723845,0
-66.96618140245215,0
-56.26008625099804,0
-66.0518253848772,0
-67.94885878671352,0
-68.33943447016325,0
-72.39171405353994,0
-68.39779001023877,0
-68.28013811822952,0
-68.9620422368565,0
-59.292331132723845,0
-65.0977191667334,0
-61.83450942810939,0
-70.51577536608656,0
-65.34518315615007,0
-57.913310577870156,0
-64.58371227243408,0
-64.28557347787081,0
-61.827941259997296,0
-60.32623558846266,0
-72.5676107851648,0
-66.5586266000049,0
-67.22706961429851,0
-58.99280139133071,0
-69.58436469585192,0
-64.40312352990807,0
-34.427737219325685,0
-70.60315720660859,0
-73.98023820585824,0
-73.98023820585824,0
-66.962427050603,0
-70.13095554779352,0
-72.47909589406197,0
-72.47909589406197,0
-52.1481962913084,0
-72.39171405353994,0
-55.54599527193751,0
-65.65859837048309,0
-72.47909589406197,0
-72.58078410649921,0
-62.856620892601924,0
-71.97261663020461,0
-64.2571818458899,0
-72.39171405353994,0
-46.183319497575056,0
-70.89819237331979,0
-64.714203058821,0
-70.03890290084871,0
-66.54037331538093,0
-40.52841558850528,0
-63.566414730174905,0
-68.1425580401491,0
-67.87755773193149,0
-64.33744786674036,0
-64.83532595512216,0
-61.91906270305682,0
-73.98023820585824,0
-72.39171405353994,0
-66.06040922821818,0
-64.9308469834908,0
-64.57924214253299,0
-70.8299733426308,0
-57.08841993485745,0
-60.25758174999131,0
-59.4868223057074,0
-72.47909589406197,0
-67.91588666447262,0
-64.84812090347363,0
-73.98023820585824,0
-70.1858822049881,0
-62.836294561416466,0
-66.0016190444781,0
-48.57354416251427,0
-70.18466061789681,0
-61.66933587626969,0
-72.39171405353994,0
-70.46905930792423,0
-68.86772963323247,0
-66.94030350202169,0
-72.05403194777497,0
-61.04846661214476,0
-73.98023820585824,0
-69.39705006152352,0
-68.06623688748687,0
-59.35540066353747,0
-71.44322252655975,0
-72.39171405353994,0
-67.53358780148247,0
-59.292331132723845,0
-66.96618140245215,0
-59.292331132723845,0
-67.94435717139456,0
-65.41366658645065,0
-70.8299733426308,0
-61.890714747420766,0
-70.51577536608656,0
-59.292331132723845,0
-70.89057174174367,0
-43.003741898797735,0
-68.73610982129486,0
-72.39171405353994,0
-71.06646847336853,0
-67.94033121935496,0
-62.34010468646379,0
-64.56091886900691,0
-64.75987711923268,0
-74.28419574057594,0
-70.20935842866578,0
-68.8985191354246,0
-66.07021306221267,0
-64.26767497422718,0
-60.952211698226634,0
-72.39171405353994,0
-72.39171405353994,0
-55.040869415143455,0
-67.4858917147312,0
-69.63411495914357,0
-72.39171405353994,0
-60.32623558846266,0
-67.06415535141178,0
-68.33522590138251,0
-72.39171405353994,0
-70.8299733426308,0
-62.84002779353797,0
-67.4087499406359,0
-72.47909589406197,0
-65.65859837048309,0
-66.60041914171971,0
-65.95527938087021,0
-43.15108192939652,0
-68.71168488782149,0
-68.74518354163976,0
-66.71192934288047,0
-59.292331132723845,0
-62.78082773751514,0
-70.51577536608656,0
-64.8394332820942,0
-66.43435355858566,0
-70.84977495097452,0
-53.55382671859434,0
-72.47909589406197,0
-39.10291779133821,0
-70.19583055858214,0
-59.292331132723845,0
-64.81866162569266,0
-62.79308006189997,0
-55.885536250234225,0
-69.76272264445238,0
-73.98023820585824,0
-67.91588666447262,0
-62.93534232393951,0
-64.84313890741109,0
-71.89792105540099,0
-63.28672049430274,0
-71.87966594477672,0
-55.36608691922519,0
-63.566414730174905,0
-70.8299733426308,0
-64.05074436457164,0
-68.34288513834444,0
-72.04577208399493,0
-68.8806887968287,0
-68.70582820784034,0
-44.395549113099705,0
-64.7856000213294,0
-59.292331132723845,0
-68.28984247991858,0
-66.05012165405104,0
-67.94885878671352,0
-66.3071982219255,0
-68.69450060448264,0
-63.48402481437449,0
-70.54689255696825,0
-65.95640144729886,0
-68.03640409005867,0
-74.33440208097502,0
-59.292331132723845,0
-72.25126040180774,0
-69.63411495914357,0
-70.8299733426308,0
-68.91169162783802,0
-62.88614108854024,0
-70.9790866328465,0
-54.97120589054373,0
-65.34064263919642,0
-70.8299733426308,0
-69.62741897650572,0
-64.37472860679236,0
-66.07292009926013,0
-65.99919899074563,0
-71.98780359741357,0
-59.292331132723845,0
-71.06646847336853,0
-57.69450416824949,0
-56.3799767695225,0
-63.61489119922501,0
-62.778784986815765,0
-64.84168836150722,0
-69.50472776245938,0
-71.98780359741357,0
-72.39171405353994,0
-70.16300390833868,0
-39.42888953595824,0
-72.39171405353994,0
-68.83027631026766,0
-69.83348644131877,0
-70.14283295565147,0
-72.39171405353994,0
-59.18394453317367,0
-62.40141194917976,0
-70.16914640886031,0
-66.1970937116304,0
-68.93703799742565,0
-72.47909589406197,0
-72.39171405353994,0
-58.01348678413801,0
-54.39655931513861,0
-68.47633112764424,0
-25.336672002787807,0
-68.7200425372321,0
-72.47909589406197,0
-70.15751027681341,0
-70.85308451032553,0
-72.39171405353994,0
-68.73998534929791,0
-69.22094879327454,0
-60.71424843384278,0
-61.88797629937181,0
-70.94970640492332,0
-60.90894700413332,0
-72.39171405353994,0
-59.292331132723845,0
-72.5676107851648,0
-72.4184974949491,0
-70.22848720558468,0
-72.39171405353994,0
-23.05176517481353,0
-62.34010468646379,0
-63.01520760625554,0
-71.61889682959284,0
-64.90097499268431,0
-34.1904640600266,0
-68.4747283479696,0
-66.86797408562313,0
-72.39171405353994,0
-65.87799552140743,0
-65.64345604987464,0
-59.0932427506538,0
-70.20413731561237,0
-74.28419574057594,0
-70.15091587168413,0
-66.31331115870493,0
-42.23355691650702,0
-70.91735518315282,0
-68.75667425217549,0
-64.6506344290533,0
-72.39171405353994,0
-59.292331132723845,0
-72.39171405353994,0
-72.39171405353994,0
-69.07641666290333,0
-66.68500344067364,0
-45.399117621722645,0
-70.8299733426308,0
-71.01077222166126,0
-63.28245785116177,0
-53.53897756065081,0
-47.32882193186871,0
-70.09747690952858,0
-42.97154888558708,0
-64.65513930536191,0
-72.39171405353994,0
-60.37118146300605,0
-70.8299733426308,0
-68.79183580862926,0
-66.00487765323922,0
-69.34771949902628,0
-72.39171405353994,0
-67.16234260755546,0
-70.60315720660859,0
-70.20508120073683,0
-72.5676107851648,0
-70.05805643912983,0
-70.8299733426308,0
-59.292331132723845,0
-58.941252613041634,0
-74.57000336800736,0
-72.93434180730597,0
-62.76690757895781,0
-72.5676107851648,0
-74.37531718363545,0
-65.30867493901364,0
-69.47794432105023,0
-70.20416023632393,0
-72.39171405353994,0
-67.94435717139456,0
-72.39171405353994,0
-67.86893893283465,0
-70.2196744453604,0
-68.51576881310557,0
-67.69133122770926,0
-64.52538339175932,0
-73.98023820585824,0
-74.350995180039,0
-60.823559286069866,0
-62.88094289619839,0
-69.86342046431372,0
-74.33873714842517,0
-71.81259022113944,0
-44.754410115068865,0
-70.07937391536895,0
-66.86240577664185,0
-70.75777930693437,0
-72.89822789615624,0
-64.66070804198665,0
-71.97713915244985,0
-70.43193831746305,0
-69.09320531979652,0
-71.43046104746075,0
-59.1697034639185,0
-73.98023820585824,0
-68.69179257347412,0
-69.66450767115919,0
-55.76114769808843,0
-55.92731447778637,0
-68.7077618656588,0
-65.30073974318871,0
-67.93759277130602,0
-70.17983823272746,0
-69.48122204133958,0
-51.22087424828446,0
-69.25674576567542,0
-72.39171405353994,0
-74.35549679535796,0
-72.39171405353994,0
-68.62873369648011,0
-62.98463796944179,0
-61.87853168274803,0
-68.75667425217549,0
-70.04915246871897,0
-54.60312759524794,0
-72.47909589406197,0
-72.39171405353994,0
-64.81316317496706,0
-64.81316317496706,0
-66.86248045409786,0
-59.292331132723845,0
-72.39171405353994,0
-72.39171405353994,0
-68.29846304281553,0
-66.02358610042506,0
-65.32779117041754,0
-59.292331132723845,0
-74.35179406670758,0
-68.87531892112392,0
-60.30980752601091,0
-72.37145675672096,0
-60.32897403651162,0
-65.86702185151728,0
-58.69831981179923,0
-63.27015495724942,0
-56.70636843433228,0
-61.899393442477354,0
-62.40572833433151,0
-66.0152697982175,0
-65.48740196003912,0
-64.30382858849507,0
-72.39171405353994,0
-72.39171405353994,0
-72.39171405353994,0
-67.94515605806313,0
-61.959319073197,0
-71.60456651529844,0
-67.75840120692577,0
-70.14283295565147,0
-70.13771288625881,0
-72.39171405353994,0
-59.292331132723845,0
-73.98023820585824,0
-68.34303952815102,0
-68.19870987980292,0
-67.98654266632016,0
-70.44775154707754,0
-59.16230370644709,0
-45.844514466719595,0
-68.86772963323247,0
-73.98023820585824,0
-59.93872916919192,0
-45.93454668241781,0
-59.292331132723845,0
-62.79638962125098,0
-72.39171405353994,0
-67.94209438662497,0
-67.88412590004359,0
-65.42132297749171,0
-70.65972945166757,0
-70.18466061789681,0
-68.47632358908805,0
-68.64824698699644,0
-67.86856401630777,0
-64.67241624044593,0
-25.336672002787807,0
-64.27463477871078,0
-61.44020650976073,0
-72.39171405353994,0
-74.47901225687887,0
-68.50297364154564,0
-68.68473989319183,0
-68.25000395851903,0
-66.86404666184453,0
-64.32424076650709,0
-64.62641799609217,0
-72.39171405353994,0
-59.292331132723845,0
-71.2523562484366,0
-69.8682453030219,0
-74.34423077995046,0
-61.818947544373565,0
-66.10356839505651,0
-68.47515086354562,0
-67.15639049807129,0
-39.75160174386727,0
-68.78741198211762,0
-73.59377247228073,0
-72.39171405353994,0
-70.14741411549599,0
-66.96700821044752,0
-67.87755773193149,0
-66.20210117534414,0
-59.292331132723845,0
-72.47955810790458,0
-60.72302985052217,0
-65.0443747686386,0
-66.06326184974674,0
-59.292331132723845,0
-61.23133935099082,0
-69.59578315824021,0
-68.53269683455096,0
-72.5676107851648,0
-67.22531346079258,0
-66.4482377453474,0
-69.66450767115919,0
-69.53409573367375,0
-72.10429951840486,0
-70.17581228068786,0
-49.65113539509493,0
-45.41478400320057,0
-69.532816253174,0
-45.43354733549427,0
-68.299504665094,0
-67.02199282164577,0
-62.06527241837863,0
-68.95403465517741,0
-72.92319431423988,0
-69.72352173229648,0
-68.15138723163807,0
-64.25198365354805,0
-68.56513052804692,0
-66.01352930504001,0
-72.90989725242366,0
-68.67008880904707,0
-60.25758174999131,0
-49.723150230448574,0
-66.01176613777,0
-42.02871802274791,0
-64.50515852384272,0
-44.619569544917866,0
-68.634089847673,0
-67.8808163406926,0
-72.39171405353994,0
-72.39171405353994,0
-61.827941259997296,0
-25.336672002787807,0
-61.36512762043368,0
-63.142936767078126,0
-70.14741411549599,0
-68.71832812710011,0
-73.98023820585824,0
-59.292331132723845,0
-72.39171405353994,0
-64.18648976682007,0
-70.13095554779352,0
-62.40162059314265,0
-72.39171405353994,0
-68.59272510883493,0
-72.39171405353994,0
-59.292331132723845,0
-67.88412590004359,0
-61.632978720955236,0
-59.292331132723845,0
-67.37385370670044,0
-66.89090129042411,0
-59.292331132723845,0
-44.621799658967134,0
-72.39171405353994,0
-39.47456465930664,0
-68.3606569324912,0
-46.214439777314205,0
-74.14835571263217,0
-66.67165376983064,0
-63.13847676621469,0
-72.39171405353994,0
-70.22766043254023,0
-61.83119986875841,0
-68.8674327317396,0
-25.336672002787807,0
-68.94009403886517,0
-69.76894978662531,0
-66.683929821388,0
-63.989501561971295,0
-53.447223640714434,0
-72.7539003331005,0
-67.83530935061437,0
-61.89924231477931,0
-26.791815623027258,0
-66.95145598432539,0
-70.8299733426308,0
-61.659955396030874,0
-64.81316317496706,0
-69.04677736566049,0
-42.72086925543729,0
-68.3021593020201,0
-62.34010468646379,0
-71.01077222166126,0
-65.27114448779159,0
-28.581712166924618,0
-64.858522685896,0
-67.18032935037176,0
-69.63411495914357,0
-67.37918870719459,0
-68.2087973530854,0
-59.292331132723845,0
-63.07094415414535,0
-57.10773598284664,0
-74.27520202495222,0
-71.98780359741357,0
-70.16914640886031,0
-65.4847983326312,0
-71.06646847336853,0
-70.8299733426308,0
-68.93079600566678,0
-62.78120265404202,0
-70.51577536608656,0
-67.74566540064825,0
-69.63411495914357,0
-70.23154432884105,0
-65.95378867649421,0
-68.69118466225177,0
-70.04258430060688,0
-70.16324513366351,0
-72.39171405353994,0
-43.19658871579824,0
-68.87260643097667,0
-66.73875981094463,0
-60.48436889763647,0
-72.39171405353994,0
-72.5676107851648,0
-68.91019616414653,0
-40.20728887166421,0
-59.292331132723845,0
-72.39171405353994,0
-52.119411660415665,0
-72.39171405353994,0
-72.4184974949491,0
-72.39171405353994,0
-72.39171405353994,0
-70.54255880749571,0
-70.51577536608656,0
-61.67992645259322,0
-57.10773598284664,0
-59.292331132723845,0
-35.06446911876122,0
-64.29648044123029,0
-64.89010480459336,0
-72.39171405353994,0
-68.80704702466699,0
-72.39171405353994,0
-72.39171405353994,0
-60.986679284158996,0
-70.8299733426308,0
-72.39171405353994,0
-46.79683340304818,0
-70.9790866328465,0
-68.17881872660338,0
-72.39171405353994,0
-71.5984095890422,0
-67.0307083895441,0
-58.94051957171201,0
-69.23491997497146,0
-73.98023820585824,0
-63.72904012914849,0
-68.09768132133323,0
-71.86501486063196,0
-64.09752147018912,0
-72.39171405353994,0
-72.78305342877967,0
-68.19872280065918,0
-72.96788795528389,0
-64.97385470937938,0
-62.88614108854024,0
-56.80757708988243,0
-70.14920359679454,0
-62.34010468646379,0
-69.63411495914357,0
-59.292331132723845,0
-69.19052978591517,0
-64.29233787795935,0
-65.43031669311544,0
-69.63411495914357,0
-67.94885878671352,0
-73.98023820585824,0
-64.31961556236959,0
-65.89009019871247,0
-68.36326934440842,0
-59.292331132723845,0
-64.23213451571525,0
-59.292331132723845,0
-62.38947783552358,0
-66.32075520561297,0
-72.39171405353994,0
-68.3036612351574,0
-66.32075520561297,0
-73.98023820585824,0
-61.900737778470805,0
-59.292331132723845,0
-62.81847325057333,0
-72.39171405353994,0
-72.39171405353994,0
-63.034223885909796,0
-72.39171405353994,0
-61.31804235250811,0
-67.86199584819568,0
-72.39171405353994,0
-64.41321969122548,0
-70.16758020111365,0
-70.62864304798256,0
-61.92426089539868,0
-64.46860696114591,0
-69.59571328226895,0
-72.39171405353994,0
-63.33330489815722,0
-64.81316317496706,0
-71.00587007425565,0
-71.06646847336853,0
-70.14001913938853,0
-64.1800299191607,0
-59.50241916017334,0
-57.60794953476845,0
-71.87648853627579,0
-61.890714747420766,0
-59.292331132723845,0
-72.5676107851648,0
-74.38051537597732,0
-70.32005921994391,0
-44.25087637735319,0
-59.17595854599383,0
-64.5480009010144,0
-64.46612474257608,0
-65.14203219855271,0
-64.31275005597138,0
-72.39171405353994,0
-72.39171405353994,0
-66.66511616468837,0
-64.7483118390347,0
-59.25929489590561,0
-59.292331132723845,0
-60.37454041268082,0
-70.91735518315282,0
-68.35519746356472,0
-72.39171405353994,0
-61.892477914690765,0
-41.7057220771663,0
-66.88437103054635,0
-63.370761245455896,0
-70.54769144363682,0
-66.81358413724818,0
-72.39171405353994,0
-72.39171405353994,0
-70.15136772580556,0
-66.04218832996584,0
-74.26863385684013,0
-65.78047477464342,0
-73.98023820585824,0
-47.4237252818566,0
-65.19031231356685,0
-68.16694911537388,0
-69.62741897650572,0
-67.8808163406926,0
-74.26863385684013,0
-59.292331132723845,0
-71.06646847336853,0
-67.18032935037176,0
-72.39171405353994,0
-71.06646847336853,0
-67.86893893283465,0
-70.14283295565147,0
-74.53961065599175,0
-58.941252613041634,0
-67.76100890317842,0
-62.34010468646379,0
-62.4954428651906,0
-67.86199584819568,0
-68.93521474476591,0
-72.39171405353994,0
-64.21935993377288,0
-61.73757214244886,0
-70.91735518315282,0
-72.39171405353994,0
-67.94885878671352,0
-39.65544025780441,0
-67.58934342162854,0
-62.84985649251338,0
-62.34010468646379,0
-72.5676107851648,0
-60.26620054908815,0
-71.30982760897338,0
-62.56329285200005,0
-70.10894304661622,0
-67.94033121935496,0
-69.09105671185915,0
-70.17789621780827,0
-67.94435717139456,0
-42.19819634561465,0
-64.32424076650709,0
-67.7902782967689,0
-65.96500062566074,0
-68.31839319414156,0
-72.93160335925702,0
-72.39171405353994,0
-68.00554312819722,0
-45.780891450972206,0
-66.95860550589617,0
-60.35732199214767,0
-37.41628169437357,0
-68.50385248211455,0
-38.47155124518877,0
-72.17490834294676,0
-68.84215371812562,0
-71.00587007425565,0
-68.43695927164494,0
-61.83450942810939,0
-72.39171405353994,0
-67.91588666447262,0
-73.98023820585824,0
-64.66065746010335,0
-72.93160335925702,0
-72.39171405353994,0
-72.39171405353994,0
-68.8848587553615,0
-67.62878907500603,0
-56.22204084970872,0
-72.39171405353994,0
-64.73852506241747,0
-70.15768027177268,0
-63.137267591937956,0
-39.322706844562035,0
-59.292331132723845,0
-71.55720420410233,0
-68.23639107788517,0
-69.60102902528143,0
-72.39171405353994,0
-59.292331132723845,0
-68.75067717316503,0
-59.292331132723845,0
-66.71794918416397,0
-66.99888897678602,0
-39.56471330028636,0
-68.94683069330057,0
-59.292331132723845,0
-67.99656569737022,0
-64.64789598100435,0
-61.29085422965318,0
-67.95035425040498,0
-57.06476356352382,0
-55.69951354305471,0
-59.292331132723845,0
-72.39171405353994,0
-65.13014361479622,0
-33.93874803764239,0
-60.823559286069866,0
-59.292331132723845,0
-65.08104216254517,0
-59.14546938205831,0
-65.0977191667334,0
-25.336672002787807,0
-72.39171405353994,0
-70.55961429298432,0
-57.27183420119662,0
-71.97261663020461,0
-71.73199142099989,0
-66.79406844628934,0
-45.399117621722645,0
-67.94515605806313,0
-72.39171405353994,0
-72.39171405353994,0
-64.71449603363942,0
-59.292331132723845,0
-70.60315720660859,0
-59.292331132723845,0
-58.941252613041634,0
-70.83789754311657,0
-59.292331132723845,0
-66.75903965308311,0
-62.34010468646379,0
-72.47909589406197,0
-66.97270760369983,0
-64.81316317496706,0
-67.99056861835976,0
-66.0081872125902,0
-46.161189445727125,0
-63.672502081849295,0
-68.4747283479696,0
-67.68742300678946,0
-67.94033121935496,0
-64.34744311358459,0
-68.22041598663631,0
-54.40247762522732,0
-46.9699505298443,0
-59.292331132723845,0
-69.66450767115919,0
-72.39171405353994,0
-72.39171405353994,0
-70.09642102544149,0
-60.26620054908815,0
-71.88168672861764,0
-67.49386601480273,0
-62.872933988307,0
-68.59691350875482,0
-72.39171405353994,0
-71.06646847336853,0
-70.16324513366351,0
-71.89200274531225,0
-67.38615147257482,0
-66.18735982033274,0
-71.06646847336853,0
-68.56509096796522,0
-64.77379623762351,0
-72.39171405353994,0
-53.59043761301556,0
-62.39252817292298,0
-68.24900693635237,0
-64.41256717145923,0
-59.292331132723845,0
-65.46507271887597,0
-71.06646847336853,0
-64.93725958871117,0
-46.17134897352823,0
-59.749726875528275,0
-62.34010468646379,0
-55.6739431952863,0
-68.92905201024578,0
-63.68181198434023,0
-68.34307440468052,0
-70.54255880749571,0
-71.3176323532719,0
-70.19926226734839,0
-70.17307383263892,0
-67.93759277130602,0
-61.890714747420766,0
-67.95035425040498,0
-67.07240456892418,0
-70.60315720660859,0
-59.56001113514949,0
-72.39171405353994,0
-69.71969654895142,0
-71.06646847336853,0
-59.292331132723845,0
-54.632920309658125,0
-68.3606569324912,0
-61.32440037763109,0
-62.34010468646379,0
-59.96356030911022,0
-66.91714179956388,0
-68.55644051280807,0
-46.861736362624704,0
-68.75667425217549,0
-72.39171405353994,0
-65.83628816952363,0
-51.915751204263195,0
-61.92027900856951,0
-68.70433962787598,0
-72.39171405353994,0
-59.292331132723845,0
-72.39171405353994,0
-59.49107057375631,0
-72.39171405353994,0
-65.12618967365533,0
-70.22766043254023,0
-71.87648853627579,0
-59.292331132723845,0
-70.51577536608656,0
-72.39171405353994,0
-70.20416023632393,0
-68.31648961631447,0
-62.85259494056233,0
-65.706838936231,0
-73.73779265651353,0
-72.39171405353994,0
-67.91588666447262,0
-34.411021198577956,0
-70.10441999416756,0
-61.818947544373565,0
-61.827941259997296,0
-70.8299733426308,0
-70.51577536608656,0
-44.62862145487194,0
-63.99154430854881,0
-67.93274660972372,0
-70.12450493035203,0
-53.43558814187952,0
-70.09307140775053,0
-64.22545476457995,0
-67.87755773193149,0
-67.02231359149613,0
-64.81316317496706,0
-66.81453512346758,0
-66.72683696159716,0
-70.51577536608656,0
-68.88910144976361,0
-71.46674564348761,0
-70.8299733426308,0
-62.90288064604903,0
-72.39171405353994,0
-70.12268283903617,0
-34.427737219325685,0
-59.34352325567952,0
-61.91906270305682,0
-68.56447981525886,0
-72.39171405353994,0
-67.71588178589082,0
-71.89168197546189,0
-70.69167209771145,0
-67.74126383620488,0
-71.89200274531225,0
-63.69860988947502,0
-39.22080325763461,0
-70.15104695595517,0
-65.79665291460866,0
-69.66450767115919,0
-70.8299733426308,0
-64.70881442124605,0
-70.13771288625881,0
-68.75544280857812,0
-64.7620304193759,0
-63.35027775437392,0
-67.35646172096791,0
-61.818947544373565,0
-67.86893893283465,0
-55.87034281104813,0
-66.89386694877683,0
-58.95791155744454,0
-70.51577536608656,0
-64.34426701598255,0
-65.89808692956906,0
-65.30867493901364,0
-62.83048999144229,0
-53.59043761301556,0
-68.06860432397967,0
-67.71406117154042,0
-72.39171405353994,0
-68.9779197820018,0
-70.8299733426308,0
-66.1675074278402,0
-70.8299733426308,0
-59.292331132723845,0
-62.18209204622209,0
-67.97387736733288,0
-59.292331132723845,0
-66.08002163093116,0
-72.76749154504385,0
-65.20225614831364,0
-62.34010468646379,0
-59.81191393651859,0
-66.86907011725113,0
-66.7094449758646,0
-67.9224935990261,0
-55.43304957409428,0
-72.05403194777497,0
-72.39171405353994,0
-66.74650548267527,0
-68.3606569324912,0
-66.99739338390697,0
-61.900737778470805,0
-67.99656569737022,0
-62.34010468646379,0
-63.400535754273626,0
-72.39171405353994,0
-65.33064739235219,0
-70.66299285915511,0
-66.10451149840785,0
-67.19546526493899,0
-43.46572319990377,0
-68.26737663913055,0
-64.81316317496706,0
-70.89540941172771,0
-66.40693846408185,0
-72.10429951840486,0
-67.75740236886725,0
-59.292331132723845,0
-63.5082937748724,0
-64.36982357619357,0
-50.76650133023123,0
-48.08770142875949,0
-57.57915740866351,0
-59.292331132723845,0
-67.14429498374763,0
-69.9833704143133,0
-73.98023820585824,0
-72.47909589406197,0
-64.93206139636932,0
-59.292331132723845,0
-60.980682205148554,0
-64.57924214253299,0
-71.73268664063733,0
-70.8299733426308,0
-65.95564842082148,0
-59.292331132723845,0
-63.13452148433184,0
-72.39171405353994,0
-70.16807022927156,0
-67.0767760433842,0
-72.39171405353994,0
-68.68044398705712,0
-72.39171405353994,0
-72.39171405353994,0
-53.30628707098967,0
-59.292331132723845,0
-72.39171405353994,0
-48.529917981136514,0
-68.712599491656,0
-52.34368916822341,0
-72.84582691620314,0
-70.8299733426308,0
-69.04141649569944,0
-37.34348517590008,0
-66.07400831364725,0
-71.38262412744687,0
-56.9747813558492,0
-70.8299733426308,0
-68.80174229641199,0
-61.83450942810939,0
-70.76260686280551,0
-63.80774948861337,0
-64.81316317496706,0
-72.39171405353994,0
-59.292331132723845,0
-65.40927012860166,0
-66.03994797701925,0
-66.71794918416397,0
-70.51577536608656,0
-60.257206833464416,0
-65.98474940293492,0
-72.39171405353994,0
-64.81784560581406,0
-75.46196910831779,0
-17.06300166184827,0
-60.01079083444163,0
-61.86410606352742,0
-73.98023820585824,0
-67.99056861835976,0
-41.87316431183995,0
-62.527249616294895,0
-61.89553958612894,0
-64.35301632898138,0
-67.05919170371774,0
-70.13585351676906,0
-70.17757544795788,0
-66.50289254069088,0
-65.6719219747505,0
-70.46905930792423,0
-35.03191009273998,0
-70.17789621780827,0
-66.77184792879552,0
-72.39171405353994,0
-67.94435717139456,0
-73.98023820585824,0
-68.32325401640301,0
-68.4157958626776,0
-70.21485206019105,0
-70.70484541904582,0
-70.19264660507665,0
-67.32349518789047,0
-65.88113040124385,0
-67.94322648923972,0
-66.84410384977875,0
-67.56849847332609,0
-64.40171359850683,0
-71.00587007425565,0
-70.16292436381312,0
-68.12330974250312,0
-64.3087265574706,0
-63.26848752027669,0
-71.11035800363956,0
-64.81316317496706,0
-71.87966594477672,0
-68.45255621089032,0
-73.98023820585824,0
-68.88210427860781,0
-63.566414730174905,0
-66.9885442718354,0
-52.69769613276216,0
-67.97107554226486,0
-66.34088172793753,0
-65.05039651856855,0
-63.13847676621469,0
-68.8895460729419,0
-64.91873583052144,0
-72.77405971315595,0
-69.63411495914357,0
-64.81316317496706,0
-64.43152169509995,0
-67.50488928288065,0
-73.98023820585824,0
-64.39635912981953,0
-61.88797629937181,0
-62.982979184478324,0
-62.64771157836065,0
-73.98023820585824,0
-65.89482900563678,0
-61.84810446397345,0
-63.22980380016317,0
-67.94209438662497,0
-72.39171405353994,0
-67.93759277130602,0
-68.73478669480258,0
-44.26593897839049,0
-59.721378919892224,0
-64.43990645553103,0
-66.13825435482049,0
-60.31640688948725,0
-67.9270277876578,0
-21.58029964097532,0
-59.32771919257589,0
-51.75692098282057,0
-73.98023820585824,0
-63.409028256838845,0
-59.41667870946984,0
-72.05403194777497,0
-63.40072149980862,0
-62.535053083581275,0
-72.0488337554331,0
-68.39741509371188,0
-69.13876675159379,0
-68.90908696202054,0
-53.98504885060114,0
-67.49108990707305,0
-66.38261646048541,0
-59.292331132723845,0
-61.67257875197567,0
-46.06378795455429,0
-64.67064824557029,0
-67.95035425040498,0
-69.13403499645274,0
-72.39171405353994,0
-72.04127046867598,0
-70.1743446012022,0
-67.94209438662497,0
-67.69399117490156,0
-53.49202982901282,0
-72.39171405353994,0
-70.51577536608656,0
-64.67474632448312,0
-61.633496779999426,0
-70.15748403979623,0
-70.0614047931038,0
-59.292331132723845,0
-59.41667870946984,0
-64.92732050897419,0
-39.036632176502785,0
-71.85956490716057,0
-67.46924808411194,0
-72.39171405353994,0
-73.98023820585824,0
-72.39171405353994,0
-67.31342048305969,0
-67.94435717139456,0
-59.292331132723845,0
-67.95035425040498,0
-67.9739755192958,0
-64.30465673279083,0
-68.90569454882757,0
-61.91906270305682,0
-71.89168197546189,0
-58.05634502077111,0
-70.11963487048337,0
-64.82524554553412,0
-62.32470159786613,0
-72.5676107851648,0
-66.81761008928778,0
-67.44497661207077,0
-72.39171405353994,0
-72.39171405353994,0
-60.53838868206457,0
-67.18428608806141,0
-70.15751027681341,0
-66.71013754354036,0
-61.01233448402162,0
-72.1811450515873,0
-72.39171405353994,0
-70.11963487048337,0
-70.64140452708153,0
-71.97261663020461,0
-72.39171405353994,0
-71.06646847336853,0
-65.04382835045645,0
-48.35672797351851,0
-66.03931451383527,0
-72.39171405353994,0
-36.25998399689108,0
-61.890714747420766,0
-72.0488337554331,0
-71.44172706286825,0
-65.74603032090201,0
-69.1911718705424,0
-72.39171405353994,0
-66.58505233126176,0
-72.39171405353994,0
-61.89924231477931,0
-63.91698740193637,0
-69.8152534652892,0
-61.890714747420766,0
-59.292331132723845,0
-66.20279291308533,0
-34.81804529223262,0
-59.292331132723845,0
-70.13771288625881,0
-68.89918959676302,0
-72.39171405353994,0
-73.98023820585824,0
-58.6854639452904,0
-61.01020240108687,0
-70.15768027177268,0
-72.39171405353994,0
-67.968679174991,0
-67.94033121935496,0
-68.87516119396884,0
-62.618105787767604,0
-70.16750552365764,0
-59.292331132723845,0
-61.81932246090046,0
-66.63122335401216,0
-57.10773598284664,0
-70.09307140775053,0
-70.1408459473839,0
-68.57827842847938,0
-40.67309459115978,0
-70.91735518315282,0
-66.66317689104612,0
-52.34368916822341,0
-59.292331132723845,0
-62.84986109283658,0
-72.39171405353994,0
-72.47909589406197,0
-67.93759277130602,0
-67.90820729516088,0
-70.8299733426308,0
-70.8299733426308,0
-69.79655070003865,0
-65.34727595501394,0
-69.61102427212566,0
-56.59694982282453,0
-69.47794432105023,0
-69.33645166241064,0
-62.75959309749785,0
-70.15104695595517,0
-72.47909589406197,0
-68.92905201024578,0
-70.49079577317433,0
-67.98295295012281,0
-59.292331132723845,0
-63.497307619328296,0
-59.292331132723845,0
-69.66450767115919,0
-67.37871978493261,0
-68.95403465517741,0
-72.39171405353994,0
-72.39171405353994,0
-52.013428066580666,0
-67.29847660727108,0
-72.04577208399493,0
-69.39705006152352,0
-70.46453123376936,0
-67.03778049409833,0
-68.59171531641297,0
-71.44846798843926,0
-72.85435448356169,0
-62.685652271606045,0
-59.292331132723845,0
-70.19926226734839,0
-58.64667742167388,0
-43.56754950685237,0
-64.28040152254611,0
-68.19047242849939,0
-68.47141878861859,0
-39.44843654296818,0
-59.292331132723845,0
-62.631946690471416,0
-64.41834584096938,0
-64.22116084582511,0
-61.232080748876974,0
-72.39171405353994,0
-63.68029192642928,0
-63.508846857876975,0
-65.38838956953042,0
-70.2529627006456,0
-65.24945694410057,0
-67.12731259612735,0
-45.113915250667226,0
-71.06646847336853,0
-68.39069768816347,0
-61.29567906836135,0
-70.18466061789681,0
-62.93163959528914,0
-64.8441985620709,0
-70.8299733426308,0
-69.06123847797924,0
-62.34010468646379,0
-64.3136006163009,0
-60.81143237353821,0
-69.78587915065941,0
-31.710820721581175,0
-71.00587007425565,0
-65.4930901805389,0
-62.88614108854024,0
-61.010886385302186,0
-70.12450493035203,0
-68.8073976923651,0
-61.892477914690765,0
-71.46154745114576,0
-61.89474069946035,0
-72.39171405353994,0
-66.06841848394117,0
-70.2196744453604,0
-23.05176517481353,0
-40.12513138165907,0
-72.10429951840486,0
-70.1961513284325,0
-71.88168672861764,0
-63.400535754273626,0
-59.292331132723845,0
-59.44326349783588,0
-70.8299733426308,0
-69.90462584925359,0
-59.292331132723845,0
-72.39171405353994,0
-70.51577536608656,0
-66.40419943077616,0
-60.98409313819121,0
-59.292331132723845,0
-72.39171405353994,0
-70.15768027177268,0
-54.87738051106733,0
-74.38051537597732,0
-67.94515605806313,0
-74.33440208097502,0
-67.94885878671352,0
-59.292331132723845,0
-68.95403465517741,0
-64.27900530975872,0
-70.12413648580232,0
-25.336672002787807,0
-34.8859539243446,0
-69.65566575063394,0
-61.890714747420766,0
-65.61571338070529,0
-64.63806728202894,0
-70.16914640886031,0
-69.4446318589834,0
-66.02714793859701,0
-60.304529481629295,0
-64.67898238468936,0
-69.7519458006017,0
-68.75067717316503,0
-67.02231142304674,0
-70.17307383263892,0
-61.74020205498036,0
-71.88643034486526,0
-59.57092131400015,0
-72.0488337554331,0
-65.91433960931552,0
-67.5895867879746,0
-70.15231208447153,0
-54.05732822996852,0
-69.19052978591517,0
-72.39171405353994,0
-72.39171405353994,0
-74.16024065904631,0
-72.39171405353994,0
-56.080739063134,0
-67.01749120632681,0
-62.76653266243092,0
-60.8784562177026,0
-57.538218470854474,0
-68.26737663913055,0
-72.39171405353994,0
-72.4184974949491,0
-71.86501486063196,0
-72.39171405353994,0
-67.94033121935496,0
-64.38688021659166,0
-63.19269498051267,0
-72.83916104437559,0
-66.97847434753515,0
-67.98380421827122,0
-64.34796974463292,0
-72.39171405353994,0
-72.39171405353994,0
-59.541709131275034,0
-71.64548161795886,0
-68.34307440468052,0
-63.566414730174905,0
-41.76601876402239,0
-65.44462691264384,0
-61.28673867451253,0
-36.35061356142482,0
-72.47909589406197,0
-67.93759277130602,0
-61.60065772694678,0
-72.47909589406197,0
-67.33207952418829,0
-55.871205935939855,0
-70.16750552365764,0
-68.58752691649305,0
-61.2478765648494,0
-67.94515605806313,0
-58.62228810152148,0
-72.39171405353994,0
-59.292331132723845,0
-50.40414731110047,0
-68.94163518597492,0
-64.67064824557029,0
-69.47660909194344,0
-70.76260686280551,0
-70.1858822049881,0
-68.3021593020201,0
-47.29013906628658,0
-72.39171405353994,0
-59.292331132723845,0
-68.03955334897687,0
-59.292331132723845,0
-37.406258663323534,0
-68.43753571107726,0
-70.15751027681341,0
-67.49842295143834,0
-72.39171405353994,0
-66.4871635217939,0
-67.86856401630777,0
-63.93531991201325,0
-59.292331132723845,0
-72.90989725242366,0
-62.448302975019516,0
-59.292331132723845,0
-63.32796749008284,0
-66.9236391725922,0
-72.39171405353994,0
-66.01352930504001,0
-60.09336882510451,0
-58.68320116052082,0
-45.173653269334224,0
-54.34634543618333,0
-70.16782629350803,0
-72.39171405353994,0
-66.72053645476458,0
-72.39171405353994,0
-54.05732822996852,0
-62.28953043004256,0
-64.81316317496706,0
-47.07382382770455,0
-65.65340017814121,0
-67.88412590004359,0
-62.34010468646379,0
-68.71187750965862,0
-68.95290120138242,0
-71.84178886635698,0
-67.76602888616583,0
-70.19132894326319,0
-61.899393442477354,0
-69.29142060856518,0
-55.767414876105256,0
-64.2489679999446,0
-61.72584934552126,0
-65.10761230647846,0
-61.89924231477931,0
-72.39171405353994,0
-59.292331132723845,0
-67.83144158947756,0
-68.66831584996615,0
-64.2972358469349,0
-67.95035425040498,0
-72.39171405353994,0
-39.56471330028636,0
-64.2972358469349,0
-72.39171405353994,0
-70.66855008582812,0
-65.86986438583635,0
-67.1721021378671,0
-66.30682330539862,0
-62.79308006189997,0
-60.485888004653866,0
-66.03994797701925,0
-67.39028817473327,0
-68.8674327317396,0
-71.00587007425565,0
-67.9206120125853,0
-68.4438991699759,0
-66.05188166085962,0
-67.26015773214941,0
-59.292331132723845,0
-70.8299733426308,0
-43.82162424775366,0
-61.1037078573187,0
-69.28385732180806,0
-68.18221256471938,0
-72.39171405353994,0
-70.51577536608656,0
-70.15446581974408,0
-66.68867979057349,0
-70.1743446012022,0
-66.33207728289307,0
-50.510172538028435,0
-65.02546418777021,0
-70.8299733426308,0
-71.46154745114576,0
-67.94033121935496,0
-69.8682453030219,0
-67.8099192818695,0
-47.62047487979512,0
-48.121602638438645,0
-43.73235713635791,0
-44.576276497114314,0
-68.04584997921775,0
-62.1268758545362,0
-68.9583214038363,0
-52.61759536309074,0
-40.50730679637289,0
-55.90060740735299,0
-68.50297364154564,0
-70.45625378555077,0
-64.80321729262745,0
-59.41163766527261,0
-65.72603324069281,0
-72.39171405353994,0
-72.14472376161466,0
-72.4184974949491,0
-67.61038584845652,0
-52.71415470046463,0
-58.454798516328246,0
-52.54366288035981,0
-72.39171405353994,0
-72.39171405353994,0
-66.60320231180299,0
-73.73779265651353,0
-67.16845194251381,0
-64.81316317496706,0
-72.39171405353994,0
-67.97387736733288,0
-68.18447534948896,0
-67.94435717139456,0
-64.61403111084586,0
-72.39171405353994,0
-62.83179294609751,0
-65.12216372161573,0
-64.30390171876243,0
-64.2772930348691,0
-66.68726622544322,0
-56.35991411493399,0
-72.39171405353994,0
-69.63411495914357,0
-54.210281927930694,0
-50.28504054122122,0
-68.56920777526112,0
-67.31245642091899,0
-72.39171405353994,0
-50.911939101793095,0
-69.50472776245938,0
-72.39171405353994,0
-64.64407907887438,0
-72.90773312341264,0
-67.9137225354616,0
-67.37442675100831,0
-71.87966594477672,0
-67.51738913173062,0
-72.86294952078566,0
-59.292331132723845,0
-67.97387736733288,0
-72.39171405353994,0
-72.39171405353994,0
-67.93759277130602,0
-56.10827906968089,0
-61.63628828030623,0
-64.93777498298329,0
-72.39171405353994,0
-50.34912874956932,0
-68.69534387078963,0
-68.80480396785015,0
-64.38660601465031,0
-67.36731129933663,0
-59.292331132723845,0
-51.83246262398935,0
-70.57641275290659,0
-72.39171405353994,0
-74.2755769414791,0
-63.566414730174905,0
-67.13932806168559,0
-35.23725507054279,0
-66.67656863760415,0
-64.86272853182889,0
-68.76311172972706,0
-71.89998873249212,0
-57.74992578882811,0
-76.26378710779598,0
-68.12424407813799,0
-25.382760443891936,0
-72.39171405353994,0
-67.92776407233058,0
-72.04803486876452,0
-70.09747690952858,0
-72.39171405353994,0
-68.4335071112621,0
-60.38603112321654,0
-67.39391521169183,0
-68.4877866743367,0
-66.7188564484715,0
-63.91216936819099,0
-70.20935842866578,0
-62.34010468646379,0
-72.87156831988253,0
-54.97575130577666,0
-72.39171405353994,0
-59.44326349783588,0
-72.5676107851648,0
-67.94209438662497,0
-62.721936867632905,0
-70.8299733426308,0
-67.57702604068464,0
-72.39171405353994,0
-67.61910312914216,0
-72.39171405353994,0
-59.40662014877692,0
-65.21545148784783,0
-66.0031714711742,0
-73.98023820585824,0
-72.47909589406197,0
-72.39171405353994,0
-67.43309920421282,0
-31.727180789344697,0
-74.26863385684013,0
-72.86257460425878,0
-67.07933766715003,0
-65.1890699389156,0
-64.81316317496706,0
-59.292331132723845,0
-52.7213138796491,0
-62.34010468646379,0
-68.34307440468052,0
-29.571146851347873,0
-76.07114567980364,0
-63.13021117387196,0
-72.39171405353994,0
-63.04743763564744,0
-60.980682205148554,0
-72.39171405353994,0
-38.82109790947364,0
-72.84985286824273,0
-56.56138335653041,0
-65.3854262418234,0
-73.98023820585824,0
-61.67661972546038,0
-66.34428121920736,0
-57.947123137152936,0
-65.9042487644417,0
-70.14773092462701,0
-67.81899960603864,0
-59.292331132723845,0
-67.06657790711569,0
-67.94885878671352,0
-71.2706559333779,0
-64.36338002037535,0
-72.39171405353994,0
-61.91906270305682,0
-59.292331132723845,0
-59.292331132723845,0
-61.639325438030674,0
-65.95366299924991,0
-39.62571040039191,0
-70.21935367551,0
-45.850147708463275,0
-72.39171405353994,0
-72.39171405353994,0
-66.66149161368973,0
-48.529917981136514,0
-64.19239053463284,0
-70.51577536608656,0
-61.818947544373565,0
-71.3582914109478,0
-56.58345058537851,0
-71.81470341155475,0
-68.91019616414653,0
-59.292331132723845,0
-70.20413731561237,0
-57.45443500007152,0
-51.915751204263195,0
-68.90371732776649,0
-59.81361707728728,0
-64.90840575540159,0
-56.30166824657374,0
-68.73610982129486,0
-71.89792105540099,0
-61.892477914690765,0
-67.78858648436976,0
-59.99033150508506,0
-63.39757677950357,0
-62.1268758545362,0
-66.77423309226921,0
-40.004298374001834,0
-73.59488885203089,0
-72.39171405353994,0
-72.39171405353994,0
-64.40638061368094,0
-64.93165379851393,0
-70.13244324283255,0
-65.9137094832555,0
-62.83179294609751,0
-70.1130387932644,0
-65.99768545855105,0
-68.78562204754215,0
-62.34010468646379,0
-51.915751204263195,0
-63.312020863170794,0
-70.14920359679454,0
-68.3036612351574,0
-70.51577536608656,0
-59.292331132723845,0
-74.57000336800736,0
-68.25195296162101,0
-72.39171405353994,0
-62.06527241837863,0
-72.10429951840486,0
-69.64567050378972,0
-70.16914640886031,0
-72.39171405353994,0
-69.77551795473741,0
-61.052517815571065,0
-63.17456425418786,0
-20.583123380648217,0
-69.63411495914357,0
-40.02937376719516,0
-72.5676107851648,0
-59.292331132723845,0
-46.21155525444155,0
-70.63990906339006,0
-66.32075520561297,0
-69.10661859559497,0
-66.24044682745647,0
-66.8306624039661,0
-63.280739844661525,0
-66.88425708446009,0
-59.292331132723845,0
-72.39171405353994,0
-64.47897214601616,0
-67.94885878671352,0
-70.8299733426308,0
-61.900737778470805,0
-66.98516258954533,0
-68.31198800099551,0
-59.292331132723845,0
-55.19649335244654,0
-34.8859539243446,0
-72.39171405353994,0
-72.39171405353994,0
-71.98780359741357,0
-65.39812276319103,0
-62.39876548578213,0
-73.76818536852917,0
-71.3582914109478,0
-69.31417335104834,0
-67.62039243856981,0
-70.8299733426308,0
-68.11640033015527,0
-69.99261946399021,0
-35.738365406445666,0
-67.86199584819568,0
-68.1917797160202,0
-60.99399988175154,0
-67.04691396006723,0
-63.423803903881776,0
-68.22334438224529,0
-66.02601049347555,0
-67.87755773193149,0
-59.292331132723845,0
-59.64961171684502,0
-56.43580696362263,0
-60.32623558846266,0
-69.2622822131147,0
-65.08583641788654,0
-67.30366201232394,0
-57.10773598284664,0
-59.292331132723845,0
-65.7299714962734,0
-60.24065034841012,0
-63.98520725756272,0
-64.8352431154108,0
-72.39171405353994,0
-71.98780359741357,0
-72.39171405353994,0
-54.52887742585587,0
-68.25195296162101,0
-68.87419713182814,0
-66.38035367571582,0
-59.936440688808084,0
-37.89841322771865,0
-68.74665122112543,0
-70.8299733426308,0
-64.76140971137585,0
-17.06300166184827,0
-72.39171405353994,0
-72.4184974949491,0
-60.90488905006177,0
-70.64728030491673,0
-59.292331132723845,0
-59.292331132723845,0
-63.49271666326999,0
-72.39171405353994,0
-64.43843986349141,0
-66.58776276643019,0
-70.1961513284325,0
-32.567654652321046,0
-32.567654652321046,0
-61.92426089539868,0
-69.68911178384928,0
-67.34989248492462,0
-68.70582820784034,0
-62.84002779353797,0
-64.51590447698247,0
-63.95969742526582,0
-51.863059980659315,0
-59.292331132723845,0
-72.39171405353994,0
-72.39171405353994,0
-72.39171405353994,0
-67.16660850634183,0
-67.78743830155096,0
-57.43644290154838,0
-66.84155075211766,0
-69.93604776614845,0
-59.292331132723845,0
-62.79638962125098,0
-70.14741411549599,0
-71.4331994955097,0
-68.50297364154564,0
-66.8617482222477,0
-62.828068605721455,0
-68.27864265453805,0
-59.44326349783588,0
-60.1653906892575,0
-64.61480968528389,0
-63.57991732736487,0
-53.03641338168936,0
-67.92776407233058,0
-70.69167209771145,0
-67.93759277130602,0
-70.49229123686582,0
-72.39171405353994,0
-55.06978000624541,0
-72.39171405353994,0
-71.06646847336853,0
-71.89792105540099,0
-68.87411309016038,0
-47.62047487979512,0
-67.72734792297845,0
-70.8299733426308,0
-70.16782629350803,0
-43.16364907642088,0
-65.7225998466488,0
-62.88614108854024,0
-70.1757391504205,0
-63.19156824021145,0
-61.47897903461864,0
-72.39171405353994,0
-72.39171405353994,0
-67.52111137407016,0
-68.22315443468526,0
-72.90989725242366,0
-74.33051066029694,0
-72.05403194777497,0
-70.16292436381312,0
-70.72639066047226,0
-38.63442776273658,0
-61.83119986875841,0
-63.02254478613216,0
-66.28556137553733,0
-61.91906270305682,0
-71.02829860849211,0
-55.43304957409428,0
-66.42744142907483,0
-71.97713915244985,0
-72.39171405353994,0
-71.38262412744687,0
-64.94940104729415,0
-67.28846857313783,0
-72.39171405353994,0
-62.83513669430827,0
-74.29529343311384,0
-73.98023820585824,0
-60.02479909101742,0
-67.94209438662497,0
-70.56395491957716,0
-71.00587007425565,0
-72.39171405353994,0
-67.94033121935496,0
-62.668231286498276,0
-70.14773092462701,0
-64.4169837694118,0
-71.00587007425565,0
-66.20279291308533,0
-46.05702355446575,0
-60.91277997706888,0
-72.87813648799462,0
-70.8299733426308,0
-30.353150716798215,0
-72.39171405353994,0
-59.292331132723845,0
-66.68408240183157,0
-61.88797629937181,0
-62.82815038568002,0
-72.13141444228424,0
-66.97720921901879,0
-69.19637006288426,0
-64.81316317496706,0
-70.2196744453604,0
-46.836024206837536,0
-67.44049287417864,0
-59.292331132723845,0
-72.39171405353994,0
-62.48112680898101,0
-68.97694655178861,0
-62.6399915180795,0
-70.12445725565269,0
-67.00190141348412,0
-72.39171405353994,0
-65.95937066316101,0
-64.99648888759776,0
-63.566414730174905,0
-67.88412590004359,0
-61.900737778470805,0
-72.39171405353994,0
-67.16102032375376,0
-53.42042057079841,0
-37.814517498525205,0
-67.56227125449354,0
-69.83897590943141,0
-56.254965292610784,0
-59.749726875528275,0
-73.73779265651353,0
-65.26840603974263,0
-51.865228631873535,0
-65.23063645160364,0
-72.39171405353994,0
-65.98605716074229,0
-72.39171405353994,0
-67.57702604068464,0
-72.39171405353994,0
-69.81953550593784,0
-61.866270192538444,0
-69.07072430557288,0
-65.93212530389359,0
-58.60020214653606,0
-72.39171405353994,0
-61.81237937626147,0
-48.63683553074274,0
-53.43476392156842,0
-70.12413648580232,0
-51.75692098282057,0
-67.71207531610254,0
-62.856620892601924,0
-73.98023820585824,0
-67.56843011358261,0
-73.98023820585824,0
-74.32252467311707,0
-70.15292911696889,0
-53.50688919666154,0
-75.46196910831779,0
-63.52339070478729,0
-64.9091263062023,0
-55.365779610088225,0
-72.03144176970056,0
-70.60315720660859,0
-72.47909589406197,0
-66.72314737650584,0
-69.47794432105023,0
-70.11818122371722,0
-70.16758020111365,0
-69.75950908735882,0
-72.39171405353994,0
-63.8960171834744,0
-67.37920838793585,0
-62.20764966435427,0
-58.725585044014146,0
-31.73571628470395,0
-70.60315720660859,0
-72.39171405353994,0
-70.11960696137649,0
-72.39171405353994,0
-72.85584994725316,0
-57.26656620428927,0
-67.91588666447262,0
-70.15104695595517,0
-63.90516195722867,0
-72.39171405353994,0
-25.336672002787807,0
-65.3854262418234,0
-71.37368461684734,0
-72.39171405353994,0
-44.74671378352651,0
-54.87883445772623,0
-70.19583055858214,0
-72.39171405353994,0
-57.673752371633334,0
-67.94209438662497,0
-43.20460423487047,0
-70.51577536608656,0
-63.286247363532055,0
-42.742575362270664,0
-59.292331132723845,0
-46.2150802620041,0
-70.16758020111365,0
-67.24565698145595,0
-68.7800191843832,0
-61.85460083627104,0
-70.8299733426308,0
-70.8299733426308,0
-63.13847676621469,0
-70.51577536608656,0
-56.15719618421714,0
-69.31494372549307,0
-71.06646847336853,0
-67.30625538056883,0
-67.0613797147738,0
-43.17813611093821,0
-72.04803486876452,0
-67.72140439076664,0
-56.3799767695225,0
-64.46075890850393,0
-59.292331132723845,0
-64.81316317496706,0
-37.3255810306,0
-67.28398591399709,0
-68.46644384871013,0
-71.44846798843926,0
-71.87648853627579,0
-70.6492748517405,0
-68.31198800099551,0
-68.39779001023877,0
-70.8299733426308,0
-72.39171405353994,0
-61.89474069946035,0
-52.70426430087426,0
-64.27092239372605,0
-59.292331132723845,0
-67.93759277130602,0
-65.88881940474572,0
-54.59170735785887,0
-68.93703799742565,0
-59.10210034420299,0
-67.09027655965566,0
-66.60016489947064,0
-47.29013906628658,0
-66.01659097647817,0
-66.18012469648563,0
-72.39171405353994,0
-65.1614066655967,0
-34.45208469589704,0
-70.03616292483167,0
-50.9044497270589,0
-74.350995180039,0
-52.74081427673838,0
-70.8299733426308,0
-68.78562204754215,0
-72.39171405353994,0
-70.20416023632393,0
-72.47909589406197,0
-73.98023820585824,0
-70.11963487048337,0
-68.24295924599727,0
-71.39616563107099,0
-63.636190105106564,0
-66.21922376347833,0
-67.1880038768936,0
-70.8299733426308,0
-54.421448662415806,0
-67.81824203530087,0
-68.34303952815102,0
-67.51295857244574,0
-70.5599892095112,0
-70.15231208447153,0
-39.81185119048719,0
-69.85085331728936,0
-67.98654266632016,0
-72.04577208399493,0
-72.39171405353994,0
-63.931741218230584,0
-65.7858259927947,0
-61.228080742229736,0
-45.32826032779693,0
-70.15292911696889,0
-68.6855068888589,0
-59.20925143808508,0
-72.39171405353994,0
-68.47141878861859,0
-72.39171405353994,0
-62.77832607483511,0
-65.9740314544609,0
-67.84534061104355,0
-65.99968000537481,0
-54.804307676170545,0
-61.91906270305682,0
-61.686614972304604,0
-59.292331132723845,0
-71.02698543324733,0
-59.292331132723845,0
-72.39171405353994,0
-71.7600170195501,0
-71.87966594477672,0
-72.39171405353994,0
-68.98965346137805,0
-73.98023820585824,0
-66.94691228377509,0
-69.1299313868023,0
-48.562274788901114,0
-48.58738930352653,0
-70.56860800860804,0
-68.76009929302899,0
-58.941252613041634,0
-72.47909589406197,0
-54.566495880304565,0
-63.312020863170794,0
-61.89553958612894,0
-59.496719766921025,0
-52.7213138796491,0
-72.39171405353994,0
-46.840707331268476,0
-70.17983823272746,0
-70.8299733426308,0
-41.610385981921134,0
-66.31584102856682,0
-62.76036207969666,0
-67.87755773193149,0
-71.89168197546189,0
-72.39171405353994,0
-59.0368412896155,0
-70.8299733426308,0
-68.53898222919085,0
-42.68579893165725,0
-71.3582914109478,0
-71.01077222166126,0
-68.75727409190608,0
-72.39171405353994,0
-66.32238518913444,0
-70.51577536608656,0
-62.84002779353797,0
-64.26914114718551,0
-66.66866218476918,0
-50.96393340296481,0
-70.16292436381312,0
-58.941252613041634,0
-74.35549679535796,0
-62.34010468646379,0
-59.292331132723845,0
-70.8299733426308,0
-21.68082339367995,0
-72.39171405353994,0
-69.58213012729887,0
-42.955130996672246,0
-68.49848908859903,0
-72.81086058289917,0
-70.16782629350803,0
-72.39171405353994,0
-72.39171405353994,0
-64.41371908954567,0
-72.5676107851648,0
-62.61635129800225,0
-64.31741821188982,0
-39.79596548569514,0
-49.89233906143085,0
-72.39171405353994,0
-67.5287629627743,0
-70.46252091589946,0
-70.8299733426308,0
-51.663573818376456,0
-68.59691350875482,0
-37.388090979569846,0
-72.5676107851648,0
-70.32005921994391,0
-70.51577536608656,0
-67.21161366875324,0
-62.59387822307721,0
-61.16502349719163,0
-72.39171405353994,0
-68.95403465517741,0
-72.39171405353994,0
-65.71565676200983,0
-61.08398002642859,0
-67.00275556255154,0
-68.86223568230243,0
-64.07772431179653,0
-58.64667742167388,0
-71.60456651529844,0
-64.26767497422718,0
-52.66676345175728,0
-67.22161872286664,0
-70.14283295565147,0
-55.43304957409428,0
-64.76111369541911,0
-61.586394248510835,0
-66.34428121920736,0
-65.00022331895862,0
-63.93311263689977,0
-68.69117712369558,0
-72.39171405353994,0
-68.16788225042498,0
-48.96096458798004,0
-70.15136772580556,0
-46.09330815049262,0
-60.43397004743957,0
-59.46481686615335,0
-62.39876548578213,0
-66.97357637855961,0
-74.350995180039,0
-71.3582914109478,0
-66.38861353949584,0
-67.32913399847139,0
-70.10894304661622,0
-71.87648853627579,0
-62.95906263500814,0
-67.91588666447262,0
-71.00587007425565,0
-68.1917797160202,0
-68.47770986411763,0
-70.14741411549599,0
-54.40454530231845,0
-48.76551926816886,0
-73.98023820585824,0
-62.86261797161238,0
-67.80220114611637,0
-59.292331132723845,0
-65.15138363454666,0
-69.50472776245938,0
-64.81316317496706,0
-72.39171405353994,0
-71.89224668107582,0
-64.7209965640053,0
-66.0695066983283,0
-72.39171405353994,0
-71.98780359741357,0
-72.39171405353994,0
-70.8299733426308,0
-68.68044398705712,0
-41.8783868304895,0
-69.39705006152352,0
-67.94515605806313,0
-72.0488337554331,0
-50.8614261360304,0
-70.11960696137649,0
-70.12944723912472,0
-61.92426089539868,0
-72.39171405353994,0
-60.455706828846616,0
-70.13095554779352,0
-64.40802149888361,0
-47.62047487979512,0
-70.6218694259366,0
-74.37531718363545,0
-55.040869415143455,0
-59.87017658379571,0
-70.57186661736915,0
-72.39171405353994,0
-56.35674044071602,0
-70.8299733426308,0
-70.12413648580232,0
-58.12575007698382,0
-62.34010468646379,0
-61.989226892182735,0
-68.76863559432857,0
-61.878147600396396,0
-67.8808163406926,0
-68.6252231385344,0
-72.39171405353994,0
-65.99968000537481,0
-64.64740361935795,0
-68.20358819816862,0
-62.34010468646379,0
-72.39171405353994,0
-68.14583505344419,0
-67.13866066138623,0
-54.51338890237395,0
-57.10773598284664,0
-66.05501962302658,0
-61.81237937626147,0
-72.4184974949491,0
-70.51577536608656,0
-71.3582914109478,0
-62.22419649922909,0
-70.17123112084334,0
-69.03106268023404,0
-76.07114567980364,0
-68.37702401319224,0
-73.98023820585824,0
-60.980682205148554,0
-67.86893893283465,0
-64.87716852117866,0
-63.13847676621469,0
-62.8574197792705,0
-72.39171405353994,0
-35.536695021518504,0
-46.06978503356474,0
-67.7325461153203,0
-55.80103221002689,0
-66.79564857650251,0
-74.27520202495222,0
-66.5650945756906,0
-62.986020712454675,0
-66.2705551321552,0
-67.37905189904232,0
-74.26863385684013,0
-57.96506108809329,0
-64.88352433532592,0
-69.97900492549071,0
-66.18501423003055,0
-67.87755773193149,0
-65.81131410912272,0
-72.5676107851648,0
-66.00902768972105,0
-68.1305766048574,0
-41.55580629954888,0
-65.65340017814121,0
-61.6699425399444,0
-70.51577536608656,0
-42.422507290521,0
-67.87755773193149,0
-68.98704271310604,0
-68.78019736910338,0
-69.17284694595637,0
-71.06646847336853,0
-70.18433984804642,0
-46.422272067978554,0
-57.343679057741426,0
-66.39900123843428,0
-51.44239765048516,0
-68.71825305593359,0
-68.91853023182415,0
-56.4704944049322,0
-61.31920218528924,0
-71.87648853627579,0
-65.09764734871995,0
-61.900737778470805,0
-61.827941259997296,0
-55.27117695955881,0
-68.80222463949764,0
-70.8299733426308,0
-72.39171405353994,0
-60.32897403651162,0
-72.39171405353994,0
-72.85584994725316,0
-68.55913785096088,0
-74.38051537597732,0
-71.853137452774,0
-70.13626478753937,0
-60.25758174999131,0
-64.3322496743985,0
-70.09307140775053,0
-62.6939255778213,0
-67.86893893283465,0
-63.50805901769267,0
-61.967179511613885,0
-70.9799112597998,0
-66.11536362629909,0
-72.39171405353994,0
-70.14001913938853,0
-66.0157920898096,0
-64.57648075274274,0
-67.86199584819568,0
-72.5676107851648,0
-61.093720695781144,0
-72.39171405353994,0
-70.15091587168413,0
-72.47909589406197,0
-72.39171405353994,0
-65.9427102210227,0
-58.37323069601841,0
-68.9489154052836,0
-67.8808163406926,0
-59.18584867146084,0
-64.46653552256355,0
-61.6130846019874,0
-65.86570006527839,0
-68.70784899168126,0
-62.84985649251338,0
-70.19269409923629,0
-67.52602451472535,0
-62.32470159786613,0
-70.11414123895807,0
-68.26112492584333,0
-35.03191009273998,0
-65.4277229686005,0
-69.87194803167228,0
-76.07114567980364,0
-72.39171405353994,0
-27.83920013932245,0
-59.292331132723845,0
-72.5676107851648,0
-72.39171405353994,0
-70.13969836953814,0
-70.1408459473839,0
-44.77021643328167,0
-74.350995180039,0
-57.58264637527237,0
-69.79312341344126,0
-72.5676107851648,0
-64.69667682470593,0
-69.50472776245938,0
-68.43886626751876,0
-64.31198240710228,0
-70.8299733426308,0
-71.37662704843642,0
-67.33557844401444,0
-70.16292436381312,0
-56.2773308586177,0
-59.51429656803129,0
-65.43450286453269,0
-70.51577536608656,0
-60.882269596189786,0
-67.97387736733288,0
-64.98554461479091,0
-70.13094270281618,0
-70.66299285915511,0
-66.85293842156143,0
-68.24567053229715,0
-61.89474069946035,0
-68.60058978828162,0
-65.50845740293136,0
-64.49190411722049,0
-66.59419680340974,0
-63.68360148578027,0
-67.92776407233058,0
-58.27249399122398,0
-56.4356012018956,0
-67.86856401630777,0
-66.10847111049978,0
-38.276291369382335,0
-40.56641126436443,0
-70.63620633473968,0
-68.72220666624312,0
-65.90433061554454,0
-72.39171405353994,0
-66.81052701399182,0
-51.915751204263195,0
-70.66299285915511,0
-34.36126381926315,0
-65.30867493901364,0
-72.5676107851648,0
-66.01603982706587,0
-72.39171405353994,0
-67.30625538056883,0
-68.6764331361616,0
-64.29932055891791,0
-64.74220279121387,0
-65.344025062539,0
-65.61784422949665,0
-65.27758483001844,0
-68.69983801255702,0
-71.06646847336853,0
-73.98023820585824,0
-59.292331132723845,0
-72.39171405353994,0
-70.17581228068786,0
-59.35540066353747,0
-72.39171405353994,0
-74.37531718363545,0
-72.5676107851648,0
-68.1176759100259,0
-56.939964554725364,0
-59.53021842073931,0
-72.8213823613208,0
-62.97964654477207,0
-58.941252613041634,0
-67.94435717139456,0
-64.81316317496706,0
-47.50073737884418,0
-72.39171405353994,0
-70.20413731561237,0
-40.20728887166421,0
-70.12438737968142,0
-36.604162913855625,0
-70.12450493035203,0
-63.61489119922501,0
-73.12698323529831,0
-67.08159842855352,0
-59.292331132723845,0
-65.94899265034654,0
-70.51577536608656,0
-72.39171405353994,0
-69.29895597087966,0
-70.19269409923629,0
-67.49263695849582,0
-61.97393059893962,0
-69.79312341344126,0
-73.98023820585824,0
-70.15751027681341,0
-70.11960696137649,0
-69.85889163757619,0
-72.4184974949491,0
-41.904936646280234,0
-61.21866290755375,0
-57.42324344732592,0
-59.292331132723845,0
-70.91735518315282,0
-70.13519675421918,0
-64.34346812931398,0
-38.292789509645324,0
-68.8139658604772,0
-70.15446581974408,0
-67.63723704822776,0
-64.83512019339513,0
-61.30087726070323,0
-64.33635199955188,0
-51.73783702278879,0
-70.13095554779352,0
-72.93836775934557,0
-58.6102720708363,0
-65.0951783152353,0
-72.39171405353994,0
-43.59551049666186,0
-63.15334197682877,0
-68.68044398705712,0
-67.88412590004359,0
-48.46414975700159,0
-52.586415755151734,0
-67.39137766048816,0
-70.14741411549599,0
-65.31398306292269,0
-68.95403465517741,0
-72.37145675672096,0
-59.292331132723845,0
-66.96620380745082,0
-68.26737663913055,0
-65.04353531765115,0
-72.39171405353994,0
-56.235703912343254,0
-63.33122609884394,0
-42.53404218284877,0
-66.71013754354036,0
-68.67929971583763,0
-59.943383773447074,0
-65.15246715499717,0
-68.34303952815102,0
-68.0920954108708,0
-67.1967896095509,0
-66.75081064982474,0
-69.50472776245938,0
-62.34010468646379,0
-20.583123380648217,0
-72.76078396220792,0
-55.91209811788872,0
-61.81498389114964,0
-65.26102857214208,0
-64.74372325475933,0
-72.47909589406197,0
-71.88643034486526,0
-68.00034493585537,0
-66.21122195218287,0
-62.022757776300246,0
-74.35179406670758,0
-64.81316317496706,0
-67.78743830155096,0
-62.70630917984494,0
-56.85499350574101,0
-57.565198816978594,0
-68.7108580798261,0
-68.21390976786812,0
-61.35824378460229,0
-67.02623884682535,0
-43.01892886600668,0
-70.8299733426308,0
-65.96122628600703,0
-67.23374372060118,0
-65.82197573265609,0
-72.77443462968283,0
-61.81237937626147,0
-70.12445725565269,0
-72.39171405353994,0
-51.22097819316767,0
-67.52741907084878,0
-72.39171405353994,0
-67.87755773193149,0
-67.42887424062776,0
-65.32479243746045,0
-73.98023820585824,0
-65.80375633216468,0
-61.9501080084919,0
-69.06690233707342,0
-53.447223640714434,0
-67.94033121935496,0
-66.84193209288425,0
-64.43793500449293,0
-72.39171405353994,0
-69.39705006152352,0
-60.980682205148554,0
-68.12575176614922,0
-72.10429951840486,0
-62.97964654477207,0
-72.90989725242366,0
-64.81316317496706,0
-72.23665034471726,0
-59.292331132723845,0
-70.46252091589946,0
-63.09826365940296,0
-72.48760097671523,0
-62.86729987791861,0
-64.97385470937938,0
-33.78516164794783,0
-72.39171405353994,0
-63.47415526728892,0
-68.94006629321203,0
-70.51577536608656,0
-45.266639693483064,0
-67.23496750949859,0
-72.39171405353994,0
-69.79165326126653,0
-72.0488337554331,0
-66.0717894171053,0
-71.97713915244985,0
-68.22041598663631,0
-70.13585351676906,0
-65.28196815383866,0
-54.16211615677008,0
-72.39171405353994,0
-59.292331132723845,0
-49.723150230448574,0
-63.92169187848306,0
-68.8786987471471,0
-67.93886353986926,0
-69.66450767115919,0
-72.39171405353994,0
-68.70265079933941,0
-65.09683328810955,0
-72.5676107851648,0
-71.89200274531225,0
-26.791815623027258,0
-70.8299733426308,0
-74.28745434933705,0
-69.4081475178406,0
-70.01708017021345,0
-73.73779265651353,0
-70.14741411549599,0
-63.58449848720939,0
-69.53720749105632,0
-61.83450942810939,0
-61.29124540627659,0
-68.89893014873903,0
-74.16024065904631,0
-65.04220410641963,0
-62.32470159786613,0
-73.98023820585824,0
-67.16684613171252,0
-47.39091405704783,0
-71.87159056730025,0
-70.17123112084334,0
-65.40535982942042,0
-72.39171405353994,0
-71.00587007425565,0
-66.06326184974674,0
-60.32623558846266,0
-68.69983801255702,0
-68.56400379956519,0
-64.81316317496706,0
-70.14800512656836,0
-68.08716063963625,0
-57.37936077443444,0
-67.5895867879746,0
-68.53269683455096,0
-34.8859539243446,0
-72.39171405353994,0
-61.620726396570404,0
-68.18044939744937,0
-69.63411495914357,0
-67.88412590004359,0
-67.94209438662497,0
-64.81316317496706,0
-59.292331132723845,0
-67.76950572878552,0
-65.04590683507001,0
-70.61881434900715,0
-62.84002779353797,0
-68.40794836028928,0
-64.71500194548959,0
-72.39171405353994,0
-70.13585351676906,0
-71.88718036014293,0
-58.94562161009417,0
-74.34873239526942,0
-61.88797629937181,0
-68.44068695452924,0
-72.39171405353994,0
-65.30373692219933,0
-68.19872280065918,0
-40.93064011899818,0
-38.57822768625676,0
-72.4758553792542,0
-66.96721397217456,0
-73.98023820585824,0
-59.292331132723845,0
-68.72821852669048,0
-70.49228311276644,0
-64.25198365354805,0
-40.448381567656455,0
-70.8299733426308,0
-58.920107393699986,0
-72.39171405353994,0
-62.88094289619839,0
-70.48335172626629,0
-59.292331132723845,0
-40.72131310409878,0
-68.23639107788517,0
-66.31581702102234,0
-59.292331132723845,0
-61.91906270305682,0
-67.29763658147196,0
-68.73874030511212,0
-65.78466912757354,0
-69.87344349536377,0
-58.941252613041634,0
-59.292331132723845,0
-65.32479243746045,0
-70.19583055858214,0
-61.89553958612894,0
-72.94286937466453,0
-72.39171405353994,0
-66.06615569917159,0
-64.59846582209514,0
-69.50472776245938,0
-72.10429951840486,0
-64.05318143480378,0
-71.3582914109478,0
-53.8410850746189,0
-46.82284759354525,0
-61.24156813197834,0
-70.1727267137224,0
-67.968679174991,0
-64.81316317496706,0
-54.92916587203508,0
-67.86893893283465,0
-70.5513941722872,0
-70.13244324283255,0
-70.20935842866578,0
-68.1636395560229,0
-65.92063408597379,0
-59.292331132723845,0
-69.63411495914357,0
-62.90487075078637,0
-67.94515605806313,0
-72.39171405353994,0
-42.47343354532554,0
-72.5676107851648,0
-69.22382228243353,0
-64.78844127611097,0
-66.90612498039064,0
-70.60315720660859,0
-67.83530935061437,0
-72.39171405353994,0
-72.5676107851648,0
-73.98023820585824,0
-69.09101170641945,0
-51.03583603512633,0
-59.35540066353747,0
-38.34805857242953,0
-61.89924231477931,0
-70.4745529394495,0
-72.39171405353994,0
-66.04474325556056,0
-55.86098753805451,0
-70.89819237331979,0
-70.8299733426308,0
-66.80778856594287,0
-60.48436889763647,0
-44.62862145487194,0
-69.43649547347667,0
-60.98990413510334,0
-60.98409313819121,0
-72.39171405353994,0
-63.547855863682216,0
-41.486537599239554,0
-67.09577119695855,0
-68.16788225042498,0
-67.98419338402749,0
-72.77266137006588,0
-67.94033121935496,0
-59.292331132723845,0
-68.7117878176984,0
-68.56320491289661,0
-62.23660942072224,0
-53.837294565262084,0
-61.89553958612894,0
-64.70881442124605,0
-67.53052613004431,0
-59.292331132723845,0
-66.87924010103063,0
-70.11963487048337,0
-72.39171405353994,0
-69.25036543846167,0
-33.64168015136359,0
-77.76492941959225,0
-68.56400379956519,0
-67.94435717139456,0
-65.05077143509543,0
-69.58762330461303,0
-65.967154775905,0
-64.84867951607181,0
-69.40540906979166,0
-68.24567053229715,0
-66.06439253190158,0
-59.292331132723845,0
-68.40966741809672,0
-65.15570986959365,0
-70.12450493035203,0
-67.06210092727616,0
-61.892477914690765,0
-59.292331132723845,0
-66.71013754354036,0
-72.39171405353994,0
-64.36983063781682,0
-65.0461610233314,0
-72.47909589406197,0
-68.25195296162101,0
-66.68783465301165,0
-71.39616563107099,0
-70.56395491957716,0
-48.806800086502356,0
-64.65916199641185,0
-70.8299733426308,0
-67.71771512065409,0
-71.00587007425565,0
-72.30803683242115,0
-61.83450942810939,0
-70.15935371298539,0
-73.98023820585824,0
-69.47437294601716,0
-68.12751493341923,0
-57.11230735268386,0
-64.84970707552318,0
-72.39171405353994,0
-60.399472336769065,0
-42.97154888558708,0
-70.14654534063621,0
-73.28138065590659,0
-67.87755773193149,0
-43.725524349960615,0
-67.65018518708747,0
-67.10406826775598,0
-70.19264660507665,0
-70.12445725565269,0
-71.00587007425565,0
-72.39171405353994,0
-67.95288631104174,0
-62.396213756837895,0
-62.58200081521926,0
-70.51577536608656,0
-51.41885440516879,0
-72.39171405353994,0
-61.827941259997296,0
-61.892477914690765,0
-72.39171405353994,0
-64.53664940716682,0
-69.84174630509881,0
-67.59254821226094,0
-72.39171405353994,0
-68.69527587311136,0
-65.22221588793637,0
-59.411407288663106,0
-58.37469997789895,0
-59.662053589351224,0
-70.4866612856173,0
-69.66450767115919,0
-51.263540708080555,0
-62.71923854950463,0
-44.21849879125693,0
-40.72131310409878,0
-72.12053665219884,0
-72.39171405353994,0
-65.33731977839899,0
-65.74933988025299,0
-68.27011508717949,0
-62.64339142245378,0
-61.899393442477354,0
-70.16300390833868,0
-65.98122689084857,0
-56.03364223884314,0
-66.40911630829119,0
-71.36577291905537,0
-67.97387736733288,0
-66.71240032830994,0
-74.28745434933705,0
-59.292331132723845,0
-67.94033121935496,0
-59.292331132723845,0
-70.8299733426308,0
-62.930840708620565,0
-65.14826714141218,0
-67.39737682362833,0
-68.16694911537388,0
-69.66450767115919,0
-63.19156824021145,0
-72.39171405353994,0
-66.38861353949584,0
-62.72739053625432,0
-72.86294952078566,0
-66.68976167941214,0
-61.892477914690765,0
-72.39171405353994,0
-65.21930831741295,0
-62.34010468646379,0
-65.91678339941822,0
-67.12539563155393,0
-70.51577536608656,0
-67.28721059186358,0
-68.3702124290474,0
-72.39171405353994,0
-70.14283295565147,0
-61.09186579880313,0
-70.15136772580556,0
-61.30496013601971,0
-67.85602523933191,0
-62.99123904825835,0
-71.06646847336853,0
-68.50209149755484,0
-69.50472776245938,0
-70.11963487048337,0
-72.39171405353994,0
-66.02659853712315,0
-63.241927053389276,0
-66.94704082493365,0
-61.34346269528354,0
-61.602985898235495,0
-74.35179406670758,0
-70.16782629350803,0
-59.53021842073931,0
-47.627707682697526,0
-73.73779265651353,0
-72.39171405353994,0
-70.1757391504205,0
-59.292331132723845,0
-68.71856986506461,0
-72.39171405353994,0
-48.76551926816886,0
-68.80963614292344,0
-72.39171405353994,0
-59.292331132723845,0
-69.09320531979652,0
-39.56945940277226,0
-66.98551597604902,0
-67.18182494325085,0
-38.01141963075795,0
-63.49593151678289,0
-66.64494850209762,0
-66.7978884961749,0
-61.8215196756074,0
-71.86501486063196,0
-70.8299733426308,0
-72.47909589406197,0
-70.60315720660859,0
-68.69044590181409,0
-50.16550839053642,0
-67.95035425040498,0
-61.020735475079995,0
-72.72902319777889,0
-57.26656620428927,0
-72.78305342877967,0
-59.292331132723845,0
-72.39171405353994,0
-63.89450429576685,0
-47.48241245425817,0
-72.39171405353994,0
-68.42833728624008,0
-61.01020240108687,0
-71.82622698262117,0
-70.51577536608656,0
-59.54053443743393,0
-70.15136772580556,0
-67.94885878671352,0
-60.91277997706888,0
-68.31875240108405,0
-67.74745804616396,0
-72.47909589406197,0
-70.1858822049881,0
-69.76903163772815,0
-61.23464891034183,0
-68.56796241178476,0
-49.61903018708375,0
-67.18217499898022,0
-68.21999876026777,0
-21.68082339367995,0
-64.73872591384348,0
-53.27021534077806,0
-57.93407031570486,0
-70.8299733426308,0
-70.13771288625881,0
-72.39171405353994,0
-70.8299733426308,0
-70.16324513366351,0
-66.16068390327686,0
-70.89057174174367,0
-69.50472776245938,0
-62.43019028899748,0
-65.30867493901364,0
-66.69550887670401,0
-64.56950301043268,0
-67.42010380985501,0
-76.04075296778802,0
-69.94830009053328,0
-67.02623884682535,0
-68.6549963669746,0
-72.39171405353994,0
-61.11958348236081,0
-70.8299733426308,0
-60.964089106084586,0
-61.212518858493894,0
-67.15041423455118,0
-23.05176517481353,0
-70.8299733426308,0
-72.84985286824273,0
-70.12438737968142,0
-72.39171405353994,0
-66.08393010369758,0
-72.12053665219884,0
-64.81316317496706,0
-67.94033121935496,0
-65.95527938087021,0
-70.13244324283255,0
-73.98023820585824,0
-62.439310676146604,0
-64.29566963918822,0
-70.12438737968142,0
-68.18527423615754,0
-64.43813735737167,0
-62.34010468646379,0
-72.39171405353994,0
-67.27715439845538,0
-71.36986264834788,0
-58.941252613041634,0
-59.292331132723845,0
-72.39171405353994,0
-65.14826714141218,0
-62.82815038568002,0
-59.292331132723845,0
-68.6262754801553,0
-70.11963487048337,0
-59.292331132723845,0
-72.39171405353994,0
-72.39171405353994,0
-59.176492046736584,0
-69.83172327404876,0
-72.39171405353994,0
-38.03562173384671,0
-71.88168672861764,0
-65.06020578680611,0
-62.32470159786613,0
-72.39171405353994,0
-70.69167209771145,0
-59.292331132723845,0
-66.99530867192394,0
-67.31883596229379,0
-68.94526448555388,0
-66.2705551321552,0
-66.79114696118356,0
-63.61489119922501,0
-67.968679174991,0
-61.892477914690765,0
-67.94435717139456,0
-72.39171405353994,0
-63.294759358734694,0
-62.79308006189997,0
-66.00977616669222,0
-70.13094848617027,0
-58.12575007698382,0
-64.60396355578474,0
-61.81237937626147,0
-59.292331132723845,0
-64.45675549698987,0
-72.39171405353994,0
-53.447223640714434,0
-67.72027389910333,0
-69.1299313868023,0
-69.1299313868023,0
-65.95490446434333,0
-69.10579462935293,0
-67.86893893283465,0
-72.5676107851648,0
-60.5066636021663,0
-55.910727671675865,0
-57.10773598284664,0
-72.39171405353994,0
-68.37755564827364,0
-59.292331132723845,0
-67.46924808411194,0
-59.265837032831435,0
-72.39171405353994,0
-65.70233732091204,0
-60.97841942037897,0
-67.44497661207077,0
-72.5676107851648,0
-59.292331132723845,0
-68.2718782544495,0
-67.94885878671352,0
-72.39171405353994,0
-72.39171405353994,0
-67.44425886098132,0
-61.92426089539868,0
-69.63411495914357,0
-72.39171405353994,0
-72.39171405353994,0
-59.292331132723845,0
-72.39171405353994,0
-58.941252613041634,0
-71.62566122968138,0
-70.8299733426308,0
-68.56336736077691,0
-72.39171405353994,0
-64.9813554559498,0
-77.76492941959225,0
-66.6062647699102,0
-67.31998865117178,0
-70.22471740706956,0
-45.57048708855974,0
-72.47909589406197,0
-59.292331132723845,0
-40.94584959144466,0
-61.99422584524826,0
-66.78438256109501,0
-72.58078410649921,0
-66.00487765323922,0
-67.28267276583077,0
-66.7276061304816,0
-69.3227009184069,0
-70.10404507764068,0
-70.14920359679454,0
-66.9613590172828,0
-67.5040333211581,0
-68.87193434705856,0
-67.968679174991,0
-59.292331132723845,0
-55.040869415143455,0
-66.63478897429651,0
-63.400535754273626,0
-43.686821545765945,0
-69.13506402294341,0
-63.34024138951452,0
-69.39705006152352,0
-66.59864023635264,0
-49.75873121142717,0
-68.44342531285308,0
-64.2959157315826,0
-72.39171405353994,0
-68.33783359763514,0
-62.66783597733609,0
-67.04653904354035,0
-66.05993022276951,0
-72.39171405353994,0
-68.71832106547683,0
-29.186871891173634,0
-72.47909589406197,0
-66.42437975763666,0
-56.80757708988243,0
-72.39171405353994,0
-64.55881966996056,0
-70.19132894326319,0
-70.21485206019105,0
-60.62938001760833,0
-74.37531718363545,0
-70.8299733426308,0
-68.73612260858388,0
-49.74106314352078,0
-66.46532162760255,0
-59.292331132723845,0
-67.94515605806313,0
-62.78120265404202,0
-58.44770500044418,0
-70.5528896359787,0
-72.39171405353994,0
-70.48145054371034,0
-70.11629740202551,0
-74.38784842034259,0
-68.01363026931905,0
-70.1857821683488,0
-72.05253648408348,0
-69.50472776245938,0
-68.85760403276419,0
-72.39171405353994,0
-59.20925143808508,0
-73.98023820585824,0
-61.328358369202725,0
-42.74531381031961,0
-70.22766043254023,0
-59.292331132723845,0
-63.80240203124565,0
-74.38051537597732,0
-67.86856401630777,0
-72.39171405353994,0
-51.22087424828446,0
-72.39171405353994,0
-62.77425956940304,0
-66.62250189037175,0
-68.93703799742565,0
-68.29028189416215,0
-64.30382858849507,0
-53.49562318125404,0
-72.5676107851648,0
-66.59693525145869,0
-62.34010468646379,0
-70.8299733426308,0
-66.26724219380925,0
-70.8299733426308,0
-59.292331132723845,0
-74.34696922799941,0
-65.1614066655967,0
-67.8605380772475,0
-70.8299733426308,0
-60.99907885341551,0
-65.05939023419226,0
-54.560336634011946,0
-41.951083919290504,0
-51.820980519746676,0
-72.39171405353994,0
-74.47636331144545,0
-72.47909589406197,0
-63.11366737348763,0
-74.26863385684013,0
-65.3822422883179,0
-64.50091330195352,0
-66.68783465301165,0
-71.00587007425565,0
-58.49791301426816,0
-66.28606268630618,0
-63.23004980697006,0
-71.82622698262117,0
-63.31185455978233,0
-64.49991337294348,0
-70.82402292402385,0
-67.93759277130602,0
-68.50667265739936,0
-67.62878907500603,0
-70.14800512656836,0
-70.13095554779352,0
-47.167396489653804,0
-61.827941259997296,0
-68.59272510883493,0
-61.890714747420766,0
-68.56028179381144,0
-72.39171405353994,0
-66.12567007581328,0
-71.55589972585301,0
-48.81458272598786,0
-69.70429875105825,0
-72.47909589406197,0
-67.18777634597345,0
-32.567654652321046,0
-55.597147792444254,0
-72.39171405353994,0
-72.39171405353994,0
-64.81316317496706,0
-66.96721397217456,0
-70.16238200877177,0
-72.39171405353994,0
-43.01532263634872,0
-59.292331132723845,0
-72.39171405353994,0
-67.83530935061437,0
-72.39171405353994,0
-70.1174137817757,0
-23.739822131854545,0
-72.39171405353994,0
-72.72245502966679,0
-71.06646847336853,0
-44.20187944146438,0
-72.39171405353994,0
-71.90110511224228,0
-64.55476530110295,0
-67.97387736733288,0
-72.39171405353994,0
-70.6069369411492,0
-67.19493354126634,0
-72.92177466028161,0
-66.65906382121219,0
-59.292331132723845,0
-61.228080742229736,0
-72.39171405353994,0
-72.39171405353994,0
-70.51577536608656,0
-71.22083886074769,0
-67.92776407233058,0
-55.43183582173194,0
-70.14001913938853,0
-68.84215371812562,0
-72.47909589406197,0
-72.39171405353994,0
-68.55917896085701,0
-68.12977771818882,0
-66.93058225723118,0
-65.96978100234888,0
-70.16758020111365,0
-72.96788795528389,0
-63.21840749990555,0
-74.29076390868804,0
-58.39119040353001,0
-62.84985649251338,0
-70.5943476315928,0
-68.9318064869995,0
-72.83325976917875,0
-48.33837136600527,0
-73.98023820585824,0
-65.93163071553943,0
-64.20559896208928,0
-58.721614626492055,0
-72.39171405353994,0
-68.2552115703821,0
-54.41836376675501,0
-59.292331132723845,0
-65.37607274742888,0
-71.86502239918815,0
-70.16758020111365,0
-71.92144417232885,0
-68.90182077024255,0
-68.71259260792888,0
-63.03753344526078,0
-34.99479075245312,0
-72.39171405353994,0
-69.04362636485733,0
-66.98364630285985,0
-72.39171405353994,0
-58.16140137625308,0
-68.86772963323247,0
-49.95511254885431,0
-69.64255702343087,0
-68.92152511534098,0
-58.630130642914985,0
-72.39171405353994,0
-55.43304957409428,0
-17.06300166184827,0
-65.00666342413246,0
-69.9638988269681,0
-72.5676107851648,0
-70.20416023632393,0
-66.99366778672126,0
-69.50472776245938,0
-68.24567053229715,0
-37.48113159259942,0
-70.016646566288,0
-60.09858369526061,0
-71.92144417232885,0
-65.8475773633166,0
-69.50472776245938,0
-64.87926888585095,0
-69.68032640610878,0
-46.15277309305358,0
-68.24333416252415,0
-70.85230373638731,0
-69.08448854374706,0
-66.68553507575501,0
-69.64255702343087,0
-71.85956490716057,0
-72.39171405353994,0
-72.39171405353994,0
-70.15748403979623,0
-61.620726396570404,0
-59.292331132723845,0
-72.39171405353994,0
-72.39171405353994,0
-70.56395491957716,0
-64.65066222811905,0
-67.92776407233058,0
-63.28268968327097,0
-61.88797629937181,0
-67.04551593857363,0
-72.78631203754078,0
-67.94515605806313,0
-67.87755773193149,0
-64.96770787390112,0
-59.292331132723845,0
-23.05176517481353,0
-72.47909589406197,0
-70.8299733426308,0
-71.86959602047648,0
-61.892477914690765,0
-65.11942527356679,0
-70.43242759298084,0
-57.86978589480261,0
-59.292331132723845,0
-66.90692386705922,0
-71.37662704843642,0
-72.07755506470286,0
-23.05176517481353,0
-67.665953189079,0
-67.4024250028294,0
-51.10169987002843,0
-52.03266999885455,0
-70.51577536608656,0
-70.18063711939604,0
-70.18063711939604,0
-65.32931087050757,0
-62.090041364520296,0
-71.06646847336853,0
-66.86869520072425,0
-65.3854262418234,0
-62.88094289619839,0
-65.16027141197983,0
-66.59426297850335,0
-60.5273757133626,0
-63.385528060622526,0
-70.1757391504205,0
-57.59514116241927,0
-65.30867493901364,0
-70.12413648580232,0
-61.87728447550467,0
-66.76898900022877,0
-72.39171405353994,0
-64.649604277485,0
-60.675195493449486,0
-61.92426089539868,0
-68.64248336259298,0
-74.27520202495222,0
-70.51577536608656,0
-62.34010468646379,0
-68.92688788123476,0
-69.07140395239237,0
-70.17983823272746,0
-72.39171405353994,0
-63.343989665315675,0
-72.5481993758281,0
-60.9559812847901,0
-72.88947801278837,0
-59.292331132723845,0
-54.152605580489194,0
-72.39171405353994,0
-74.39083139267194,0
-64.34744311358459,0
-72.39171405353994,0
-70.56395491957716,0
-72.47909589406197,0
-53.67005658448412,0
-29.186871891173634,0
-67.88412590004359,0
-71.82622698262117,0
-61.83119986875841,0
-72.39171405353994,0
-45.193752084547285,0
-66.45096454600271,0
-72.5676107851648,0
-72.39171405353994,0
-60.133134125175495,0
-71.88643034486526,0
-72.39171405353994,0
-70.51577536608656,0
-68.38298194220562,0
-38.32144988853619,0
-68.90738740713417,0
-72.39171405353994,0
-67.17108882611463,0
-61.866270192538444,0
-72.39171405353994,0
-68.72256933352577,0
-59.292331132723845,0
-67.04583670842402,0
-72.39171405353994,0
-69.60102902528143,0
-70.10894304661622,0
-72.39171405353994,0
-70.60315720660859,0
-58.71433471069249,0
-64.25259436842661,0
-70.6427066836284,0
-70.12087856187003,0
-66.14448349771692,0
-68.27414103921909,0
-70.51577536608656,0
-61.900737778470805,0
-64.14326762825415,0
-73.15737594731395,0
-67.49842295143834,0
-58.941252613041634,0
-42.25539531529281,0
-43.012360697894586,0
-72.39171405353994,0
-72.39171405353994,0
-59.292331132723845,0
-64.57677139236658,0
-44.267859730731175,0
-65.95585344793083,0
-64.34294149826563,0
-61.81932246090046,0
-67.94515605806313,0
-56.31268034229457,0
-72.47909589406197,0
-70.12438737968142,0
-69.3119625939852,0
-72.39171405353994,0
-70.16782629350803,0
-56.18852312415604,0
-68.90166859678797,0
-43.12438661049065,0
-60.823559286069866,0
-71.98123542930148,0
-58.941252613041634,0
-49.69005441511738,0
-67.94033121935496,0
-65.06136105543257,0
-68.11930913471788,0
-70.8299733426308,0
-72.85584994725316,0
-52.28427515675757,0
-70.8299733426308,0
-68.68319753625015,0
-67.34134038659552,0
-70.00851018883307,0
-56.28030219703362,0
-48.01179646159025,0
-65.5583287029484,0
-66.47534465865259,0
-51.11698755182291,0
-61.694256766887605,0
-65.28966549542588,0
-69.83897590943141,0
-70.10894304661622,0
-72.39171405353994,0
-59.292331132723845,0
-63.659996171578584,0
-72.47909589406197,0
-72.47909589406197,0
-67.2366632658322,0
-61.02065945802526,0
-66.6614137237761,0
-66.24044682745647,0
-67.02542453041201,0
-74.52315208828928,0
-66.12605545016623,0
-76.07114567980364,0
-68.21560810819086,0
-71.00587007425565,0
-62.022757776300246,0
-59.292331132723845,0
-69.43388892152,0
-72.39171405353994,0
-60.689014211407276,0
-60.33899706756166,0
-72.39171405353994,0
-66.30682330539862,0
-55.86098753805451,0
-59.292331132723845,0
-70.18175349914623,0
-67.93209913978072,0
-61.900737778470805,0
-69.66450767115919,0
-70.21485206019105,0
-65.34251797074084,0
-71.00587007425565,0
-61.073949044274016,0
-63.25434172763491,0
-72.39171405353994,0
-72.2670430567329,0
-63.61489119922501,0
-70.9103733500874,0
-59.87264184410801,0
-37.43460661895959,0
-74.35549679535796,0
-63.48323549537453,0
-59.292331132723845,0
-43.82711801600066,0
-70.60315720660859,0
-72.39171405353994,0
-64.57229905789401,0
-59.292331132723845,0
-64.99881967614974,0
-65.12216372161573,0
-70.09307140775053,0
-63.57716936105787,0
-61.26640967477087,0
-67.72888101098745,0
-68.15929791412717,0
-66.35967613833809,0
-72.39171405353994,0
-40.56772671440422,0
-68.2718782544495,0
-72.39171405353994,0
-70.44693748646714,0
-66.02743710597731,0
-62.8574197792705,0
-65.26840603974263,0
-67.83530935061437,0
-67.79579396798094,0
-69.05197555800237,0
-68.69047381092093,0
-70.8299733426308,0
-34.8859539243446,0
-66.3598431029432,0
-65.95556081845864,0
-60.382114248838704,0
-68.23890626598113,0
-72.4363896016173,0
-60.01477605996738,0
-65.97499587250498,0
-72.39171405353994,0
-62.86112250792088,0
-68.5992135005418,0
-66.39817203548434,0
-62.34010468646379,0
-72.39171405353994,0
-72.39171405353994,0
-70.61939434040256,0
-67.25373579116793,0
-66.87279647079248,0
-68.80174229641199,0
-70.16324513366351,0
-72.39171405353994,0
-71.84509612357039,0
-64.38011519855841,0
-66.62609169897132,0
-63.19859741364712,0
-66.0744155629516,0
-68.87260643097667,0
-70.16424843988477,0
-64.31941838133775,0
-59.292331132723845,0
-65.30529390547724,0
-67.18032935037176,0
-55.87554100339,0
-68.69534387078963,0
-59.292331132723845,0
-62.40517261684141,0
-65.41992463440167,0
-64.32073604315121,0
-70.81816053603238,0
-67.94515605806313,0
-55.871205935939855,0
-58.67755542525649,0
-72.39171405353994,0
-68.23639107788517,0
-70.8299733426308,0
-68.7749991767615,0
-64.17301091971889,0
-59.292331132723845,0
-67.968679174991,0
-67.03381730752427,0
-62.15145574515565,0
-66.62756658917364,0
-68.70433962787598,0
-70.69167209771145,0
-68.53133069684138,0
-70.15231208447153,0
-68.31198800099551,0
-70.66215289682647,0
-42.8928838283965,0
-53.42042057079841,0
-65.35710120689889,0
-61.89474069946035,0
-64.5592669164219,0
-68.8973191549236,0
-73.98023820585824,0
-64.81316317496706,0
-69.1299313868023,0
-70.10441999416756,0
-67.92776407233058,0
-70.16782629350803,0
-63.0788934271897,0
-72.04803486876452,0
-60.397628457875186,0
-64.26778780761272,0
-61.83450942810939,0
-59.292331132723845,0
-73.98023820585824,0
-72.39171405353994,0
-59.292331132723845,0
-68.02372643063644,0
-64.32078353731086,0
-74.28745434933705,0
-69.25036543846167,0
-68.12925963703877,0
-68.27864265453805,0
-66.89906048930814,0
-72.39171405353994,0
-64.56247631728236,0
-64.48414722482495,0
-71.87966594477672,0
-74.34873239526942,0
-71.84509612357039,0
-62.84985649251338,0
-67.86893893283465,0
-73.98023820585824,0
-62.97964654477207,0
-65.29251325506046,0
-72.39171405353994,0
-65.0519565692937,0
-74.29076390868804,0
-68.40794836028928,0
-36.878989303686524,0
-74.35549679535796,0
-46.4930943769109,0
-72.39171405353994,0
-69.63411495914357,0
-63.41956120947968,0
-59.292331132723845,0
-64.89251805094965,0
-70.8299733426308,0
-66.99739338390697,0
-59.84306711661431,0
-67.72140439076664,0
-71.4788607004549,0
-39.60589001211441,0
-69.1299313868023,0
-72.39171405353994,0
-72.47909589406197,0
-69.55726080805634,0
-65.42393570989506,0
-72.10429951840486,0
-70.69167209771145,0
-71.86501486063196,0
-66.69642969023562,0
-72.04803486876452,0
-68.98704271310604,0
-68.24333416252415,0
-64.45791377412223,0
-72.39171405353994,0
-69.69898633512776,0
-70.19132894326319,0
-67.94209438662497,0
-71.3582914109478,0
-62.8574197792705,0
-70.20416023632393,0
-66.9236391725922,0
-72.39171405353994,0
-72.39171405353994,0
-70.14654534063621,0
-64.44785033855027,0
-64.72482909939225,0
-54.2332011340141,0
-67.95035425040498,0
-72.39171405353994,0
-66.82376365719175,0
-68.67929971583763,0
-61.89924231477931,0
-49.723150230448574,0
-59.292331132723845,0
-63.312020863170794,0
-43.67833875268085,0
-72.87813648799462,0
-57.8765961415143,0
-64.30566488603245,0
-63.251603279585964,0
-72.39171405353994,0
-54.11753525670916,0
-59.292331132723845,0
-61.02693368223434,0
-67.94033121935496,0
-75.72873547206297,0
-67.39277892225083,0
-65.25317938288418,0
-65.76175447698132,0
-62.440386677777056,0
-49.19246954060794,0
-58.27249399122398,0
-70.51577536608656,0
-68.78705417170173,0
-58.57566113973387,0
-62.88848269041504,0
-72.39171405353994,0
-61.88797629937181,0
-71.06646847336853,0
-72.39171405353994,0
-68.7284242884175,0
-65.84832919812457,0
-70.60315720660859,0
-72.86616596394778,0
-68.27864265453805,0
-64.52080334591727,0
-63.978790735608506,0
-67.08127765870316,0
-64.93777498298329,0
-68.95403465517741,0
-55.040869415143455,0
-70.19132894326319,0
-59.51338409635053,0
-64.38628920551929,0
-70.09747690952858,0
-68.32325401640301,0
-62.32470159786613,0
-68.18897696480792,0
-60.050045008409704,0
-72.39171405353994,0
-61.2138405223844,0
-59.292331132723845,0
-61.57673605530554,0
-67.92989388599099,0
-65.81037003827254,0
-64.6890256234592,0
-70.18583531173789,0
-66.95066719341565,0
-70.8299733426308,0
-72.39171405353994,0
-72.39171405353994,0
-72.47909589406197,0
-72.31962878838084,0
-67.86199584819568,0
-70.8870003667106,0
-59.292331132723845,0
-72.39171405353994,0
-69.50472776245938,0
-70.8299733426308,0
-72.39171405353994,0
-68.84546327747663,0
-72.0488337554331,0
-71.55720420410233,0
-67.03541135231981,0
-70.60315720660859,0
-72.39171405353994,0
-64.46004845791089,0
-65.17117632655612,0
-66.0016190444781,0
-75.46196910831779,0
-67.23246549918107,0
-72.39171405353994,0
-38.47155124518877,0
-70.51577536608656,0
-65.96581415207945,0
-25.336672002787807,0
-72.39171405353994,0
-70.86119151382046,0
-68.09542050341626,0
-67.53278891481389,0
-62.654866476429895,0
-68.21999876026777,0
-38.50638480917857,0
-72.47909589406197,0
-66.21614271221311,0
-70.89819237331979,0
-70.17983823272746,0
-64.28557347787081,0
-28.03485144477466,0
-59.292331132723845,0
-70.59545233657659,0
-72.39171405353994,0
-67.91588666447262,0
-59.292331132723845,0
-72.5676107851648,0
-67.55183701451863,0
-65.9293491961639,0
-62.79638962125098,0
-59.292331132723845,0
-68.49199842856018,0
-70.8299733426308,0
-72.5676107851648,0
-62.97964654477207,0
-70.54286660492865,0
-65.74727562638013,0
-71.56092834301145,0
-67.52211193693635,0
-39.21227409990118,0
-67.86199584819568,0
-48.14793004467354,0
-59.658605432468754,0
-70.28335541266124,0
-43.095234845624844,0
-41.143373069453645,0
-72.39171405353994,0
-66.84843680624247,0
-67.91588666447262,0
-72.39171405353994,0
-72.39171405353994,0
-67.3112406365944,0
-61.827941259997296,0
-72.39171405353994,0
-70.15292911696889,0
-60.56513514362706,0
-46.9898539381206,0
-55.820999595540755,0
-65.0977191667334,0
-70.15091587168413,0
-66.68783465301165,0
-37.014273227075314,0
-62.77832607483511,0
-55.45046316938242,0
-60.66066625577121,0
-64.86087587945752,0
-72.85435448356169,0
-72.39171405353994,0
-72.39171405353994,0
-72.39171405353994,0
-66.77423309226921,0
-61.890714747420766,0
-72.39171405353994,0
-68.48289929575634,0
-70.46453123376936,0
-65.51883158421829,0
-47.37466907778634,0
-72.39171405353994,0
-66.05408430947192,0
-61.827941259997296,0
-69.69898633512776,0
-64.67064824557029,0
-55.133228324730354,0
-61.89924231477931,0
-63.933632464150584,0
-68.73322094920937,0
-61.66839323733212,0
-64.75230110013474,0
-57.10773598284664,0
-69.19052978591517,0
-63.13933911148508,0
-67.94435717139456,0
-70.16782629350803,0
-67.94435717139456,0
-69.25818790133162,0
-67.33326150666723,0
-72.39171405353994,0
-70.8299733426308,0
-41.93796020828443,0
-68.76318485999442,0
-71.89998873249212,0
-60.392392539906595,0
-40.922683474340765,0
-70.54689255696825,0
-38.34805857242953,0
-20.583123380648217,0
-64.31499762239206,0
-72.39171405353994,0
-71.87966594477672,0
-60.26620054908815,0
-72.39171405353994,0
-64.33222675368694,0
-65.34251797074084,0
-59.292331132723845,0
-67.9972832644172,0
-61.751056493076234,0
-68.25670058266317,0
-51.04358871077386,0
-62.34010468646379,0
-64.98621634195882,0
-66.32282467200707,0
-67.95288631104174,0
-64.81316317496706,0
-61.93759465052668,0
-61.89553958612894,0
-69.87628362330872,0
-62.97964654477207,0
-56.99643025560907,0
-70.51842205004634,0
-67.9342305672451,0
-64.24783044069481,0
-69.66450767115919,0
-72.5676107851648,0
-72.39171405353994,0
-59.292331132723845,0
-61.9946360229119,0
-67.75645859217879,0
-61.83119986875841,0
-70.1757391504205,0
-63.1439255786501,0
-70.60315720660859,0
-68.42903756854335,0
-63.312020863170794,0
-64.8309349710968,0
-70.10835252474178,0
-72.47505649258562,0
-67.03032249938755,0
-75.46196910831779,0
-43.94602561911914,0
-70.54255880749571,0
-72.47909589406197,0
-55.597147792444254,0
-73.28138065590659,0
-65.6223137744562,0
-71.87071240022667,0
-63.040869467535344,0
-39.359192957103744,0
-71.3582914109478,0
-70.15091587168413,0
-62.32470159786613,0
-39.5378475660935,0
-72.39171405353994,0
-61.705299821223335,0
-67.01880886814027,0
-60.34124752058957,0
-68.99735872980065,0
-56.89298813483137,0
-57.10773598284664,0
-60.09858369526061,0
-72.39171405353994,0
-68.90863983223377,0
-72.4184974949491,0
-74.04934168762438,0
-62.32470159786613,0
-71.00587007425565,0
-67.8099192818695,0
-59.292331132723845,0
-68.31198800099551,0
-69.1299313868023,0
-72.39171405353994,0
-66.9613590172828,0
-65.28331785058853,0
-64.55439483117172,0
-68.57931099820179,0
-56.06029371848442,0
-74.34873239526942,0
-60.83012353565255,0
-68.99787358207517,0
-67.49080434336457,0
-72.39171405353994,0
-70.1408459473839,0
-33.78516164794783,0
-43.16873271584187,0
-74.28419574057594,0
-72.39171405353994,0
-68.06297827872578,0
-56.18852312415604,0
-72.85600643614669,0
-71.62715669337285,0
-66.10230162924992,0
-61.31607311239826,0
-62.44367687491623,0
-39.39510766178137,0
-70.51577536608656,0
-64.93777498298329,0
-67.62878907500603,0
-55.198481995416294,0
-73.98023820585824,0
-59.17425046140598,0
-68.04928356121651,0
-61.878147600396396,0
-68.1822074968893,0
-70.8299733426308,0
-51.75692098282057,0
-66.38711807580437,0
-69.66450767115919,0
-48.98505777112988,0
-46.03136383732283,0
-66.40693846408185,0
-59.39047098731751,0
-68.55928162291701,0
-64.81316317496706,0
-68.4681601798575,0
-64.81316317496706,0
-62.34010468646379,0
-65.51307871871664,0
-63.017998650594706,0
-72.39171405353994,0
-64.99968038053582,0
-72.39171405353994,0
-68.29846304281553,0
-64.81316317496706,0
-30.90245289536058,0
-72.84274134923767,0
-59.292331132723845,0
-61.86400392748556,0
-40.20728887166421,0
-65.8758241374448,0
-59.6766524963019,0
-54.71489262210763,0
-61.91906270305682,0
-74.35179406670758,0
-72.39171405353994,0
-69.48678966479046,0
-67.83530935061437,0
-42.66697843916032,0
-49.29365175182465,0
-57.52133665230605,0
-70.48529363470755,0
-48.562274788901114,0
-72.07755506470286,0
-65.55764905612891,0
-68.12751493341923,0
-72.12301173773287,0
-72.39171405353994,0
-72.81086058289917,0
-61.01047511453187,0
-72.39171405353994,0
-61.065950541025984,0
-59.292331132723845,0
-68.22315443468526,0
-42.8928838283965,0
-67.95288631104174,0
-72.39171405353994,0
-72.39171405353994,0
-66.16593637181401,0
-72.84582691620314,0
-68.22646661103896,0
-73.98023820585824,0
-72.39171405353994,0
-66.37186643714615,0
-70.15091587168413,0
-72.5676107851648,0
-72.39171405353994,0
-67.75704558953535,0
-61.89924231477931,0
-67.0767760433842,0
-40.993303495345714,0
-70.8299733426308,0
-69.90429965665696,0
-73.76818536852917,0
-70.51577536608656,0
-70.8299733426308,0
-70.8299733426308,0
-72.47909589406197,0
-48.562274788901114,0
-76.07114567980364,0
-59.292331132723845,0
-72.04400891672492,0
-67.94515605806313,0
-68.00404766450575,0
-62.8574197792705,0
-48.97581750255709,0
-68.90166859678797,0
-33.6578343425527,0
-62.49940220968063,0
-68.59272510883493,0
-61.89553958612894,0
-70.12450493035203,0
-57.26656620428927,0
-65.07003448578152,0
-72.39171405353994,0
-74.38051537597732,0
-72.39171405353994,0
-72.39171405353994,0
-59.292331132723845,0
-72.39171405353994,0
-63.312020863170794,0
-60.85972053772378,0
-69.64439973522644,0
-66.741816934201,0
-61.89924231477931,0
-65.12693907966435,0
-53.447223640714434,0
-70.10404507764068,0
-65.8363065740576,0
-29.106402272006065,0
-71.26492339546095,0
-68.21999876026777,0
-68.25852112973311,0
-73.98023820585824,0
-67.97387736733288,0
-42.41378357508387,0
-66.94579713354699,0
-72.39171405353994,0
-70.74260586182868,0
-65.30897182276293,0
-70.1858822049881,0
-56.3799767695225,0
-70.54075470527647,0
-70.1691709823084,0
-72.84759008347315,0
-71.97261663020461,0
-64.94326331901881,0
-70.64728030491673,0
-67.23714613919445,0
-68.92688788123476,0
-55.133228324730354,0
-64.26804989075407,0
-65.3483755361346,0
-72.36233382561673,0
-69.79165326126653,0
-57.53569897781923,0
-67.22531346079258,0
-70.1727267137224,0
-64.17088459673003,0
-68.66178205201685,0
-59.292331132723845,0
-72.39171405353994,0
-72.39171405353994,0
-67.47164521212167,0
-66.75665248323241,0
-72.07235687236098,0
-70.23154432884105,0
-68.71778489670885,0
-64.72020013783144,0
-72.84759008347315,0
-72.39171405353994,0
-67.78856898370583,0
-59.47445828744049,0
-61.89924231477931,0
-66.75406925858583,0
-72.87417487183917,0
-71.00795709083695,0
-53.447223640714434,0
-59.292331132723845,0
-72.39171405353994,0
-64.40772201053521,0
-72.39171405353994,0
-70.8299733426308,0
-66.72314737650584,0
-42.40701097413069,0
-66.82211170460674,0
-72.39171405353994,0
-56.333931736236885,0
-64.789177477235,0
-68.68387773370199,0
-62.34010468646379,0
-66.78920494626436,0
-68.83889510936453,0
-72.39171405353994,0
-72.5676107851648,0
-65.24619833533946,0
-71.46154745114576,0
-59.57237442812668,0
-68.85099691752745,0
-72.7257136384279,0
-34.16830860321629,0
-70.8299733426308,0
-70.51577536608656,0
-60.500582128802165,0
-66.71013754354036,0
-72.39171405353994,0
-66.37859050844581,0
-53.447223640714434,0
-42.03207327431681,0
-72.39171405353994,0
-72.39171405353994,0
-51.81825531167752,0
-36.15035372064972,0
-59.292331132723845,0
-61.827941259997296,0
-62.97964654477207,0
-64.34744311358459,0
-66.60176009016686,0
-67.86893893283465,0
-72.5676107851648,0
-59.48726374730295,0
-64.40670138353131,0
-68.11952480573983,0
-72.93836775934557,0
-73.98023820585824,0
-70.51577536608656,0
-62.86112250792088,0
-67.53174621333045,0
-69.50472776245938,0
-72.39171405353994,0
-70.8299733426308,0
-43.68496420096844,0
-60.84656518904238,0
-70.14741411549599,0
-46.82040998919397,0
-61.28811578160423,0
-72.39171405353994,0
-67.86199584819568,0
-62.99231998954653,0
-67.94885878671352,0
-57.95554343199936,0
-70.44775154707754,0
-59.292331132723845,0
-69.39751227536615,0
-67.91588666447262,0
-43.9972001205056,0
-72.39171405353994,0
-70.2551101190852,0
-67.86856401630777,0
-66.71550987768084,0
-68.24980582302095,0
-70.8299733426308,0
-73.98023820585824,0
-70.19269409923629,0
-67.73594258957425,0
-56.37927096962632,0
-66.33301041794418,0
-53.20470264588088,0
-64.31242928612099,0
-68.18044939744937,0
-70.13519675421918,0
-61.878147600396396,0
-61.890714747420766,0
-61.83450942810939,0
-68.5389228058946,0
-61.70830179169511,0
-67.92776407233058,0
-65.5216497626614,0
-64.23703248469079,0
-67.86893893283465,0
-70.1961513284325,0
-69.63411495914357,0
-72.39171405353994,0
-67.97387736733288,0
-71.43046104746075,0
-68.06018058840186,0
-69.61217184997142,0
-40.20728887166421,0
-69.76033098752845,0
-66.99045784593345,0
-41.43220276123396,0
-64.81316317496706,0
-69.50472776245938,0
-70.91735518315282,0
-62.414327369517956,0
-64.38807868681782,0
-67.86856401630777,0
-55.39135671961333,0
-66.34419829924728,0
-72.39171405353994,0
-68.85760403276419,0
-65.36549726772135,0
-64.96947104117113,0
-70.1743446012022,0
-72.39171405353994,0
-72.39171405353994,0
-70.8299733426308,0
-70.69167209771145,0
-61.92760963651987,0
-59.292331132723845,0
-62.845929068734776,0
-66.06040922821818,0
-48.618533526868276,0
-63.054908296037425,0
-58.26239305035533,0
-59.292331132723845,0
-57.60588185767732,0
-63.725099443967906,0
-72.39171405353994,0
-68.71738428107378,0
-33.676351549351004,0
-65.30111405305978,0
-71.36003394937246,0
-72.78305342877967,0
-68.39461563341581,0
-55.40256376482193,0
-60.02330362732592,0
-64.62988346752559,0
-66.18571733525481,0
-68.63636957913849,0
-64.6506344290533,0
-70.11629740202551,0
-52.662066846639746,0
-72.39171405353994,0
-37.12142363365489,0
-69.02635320862684,0
-72.39171405353994,0
-64.0681363503042,0
-59.292331132723845,0
-60.02330362732592,0
-70.15751027681341,0
-67.8144534705012,0
-67.51229315401471,0
-70.60315720660859,0
-70.12001730256615,0
-70.16324513366351,0
-65.20924358561058,0
-60.018802012006965,0
-68.95403465517741,0
-62.84305896150501,0
-65.00138064731016,0
-70.5943476315928,0
-72.39171405353994,0
-59.46598287950193,0
-65.39693079032286,0
-70.51577536608656,0
-65.58160507164175,0
-72.39171405353994,0
-67.94209438662497,0
-72.47909589406197,0
-72.39171405353994,0
-70.21485206019105,0
-67.9287263891228,0
-72.39171405353994,0
-71.98780359741357,0
-64.89702972368806,0
-70.1408459473839,0
-59.93367200212756,0
-68.84311775079046,0
-66.7131243454558,0
-71.82622698262117,0
-69.90462584925359,0
-64.81316317496706,0
-60.90488905006177,0
-63.06178008673403,0
-43.61412445696494,0
-72.39171405353994,0
-69.66450767115919,0
-72.39171405353994,0
-72.39171405353994,0
-67.42010380985501,0
-70.13626478753937,0
-59.292331132723845,0
-72.39171405353994,0
-66.6877978605246,0
-63.61489119922501,0
-72.39171405353994,0
-72.39171405353994,0
-70.18466061789681,0
-70.55333271434323,0
-68.56649082028446,0
-60.25758174999131,0
-67.86856401630777,0
-70.8299733426308,0
-67.75704558953535,0
-59.292331132723845,0
-67.94033121935496,0
-70.19269409923629,0
-70.69167209771145,0
-65.37870025314668,0
-70.38600017655564,0
-64.81316317496706,0
-62.39827108548792,0
-62.34010468646379,0
-74.34423077995046,0
-69.3114349029994,0
-66.43890923208781,0
-66.81840897595639,0
-72.39171405353994,0
-74.28745434933705,0
-72.39171405353994,0
-72.49937849618209,0
-52.17908876925813,0
-72.04577208399493,0
-70.13771288625881,0
-67.63723704822776,0
-72.39171405353994,0
-61.92426089539868,0
-59.292331132723845,0
-72.39171405353994,0
-64.01768927242202,0
-70.13585351676906,0
-72.5676107851648,0
-69.50472776245938,0
-65.84546570331327,0
-65.30750414327726,0
-70.16424843988477,0
-28.24507198206764,0
-64.27550677047591,0
-49.723150230448574,0
-64.50667777303202,0
-67.56230911075221,0
-61.28673867451253,0
-69.80721514500237,0
-72.47909589406197,0
-67.91588666447262,0
-65.38975897862784,0
-69.50472776245938,0
-55.43304957409428,0
-72.47909589406197,0
-59.292331132723845,0
-46.9699505298443,0
-61.818947544373565,0
-72.39171405353994,0
-68.82990139374078,0
-41.81447515919637,0
-66.59749718052187,0
-72.39171405353994,0
-72.39171405353994,0
-64.89116624244775,0
-73.98023820585824,0
-67.87573151643358,0
-66.78045513731641,0
-67.1829539608041,0
-34.427737219325685,0
-66.9838425348363,0
-62.86261797161238,0
-65.32544920001033,0
-67.08751673864225,0
-62.85435810783234,0
-51.44239765048516,0
-76.07114567980364,0
-69.63411495914357,0
-64.42321493806972,0
-65.8338931552004,0
-76.05833730745445,0
-72.39171405353994,0
-49.25468805409958,0
-73.59377247228073,0
-65.7535499917656,0
-61.17392614649861,0
-66.97536585985816,0
-72.39171405353994,0
-65.40051109518495,0
-69.2621512149747,0
-71.06646847336853,0
-68.95403465517741,0
-70.8299733426308,0
-69.6919107612272,0
-59.50605637897314,0
-74.35549679535796,0
-68.32474948009451,0
-72.39171405353994,0
-59.292331132723845,0
-66.95711781085714,0
-70.12450493035203,0
-67.88412590004359,0
-45.220975917499096,0
-69.21482856680981,0
-70.09843680038524,0
-59.27774225137823,0
-73.98023820585824,0
-72.94286937466453,0
-64.36338002037535,0
-67.87584728564363,0
-69.20826039869772,0
-68.72363736684596,0
-72.39171405353994,0
-59.292331132723845,0
-74.28419574057594,0
-44.05671499916796,0
-66.42656512268103,0
-67.91193305416309,0
-72.39171405353994,0
-72.39171405353994,0
-70.8299733426308,0
-67.86199584819568,0
-70.15104695595517,0
-54.80162756651923,0
-72.5676107851648,0
-57.343679057741426,0
-62.796769249597524,0
-56.34069613632543,0
-57.52241510392141,0
-70.09726727724593,0
-72.39171405353994,0
-61.23464891034183,0
-64.62501626133464,0
-72.39171405353994,0
-66.6120423073286,0
-35.099549223877844,0
-70.16750552365764,0
-42.8928838283965,0
-72.39171405353994,0
-57.9064627217937,0
-66.9689952187151,0
-56.5860427538351,0
-66.99366778672126,0
-67.93033734700882,0
-67.94209438662497,0
-59.292331132723845,0
-66.66055928490368,0
-64.98048002021918,0
-58.17159777417261,0
-51.880415599082475,0
-72.39171405353994,0
-72.39171405353994,0
-38.57494237895032,0
-39.56471330028636,0
-35.67448566411783,0
-64.34781813663952,0
-70.19926226734839,0
-63.58746783532695,0
-74.85115968710257,0
-70.13585351676906,0
-64.09132836691897,0
-45.22250133340881,0
-72.39171405353994,0
-64.54637868035094,0
-68.87193434705856,0
-65.34192562042062,0
-71.3582914109478,0
-66.30324540685913,0
-66.09080111341792,0
-74.28419574057594,0
-54.820126529453965,0
-67.88415380915043,0
-62.7900604430307,0
-66.53035469996165,0
-67.92376917889672,0
-74.2755769414791,0
-70.47147431840834,0
-63.27312748797481,0
-72.5676107851648,0
-66.97909138003251,0
-59.292331132723845,0
-67.70554987755861,0
-29.573645073489498,0
-48.47071792511369,0
-72.4184974949491,0
-64.96144086775733,0
-69.04141649569944,0
-65.18804952879726,0
-65.81268604009917,0
-72.4184974949491,0
-72.39171405353994,0
-55.93406100041495,0
-67.08758090872479,0
-66.0324454896862,0
-66.66580680357761,0
-72.39171405353994,0
-59.292331132723845,0
-57.68519259356729,0
-69.62711949165289,0
-66.78888417641397,0
-68.95202888564242,0
-67.11668186968095,0
-63.13847676621469,0
-70.8299733426308,0
-69.63411495914357,0
-62.83855734618605,0
-67.53995960666067,0
-72.47909589406197,0
-70.8299733426308,0
-72.39171405353994,0
-59.153426041417056,0
-67.97107554226486,0
-70.09747690952858,0
-66.04953361040343,0
-64.81316317496706,0
-68.21060020851714,0
-72.39171405353994,0
-60.27276871720024,0
-72.39171405353994,0
-65.22200506470956,0
-68.19872280065918,0
-70.11414123895807,0
-63.68049439916821,0
-64.90547660800327,0
-63.568728035256385,0
-61.08536750666231,0
-71.87159056730025,0
-72.47909589406197,0
-66.06165408385263,0
-70.91735518315282,0
-72.92177466028161,0
-66.0016190444781,0
-69.66450767115919,0
-72.39171405353994,0
-68.95403465517741,0
-72.47909589406197,0
-61.818947544373565,0
-70.01263980790381,0
-23.05176517481353,0
-65.12216372161573,0
-73.98023820585824,0
-72.39171405353994,0
-59.292331132723845,0
-73.98023820585824,0
-71.06646847336853,0
-64.75222582226391,0
-72.04127046867598,0
-68.12813729837427,0
-59.292331132723845,0
-68.78705417170173,0
-72.39171405353994,0
-72.39171405353994,0
-62.85435810783234,0
-66.84951784793087,0
-72.39171405353994,0
-64.89042557444375,0
-52.58206609384104,0
-61.02750642912333,0
-73.98023820585824,0
-69.56208564676452,0
-70.8299733426308,0
-70.51577536608656,0
-42.8928838283965,0
-65.99589382574167,0
-66.85728226175598,0
-67.38615147257482,0
-70.54255880749571,0
-62.473526520871054,0
-60.39296911927323,0
-71.96567354556564,0
-72.5676107851648,0
-62.022757776300246,0
-67.03032249938755,0
-67.92776407233058,0
-33.185728777031,0
-72.39171405353994,0
-70.18583531173789,0
-65.38790683866532,0
-66.90612498039064,0
-62.34010468646379,0
-61.05928221565961,0
-70.12438737968142,0
-72.93610497457598,0
-72.5676107851648,0
-62.93534232393951,0
-52.81864167575155,0
-72.47909589406197,0
-63.979405400653896,0
-65.95564842082148,0
-72.39171405353994,0
-70.20416023632393,0
-73.98023820585824,0
-59.292331132723845,0
-61.294880181692776,0
-68.95752251716772,0
-61.88797629937181,0
-59.292331132723845,0
-41.441590144830975,0
-70.10441999416756,0
-68.66831584996615,0
-73.98023820585824,0
-72.39171405353994,0
-64.45822876553332,0
-64.05244529818255,0
-69.4446318589834,0
-59.31865735403865,0
-68.86772963323247,0
-67.06704988768881,0
-69.29512333721556,0
-66.84516737433528,0
-49.10272365150649,0
-70.4800931175052,0
-72.39171405353994,0
-66.7188564484715,0
-67.53052613004431,0
-58.26721129411708,0
-37.531029540484575,0
-66.69161409372126,0
-72.5676107851648,0
-42.143357307262086,0
-72.39171405353994,0
-68.96202413248668,0
-70.16238200877177,0
-70.1408459473839,0
-72.39171405353994,0
-71.853137452774,0
-68.38929261649264,0
-71.88168672861764,0
-60.33073720378162,0
-64.75996729921953,0
-55.12354267966527,0
-63.43051148671768,0
-59.292331132723845,0
-64.31961556236959,0
-62.35235822610526,0
-72.39171405353994,0
-42.81076802275122,0
-74.28745434933705,0
-67.06412760575864,0
-72.96788795528389,0
-59.292331132723845,0
-68.25670058266317,0
-69.55758158194048,0
-62.37269063991002,0
-72.10429951840486,0
-65.30623337471398,0
-70.1727267137224,0
-59.292331132723845,0
-71.3582914109478,0
-70.21485206019105,0
-58.772139581217985,0
-67.97107554226486,0
-70.16758020111365,0
-68.69044590181409,0
-64.81316317496706,0
-59.287570950353654,0
-66.02029370512855,0
-60.33379887521979,0
-72.47909589406197,0
-34.8859539243446,0
-46.72882581213127,0
-59.292331132723845,0
-72.39171405353994,0
-65.9833026295352,0
-70.21485206019105,0
-65.29158229056922,0
-43.159686044645554,0
-71.30120880987651,0
-73.98023820585824,0
-42.04143325596206,0
-64.81316317496706,0
-69.63411495914357,0
-63.312020863170794,0
-64.00379663293367,0
-40.87078758126919,0
-66.10680324456888,0
-71.51778887808427,0
-67.28447973574588,0
-73.81679547752148,0
-59.292331132723845,0
-72.39171405353994,0
-61.89474069946035,0
-71.5984095890422,0
-65.99589382574167,0
-72.69406468055398,0
-72.39171405353994,0
-68.44642955427588,0
-72.47909589406197,0
-70.51577536608656,0
-54.589778061028525,0
-67.39737682362833,0
-62.34010468646379,0
-72.39171405353994,0
-69.48235272349444,0
-72.47909589406197,0
-70.1727267137224,0
-65.18665554872833,0
-62.1062988911353,0
-59.292331132723845,0
-68.38801955619684,0
-64.49991337294348,0
-66.88631388466221,0
-68.34303952815102,0
-65.80957115160396,0
-63.61489119922501,0
-73.98023820585824,0
-68.29846304281553,0
-56.91644143779749,0
-68.21060020851714,0
-69.50472776245938,0
-66.3479636113648,0
-58.87679123596267,0
-66.32301611833671,0
-59.292331132723845,0
-63.89266648478383,0
-72.39171405353994,0
-74.35699225904943,0
-66.31581702102234,0
-63.86771095265995,0
-67.83530935061437,0
-72.39171405353994,0
-65.84999989194499,0
-63.26026739957959,0
-65.91396958315528,0
-71.86959602047648,0
-62.693215558363164,0
-67.37442675100831,0
-67.76100890317842,0
-70.4866612856173,0
-72.86257460425878,0
-72.39171405353994,0
-59.6969343650099,0
-70.8299733426308,0
-71.50335766395911,0
-68.63080925755878,0
-66.8993605803021,0
-35.551731609183854,0
-64.81316317496706,0
-70.15751027681341,0
-65.87135849330367,0
-69.50472776245938,0
-68.78705417170173,0
-69.82280493784506,0
-73.98023820585824,0
-70.4866612856173,0
-64.92598507060785,0
-44.62862145487194,0
-63.566414730174905,0
-70.0614047931038,0
-69.85085331728936,0
-50.43465565362386,0
-68.40794836028928,0
-74.350995180039,0
-67.13880135222233,0
-72.39171405353994,0
-67.45238478080763,0
-68.34303952815102,0
-67.95035425040498,0
-69.01019733045021,0
-50.3198785752733,0
-70.44732747671338,0
-59.292331132723845,0
-59.45824699884979,0
-60.31382305902004,0
-71.3582914109478,0
-71.88718036014293,0
-56.34219160001691,0
-68.2575479401551,0
-72.39171405353994,0
-59.292331132723845,0
-49.723150230448574,0
-72.39171405353994,0
-64.23250943224213,0
-69.79405021834751,0
-65.30867493901364,0
-43.17813611093821,0
-41.2034480231031,0
-64.22116084582511,0
-59.292331132723845,0
-52.65081827709544,0
-71.17715744310263,0
-72.39171405353994,0
-57.368953492505895,0
-57.09777683863377,0
-68.71856986506461,0
-51.820980519746676,0
-73.98023820585824,0
-72.39171405353994,0
-65.19280911663229,0
-71.06646847336853,0
-69.39705006152352,0
-57.83649267123117,0
-72.39171405353994,0
-72.39171405353994,0
-59.292331132723845,0
-71.2057508341347,0
-70.8299733426308,0
-52.657485686795226,0
-72.39171405353994,0
-40.963598577001186,0
-68.1176759100259,0
-42.16776771964448,0
-67.94885878671352,0
-60.98409313819121,0
-71.88643034486526,0
-64.81316317496706,0
-72.39171405353994,0
-69.38585805491432,0
-73.98023820585824,0
-70.51577536608656,0
-72.39171405353994,0
-70.17789621780827,0
-65.41244499935934,0
-63.129892608802706,0
-58.630130642914985,0
-68.67304790059283,0
-35.099549223877844,0
-43.140656493741346,0
-59.915410178658924,0
-44.57353804906536,0
-68.56770652821557,0
-61.20959225433549,0
-71.97261663020461,0
-59.292331132723845,0
-58.696954655826126,0
-36.87689604015903,0
-67.0434698686431,0
-66.8993605803021,0
-50.262317301396145,0
-70.19926226734839,0
-67.95035425040498,0
-70.65972945166757,0
-71.92144417232885,0
-59.541709131275034,0
-72.47909589406197,0
-61.2363240399379,0
-66.80740342149898,0
-57.154875519260685,0
-70.15751027681341,0
-66.78913958236588,0
-38.292789509645324,0
-41.457181511451815,0
-59.292331132723845,0
-69.06835432380518,0
-59.66186404122987,0
-74.65851825911022,0
-62.34010468646379,0
-69.33645166241064,0
-72.39171405353994,0
-62.567751674842924,0
-71.88643034486526,0
-65.25770890730999,0
-58.633561648278594,0
-59.292331132723845,0
-68.93703799742565,0
-66.97909138003251,0
-59.292331132723845,0
-47.448697878765955,0
-64.03365011634335,0
-67.18893646225588,0
-67.87755773193149,0
-65.73223428104298,0
-67.65361638854347,0
-72.39171405353994,0
-70.14654534063621,0
-68.56921483688437,0
-72.39171405353994,0
-72.47909589406197,0
-65.96987830443156,0
-72.39171405353994,0
-57.79079646124232,0
-70.12450493035203,0
-74.38051537597732,0
-72.10429951840486,0
-72.39171405353994,0
-63.04474775093273,0
-71.06646847336853,0
-71.88643034486526,0
-71.01077222166126,0
-59.292331132723845,0
-66.4424545066882,0
-60.49118496767115,0
-72.39171405353994,0
-59.53344926749501,0
-67.41054931604175,0
-61.682113356985646,0
-71.41348028874003,0
-63.42244203796042,0
-60.36252018448953,0
-62.61709377472372,0
-62.34010468646379,0
-72.01956436184261,0
-72.85584994725316,0
-63.13847676621469,0
-69.04141649569944,0
-70.55961429298432,0
-70.12450493035203,0
-29.001168918605053,0
-33.937812976554035,0
-65.99087852609118,0
-43.67867307024251,0
-41.43220276123396,0
-66.92256068552445,0
-70.21485206019105,0
-72.39171405353994,0
-68.74760643539247,0
-72.39171405353994,0
-70.15751027681341,0
-72.39171405353994,0
-68.90371732776649,0
-67.86199584819568,0
-74.34696922799941,0
-63.166459884006,0
-72.39171405353994,0
-73.98023820585824,0
-60.42251499968135,0
-70.17289506797974,0
-67.93759277130602,0
-72.5676107851648,0
-72.39171405353994,0
-70.17581228068786,0
-72.47909589406197,0
-64.17384456036991,0
-31.767956744284103,0
-64.29109334641325,0
-68.12977771818882,0
-64.81316317496706,0
-69.43357322410421,0
-20.583123380648217,0
-71.06646847336853,0
-72.39171405353994,0
-70.15748403979623,0
-60.78674866940495,0
-63.22615739956768,0
-71.86959602047648,0
-67.01588683594497,0
-70.8299733426308,0
-74.19520699235025,0
-66.0807727137358,0
-64.90634305691842,0
-71.06646847336853,0
-66.18001878947541,0
-59.93709699804942,0
-59.292331132723845,0
-72.39171405353994,0
-66.02807817056669,0
-66.43013414575272,0
-70.17789621780827,0
-70.15842274849416,0
-59.292331132723845,0
-64.96598698119115,0
-71.86501486063196,0
-39.56471330028636,0
-70.51577536608656,0
-72.39171405353994,0
-39.31613867644994,0
-67.40133843978376,0
-59.292331132723845,0
-60.497371101991426,0
-65.34096340904681,0
-57.525692359387435,0
-70.16750552365764,0
-70.8299733426308,0
-62.86261797161238,0
-70.11414123895807,0
-70.03890290084871,0
-71.3582914109478,0
-70.6134935725898,0
-68.29431202263736,0
-66.70362258585024,0
-51.037390968898514,0
-59.41491554219983,0
-66.95860550589617,0
-72.5676107851648,0
-59.07855754697773,0
-57.05526100848961,0
-70.15104695595517,0
-59.292331132723845,0
-42.44991042839766,0
-72.47909589406197,0
-67.94885878671352,0
-70.4800931175052,0
-70.16300390833868,0
-51.999843566473025,0
-64.47473356076783,0
-66.09160980538277,0
-61.83450942810939,0
-70.51577536608656,0
-66.69379493953505,0
-64.45675549698987,0
-61.89553958612894,0
-61.8764822652878,0
-67.78743830155096,0
-72.10429951840486,0
-66.76782197675593,0
-66.31662071805594,0
-72.39171405353994,0
-70.51577536608656,0
-73.98023820585824,0
-70.8299733426308,0
-56.41563381638173,0
-72.39171405353994,0
-62.494110927362776,0
-37.494145074960514,0
-70.01263980790381,0
-58.8545862519144,0
-59.292331132723845,0
-59.292331132723845,0
-71.00587007425565,0
-66.50780573592873,0
-66.95066719341565,0
-59.292331132723845,0
-71.37131463507964,0
-70.65972945166757,0
-68.94163518597492,0
-64.85104715755907,0
-45.157251207571,0
-67.0037377110215,0
-66.79891622158205,0
-66.5684041350416,0
-68.27437564294114,0
-72.39171405353994,0
-56.25383319780759,0
-70.875503950688,0
-59.292331132723845,0
-64.7183922470889,0
-66.80778856594287,0
-73.98023820585824,0
-66.38035367571582,0
-68.70328218327012,0
-70.12438737968142,0
-70.10835252474178,0
-67.11946635692442,0
-57.69450416824949,0
-68.74030169627545,0
-66.46708479487255,0
-72.47909589406197,0
-66.50780573592873,0
-20.583123380648217,0
-71.81470341155475,0
-70.12438737968142,0
-66.92259848068908,0
-68.69155178744002,0
-65.30867493901364,0
-72.39171405353994,0
-67.86856401630777,0
-72.04400891672492,0
-60.01653922723738,0
-71.96567354556564,0
-66.4058067489402,0
-62.022757776300246,0
-69.13200235150525,0
-67.87755773193149,0
-66.8993605803021,0
-73.98023820585824,0
-72.39171405353994,0
-72.47909589406197,0
-27.549473988611076,0
-72.39171405353994,0
-43.654815635752975,0
-51.781349662861246,0
-61.289178754659595,0
-72.5676107851648,0
-74.28419574057594,0
-65.35574853777412,0
-72.5676107851648,0
-68.24366827392312,0
-33.676351549351004,0
-72.39171405353994,0
-64.49014094995047,0
-67.45930692636514,0
-70.8299733426308,0
-52.966922162636756,0
-72.39171405353994,0
-48.50329131164715,0
-73.98023820585824,0
-67.04691396006723,0
-65.35252004705437,0
-67.88412590004359,0
-70.14105170911094,0
-68.95403465517741,0
-53.41780535873592,0
-68.87411309016038,0
-70.54255880749571,0
-49.930667993971994,0
-73.98023820585824,0
-72.39171405353994,0
-67.7354520927005,0
-72.5676107851648,0
-62.85994581702333,0
-70.8299733426308,0
-68.63599466261161,0
-58.941252613041634,0
-70.16324513366351,0
-59.292331132723845,0
-69.15025676788198,0
-70.56860800860804,0
-61.23553976431385,0
-67.82900716436846,0
-63.737751732518504,0
-59.292331132723845,0
-59.292331132723845,0
-72.39171405353994,0
-61.180263926519615,0
-66.73581365880813,0
-59.292331132723845,0
-72.84582691620314,0
-70.11963487048337,0
-68.93703799742565,0
-70.15446581974408,0
-61.827941259997296,0
-66.41213665642373,0
-72.39171405353994,0
-65.11179222184022,0
-67.91588666447262,0
-72.39171405353994,0
-70.8299733426308,0
-67.33238296532362,0
-61.89474069946035,0
-65.49705065701603,0
-56.34069613632543,0
-67.00405848087189,0
-71.88714248835191,0
-61.892477914690765,0
-70.14741411549599,0
-63.58449848720939,0
-67.52972165136859,0
-68.70047406545321,0
-66.83284701339979,0
-64.09297925572164,0
-72.39171405353994,0
-59.292331132723845,0
-35.85219765753388,0
-72.39171405353994,0
-67.92776407233058,0
-68.72220666624312,0
-66.69678041882396,0
-64.57924214253299,0
-62.78082773751514,0
-67.32349518789047,0
-70.07750952401472,0
-73.98023820585824,0
-67.18203309892148,0
-62.98463796944179,0
-62.868350593029476,0
-65.24669993290927,0
-64.58786094162986,0
-66.39900123843428,0
-71.89168197546189,0
-61.43753375980872,0
-61.89924231477931,0
-59.323855546380514,0
-72.47909589406197,0
-58.183966099475036,0
-65.7858259927947,0
-61.70487008292887,0
-64.67518605221579,0
-42.39060440197325,0
-61.89474069946035,0
-53.540995425533595,0
-54.737570554474814,0
-63.89154020363489,0
-70.01783800024566,0
-59.412177094150884,0
-68.56094212812702,0
-74.29076390868804,0
-72.39171405353994,0
-73.98023820585824,0
-40.94377818872368,0
-72.39171405353994,0
-66.20487762506833,0
-72.39171405353994,0
-59.292331132723845,0
-62.75619602298717,0
-66.2705551321552,0
-67.31094767457988,0
-72.76749154504385,0
-69.87423313723798,0
-71.00587007425565,0
-66.35636746966482,0
-65.90951477060734,0
-55.858876673960495,0
-61.01431996730095,0
-72.5676107851648,0
-67.94515605806313,0
-47.428128881001,0
-70.51577536608656,0
-64.87793122814013,0
-62.88614108854024,0
-72.39171405353994,0
-72.39171405353994,0
-66.25308013445623,0
-68.31648961631447,0
-68.46995267120377,0
-68.31198800099551,0
-61.67303548775539,0
-72.39171405353994,0
-67.49756874345312,0
-59.292331132723845,0
-60.952211698226634,0
-74.32252467311707,0
-61.81932246090046,0
-61.878147600396396,0
-72.39171405353994,0
-69.63411495914357,0
-72.39171405353994,0
-59.292331132723845,0
-74.27520202495222,0
-63.17340446106175,0
-64.06663900952947,0
-68.60439406212147,0
-66.17437399258478,0
-32.567654652321046,0
-68.88051711346577,0
-72.39171405353994,0
-65.4426364416536,0
-58.4813833046943,0
-70.53029945790429,0
-66.81453512346758,0
-61.92426089539868,0
-39.56471330028636,0
-74.2755769414791,0
-34.36126381926315,0
-67.19493354126634,0
-72.05403194777497,0
-67.90421730820523,0
-72.39171405353994,0
-59.292331132723845,0
-61.17364054966001,0
-58.45553813344861,0
-54.86060117351448,0
-38.27167119183994,0
-70.20413731561237,0
-69.1299313868023,0
-57.53340292524386,0
-70.14741411549599,0
-50.74637233126848,0
-61.65645363984273,0
-71.3582914109478,0
-61.51007766436608,0
-70.13969836953814,0
-75.58434096718105,0
-49.268459405719646,0
-61.843138363567206,0
-70.15136772580556,0
-58.941252613041634,0
-66.94576922444011,0
-67.96055376384322,0
-61.637334454418415,0
-43.50363542324183,0
-71.97224171367773,0
-68.89521788859831,0
-69.50472776245938,0
-70.8299733426308,0
-71.3582914109478,0
-62.98317204818983,0
-72.47909589406197,0
-31.31685300501714,0
-35.03191009273998,0
-70.20416023632393,0
-66.24452308885198,0
-68.62404145743965,0
-62.42374879241078,0
-70.19269409923629,0
-72.39171405353994,0
-65.0162004867572,0
-72.39171405353994,0
-61.878147600396396,0
-70.8299733426308,0
-66.65483946099522,0
-66.59426297850335,0
-60.91277997706888,0
-67.92989388599099,0
-71.4372254475493,0
-59.292331132723845,0
-63.409118471233825,0
-25.336672002787807,0
-54.95238539804679,0
-68.24295924599727,0
-69.16458708217635,0
-70.16238200877177,0
-36.413889414619554,0
-62.439310676146604,0
-62.97466066702938,0
-72.39171405353994,0
-67.72924813874936,0
-59.292331132723845,0
-68.34303952815102,0
-66.05499670231502,0
-71.97224171367773,0
-64.28557347787081,0
-64.83828076874576,0
-70.91735518315282,0
-52.68225179969696,0
-60.91132746425135,0
-68.61322878451541,0
-67.9224935990261,0
-73.98023820585824,0
-72.04400891672492,0
-58.941252613041634,0
-65.49558453960118,0
-59.292331132723845,0
-60.357599840300914,0
-73.98023820585824,0
-72.39171405353994,0
-65.0461610233314,0
-64.52002168144534,0
-67.92776407233058,0
-66.3664112710553,0
-69.63411495914357,0
-72.39171405353994,0
-67.5344097028107,0
-62.95830971294194,0
-66.75100709799423,0
-58.75852996837737,0
-17.06300166184827,0
-67.94033121935496,0
-71.88718036014293,0
-60.62573354273994,0
-62.72564890445644,0
-66.42261659036666,0
-59.292331132723845,0
-64.81316317496706,0
-59.292331132723845,0
-70.13094848617027,0
-54.86100967937527,0
-70.8299733426308,0
-70.45050488521429,0
-74.350995180039,0
-70.94544367386744,0
-48.31924158445805,0
-64.31941838133775,0
-59.292331132723845,0
-59.292331132723845,0
-71.1779563297712,0
-35.613186467386534,0
-62.856620892601924,0
-72.39171405353994,0
-65.12698856032391,0
-72.39171405353994,0
-43.754457680528695,0
-73.0899493708596,0
-72.39171405353994,0
-60.834625150971505,0
-66.25323985882999,0
-59.9978140844177,0
-29.186871891173634,0
-68.2575479401551,0
-68.49640547343354,0
-33.78516164794783,0
-70.16758020111365,0
-28.16580429525728,0
-64.68283809383458,0
-62.86807754212437,0
-72.39171405353994,0
-68.78705417170173,0
-61.689583514562464,0
-68.85549853284641,0
-71.54536645927564,0
-62.8574197792705,0
-59.292331132723845,0
-72.77443462968283,0
-73.73779265651353,0
-70.13626478753937,0
-66.0017752583868,0
-70.15136772580556,0
-71.88168672861764,0
-68.78705417170173,0
-68.32474948009451,0
-61.62159646521638,0
-72.87937306418105,0
-73.98023820585824,0
-69.87322195187056,0
-72.39171405353994,0
-72.39171405353994,0
-67.86798561845372,0
-72.2670430567329,0
-70.51577536608656,0
-68.56796241178476,0
-59.512930611139915,0
-61.637334454418415,0
-70.09747690952858,0
-72.03144176970056,0
-70.14001913938853,0
-47.50593557118604,0
-60.91277997706888,0
-72.39171405353994,0
-67.28994903991253,0
-42.52998884337829,0
-72.39171405353994,0
-71.89998873249212,0
-69.50472776245938,0
-67.94515605806313,0
-70.51577536608656,0
-72.39171405353994,0
-69.10005042748287,0
-65.38075237774693,0
-72.39171405353994,0
-70.03890290084871,0
-70.8299733426308,0
-68.91019616414653,0
-69.99429153898372,0
-70.51577536608656,0
-52.679636931894784,0
-66.12615857313091,0
-64.31242928612099,0
-59.20032997060878,0
-48.60392933597372,0
-67.3182969955486,0
-65.52767608132827,0
-70.19269409923629,0
-73.98023820585824,0
-74.34696922799941,0
-35.97449023762177,0
-67.97387736733288,0
-65.97499587250498,0
-68.69450060448264,0
-73.98023820585824,0
-64.11198076169936,0
-72.5676107851648,0
-61.827941259997296,0
-61.192785007123305,0
-70.1408459473839,0
-67.05467471395576,0
-72.39171405353994,0
-59.292331132723845,0
-70.11414123895807,0
-71.46674564348761,0
-64.99133342587659,0
-38.70047971655771,0
-44.768917925106656,0
-62.75759674662661,0
-39.60589001211441,0
-72.39171405353994,0
-66.75432169468046,0
-61.878147600396396,0
-66.47534465865259,0
-70.51577536608656,0
-45.872330242866134,0
-61.81237937626147,0
-46.27006023690293,0
-72.46829209249708,0
-72.92177466028161,0
-68.71816500837588,0
-72.10429951840486,0
-70.15842274849416,0
-71.89168197546189,0
-61.866270192538444,0
-67.09577119695855,0
-59.292331132723845,0
-70.13519675421918,0
-65.99186956322643,0
-72.39171405353994,0
-71.0013257161044,0
-64.72020013783144,0
-39.3700643964623,0
-65.55296660979019,0
-65.78142498614473,0
-64.26394295484364,0
-76.26378710779598,0
-72.47909589406197,0
-66.05336205465741,0
-55.190572381024865,0
-59.35204697441971,0
-61.892477914690765,0
-67.3492286743094,0
-70.14773092462701,0
-63.32346769410634,0
-72.39171405353994,0
-70.27211384724319,0
-58.9478991906619,0
-72.39171405353994,0
-70.12494562380576,0
-66.60040295937395,0
-72.39171405353994,0
-66.29966049123006,0
-65.37061733711401,0
-61.32440037763109,0
-62.06527241837863,0
-59.292331132723845,0
-72.39171405353994,0
-59.292331132723845,0
-64.69417582387547,0
-70.20413731561237,0
-68.4681601798575,0
-38.00975573624061,0
-74.34238806815489,0
-56.10426218006189,0
-65.27517043983117,0
-68.96351959617814,0
-61.892477914690765,0
-70.17307383263892,0
-68.76130004394568,0
-69.81504723884177,0
-68.18221256471938,0
-64.3963853668367,0
-67.53174621333045,0
-70.13585351676906,0
-66.35124169927147,0
-61.827941259997296,0
-72.39171405353994,0
-52.51062397857166,0
-66.37859050844581,0
-63.01476216518623,0
-59.292331132723845,0
-68.78705417170173,0
-20.583123380648217,0
-62.34010468646379,0
-64.31244271934382,0
-52.22937157020739,0
-65.05269420690912,0
-68.12751493341923,0
-66.87556008635092,0
-41.8783868304895,0
-67.62878907500603,0
-65.2826670909918,0
-50.76650133023123,0
-66.62425702982266,0
-68.78073132786989,0
-61.90960612457278,0
-59.1380912499301,0
-63.65063626605314,0
-56.6191921607405,0
-72.39171405353994,0
-59.292331132723845,0
-64.6945512710377,0
-53.841980031097016,0
-45.61756790260511,0
-58.541502871258125,0
-70.5513941722872,0
-70.16983339654158,0
-40.904454040335814,0
-60.77834105901936,0
-69.39705006152352,0
-72.87813648799462,0
-72.5676107851648,0
-65.37547788822936,0
-48.56896300266975,0
-59.70211740082684,0
-68.02919215305486,0
-61.384414148893676,0
-62.79308006189997,0
-67.46756679014516,0
-61.88797629937181,0
-68.89072307770465,0
-72.85584994725316,0
-63.58449848720939,0
-58.57845634231802,0
-65.65859837048309,0
-65.23771669993023,0
-71.89168197546189,0
-68.95403465517741,0
-70.46453123376936,0
-73.98023820585824,0
-65.57131858681382,0
-66.82376365719175,0
-69.48586852153603,0
-68.75672114542567,0
-68.72322609607565,0
-65.99589382574167,0
-73.98023820585824,0
-53.13974500804932,0
-72.93434180730597,0
-72.87813648799462,0
-66.66157678390715,0
-64.27900530975872,0
-74.33440208097502,0
-41.88211429033424,0
-65.79399213316911,0
-66.40911630829119,0
-67.95035425040498,0
-70.20416023632393,0
-68.82990139374078,0
-68.1983478841323,0
-67.91477546327297,0
-72.5676107851648,0
-71.73199142099989,0
-70.14800512656836,0
-60.854134214106146,0
-63.39879782658319,0
-67.96712193195532,0
-61.818947544373565,0
-60.916593565500555,0
-70.06471435245479,0
-67.94435717139456,0
-59.292331132723845,0
-52.73266246606613,0
-67.21890022543583,0
-68.31648961631447,0
-67.78856898370583,0
-70.14105170911094,0
-67.94033121935496,0
-23.05176517481353,0
-45.4302942515177,0
-64.87184969396911,0
-70.56860800860804,0
-66.3071982219255,0
-68.36227815251745,0
-67.22632299865944,0
-65.60280129869129,0
-71.87648853627579,0
-64.32073604315121,0
-64.84893176755432,0
-67.23269023843967,0
-70.51577536608656,0
-70.17757544795788,0
-72.39171405353994,0
-71.97224171367773,0
-40.50877447585857,0
-68.6262754801553,0
-72.10429951840486,0
-39.56851120745916,0
-72.31962878838084,0
-39.322706844562035,0
-73.98023820585824,0
-71.97221083121025,0
-72.39171405353994,0
-68.64498837823535,0
-68.1917797160202,0
-68.53093366728095,0
-69.22708089119465,0
-64.65056129878593,0
-40.36401812788585,0
-60.00220891294301,0
-65.7074075444974,0
-69.50068836098306,0
-61.878147600396396,0
-67.08159842855352,0
-68.75029694311968,0
-50.05678788631088,0
-59.292331132723845,0
-61.89553958612894,0
-73.98023820585824,0
-66.27418527844823,0
-61.738971294942644,0
-72.39171405353994,0
-70.51577536608656,0
-67.66864973963648,0
-56.58178635404029,0
-69.76903163772815,0
-68.27864265453805,0
-68.95403465517741,0
-72.39171405353994,0
-67.94885878671352,0
-72.69406468055398,0
-72.72902319777889,0
-59.41491554219983,0
-67.95288631104174,0
-70.2196744453604,0
-72.39171405353994,0
-66.14668529748941,0
-64.06164954099044,0
-66.30236675581722,0
-48.64990319728177,0
-61.89474069946035,0
-70.21935367551,0
-70.09747690952858,0
-68.27864265453805,0
-43.500173029228286,0
-61.89474069946035,0
-63.61489119922501,0
-40.45237653009518,0
-61.82995352226965,0
-60.32897403651162,0
-40.20728887166421,0
-70.19132894326319,0
-72.39171405353994,0
-71.86959602047648,0
-65.99390977521796,0
-65.5721174734824,0
-46.33056322675902,0
-57.50164392597648,0
-63.66147143393235,0
-65.96642447834888,0
-59.292331132723845,0
-34.85645523096308,0
-71.3582914109478,0
-72.39171405353994,0
-70.51577536608656,0
-58.96992104312515,0
-65.81131410912272,0
-66.15731757271716,0
-67.88412590004359,0
-59.949131733514676,0
-61.92426089539868,0
-66.70878563798468,0
-63.566414730174905,0
-72.39171405353994,0
-65.79143144851965,0
-68.71856986506461,0
-65.21493916848021,0
-70.17307383263892,0
-60.24592208741775,0
-68.59668203758501,0
-72.39171405353994,0
-71.88168672861764,0
-72.10429951840486,0
-62.734473382986714,0
-59.292331132723845,0
-72.39171405353994,0
-59.292331132723845,0
-67.86199584819568,0
-68.85760403276419,0
-72.39171405353994,0
-66.05439865955543,0
-70.12944723912472,0
-67.78545345806073,0
-72.87417487183917,0
-70.51577536608656,0
-70.1174137817757,0
-72.04400891672492,0
-61.51728085709035,0
-72.39171405353994,0
-67.28074198748264,0
-63.70533510126812,0
-72.39171405353994,0
-65.945560947539,0
-71.0383498028526,0
-66.5956504501759,0
-59.292331132723845,0
-38.29185325311816,0
-61.445555371696464,0
-68.88816831471252,0
-72.39171405353994,0
-69.53409573367375,0
-35.67448566411783,0
-66.6123796219647,0
-67.86893893283465,0
-61.89924231477931,0
-61.21908702660599,0
-54.8964871473441,0
-53.59043761301556,0
-59.292331132723845,0
-70.10404507764068,0
-72.78962159689176,0
-64.65056129878593,0
-67.92776407233058,0
-71.0132653135938,0
-70.15248410555571,0
-68.15600484256703,0
-59.292331132723845,0
-72.39171405353994,0
-41.6665327166642,0
-64.30555585917709,0
-76.2031887086831,0
-71.89792105540099,0
-71.24520418869129,0
-61.02661505924599,0
-71.89998873249212,0
-59.292331132723845,0
-72.39171405353994,0
-64.00212738868619,0
-52.253839515058395,0
-69.31593651831835,0
-67.2316872252275,0
-61.818947544373565,0
-73.12698323529831,0
-69.04141649569944,0
-65.54671685134586,0
-68.0920954108708,0
-42.773661765955666,0
-58.381268146011045,0
-48.89756229704834,0
-66.47377231803972,0
-62.959354503451266,0
-68.7800191843832,0
-64.81316317496706,0
-33.738598498128866,0
-72.39171405353994,0
-66.68553507575501,0
-68.18221256471938,0
-72.4184974949491,0
-64.54204404895442,0
-74.29076390868804,0
-61.890714747420766,0
-63.26257703256835,0
-36.39624439207769,0
-66.02667166739052,0
-70.8299733426308,0
-62.836136372859855,0
-65.81808664645905,0
-53.59043761301556,0
-72.39171405353994,0
-69.78885202600566,0
-61.52345769483226,0
-45.048600410487,0
-72.39171405353994,0
-57.79079646124232,0
-71.22083886074769,0
-68.1636395560229,0
-66.93920105632802,0
-67.62878907500603,0
-64.18648976682007,0
-64.64789598100435,0
-74.2755769414791,0
-68.76311172972706,0
-67.19405240683817,0
-70.01120380089856,0
-72.39171405353994,0
-67.91588666447262,0
-70.51577536608656,0
-62.10267928769856,0
-56.20645105686603,0
-67.77755245723225,0
-61.92426089539868,0
-72.39171405353994,0
-72.10429951840486,0
-67.49756874345312,0
-42.33077595625603,0
-32.05763175217275,0
-65.97717780695505,0
-72.39171405353994,0
-69.39705006152352,0
-65.34252480021014,0
-63.03848152661796,0
-64.46983092173488,0
-71.06646847336853,0
-68.41352335950685,0
-71.3582914109478,0
-62.82815038568002,0
-70.18063711939604,0
-70.15935371298539,0
-70.9136829094384,0
-71.06646847336853,0
-59.292331132723845,0
-36.47353234337911,0
-51.43808533432263,0
-61.88797629937181,0
-59.292331132723845,0
-38.57822768625676,0
-70.13095554779352,0
-59.292331132723845,0
-59.292331132723845,0
-59.292331132723845,0
-68.50675573453735,0
-60.33073720378162,0
-72.04400891672492,0
-72.39171405353994,0
-65.30867493901364,0
-59.292331132723845,0
-66.71211986412106,0
-64.09204225300607,0
-66.12530543488856,0
-59.292331132723845,0
-64.57677139236658,0
-37.77983934821677,0
-69.59546238838985,0
-67.74694098051887,0
-70.8299733426308,0
-67.8808163406926,0
-66.15660157955774,0
-74.34873239526942,0
-68.96202413248668,0
-72.39171405353994,0
-67.97387736733288,0
-68.7077618656588,0
-68.74356565416,0
-72.47909589406197,0
-71.06646847336853,0
-68.22797927339343,0
-70.10404507764068,0
-74.38051537597732,0
-61.83450942810939,0
-71.3582914109478,0
-68.39084692559979,0
-71.00587007425565,0
-42.64134913042558,0
-72.39171405353994,0
-59.292331132723845,0
-70.15292911696889,0
-71.86959602047648,0
-72.39171405353994,0
-66.21831229282363,0
-72.39171405353994,0
-72.39171405353994,0
-72.39171405353994,0
-69.23491997497146,0
-59.292331132723845,0
-70.8299733426308,0
-64.67887647767914,0
-59.18394453317367,0
-68.12925963703877,0
-64.72843758913498,0
-67.87914272980898,0
-67.16809789285753,0
-59.292331132723845,0
-63.4701901131035,0
-72.39171405353994,0
-59.292331132723845,0
-67.99552009714719,0
-67.69133122770926,0
-72.4184974949491,0
-68.28013811822952,0
-67.94885878671352,0
-63.566414730174905,0
-61.892477914690765,0
-60.91277997706888,0
-70.1743446012022,0
-70.51577536608656,0
-59.292331132723845,0
-59.292331132723845,0
-57.10773598284664,0
-67.11946635692442,0
-59.292331132723845,0
-72.39171405353994,0
-66.7433774218736,0
-72.39171405353994,0
-67.30951398932991,0
-72.39171405353994,0
-55.469955650661944,0
-67.11496474160546,0
-68.86772963323247,0
-70.36388008739188,0
-62.78120265404202,0
-68.7548781029642,0
-48.531228237216865,0
-73.98023820585824,0
-66.57794119766633,0
-68.1983478841323,0
-64.66805266877884,0
-56.172961240420214,0
-59.26841565611072,0
-65.30022581293757,0
-62.322458074131085,0
-71.00587007425565,0
-72.39171405353994,0
-65.68427597839025,0
-66.28958358790725,0
-72.5676107851648,0
-61.88797629937181,0
-53.447223640714434,0
-72.39171405353994,0
-70.90921669936951,0
-59.45903979486295,0
-70.15768027177268,0
-74.35699225904943,0
-71.06646847336853,0
-74.27520202495222,0
-64.22746815679147,0
-72.05403194777497,0
-67.1188704764408,0
-71.98449403806256,0
-71.78023834411032,0
-72.39171405353994,0
-67.85199928729232,0
-59.292331132723845,0
-60.69806274968279,0
-68.43822589659595,0
-64.32073604315121,0
-20.583123380648217,0
-60.94628071263057,0
-61.73669995688697,0
-66.68121853508812,0
-66.46710084069764,0
-68.29290790655124,0
-68.67929971583763,0
-68.06848871363597,0
-61.649885471730634,0
-70.51577536608656,0
-61.83119986875841,0
-63.15008336806767,0
-70.8299733426308,0
-65.65265152271752,0
-65.02001220072327,0
-68.56770652821557,0
-71.55436017489936,0
-71.89200274531225,0
-67.49080434336457,0
-66.01977141353646,0
-68.50716204146553,0
-64.32424076650709,0
-67.70399683947667,0
-72.4184974949491,0
-72.39171405353994,0
-59.11178219734122,0
-72.12572205725166,0
-70.69167209771145,0
-64.27550355357057,0
-72.39171405353994,0
-72.39171405353994,0
-64.35517249204881,0
-64.76140971137585,0
-64.97173382594072,0
-73.12698323529831,0
-63.58449848720939,0
-70.64140452708153,0
-71.06646847336853,0
-72.39171405353994,0
-74.35179406670758,0
-68.70700744978993,0
-67.53577216537005,0
-64.81316317496706,0
-65.09282149498408,0
-66.6788842094897,0
-62.72330850147099,0
-52.34368916822341,0
-66.96586063260176,0
-68.09542050341626,0
-64.22531855216582,0
-65.1063190818084,0
-71.86502239918815,0
-59.90188650050979,0
-59.292331132723845,0
-60.889613219376436,0
-64.30243403927676,0
-49.8738797495371,0
-72.39171405353994,0
-68.44336788283772,0
-74.37531718363545,0
-64.90493438647768,0
-66.621871006304,0
-66.1805954202442,0
-65.00487857287767,0
-72.93434180730597,0
-65.02001220072327,0
-45.93454668241781,0
-72.0488337554331,0
-68.55917896085701,0
-63.58449848720939,0
-65.6335797898637,0
-72.39171405353994,0
-70.12494562380576,0
-65.39449996470046,0
-71.98780359741357,0
-66.42135128722983,0
-59.53651093893317,0
-76.26378710779598,0
-67.97387736733288,0
-70.20413731561237,0
-68.64306158194361,0
-58.70352533615473,0
-68.1176759100259,0
-34.99266567991939,0
-64.27913639402973,0
-57.24859719494144,0
-72.39171405353994,0
-66.61870868654022,0
-53.765733537085545,0
-59.292331132723845,0
-68.1305766048574,0
-57.41253533337307,0
-69.19052978591517,0
-72.39171405353994,0
-72.39171405353994,0
-63.2062963469362,0
-69.71165822866462,0
-61.73289809997994,0
-64.2681085774631,0
-66.741816934201,0
-70.64269914507221,0
-59.14546938205831,0
-69.12024544093843,0
-74.62812554709458,0
-72.39171405353994,0
-59.31350245173183,0
-66.68505390063982,0
-39.56471330028636,0
-71.84178886635698,0
-59.35871022288847,0
-72.39171405353994,0
-67.93759277130602,0
-73.98023820585824,0
-61.262456064461304,0
-62.53013765065629,0
-59.292331132723845,0
-72.87937306418105,0
-67.93724565238949,0
-72.39171405353994,0
-67.97387736733288,0
-71.68807527877233,0
-45.09363692586404,0
-72.03144176970056,0
-67.38911487571858,0
-61.900737778470805,0
-59.292331132723845,0
-67.93759277130602,0
-68.21390976786812,0
-70.8299733426308,0
-70.46905930792423,0
-70.8299733426308,0
-73.98023820585824,0
-59.292331132723845,0
-59.58687566351233,0
-70.1492676274022,0
-72.39171405353994,0
-73.98023820585824,0
-69.89176841994978,0
-70.64140452708153,0
-68.12751493341923,0
-70.14920359679454,0
-62.34010468646379,0
-72.39171405353994,0
-58.6814379932508,0
-64.0149999719729,0
-59.519118953200625,0
-73.98023820585824,0
-41.21030228578208,0
-59.292331132723845,0
-64.55842078321132,0
-65.24343665642053,0
-72.39171405353994,0
-50.76650133023123,0
-72.39171405353994,0
-70.9790866328465,0
-62.9908379598169,0
-61.12873654451762,0
-67.84534061104355,0
-72.39171405353994,0
-66.64908941233145,0
-72.39171405353994,0
-48.50329131164715,0
-67.16599565636659,0
-72.39171405353994,0
-70.13519675421918,0
-70.18583531173789,0
-68.95041099816265,0
-72.39171405353994,0
-65.32779117041754,0
-68.98704271310604,0
-33.778445808560924,0
-70.60572358512958,0
-72.39171405353994,0
-77.76492941959225,0
-72.39171405353994,0
-70.14105170911094,0
-68.21999876026777,0
-66.15731757271716,0
-64.66400704283983,0
-67.18973534892446,0
-66.34428121920736,0
-68.3021593020201,0
-59.81191393651859,0
-72.47909589406197,0
-67.75474092811953,0
-65.00100573078328,0
-63.566414730174905,0
-70.17123112084334,0
-72.39171405353994,0
-59.292331132723845,0
-67.94033121935496,0
-63.61138476804281,0
-64.74386825185411,0
-72.39171405353994,0
-71.06646847336853,0
-68.72220666624312,0
-72.39171405353994,0
-72.39171405353994,0
-64.57229905789401,0
-70.8299733426308,0
-70.69167209771145,0
-61.83119986875841,0
-72.47909589406197,0
-71.3582914109478,0
-59.292331132723845,0
-70.8299733426308,0
-61.88797629937181,0
-72.5676107851648,0
-72.39171405353994,0
-59.292331132723845,0
-64.32424076650709,0
-70.39636020039458,0
-59.292331132723845,0
-38.47155124518877,0
-72.39171405353994,0
-66.29222460902596,0
-57.10773598284664,0
-70.19264660507665,0
-70.17307383263892,0
-66.90576577344815,0
-50.29102690790874,0
-66.29615175601934,0
-67.86856401630777,0
-62.42826371682885,0
-61.13909199400405,0
-69.34771949902628,0
-70.19926226734839,0
-64.55870784595069,0
-62.77425956940304,0
-61.81237937626147,0
-70.44242950773784,0
-67.74126383620488,0
-63.33211494228075,0
-55.828839364146376,0
-69.7632118160092,0
-68.2552115703821,0
-67.92776407233058,0
-72.5676107851648,0
-68.7680096987026,0
-67.94033121935496,0
-66.95586538575753,0
-65.23442922148284,0
-61.31920218528924,0
-64.20641484999967,0
-66.87549034445772,0
-61.713199760670655,0
-70.14773092462701,0
-64.8133439904951,0
-74.34696922799941,0
-66.83070674183072,0
-68.60780073481995,0
-61.878147600396396,0
-70.15231208447153,0
-62.05979658511088,0
-63.25032470818352,0
-65.62734307857627,0
-58.034876813078036,0
-68.93521474476591,0
-70.12445725565269,0
-67.94515605806313,0
-67.94209438662497,0
-66.23238895647944,0
-72.39171405353994,0
-72.04127046867598,0
-72.39171405353994,0
-66.11012041214447,0
-70.60287070180915,0
-59.292331132723845,0
-68.0920954108708,0
-74.350995180039,0
-70.51577536608656,0
-64.40638061368094,0
-67.03074046214431,0
-59.292331132723845,0
-66.9904107029484,0
-70.12970312269391,0
-67.25222514956805,0
-57.10773598284664,0
-72.39171405353994,0
-74.35549679535796,0
-61.827941259997296,0
-60.47090026803271,0
-53.42042057079841,0
-61.83450942810939,0
-68.7590372591761,0
-69.6140108936374,0
-72.39171405353994,0
-68.9318064869995,0
-68.39084692559979,0
-71.40450285791303,0
-72.39171405353994,0
-71.36180720898939,0
-68.22797927339343,0
-69.31899818975651,0
-59.292331132723845,0
-72.39171405353994,0
-67.87755773193149,0
-72.39171405353994,0
-62.105093754237295,0
-66.01176613777,0
-71.82622698262117,0
-64.32424076650709,0
-48.799445731093066,0
-72.53380942047808,0
-67.87755773193149,0
-72.39171405353994,0
-68.65728043669789,0
-72.39171405353994,0
-63.13847676621469,0
-72.86691523085165,0
-37.34674378466118,0
-67.93759277130602,0
-71.09194926783053,0
-54.60601467824052,0
-70.22766043254023,0
-68.86603826286458,0
-69.58762330461303,0
-72.39171405353994,0
-69.66450767115919,0
-62.06527241837863,0
-72.39171405353994,0
-73.76818536852917,0
-67.00197454375149,0
-62.32470159786613,0
-70.54255880749571,0
-41.12742829481748,0
-61.70830179169511,0
-72.8135764727263,0
-60.00220891294301,0
-68.4877866743367,0
-72.96268976294203,0
-64.96381910573166,0
-70.15292911696889,0
-72.39171405353994,0
-69.22552995311906,0
-65.97853306977986,0
-70.14105170911094,0
-72.39171405353994,0
-65.3405115549254,0
-68.10905711092906,0
-70.94043577419372,0
-68.3482725970224,0
-66.00487765323922,0
-66.72314737650584,0
-72.39171405353994,0
-62.74421761823929,0
-65.12818220522769,0
-72.39171405353994,0
-69.65599169118613,0
-61.83119986875841,0
-69.9833704143133,0
-66.33466152106375,0
-64.54637868035094,0
-65.10959657459135,0
-69.64439973522644,0
-66.03674159169076,0
-72.39963825402572,0
-67.86199584819568,0
-39.5927584671249,0
-70.12450493035203,0
-65.4971161325785,0
-65.6335797898637,0
-70.94043577419372,0
-66.7781410287375,0
-67.73984517250203,0
-72.39171405353994,0
-59.292331132723845,0
-73.98023820585824,0
-62.79413469169599,0
-63.059776557210654,0
-70.1743446012022,0
-62.88614108854024,0
-73.76818536852917,0
-66.75525482973156,0
-64.82162888055328,0
-65.34096340904681,0
-53.59043761301556,0
-69.84992821795348,0
-66.12486066956328,0
-68.64761771775663,0
-71.59438091983964,0
-59.292331132723845,0
-52.62869305562865,0
-62.97964654477207,0
-66.06841848394117,0
-59.292331132723845,0
-66.28002083236622,0
-38.45143723748206,0
-68.56920199190704,0
-70.28335541266124,0
-69.55902397532635,0
-69.87344349536377,0
-72.39171405353994,0
-49.56866748551311,0
-72.39171405353994,0
-73.98023820585824,0
-72.83239664428704,0
-71.87966594477672,0
-73.98023820585824,0
-70.8299733426308,0
-72.39171405353994,0
-72.39171405353994,0
-72.39171405353994,0
-72.78631203754078,0
-68.69044590181409,0
-64.38170804567477,0
-67.79398102541928,0
-68.34307440468052,0
-67.94885878671352,0
-59.35540066353747,0
-72.39171405353994,0
-69.87344349536377,0
-72.39171405353994,0
-68.470654398502,0
-42.3190610690531,0
-61.73289809997994,0
-69.99524782217125,0
-71.10136428801584,0
-70.66492764400942,0
-59.292331132723845,0
-68.69117712369558,0
-39.62571040039191,0
-66.94704082493365,0
-64.33670372922543,0
-71.88168672861764,0
-63.84948891369271,0
-68.06010907869506,0
-46.29554856556501,0
-70.17757544795788,0
-66.2705551321552,0
-70.13585351676906,0
-62.855030596922425,0
-68.18447534948896,0
-70.8299733426308,0
-60.91207417717271,0
-63.84404084435381,0
-67.94515605806313,0
-61.818947544373565,0
-68.72408331846461,0
-70.15751027681341,0
-70.51577536608656,0
-62.860156427346396,0
-43.34211391452892,0
-70.15136772580556,0
-59.25027514909559,0
-69.66450767115919,0
-38.530690240600045,0
-73.98023820585824,0
-52.645402517210236,0
-72.4184974949491,0
-54.718914491683094,0
-74.27520202495222,0
-65.24910497829009,0
-64.81316317496706,0
-71.3582914109478,0
-67.2607856996964,0
-70.54255880749571,0
-64.73969303993783,0
-58.2792889944448,0
-66.07021306221267,0
-63.74693422810451,0
-67.9224935990261,0
-65.99968000537481,0
-66.08022961649569,0
-76.04075296778802,0
-62.06527241837863,0
-57.52133665230605,0
-69.6806843312533,0
-53.59043761301556,0
-59.292331132723845,0
-68.76580165926464,0
-72.47909589406197,0
-71.00587007425565,0
-35.03191009273998,0
-61.042447891270825,0
-62.643212705878916,0
-55.10686478096964,0
-49.723150230448574,0
-61.36848720519598,0
-59.292331132723845,0
-59.292331132723845,0
-72.5676107851648,0
-70.13771288625881,0
-63.98298325427713,0
-64.54637868035094,0
-70.8299733426308,0
-70.15768027177268,0
-76.04075296778802,0
-64.58786094162986,0
-59.292331132723845,0
-68.95403465517741,0
-47.391664735363065,0
-71.62715669337285,0
-69.64667005083035,0
-64.43020403328647,0
-58.541502871258125,0
-59.292331132723845,0
-64.83232115421295,0
-60.018802012006965,0
-56.2736371000687,0
-68.13577479719928,0
-59.49358670579594,0
-59.292331132723845,0
-66.06841848394117,0
-68.4792053278091,0
-67.46051297495728,0
-66.93802717302381,0
-61.043768006623125,0
-58.293958478462024,0
-69.95147715737932,0
-74.29076390868804,0
-37.816942484650006,0
-72.39171405353994,0
-70.16758020111365,0
-70.22766043254023,0
-72.39171405353994,0
-64.2590449858681,0
-60.4242733062451,0
-70.21303380898794,0
-67.94033121935496,0
-70.69167209771145,0
-72.39171405353994,0
-68.6398029731825,0
-70.51577536608656,0
-67.92776407233058,0
-67.86893893283465,0
-68.69150429328037,0
-67.92412781062689,0
-70.8299733426308,0
-70.17869182770806,0
-59.292331132723845,0
-70.8299733426308,0
-60.257206833464416,0
-47.66514500847034,0
-72.39171405353994,0
-72.39171405353994,0
-20.583123380648217,0
-67.81119486174012,0
-67.67942922934613,0
-62.32470159786613,0
-73.98023820585824,0
-65.07139631080236,0
-54.47609206064211,0
-66.83098317381649,0
-60.986679284158996,0
-65.41366658645065,0
-70.11629740202551,0
-55.74646127469269,0
-61.00706484059535,0
-68.12977771818882,0
-67.36902886799227,0
-62.439310676146604,0
-71.3582914109478,0
-64.87968195924621,0
-70.875503950688,0
-70.8299733426308,0
-70.16292436381312,0
-53.447223640714434,0
-44.62862145487194,0
-59.292331132723845,0
-51.99537017573176,0
-41.8783868304895,0
-55.07137078744017,0
-69.62251012891141,0
-43.41104854437246,0
-65.30111405305978,0
-74.350995180039,0
-36.74310391598166,0
-71.92144417232885,0
-68.31648961631447,0
-59.292331132723845,0
-68.25852112973311,0
-54.62461355262789,0
-68.12813729837427,0
-73.98023820585824,0
-62.41092652667338,0
-70.51577536608656,0
-30.73690654508049,0
-70.54286660492865,0
-66.03780017092159,0
-64.38011519855841,0
-64.66765112662563,0
-69.50472776245938,0
-72.39171405353994,0
-20.583123380648217,0
-71.06646847336853,0
-71.853137452774,0
-61.72584934552126,0
-72.5676107851648,0
-68.9173826539784,0
-61.40524017645677,0
-61.89553958612894,0
-68.82333322562869,0
-66.88878461024828,0
-68.67008880904707,0
-68.73508738032237,0
-66.02601049347555,0
-67.968679174991,0
-72.04577208399493,0
-71.92144417232885,0
-64.72843758913498,0
-72.39171405353994,0
-67.91588666447262,0
-54.34930912218085,0
-68.77497625604994,0
-59.292331132723845,0
-71.24047884057865,0
-59.292331132723845,0
-67.06768578359036,0
-72.39171405353994,0
-72.4363896016173,0
-69.93604776614845,0
-66.86620865035697,0
-63.44346904579223,0
-59.292331132723845,0
-72.39171405353994,0
-47.28814760873113,0
-53.19686356210406,0
-68.60118365290397,0
-39.388935194923434,0
-68.73998534929791,0
-68.7077618656588,0
-72.39171405353994,0
-70.15768027177268,0
-68.45162774661776,0
-43.100875588997425,0
-67.86893893283465,0
-69.3227009184069,0
-68.74470694488173,0
-52.23927149954835,0
-56.26082872771951,0
-67.88412590004359,0
-72.5676107851648,0
-60.514571568147396,0
-58.941252613041634,0
-64.65724264275129,0
-66.33363811887477,0
-67.75474092811953,0
-60.51074039945769,0
-62.77425956940304,0
-72.39171405353994,0
-67.72734792297845,0
-67.8808163406926,0
-72.39171405353994,0
-70.89819237331979,0
-57.41253533337307,0
-70.22471740706956,0
-67.72045540717914,0
-59.292331132723845,0
-70.13626478753937,0
-48.57924355576658,0
-72.39171405353994,0
-70.2196744453604,0
-71.43046104746075,0
-69.90336054611676,0
-67.99278164909825,0
-72.39171405353994,0
-72.39171405353994,0
-32.09892402425954,0
-59.292331132723845,0
-72.39171405353994,0
-67.97387736733288,0
-67.94515605806313,0
-72.78699168436027,0
-62.610983110701106,0
-63.12148333519549,0
-40.20728887166421,0
-64.52479794301077,0
-71.97261663020461,0
-72.39171405353994,0
-70.6991284567691,0
-72.39171405353994,0
-64.91150255458977,0
-68.56770652821557,0
-65.45630228810323,0
-58.941252613041634,0
-43.883188943109474,0
-68.73720564171853,0
-66.43890923208781,0
-63.717931344240995,0
-67.94435717139456,0
-48.94908718012208,0
-61.63342690402816,0
-47.80550956679783,0
-57.540167325332405,0
-65.21374520092954,0
-70.6069369411492,0
-66.9332023906595,0
-59.292331132723845,0
-68.32167363232612,0
-62.485235449987485,0
-73.98023820585824,0
-66.65483946099522,0
-66.13886382251542,0
-59.292331132723845,0
-74.29076390868804,0
-62.73222419801455,0
-62.36811145373995,0
-57.36431726214925,0
-68.22315443468526,0
-57.10773598284664,0
-70.51577536608656,0
-65.97049425718602,0
-70.01263980790381,0
-63.24171006650864,0
-60.33750160387016,0
-72.39171405353994,0
-52.06868776032326,0
-72.39171405353994,0
-61.92051137307387,0
-65.30867493901364,0
-59.523700113045145,0
-59.292331132723845,0
-68.82333322562869,0
-59.292331132723845,0
-70.13519675421918,0
-66.90342815583685,0
-66.79694938563473,0
-74.35699225904943,0
-72.39171405353994,0
-72.39171405353994,0
-67.21514712122108,0
-65.99768545855105,0
-59.292331132723845,0
-73.98023820585824,0
-70.8299733426308,0
-62.94943938212062,0
-72.44658598566372,0
-66.15660157955774,0
-69.87194803167228,0
-66.37859050844581,0
-66.95586538575753,0
-68.75067717316503,0
-72.39171405353994,0
-67.86893893283465,0
-67.97387736733288,0
-70.69167209771145,0
-72.39171405353994,0
-57.11230735268386,0
-68.86772963323247,0
-66.99374246417727,0
-72.39171405353994,0
-59.292331132723845,0
-68.7514760598336,0
-70.8299733426308,0
-65.2092365289019,0
-64.57924214253299,0
-64.91777001627491,0
-68.29846304281553,0
-61.22147672381669,0
-72.47909589406197,0
-64.11435975004237,0
-68.13427933350778,0
-42.75533684136965,0
-63.98129167092416,0
-71.3582914109478,0
-74.350995180039,0
-68.79724068109303,0
-65.99311183726272,0
-70.44242950773784,0
-72.39171405353994,0
-62.34010468646379,0
-70.48308351612717,0
-34.427737219325685,0
-39.3806753311434,0
-68.85099691752745,0
-25.069702127464783,0
-72.39171405353994,0
-60.419052116180325,0
-72.47909589406197,0
-72.39171405353994,0
-42.895989965614696,0
-59.292331132723845,0
-72.85600643614669,0
-73.98023820585824,0
-67.94885878671352,0
-70.21935367551,0
-37.48113159259942,0
-72.79525154814029,0
-72.39171405353994,0
-70.51577536608656,0
-50.23626886794949,0
-60.0116525808521,0
-65.7858259927947,0
-65.13218675266576,0
-67.8808163406926,0
-61.70168612942337,0
-66.01998424085866,0
-64.39461644470181,0
-70.51577536608656,0
-40.20728887166421,0
-64.25382751970524,0
-49.65770356320703,0
-72.39171405353994,0
-72.39171405353994,0
-70.8299733426308,0
-66.12797860167609,0
-70.11414123895807,0
-68.08716063963625,0
-72.39171405353994,0
-66.25626005707097,0
-66.51114175820328,0
-66.31331115870493,0
-57.9064627217937,0
-41.49803165352687,0
-64.38416900626736,0
-66.83098317381649,0
-39.10952324318985,0
-73.59377247228073,0
-61.892477914690765,0
-53.447223640714434,0
-68.81000216019203,0
-55.59367780763135,0
-70.16300390833868,0
-64.39192228834077,0
-59.292331132723845,0
-72.39171405353994,0
-72.39171405353994,0
-63.4482484587641,0
-65.90639368659929,0
-59.82018524539938,0
-66.6381751315657,0
-70.60315720660859,0
-20.583123380648217,0
-64.31397164306267,0
-70.17581228068786,0
-65.61902294005628,0
-68.95403465517741,0
-64.43020403328647,0
-68.9305424018573,0
-64.81316317496706,0
-72.10429951840486,0
-70.12091967176616,0
-71.3582914109478,0
-72.39171405353994,0
-69.08448854374706,0
-61.42955060442332,0
-67.8808163406926,0
-71.32446335536153,0
-72.93916664601414,0
-67.75478035333843,0
-43.686821545765945,0
-66.11432423034582,0
-28.03485144477466,0
-61.92426089539868,0
-68.21060020851714,0
-65.78574291565668,0
-64.30598565588284,0
-67.4764740290702,0
-51.915751204263195,0
-67.97387736733288,0
-67.21105001494777,0
-56.29406917453782,0
-72.39171405353994,0
-67.97387736733288,0
-71.89998873249212,0
-39.3806753311434,0
-73.98023820585824,0
-70.8299733426308,0
-70.12450493035203,0
-67.88412590004359,0
-46.059762002514695,0
-64.37472860679236,0
-70.19269409923629,0
-61.32440037763109,0
-72.39171405353994,0
-64.63184173562212,0
-58.941252613041634,0
-62.4054408191178,0
-49.30727504727695,0
-74.26863385684013,0
-61.81237937626147,0
-70.8299733426308,0
-66.38861353949584,0
-72.39171405353994,0
-69.80727871916645,0
-67.86856401630777,0
-71.86502239918815,0
-64.02832458068457,0
-67.28721059186358,0
-68.85099691752745,0
-72.39171405353994,0
-72.4184974949491,0
-67.92776407233058,0
-70.14654534063621,0
-53.72788576863978,0
-68.23639107788517,0
-67.49284254334584,0
-67.47677747020553,0
-61.88797629937181,0
-65.08208546498412,0
-38.08696749550289,0
-72.39171405353994,0
-72.39171405353994,0
-68.11318461912487,0
-62.84002779353797,0
-69.19052978591517,0
-68.74356565416,0
-68.85699399653791,0
-72.39171405353994,0
-63.93311263689977,0
-58.27602707247723,0
-68.21390976786812,0
-68.79840397674135,0
-71.82622698262117,0
-64.81316317496706,0
-74.34873239526942,0
-56.33619452100647,0
-70.66299285915511,0
-70.15104695595517,0
-72.4184974949491,0
-72.39171405353994,0
-63.42189878310003,0
-60.91277997706888,0
-66.9236391725922,0
-63.757641102410346,0
-70.14283295565147,0
-68.83027631026766,0
-67.35600817363516,0
-71.89998873249212,0
-66.96586063260176,0
-70.8299733426308,0
-67.17908789571953,0
-70.51577536608656,0
-53.248146361192205,0
-65.54671685134586,0
-67.95035425040498,0
-55.50874144854631,0
-69.18172021089939,0
-68.70697954068308,0
-76.04075296778802,0
-74.36730827574405,0
-55.45424700637333,0
-72.39171405353994,0
-68.63599466261161,0
-72.39171405353994,0
-57.02574554643182,0
-68.31875240108405,0
-67.92989388599099,0
-72.39171405353994,0
-59.47217122156264,0
-71.88643034486526,0
-55.36911521501157,0
-70.89057174174367,0
-70.16300390833868,0
-62.34010468646379,0
-64.31961556236959,0
-72.39171405353994,0
-39.79596548569514,0
-67.86893893283465,0
-64.52660945272571,0
-68.74130801363671,0
-72.39171405353994,0
-68.71840894413943,0
-67.43410219139017,0
-68.92509839993625,0
-45.576691269845305,0
-70.91735518315282,0
-45.31240952585724,0
-72.87813648799462,0
-52.18063434505093,0
-65.9334307666107,0
-53.527100152792855,0
-71.06646847336853,0
-72.39171405353994,0
-64.62335632465401,0
-70.875503950688,0
-67.94209438662497,0
-70.51577536608656,0
-65.6223137744562,0
-61.91906270305682,0
-68.70660241264557,0
-67.93759277130602,0
-70.9870108333323,0
-71.87159056730025,0
-66.68976167941214,0
-72.04803486876452,0
-61.878147600396396,0
-68.93291511079724,0
-62.355264058096914,0
-67.86856401630777,0
-70.16914640886031,0
-65.62987706121335,0
-58.763477804519724,0
-59.292331132723845,0
-69.40540906979166,0
-70.16300390833868,0
-66.80384329960043,0
-70.78698905958514,0
-66.43332952276957,0
-68.08081631252172,0
-70.16436151341367,0
-68.64306158194361,0
-63.478717680462054,0
-67.29763658147196,0
-73.98023820585824,0
-64.54293339776521,0
-60.03160275513113,0
-72.5676107851648,0
-67.00601972966926,0
-68.15929791412717,0
-72.39171405353994,0
-34.427737219325685,0
-60.25063866535232,0
-63.72466898016948,0
-38.75528800070156,0
-74.34423077995046,0
-64.84443525317226,0
-61.29938179701173,0
-65.99537020750121,0
-66.50972937804063,0
-65.94037385124969,0
-62.377888832251884,0
-44.78302480563085,0
-64.81316317496706,0
-67.86199584819568,0
-71.00587007425565,0
-57.184780545632165,0
-69.6893038369358,0
-72.39171405353994,0
-28.24507198206764,0
-68.76216788370076,0
-72.39171405353994,0
-70.10404507764068,0
-70.51577536608656,0
-59.13762961345269,0
-64.90097499268431,0
-67.86199584819568,0
-70.13969836953814,0
-70.90655138158793,0
-73.98023820585824,0
-59.292331132723845,0
-49.31866181909944,0
-72.10429951840486,0
-69.49666240894346,0
-68.27861253789476,0
-61.892477914690765,0
-67.50991936746094,0
-64.81877917636328,0
-70.13244324283255,0
-68.10211402629008,0
-70.1691709823084,0
-71.84178886635698,0
-55.838909288446615,0
-64.40125709879507,0
-64.87716852117866,0
-72.39171405353994,0
-72.39171405353994,0
-70.20416023632393,0
-63.529043981141,0
-53.447223640714434,0
-54.56463651081483,0
-67.94885878671352,0
-59.42493857324987,0
-50.82448986290873,0
-61.92426089539868,0
-70.8299733426308,0
-61.866270192538444,0
-70.13969836953814,0
-57.26656620428927,0
-57.69450416824949,0
-70.51577536608656,0
-72.39171405353994,0
-68.21390976786812,0
-72.39171405353994,0
-67.84545457362799,0
-36.47353234337911,0
-59.525020228397445,0
-67.94885878671352,0
-51.32273384183944,0
-67.04551593857363,0
-53.420026258143686,0
-70.14105170911094,0
-53.53889891649322,0
-69.65716121432541,0
-66.06921737060975,0
-72.76078396220792,0
-38.82132475317331,0
-67.31998865117178,0
-71.06646847336853,0
-72.39171405353994,0
-63.13847676621469,0
-61.81932246090046,0
-42.742575362270664,0
-70.51577536608656,0
-68.3021593020201,0
-67.92776407233058,0
-70.20416023632393,0
-63.61489119922501,0
-70.60315720660859,0
-61.28811578160423,0
-69.63411495914357,0
-70.15091587168413,0
-66.98367253987703,0
-53.63552685905287,0
-70.96988822874975,0
-71.81470341155475,0
-65.01851673703177,0
-70.09307140775053,0
-65.11865588066611,0
-64.28559971488798,0
-59.750128760559726,0
-64.83136673000347,0
-67.07283945954683,0
-57.08681479759781,0
-72.39171405353994,0
-57.43068602210722,0
-70.89819237331979,0
-62.34010468646379,0
-47.44565604937916,0
-46.27006023690293,0
-61.818947544373565,0
-65.90433061554454,0
-72.39171405353994,0
-70.28335541266124,0
-61.0220357132588,0
-71.00587007425565,0
-59.292331132723845,0
-67.09279924209451,0
-72.04127046867598,0
-67.22531346079258,0
-56.510654066905,0
-66.99739338390697,0
-70.15091587168413,0
-72.39171405353994,0
-68.73828845099072,0
-72.39171405353994,0
-68.9451898080979,0
-67.01749120632681,0
-73.98023820585824,0
-67.40931807422575,0
-67.98380421827122,0
-62.88094289619839,0
-65.7427717121409,0
-67.92776407233058,0
-68.59272510883493,0
-63.022010672121695,0
-72.35555794783576,0
-69.48549360500915,0
-66.72544996741416,0
-63.566414730174905,0
-66.42437975763666,0
-71.22083886074769,0
-72.39171405353994,0
-64.34120534454438,0
-66.9106265957096,0
-72.39171405353994,0
-70.8299733426308,0
-70.61166228926184,0
-69.64047231144784,0
-72.39171405353994,0
-72.47909589406197,0
-70.89057174174367,0
-71.02173638060215,0
-70.44242950773784,0
-69.84992821795348,0
-66.37481088085755,0
-66.97707813474776,0
-72.39171405353994,0
-54.81397421172687,0
-70.12970312269391,0
-66.84193209288425,0
-68.9583214038363,0
-71.87159056730025,0
-67.45997901028326,0
-59.292331132723845,0
-66.234813556321,0
-70.19583055858214,0
-66.71013754354036,0
-66.84589370903967,0
-63.608166418173425,0
-72.85584994725316,0
-70.17789621780827,0
-61.58654904836144,0
-69.46035666551336,0
-68.95525973239813,0
-70.8299733426308,0
-73.98023820585824,0
-68.32376567497559,0
-40.182725723916846,0
-69.15132749888375,0
-72.01956436184261,0
-59.57522749504715,0
-72.32516523582012,0
-68.6855068888589,0
-41.232370513365325,0
-59.465445288272875,0
-66.94898997112999,0
-54.04031059346411,0
-69.50472776245938,0
-64.91059319865987,0
-62.32470159786613,0
-66.74147230109186,0
-68.86223568230243,0
-72.39171405353994,0
-63.24258094296307,0
-72.39171405353994,0
-68.23491720369101,0
-68.75517878848399,0
-69.63411495914357,0
-65.6335797898637,0
-42.99679881415875,0
-72.39171405353994,0
-70.8299733426308,0
-71.06646847336853,0
-67.23459377329547,0
-64.57908730469941,0
-65.16203457924985,0
-45.41478400320057,0
-64.81316317496706,0
-57.93883615496622,0
-47.39405405204884,0
-72.39171405353994,0
-59.292331132723845,0
-63.668039602044445,0
-45.42579263619874,0
-71.88168672861764,0
-63.26436475868495,0
-64.45349688822876,0
-69.1911718705424,0
-66.96618140245215,0
-65.3757895080309,0
-59.292331132723845,0
-68.34303952815102,0
-72.39171405353994,0
-60.257206833464416,0
-67.62878907500603,0
-64.30792767080203,0
-64.41677130783155,0
-52.95953002679119,0
-50.7513155229872,0
-68.15910536739116,0
-42.90748934866099,0
-70.51577536608656,0
-68.24295924599727,0
-43.910502762778854,0
-67.45042759161501,0
-70.20935842866578,0
-43.686821545765945,0
-51.64889628864292,0
-66.2923109013381,0
-57.276599619753426,0
-55.23512063083375,0
-71.46154745114576,0
-68.70502341760985,0
-59.292331132723845,0
-48.50329131164715,0
-72.39171405353994,0
-72.10429951840486,0
-68.95403465517741,0
-71.89998873249212,0
-62.72781011678995,0
-58.49924024701585,0
-49.65748500847928,0
-68.31648961631447,0
-72.39171405353994,0
-66.99533324537202,0
-71.97713915244985,0
-71.06646847336853,0
-68.38208983690535,0
-72.39171405353994,0
-62.878109191817046,0
-66.94359543008046,0
-72.39171405353994,0
-61.15706157944213,0
-54.7923663341564,0
-61.39862019364974,0
-59.292331132723845,0
-69.28835893712701,0
-67.74566540064825,0
-59.292331132723845,0
-68.6398029731825,0
-66.77043245384122,0
-40.02588935417109,0
-72.39171405353994,0
-61.89474069946035,0
-60.3329999885512,0
-69.63411495914357,0
-72.39926333749884,0
-74.65851825911022,0
-70.18583531173789,0
-61.72584934552126,0
-72.39171405353994,0
-66.38744902315955,0
-62.44122238282286,0
-64.2680684536594,0
-71.84178886635698,0
-69.66450767115919,0
-73.98023820585824,0
-38.57822768625676,0
-70.1691709823084,0
-62.66286911110932,0
-72.39171405353994,0
-64.59913871707657,0
-41.23274164584259,0
-65.81556823061439,0
-57.729920162487524,0
-62.75439490515598,0
-64.81316317496706,0
-65.9137094832555,0
-59.292331132723845,0
-71.3582914109478,0
-67.87138382850885,0
-35.67448566411783,0
-71.06646847336853,0
-68.02919215305486,0
-62.82815038568002,0
-65.86003568686091,0
-76.07114567980364,0
-68.99262055713432,0
-61.81237937626147,0
-65.3220389260738,0
-64.81316317496706,0
-68.32325401640301,0
-59.292331132723845,0
-66.71859443984539,0
-65.08611586361937,0
-65.38227696360786,0
-67.50215427888097,0
-68.19872280065918,0
-65.05077143509543,0
-67.72186191035532,0
-71.98780359741357,0
-69.33638031479342,0
-64.42820688436763,0
-69.2342836707819,0
-68.48090474893257,0
-72.96788795528389,0
-70.09307140775053,0
-62.856620892601924,0
-68.84572662490623,0
-68.5389228058946,0
-65.31073499003294,0
-72.86257460425878,0
-67.30951398932991,0
-49.69005441511738,0
-64.97040148596659,0
-69.66450767115919,0
-59.50360474416414,0
-67.46561130334261,0
-70.51577536608656,0
-72.39171405353994,0
-62.91427300627901,0
-59.292331132723845,0
-72.39171405353994,0
-72.39171405353994,0
-67.94515605806313,0
-68.3723011835675,0
-73.98023820585824,0
-68.34307440468052,0
-70.10855535060921,0
-61.09186579880313,0
-64.2680684536594,0
-72.39171405353994,0
-72.39171405353994,0
-71.06646847336853,0
-66.74041859111095,0
-66.37348211093632,0
-46.9699505298443,0
-72.39171405353994,0
-70.14800512656836,0
-63.21462002276114,0
-50.86897158779098,0
-70.8299733426308,0
-67.0725054326509,0
-63.566414730174905,0
-72.39171405353994,0
-73.98023820585824,0
-64.99317932824677,0
-63.01689123112597,0
-70.18433984804642,0
-72.39171405353994,0
-67.94209438662497,0
-68.76494802726444,0
-69.8119439059382,0
-72.39171405353994,0
-67.38735170844856,0
-53.447223640714434,0
-63.27010808989294,0
-65.45963975656109,0
-64.81316317496706,0
-59.292331132723845,0
-58.14707106195871,0
-70.13771288625881,0
-59.292331132723845,0
-65.43359054488023,0
-60.764488649578155,0
-67.94885878671352,0
-67.968679174991,0
-59.292331132723845,0
-70.08030414529748,0
-63.706702121320546,0
-61.866270192538444,0
-72.5676107851648,0
-64.81316317496706,0
-32.567654652321046,0
-66.36791895906653,0
-72.96788795528389,0
-64.8072617686079,0
-68.3036612351574,0
-61.827941259997296,0
-65.10959657459135,0
-70.19264660507665,0
-63.37278569457463,0
-46.182483543112454,0
-73.98023820585824,0
-72.39171405353994,0
-45.30293330452883,0
-63.616584967471965,0
-50.0822345740682,0
-70.19132894326319,0
-65.61248507548079,0
-72.39171405353994,0
-66.39392934108224,0
-66.68500344067364,0
-70.8299733426308,0
-66.35084938731946,0
-41.23513164455712,0
-72.47909589406197,0
-50.39026863248302,0
-66.70765504128913,0
-59.292331132723845,0
-68.79673100797237,0
-64.81316317496706,0
-70.8299733426308,0
-71.89998873249212,0
-70.8299733426308,0
-72.39171405353994,0
-64.38992204597847,0
-61.30496013601971,0
-68.70265079933941,0
-66.09274048753763,0
-72.47909589406197,0
-66.99179094577909,0
-63.92410000738535,0
-66.71731805646293,0
-70.11960696137649,0
-58.87679123596267,0
-63.04222284487561,0
-67.4764740290702,0
-61.62864648572323,0
-67.31998865117178,0
-59.6451870417792,0
-72.39171405353994,0
-67.94033121935496,0
-55.469955650661944,0
-68.12428408666355,0
-55.133228324730354,0
-67.93759277130602,0
-59.71169943308928,0
-65.36533483366175,0
-73.76818536852917,0
-67.26412648531856,0
-40.42424521781998,0
-62.89645710523486,0
-64.51294593208348,0
-65.15620847325484,0
-64.7961416072231,0
-74.68288358705382,0
-61.878147600396396,0
-39.5378475660935,0
-66.25271275959206,0
-69.2621512149747,0
-69.99438469727954,0
-68.3482725970224,0
-68.67869592093119,0
-72.39171405353994,0
-53.39551716194185,0
-64.59442910974195,0
-72.39171405353994,0
-72.39171405353994,0
-58.60310262209152,0
-59.292331132723845,0
-71.82622698262117,0
-64.31499762239206,0
-72.39171405353994,0
-17.06300166184827,0
-72.39171405353994,0
-70.8299733426308,0
-70.16914640886031,0
-72.03144176970056,0
-59.292331132723845,0
-70.16292436381312,0
-64.97133242489976,0
-71.853137452774,0
-34.427737219325685,0
-51.99537017573176,0
-70.8299733426308,0
-72.39171405353994,0
-62.97964654477207,0
-59.292331132723845,0
-57.673752371633334,0
-63.782186508192396,0
-70.12087856187003,0
-69.74211710162629,0
-43.31220111792589,0
-68.66391034818812,0
-64.75330895112059,0
-68.45013228292626,0
-69.04362636485733,0
-65.97533171727393,0
-66.40396084657002,0
-66.06728780178634,0
-59.292331132723845,0
-57.10773598284664,0
-59.192171021301924,0
-59.292331132723845,0
-67.94033121935496,0
-64.40645529113694,0
-50.508066207597075,0
-66.47384919496109,0
-69.10125214824596,0
-70.17869182770806,0
-76.07114567980364,0
-70.41087591929546,0
-67.86199584819568,0
-67.968679174991,0
-67.89458841396626,0
-69.50472776245938,0
-70.57114741729211,0
-65.31749939012148,0
-67.47255764346295,0
-72.39171405353994,0
-68.16694911537388,0
-67.86893893283465,0
-69.24278106452803,0
-72.47909589406197,0
-66.6788842094897,0
-25.302513783161167,0
-72.75436734046038,0
-59.292331132723845,0
-67.94885878671352,0
-66.06728780178634,0
-66.03226860770751,0
-72.39171405353994,0
-60.97391780506001,0
-70.13094270281618,0
-68.70582820784034,0
-62.854545210663446,0
-63.07919840007649,0
-70.12494562380576,0
-41.241188228065276,0
-50.98376926405329,0
-72.39171405353994,0
-53.30958097546634,0
-68.56819219948508,0
-63.400535754273626,0
-72.39171405353994,0
-59.292331132723845,0
-43.462580535156405,0
-70.14105170911094,0
-68.96202413248668,0
-63.312020863170794,0
-65.78284360220081,0
-67.51295857244574,0
-68.12575176614922,0
-68.86772963323247,0
-65.07092541568937,0
-70.91735518315282,0
-67.48007189301225,0
-74.350995180039,0
-68.44803877301322,0
-38.55084572017027,0
-67.97107554226486,0
-68.59588276813966,0
-72.39171405353994,0
-72.39171405353994,0
-39.79596548569514,0
-72.47909589406197,0
-58.76379857437011,0
-71.00587007425565,0
-72.39171405353994,0
-40.87419996157441,0
-70.17757544795788,0
-68.73322094920937,0
-72.5676107851648,0
-56.45900369439648,0
-68.54661181383263,0
-70.14920359679454,0
-70.16914640886031,0
-70.8299733426308,0
-67.69002955874613,0
-35.851598423368536,0
-60.392576993238535,0
-70.51577536608656,0
-71.37042600808626,0
-57.343679057741426,0
-64.72402769032497,0
-57.086399151016515,0
-72.39171405353994,0
-64.74469015202374,0
-34.8859539243446,0
-69.21482856680981,0
-67.90330909762494,0
-59.292331132723845,0
-64.70283036335307,0
-72.39171405353994,0
-72.39171405353994,0
-60.976656253108956,0
-45.8736479046796,0
-70.2196744453604,0
-30.803902843588585,0
-72.43606420724205,0
-34.8859539243446,0
-65.99300024538127,0
-72.39171405353994,0
-72.39171405353994,0
-62.85435810783234,0
-72.39171405353994,0
-53.42042057079841,0
-66.22224506766591,0
-62.97964654477207,0
-61.92426089539868,0
-67.968679174991,0
-72.85435448356169,0
-64.30868703466555,0
-61.28811578160423,0
-69.34537403041716,0
-58.73681822824599,0
-63.566414730174905,0
-72.39171405353994,0
-70.8299733426308,0
-67.66168160311007,0
-70.96392094194314,0
-61.81932246090046,0
-69.32419638209839,0
-64.72843758913498,0
-20.583123380648217,0
-70.51577536608656,0
-68.67525893460513,0
-70.18583531173789,0
-66.99085611676391,0
-67.8808163406926,0
-67.5287629627743,0
-68.06623688748687,0
-67.29069349683299,0
-72.39171405353994,0
-66.30025513728653,0
-72.39171405353994,0
-75.46196910831779,0
-59.292331132723845,0
-50.95107668884651,0
-59.41491554219983,0
-72.39171405353994,0
-67.87183251319506,0
-70.8299733426308,0
-72.39171405353994,0
-70.19264660507665,0
-64.2772930348691,0
-67.05879136792518,0
-59.918471850097085,0
-62.86112250792088,0
-55.101462072480146,0
-67.99507023367872,0
-67.20661955386252,0
-67.94515605806313,0
-69.61933102915589,0
-66.7030802308089,0
-65.41244499935934,0
-59.292331132723845,0
-72.39171405353994,0
-44.857371016795106,0
-62.42289745823683,0
-64.26053268090712,0
-69.46040961432232,0
-72.39171405353994,0
-49.723150230448574,0
-67.20943937167792,0
-64.510732013191,0
-72.05403194777497,0
-44.51676161845196,0
-67.60580198933101,0
-59.292331132723845,0
-67.19955933303653,0
-67.94033121935496,0
-69.50472776245938,0
-63.547855863682216,0
-72.39171405353994,0
-62.632185400343644,0
-68.58262040147784,0
-70.73786576562664,0
-40.61761665599177,0
-70.17757544795788,0
-70.20416023632393,0
-66.62310176634172,0
-72.39171405353994,0
-73.98023820585824,0
-72.39171405353994,0
-72.39171405353994,0
-68.71816500837588,0
-68.93291511079724,0
-68.15409972178529,0
-70.8299733426308,0
-72.39171405353994,0
-69.63890610370117,0
-72.39171405353994,0
-72.25456996115872,0
-57.399459010865186,0
-65.25279441255843,0
-68.68713634246308,0
-74.35699225904943,0
-59.292331132723845,0
-66.25053267378595,0
-68.70257646060597,0
-65.30373692219933,0
-61.818947544373565,0
-67.01804299901238,0
-64.82522979380475,0
-52.84574516347168,0
-53.924694846340074,0
-64.54093120496302,0
-66.95721009182711,0
-64.89512460290632,0
-49.69005441511738,0
-61.131827149096075,0
-70.15748403979623,0
-68.86772963323247,0
-70.04136111717355,0
-65.76011815987769,0
-70.19264660507665,0
-68.712599491656,0
-72.39171405353994,0
-70.17307383263892,0
-67.87755773193149,0
-64.90466443714392,0
-71.89168197546189,0
-72.39171405353994,0
-61.91906270305682,0
-46.46464795892579,0
-67.62878907500603,0
-70.18175349914623,0
-72.39171405353994,0
-66.47283320749953,0
-60.90746449228974,0
-47.07382382770455,0
-70.15842274849416,0
-69.25036543846167,0
-72.39171405353994,0
-69.63457103625103,0
-66.40396084657002,0
-48.988559527318024,0
-47.48241245425817,0
-70.61939434040256,0
-67.53729053013285,0
-65.4428972748404,0
-51.811332029538036,0
-70.14654534063621,0
-62.75619602298717,0
-65.72535185982665,0
-66.07292009926013,0
-23.05176517481353,0
-59.292331132723845,0
-65.19351411882242,0
-53.59043761301556,0
-66.81594746140435,0
-72.5676107851648,0
-66.36739547507078,0
-72.39171405353994,0
-64.96417931580628,0
-62.81762860725836,0
-53.54059283705877,0
-72.39171405353994,0
-66.06326184974674,0
-74.28419574057594,0
-66.01977141353646,0
-59.292331132723845,0
-67.29397499195213,0
-65.7095096020994,0
-68.71053730997573,0
-68.12977771818882,0
-70.89819237331979,0
-63.34606637725621,0
-66.63436430318113,0
-67.49306712813416,0
-68.21060020851714,0
-25.03834364380149,0
-65.24945694410057,0
-60.99550015963284,0
-72.39171405353994,0
-74.34873239526942,0
-68.25779479502869,0
-63.58449848720939,0
-64.57677139236658,0
-70.21485206019105,0
-68.79877889326823,0
-61.14694580037449,0
-72.39171405353994,0
-72.5676107851648,0
-65.94153064488039,0
-65.00998916967323,0
-72.39171405353994,0
-62.789821453138885,0
-66.42664254240626,0
-65.47841753359677,0
-63.17340446106175,0
-70.28335541266124,0
-68.95403465517741,0
-63.73931019556487,0
-64.29047144684635,0
-61.69487483608463,0
-68.36983751252052,0
-66.37859050844581,0
-62.34808819834236,0
-71.88643034486526,0
-65.96476926330935,0
-68.71778489670885,0
-70.8299733426308,0
-59.292331132723845,0
-61.96848461281102,0
-59.95750917606144,0
-60.89832088194967,0
-68.27414103921909,0
-67.4156996640846,0
-67.91588666447262,0
-67.94515605806313,0
-67.46897272590698,0
-72.39171405353994,0
-68.89182552339832,0
-71.4331994955097,0
-68.2203568562953,0
-72.39171405353994,0
-64.37513987756267,0
-61.241888901828716,0
-61.12515869089438,0
-70.12970312269391,0
-68.18447534948896,0
-44.94193581065216,0
-66.43890923208781,0
-60.27276871720024,0
-66.46710084069764,0
-69.6893038369358,0
-72.39171405353994,0
-72.39171405353994,0
-70.0864546043217,0
-66.7276061304816,0
-72.04400891672492,0
-68.50299070391799,0
-41.817184539424126,0
-67.93759277130602,0
-67.01204446805173,0
-62.32470159786613,0
-63.94603704520272,0
-56.333931736236885,0
-72.39171405353994,0
-72.39171405353994,0
-72.47909589406197,0
-54.804307676170545,0
-44.058478166437965,0
-59.292331132723845,0
-67.87183251319506,0
-72.39171405353994,0
-73.98023820585824,0
-67.69399117490156,0
-70.8299733426308,0
-74.38051537597732,0
-72.39171405353994,0
-61.878147600396396,0
-73.98023820585824,0
-71.29426572523754,0
-69.16851244776929,0
-61.89924231477931,0
-72.10429951840486,0
-66.97536585985816,0
-72.39171405353994,0
-62.88614108854024,0
-65.3130608878256,0
-71.06646847336853,0
-67.95035425040498,0
-38.56639861990264,0
-63.037398006167436,0
-64.26780877319274,0
-70.15842274849416,0
-68.1917797160202,0
-66.02358610042506,0
-45.39453376259713,0
-60.662429423041225,0
-66.81940518333624,0
-70.18063711939604,0
-70.15842274849416,0
-71.55589972585301,0
-65.05039651856855,0
-67.09027655965566,0
-72.47909589406197,0
-71.89168197546189,0
-55.911111691082446,0
-72.39171405353994,0
-66.80904149194228,0
-68.8073976923651,0
-70.9316940077546,0
-69.39705006152352,0
-71.340921923064,0
-56.3799767695225,0
-64.37889422941183,0
-68.3487859061572,0
-70.10441999416756,0
-45.48222194789564,0
-67.88412590004359,0
-68.46995267120377,0
-65.0977191667334,0
-68.96351959617814,0
-73.98023820585824,0
-61.255862552029235,0
-59.292331132723845,0
-70.8299733426308,0
-49.55916225825673,0
-67.86893893283465,0
-67.62878907500603,0
-59.292331132723845,0
-62.97964654477207,0
-67.968679174991,0
-59.936440688808084,0
-64.27550677047591,0
-72.39171405353994,0
-59.292331132723845,0
-65.00150705438092,0
-70.57641275290659,0
-34.427737219325685,0
-70.16758020111365,0
-65.8675323234125,0
-68.59272510883493,0
-68.78741198211762,0
-71.88643034486526,0
-67.90231630479963,0
-62.35128180056445,0
-62.7511101340386,0
-72.39171405353994,0
-59.292331132723845,0
-74.34696922799941,0
-55.91975429689033,0
-70.8299733426308,0
-72.39171405353994,0
-66.34441816884191,0
-73.98023820585824,0
-58.64082246678213,0
-68.10868219440218,0
-70.51577536608656,0
-59.292331132723845,0
-66.99374246417727,0
-68.29028189416215,0
-64.81316317496706,0
-62.36660676567905,0
-68.47400713546725,0
-69.84696189661125,0
-66.34057559389048,0
-67.94885878671352,0
-72.39171405353994,0
-67.58441797805997,0
-39.56471330028636,0
-70.26448627171202,0
-67.93759277130602,0
-59.292331132723845,0
-68.69534387078963,0
-71.35486412435041,0
-68.95752251716772,0
-64.65239759632331,0
-63.34252218408156,0
-68.40215811605896,0
-67.749339546911,0
-67.62878907500603,0
-63.13847676621469,0
-70.13969836953814,0
-72.39171405353994,0
-70.51577536608656,0
-70.15751027681341,0
-72.39171405353994,0
-21.68082339367995,0
-64.30382858849507,0
-65.97354628970034,0
-54.95742638119065,0
-67.86199584819568,0
-72.47909589406197,0
-72.39171405353994,0
-73.98023820585824,0
-72.39171405353994,0
-68.83889510936453,0
-66.73203515393901,0
-68.73998534929791,0
-40.265609727191936,0
-68.53269683455096,0
-67.86856401630777,0
-64.98554461479091,0
-67.47255764346295,0
-70.14654534063621,0
-66.90425868164999,0
-64.31961556236959,0
-63.92190465031304,0
-74.2755769414791,0
-72.60307356942549,0
-42.72086925543729,0
-48.38257795053773,0
-72.39171405353994,0
-64.08222592711549,0
-67.65147691698967,0
-70.8299733426308,0
-65.53476711748189,0
-59.292331132723845,0
-63.99093340531127,0
-67.86856401630777,0
-65.95445510484079,0
-70.8299733426308,0
-67.88399138021362,0
-68.95041099816265,0
-67.39386041316418,0
-67.93363523671711,0
-64.64789598100435,0
-42.05388339530802,0
-59.292331132723845,0
-69.80064697689028,0
-60.91277997706888,0
-68.79877889326823,0
-32.05763175217275,0
-68.06859462064617,0
-75.46196910831779,0
-72.39171405353994,0
-73.98023820585824,0
-70.60315720660859,0
-65.73900954964928,0
-70.12450493035203,0
-62.15378730948148,0
-51.47608756332273,0
-70.15231208447153,0
-38.47155124518877,0
-63.677033317668176,0
-71.06646847336853,0
-72.39171405353994,0
-71.58497492128694,0
-72.77405971315595,0
-68.84873413275787,0
-67.91588666447262,0
-58.57117731936075,0
-64.24380448865521,0
-67.52972165136859,0
-70.09307140775053,0
-74.53502949614723,0
-70.14283295565147,0
-58.941252613041634,0
-62.936837787631006,0
-68.18897696480792,0
-63.27326985878271,0
-68.10130721126691,0
-66.43063319522682,0
-72.39171405353994,0
-65.15051167725177,0
-44.541310163810344,0
-49.53394765283413,0
-59.292331132723845,0
-54.57532833468197,0
-57.44046336752949,0
-68.74207006128091,0
-70.51577536608656,0
-72.39171405353994,0
-56.85499350574101,0
-65.34954695882237,0
-73.98023820585824,0
-61.89924231477931,0
-68.6506408080989,0
-63.41304696565052,0
-73.98023820585824,0
-70.15751027681341,0
-54.02017190934375,0
-68.11232149423316,0
-48.97581750255709,0
-70.16983339654158,0
-67.47157927786365,0
-64.96820526784587,0
-67.86893893283465,0
-60.27276871720024,0
-55.01929083469647,0
-63.519929488097816,0
-71.06646847336853,0
-61.83119986875841,0
-64.81316317496706,0
-71.00587007425565,0
-69.8799863519591,0
-72.39171405353994,0
-69.32883103083452,0
-66.57117679757779,0
-66.91601784888913,0
-59.292331132723845,0
-66.96978793745286,0
-60.68943599160115,0
-64.24438684010008,0
-59.292331132723845,0
-59.27774225137823,0
-60.6376866976272,0
-64.31198240710228,0
-73.98023820585824,0
-71.87648853627579,0
-53.82516322191087,0
-66.31581702102234,0
-66.3631017117043,0
-59.292331132723845,0
-63.99154430854881,0
-67.23009509772011,0
-67.53830971657372,0
-67.83530935061437,0
-62.85259494056233,0
-66.30840408040417,0
-71.84178886635698,0
-70.14741411549599,0
-57.26656620428927,0
-55.70482549338013,0
-54.6214295991224,0
-66.50780573592873,0
-63.13847676621469,0
-66.10388995065526,0
-69.50148724765164,0
-66.44881079264113,0
-72.85435448356169,0
-72.47909589406197,0
-71.17039304301409,0
-35.296281708672154,0
-69.43159750450113,0
-63.95969742526582,0
-43.47187554953124,0
-23.808931952967054,0
-61.31927044541414,0
-66.95711781085714,0
-68.89398168646576,0
-70.16914640886031,0
-73.28333982092008,0
-68.27011508717949,0
-63.39978965946375,0
-61.159999915495234,0
-66.7555502822282,0
-68.39062610815351,0
-69.05190381307595,0
-70.18063711939604,0
-61.89553958612894,0
-68.53495961932055,0
-67.94033121935496,0
-66.70059265354253,0
-66.97752998886918,0
-72.4184974949491,0
-59.292331132723845,0
-70.15231208447153,0
-68.22797927339343,0
-58.375257894471844,0
-65.7858259927947,0
-69.28385732180806,0
-59.292331132723845,0
-64.81316317496706,0
-66.11536362629909,0
-70.12445725565269,0
-66.90744158584992,0
-65.9427102210227,0
-62.70826958999545,0
-64.94040733167041,0
-67.25532370872719,0
-59.292331132723845,0
-70.63815737381248,0
-61.671963888159844,0
-69.09105671185915,0
-68.3036612351574,0
-59.292331132723845,0
-67.8808163406926,0
-65.7050083391633,0
-59.292331132723845,0
-70.20935842866578,0
-59.292331132723845,0
-72.39171405353994,0
-65.89833782344817,0
-74.28745434933705,0
-72.39171405353994,0
-71.97261663020461,0
-61.89553958612894,0
-70.45625378555077,0
-59.88703832749557,0
-68.89398168646576,0
-59.292331132723845,0
-72.39171405353994,0
-67.7150220856175,0
-64.2681085774631,0
-62.06527241837863,0
-72.39171405353994,0
-43.984947796120764,0
-74.28745434933705,0
-65.05077143509543,0
-68.84572662490623,0
-67.37755643535083,0
-57.17478588466956,0
-70.8299733426308,0
-71.36020613964743,0
-59.292331132723845,0
-70.16292436381312,0
-72.39171405353994,0
-68.81891690814764,0
-67.51010721897768,0
-62.88614108854024,0
-66.98458501155778,0
-68.22336326951589,0
-67.20316025069397,0
-68.89398168646576,0
-66.34441816884191,0
-70.16424843988477,0
-68.81208998637615,0
-61.89474069946035,0
-70.09307140775053,0
-73.98023820585824,0
-67.94033121935496,0
-66.60490490224434,0
-66.82376365719175,0
-70.8299733426308,0
-71.98780359741357,0
-71.80977509031517,0
-67.46521626647386,0
-69.2948669437858,0
-62.75959309749785,0
-72.39171405353994,0
-64.363332345676,0
-65.61832404512815,0
-56.445802210466866,0
-59.292331132723845,0
-70.15768027177268,0
-68.31955128775266,0
-56.24523893487684,0
-72.78522851709026,0
-72.5676107851648,0
-72.39171405353994,0
-68.06623688748687,0
-70.16782629350803,0
-67.99278164909825,0
-70.60315720660859,0
-56.85499350574101,0
-70.12087856187003,0
-59.292331132723845,0
-68.73019265342296,0
-66.60041914171971,0
-61.17283380596934,0
-56.3799767695225,0
-58.270760393293905,0
-67.16079599984934,0
-72.39171405353994,0
-66.62863540639255,0
-72.0488337554331,0
-61.91906270305682,0
-67.86893893283465,0
-59.292331132723845,0
-63.400535754273626,0
-68.95403465517741,0
-59.292331132723845,0
-67.94435717139456,0
-58.67835242628535,0
-70.8299733426308,0
-44.799310637122296,0
-65.37915210726808,0
-62.47436240889247,0
-59.292331132723845,0
-62.85435810783234,0
-68.32325401640301,0
-67.73594258957425,0
-64.3963853668367,0
-43.43490502274909,0
-57.99901024457918,0
-65.79187892430673,0
-31.839883353328513,0
-58.941252613041634,0
-65.13218675266576,0
-72.5676107851648,0
-64.72901885697006,0
-68.31875240108405,0
-72.39171405353994,0
-48.60843736555086,0
-59.292331132723845,0
-64.36326246970472,0
-65.21963392086614,0
-59.47061423828473,0
-68.96234490233704,0
-67.88412590004359,0
-62.79308006189997,0
-17.06300166184827,0
-62.443268431979,0
-71.98449403806256,0
-72.39171405353994,0
-71.06646847336853,0
-70.09307140775053,0
-66.97416738963199,0
-67.94209438662497,0
-64.30566488603245,0
-66.96387514932243,0
-68.56649082028446,0
-59.292331132723845,0
-62.34010468646379,0
-57.553015815950616,0
-70.1858822049881,0
-61.866270192538444,0
-68.34307440468052,0
-64.81316317496706,0
-72.39171405353994,0
-72.39171405353994,0
-70.51577536608656,0
-63.13847676621469,0
-59.82123141951157,0
-62.491851445457065,0
-65.23757953624262,0
-64.81784560581406,0
-64.66760219580226,0
-65.11714349858055,0
-67.29726166494508,0
-66.39708704724889,0
-65.4109797476048,0
-70.17307383263892,0
-64.18767994162525,0
-69.66450767115919,0
-35.296281708672154,0
-64.34744311358459,0
-59.292331132723845,0
-41.951083919290504,0
-72.39171405353994,0
-40.56772671440422,0
-64.68418057703121,0
-48.814639170279165,0
-64.33744786674036,0
-68.34303952815102,0
-68.49410551037498,0
-65.9098385669545,0
-70.13244324283255,0
-71.58759691611797,0
-72.39171405353994,0
-70.42675291241022,0
-64.99968038053582,0
-53.447223640714434,0
-70.45782365093346,0
-57.13813055993314,0
-70.51577536608656,0
-72.39171405353994,0
-62.674800661609986,0
-59.292331132723845,0
-48.12831370420824,0
-59.292331132723845,0
-68.76729712295614,0
-70.17757544795788,0
-67.94033121935496,0
-65.29949244342764,0
-62.439310676146604,0
-62.34010468646379,0
-68.59691350875482,0
-71.87159056730025,0
-68.10130721126691,0
-68.45916646423376,0
-71.53335076182012,0
-65.07999134802635,0
-64.51555469278391,0
-71.01629360938018,0
-72.39171405353994,0
-70.09647511688382,0
-64.30261402036841,0
-71.86502239918815,0
-31.4295900365666,0
-65.29853872985747,0
-71.98449403806256,0
-68.71258670436697,0
-61.04742698307674,0
-72.39171405353994,0
-62.98463796944179,0
-33.29420011328285,0
-61.66135160881827,0
-64.45822876553332,0
-66.84634017341996,0
-65.33731977839899,0
-72.39171405353994,0
-59.292331132723845,0
-64.81316317496706,0
-59.292331132723845,0
-66.46710084069764,0
-65.52657363563459,0
-71.3582914109478,0
-70.14800512656836,0
-53.447223640714434,0
-26.109894471032895,0
-31.016915585305252,0
-72.5676107851648,0
-73.98023820585824,0
-71.00587007425565,0
-64.93321124678938,0
-38.47155124518877,0
-60.30787822275049,0
-59.292331132723845,0
-55.133228324730354,0
-69.50472776245938,0
-58.941252613041634,0
-58.586934686490984,0
-65.39528990512018,0
-60.25758174999131,0
-71.37436426366683,0
-67.94033121935496,0
-52.84267848990186,0
-71.98449403806256,0
-68.21999876026777,0
-71.84505501367428,0
-72.39171405353994,0
-68.25530510412439,0
-71.29410923634401,0
-72.39171405353994,0
-67.62878907500603,0
-72.39171405353994,0
-50.510172538028435,0
-72.39171405353994,0
-70.10441999416756,0
-60.91277997706888,0
-72.39171405353994,0
-70.18583531173789,0
-70.13626478753937,0
-59.58353425207738,0
-59.292331132723845,0
-48.50329131164715,0
-70.16424843988477,0
-42.20255821564718,0
-64.18759916934384,0
-73.98023820585824,0
-56.4841480723756,0
-72.39171405353994,0
-68.73841953526173,0
-58.74151996524508,0
-68.31955128775266,0
-67.800410190038,0
-62.121142612999165,0
-67.86573626958935,0
-64.86342065487155,0
-64.51294593208348,0
-72.39171405353994,0
-72.39171405353994,0
-48.39119674963458,0
-67.86893893283465,0
-64.75330895112059,0
-49.723150230448574,0
-70.51577536608656,0
-70.51577536608656,0
-61.0925390355636,0
-66.25803955059598,0
-67.33775279756826,0
-43.23991013333364,0
-67.401778885269,0
-59.292331132723845,0
-67.12966694576251,0
-58.941252613041634,0
-64.30792767080203,0
-64.53864232665974,0
-66.36006018372795,0
-69.9833704143133,0
-70.51577536608656,0
-42.05471570521547,0
-62.836294561416466,0
-64.81316317496706,0
-70.60315720660859,0
-66.0744155629516,0
-73.98023820585824,0
-72.39171405353994,0
-36.507284092355135,0
-70.12087856187003,0
-69.04141649569944,0
-66.94245966508913,0
-43.97837962800867,0
-70.4589631466068,0
-68.27011508717949,0
-38.66118374404125,0
-72.39171405353994,0
-67.3355505349076,0
-20.583123380648217,0
-72.39171405353994,0
-71.3582914109478,0
-72.4184974949491,0
-48.45573340432805,0
-60.00220891294301,0
-72.5676107851648,0
-67.05382269560386,0
-74.37531718363545,0
-60.615373175032985,0
-66.6810702529231,0
-64.52986806148681,0
-65.23757953624262,0
-62.84002779353797,0
-62.97964654477207,0
-33.59959360153599,0
-72.39171405353994,0
-67.968679174991,0
-63.98393648899946,0
-57.27183420119662,0
-72.39171405353994,0
-59.292331132723845,0
-67.94209438662497,0
-72.39171405353994,0
-65.41322131846104,0
-67.88412590004359,0
-66.99423249233517,0
-60.57146365014701,0
-72.39171405353994,0
-72.39171405353994,0
-67.42626768867109,0
-69.50472776245938,0
-66.09274048753763,0
-62.590186055122714,0
-65.61248507548079,0
-67.87755773193149,0
-66.79114696118356,0
-67.95035425040498,0
-55.43304957409428,0
-68.05398456310203,0
-70.44043496091405,0
-61.89924231477931,0
-59.292331132723845,0
-68.8674327317396,0
-64.3232684498694,0
-70.20416023632393,0
-66.45834810338896,0
-64.252476817756,0
-53.91492155502253,0
-67.12873310001179,0
-72.39171405353994,0
-74.27520202495222,0
-66.7094449758646,0
-71.82622698262117,0
-65.21097755232479,0
-59.936440688808084,0
-67.30366165605388,0
-70.89812102570257,0
-63.87464719623465,0
-72.10429951840486,0
-72.47909589406197,0
-72.39171405353994,0
-63.349761843680646,0
-65.90438128848156,0
-64.50788537792478,0
-68.79673100797237,0
-67.97387736733288,0
-59.292331132723845,0
-67.94435717139456,0
-67.94435717139456,0
-70.22766043254023,0
-64.63161618843405,0
-70.51577536608656,0
-65.95431642069573,0
-71.97224171367773,0
-64.25254669372727,0
-69.3970886251184,0
-72.39171405353994,0
-59.19376180249668,0
-68.15910536739116,0
-40.36774578292635,0
-68.43822589659595,0
-70.15104695595517,0
-73.98023820585824,0
-40.17792011362211,0
-73.98023820585824,0
-69.29661880090703,0
-71.30982760897338,0
-72.39171405353994,0
-70.15136772580556,0
-72.39171405353994,0
-45.45334408616832,0
-67.94033121935496,0
-64.90853827944143,0
-65.1896874757816,0
-66.13886382251542,0
-66.55201067381273,0
-71.3582914109478,0
-43.62400246574675,0
-68.80480396785015,0
-64.27550677047591,0
-62.34010468646379,0
-71.1779563297712,0
-72.39171405353994,0
-70.04952738524585,0
-73.59377247228073,0
-70.12413648580232,0
-59.298836965761154,0
-32.567654652321046,0
-70.15091587168413,0
-72.39171405353994,0
-68.94437363402386,0
-65.6455118904273,0
-68.78782897649454,0
-62.84002779353797,0
-62.8918016573416,0
-67.94515605806313,0
-71.31243416093002,0
-62.86261797161238,0
-61.866270192538444,0
-64.5074766597006,0
-64.27913639402973,0
-72.39171405353994,0
-64.93000184592893,0
-45.49712416080058,0
-64.94766848084485,0
-69.66747723102003,0
-69.19052978591517,0
-63.21853778475567,0
-62.541433575527655,0
-62.88094289619839,0
-72.39171405353994,0
-70.17789621780827,0
-68.2087973530854,0
-72.39171405353994,0
-59.292331132723845,0
-41.951083919290504,0
-72.39171405353994,0
-68.95403465517741,0
-65.93195689241655,0
-68.21999876026777,0
-61.83450942810939,0
-62.85259494056233,0
-37.35955300990463,0
-70.54286660492865,0
-73.98023820585824,0
-62.287549410970506,0
-71.43779384548233,0
-66.00034707478416,0
-54.798721605148145,0
-59.292331132723845,0
-68.48433919159822,0
-70.62864304798256,0
-70.13626478753937,0
-72.39171405353994,0
-68.71784423852552,0
-54.4947529254096,0
-44.754410115068865,0
-68.1983478841323,0
-55.86098753805451,0
-69.87194803167228,0
-65.52948435051196,0
-72.94286937466453,0
-71.96567354556564,0
-70.28335541266124,0
-72.39171405353994,0
-59.292331132723845,0
-72.39171405353994,0
-65.9705029003254,0
-60.62573354273994,0
-67.97387736733288,0
-70.9790866328465,0
-72.5676107851648,0
-72.39171405353994,0
-57.749620086751435,0
-69.12812728458306,0
-53.447223640714434,0
-64.57908730469941,0
-66.0518253848772,0
-43.53685843936181,0
-68.74760643539247,0
-67.91588666447262,0
-71.06646847336853,0
-65.55197101099616,0
-70.15842274849416,0
-74.27520202495222,0
-64.81316317496706,0
-68.04741639498994,0
-67.92776407233058,0
-59.292331132723845,0
-63.13847676621469,0
-72.39171405353994,0
-61.03230186953549,0
-65.95816461456887,0
-59.292331132723845,0
-72.39171405353994,0
-70.16300390833868,0
-66.83398820986501,0
-70.16292436381312,0
-65.26929014204495,0
-62.78354225980429,0
-67.20179232876471,0
-68.37883122814426,0
-59.292331132723845,0
-68.95403465517741,0
-61.827941259997296,0
-67.14800149203452,0
-70.10404507764068,0
-67.8808163406926,0
-64.66751624760172,0
-72.39171405353994,0
-66.41213665642373,0
-69.2152034833367,0
-68.90973360749919,0
-74.34873239526942,0
-67.23043416125017,0
-70.19132894326319,0
-63.61489119922501,0
-69.22382228243353,0
-71.89168197546189,0
-69.9833704143133,0
-59.51172568108279,0
-65.05445737417912,0
-59.292331132723845,0
-66.1131872448933,0
-66.88425708446009,0
-67.45238478080763,0
-64.25382751970524,0
-68.21058728766087,0
-67.7902782967689,0
-40.65442384238274,0
-33.64168015136359,0
-52.81924976038381,0
-68.71334262320656,0
-68.83352527711989,0
-66.75872284395209,0
-61.94345826031498,0
-67.92776407233058,0
-72.5676107851648,0
-64.42959945503753,0
-63.668414518571325,0
-63.312020863170794,0
-69.65116413531499,0
-59.292331132723845,0
-59.292331132723845,0
-68.9489154052836,0
-70.09307140775053,0
-70.61881434900715,0
-70.8299733426308,0
-69.61874001808351,0
-62.414327369517956,0
-72.39171405353994,0
-72.47909589406197,0
-63.18841230060882,0
-69.50472776245938,0
-61.86350408160514,0
-72.39171405353994,0
-72.39171405353994,0
-62.1268758545362,0
-73.98023820585824,0
-66.17614206879317,0
-72.01956436184261,0
-62.97964654477207,0
-67.46156971113473,0
-66.60543653732572,0
-66.47384919496109,0
-66.33797108041476,0
-35.97449023762177,0
-73.98023820585824,0
-68.12977771818882,0
-68.50648911239864,0
-61.900737778470805,0
-72.5676107851648,0
-65.82234008880515,0
-66.95711074923389,0
-63.14569794782332,0
-70.13626478753937,0
-72.39171405353994,0
-72.39171405353994,0
-63.03630232063846,0
-70.14001913938853,0
-71.36180720898939,0
-59.292331132723845,0
-63.01503068145743,0
-73.98023820585824,0
-68.49640547343354,0
-66.96052381340739,0
-69.64405261630992,0
-70.8299733426308,0
-66.04953361040343,0
-69.28385732180806,0
-72.39171405353994,0
-61.900737778470805,0
-67.88412590004359,0
-71.54371195774209,0
-72.39171405353994,0
-67.12539563155393,0
-70.51577536608656,0
-48.546511080200474,0
-70.16758020111365,0
-66.08226817742727,0
-70.32005921994391,0
-64.6506344290533,0
-63.316713940285425,0
-60.91277997706888,0
-72.39171405353994,0
-70.15091587168413,0
-61.866270192538444,0
-72.39171405353994,0
-68.3704047835933,0
-66.9302073407043,0
-70.18063711939604,0
-60.24833154111497,0
-63.15850274538114,0
-59.292331132723845,0
-71.02825620181058,0
-53.447223640714434,0
-48.46249780441659,0
-65.13055876493442,0
-70.16324513366351,0
-65.96987830443156,0
-67.37299462684871,0
-63.13847676621469,0
-63.73362701132646,0
-66.65456220589323,0
-64.90547660800327,0
-63.64269327805435,0
-73.98023820585824,0
-72.39171405353994,0
-61.04520952837189,0
-61.899393442477354,0
-61.81237937626147,0
-72.47909589406197,0
-59.292331132723845,0
-72.39171405353994,0
-52.62869305562865,0
-54.421448662415806,0
-60.9320336586852,0
-42.12089596752686,0
-72.47909589406197,0
-61.19923927142823,0
-54.71489262210763,0
-60.01203761191842,0
-66.4871635217939,0
-72.39171405353994,0
-68.91169162783802,0
-56.56138335653041,0
-70.10404507764068,0
-66.46359777141113,0
-63.67687356034206,0
-69.19052978591517,0
-70.51577536608656,0
-70.51577536608656,0
-60.3329999885512,0
-74.2755769414791,0
-56.873439081711055,0
-56.87715146669579,0
-66.81407062612823,0
-72.73213354264121,0
-67.54563505386422,0
-70.8299733426308,0
-72.39171405353994,0
-58.2900970832584,0
-65.90062788689416,0
-27.27312175195527,0
-67.7325461153203,0
-72.07235687236098,0
-61.716056559495634,0
-67.86893893283465,0
-59.292331132723845,0
-66.04953361040343,0
-68.95041099816265,0
-62.29123946353971,0
-68.35568152446925,0
-67.06499073065038,0
-72.39171405353994,0
-72.39171405353994,0
-65.06474720963247,0
-68.21390976786812,0
-66.65295740998901,0
-67.93759277130602,0
-70.11963487048337,0
-73.98023820585824,0
-64.55485192628792,0
-68.46081607467033,0
-67.88412590004359,0
-70.51577536608656,0
-67.92776407233058,0
-48.64755027532143,0
-62.87492398406471,0
-66.97536585985816,0
-71.86501486063196,0
-67.22531346079258,0
-72.92177466028161,0
-67.54176924438048,0
-68.29028189416215,0
-64.22905980968049,0
-70.8299733426308,0
-70.13244324283255,0
-64.06024806259029,0
-66.68103346043605,0
-59.50743742097829,0
-73.98023820585824,0
-70.1743446012022,0
-72.39171405353994,0
-62.01642754725557,0
-52.17908876925813,0
-67.94885878671352,0
-61.81932246090046,0
-66.69347085947295,0
-70.16292436381312,0
-72.39171405353994,0
-48.562274788901114,0
-74.57000336800736,0
-38.913992107500384,0
-68.4769196339491,0
-69.1911718705424,0
-68.44803877301322,0
-69.31494372549307,0
-36.34900413139047,0
-59.292331132723845,0
-72.39171405353994,0
-69.1299313868023,0
-72.39171405353994,0
-61.880232871191595,0
-68.47515086354562,0
-66.66970002381389,0
-64.81316317496706,0
-68.31648961631447,0
-61.866270192538444,0
-68.69983801255702,0
-39.38743973123194,0
-74.34873239526942,0
-70.1408459473839,0
-67.94435717139456,0
-69.1713514822649,0
-68.98184452076416,0
-66.06361862907863,0
-72.39171405353994,0
-67.86199584819568,0
-66.00317609609571,0
-68.70265079933941,0
-48.51834032034212,0
-36.86896627263648,0
-68.76729712295614,0
-70.5943476315928,0
-70.8299733426308,0
-53.500124796573,0
-53.21641967684763,0
-60.91277997706888,0
-59.292331132723845,0
-48.54730996686906,0
-45.18519573831697,0
-70.60315720660859,0
-71.88168672861764,0
-42.72086925543729,0
-67.96209811143785,0
-65.12693907966435,0
-72.47909589406197,0
-42.22667400602307,0
-69.83442492016184,0
-68.73998534929791,0
-72.39171405353994,0
-65.65071008276918,0
-23.05176517481353,0
-68.90166859678797,0
-67.94515605806313,0
-68.34303952815102,0
-37.35568932372554,0
-59.292331132723845,0
-70.16424843988477,0
-64.4782072661101,0
-66.9421117712054,0
-73.98023820585824,0
-68.34307440468052,0
-66.3380568579739,0
-62.93194936927676,0
-72.39171405353994,0
-68.73408407410108,0
-66.962427050603,0
-67.968679174991,0
-60.02033673972363,0
-59.292331132723845,0
-65.82287254949047,0
-73.98023820585824,0
-71.10173920454272,0
-59.292331132723845,0
-68.26769898541536,0
-59.292331132723845,0
-55.040869415143455,0
-59.292331132723845,0
-43.61412445696494,0
-67.86199584819568,0
-70.13771288625881,0
-69.63411495914357,0
-74.27520202495222,0
-71.22083886074769,0
-61.866270192538444,0
-68.83889510936453,0
-59.292331132723845,0
-67.8808163406926,0
-72.28813137138141,0
-61.04220179887645,0
-72.39171405353994,0
-67.88412590004359,0
-67.94033121935496,0
-57.96650356313995,0
-70.91618909578987,0
-68.94613680129387,0
-70.8299733426308,0
-70.8299733426308,0
-63.566414730174905,0
-71.853137452774,0
-68.88816831471252,0
-68.97383561287276,0
-72.39171405353994,0
-72.39171405353994,0
-63.41873930931004,0
-59.292331132723845,0
-72.39171405353994,0
-69.1370150620162,0
-66.43890923208781,0
-72.10429951840486,0
-65.9753643170547,0
-65.32053925956461,0
-72.39171405353994,0
-65.98994759527677,0
-68.86772963323247,0
-59.292331132723845,0
-57.57239300857497,0
-55.469955650661944,0
-59.292331132723845,0
-70.13519675421918,0
-68.44805459557136,0
-70.13244324283255,0
-65.98605716074229,0
-68.39461563341581,0
-73.98023820585824,0
-72.5676107851648,0
-66.21431740175474,0
-68.91019616414653,0
-69.64706505300802,0
-72.90989725242366,0
-68.88210427860781,0
-67.94885878671352,0
-66.63073396994598,0
-45.157251207571,0
-66.83358634547544,0
-67.32783682978621,0
-69.02325424873263,0
-72.39171405353994,0
-41.12079961198701,0
-70.15136772580556,0
-66.61184798688332,0
-70.09747690952858,0
-69.22382228243353,0
-61.448239784245224,0
-49.564535840663105,0
-59.292331132723845,0
-72.39171405353994,0
-66.03614821833658,0
-70.15842274849416,0
-56.3799767695225,0
-59.292331132723845,0
-70.10894304661622,0
-72.39171405353994,0
-67.14429498374763,0
-68.66488210332128,0
-65.32055123103478,0
-72.39171405353994,0
-70.57641275290659,0
-38.57822768625676,0
-65.51273159980015,0
-68.06848871363597,0
-67.86893893283465,0
-67.01749120632681,0
-49.82346019609957,0
-66.66149161368973,0
-68.27883607105038,0
-69.63411495914357,0
-59.292331132723845,0
-72.39171405353994,0
-67.93575005951044,0
-55.86098753805451,0
-67.3084304688794,0
-49.723150230448574,0
-55.85569172690337,0
-72.39171405353994,0
-68.49753025239511,0
-68.17771094940042,0
-54.63668800103386,0
-72.44263237535415,0
-72.5676107851648,0
-61.294880181692776,0
-67.88412590004359,0
-37.922861101448795,0
-67.95035425040498,0
-67.86199584819568,0
-62.921701138545956,0
-61.639325438030674,0
-70.91735518315282,0
-69.25036543846167,0
-68.00554312819722,0
-72.39171405353994,0
-72.39171405353994,0
-70.16782629350803,0
-68.71150906510888,0
-63.25434172763491,0
-59.292331132723845,0
-66.32075520561297,0
-54.98395514979804,0
-64.81316317496706,0
-65.35347438260098,0
-68.94092941810374,0
-70.12438737968142,0
-72.39171405353994,0
-71.06646847336853,0
-72.39171405353994,0
-62.34010468646379,0
-68.89627858967135,0
-48.50329131164715,0
-72.39171405353994,0
-67.86199584819568,0
-72.39171405353994,0
-70.15935371298539,0
-64.2489679999446,0
-43.21145978887504,0
-68.12427198724484,0
-59.292331132723845,0
-72.39171405353994,0
-68.95752251716772,0
-70.8299733426308,0
-65.4286527769005,0
-67.86199584819568,0
-69.38443840095603,0
-64.00869555679829,0
-72.39171405353994,0
-67.7501964942129,0
-72.39171405353994,0
-57.57179315589536,0
-64.65580034439401,0
-59.50743742097829,0
-59.750128760559726,0
-67.00600049579108,0
-67.74566540064825,0
-59.41491554219983,0
-67.86199584819568,0
-64.29101380188769,0
-46.75527693389322,0
-66.80101699022383,0
-70.16750552365764,0
-61.87728447550467,0
-71.26974823416913,0
-65.90433061554454,0
-70.66855008582812,0
-61.327016576257535,0
-70.1757391504205,0
-59.292331132723845,0
-66.03994797701925,0
-72.39171405353994,0
-66.36343069197045,0
-57.926958747108266,0
-70.12445725565269,0
-70.15748403979623,0
-69.63411495914357,0
-61.818947544373565,0
-67.92776407233058,0
-72.39171405353994,0
-39.16358719693208,0
-61.878147600396396,0
-67.86893893283465,0
-73.98023820585824,0
-69.80064697689028,0
-71.89792105540099,0
-66.38698625644325,0
-62.73457451687849,0
-74.35549679535796,0
-49.531163182009884,0
-63.312020863170794,0
-66.25907721346668,0
-70.25715110056552,0
-69.10005042748287,0
-35.03191009273998,0
-66.01352930504001,0
-72.44281830934956,0
-36.778331874340545,0
-62.685652271606045,0
-55.133228324730354,0
-59.144197781564785,0
-63.741569972361646,0
-50.489269134740226,0
-71.89200274531225,0
-67.01082288096043,0
-67.03461619419285,0
-56.27998142718323,0
-68.71981582213911,0
-70.11963487048337,0
-70.21047480841597,0
-66.5681585265922,0
-67.12683381394609,0
-52.679636931894784,0
-59.292331132723845,0
-65.99369234235414,0
-59.292331132723845,0
-69.04362636485733,0
-68.6855068888589,0
-69.08239290732259,0
-72.39171405353994,0
-72.39171405353994,0
-72.39171405353994,0
-70.10404507764068,0
-66.8807355647221,0
-61.892477914690765,0
-68.72256933352577,0
-56.293923957681656,0
-66.13315765079824,0
-68.95403465517741,0
-68.49966408219466,0
-71.84178886635698,0
-67.94885878671352,0
-70.46453123376936,0
-61.32440037763109,0
-65.71364810052121,0
-69.29142060856518,0
-72.39171405353994,0
-71.92144417232885,0
-74.33440208097502,0
-68.73019265342296,0
-72.39171405353994,0
-71.87966594477672,0
-58.05809303032531,0
-62.79641753035783,0
-72.39171405353994,0
-72.39171405353994,0
-57.79688413894856,0
-62.801526580118335,0
-70.22766043254023,0
-70.19583055858214,0
-68.95403465517741,0
-60.32897403651162,0
-72.39171405353994,0
-67.88412590004359,0
-63.40959444350904,0
-68.27493992588767,0
-62.53455577496116,0
-59.292331132723845,0
-72.93836775934557,0
-72.79415112131757,0
-37.74540424991706,0
-67.37157005737097,0
-60.71424843384278,0
-72.39171405353994,0
-63.71496198510057,0
-66.14968169005878,0
-48.12831370420824,0
-67.28398591399709,0
-72.39171405353994,0
-70.14001913938853,0
-59.292331132723845,0
-68.95403465517741,0
-66.30840408040417,0
-42.03489404613429,0
-68.95525973239813,0
-68.74841438839545,0
-59.59836802388191,0
-65.21460883320535,0
-51.96512871040499,0
-67.65346277242755,0
-69.66450767115919,0
-72.39171405353994,0
-66.6069640658628,0
-68.9779197820018,0
-64.07864894142728,0
-62.06527241837863,0
-72.39171405353994,0
-72.39171405353994,0
-70.66299285915511,0
-37.21078107069104,0
-72.39171405353994,0
-59.292331132723845,0
-67.8808163406926,0
-72.10429951840486,0
-49.55483078721512,0
-62.34010468646379,0
-64.73610361987522,0
-62.32470159786613,0
-67.99656569737022,0
-66.31303827735454,0
-59.292331132723845,0
-59.49589295892566,0
-67.94885878671352,0
-59.292331132723845,0
-68.7749991767615,0
-72.39171405353994,0
-41.86403555482412,0
-63.13847676621469,0
-70.19926226734839,0
-68.86772963323247,0
-62.75959309749785,0
-65.97354628970034,0
-69.59093286396401,0
-66.89907536376118,0
-59.292331132723845,0
-70.64728030491673,0
-72.39171405353994,0
-68.89893014873903,0
-66.7887001681223,0
-65.6006717293412,0
-52.817285894248265,0
-72.39171405353994,0
-66.0518253848772,0
-54.3474257851023,0
-67.87755773193149,0
-69.05884689771493,0
-72.47909589406197,0
-66.85911830971621,0
-70.1743446012022,0
-66.94579713354699,0
-70.28867272526495,0
-59.292331132723845,0
-64.57648075274274,0
-62.92443856018228,0
-68.40966741809672,0
-69.13837936002403,0
-72.39171405353994,0
-62.79092389883256,0
-63.61489119922501,0
-68.56934382613953,0
-70.66926441583153,0
-67.94435717139456,0
-67.12627552121464,0
-71.31308621773447,0
-70.14741411549599,0
-71.44322252655975,0
-72.39171405353994,0
-65.30111405305978,0
-61.04379258007121,0
-65.10959657459135,0
-68.73841914155122,0
-41.75912608042568,0
-70.17123112084334,0
-68.47141878861859,0
-66.80906500896685,0
-61.89924231477931,0
-58.941252613041634,0
-59.292331132723845,0
-74.35699225904943,0
-70.15104695595517,0
-72.39171405353994,0
-63.668414518571325,0
-66.86248045409786,0
-66.33462925266073,0
-70.17757544795788,0
-72.39171405353994,0
-63.31752817494182,0
-68.71258670436697,0
-52.825334513564584,0
-67.45341084217117,0
-70.60315720660859,0
-60.952211698226634,0
-67.71368625501354,0
-72.39171405353994,0
-42.12875311636753,0
-67.8808163406926,0
-72.5676107851648,0
-35.799296312583145,0
-66.4625831795536,0
-68.94919847273204,0
-65.3141006135933,0
-69.39705006152352,0
-69.29512333721556,0
-68.3036612351574,0
-43.78995895454154,0
-71.86502239918815,0
-63.17978848915439,0
-66.38861353949584,0
-61.57813438473081,0
-70.12450493035203,0
-65.79426746272601,0
-72.39171405353994,0
-66.01378375051577,0
-72.47909589406197,0
-61.899393442477354,0
-64.44823351868908,0
-71.06646847336853,0
-68.84423251743891,0
-71.898289981418,0
-67.62878907500603,0
-70.69167209771145,0
-73.98023820585824,0
-70.8299733426308,0
-62.91427300627901,0
-62.98974358456687,0
-72.31253844774011,0
-64.81316317496706,0
-64.90447230281117,0
-75.46196910831779,0
-60.397628457875186,0
-17.06300166184827,0
-71.87966594477672,0
-70.12087856187003,0
-61.21908702660599,0
-72.03144176970056,0
-61.4145568844121,0
-62.0834731964082,0
-53.447223640714434,0
-35.6124993853064,0
-52.031164018139876,0
-42.368120194300424,0
-61.26592391209449,0
-70.8299733426308,0
-70.17789621780827,0
-70.92818344980888,0
-73.98023820585824,0
-62.86729987791861,0
-71.06646847336853,0
-67.93759277130602,0
-59.292331132723845,0
-42.40701097413069,0
-66.16179977189962,0
-46.76114653169591,0
-72.39171405353994,0
-61.72584934552126,0
-67.94209438662497,0
-72.39171405353994,0
-70.10404507764068,0
-65.33614102387746,0
-68.05043113906227,0
-59.16543676757218,0
-67.98654266632016,0
-67.56849847332609,0
-59.292331132723845,0
-59.04322363323451,0
-64.70312299255889,0
-47.785659729903784,0
-49.69005441511738,0
-67.75289749194755,0
-64.64740361935795,0
-66.96387514932243,0
-63.13847676621469,0
-64.46979118198018,0
-69.79202817779341,0
-72.39171405353994,0
-69.19052978591517,0
-61.625336926372235,0
-59.292331132723845,0
-66.00222711250821,0
-69.63411495914357,0
-72.39171405353994,0
-68.5350206130354,0
-63.48036963304706,0
-70.17789621780827,0
-72.39171405353994,0
-68.26769898541536,0
-67.91588666447262,0
-67.86856401630777,0
-45.86575345272699,0
-58.941252613041634,0
-71.00847822021463,0
-74.28745434933705,0
-63.64990363642059,0
-68.12813729837427,0
-65.63055365911755,0
-68.13427933350778,0
-58.90177936840055,0
-59.292331132723845,0
-59.292331132723845,0
-71.34815654151451,0
-72.39171405353994,0
-67.1560441857997,0
-70.51577536608656,0
-49.6421416794712,0
-65.31899485381295,0
-69.21482856680981,0
-69.257968031737,0
-72.39171405353994,0
-61.866270192538444,0
-58.941252613041634,0
-67.94515605806313,0
-63.977538969540895,0
-62.85435810783234,0
-68.94839958606346,0
-68.95403465517741,0
-72.39171405353994,0
-68.86772963323247,0
-68.72707094884473,0
-72.39171405353994,0
-71.98449403806256,0
-68.63636957913849,0
-41.486537599239554,0
-59.292331132723845,0
-58.91498732430731,0
-53.28847045140231,0
-59.41667870946984,0
-68.6612396969755,0
-62.13872695266562,0
-72.39171405353994,0
-73.98023820585824,0
-59.292331132723845,0
-68.60521057955225,0
-70.51577536608656,0
-66.2705551321552,0
-62.97964654477207,0
-72.39171405353994,0
-72.39171405353994,0
-68.55928162291701,0
-49.21959462170821,0
-72.39171405353994,0
-68.84215371812562,0
-67.86199584819568,0
-66.54343666956164,0
-64.98992071948567,0
-59.41491554219983,0
-58.941252613041634,0
-67.40535112369987,0
-71.98449403806256,0
-39.322706844562035,0
-43.01892886600668,0
-70.13094848617027,0
-70.8299733426308,0
-67.91588666447262,0
-63.7415613357598,0
-71.89168197546189,0
-62.610983110701106,0
-70.12438737968142,0
-72.39171405353994,0
-68.29826788134199,0
-70.12450493035203,0
-67.94885878671352,0
-67.541407234484,0
-69.60903878884633,0
-68.99735872980065,0
-66.0289018836703,0
-69.04301241409802,0
-68.90371732776649,0
-68.00034493585537,0
-63.30157563812759,0
-67.968679174991,0
-28.31815527056458,0
-70.15751027681341,0
-70.13626478753937,0
-29.106402272006065,0
-72.39171405353994,0
-67.87755773193149,0
-72.39171405353994,0
-61.211686190787276,0
-74.350995180039,0
-59.215118065051335,0
-72.39171405353994,0
-64.491224470401,0
-49.59804508873652,0
-62.892677795753244,0
-64.14512325110017,0
-72.39171405353994,0
-66.84634017341996,0
-62.750825081168074,0
-61.866270192538444,0
-43.108680333295965,0
-71.70159870898425,0
-62.84002779353797,0
-70.13519675421918,0
-67.40133843978376,0
-64.28576970984726,0
-65.49943681788615,0
-63.85255058513087,0
-61.854745384876644,0
-70.51577536608656,0
-72.39171405353994,0
-59.292331132723845,0
-70.16758020111365,0
-64.39868668842931,0
-63.58449848720939,0
-68.95403465517741,0
-71.89200274531225,0
-74.26863385684013,0
-68.24567053229715,0
-65.30867493901364,0
-64.72582140271348,0
-72.39171405353994,0
-73.96082679652152,0
-62.09939818484365,0
-68.3606569324912,0
-59.292331132723845,0
-65.99537020750121,0
-71.03349680083399,0
-72.5676107851648,0
-70.74685948125035,0
-64.41983068930853,0
-59.292331132723845,0
-72.39171405353994,0
-57.053549663566194,0
-60.90488905006177,0
-70.1130387932644,0
-70.34391270187801,0
-70.10894304661622,0
-64.74372325475933,0
-71.98123542930148,0
-72.39171405353994,0
-73.98023820585824,0
-68.27011508717949,0
-67.3028627693853,0
-67.66650644181824,0
-59.292331132723845,0
-67.67842929116571,0
-63.566414730174905,0
-59.292331132723845,0
-67.62878907500603,0
-31.44958376094287,0
-66.39708704724889,0
-69.4698418524525,0
-72.39171405353994,0
-70.8299733426308,0
-68.79150989491893,0
-72.39171405353994,0
-59.292331132723845,0
-65.15577671434816,0
-64.55870784595069,0
-70.15842274849416,0
-67.4623685978033,0
-59.17595854599383,0
-66.41004944334229,0
-61.818947544373565,0
-71.94889385887382,0
-66.04011409340605,0
-64.38170804567477,0
-70.14773092462701,0
-61.6130846019874,0
-61.4891461493762,0
-70.12450493035203,0
-69.60717941935658,0
-67.19321206951106,0
-71.86502239918815,0
-65.7568086005267,0
-50.97403799270785,0
-72.39171405353994,0
-70.75342764936245,0
-67.88412590004359,0
-61.39035814536564,0
-61.89924231477931,0
-72.39171405353994,0
-69.76104263561574,0
-67.42010380985501,0
-35.878064100392315,0
-71.90110511224228,0
-53.42042057079841,0
-41.486537599239554,0
-66.98367253987703,0
-61.81932246090046,0
-73.98023820585824,0
-54.210281927930694,0
-56.5860427538351,0
-72.39171405353994,0
-59.292331132723845,0
-63.233657887138,0
-25.336672002787807,0
-60.02479909101742,0
-66.89105158141672,0
-62.77425956940304,0
-58.69877282695666,0
-59.292331132723845,0
-66.8993605803021,0
-59.292331132723845,0
-72.77443462968283,0
-73.98023820585824,0
-64.81316317496706,0
-70.1757391504205,0
-58.941252613041634,0
-70.8299733426308,0
-64.36326246970472,0
-72.39171405353994,0
-62.85435810783234,0
-72.39171405353994,0
-61.10160058656831,0
-72.39171405353994,0
-69.12470273679595,0
-62.68335263991141,0
-65.9833026295352,0
-60.16937663151947,0
-66.08022961649569,0
-67.86199584819568,0
-59.292331132723845,0
-65.97141533166668,0
-59.292331132723845,0
-32.9779824366486,0
-62.77425956940304,0
-68.68713634246308,0
-62.90572307829545,0
-76.04075296778802,0
-70.07750952401472,0
-65.09732311030304,0
-64.31499762239206,0
-72.5676107851648,0
-71.88643034486526,0
-58.503741862334806,0
-67.00197454375149,0
-72.39171405353994,0
-63.25142246405792,0
-39.5378475660935,0
-72.39171405353994,0
-64.43328685831976,0
-71.88643034486526,0
-31.58597386283098,0
-64.34744311358459,0
-66.53416176403522,0
-59.292331132723845,0
-66.79564857650251,0
-42.97154888558708,0
-71.86501486063196,0
-64.34264057757241,0
-62.39173628677381,0
-70.99888824119026,0
-53.37307274044718,0
-72.39171405353994,0
-64.90097499268431,0
-64.43745827983648,0
-72.39171405353994,0
-73.98023820585824,0
-73.28138065590659,0
-63.15610033095503,0
-72.39171405353994,0
-67.14879659906659,0
-71.853137452774,0
-70.15768027177268,0
-67.94033121935496,0
-64.50370322862786,0
-70.8299733426308,0
-56.321759654735374,0
-72.10429951840486,0
-68.15600484256703,0
-64.81316317496706,0
-71.84505501367428,0
-69.58436469585192,0
-66.30025513728653,0
-66.37400934860129,0
-67.81453930665049,0
-64.28101855504346,0
-67.97387736733288,0
-74.35699225904943,0
-69.23583797988906,0
-65.62198877349944,0
-70.47109940188146,0
-74.35179406670758,0
-67.92776407233058,0
-67.88399138021362,0
-69.07641666290333,0
-67.20661955386252,0
-53.9625186404987,0
-59.292331132723845,0
-68.45013228292626,0
-64.25222592387689,0
-17.06300166184827,0
-67.87254398679343,0
-70.51577536608656,0
-48.830521823865375,0
-64.44469475468352,0
-64.43152169509995,0
-70.12450493035203,0
-63.36455840636944,0
-56.83502612022714,0
-70.12450493035203,0
-62.66283126255349,0
-59.292331132723845,0
-68.46995267120377,0
-72.39171405353994,0
-58.45706130109783,0
-65.99589382574167,0
-64.86861884721341,0
-64.18759916934384,0
-67.85602523933191,0
-65.30867493901364,0
-72.39171405353994,0
-67.87755773193149,0
-72.47909589406197,0
-61.92426089539868,0
-39.42554124860053,0
-53.447223640714434,0
-70.8299733426308,0
-70.12438737968142,0
-66.02973231098134,0
-71.06646847336853,0
-59.292331132723845,0
-74.34873239526942,0
-70.66492764400942,0
-72.5676107851648,0
-66.39004576947444,0
-34.11514291251724,0
-69.56728383910637,0
-76.07114567980364,0
-70.28335541266124,0
-46.88949107809995,0
-57.48323725787699,0
-72.39171405353994,0
-68.50555108357955,0
-69.6065226568067,0
-70.15935371298539,0
-60.920450933797596,0
-74.32252467311707,0
-63.774028128034914,0
-64.54981652363014,0
-67.06210092727616,0
-50.8000720441943,0
-61.76415693081491,0
-68.83889510936453,0
-57.26656620428927,0
-66.41987814231771,0
-69.19052978591517,0
-62.92681475658097,0
-67.91588666447262,0
-59.89848006316621,0
-66.38341534715398,0
-59.19030212587876,0
-54.50403808206912,0
-59.292331132723845,0
-72.39171405353994,0
-62.56365601442841,0
-70.1858822049881,0
-69.78508509315444,0
-67.38615147257482,0
-70.51577536608656,0
-73.98023820585824,0
-62.64805032014687,0
-59.292331132723845,0
-72.39171405353994,0
-70.67767301693235,0
-69.35415206768715,0
-51.99930212554959,0
-61.63057962303527,0
-66.23238895647944,0
-59.292331132723845,0
-62.84985649251338,0
-62.789821453138885,0
-65.33760080980963,0
-70.78518841379152,0
-70.21485206019105,0
-67.97387736733288,0
-63.93813407946954,0
-61.89474069946035,0
-69.65196302198356,0
-70.11963487048337,0
-64.91203160713057,0
-71.98449403806256,0
-61.23464891034183,0
-68.63080925755878,0
-61.14074848373707,0
-69.80064697689028,0
-69.19052978591517,0
-68.70502341760985,0
-59.292331132723845,0
-65.56095861547989,0
-70.8299733426308,0
-70.12445725565269,0
-72.39171405353994,0
-66.92080704290417,0
-72.39171405353994,0
-69.13023918423524,0
-26.791815623027258,0
-67.26747932664466,0
-66.66055928490368,0
-51.64889628864292,0
-63.01512806385597,0
-67.12213702279284,0
-53.447223640714434,0
-72.39171405353994,0
-62.856620892601924,0
-68.23964255180366,0
-61.81932246090046,0
-65.32398777334508,0
-64.2681085774631,0
-74.38051537597732,0
-72.5676107851648,0
-68.12575176614922,0
-63.558705004206345,0
-73.98023820585824,0
-64.25118986152842,0
-58.98372259618283,0
-53.447223640714434,0
-74.33440208097502,0
-64.51353192760327,0
-65.59752679653288,0
-72.92177466028161,0
-73.98023820585824,0
-72.39171405353994,0
-72.5676107851648,0
-67.94885878671352,0
-68.56920199190704,0
-70.19583055858214,0
-31.58597386283098,0
-62.718186587702895,0
-59.292331132723845,0
-64.86195939990803,0
-66.94576922444011,0
-70.8299733426308,0
-68.79849937297783,0
-64.25233205601377,0
-70.17983823272746,0
-55.233917599827954,0
-65.7874053800067,0
-62.59111426906211,0
-45.174253950641834,0
-69.68032640610878,0
-61.313707285057966,0
-44.782244669762676,0
-69.82349119447454,0
-46.64455517570568,0
-73.98023820585824,0
-63.13847676621469,0
-71.00587007425565,0
-59.52860053325954,0
-64.63103492059896,0
-71.98449403806256,0
-69.33645166241064,0
-66.33916968208887,0
-63.496279710852605,0
-34.8859539243446,0
-72.39171405353994,0
-72.84985286824273,0
-67.91588666447262,0
-70.13771288625881,0
-59.26392299627509,0
-69.66450767115919,0
-67.50730165844814,0
-72.47909589406197,0
-71.98780359741357,0
-72.39171405353994,0
-70.51577536608656,0
-63.93136967938101,0
-73.98023820585824,0
-67.14407406825595,0
-71.51778887808427,0
-60.14345014187011,0
-66.76235568441126,0
-73.73779265651353,0
-64.6749997569969,0
-59.955261181305026,0
-72.10429951840486,0
-65.7535499917656,0
-64.81316317496706,0
-64.59111955039094,0
-71.97261663020461,0
-70.4589631466068,0
-72.39171405353994,0
-69.32014191783492,0
-61.9037624395299,0
-54.572162068782454,0
-65.0282496520268,0
-72.39171405353994,0
-69.53409573367375,0
-74.28419574057594,0
-64.84750812142191,0
-66.00902768972105,0
-64.50667777303202,0
-63.400535754273626,0
-67.94515605806313,0
-70.15231208447153,0
-70.15748403979623,0
-70.8299733426308,0
-72.39171405353994,0
-68.8786987471471,0
-72.39171405353994,0
-64.24223067703265,0
-72.39171405353994,0
-68.45702455670002,0
-67.27817115051181,0
-71.89998873249212,0
-70.15292911696889,0
-66.69176784076218,0
-66.12605545016623,0
-58.941252613041634,0
-70.8299733426308,0
-66.72025177507231,0
-67.24915440205865,0
-67.39737682362833,0
-58.941252613041634,0
-62.02786046316164,0
-72.47909589406197,0
-59.292331132723845,0
-65.30867493901364,0
-71.00587007425565,0
-68.70855182669638,0
-72.39171405353994,0
-48.50329131164715,0
-61.88433265954438,0
-70.14654534063621,0
-65.94037385124969,0
-71.67732195016619,0
-72.39171405353994,0
-63.02515109490601,0
-35.67448566411783,0
-65.64617324948297,0
-70.21485206019105,0
-64.25259436842661,0
-75.46196910831779,0
-72.39171405353994,0
-68.34732865030816,0
-72.47909589406197,0
-72.39171405353994,0
-46.9898539381206,0
-73.98023820585824,0
-59.292331132723845,0
-68.90837410399504,0
-62.32470159786613,0
-57.60794953476845,0
-66.12056181864097,0
-70.14654534063621,0
-69.04362636485733,0
-59.292331132723845,0
-55.76928172937765,0
-68.89729124581675,0
-64.81316317496706,0
-68.31472644904446,0
-65.57347219252974,0
-70.14741411549599,0
-65.76516898825712,0
-64.05601820496317,0
-59.292331132723845,0
-55.597147792444254,0
-68.19872280065918,0
-64.81316317496706,0
-49.25468805409958,0
-62.32470159786613,0
-72.23938299394979,0
-66.83459862252235,0
-68.69775283036387,0
-70.47082767292969,0
-70.16758020111365,0
-70.8299733426308,0
-66.6877978605246,0
-64.29233787795935,0
-62.1268758545362,0
-70.1757391504205,0
-71.25303909466872,0
-64.26804989075407,0
-62.34010468646379,0
-68.04741639498994,0
-69.48122204133958,0
-72.39171405353994,0
-53.56200679273849,0
-65.35384412312604,0
-68.84248269839179,0
-67.57293172890157,0
-42.8928838283965,0
-69.08448854374706,0
-58.45303534905825,0
-54.60312759524794,0
-69.41667508519916,0
-66.06921737060975,0
-70.8299733426308,0
-72.39171405353994,0
-72.39171405353994,0
-72.47909589406197,0
-71.06646847336853,0
-59.292331132723845,0
-66.92256068552445,0
-70.17581228068786,0
-68.95403465517741,0
-63.137642508464836,0
-69.19052978591517,0
-68.94839958606346,0
-72.39171405353994,0
-70.46703852408328,0
-70.47905455476845,0
-72.39171405353994,0
-70.18063711939604,0
-61.18210080215828,0
-73.98023820585824,0
-73.12698323529831,0
-68.24567053229715,0
-66.2705551321552,0
-62.789821453138885,0
-66.0152697982175,0
-66.07333546268008,0
-64.6890766387775,0
-71.06646847336853,0
-73.98023820585824,0
-63.40150700384437,0
-70.9103733500874,0
-68.57189492813546,0
-67.968679174991,0
-67.53657105203862,0
-67.8138014136968,0
-67.95035425040498,0
-67.91588666447262,0
-62.41718062429868,0
-63.33109583406592,0
-59.292331132723845,0
-64.3322496743985,0
-73.98023820585824,0
-65.31591376255959,0
-63.37871089397896,0
-72.39171405353994,0
-66.75474890540532,0
-68.69811995555212,0
-68.12301331810028,0
-61.63354445469877,0
-72.39171405353994,0
-70.20413731561237,0
-61.827941259997296,0
-48.50329131164715,0
-70.51577536608656,0
-61.72839319985675,0
-72.39171405353994,0
-65.99236678219727,0
-74.37531718363545,0
-62.84801378071781,0
-72.39171405353994,0
-72.39171405353994,0
-66.70504848933247,0
-66.06841848394117,0
-67.86199584819568,0
-69.13837936002403,0
-72.39171405353994,0
-66.14778774318309,0
-58.10343288967171,0
-60.32623558846266,0
-60.02033673972363,0
-72.05253648408348,0
-72.39171405353994,0
-73.98023820585824,0
-60.18644884366487,0
-63.58449848720939,0
-72.39171405353994,0
-76.07114567980364,0
-72.39171405353994,0
-70.89155285759047,0
-68.74130801363671,0
-66.41213665642373,0
-69.41734592193735,0
-68.55644051280807,0
-72.39171405353994,0
-60.96792911679715,0
-68.86603826286458,0
-67.28626967032135,0
-74.28745434933705,0
-70.60315720660859,0
-71.06646847336853,0
-59.298836965761154,0
-68.62353550413826,0
-67.53052613004431,0
-67.75025755182862,0
-65.61248507548079,0
-67.3182969955486,0
-72.39171405353994,0
-66.81358413724818,0
-72.39171405353994,0
-57.10773598284664,0
-69.50105548874497,0
-71.43011392854426,0
-72.39171405353994,0
-72.39171405353994,0
-72.39171405353994,0
-63.25475260152093,0
-66.84410384977875,0
-62.38947783552358,0
-70.8299733426308,0
-67.19493354126634,0
-63.20977128852567,0
-56.57342755432847,0
-66.98478767301845,0
-67.968679174991,0
-64.97985999225831,0
-68.6679511294206,0
-66.25359861632326,0
-68.98184452076416,0
-70.8299733426308,0
-63.312020863170794,0
-66.77423309226921,0
-70.5528896359787,0
-70.8299733426308,0
-70.16238200877177,0
-71.03148704856629,0
-67.53052613004431,0
-70.16914640886031,0
-68.84215371812562,0
-47.556506570758366,0
-66.79891622158205,0
-38.00975573624061,0
-70.8299733426308,0
-66.15660157955774,0
-69.99524782217125,0
-70.8299733426308,0
-70.51577536608656,0
-72.39171405353994,0
-67.14879659906659,0
-68.90343176405798,0
-67.32348240060142,0
-64.74372325475933,0
-35.03191009273998,0
-70.8299733426308,0
-67.17824463838876,0
-65.30230595093538,0
-66.71504282323932,0
-66.81455296603141,0
-66.55607211996279,0
-72.39171405353994,0
-74.26863385684013,0
-74.62812554709458,0
-70.15748403979623,0
-51.601452391429255,0
-67.030299578676,0
-68.31198800099551,0
-70.16424843988477,0
-52.75919095806884,0
-63.58449848720939,0
-59.292331132723845,0
-67.39737682362833,0
-72.39171405353994,0
-59.657824735651516,0
-67.91588666447262,0
-53.42042057079841,0
-72.93836775934557,0
-67.05461054387322,0
-40.87078758126919,0
-68.95403465517741,0
-69.19052978591517,0
-68.6565379599764,0
-67.37305482003187,0
-67.00600049579108,0
-67.87755773193149,0
-72.39171405353994,0
-67.94209438662497,0
-71.00587007425565,0
-72.39171405353994,0
-60.89832088194967,0
-69.8682453030219,0
-72.39171405353994,0
-68.90569454882757,0
-64.41321969122548,0
-63.58449848720939,0
-72.39171405353994,0
-71.54371195774209,0
-68.74657809085807,0
-53.447223640714434,0
-60.36252018448953,0
-69.33423206055694,0
-73.12114287614467,0
-64.47797575270879,0
-41.951083919290504,0
-72.5676107851648,0
-65.52184914948938,0
-64.26394295484364,0
-70.16238200877177,0
-67.9342305672451,0
-67.71771512065409,0
-66.19697601025625,0
-64.64291232845692,0
-67.94435717139456,0
-69.84992821795348,0
-66.7860824591095,0
-71.29261377265254,0
-70.19926226734839,0
-70.89814785977666,0
-59.292331132723845,0
-51.30056492034634,0
-68.95403465517741,0
-50.69770818680865,0
-70.15842274849416,0
-72.39171405353994,0
-62.880943613271704,0
-60.952211698226634,0
-59.292331132723845,0
-56.259916256038764,0
-70.16424843988477,0
-71.88168672861764,0
-68.22041598663631,0
-61.678185933207054,0
-67.82337425658872,0
-66.46710084069764,0
-60.304529481629295,0
-59.80586844186496,0
-54.57798659084029,0
-59.292331132723845,0
-64.30390171876243,0
-38.57822768625676,0
-65.3443842694815,0
-61.21723482468707,0
-70.15768027177268,0
-66.41004944334229,0
-56.28828818421346,0
-67.00158613294072,0
-62.02057885705778,0
-71.56511152624915,0
-64.66070804198665,0
-70.15768027177268,0
-70.55961429298432,0
-64.81316317496706,0
-72.5676107851648,0
-65.32586047078064,0
-72.47909589406197,0
-59.292331132723845,0
-55.0834315525111,0
-69.2621512149747,0
-68.16038094726179,0
-75.46196910831779,0
-57.12514957813478,0
-72.39171405353994,0
-74.85115968710257,0
-65.15989331339452,0
-58.602891434228745,0
-64.74031499699294,0
-72.92177466028161,0
-48.45123178900909,0
-70.18063711939604,0
-61.618630562930846,0
-66.36343069197045,0
-71.06646847336853,0
-64.57469416219425,0
-61.827941259997296,0
-70.10342420350217,0
-69.40540906979166,0
-69.66450767115919,0
-71.10136428801584,0
-69.99429153898372,0
-43.17025237397141,0
-55.86731451526174,0
-64.81316317496706,0
-72.39171405353994,0
-69.87423313723798,0
-23.05176517481353,0
-26.37378916693525,0
-68.39779001023877,0
-66.24046043520723,0
-72.39171405353994,0
-71.90110511224228,0
-67.92776407233058,0
-66.05364482812963,0
-72.39171405353994,0
-66.99923609570254,0
-71.36300787804942,0
-72.39171405353994,0
-59.292331132723845,0
-68.06859462064617,0
-70.15292911696889,0
-69.08095843416307,0
-72.87937306418105,0
-21.477008550030543,0
-69.69516936998829,0
-54.872478581372434,0
-67.07089200584718,0
-70.1691709823084,0
-49.723150230448574,0
-57.343679057741426,0
-54.39655931513861,0
-73.98023820585824,0
-69.91693817447387,0
-49.99599174119753,0
-66.80966620626856,0
-39.35446760899108,0
-65.21010721788639,0
-48.06653694455383,0
-66.95711781085714,0
-68.32474948009451,0
-62.34010468646379,0
-65.4373166201342,0
-64.20483402628241,0
-68.86772963323247,0
-72.39171405353994,0
-71.06646847336853,0
-72.39171405353994,0
-66.01324139547444,0
-65.73415291304406,0
-68.9173826539784,0
-69.6337079113593,0
-67.67924677338915,0
-30.899026470782072,0
-69.22708089119465,0
-54.718914491683094,0
-58.22925202656476,0
-63.78265968302972,0
-70.97550609797374,0
-64.491224470401,0
-68.76721081203402,0
-72.39171405353994,0
-72.39171405353994,0
-59.292331132723845,0
-54.87411840657835,0
-73.98023820585824,0
-68.74356565416,0
-58.75852996837737,0
-63.486587668039036,0
-58.551547493820216,0
-58.941252613041634,0
-72.39171405353994,0
-70.15550308224721,0
-58.826370280129936,0
-61.255862552029235,0
-67.21325846585235,0
-67.50107189687174,0
-62.77946463363524,0
-70.69167209771145,0
-63.18034754570073,0
-59.292331132723845,0
-61.855748414116796,0
-70.8299733426308,0
-70.8299733426308,0
-70.15136772580556,0
-69.1159323060232,0
-62.34010468646379,0
-45.36657822247039,0
-70.8299733426308,0
-64.81316317496706,0
-72.39171405353994,0
-68.85760403276419,0
-68.28013811822952,0
-70.14654534063621,0
-66.73635098652186,0
-66.1984788143538,0
-39.47456465930664,0
-65.93582803254397,0
-66.10635091124784,0
-64.9778643890491,0
-65.3862071299567,0
-61.878147600396396,0
-62.855047553533765,0
-72.39171405353994,0
-73.98023820585824,0
-72.39171405353994,0
-70.8299733426308,0
-59.373056901662736,0
-67.8808163406926,0
-72.39171405353994,0
-66.62353352524839,0
-72.39171405353994,0
-74.34423077995046,0
-62.8346184189104,0
-63.593969158684516,0
-72.39171405353994,0
-62.79308006189997,0
-59.164289189726425,0
-65.4971161325785,0
-59.292331132723845,0
-59.292331132723845,0
-68.13577479719928,0
-68.87411309016038,0
-71.06646847336853,0
-67.98654266632016,0
-59.772371918291,0
-72.39171405353994,0
-65.06264884295338,0
-65.62299878268036,0
-68.71832812710011,0
-70.19264660507665,0
-72.4184974949491,0
-65.0951783152353,0
-58.657937797034485,0
-59.414549810474284,0
-65.74341676510626,0
-65.80497090029134,0
-68.76348554551421,0
-70.15935371298539,0
-59.292331132723845,0
-63.14951991632279,0
-68.49073312542335,0
-72.39171405353994,0
-67.86893893283465,0
-67.83530935061437,0
-70.85660765469495,0
-68.21999876026777,0
-67.77605811266389,0
-68.99735872980065,0
-72.39171405353994,0
-69.47794432105023,0
-66.6983784938098,0
-37.994555174228616,0
-68.32474948009451,0
-66.81358413724818,0
-64.8500993874752,0
-68.02922006216174,0
-70.20935842866578,0
-72.39171405353994,0
-61.73289809997994,0
-70.60315720660859,0
-70.9799112597998,0
-61.92426089539868,0
-69.94733088648948,0
-69.99524782217125,0
-66.09080111341792,0
-65.69921987899374,0
-72.47909589406197,0
-59.292331132723845,0
-70.8299733426308,0
-73.98023820585824,0
-58.20476219661818,0
-67.94033121935496,0
-63.20028970846677,0
-53.42042057079841,0
-66.04701071513517,0
-42.8928838283965,0
-44.06270682711659,0
-67.94885878671352,0
-51.10169987002843,0
-59.292331132723845,0
-72.39171405353994,0
-68.540956698331,0
-72.64668963952451,0
-66.82360716829824,0
-62.32470159786613,0
-71.06646847336853,0
-63.58449848720939,0
-43.18759500017451,0
-59.292331132723845,0
-71.87966594477672,0
-48.562274788901114,0
-66.00161087630698,0
-73.98023820585824,0
-70.13771288625881,0
-72.47909589406197,0
-72.39171405353994,0
-65.30867493901364,0
-56.28828818421346,0
-73.98023820585824,0
-59.292331132723845,0
-61.827941259997296,0
-69.65116413531499,0
-72.39171405353994,0
-68.09026700037724,0
-67.20838272113254,0
-65.30867493901364,0
-69.08553959400759,0
-72.39171405353994,0
-54.43833115226889,0
-70.10441999416756,0
-72.84759008347315,0
-61.83450942810939,0
-67.95035425040498,0
-67.97387736733288,0
-66.06040922821818,0
-67.94515605806313,0
-70.85441563603949,0
-72.39171405353994,0
-65.62907817454474,0
-66.61200470543781,0
-64.2972358469349,0
-60.361092029430104,0
-72.39171405353994,0
-59.292331132723845,0
-70.14800512656836,0
-68.26737663913055,0
-72.39171405353994,0
-74.2755769414791,0
-70.8299733426308,0
-68.95525973239813,0
-68.470654398502,0
-64.54673039959063,0
-39.62396196933512,0
-66.0744155629516,0
-70.2196744453604,0
-17.06300166184827,0
-72.39171405353994,0
-65.73377799651718,0
-70.10894304661622,0
-67.52602451472535,0
-74.2755769414791,0
-68.44642955427588,0
-72.39171405353994,0
-70.8299733426308,0
-72.39171405353994,0
-68.34303952815102,0
-66.77555716834087,0
-74.37531718363545,0
-69.66450767115919,0
-40.58197314810027,0
-73.98023820585824,0
-72.31930284782865,0
-71.06646847336853,0
-72.39171405353994,0
-72.39171405353994,0
-64.86700095973364,0
-66.36343069197045,0
-72.87482692864361,0
-67.95035425040498,0
-70.17983823272746,0
-61.797883663108344,0
-71.88718036014293,0
-54.182634267468934,0
-55.09489390436805,0
-64.87273887460724,0
-68.83889510936453,0
-53.221617869189494,0
-68.40690808524442,0
-54.553170373727184,0
-73.98023820585824,0
-59.292331132723845,0
-68.1305766048574,0
-72.5676107851648,0
-70.18433984804642,0
-71.88168672861764,0
-57.12514957813478,0
-62.97964654477207,0
-72.39171405353994,0
-72.39171405353994,0
-53.447223640714434,0
-73.98023820585824,0
-71.92144417232885,0
-71.88643034486526,0
-61.91906270305682,0
-59.48682936733065,0
-67.87755773193149,0
-66.04011409340605,0
-65.34518315615007,0
-61.649885471730634,0
-51.75692098282057,0
-65.32931087050757,0
-70.2196744453604,0
-66.77184792879552,0
-39.14360432372745,0
-66.56401105524007,0
-73.98023820585824,0
-65.81407276692292,0
-68.89893014873903,0
-68.29028189416215,0
-72.10429951840486,0
-67.0297558613742,0
-72.39171405353994,0
-31.328935359797736,0
-17.06300166184827,0
-72.47909589406197,0
-67.72220611351445,0
-71.22457132663163,0
-61.83450942810939,0
-72.39171405353994,0
-72.39171405353994,0
-68.16038094726179,0
-69.04362636485733,0
-40.45237653009518,0
-69.89254709924906,0
-48.31924158445805,0
-67.92776407233058,0
-72.39171405353994,0
-69.25036543846167,0
-41.486537599239554,0
-69.50472776245938,0
-66.00896490718141,0
-67.56230911075221,0
-68.71334262320656,0
-70.13626478753937,0
-69.43357322410421,0
-66.40191188595706,0
-74.62812554709458,0
-62.72250387649576,0
-68.95403465517741,0
-65.50325001974123,0
-43.86031369063801,0
-62.1268758545362,0
-67.86893893283465,0
-72.39171405353994,0
-67.75025755182862,0
-68.44805459557136,0
-68.69118466225177,0
-70.15935371298539,0
-61.866270192538444,0
-72.39171405353994,0
-55.87919192311969,0
-69.79655070003865,0
-68.36851720415338,0
-68.77553457425967,0
-46.73945852569357,0
-72.39171405353994,0
-58.6854639452904,0
-68.34307440468052,0
-25.03834364380149,0
-59.292331132723845,0
-65.3292940527794,0
-61.02944262487938,0
-70.41949471839233,0
-61.899393442477354,0
-62.311660481890485,0
-66.0744155629516,0
-70.12072334112668,0
-70.07750952401472,0
-67.87755773193149,0
-65.97141533166668,0
-66.02029370512855,0
-66.68859674719319,0
-64.45845409845485,0
-64.43885662292652,0
-68.60371511586075,0
-72.39171405353994,0
-72.39171405353994,0
-68.24567053229715,0
-70.16324513366351,0
-66.01836491036029,0
-64.20941190179171,0
-39.21686921907486,0
-67.94515605806313,0
-68.45013228292626,0
-66.35414595356347,0
-72.39171405353994,0
-47.29013906628658,0
-67.87755773193149,0
-67.94885878671352,0
-62.34010468646379,0
-64.11973765409488,0
-66.2774021380527,0
-70.1743446012022,0
-65.98460988980173,0
-72.39171405353994,0
-67.01885636229991,0
-59.519118953200625,0
-62.78120265404202,0
-67.12539563155393,0
-59.292331132723845,0
-63.558705004206345,0
-67.94515605806313,0
-72.81921823230978,0
-72.39171405353994,0
-68.05043113906227,0
-64.30792767080203,0
-59.292331132723845,0
-50.970697803053355,0
-68.89893014873903,0
-65.79882975916631,0
-72.39171405353994,0
-67.33082823225575,0
-66.62943429306112,0
-70.51577536608656,0
-70.16324513366351,0
-66.79616993239198,0
-71.00587007425565,0
-68.00706210120696,0
-59.292331132723845,0
-69.50472776245938,0
-62.355298654177474,0
-70.14773092462701,0
-68.55992265217236,0
-70.14283295565147,0
-42.457050730574224,0
-70.14773092462701,0
-54.718914491683094,0
-59.292331132723845,0
-64.29726042038297,0
-66.10635091124784,0
-67.75817627169019,0
-66.40254814017909,0
-59.292331132723845,0
-50.168518156777665,0
-64.09025947053397,0
-64.97773090495117,0
-68.07283032534188,0
-58.941252613041634,0
-70.16238200877177,0
-70.14773092462701,0
-72.39171405353994,0
-72.39171405353994,0
-70.14654534063621,0
-70.07584662231083,0
-67.62878907500603,0
-64.23213451571525,0
-72.38110815856594,0
-63.668414518571325,0
-67.45325435327764,0
-68.87260643097667,0
-66.14668529748941,0
-68.21060020851714,0
-74.34696922799941,0
-59.292331132723845,0
-72.39171405353994,0
-66.74147230109186,0
-66.85814538664772,0
-66.90386219562106,0
-66.15888931341084,0
-64.81316317496706,0
-64.58304892085484,0
-60.871654539810365,0
-59.292331132723845,0
-52.629013825479035,0
-74.27520202495222,0
-57.538218470854474,0
-64.68418057703121,0
-68.00554312819722,0
-68.92873124039542,0
-59.48068902965452,0
-66.68870334860549,0
-41.49803165352687,0
-63.53494790104831,0
-67.12966694576251,0
-67.86199584819568,0
-59.35214205477637,0
-66.74775352656836,0
-61.639325438030674,0
-73.98023820585824,0
-66.60189884511375,0
-61.892477914690765,0
-67.15004710678924,0
-65.03833712530928,0
-65.13218675266576,0
-70.8299733426308,0
-61.89924231477931,0
-61.76493638405764,0
-71.37662704843642,0
-68.78741198211762,0
-72.39171405353994,0
-72.07235687236098,0
-66.97821950490635,0
-70.14283295565147,0
-67.968679174991,0
-72.39171405353994,0
-69.20826039869772,0
-69.93642268267533,0
-61.88797629937181,0
-68.4171601606854,0
-61.890714747420766,0
-68.13577479719928,0
-73.98023820585824,0
-70.15935371298539,0
-63.71536225020931,0
-55.931051637048,0
-71.88718036014293,0
-66.5185998802994,0
-61.892477914690765,0
-67.3886702872535,0
-67.91588666447262,0
-59.292331132723845,0
-72.39171405353994,0
-72.39171405353994,0
-70.15136772580556,0
-72.39171405353994,0
-68.19076844943093,0
-72.26493115708072,0
-67.86199584819568,0
-64.51238699324374,0
-66.35535181204217,0
-70.65972945166757,0
-66.44087707272023,0
-57.07876120470593,0
-72.39171405353994,0
-59.292331132723845,0
-72.39171405353994,0
-62.85259494056233,0
-59.292331132723845,0
-66.83491939237274,0
-55.12354267966527,0
-71.87159056730025,0
-70.38528803306899,0
-67.87755773193149,0
-67.93759277130602,0
-60.03160275513113,0
-65.9108169325538,0
-73.98023820585824,0
-66.38711807580437,0
-67.16845194251381,0
-70.10894304661622,0
-72.72902319777889,0
-48.45573340432805,0
-66.82211170460674,0
-74.34873239526942,0
-64.67626992572248,0
-57.98409270784302,0
-62.64771157836065,0
-72.39171405353994,0
-66.12530543488856,0
-71.97261663020461,0
-72.84985286824273,0
-70.8299733426308,0
-72.39171405353994,0
-72.39171405353994,0
-62.693215558363164,0
-61.30496013601971,0
-68.3702124290474,0
-68.89729124581675,0
-74.33440208097502,0
-67.97387736733288,0
-49.33391230200296,0
-69.50472776245938,0
-70.89819237331979,0
-55.54599527193751,0
-65.15127451429765,0
-59.23079451974024,0
-70.15136772580556,0
-58.69146102430084,0
-68.45255621089032,0
-58.941252613041634,0
-65.3419077677128,0
-71.00587007425565,0
-60.151200235325,0
-69.1299313868023,0
-72.39171405353994,0
-64.42321493806972,0
-73.98023820585824,0
-65.30867493901364,0
-69.09798874075842,0
-70.9790866328465,0
-72.39171405353994,0
-72.77405971315595,0
-67.88412590004359,0
-66.95839906896437,0
-66.38341534715398,0
-70.1858822049881,0
-43.68540940471992,0
-69.30160620402398,0
-72.9328741278203,0
-69.84992821795348,0
-74.34423077995046,0
-63.61489119922501,0
-71.89168197546189,0
-38.37640652806558,0
-59.292331132723845,0
-65.655525921434,0
-68.9589145313621,0
-64.84347784280575,0
-71.16815668580577,0
-71.3582914109478,0
-67.21161366875324,0
-74.37531718363545,0
-73.98023820585824,0
-42.68910849100825,0
-62.85435810783234,0
-68.90182077024255,0
-65.03833712530928,0
-70.17581228068786,0
-66.15778299002731,0
-69.64439973522644,0
-67.74566540064825,0
-64.89956522185257,0
-72.39171405353994,0
-72.39171405353994,0
-64.69760995975705,0
-72.39171405353994,0
-66.54658693302368,0
-64.29047144684635,0
-62.8574197792705,0
-67.94515605806313,0
-53.67005658448412,0
-56.269395081543415,0
-71.89168197546189,0
-67.28967792808773,0
-57.972955238541054,0
-66.14503505865619,0
-54.39953573570189,0
-55.469955650661944,0
-74.34423077995046,0
-67.37832558230288,0
-64.4972111462611,0
-61.153556856086254,0
-59.46029381370469,0
-55.82235374858078,0
-72.39171405353994,0
-60.545463307091964,0
-68.08716063963625,0
-62.97964654477207,0
-70.03890290084871,0
-59.292331132723845,0
-72.39171405353994,0
-72.39171405353994,0
-72.39171405353994,0
-66.54947069074443,0
-64.27913639402973,0
-59.292331132723845,0
-66.62145173711916,0
-70.16424843988477,0
-59.99977517299415,0
-73.98023820585824,0
-63.409028256838845,0
-72.47909589406197,0
-68.54661181383263,0
-39.10291779133821,0
-71.89200274531225,0
-72.39171405353994,0
-52.65592429563189,0
-59.5201222594219,0
-70.66299285915511,0
-62.84002779353797,0
-72.39171405353994,0
-20.583123380648217,0
-67.38702600291624,0
-72.39171405353994,0
-67.62108420497403,0
-60.33899706756166,0
-69.04362636485733,0
-65.36394028444344,0
-68.90182077024255,0
-57.64767442578795,0
-68.25354193685438,0
-67.9342305672451,0
-70.54462977219866,0
-66.5650945756906,0
-67.94515605806313,0
-70.1858822049881,0
-67.18217206216734,0
-74.33873714842517,0
-68.04729807793719,0
-57.11303256802759,0
-72.83325976917875,0
-68.6679511294206,0
-52.253839515058395,0
-68.75654356161496,0
-33.6578343425527,0
-70.8299733426308,0
-25.336672002787807,0
-66.06808668845491,0
-72.39171405353994,0
-58.10343288967171,0
-63.501188427529826,0
-66.41004944334229,0
-63.2175623623437,0
-67.968679174991,0
-72.39171405353994,0
-74.38051537597732,0
-62.70854677459469,0
-67.02542453041201,0
-74.28745434933705,0
-66.02743710597731,0
-61.88797629937181,0
-72.93836775934557,0
-72.39171405353994,0
-59.292331132723845,0
-70.57121456056471,0
-63.41956120947968,0
-65.34710596005466,0
-65.99369234235414,0
-70.8299733426308,0
-72.47909589406197,0
-65.98056250939656,0
-70.04952738524585,0
-71.53335076182012,0
-73.73779265651353,0
-70.17123112084334,0
-68.3021593020201,0
-62.99129131533246,0
-72.39171405353994,0
-70.10830597185563,0
-65.73377799651718,0
-72.5676107851648,0
-64.31242928612099,0
-59.292331132723845,0
-71.89200274531225,0
-68.74518354163976,0
-49.725775615362785,0
-67.94515605806313,0
-64.34744311358459,0
-68.31198800099551,0
-51.75692098282057,0
-72.39171405353994,0
-55.43304957409428,0
-65.83766321550289,0
-70.16324513366351,0
-69.23583797988906,0
-67.69522775108798,0
-41.81447515919637,0
-63.54457837089927,0
-68.31648961631447,0
-70.05814618434269,0
-61.818947544373565,0
-72.39171405353994,0
-65.81824326677217,0
-64.81316317496706,0
-68.30984348089541,0
-70.15091587168413,0
-72.47279370781604,0
-71.00587007425565,0
-72.39171405353994,0
-42.732746663295245,0
-72.85600643614669,0
-72.4184974949491,0
-68.87298134750355,0
-72.39171405353994,0
-70.19132894326319,0
-70.15935371298539,0
-72.39171405353994,0
-68.95403465517741,0
-72.39171405353994,0
-34.80198335191938,0
-52.68634754634515,0
-67.92776407233058,0
-61.17364054966001,0
-64.43885662292652,0
-65.09881857399454,0
-44.58480406447286,0
-72.39171405353994,0
-72.39171405353994,0
-70.12970312269391,0
-70.51577536608656,0
-47.406833601101084,0
-69.62052949938206,0
-68.06859462064617,0
-70.8299733426308,0
-59.53571205226459,0
-64.25903792424484,0
-67.94885878671352,0
-72.5676107851648,0
-67.8099192818695,0
-73.98023820585824,0
-71.97224171367773,0
-49.96288839013231,0
-72.5676107851648,0
-44.71890662940702,0
-71.89224668107582,0
-67.35065349239976,0
-44.43909755010822,0
-64.66065746010335,0
-58.653356637189965,0
-60.31640688948725,0
-74.34873239526942,0
-59.292331132723845,0
-68.20734159975602,0
-61.878147600396396,0
-71.89200274531225,0
-72.39171405353994,0
-70.21485206019105,0
-59.292331132723845,0
-59.35871022288847,0
-66.98940739672713,0
-68.12093451878701,0
-59.292331132723845,0
-42.29857297972887,0
-68.47141878861859,0
-72.39171405353994,0
-70.8299733426308,0
-59.292331132723845,0
-32.567654652321046,0
-68.70257646060597,0
-52.06045413356039,0
-66.02786545348523,0
-69.33645166241064,0
-63.40003063904639,0
-56.22679335890679,0
-68.60371511586075,0
-64.73098520671363,0
-46.64455517570568,0
-72.39171405353994,0
-63.059776557210654,0
-69.71969654895142,0
-66.44087707272023,0
-70.94544367386744,0
-66.06921737060975,0
-66.13055706548519,0
-64.66065746010335,0
-43.68346873727695,0
-61.83450942810939,0
-72.8213823613208,0
-70.16292436381312,0
-70.17123112084334,0
-68.18221256471938,0
-67.62698497278679,0
-72.39171405353994,0
-60.23458717642087,0
-72.39171405353994,0
-73.98023820585824,0
-72.39171405353994,0
-72.39171405353994,0
-70.84317911665174,0
-66.62863540639255,0
-68.95403465517741,0
-43.01532263634872,0
-66.00006298349719,0
-65.89562996534484,0
-59.292331132723845,0
-71.87966594477672,0
-71.00587007425565,0
-76.26378710779598,0
-64.59846582209514,0
-68.89398168646576,0
-64.29932055891791,0
-62.63524194779769,0
-68.22718038672485,0
-68.86772963323247,0
-52.440192017024,0
-38.29185325311816,0
-69.92621682455979,0
-72.86616596394778,0
-66.31005254994385,0
-61.866270192538444,0
-66.60320231180299,0
-61.682113356985646,0
-68.70710372797697,0
-69.61578385995539,0
-70.4800931175052,0
-71.85956490716057,0
-69.11152816025279,0
-64.59111955039094,0
-72.87417487183917,0
-52.72072286857673,0
-60.620400996983605,0
-29.186871891173634,0
-69.1600854668574,0
-68.36326934440842,0
-68.87722404190566,0
-70.13626478753937,0
-64.02606179591498,0
-70.34391270187801,0
-71.96567354556564,0
-61.89474069946035,0
-66.9613590172828,0
-65.31373216904358,0
-64.64778180752475,0
-67.8808163406926,0
-66.0388630350113,0
-66.41494717854377,0
-70.15231208447153,0
-68.21999876026777,0
-68.70825114117659,0
-37.91487511426896,0
-63.10846779366699,0
-59.292331132723845,0
-63.35082839070372,0
-59.292331132723845,0
-44.95572722042996,0
-68.95403465517741,0
-70.8299733426308,0
-61.866270192538444,0
-54.569628941429656,0
-70.91735518315282,0
-71.84505501367428,0
-61.113274308609974,0
-72.39171405353994,0
-65.99768545855105,0
-70.8299733426308,0
-58.669874152447726,0
-61.09397527327283,0
-66.79616993239198,0
-72.68607869337414,0
-70.10894304661622,0
-68.47632358908805,0
-71.89200274531225,0
-62.477100856941426,0
-59.292331132723845,0
-72.39171405353994,0
-72.47909589406197,0
-68.11318461912487,0
-67.38615147257482,0
-64.93703330729538,0
-68.24295924599727,0
-73.98023820585824,0
-72.5676107851648,0
-66.10388995065526,0
-48.50329131164715,0
-73.98023820585824,0
-71.37131463507964,0
-59.164289189726425,0
-66.95066719341565,0
-41.951083919290504,0
-44.84787125528129,0
-64.22364618829201,0
-32.691999592850244,0
-70.16424843988477,0
-61.818947544373565,0
-71.11692617175166,0
-57.10773598284664,0
-66.97772052373035,0
-57.10773598284664,0
-56.45279103594071,0
-70.11629740202551,0
-69.43357322410421,0
-64.28040152254611,0
-66.89387717141933,0
-66.76725546798387,0
-60.02330362732592,0
-59.708811772867854,0
-70.81848647658457,0
-64.48796586163989,0
-69.66450767115919,0
-72.5481993758281,0
-74.32252467311707,0
-72.39171405353994,0
-61.866270192538444,0
-63.94934660455372,0
-71.00587007425565,0
-60.90526396658865,0
-48.48627980884952,0
-39.56945940277226,0
-72.39171405353994,0
-68.90166859678797,0
-71.3582914109478,0
-50.929622388217176,0
-57.39646651349015,0
-67.94885878671352,0
-67.81479420652208,0
-54.833690703361626,0
-71.06646847336853,0
-42.70516264836912,0
-67.95035425040498,0
-71.84505501367428,0
-68.49640547343354,0
-70.10835252474178,0
-70.21485206019105,0
-66.08393010369758,0
-56.2982365378075,0
-67.94885878671352,0
-72.87813648799462,0
-71.06646847336853,0
-71.86501486063196,0
-42.63855923357113,0
-72.39171405353994,0
-72.39171405353994,0
-71.0632700292742,0
-66.75525482973156,0
-73.98023820585824,0
-68.69117712369558,0
-64.09165946723206,0
-63.312020863170794,0
-72.39171405353994,0
-60.833896934585894,0
-70.12438737968142,0
-59.541756024525235,0
-71.61790403676753,0
-71.19353110894065,0
-67.86199584819568,0
-68.2575479401551,0
-42.807604192013464,0
-39.60738547580589,0
-62.86287934978252,0
-67.94885878671352,0
-70.14105170911094,0
-65.59489031490764,0
-64.9308469834908,0
-56.195322114075026,0
-71.87966594477672,0
-39.22080325763461,0
-62.85259494056233,0
-71.06646847336853,0
-68.3006586900644,0
-70.60315720660859,0
-56.87833705068661,0
-54.718914491683094,0
-66.70504848933247,0
-72.39171405353994,0
-60.257206833464416,0
-70.17789621780827,0
-69.19052978591517,0
-67.88412590004359,0
-53.22339911573004,0
-67.17546493080938,0
-62.85259494056233,0
-66.84589370903967,0
-62.79308006189997,0
-66.36602336142143,0
-68.79840397674135,0
-72.39171405353994,0
-69.86342046431372,0
-54.454687094568314,0
-66.3631017117043,0
-63.566414730174905,0
-65.29251325506046,0
-72.39171405353994,0
-67.94515605806313,0
-72.39171405353994,0
-65.780278705826,0
-68.82832708477804,0
-72.81742875101126,0
-67.81785587796024,0
-29.106402272006065,0
-65.39628344152834,0
-72.39171405353994,0
-70.17789621780827,0
-63.12363172601711,0
-68.24366827392312,0
-57.69450416824949,0
-48.46414975700159,0
-70.05814618434269,0
-66.63660717322315,0
-67.12239319234199,0
-60.7062685912265,0
-68.98704271310604,0
-59.292331132723845,0
-67.106575139057,0
-66.19248173534335,0
-72.39171405353994,0
-45.49712416080058,0
-70.22766043254023,0
-73.98023820585824,0
-69.57574589675508,0
-68.21060020851714,0
-70.13585351676906,0
-58.54725951620193,0
-53.447223640714434,0
-66.96701786806123,0
-72.39171405353994,0
-72.297345008554,0
-59.92865711825815,0
-70.15842274849416,0
-68.69699034158158,0
-65.82634651023909,0
-20.583123380648217,0
-67.62878907500603,0
-32.691999592850244,0
-54.95681917081247,0
-66.2572970738745,0
-59.292331132723845,0
-59.936440688808084,0
-55.74646127469269,0
-47.589378750156385,0
-64.81316317496706,0
-72.39171405353994,0
-62.34010468646379,0
-67.86893893283465,0
-61.83450942810939,0
-70.60315720660859,0
-72.39171405353994,0
-50.911939101793095,0
-50.510172538028435,0
-69.01569096197551,0
-67.88412590004359,0
-72.39171405353994,0
-71.88643034486526,0
-67.02299146128566,0
-66.30508769996067,0
-69.22382228243353,0
-70.12970312269391,0
-70.15768027177268,0
-72.39171405353994,0
-59.177519937157165,0
-66.53416176403522,0
-72.39171405353994,0
-71.54371195774209,0
-68.70179448823112,0
-71.06646847336853,0
-66.86907011725113,0
-58.941252613041634,0
-59.292331132723845,0
-72.39171405353994,0
-63.19646764796079,0
-71.88643034486526,0
-40.417908944162825,0
-53.356500303150206,0
-45.5890663560974,0
-67.6911987036694,0
-68.59244910045325,0
-60.77135331037165,0
-70.51577536608656,0
-67.50431840789199,0
-68.24422260604783,0
-70.04136111717355,0
-50.15228128866334,0
-74.33440208097502,0
-73.98023820585824,0
-67.84926083924337,0
-72.39171405353994,0
-61.89553958612894,0
-66.81358413724818,0
-68.95403465517741,0
-64.93725958871117,0
-63.566414730174905,0
-70.18063711939604,0
-72.87937306418105,0
-72.39171405353994,0
-68.59272510883493,0
-64.33944217727438,0
-64.6546603810929,0
-26.78810299998251,0
-66.86404666184453,0
-66.76898900022877,0
-74.33440208097502,0
-64.86342065487155,0
-61.95932716019153,0
-73.98023820585824,0
-70.51577536608656,0
-70.89819237331979,0
-67.71406117154042,0
-72.39171405353994,0
-72.39171405353994,0
-70.12438737968142,0
-74.37531718363545,0
-70.63815737381248,0
-66.70055719843144,0
-67.25532370872719,0
-67.98081590503281,0
-61.01020240108687,0
-70.59347126074475,0
-72.39171405353994,0
-63.478717680462054,0
-70.12268283903617,0
-59.73356140397922,0
-70.2196744453604,0
-72.39171405353994,0
-76.07114567980364,0
-37.37987697926616,0
-66.36492335250718,0
-59.292331132723845,0
-59.91767296342851,0
-73.89055722739243,0
-67.03541135231981,0
-68.2718782544495,0
-69.49392396089452,0
-72.39171405353994,0
-68.96351959617814,0
-63.28139819650197,0
-30.899026470782072,0
-72.39171405353994,0
-62.74565446993064,0
-72.39171405353994,0
-67.4569957597271,0
-62.68839071965499,0
-69.50472776245938,0
-59.292331132723845,0
-71.84178886635698,0
-59.292331132723845,0
-69.16764875361451,0
-64.5592196698799,0
-66.63478897429651,0
-72.39171405353994,0
-69.58436469585192,0
-67.75019958927996,0
-70.8299733426308,0
-70.15136772580556,0
-68.26737663913055,0
-59.292331132723845,0
-66.11854103480002,0
-66.37481088085755,0
-72.39171405353994,0
-66.97270760369983,0
-70.15136772580556,0
-68.9318064869995,0
-70.8299733426308,0
-59.292331132723845,0
-54.3219953269134,0
-68.55928162291701,0
-64.32391999665671,0
-67.37755193820863,0
-66.8423143684802,0
-59.292331132723845,0
-70.8299733426308,0
-51.1158019678321,0
-72.39171405353994,0
-67.95035425040498,0
-72.39171405353994,0
-71.62115961436243,0
-67.91588666447262,0
-70.1743446012022,0
-65.62907817454474,0
-68.21399554542728,0
-71.87966594477672,0
-72.93916664601414,0
-61.6104393376642,0
-72.39171405353994,0
-66.99374246417727,0
-53.19360495334296,0
-63.566414730174905,0
-61.454020400420745,0
-63.90991686196436,0
-65.6495976282872,0
-70.09307140775053,0
-64.43502641845582,0
-68.9818216000526,0
-42.500432537635774,0
-65.35874209210158,0
-29.571146851347873,0
-59.292331132723845,0
-72.39171405353994,0
-70.2196744453604,0
-64.93452640548375,0
-68.7108580798261,0
-62.78120265404202,0
-64.75483870134319,0
-64.78568387115335,0
-59.292331132723845,0
-67.30625538056883,0
-61.81932246090046,0
-41.486537599239554,0
-65.46540169914213,0
-67.86199584819568,0
-69.79202817779341,0
-63.113665986008854,0
-59.292331132723845,0
-63.984976140436714,0
-45.43354733549427,0
-66.45616273834457,0
-59.29207256567261,0
-66.06190469190966,0
-55.16861039403565,0
-62.82815038568002,0
-66.76005189754716,0
-60.8784562177026,0
-68.68498017939567,0
-59.292331132723845,0
-66.41138248114196,0
-74.32252467311707,0
-64.72843758913498,0
-70.09647511688382,0
-66.96700821044752,0
-65.81986265193572,0
-70.11960696137649,0
-68.39911724873477,0
-46.58888593684205,0
-65.56553734384282,0
-76.04075296778802,0
-72.39171405353994,0
-66.97389318769063,0
-67.97387736733288,0
-59.292331132723845,0
-68.1917797160202,0
-72.39171405353994,0
-70.91735518315282,0
-72.87417487183917,0
-68.31648961631447,0
-67.93759277130602,0
-72.39171405353994,0
-59.292331132723845,0
-59.44326349783588,0
-67.68862472755252,0
-61.30846471566007,0
-61.88797629937181,0
-72.39171405353994,0
-34.427737219325685,0
-70.8299733426308,0
-71.88168672861764,0
-68.75517878848399,0
-66.2705551321552,0
-59.292331132723845,0
-67.4764740290702,0
-72.47909589406197,0
-70.44775154707754,0
-67.968679174991,0
-59.406986523717165,0
-70.20413731561237,0
-69.43357322410421,0
-65.21090610455497,0
-64.66070804198665,0
-70.8299733426308,0
-70.19132894326319,0
-67.43916838350262,0
-59.292331132723845,0
-55.779578629015944,0
-68.55644051280807,0
-68.63118417408566,0
-72.39171405353994,0
-70.14654534063621,0
-39.87046205032482,0
-67.86856401630777,0
-65.44251481247606,0
-67.32036356769866,0
-41.548883969231404,0
-66.56183596692951,0
-73.98023820585824,0
-72.39171405353994,0
-62.06953598096458,0
-70.5401281568797,0
-66.68500344067364,0
-72.39171405353994,0
-70.14001913938853,0
-72.39171405353994,0
-59.947193159366826,0
-64.39192228834077,0
-55.86173093379163,0
-44.26593897839049,0
-67.86199584819568,0
-67.55711091841036,0
-70.20413731561237,0
-71.38152370062416,0
-67.88412590004359,0
-66.2705551321552,0
-72.12862033280533,0
-62.696183932972154,0
-69.50472776245938,0
-60.91277997706888,0
-59.292331132723845,0
-65.73515690132625,0
-42.16476808960839,0
-70.63990906339006,0
-64.67518605221579,0
-72.47909589406197,0
-68.87193434705856,0
-65.22434174820036,0
-48.562274788901114,0
-60.4318099882565,0
-63.57610976979245,0
-61.04742698307674,0
-64.81316317496706,0
-70.12087856187003,0
-65.44713805697256,0
-71.84505501367428,0
-61.11630515604899,0
-66.99179094577909,0
-60.257206833464416,0
-40.379580011621684,0
-66.99179094577909,0
-59.292331132723845,0
-67.87755773193149,0
-74.65851825911022,0
-64.29101380188769,0
-70.14953749850447,0
-70.16758020111365,0
-59.211775766583834,0
-72.39171405353994,0
-59.292331132723845,0
-59.292331132723845,0
-68.87411309016038,0
-68.90166859678797,0
-63.0778451629085,0
-74.53961065599175,0
-68.29028189416215,0
-70.12413648580232,0
-62.37269063991002,0
-65.12618967365533,0
-50.504873091671854,0
-62.841270089651076,0
-61.6104393376642,0
-70.8299733426308,0
-63.767780702486775,0
-70.16782629350803,0
-64.51627037565223,0
-74.53961065599175,0
-58.22220163447386,0
-64.72020013783144,0
-70.20413731561237,0
-64.81316317496706,0
-59.292331132723845,0
-68.98184452076416,0
-71.86501486063196,0
-58.6814379932508,0
-38.50308512023953,0
-62.76690757895781,0
-71.84505501367428,0
-72.39171405353994,0
-72.39171405353994,0
-68.26780747482904,0
-44.62862145487194,0
-66.01176613777,0
-72.39171405353994,0
-40.588541316212364,0
-65.51984311880518,0
-70.16750552365764,0
-72.39171405353994,0
-31.134407888926983,0
-72.8213823613208,0
-68.24097478983002,0
-61.89553958612894,0
-72.39171405353994,0
-66.22870985923747,0
-42.015616076348024,0
-70.8299733426308,0
-66.77634954411448,0
-65.95564842082148,0
-70.51577536608656,0
-61.81932246090046,0
-61.866270192538444,0
-69.66450767115919,0
-64.59927415616991,0
-64.52064685702376,0
-66.74101185115,0
-70.56860800860804,0
-61.866270192538444,0
-60.14122659443604,0
-66.10790346250664,0
-70.12970312269391,0
-64.44303532634721,0
-45.227002948727765,0
-69.66747723102003,0
-68.47094546402909,0
-72.39171405353994,0
-71.92144417232885,0
-77.76492941959225,0
-73.98023820585824,0
-64.83414188493494,0
-67.86893893283465,0
-70.97020900263392,0
-70.8299733426308,0
-71.97713915244985,0
-68.99398485514212,0
-70.97391418078935,0
-72.5676107851648,0
-68.61846464958022,0
-45.83444000877108,0
-74.32252467311707,0
-66.56879905442337,0
-69.39705006152352,0
-62.47858849814471,0
-54.05732822996852,0
-66.34283911691959,0
-67.49108990707305,0
-48.50329131164715,0
-68.45916646423376,0
-56.36350484080456,0
-59.292331132723845,0
-62.69241667169459,0
-61.4856969247383,0
-72.39171405353994,0
-74.34550154851371,0
-68.73322094920937,0
-72.8135764727263,0
-67.81824203530087,0
-56.926436684641715,0
-72.39171405353994,0
-39.56471330028636,0
-64.40179945383642,0
-70.12413648580232,0
-65.05077143509543,0
-72.39171405353994,0
-66.3878364715343,0
-67.94209438662497,0
-72.39171405353994,0
-72.03144176970056,0
-71.97261663020461,0
-70.20416023632393,0
-61.88797629937181,0
-71.96567354556564,0
-74.27520202495222,0
-72.39171405353994,0
-72.39171405353994,0
-52.65197068532233,0
-62.17474755855329,0
-66.8246867943308,0
-73.59377247228073,0
-64.06196304123272,0
-67.66168160311007,0
-46.79683340304818,0
-70.32005921994391,0
-70.8299733426308,0
-73.96082679652152,0
-71.44172706286825,0
-72.39171405353994,0
-60.84784312986583,0
-65.59111029032806,0
-61.637334454418415,0
-70.14654534063621,0
-64.20780686737763,0
-72.39171405353994,0
-52.55283210441794,0
-72.12053665219884,0
-73.98023820585824,0
-62.82815038568002,0
-70.1961513284325,0
-67.90820729516088,0
-67.98830583359018,0
-70.13094848617027,0
-73.98023820585824,0
-64.85727815434991,0
-70.12087856187003,0
-70.14741411549599,0
-72.39171405353994,0
-62.88614108854024,0
-72.39171405353994,0
-72.39171405353994,0
-51.67928900065856,0
-72.5676107851648,0
-68.4747283479696,0
-67.40257501597021,0
-70.8299733426308,0
-64.34744311358459,0
-69.66450767115919,0
-63.13847676621469,0
-59.64787638205749,0
-64.32078353731086,0
-68.85699399653791,0
-61.89741426561617,0
-66.23872318131856,0
-63.94181114253082,0
-70.98738350583169,0
-71.86501486063196,0
-61.309122999248466,0
-63.022010672121695,0
-67.97387736733288,0
-47.88900875123949,0
-61.495917828263934,0
-59.292331132723845,0
-72.39171405353994,0
-65.0977191667334,0
-53.50318646801116,0
-72.39171405353994,0
-66.54731640001991,0
-61.81932246090046,0
-62.34010468646379,0
-72.04577208399493,0
-42.588003581056846,0
-64.81316317496706,0
-61.81932246090046,0
-72.39171405353994,0
-70.47380292417182,0
-69.19052978591517,0
-68.85549853284641,0
-72.39171405353994,0
-64.27735063663313,0
-69.04141649569944,0
-59.292331132723845,0
-68.81762481126306,0
-55.60989863030128,0
-64.30243403927676,0
-66.05662066341851,0
-67.95035425040498,0
-59.49557218907527,0
-72.39171405353994,0
-71.3582914109478,0
-70.13538845535632,0
-38.07519774272975,0
-70.55304612487222,0
-70.01184092123523,0
-70.16750552365764,0
-67.8808163406926,0
-61.89553958612894,0
-71.28261852580829,0
-68.71825305593359,0
-69.49666240894346,0
-66.18012469648563,0
-64.43062607128812,0
-70.03616292483167,0
-59.92588778233042,0
-67.93724565238949,0
-68.86772963323247,0
-58.69150791755104,0
-72.5676107851648,0
-64.07333454264605,0
-71.33634076321948,0
-66.06808668845491,0
-62.4819256956496,0
-67.94435717139456,0
-68.72220666624312,0
-67.00190141348412,0
-73.98023820585824,0
-65.33732660786828,0
-47.32882193186871,0
-66.7860824591095,0
-67.19493354126634,0
-70.15091587168413,0
-72.39171405353994,0
-67.53151683636794,0
-72.39171405353994,0
-58.78261486879478,0
-72.94286937466453,0
-67.94515605806313,0
-68.21060020851714,0
-64.75254197389795,0
-40.93064011899818,0
-69.63411495914357,0
-65.56023740297753,0
-68.50716204146553,0
-70.6069369411492,0
-63.566414730174905,0
-69.50068836098306,0
-72.39171405353994,0
-64.94147771163367,0
-66.26225600721538,0
-70.51577536608656,0
-68.45561788232848,0
-72.39171405353994,0
-68.79673100797237,0
-53.199121083616554,0
-72.39171405353994,0
-69.6140108936374,0
-59.292331132723845,0
-72.39171405353994,0
-72.39171405353994,0
-64.90773939277285,0
-63.11105967723499,0
-72.47909589406197,0
-66.31399080552443,0
-64.1837393118995,0
-27.62223675714396,0
-73.98023820585824,0
-72.39171405353994,0
-34.36126381926315,0
-67.86856401630777,0
-65.1748091670153,0
-69.63411495914357,0
-66.99045784593345,0
-29.106402272006065,0
-57.8737881880749,0
-70.19583055858214,0
-67.1094711100802,0
-72.39171405353994,0
-68.72220666624312,0
-62.77425956940304,0
-69.66450767115919,0
-70.14741411549599,0
-44.7667304607262,0
-66.18794462959889,0
-68.65537128350148,0
-64.63806728202894,0
-73.76818536852917,0
-72.5676107851648,0
-70.51842205004634,0
-69.79655070003865,0
-72.39171405353994,0
-72.47909589406197,0
-72.39171405353994,0
-71.55761878366047,0
-67.23905824074126,0
-69.07140395239237,0
-62.85259494056233,0
-66.5986984187287,0
-65.66869345034102,0
-67.62878907500603,0
-66.15660157955774,0
-47.46515644646843,0
-65.3862071299567,0
-63.16247725631354,0
-66.98908662687674,0
-69.53020855692138,0
-60.320270679286516,0
-70.60315720660859,0
-68.5389228058946,0
-64.30382858849507,0
-67.8808163406926,0
-68.78019736910338,0
-39.90848912003425,0
-62.02573675481163,0
-70.8299733426308,0
-64.27092239372605,0
-68.71825305593359,0
-41.99402314852896,0
-65.47583462198142,0
-71.89200274531225,0
-67.92776407233058,0
-68.56819219948508,0
-58.496977462246264,0
-65.3608268040846,0
-72.39171405353994,0
-59.292331132723845,0
-44.39209291789157,0
-66.09475559777604,0
-61.890714747420766,0
-72.39171405353994,0
-57.10773598284664,0
-72.9146226005363,0
-70.17757544795788,0
-71.41348028874003,0
-62.48562842429997,0
-74.62812554709458,0
-64.18953303145125,0
-68.59588276813966,0
-70.95833159477597,0
-67.03827167630122,0
-69.19052978591517,0
-66.8966476984425,0
-72.39171405353994,0
-66.16684991521595,0
-69.94504148177217,0
-72.39171405353994,0
-68.72851921221027,0
-61.228080742229736,0
-62.34010468646379,0
-70.17983823272746,0
-61.92426089539868,0
-72.39171405353994,0
-70.17757544795788,0
-45.93454668241781,0
-50.45930300795748,0
-72.5676107851648,0
-68.70336392983312,0
-72.39171405353994,0
-64.74306936518553,0
-59.48831706236967,0
-58.941252613041634,0
-50.39026863248302,0
-72.39171405353994,0
-71.89200274531225,0
-70.8299733426308,0
-71.00587007425565,0
-70.04258430060688,0
-72.39171405353994,0
-65.39475120262968,0
-67.24263149803436,0
-72.39171405353994,0
-64.02425744053411,0
-66.4003574005287,0
-67.03032249938755,0
-59.292331132723845,0
-70.09747690952858,0
-72.39171405353994,0
-62.97964654477207,0
-70.14920359679454,0
-71.86501486063196,0
-67.8808163406926,0
-72.39171405353994,0
-66.01868568021068,0
-68.55991511361617,0
-70.94043577419372,0
-72.39171405353994,0
-53.447223640714434,0
-70.10835252474178,0
-67.62878907500603,0
-63.61489119922501,0
-70.8299733426308,0
-67.19493354126634,0
-63.08542925825594,0
-72.4184974949491,0
-68.50648911239864,0
-72.39171405353994,0
-63.61489119922501,0
-68.67545548483385,0
-70.54255880749571,0
-69.76453002240919,0
-51.915751204263195,0
-65.95937066316101,0
-70.12445725565269,0
-72.39171405353994,0
-62.673887266883455,0
-72.39171405353994,0
-68.56094212812702,0
-70.2196744453604,0
-64.75770698272548,0
-64.81316317496706,0
-68.13427933350778,0
-70.14741411549599,0
-71.36180720898939,0
-72.39171405353994,0
-71.87966594477672,0
-70.19641818490763,0
-63.24354784022748,0
-72.5676107851648,0
-66.96618140245215,0
-54.06059228863703,0
-72.39171405353994,0
-67.94209438662497,0
-62.59843290269816,0
-69.19052978591517,0
-41.243395731865455,0
-67.20661955386252,0
-69.19052978591517,0
-64.22556634760315,0
-62.74907757388128,0
-67.62878907500603,0
-67.93033734700882,0
-67.86199584819568,0
-41.81447515919637,0
-59.292331132723845,0
-72.31962878838084,0
-71.86502239918815,0
-71.37662704843642,0
-68.56447981525886,0
-67.79547648911075,0
-70.15136772580556,0
-68.60521057955225,0
-69.41297235654878,0
-67.86893893283465,0
-72.85600643614669,0
-64.89841156162359,0
-72.39171405353994,0
-65.59962249452417,0
-72.39171405353994,0
-67.86893893283465,0
-70.10835252474178,0
-72.11495053317445,0
-72.39171405353994,0
-67.03032249938755,0
-72.39171405353994,0
-72.39171405353994,0
-66.93708358479968,0
-74.34873239526942,0
-72.39171405353994,0
-67.39737682362833,0
-72.39171405353994,0
-71.30083389334963,0
-61.92426089539868,0
-59.95200257254391,0
-68.87193434705856,0
-62.84002779353797,0
-72.39171405353994,0
-70.51577536608656,0
-71.98780359741357,0
-66.45616273834457,0
-70.89057174174367,0
-68.95439666507392,0
-70.18695169148808,0
-63.174224078543084,0
-71.19353110894065,0
-70.13997231448182,0
-65.81268604009917,0
-67.12213702279284,0
-71.89792105540099,0
-61.818947544373565,0
-72.94436483835602,0
-61.30496013601971,0
-72.5676107851648,0
-57.54653020038502,0
-70.11963487048337,0
-69.22382228243353,0
-62.85259494056233,0
-38.094351154419066,0
-47.63217288622947,0
-70.12438737968142,0
-69.19052978591517,0
-72.39171405353994,0
-65.62681538977516,0
-70.8299733426308,0
-34.37300376291604,0
-59.292331132723845,0
-68.73874030511212,0
-72.87417487183917,0
-72.5676107851648,0
-72.39171405353994,0
-67.8808163406926,0
-40.56772671440422,0
-65.98122689084857,0
-72.39171405353994,0
-64.20559896208928,0
-72.39171405353994,0
-41.90384162755256,0
-72.39171405353994,0
-69.69516936998829,0
-67.30366201232394,0
-72.39171405353994,0
-39.37617371582445,0
-65.13218675266576,0
-72.39171405353994,0
-68.08716063963625,0
-64.55385439051875,0
-72.07755506470286,0
-68.934909657621,0
-72.39171405353994,0
-53.53155408592043,0
-68.59272510883493,0
-68.50299070391799,0
-65.96492901465741,0
-68.10130721126691,0
-68.87722404190566,0
-62.97964654477207,0
-34.20908661405165,0
-68.86772963323247,0
-67.49932893935298,0
-61.073886571621564,0
-72.39171405353994,0
-39.3806753311434,0
-72.39171405353994,0
-38.070348682507365,0
-64.8441985620709,0
-29.186871891173634,0
-72.39171405353994,0
-70.62457974545539,0
-72.4184974949491,0
-70.60315720660859,0
-67.94435717139456,0
-66.58228832820458,0
-64.95986243564252,0
-70.44043496091405,0
-41.07269590366201,0
-67.16046595533398,0
-59.292331132723845,0
-59.292331132723845,0
-65.99310429870653,0
-67.56843011358261,0
-61.89924231477931,0
-61.83119986875841,0
-72.4184974949491,0
-66.86272654649224,0
-38.47155124518877,0
-70.8299733426308,0
-67.87122990111462,0
-48.618533526868276,0
-67.08158382971433,0
-63.25032470818352,0
-44.45462453930565,0
-70.10404507764068,0
-67.62878907500603,0
-56.10426218006189,0
-68.84215371812562,0
-34.427737219325685,0
-68.87193434705856,0
-65.24619833533946,0
-72.39171405353994,0
-65.8021232723868,0
-76.04075296778802,0
-66.97909138003251,0
-72.39171405353994,0
-61.166876149571465,0
-64.36338002037535,0
-68.31249242632883,0
-64.97985999225831,0
-64.363332345676,0
-68.92492057470815,0
-39.56471330028636,0
-70.21485206019105,0
-70.8299733426308,0
-70.8299733426308,0
-68.58752691649305,0
-53.56200679273849,0
-66.84634017341996,0
-70.09747690952858,0
-39.00220799898511,0
-66.63376962978765,0
-68.36692520465829,0
-55.08283692452781,0
-72.39171405353994,0
-67.12142004234727,0
-67.7380397468456,0
-67.27287946816548,0
-71.86501486063196,0
-59.750128760559726,0
-69.23039045054563,0
-69.532816253174,0
-37.661908878640126,0
-68.97383561287276,0
-71.92144417232885,0
-59.292331132723845,0
-69.86342046431372,0
-70.51577536608656,0
-70.21935367551,0
-72.39171405353994,0
-69.5688028121161,0
-36.50930753579045,0
-70.99721220480713,0
-69.39751227536615,0
-67.05919170371774,0
-66.76235568441126,0
-64.34781813663952,0
-70.10894304661622,0
-72.5676107851648,0
-61.94589970675307,0
-68.29028189416215,0
-67.98380421827122,0
-69.15025676788198,0
-66.01659097647817,0
-72.39171405353994,0
-67.94435717139456,0
-62.34010468646379,0
-61.878147600396396,0
-70.51577536608656,0
-64.81316317496706,0
-63.359269987272214,0
-72.39171405353994,0
-70.12413648580232,0
-72.39171405353994,0
-58.67313123622058,0
-55.89223917965398,0
-67.8808163406926,0
-55.11155823379755,0
-71.89792105540099,0
-72.9778699450826,0
-59.46999720578739,0
-65.9711807279446,0
-60.84784312986583,0
-59.292331132723845,0
-69.41734592193735,0
-65.11942527356679,0
-67.8808163406926,0
-61.28415929407073,0
-61.89474069946035,0
-63.312020863170794,0
-45.75249328578034,0
-58.9464454203569,0
-59.292331132723845,0
-66.08098838147995,0
-68.51844097885183,0
-37.98968012596463,0
-61.023797146518156,0
-72.39171405353994,0
-72.39171405353994,0
-59.292331132723845,0
-71.06646847336853,0
-67.94515605806313,0
-71.87159056730025,0
-64.39192228834077,0
-65.87436600115531,0
-62.05315048831587,0
-68.84546327747663,0
-67.40228945226171,0
-68.44715777873701,0
-72.39171405353994,0
-63.13847676621469,0
-59.292331132723845,0
-63.76815476072768,0
-58.247597706150735,0
-71.853137452774,0
-23.05176517481353,0
-65.61716393479126,0
-70.14001913938853,0
-72.39171405353994,0
-70.66855008582812,0
-65.30867493901364,0
-46.97856932894115,0
-67.33888987935643,0
-61.899393442477354,0
-66.02520398790485,0
-62.34010468646379,0
-66.7094449758646,0
-57.26656620428927,0
-63.19001971485101,0
-53.447223640714434,0
-59.292331132723845,0
-60.91277997706888,0
-72.47909589406197,0
-53.447223640714434,0
-72.39171405353994,0
-72.39171405353994,0
-59.292331132723845,0
-69.9638988269681,0
-67.81119486174012,0
-66.83817606811202,0
-65.31749939012148,0
-29.106402272006065,0
-49.70477854749391,0
-67.94515605806313,0
-72.39171405353994,0
-72.39171405353994,0
-68.95202888564242,0
-66.00161087630698,0
-68.94006629321203,0
-63.29944223031879,0
-69.48235272349444,0
-63.65876889010896,0
-59.292331132723845,0
-44.21849879125693,0
-55.86098753805451,0
-72.39171405353994,0
-67.94209438662497,0
-66.65932735360269,0
-60.85972053772378,0
-64.31961556236959,0
-64.29726042038297,0
-72.39171405353994,0
-59.292331132723845,0
-70.11629740202551,0
-65.27520723231821,0
-59.292331132723845,0
-33.58412712906371,0
-59.292331132723845,0
-70.14001913938853,0
-72.39171405353994,0
-72.39171405353994,0
-70.8299733426308,0
-64.11366836993852,0
-71.88718036014293,0
-64.3797210374072,0
-66.03462985357378,0
-59.292331132723845,0
-63.07880187468625,0
-60.58942328470223,0
-71.89168197546189,0
-64.65535336075126,0
-63.80881108690507,0
-64.13705087899103,0
-64.45022340132415,0
-72.47909589406197,0
-72.39171405353994,0
-72.39171405353994,0
-72.39171405353994,0
-70.46905930792423,0
-62.02976270685123,0
-68.21390976786812,0
-73.98023820585824,0
-60.03975276810014,0
-65.21374520092954,0
-69.79165326126653,0
-67.94435717139456,0
-63.566414730174905,0
-72.39171405353994,0
-72.49937849618209,0
-69.21482856680981,0
-64.30566488603245,0
-61.89553958612894,0
-61.10869928198841,0
-66.79033914809811,0
-65.9399989347228,0
-67.94885878671352,0
-72.39171405353994,0
-62.7749630183163,0
-68.45954138076064,0
-69.50472776245938,0
-72.47909589406197,0
-70.1858822049881,0
-64.81316317496706,0
-62.96036090455888,0
-70.8299733426308,0
-71.62715669337285,0
-71.98449403806256,0
-72.39171405353994,0
-68.3794007571,0
-72.39171405353994,0
-71.06646847336853,0
-63.10897526786361,0
-67.00276005969373,0
-65.7877307990117,0
-68.25670058266317,0
-67.968679174991,0
-70.5401281568797,0
-68.8067262548166,0
-72.39171405353994,0
-67.968679174991,0
-68.34303952815102,0
-67.06118625054151,0
-68.4157958626776,0
-37.04836709543588,0
-53.57192587272176,0
-74.27520202495222,0
-63.71678069245557,0
-68.02386805278323,0
-70.8299733426308,0
-63.12137569392961,0
-64.44303532634721,0
-48.9735317350044,0
-68.63636957913849,0
-67.93759277130602,0
-68.88210427860781,0
-67.49379662947035,0
-55.07666715242256,0
-70.20413731561237,0
-64.65545926776147,0
-62.83287573379266,0
-66.08542780883755,0
-72.5676107851648,0
-70.91735518315282,0
-73.76818536852917,0
-63.58449848720939,0
-69.31819930308794,0
-63.19156824021145,0
-72.10429951840486,0
-70.13095554779352,0
-72.39171405353994,0
-62.1268758545362,0
-66.8153473045182,0
-54.12090619797391,0
-62.84682743283666,0
-67.52972165136859,0
-73.538879863359,0
-74.28419574057594,0
-68.4919750742566,0
-64.70881442124605,0
-71.87648853627579,0
-72.96268976294203,0
-66.00775538285129,0
-59.292331132723845,0
-47.8739709549952,0
-66.58776276643019,0
-65.0951783152353,0
-68.71258670436697,0
-50.510172538028435,0
-71.92144417232885,0
-64.30116327071349,0
-60.32897403651162,0
-72.39171405353994,0
-59.35764743736976,0
-69.76894978662531,0
-70.14654534063621,0
-67.93759277130602,0
-65.05448247295884,0
-63.566414730174905,0
-72.39171405353994,0
-61.63874264704064,0
-62.69841375070504,0
-66.0920125427973,0
-67.53052613004431,0
-64.24223067703265,0
-63.749113535051805,0
-70.13095554779352,0
-70.8299733426308,0
-64.50187791816948,0
-62.86261797161238,0
-70.1757391504205,0
-70.21485206019105,0
-59.292331132723845,0
-65.71257736951945,0
-72.39171405353994,0
-72.39171405353994,0
-69.63890610370117,0
-72.39171405353994,0
-60.36252018448953,0
-67.86199584819568,0
-62.88614108854024,0
-72.5676107851648,0
-68.29512725129058,0
-69.16764875361451,0
-72.39171405353994,0
-70.15292911696889,0
-70.19583055858214,0
-73.98023820585824,0
-71.06646847336853,0
-60.7592041779241,0
-68.34307440468052,0
-64.27609456464295,0
-59.292331132723845,0
-65.42393570989506,0
-65.38526842125877,0
-72.39171405353994,0
-66.36383804732212,0
-67.20661955386252,0
-72.39171405353994,0
-69.79312341344126,0
-71.02376218092388,0
-61.91279746812062,0
-70.8299733426308,0
-69.19052978591517,0
-67.21624820728962,0
-71.37662704843642,0
-61.92426089539868,0
-62.32470159786613,0
-70.00781496919564,0
-62.62625122734321,0
-64.4247572950114,0
-73.28941897619342,0
-64.31242928612099,0
-64.84093995330981,0
-67.9224935990261,0
-66.2220019312817,0
-66.97536585985816,0
-72.39171405353994,0
-65.4910443663849,0
-60.538097124767816,0
-69.35546534289868,0
-72.39171405353994,0
-67.37608173010939,0
-67.94435717139456,0
-67.88412590004359,0
-70.51577536608656,0
-71.4372254475493,0
-54.94223321860924,0
-70.19926226734839,0
-72.47909589406197,0
-72.39171405353994,0
-70.8299733426308,0
-68.76318485999442,0
-68.90569454882757,0
-68.13577479719928,0
-69.69100034794792,0
-65.01401512171283,0
-59.292331132723845,0
-59.5451488365985,0
-63.26257703256835,0
-68.84873413275787,0
-69.31593651831835,0
-59.42493857324987,0
-62.41272400854887,0
-67.46051297495728,0
-67.4005262849917,0
-44.66661530204295,0
-67.968679174991,0
-64.81316317496706,0
-66.43890923208781,0
-70.66299285915511,0
-72.39171405353994,0
-67.75179710278228,0
-67.66344477038008,0
-69.47466357656101,0
-58.92983546993608,0
-65.39561067497056,0
-68.00034493585537,0
-59.90541493181468,0
-72.39171405353994,0
-61.94498875890263,0
-67.38615147257482,0
-65.6350752535552,0
-67.05364002239065,0
-70.18583531173789,0
-65.98011445781243,0
-69.93318150712827,0
-50.48400113783288,0
-67.87755773193149,0
-63.9503537149883,0
-64.1668697576786,0
-62.81978715219078,0
-67.4295262974322,0
-37.94790189841249,0
-62.44367687491623,0
-64.57908730469941,0
-64.4247572950114,0
-66.09803683184244,0
-62.82815038568002,0
-66.69229947584356,0
-66.00902768972105,0
-72.39171405353994,0
-68.93079600566678,0
-64.32024361972327,0
-67.21818183686534,0
-61.905251451810955,0
-59.830516166059354,0
-68.72508546556537,0
-70.16424843988477,0
-42.64891241718271,0
-68.8973191549236,0
-39.378912163873395,0
-69.29142060856518,0
-30.353150716798215,0
-65.73303316771155,0
-59.292331132723845,0
-63.014740041833605,0
-70.12450493035203,0
-59.292331132723845,0
-61.00557714555633,0
-62.86807754212437,0
-61.818947544373565,0
-66.73094359893946,0
-64.38660601465031,0
-26.78810299998251,0
-65.91127793787736,0
-65.41361969320045,0
-59.292331132723845,0
-72.5676107851648,0
-61.01020240108687,0
-70.8299733426308,0
-53.72788576863978,0
-64.07261997515654,0
-68.74485661910282,0
-71.98780359741357,0
-66.68724356267333,0
-62.4250295475461,0
-68.24333416252415,0
-76.35230199889884,0
-66.90367178707834,0
-72.39171405353994,0
-61.89474069946035,0
-67.9137225354616,0
-68.21058728766087,0
-63.159565730190394,0
-70.07750952401472,0
-64.54322602723741,0
-70.16758020111365,0
-69.77460005231033,0
-73.98023820585824,0
-59.292331132723845,0
-71.26492339546095,0
-71.44322252655975,0
-70.9136829094384,0
-73.98023820585824,0
-70.8299733426308,0
-66.06615569917159,0
-61.81932246090046,0
-72.47909589406197,0
-72.84985286824273,0
-52.421819879543285,0
-64.37658797628211,0
-44.403215111819904,0
-68.79840397674135,0
-62.05315048831587,0
-59.292331132723845,0
-68.3702124290474,0
-63.312020863170794,0
-46.50990432340186,0
-70.54255880749571,0
-72.39171405353994,0
-72.39171405353994,0
-64.75015301151795,0
-71.96567354556564,0
-63.744631643799806,0
-73.98023820585824,0
-70.19926226734839,0
-61.672043432685406,0
-63.337516275274936,0
-62.384284800489546,0
-59.292331132723845,0
-72.4184974949491,0
-72.39171405353994,0
-68.12751493341923,0
-66.83896916099633,0
-67.35646172096791,0
-71.89792105540099,0
-67.88412590004359,0
-67.86893893283465,0
-65.94899265034654,0
-60.662429423041225,0
-69.74793692334524,0
-66.75132786784462,0
-72.39171405353994,0
-65.30867493901364,0
-72.39171405353994,0
-41.276258551845316,0
-62.88614108854024,0
-70.03890290084871,0
-65.30867493901364,0
-65.87135849330367,0
-71.3582914109478,0
-61.30024554161598,0
-66.70837437627034,0
-59.41491554219983,0
-68.40189311993673,0
-70.13771288625881,0
-59.292331132723845,0
-43.01561930665569,0
-68.86772963323247,0
-70.1961513284325,0
-72.39171405353994,0
-70.15231208447153,0
-51.84351454355882,0
-70.13997231448182,0
-71.46674564348761,0
-68.06297827872578,0
-65.90433061554454,0
-69.19052978591517,0
-68.37883122814426,0
-64.36326246970472,0
-63.58449848720939,0
-70.60315720660859,0
-72.39171405353994,0
-72.39171405353994,0
-64.81873150166393,0
-72.93610497457598,0
-68.77520376244067,0
-66.31907562978346,0
-65.62254537715226,0
-61.359683210102475,0
-61.676865817854754,0
-72.47909589406197,0
-70.03890290084871,0
-68.56400379956519,0
-68.17084233561016,0
-43.55016452289226,0
-69.66450767115919,0
-74.34873239526942,0
-59.411407288663106,0
-64.8073943502393,0
-72.10429951840486,0
-61.22518910880143,0
-72.47909589406197,0
-60.62005072930254,0
-65.28331785058853,0
-66.97270760369983,0
-61.83119986875841,0
-70.14499136296703,0
-53.447223640714434,0
-70.51577536608656,0
-46.43694866675897,0
-65.78748796340025,0
-68.67055825071044,0
-72.39171405353994,0
-58.941252613041634,0
-74.35549679535796,0
-59.292331132723845,0
-69.4430347806551,0
-71.23099123084494,0
-51.87302051291117,0
-57.26656620428927,0
-65.65826458515376,0
-66.77888892956975,0
-72.39171405353994,0
-67.94515605806313,0
-67.21309029140761,0
-68.84248269839179,0
-65.61456114029637,0
-59.292331132723845,0
-73.73779265651353,0
-74.32252467311707,0
-65.04590683507001,0
-72.39171405353994,0
-61.89553958612894,0
-73.98023820585824,0
-65.24669993290927,0
-70.60315720660859,0
-70.16578116737196,0
-59.292331132723845,0
-70.10404507764068,0
-69.80724305410922,0
-65.2078444331168,0
-72.71346131404307,0
-43.95755651917149,0
-70.69167209771145,0
-68.43528037087906,0
-70.8299733426308,0
-59.42493857324987,0
-72.5676107851648,0
-65.93980913615302,0
-70.60315720660859,0
-48.38220303401084,0
-73.98023820585824,0
-59.292331132723845,0
-68.89072307770465,0
-75.46196910831779,0
-71.89168197546189,0
-67.53729053013285,0
-66.2521986109209,0
-72.5676107851648,0
-64.28839509777993,0
-60.91277997706888,0
-64.09685765957394,0
-68.4792053278091,0
-59.292331132723845,0
-51.23834811080817,0
-61.639325438030674,0
-61.633496779999426,0
-59.448461690177744,0
-67.94435717139456,0
-67.92776407233058,0
-73.76818536852917,0
-72.39171405353994,0
-66.84035074556398,0
-70.60315720660859,0
-62.854545210663446,0
-71.88718036014293,0
-70.8299733426308,0
-46.126565370901254,0
-71.00587007425565,0
-67.38263292311471,0
-62.567751674842924,0
-52.83226580666451,0
-67.09474045634339,0
-70.8299733426308,0
-67.87755773193149,0
-72.39171405353994,0
-63.1591620023932,0
-64.26893538545848,0
-65.98785595911052,0
-40.64944806762445,0
-71.84505501367428,0
-72.39171405353994,0
-72.39171405353994,0
-72.89822789615624,0
-71.84505501367428,0
-66.97847434753515,0
-68.83027631026766,0
-65.9753643170547,0
-64.98092700386192,0
-69.04677736566049,0
-65.62987706121335,0
-59.292331132723845,0
-72.39171405353994,0
-68.50675573453735,0
-66.83033182530384,0
-55.43304957409428,0
-68.21058728766087,0
-68.11318461912487,0
-72.39171405353994,0
-60.8692021177827,0
-69.65196302198356,0
-70.13094848617027,0
-64.81316317496706,0
-72.39171405353994,0
-67.45737067625399,0
-70.8299733426308,0
-62.34010468646379,0
-44.74840553614018,0
-64.83056784333489,0
-70.18433984804642,0
-70.19132894326319,0
-65.33182945910322,0
-71.99429575222368,0
-28.59138258087758,0
-66.73197691998992,0
-45.16540412891123,0
-64.62608396716077,0
-72.39171405353994,0
-68.2575479401551,0
-71.97261663020461,0
-72.04803486876452,0
-69.5688028121161,0
-65.80046287071418,0
-70.69167209771145,0
-71.39823316220573,0
-71.92144417232885,0
-32.691999592850244,0
-72.39171405353994,0
-64.81316317496706,0
-63.03259959198808,0
-55.469955650661944,0
-67.92776407233058,0
-68.76526879711483,0
-66.6331370217115,0
-68.6398029731825,0
-66.01021309968804,0
-55.133228324730354,0
-60.370648111751066,0
-69.80006649808024,0
-72.84759008347315,0
-59.292331132723845,0
-61.0787089567909,0
-68.95403465517741,0
-59.292331132723845,0
-65.9711807279446,0
-70.51577536608656,0
-64.56441786222176,0
-71.30083389334963,0
-67.00190141348412,0
-64.62620949268933,0
-55.859773785692155,0
-59.292331132723845,0
-59.292331132723845,0
-72.39171405353994,0
-64.97253271260932,0
-65.9334307666107,0
-59.292331132723845,0
-70.07750952401472,0
-68.22041598663631,0
-66.66515547768984,0
-50.76770263092933,0
-73.98023820585824,0
-72.39171405353994,0
-72.39171405353994,0
-66.3631017117043,0
-61.878147600396396,0
-72.5676107851648,0
-48.85832897798487,0
-71.89998873249212,0
-68.43886626751876,0
-67.92776407233058,0
-68.25195296162101,0
-72.39171405353994,0
-49.86972872014826,0
-72.39171405353994,0
-62.82815038568002,0
-70.28335541266124,0
-40.54965366820179,0
-65.48243398272042,0
-70.51577536608656,0
-71.44172706286825,0
-64.52774643055626,0
-72.39171405353994,0
-70.90700136768743,0
-52.34368916822341,0
-70.5528896359787,0
-54.61927440574572,0
-67.9270277876578,0
-72.39171405353994,0
-60.22148241581146,0
-66.45275448057818,0
-68.68463985655252,0
-67.8808163406926,0
-59.31375938506311,0
-72.90989725242366,0
-66.78133369377137,0
-68.12301331810028,0
-68.31761227307493,0
-74.28419574057594,0
-70.17307383263892,0
-66.64616136777947,0
-63.4890307241863,0
-72.39171405353994,0
-37.12873186600192,0
-55.849012511387286,0
-61.83450942810939,0
-67.14522882949832,0
-72.39171405353994,0
-67.87755773193149,0
-70.15842274849416,0
-68.56320491289661,0
-62.1268758545362,0
-66.97752998886918,0
-68.05435947962891,0
-54.48192969421788,0
-68.61973625007376,0
-61.827941259997296,0
-67.27443636717128,0
-58.463058380108286,0
-70.18063711939604,0
-72.39171405353994,0
-61.892477914690765,0
-67.86893893283465,0
-68.18044939744937,0
-62.81197941409364,0
-72.39171405353994,0
-61.5442007295343,0
-77.76492941959225,0
-64.75157044779579,0
-70.10441999416756,0
-71.88643034486526,0
-64.64740361935795,0
-70.9437453335447,0
-69.84057678195953,0
-67.97387736733288,0
-62.34010468646379,0
-72.10429951840486,0
-59.292331132723845,0
-62.34010468646379,0
-65.78726199979995,0
-66.37585206039687,0
-70.1408459473839,0
-72.39171405353994,0
-71.65067981030074,0
-63.14951991632279,0
-70.60315720660859,0
-30.73690654508049,0
-69.7519458006017,0
-72.39171405353994,0
-17.06300166184827,0
-72.39171405353994,0
-65.95564842082148,0
-62.70826958999545,0
-55.25055946045014,0
-59.292331132723845,0
-59.292331132723845,0
-23.05176517481353,0
-69.48122204133958,0
-68.45561788232848,0
-47.37466907778634,0
-63.31752817494182,0
-59.292331132723845,0
-67.87755773193149,0
-57.05431664982362,0
-71.86502239918815,0
-59.292331132723845,0
-71.86959602047648,0
-67.88412590004359,0
-73.98023820585824,0
-72.04400891672492,0
-72.39171405353994,0
-67.62878907500603,0
-62.34010468646379,0
-72.10429951840486,0
-70.92855836633576,0
-61.88797629937181,0
-70.89057174174367,0
-72.84759008347315,0
-65.98732158288767,0
-59.292331132723845,0
-70.15751027681341,0
-68.24333416252415,0
-72.85065175491131,0
-71.86501486063196,0
-61.81237937626147,0
-59.292331132723845,0
-72.39171405353994,0
-72.39171405353994,0
-53.447223640714434,0
-64.45178859413086,0
-68.20606632479513,0
-64.28651218656873,0
-59.08015348533852,0
-72.39171405353994,0
-73.73779265651353,0
-64.27092239372605,0
-35.67448566411783,0
-54.97761082268351,0
-69.39705006152352,0
-71.97224171367773,0
-69.47794432105023,0
-72.39171405353994,0
-57.947460992899636,0
-61.866270192538444,0
-68.00404766450575,0
-66.28752012833422,0
-64.89594067085393,0
-67.76871722362038,0
-62.73457451687849,0
-74.35549679535796,0
-68.15176214816495,0
-72.5676107851648,0
-66.66580680357761,0
-57.10773598284664,0
-58.653039828058944,0
-71.58132400155725,0
-69.80721514500237,0
-59.721378919892224,0
-58.941252613041634,0
-72.92177466028161,0
-69.04362636485733,0
-66.81856191702926,0
-44.738382505090144,0
-66.91057363145178,0
-71.29426572523754,0
-56.828083035588165,0
-68.78006667854285,0
-39.56471330028636,0
-67.8808163406926,0
-68.97272158965993,0
-61.15254583527708,0
-67.2674564059331,0
-67.88412590004359,0
-67.07933766715003,0
-68.70740129931414,0
-59.89233271532628,0
-61.20314869851727,0
-46.138783229268064,0
-65.26844283222967,0
-70.60315720660859,0
-67.70554987755861,0
-72.39171405353994,0
-71.29410923634401,0
-59.292331132723845,0
-65.30867493901364,0
-71.98780359741357,0
-66.69188432570537,0
-52.720767426806916,0
-68.56094212812702,0
-66.92130199363966,0
-59.143354394240774,0
-65.56145340044397,0
-66.38861353949584,0
-67.1866736774863,0
-69.19052978591517,0
-65.21198203365952,0
-72.0949884890679,0
-38.34805857242953,0
-73.98023820585824,0
-70.54286660492865,0
-68.07237424823442,0
-66.03614821833658,0
-61.02755071473169,0
-61.495917828263934,0
-70.54462977219866,0
-72.39171405353994,0
-59.292331132723845,0
-72.05403194777497,0
-70.19583055858214,0
-62.4626332893139,0
-67.30901633728928,0
-71.98123542930148,0
-71.55436017489936,0
-72.39171405353994,0
-68.96202413248668,0
-68.63887682759226,0
-72.39171405353994,0
-68.75667425217549,0
-20.583123380648217,0
-61.827941259997296,0
-72.39171405353994,0
-59.292331132723845,0
-59.252064787117384,0
-67.65563717238439,0
-63.13847676621469,0
-41.07269590366201,0
-43.2920475583781,0
-70.51581435379371,0
-71.20667763904095,0
-72.04127046867598,0
-72.18326259413661,0
-53.253791489046776,0
-48.39819667665335,0
-70.13244324283255,0
-65.82737416480943,0
-63.66720726050191,0
-72.39171405353994,0
-70.13244324283255,0
-72.39171405353994,0
-59.292331132723845,0
-47.41382269631784,0
-71.98123542930148,0
-70.8299733426308,0
-72.39171405353994,0
-69.41667508519916,0
-73.98023820585824,0
-72.35555794783576,0
-70.19269409923629,0
-58.941252613041634,0
-65.78016751225458,0
-61.639325438030674,0
-38.29954506761073,0
-65.9438343002745,0
-61.827941259997296,0
-61.827941259997296,0
-61.8004362662116,0
-67.51010721897768,0
-62.28379727111643,0
-59.292331132723845,0
-50.45930300795748,0
-59.292331132723845,0
-72.39171405353994,0
-59.292331132723845,0
-72.36233382561673,0
-42.74531381031961,0
-71.06646847336853,0
-69.1243988250816,0
-68.23768335813837,0
-68.22491760195527,0
-64.54982595433681,0
-69.93876472410139,0
-72.04577208399493,0
-60.15084876521425,0
-33.37084781490057,0
-61.34661347982699,0
-70.11963487048337,0
-66.19939257320416,0
-64.81316317496706,0
-67.9739755192958,0
-72.70455596144987,0
-46.82284759354525,0
-64.53636522965311,0
-47.05136584741465,0
-72.39171405353994,0
-57.11230735268386,0
-71.00587007425565,0
-59.90541493181468,0
-66.95860550589617,0
-67.93759277130602,0
-68.790513385798,0
-72.41482522123468,0
-68.18447534948896,0
-67.94515605806313,0
-67.71168461715965,0
-35.14718379450728,0
-67.3289823667955,0
-73.98023820585824,0
-48.58361408681451,0
-72.39171405353994,0
-71.43011392854426,0
-40.20728887166421,0
-72.39171405353994,0
-64.19554412819718,0
-63.76815476072768,0
-59.292331132723845,0
-51.07011242917271,0
-59.842741439107094,0
-60.82666248154166,0
-72.5676107851648,0
-72.39171405353994,0
-72.39171405353994,0
-57.69450416824949,0
-69.58762330461303,0
-74.27520202495222,0
-57.79163231858497,0
-66.48567568408079,0
-70.20935842866578,0
-72.39171405353994,0
-69.33037006325422,0
-59.292331132723845,0
-68.15138723163807,0
-72.39171405353994,0
-71.88643034486526,0
-55.6113424831846,0
-68.56920199190704,0
-70.51577536608656,0
-70.69167209771145,0
-66.13055706548519,0
-72.2670430567329,0
-65.92456201713647,0
-61.30496013601971,0
-70.11414123895807,0
-68.98346952612101,0
-44.423055686270075,0
-72.39171405353994,0
-57.86993026968675,0
-69.04141649569944,0
-67.83478043067105,0
-76.04075296778802,0
-62.982979184478324,0
-72.39171405353994,0
-58.941252613041634,0
-70.09647511688382,0
-49.94125533868889,0
-70.8299733426308,0
-70.8299733426308,0
-72.10429951840486,0
-68.57074299361989,0
-66.25629198194684,0
-66.09226186218721,0
-68.74130801363671,0
-68.90166859678797,0
-72.39171405353994,0
-61.26572822715977,0
-68.68801623212379,0
-69.63411495914357,0
-61.73289809997994,0
-67.74566540064825,0
-64.81316317496706,0
-72.5676107851648,0
-66.3492632152699,0
-70.13969836953814,0
-65.98994340713473,0
-76.07114567980364,0
-70.05814618434269,0
-66.99179094577909,0
-66.80866407268415,0
-66.31581702102234,0
-55.43304957409428,0
-66.49392792188245,0
-72.07755506470286,0
-71.06646847336853,0
-60.91277997706888,0
-69.25036543846167,0
-67.50163067411954,0
-64.90547660800327,0
-68.5865822284461,0
-67.94515605806313,0
-59.292331132723845,0
-59.292331132723845,0
-71.00587007425565,0
-72.39171405353994,0
-70.13626478753937,0
-70.15136772580556,0
-71.54371195774209,0
-70.8299733426308,0
-62.85435810783234,0
-48.562274788901114,0
-67.94435717139456,0
-73.98023820585824,0
-66.62460945435295,0
-64.85603823253653,0
-72.39171405353994,0
-66.18532288882749,0
-45.493090959573365,0
-70.13094848617027,0
-70.19926226734839,0
-68.22718038672485,0
-67.62878907500603,0
-57.10773598284664,0
-67.94515605806313,0
-67.57293172890157,0
-63.39879782658319,0
-64.26394295484364,0
-59.292331132723845,0
-72.5676107851648,0
-72.39171405353994,0
-40.34579182102478,0
-61.20167294095124,0
-60.353938920336624,0
-74.35699225904943,0
-66.94030350202169,0
-72.10429951840486,0
-71.3582914109478,0
-66.0081872125902,0
-55.931051637048,0
-72.85600643614669,0
-59.12643152821311,0
-67.94885878671352,0
-72.4184974949491,0
-63.566414730174905,0
-53.228791809195634,0
-59.292331132723845,0
-68.64239660470322,0
-63.65189629562465,0
-72.39171405353994,0
-67.86856401630777,0
-59.292331132723845,0
-59.292331132723845,0
-70.43585380106953,0
-64.40318830374827,0
-65.59337307509765,0
-61.827941259997296,0
-68.11894362034415,0
-66.85258052475689,0
-67.86199584819568,0
-67.73728973156793,0
-64.81316317496706,0
-72.47909589406197,0
-72.39171405353994,0
-68.29846304281553,0
-72.39171405353994,0
-58.12575007698382,0
-70.14800512656836,0
-57.12514957813478,0
-66.04815072050368,0
-70.17307383263892,0
-48.293626446260994,0
-68.70660241264557,0
-72.86294952078566,0
-70.8299733426308,0
-67.95035425040498,0
-65.95366299924991,0
-59.292331132723845,0
-28.16580429525728,0
-71.40450285791303,0
-70.8299733426308,0
-64.29932055891791,0
-70.6069369411492,0
-64.81316317496706,0
-67.3492286743094,0
-67.8808163406926,0
-40.08716740010345,0
-68.78562204754215,0
-72.39171405353994,0
-59.292331132723845,0
-53.98504885060114,0
-67.8808163406926,0
-72.39171405353994,0
-71.06646847336853,0
-72.47279370781604,0
-52.96218598103844,0
-59.35871022288847,0
-46.00669577785591,0
-72.39171405353994,0
-68.40366637955368,0
-71.97261663020461,0
-66.88953188132669,0
-72.39171405353994,0
-66.42682458640172,0
-70.8299733426308,0
-66.38135360472585,0
-56.235703912343254,0
-45.27815332473034,0
-69.42972632936286,0
-51.00021799899167,0
-65.73715536665455,0
-71.98780359741357,0
-59.79616917931373,0
-62.98463796944179,0
-59.292331132723845,0
-59.525020228397445,0
-67.87755773193149,0
-59.292331132723845,0
-66.44281371363068,0
-67.3714641191804,0
-72.39171405353994,0
-54.61927440574572,0
-72.4184974949491,0
-66.37859050844581,0
-67.74566540064825,0
-70.8299733426308,0
-63.39621988448966,0
-69.1299313868023,0
-72.39171405353994,0
-72.39171405353994,0
-70.15231208447153,0
-70.8299733426308,0
-72.39171405353994,0
-66.60791479913279,0
-65.08624035488704,0
-67.87755773193149,0
-71.3582914109478,0
-64.22556634760315,0
-68.06859462064617,0
-68.69497542623989,0
-72.39171405353994,0
-65.95622836445771,0
-68.2870273490943,0
-65.40948428391333,0
-64.87926888585095,0
-73.98023820585824,0
-72.04400891672492,0
-51.75692098282057,0
-72.16329520862274,0
-72.39171405353994,0
-70.14741411549599,0
-65.95431642069573,0
-68.3021593020201,0
-67.18745557612306,0
-31.162312096230455,0
-67.8808163406926,0
-62.18430937513692,0
-72.39171405353994,0
-67.21325846585235,0
-40.93064011899818,0
-52.00924601192826,0
-68.64498837823535,0
-66.31907562978346,0
-68.48741175780982,0
-70.13094848617027,0
-68.60415443005182,0
-62.718186587702895,0
-59.292331132723845,0
-66.38035367571582,0
-66.11789870935088,0
-68.31648961631447,0
-68.94009403886517,0
-71.65067981030074,0
-72.5676107851648,0
-65.15113163319684,0
-59.292331132723845,0
-69.24278106452803,0
-74.37531718363545,0
-60.36252018448953,0
-61.289178754659595,0
-50.76650133023123,0
-67.95035425040498,0
-70.12413648580232,0
-64.03282619600353,0
-69.63067961557292,0
-70.11414123895807,0
-38.070348682507365,0
-70.65972945166757,0
-59.292331132723845,0
-58.517417386274985,0
-72.84274134923767,0
-66.83896916099633,0
-65.71017502053043,0
-72.39171405353994,0
-62.34010468646379,0
-68.81065630112619,0
-67.94435717139456,0
-52.84407303912016,0
-70.17123112084334,0
-74.17171354648764,0
-59.374300015731144,0
-69.89781865936791,0
-66.8145072143607,0
-70.16750552365764,0
-52.06729321110494,0
-41.66250676462461,0
-60.25758174999131,0
-63.13847676621469,0
-62.77832607483511,0
-69.78587915065941,0
-70.8299733426308,0
-72.39171405353994,0
-73.98023820585824,0
-65.61248507548079,0
-67.37305482003187,0
-66.99888820181881,0
-66.62863540639255,0
-62.34010468646379,0
-65.95640144729886,0
-68.34307440468052,0
-54.78935436086825,0
-64.02156018059603,0
-72.87937306418105,0
-70.44051003208057,0
-70.19583055858214,0
-42.85941687457547,0
-68.21999876026777,0
-62.61648095230094,0
-71.06646847336853,0
-70.60315720660859,0
-72.39171405353994,0
-72.39171405353994,0
-35.03191009273998,0
-67.33926479588331,0
-66.25271275959206,0
-72.71346131404307,0
-67.36902886799227,0
-70.20413731561237,0
-64.81316317496706,0
-62.3763933685604,0
-72.39171405353994,0
-72.5676107851648,0
-67.37989447506577,0
-70.12438737968142,0
-67.02979135548468,0
-66.69983163331526,0
-61.900737778470805,0
-65.78135714588508,0
-68.74760643539247,0
-71.20871807614961,0
-70.46453123376936,0
-55.90065490151264,0
-70.91735518315282,0
-70.67490963380811,0
-59.292331132723845,0
-70.16324513366351,0
-61.89797166753749,0
-69.29142060856518,0
-66.02843483466053,0
-72.39171405353994,0
-67.77972706318056,0
-64.82537806957397,0
-55.54599527193751,0
-56.888090165855814,0
-49.763833460360466,0
-49.71390888251839,0
-66.1839246897391,0
-62.86112250792088,0
-72.47909589406197,0
-66.69379493953505,0
-59.34352325567952,0
-68.83889510936453,0
-65.88500916077855,0
-66.97909138003251,0
-70.15104695595517,0
-68.8674327317396,0
-71.31639577708548,0
-69.84992821795348,0
-70.09307140775053,0
-68.71110402796452,0
-72.39171405353994,0
-62.84002779353797,0
-71.70159870898425,0
-68.75061771297007,0
-67.35435622105014,0
-66.78653188611325,0
-70.8299733426308,0
-72.39171405353994,0
-68.18102638741404,0
-57.27183420119662,0
-72.39171405353994,0
-65.5688469031938,0
-63.48208763954732,0
-65.4035966621504,0
-68.71258670436697,0
-67.86893893283465,0
-72.10429951840486,0
-59.292331132723845,0
-72.10429951840486,0
-72.39171405353994,0
-67.95035425040498,0
-38.8004399731767,0
-72.05253648408348,0
-72.39171405353994,0
-59.46891261280154,0
-72.39171405353994,0
-72.39171405353994,0
-66.97752998886918,0
-64.54461833128828,0
-57.27183420119662,0
-69.99429153898372,0
-68.95349656512812,0
-59.292331132723845,0
-66.94030350202169,0
-70.14001913938853,0
-72.4184974949491,0
-66.00775538285129,0
-67.81776302985222,0
-60.32897403651162,0
-73.90022839740864,0
-64.96900415451445,0
-59.292331132723845,0
-50.82551833506129,0
-66.60176009016686,0
-71.33763476309285,0
-70.8299733426308,0
-64.81316317496706,0
-67.88727312855583,0
-70.00851018883307,0
-65.72895278592384,0
-64.34749073918427,0
-70.8299733426308,0
-67.94515605806313,0
-64.64927727121623,0
-61.878147600396396,0
-69.33645166241064,0
-67.65043898004254,0
-65.04134326701389,0
-68.36326934440842,0
-69.23583797988906,0
-67.17826921183682,0
-72.50457668852394,0
-71.06646847336853,0
-66.0081872125902,0
-67.53350938060046,0
-72.39171405353994,0
-69.62484731339252,0
-55.266225956757914,0
-72.4184974949491,0
-61.92426089539868,0
-72.39171405353994,0
-68.72821852669048,0
-68.95439666507392,0
-52.189857833915326,0
-67.18032935037176,0
-55.519433272413444,0
-64.33944217727438,0
-66.62099842106154,0
-74.34873239526942,0
-59.292331132723845,0
-69.7655442509347,0
-67.42010380985501,0
-70.16758020111365,0
-72.39171405353994,0
-67.01641014784991,0
-59.292331132723845,0
-62.93029274697057,0
-70.8299733426308,0
-70.51577536608656,0
-72.39171405353994,0
-69.44398023400151,0
-70.13519675421918,0
-68.45255621089032,0
-72.39171405353994,0
-64.78986811612424,0
-53.557110886640906,0
-59.721378919892224,0
-73.98023820585824,0
-72.39171405353994,0
-59.292331132723845,0
-56.3799767695225,0
-71.5984095890422,0
-67.84926083924337,0
-67.88412590004359,0
-69.63411495914357,0
-59.292331132723845,0
-44.619569544917866,0
-59.292331132723845,0
-66.8153473045182,0
-63.14146456897082,0
-59.54856791877341,0
-72.39171405353994,0
-72.39171405353994,0
-63.76726372794637,0
-68.95403465517741,0
-72.93125624034053,0
-61.818947544373565,0
-72.39171405353994,0
-67.86893893283465,0
-61.81237937626147,0
-71.00587007425565,0
-64.83532595512216,0
-47.4237252818566,0
-69.62974865108168,0
-66.68333303769269,0
-66.30514547164307,0
-61.83119986875841,0
-72.5676107851648,0
-72.39171405353994,0
-71.3582914109478,0
-72.5676107851648,0
-69.54570417408253,0
-54.61927440574572,0
-71.89792105540099,0
-67.35151953038053,0
-67.92776407233058,0
-69.63411495914357,0
-70.60315720660859,0
-69.39705006152352,0
-63.566414730174905,0
-64.26394295484364,0
-68.64498837823535,0
-72.39171405353994,0
-72.39171405353994,0
-66.38261646048541,0
-72.39171405353994,0
-67.06625100102023,0
-74.2755769414791,0
-70.60315720660859,0
-47.418162552761686,0
-67.38577655604794,0
-60.09819121027385,0
-65.98048937433931,0
-69.58762330461303,0
-57.10773598284664,0
-66.74775352656836,0
-65.79882975916631,0
-66.76973147695026,0
-66.95064192371501,0
-62.82419677537045,0
-54.952959730905654,0
-48.51804057327856,0
-67.1915270093584,0
-64.67081050469356,0
-61.827941259997296,0
-59.292331132723845,0
-61.900737778470805,0
-67.86199584819568,0
-72.39171405353994,0
-70.17307383263892,0
-61.98770848482666,0
-67.16046595533398,0
-67.43602390653183,0
-67.00405848087189,0
-71.86501486063196,0
-64.51464977801332,0
-45.410220172851815,0
-73.96082679652152,0
-66.73635098652186,0
-72.39171405353994,0
-62.34010468646379,0
-70.1858822049881,0
-69.78823039662859,0
-65.83909134754228,0
-73.98023820585824,0
-72.5676107851648,0
-70.15751027681341,0
-70.1408459473839,0
-67.93931477783582,0
-66.96046340474827,0
-60.470819931935196,0
-59.50743742097829,0
-57.94529273205819,0
-72.39171405353994,0
-71.00587007425565,0
-35.296281708672154,0
-65.32544920001033,0
-72.39171405353994,0
-64.57229905789401,0
-56.808115650074285,0
-63.99981757866591,0
-59.292331132723845,0
-72.93160335925702,0
-66.3598431029432,0
-39.6220929660735,0
-68.42903756854335,0
-68.70265079933941,0
-72.07755506470286,0
-64.57677139236658,0
-69.1299313868023,0
-67.92138854418924,0
-65.99919899074563,0
-64.81316317496706,0
-72.39171405353994,0
-74.34423077995046,0
-62.38947783552358,0
-62.82815038568002,0
-64.65983222098164,0
-70.1130387932644,0
-70.8299733426308,0
-61.89924231477931,0
-70.2196744453604,0
-38.95362907520648,0
-68.79153281563049,0
-63.14146456897082,0
-68.71370974839478,0
-70.60315720660859,0
-73.98023820585824,0
-70.11963487048337,0
-61.045852718606156,0
-51.57334360074552,0
-65.54671685134586,0
-71.98132755236978,0
-73.98023820585824,0
-73.98023820585824,0
-23.791595199009343,0
-68.85099691752745,0
-67.96209811143785,0
-54.86723448933199,0
-68.64679148275984,0
-67.34101140632934,0
-71.87159056730025,0
-70.51577536608656,0
-72.47909589406197,0
-66.70878563798468,0
-60.05879013041081,0
-65.30867493901364,0
-63.76815476072768,0
-52.28654335862578,0
-76.07114567980364,0
-70.91735518315282,0
-70.16292436381312,0
-72.39171405353994,0
-67.07283939513681,0
-72.39171405353994,0
-68.71628943301735,0
-66.38261646048541,0
-72.39171405353994,0
-72.39171405353994,0
-66.82376365719175,0
-37.51689029092643,0
-68.74353446334385,0
-70.18433984804642,0
-70.20413731561237,0
-67.968679174991,0
-68.71367189608907,0
-72.39171405353994,0
-66.54072993214731,0
-65.72683934995993,0
-71.82622698262117,0
-69.64185019063092,0
-64.39868668842931,0
-70.05148073246154,0
-72.39171405353994,0
-72.83239664428704,0
-67.94033121935496,0
-64.37472860679236,0
-73.98023820585824,0
-42.06248113025166,0
-64.81316317496706,0
-67.50991936746094,0
-60.64216653715845,0
-69.87344349536377,0
-64.40638061368094,0
-65.38107314759732,0
-65.12044925314547,0
-64.97385470937938,0
-65.05925771015241,0
-67.96220795139752,0
-20.583123380648217,0
-70.09667794275126,0
-59.292331132723845,0
-59.292331132723845,0
-66.89751786850653,0
-66.0717894171053,0
-63.01503068145743,0
-70.14741411549599,0
-68.04741639498994,0
-72.39171405353994,0
-66.20440756576234,0
-70.4745529394495,0
-62.34010468646379,0
-67.94515605806313,0
-70.14773092462701,0
-67.95035425040498,0
-21.68082339367995,0
-72.39171405353994,0
-70.10835252474178,0
-70.13519675421918,0
-72.39171405353994,0
-65.1883535258023,0
-59.292331132723845,0
-62.05315048831587,0
-66.76759721771157,0
-66.00205561374979,0
-72.39171405353994,0
-69.06281260778088,0
-72.47909589406197,0
-53.447223640714434,0
-69.66450767115919,0
-72.5676107851648,0
-66.22597141118852,0
-72.39171405353994,0
-68.88816831471252,0
-63.53504106015144,0
-70.91735518315282,0
-72.39171405353994,0
-60.91277997706888,0
-66.28260033039457,0
-61.88797629937181,0
-61.88797629937181,0
-61.705190852779246,0
-64.34781813663952,0
-67.91588666447262,0
-61.18423451084045,0
-65.30230595093538,0
-71.88643034486526,0
-67.43066417520323,0
-72.39171405353994,0
-62.82815038568002,0
-72.39171405353994,0
-72.39171405353994,0
-71.853137452774,0
-60.36252018448953,0
-66.3071982219255,0
-60.85467198177137,0
-59.292331132723845,0
-66.93802717302381,0
-70.51577536608656,0
-52.730989024853415,0
-64.96381910573166,0
-70.19583055858214,0
-69.61102427212566,0
-71.88643034486526,0
-72.39171405353994,0
-70.20527661607409,0
-64.80321729262745,0
-69.79969158155336,0
-31.479648707120447,0
-53.57192587272176,0
-66.63698208975003,0
-64.2810039687369,0
-67.94515605806313,0
-72.39171405353994,0
-70.20416023632393,0
-68.50648911239864,0
-73.98023820585824,0
-67.88412590004359,0
-69.50472776245938,0
-74.28745434933705,0
-23.791595199009343,0
-72.39171405353994,0
-72.39171405353994,0
-59.292331132723845,0
-70.13244324283255,0
-70.19264660507665,0
-72.47909589406197,0
-39.789169420819576,0
-72.39171405353994,0
-72.39171405353994,0
-72.39171405353994,0
-64.60672321902157,0
-59.75492506787014,0
-67.4623685978033,0
-72.39171405353994,0
-43.89515461807086,0
-60.35732199214767,0
-67.0993749487628,0
-64.81316317496706,0
-72.39171405353994,0
-38.335491425405166,0
-63.566414730174905,0
-67.94435717139456,0
-72.39171405353994,0
-60.304529481629295,0
-74.39083139267194,0
-72.39171405353994,0
-67.11556779853859,0
-74.35699225904943,0
-69.60129405988602,0
-59.36284562971162,0
-65.94037385124969,0
-63.589390922287706,0
-40.511259311878256,0
-69.23583797988906,0
-68.47716218993956,0
-61.73289809997994,0
-58.303437607282085,0
-67.99656569737022,0
-74.38051537597732,0
-70.2062694088994,0
-69.01343546581099,0
-70.51577536608656,0
-72.47909589406197,0
-59.292331132723845,0
-72.96788795528389,0
-62.34010468646379,0
-72.39171405353994,0
-58.136102059994435,0
-68.3482725970224,0
-73.59377247228073,0
-63.21011840744218,0
-64.28651218656873,0
-67.16773908448832,0
-36.55705188316988,0
-70.56395491957716,0
-65.44222341391459,0
-77.76492941959225,0
-72.39171405353994,0
-61.03693444869946,0
-65.88463424425167,0
-72.39171405353994,0
-60.32623558846266,0
-65.40498266859437,0
-70.12087856187003,0
-65.55365993598487,0
-70.51577536608656,0
-73.98023820585824,0
-68.3482725970224,0
-61.273820706520034,0
-70.60315720660859,0
-72.39171405353994,0
-69.78508509315444,0
-69.43357322410421,0
-67.49386601480273,0
-59.292331132723845,0
-69.19052978591517,0
-40.69235578560035,0
-64.39729783851746,0
-65.98492647858745,0
-72.39171405353994,0
-64.45675549698987,0
-59.292331132723845,0
-70.12087856187003,0
-72.39171405353994,0
-61.89474069946035,0
-72.39171405353994,0
-65.06595840230436,0
-70.13244324283255,0
-67.38911487571858,0
-67.92776407233058,0
-73.98023820585824,0
-70.60315720660859,0
-64.59714860250169,0
-68.84697096548786,0
-67.56230911075221,0
-65.80454970903418,0
-73.98023820585824,0
-65.97104820390474,0
-68.95403465517741,0
-61.91906270305682,0
-70.21485206019105,0
-37.388090979569846,0
-70.14800512656836,0
-68.60064129786262,0
-69.32014191783492,0
-72.39171405353994,0
-64.22368411381511,0
-72.2670430567329,0
-66.99179094577909,0
-59.292331132723845,0
-70.36387254883569,0
-62.79638962125098,0
-69.09431002478031,0
-72.4184974949491,0
-67.94033121935496,0
-65.9522685303749,0
-71.01077222166126,0
-64.2758203627016,0
-37.7808632023865,0
-72.47909589406197,0
-72.39171405353994,0
-68.45255621089032,0
-72.5676107851648,0
-68.5389228058946,0
-23.05176517481353,0
-69.27402862283265,0
-68.21056794011409,0
-70.14800512656836,0
-61.92426089539868,0
-58.90971768088105,0
-69.28385732180806,0
-70.91735518315282,0
-44.028316833976085,0
-68.25670058266317,0
-66.12722627895704,0
-66.38261646048541,0
-70.15768027177268,0
-72.5676107851648,0
-59.292331132723845,0
-72.39171405353994,0
-57.10773598284664,0
-59.292331132723845,0
-64.2138174893166,0
-70.51577536608656,0
-70.69167209771145,0
-72.39171405353994,0
-73.98023820585824,0
-72.39171405353994,0
-72.39171405353994,0
-68.69118466225177,0
-73.98023820585824,0
-72.5676107851648,0
-59.292331132723845,0
-61.81932246090046,0
-72.4184974949491,0
-64.64407907887438,0
-61.89924231477931,0
-38.47155124518877,0
-72.39171405353994,0
-54.944092588098975,0
-70.16238200877177,0
-72.39171405353994,0
-72.78962159689176,0
-72.04577208399493,0
-41.817184539424126,0
-66.90209902835105,0
-44.580302449153905,0
-69.50472776245938,0
-68.90649343549615,0
-72.39171405353994,0
-48.97079328695545,0
-64.89702972368806,0
-73.98023820585824,0
-72.39171405353994,0
-72.39171405353994,0
-72.39171405353994,0
-59.47217122156264,0
-67.88412590004359,0
-65.1555773455538,0
-70.09747690952858,0
-66.93615848546379,0
-69.1299313868023,0
-67.78947941010033,0
-66.81455296603141,0
-39.22080325763461,0
-70.8299733426308,0
-69.47660909194344,0
-68.64824698699644,0
-62.78082773751514,0
-68.14679304217091,0
-66.741816934201,0
-64.25259436842661,0
-68.88160014660042,0
-72.39171405353994,0
-66.63228634728287,0
-72.39171405353994,0
-66.3962669147026,0
-72.39171405353994,0
-62.34010468646379,0
-68.79076564617651,0
-59.292331132723845,0
-68.2870273490943,0
-58.94477996170614,0
-68.21999876026777,0
-70.57641275290659,0
-72.47909589406197,0
-61.219489715549116,0
-68.74391277307649,0
-74.65851825911022,0
-64.92662969088418,0
-60.71295910852903,0
-57.5075702014649,0
-64.00053802417256,0
-72.85584994725316,0
-62.41769926589497,0
-70.66299285915511,0
-65.79426746272601,0
-67.09279924209451,0
-61.29567906836135,0
-59.292331132723845,0
-55.53633649389319,0
-72.47909589406197,0
-60.11328820472935,0
-43.73235713635791,0
-70.1858822049881,0
-66.42261659036666,0
-68.85099691752745,0
-72.39171405353994,0
-70.12450493035203,0
-63.71536225020931,0
-72.39171405353994,0
-67.91588666447262,0
-44.02558247145567,0
-66.01386329504133,0
-63.77000217599533,0
-70.80971604581181,0
-45.4233967861441,0
-72.39171405353994,0
-67.1966105185676,0
-68.4997371324921,0
-48.50314688115603,0
-72.39171405353994,0
-66.72097482130145,0
-70.13108453704868,0
-65.99300024538127,0
-74.37531718363545,0
-69.59546238838985,0
-68.2575479401551,0
-70.15748403979623,0
-68.95525973239813,0
-67.29916039700498,0
-66.15694265619028,0
-69.50472776245938,0
-72.39171405353994,0
-69.69100034794792,0
-68.2552115703821,0
-67.94885878671352,0
-61.81237937626147,0
-70.65972945166757,0
-61.866270192538444,0
-71.00587007425565,0
-64.81316317496706,0
-59.292331132723845,0
-69.04141649569944,0
-65.83788324660311,0
-69.23491997497146,0
-66.2583406460544,0
-63.273305979503746,0
-73.15737594731395,0
-70.16292436381312,0
-64.42321493806972,0
-62.84985649251338,0
-70.8299733426308,0
-73.98023820585824,0
-70.17307383263892,0
-74.35699225904943,0
-72.25456996115872,0
-67.89866136485695,0
-70.15104695595517,0
-24.473516351003706,0
-62.59476609132369,0
-72.39171405353994,0
-38.47155124518877,0
-72.39171405353994,0
-72.39171405353994,0
-70.19264660507665,0
-71.73199142099989,0
-62.854545210663446,0
-66.76151330549386,0
-69.50472776245938,0
-62.211612242160406,0
-66.78403544217849,0
-64.73872591384348,0
-67.86893893283465,0
-66.76051232525063,0
-72.76749154504385,0
-61.354622387718386,0
-43.3541708620548,0
-67.93274660972372,0
-70.8299733426308,0
-68.87193434705856,0
-73.28138065590659,0
-66.07400831364725,0
-59.292331132723845,0
-74.35179406670758,0
-40.08943018487304,0
-72.39171405353994,0
-62.81221840398548,0
-67.16255213220701,0
-49.69005441511738,0
-72.39171405353994,0
-70.09307140775053,0
-72.93916664601414,0
-61.24614929182286,0
-72.39171405353994,0
-46.34727836674275,0
-53.257289637276976,0
-72.39171405353994,0
-72.39171405353994,0
-60.38152950789758,0
-72.39171405353994,0
-66.12733218596726,0
-64.81316317496706,0
-67.94515605806313,0
-41.68687209256821,0
-67.83530935061437,0
-59.292331132723845,0
-70.8299733426308,0
-62.90374422418714,0
-67.87755773193149,0
-67.91588666447262,0
-68.50272844473699,0
-68.50648911239864,0
-74.26863385684013,0
-72.39171405353994,0
-68.22718038672485,0
-62.69241667169459,0
-61.8439372502358,0
-66.02875560451092,0
-60.35732199214767,0
-59.292331132723845,0
-45.245575435052636,0
-42.25591415953998,0
-67.91588666447262,0
-68.95403465517741,0
-71.89168197546189,0
-62.85435810783234,0
-60.91277997706888,0
-71.86959602047648,0
-60.823559286069866,0
-70.10441999416756,0
-66.99530867192394,0
-59.292331132723845,0
-64.6703353957403,0
-69.84992821795348,0
-65.21930831741295,0
-70.10894304661622,0
-68.65238924568479,0
-70.6069369411492,0
-62.86261797161238,0
-39.14840069834599,0
-60.577134450732174,0
-72.47909589406197,0
-45.791054105279244,0
-65.95816461456887,0
-70.12450493035203,0
-74.19520699235025,0
-71.43496266277971,0
-66.03931451383527,0
-63.16286473104357,0
-67.87755773193149,0
-70.8299733426308,0
-72.39171405353994,0
-59.292331132723845,0
-72.90989725242366,0
-47.40971904687179,0
-64.43885662292652,0
-70.8299733426308,0
-69.66450767115919,0
-59.292331132723845,0
-67.8808163406926,0
-68.27637339701816,0
-64.33845541707834,0
-72.39171405353994,0
-70.16782629350803,0
-68.86772963323247,0
-63.33109583406592,0
-59.292331132723845,0
-64.30116327071349,0
-71.89998873249212,0
-68.50716204146553,0
-66.07292009926013,0
-68.44642955427588,0
-41.76601876402239,0
-66.52078460746132,0
-64.27913639402973,0
-52.645402517210236,0
-59.47675238140716,0
-70.14105170911094,0
-67.21818183686534,0
-68.12443725186942,0
-66.97277197556292,0
-44.78982239464322,0
-70.51577536608656,0
-67.46924808411194,0
-68.88910144976361,0
-46.46464795892579,0
-70.60315720660859,0
-72.39171405353994,0
-70.63138149603151,0
-43.95755651917149,0
-64.66550250653133,0
-59.292331132723845,0
-73.98023820585824,0
-70.62864304798256,0
-72.39171405353994,0
-61.866270192538444,0
-58.941252613041634,0
-63.500039782960854,0
-59.292331132723845,0
-71.06646847336853,0
-71.84505501367428,0
-74.35179406670758,0
-57.10773598284664,0
-72.39171405353994,0
-69.85500021689808,0
-66.68103346043605,0
-72.39171405353994,0
-72.39171405353994,0
-64.36858440139859,0
-72.39171405353994,0
-69.81953550593784,0
-74.27520202495222,0
-61.813078770367895,0
-50.29772061431852,0
-68.31839319414156,0
-72.39171405353994,0
-66.04011409340605,0
-59.292331132723845,0
-70.15748403979623,0
-66.32727723464207,0
-64.30566488603245,0
-72.39171405353994,0
-56.66496446431613,0
-63.99552327425734,0
-59.292331132723845,0
-71.84505501367428,0
-49.723150230448574,0
-73.98023820585824,0
-72.39171405353994,0
-72.39171405353994,0
-72.39171405353994,0
-67.83264756230403,0
-70.15091587168413,0
-59.26841565611072,0
-72.39171405353994,0
-65.18054069667383,0
-66.73416562147749,0
-61.818947544373565,0
-60.607645757503924,0
-65.54416512240165,0
-66.93025771765103,0
-72.39171405353994,0
-70.51577536608656,0
-68.53999138916875,0
-71.86959602047648,0
-70.78698905958514,0
-41.58131894421069,0
-72.39171405353994,0
-67.93759277130602,0
-72.39171405353994,0
-59.292331132723845,0
-69.9833704143133,0
-69.50472776245938,0
-65.98857227296146,0
-72.5676107851648,0
-70.16292436381312,0
-68.91019616414653,0
-66.92243807609569,0
-68.69044590181409,0
-67.52602451472535,0
-69.956423083702,0
-60.02483835504259,0
-67.95035425040498,0
-61.682176710902766,0
-70.13094848617027,0
-68.12575176614922,0
-61.586394248510835,0
-70.51577536608656,0
-59.292331132723845,0
-68.66418946942635,0
-68.89398168646576,0
-71.40094905203289,0
-72.39171405353994,0
-72.39171405353994,0
-60.98409313819121,0
-64.90853827944143,0
-67.84545457362799,0
-71.43802433421787,0
-63.95740799699676,0
-71.82622698262117,0
-70.51577536608656,0
-61.32313610296131,0
-70.07750952401472,0
-51.75692098282057,0
-72.5676107851648,0
-55.69658523695058,0
-67.84031199388514,0
-61.88797629937181,0
-72.9146226005363,0
-67.01880886814027,0
-67.94033121935496,0
-66.75236043756703,0
-62.79308006189997,0
-59.496925528648056,0
-67.99750480791039,0
-69.10125214824596,0
-38.292789509645324,0
-64.27900530975872,0
-64.27992729861202,0
-68.72821192609479,0
-72.5676107851648,0
-65.33760080980963,0
-72.39171405353994,0
-63.744631643799806,0
-65.3854262418234,0
-72.39171405353994,0
-50.97149668972193,0
-72.39171405353994,0
-69.86007122968482,0
-64.74934451964137,0
-71.98780359741357,0
-57.10773598284664,0
-68.95403465517741,0
-64.05074436457164,0
-59.292331132723845,0
-72.39171405353994,0
-74.29076390868804,0
-67.38745776182289,0
-64.81316317496706,0
-65.28452726788062,0
-71.00587007425565,0
-70.20935842866578,0
-66.0605234016978,0
-68.26490725993052,0
-72.39171405353994,0
-62.37231204412242,0
-72.39171405353994,0
-62.05138358008953,0
-68.22491760195527,0
-66.79564857650251,0
-68.19872280065918,0
-64.94040733167041,0
-42.732746663295245,0
-67.29735706118156,0
-72.5676107851648,0
-63.15334197682877,0
-67.19493354126634,0
-72.5676107851648,0
-70.13094848617027,0
-72.39171405353994,0
-68.78705417170173,0
-71.15911796474232,0
-68.4416047155677,0
-67.7122879119235,0
-72.5676107851648,0
-70.12268283903617,0
-69.63411495914357,0
-62.34010468646379,0
-72.39171405353994,0
-69.66450767115919,0
-72.39171405353994,0
-65.18616223982279,0
-67.00679938245966,0
-56.49809141595916,0
-44.867704510302396,0
-68.23639107788517,0
-72.39171405353994,0
-67.94209438662497,0
-69.61991834751244,0
-69.2621512149747,0
-70.14654534063621,0
-58.73116833252567,0
-70.8299733426308,0
-72.47909589406197,0
-71.50335766395911,0
-72.39171405353994,0
-71.06646847336853,0
-68.67525893460513,0
-65.99077457584787,0
-72.39171405353994,0
-54.86047008924345,0
-61.49635426636312,0
-70.16436151341367,0
-64.22116084582511,0
-63.400535754273626,0
-70.18583531173789,0
-68.55917896085701,0
-68.7874560868255,0
-66.56803700727967,0
-65.87799552140743,0
-56.39742466778533,0
-36.39624439207769,0
-69.25036543846167,0
-72.39171405353994,0
-72.78962159689176,0
-67.2968976122354,0
-71.89200274531225,0
-72.39171405353994,0
-66.35040240367671,0
-68.93703799742565,0
-41.10308861567765,0
-63.38214056008319,0
-52.04369514342205,0
-70.12970312269391,0
-70.66855008582812,0
-62.97847756915937,0
-57.304250705031166,0
-67.86856401630777,0
-68.50648911239864,0
-66.89627278191561,0
-61.818947544373565,0
-61.890714747420766,0
-37.65045165860381,0
-72.47909589406197,0
-59.292331132723845,0
-65.31405293889395,0
-56.45279103594071,0
-70.14773092462701,0
-70.18095461247765,0
-67.92412781062689,0
-70.17307383263892,0
-64.51847441174328,0
-66.31662071805594,0
-44.619569544917866,0
-67.91515037979985,0
-66.31662071805594,0
-72.39171405353994,0
-27.950783705302022,0
-59.292331132723845,0
-70.1858822049881,0
-73.98023820585824,0
-68.74356565416,0
-58.941252613041634,0
-67.968679174991,0
-59.292331132723845,0
-68.58752691649305,0
-70.8299733426308,0
-72.10429951840486,0
-67.0037377110215,0
-59.292331132723845,0
-43.8575107280163,0
-68.24216487474222,0
-65.13205422862592,0
-66.01868568021068,0
-67.94885878671352,0
-67.6788042076926,0
-39.52559524170866,0
-69.3227009184069,0
-61.81932246090046,0
-66.0920125427973,0
-70.9790866328465,0
-72.39171405353994,0
-72.39171405353994,0
-63.043478215042406,0
-40.31030664840177,0
-70.2196744453604,0
-64.67898238468936,0
-68.94613680129387,0
-68.38435336228112,0
-67.94435717139456,0
-67.61997949999024,0
-70.20416023632393,0
-71.06646847336853,0
-70.17757544795788,0
-66.38035367571582,0
-72.15381362856382,0
-70.51577536608656,0
-47.900619662316394,0
-65.43688486122754,0
-68.77497625604994,0
-29.106402272006065,0
-70.19264660507665,0
-72.39171405353994,0
-67.86893893283465,0
-59.258061866127825,0
-41.606733204219914,0
-54.164482988347146,0
-66.35303475236383,0
-70.19132894326319,0
-73.98023820585824,0
-65.95431642069573,0
-66.36862454520652,0
-47.428128881001,0
-70.51577536608656,0
-72.78962159689176,0
-68.11318461912487,0
-70.63620633473968,0
-68.15910536739116,0
-66.70450278527721,0
-48.331867249260625,0
-71.44172706286825,0
-64.24783044069481,0
-32.691999592850244,0
-59.292331132723845,0
-59.496925528648056,0
-72.5676107851648,0
-67.88412590004359,0
-71.06646847336853,0
-72.01956436184261,0
-70.15231208447153,0
-66.01352930504001,0
-67.2233672419182,0
-72.5676107851648,0
-46.243550768926006,0
-67.37442675100831,0
-38.47155124518877,0
-68.86772963323247,0
-67.86856401630777,0
-31.43806671154475,0
-61.890714747420766,0
-30.353150716798215,0
-61.892477914690765,0
-60.58233088461193,0
-73.98023820585824,0
-66.66866218476918,0
-66.46532162760255,0
-63.13847676621469,0
-67.94885878671352,0
-67.41242024967363,0
-65.65340017814121,0
-59.292331132723845,0
-65.63055365911755,0
-65.10429422552944,0
-71.06646847336853,0
-72.39171405353994,0
-65.98122689084857,0
-68.71825305593359,0
-61.495917828263934,0
-68.55644051280807,0
-70.8299733426308,0
-74.29529343311384,0
-71.0383498028526,0
-70.9136829094384,0
-71.06646847336853,0
-63.66208210229388,0
-70.8299733426308,0
-72.39171405353994,0
-60.90488905006177,0
-67.23604580404316,0
-66.37859050844581,0
-71.92144417232885,0
-70.48226820581577,0
-59.5128457588271,0
-72.47909589406197,0
-72.39171405353994,0
-40.97995287206644,0
-70.21935367551,0
-64.90853827944143,0
-72.39171405353994,0
-70.05814618434269,0
-70.1130387932644,0
-69.1299313868023,0
-67.21159545337797,0
-62.42374879241078,0
-63.33211494228075,0
-53.841980031097016,0
-65.3854262418234,0
-50.79862220381154,0
-61.854334898096035,0
-59.292331132723845,0
-66.26724219380925,0
-61.88797629937181,0
-48.562274788901114,0
-70.54255880749571,0
-69.39705006152352,0
-67.88412590004359,0
-60.46385484459438,0
-56.946966391931454,0
-66.50728088778042,0
-38.57822768625676,0
-62.1268758545362,0
-59.292331132723845,0
-68.19872280065918,0
-68.48084358969773,0
-70.18433984804642,0
-63.82664885862128,0
-65.87135849330367,0
-70.16300390833868,0
-68.22041598663631,0
-68.22491760195527,0
-66.56134809860238,0
-70.82638065672947,0
-70.16424843988477,0
-60.666058625801895,0
-72.39171405353994,0
-69.50472776245938,0
-54.39953573570189,0
-59.292331132723845,0
-61.36615756612234,0
-67.17234336319193,0
-72.39171405353994,0
-59.09036671310792,0
-65.28452726788062,0
-71.89792105540099,0
-66.88631388466221,0
-65.06595840230436,0
-62.88094289619839,0
-69.31819930308794,0
-67.968679174991,0
-68.4681601798575,0
-59.292331132723845,0
-59.292331132723845,0
-66.04914321281068,0
-61.89553958612894,0
-67.52211193693635,0
-61.91906270305682,0
-73.98023820585824,0
-70.1858822049881,0
-63.96170230140533,0
-70.5362664381804,0
-73.31373253293572,0
-16.075150375191335,0
-43.21145978887504,0
-70.8299733426308,0
-70.69167209771145,0
-69.60102902528143,0
-68.69522632011902,0
-68.4681601798575,0
-67.95035425040498,0
-39.56471330028636,0
-72.5676107851648,0
-65.30867493901364,0
-68.78073132786989,0
-65.95937066316101,0
-71.06646847336853,0
-62.49954194749756,0
-67.53052613004431,0
-59.292331132723845,0
-69.86342046431372,0
-59.292331132723845,0
-67.9606702670996,0
-70.22766043254023,0
-68.8139658604772,0
-46.92693878653865,0
-59.41491554219983,0
-72.39171405353994,0
-72.39171405353994,0
-71.06646847336853,0
-70.51577536608656,0
-66.81057099580448,0
-67.72485505894785,0
-65.97499587250498,0
-56.744054867841704,0
-72.39171405353994,0
-70.8299733426308,0
-72.39171405353994,0
-70.19132894326319,0
-65.90084271806415,0
-66.76782197675593,0
-70.12445725565269,0
-59.292331132723845,0
-61.28627306980866,0
-59.41894149423943,0
-67.03380213358247,0
-57.05431664982362,0
-71.53335076182012,0
-65.32730856950006,0
-72.39171405353994,0
-64.61436680495028,0
-59.292331132723845,0
-37.39369151629917,0
-72.39171405353994,0
-68.02386805278323,0
-47.46547721631881,0
-66.03322591706299,0
-63.566414730174905,0
-68.32325401640301,0
-65.40212898266472,0
-68.94006629321203,0
-62.34010468646379,0
-67.30059201768272,0
-69.39693241771302,0
-72.93836775934557,0
-68.71825305593359,0
-42.93080703754184,0
-72.39171405353994,0
-64.27463477871078,0
-72.39171405353994,0
-70.8299733426308,0
-63.13847676621469,0
-67.968679174991,0
-70.15091587168413,0
-67.94209438662497,0
-56.3799767695225,0
-68.34770356683504,0
-70.15292911696889,0
-72.84985286824273,0
-67.73058396935335,0
-66.36602336142143,0
-67.86893893283465,0
-74.26863385684013,0
-61.91906270305682,0
-66.81594746140435,0
-63.69166680483603,0
-72.39171405353994,0
-29.186871891173634,0
-68.57189492813546,0
-70.20413731561237,0
-60.90488905006177,0
-59.292331132723845,0
-72.39171405353994,0
-62.82815038568002,0
-73.98023820585824,0
-68.04741639498994,0
-65.30867493901364,0
-72.39171405353994,0
-70.46252091589946,0
-61.23464891034183,0
-72.39171405353994,0
-70.59545233657659,0
-70.15136772580556,0
-70.8299733426308,0
-39.56471330028636,0
-66.38261646048541,0
-70.21935367551,0
-65.12216372161573,0
-72.07755506470286,0
-56.23859343159653,0
-72.39171405353994,0
-62.75959309749785,0
-67.06109930997226,0
-73.98023820585824,0
-71.00587007425565,0
-67.97387736733288,0
-69.50472776245938,0
-74.34873239526942,0
-57.26656620428927,0
-24.473516351003706,0
-68.67545548483385,0
-70.12970312269391,0
-72.39171405353994,0
-64.2910772401871,0
-61.83450942810939,0
-60.01018524402247,0
-67.99278164909825,0
-60.59869489015024,0
-66.69302330587925,0
-59.292331132723845,0
-66.12722627895704,0
-68.88160014660042,0
-53.447223640714434,0
-59.435050002183175,0
-72.39171405353994,0
-62.97964654477207,0
-64.29101380188769,0
-70.8299733426308,0
-70.8299733426308,0
-68.50716204146553,0
-72.39171405353994,0
-69.99429153898372,0
-68.97901399436732,0
-57.10773598284664,0
-62.87550149556441,0
-68.90371732776649,0
-70.14920359679454,0
-66.39830563325447,0
-73.98023820585824,0
-74.35549679535796,0
-68.12575176614922,0
-64.96770787390112,0
-57.587626747053065,0
-65.5688469031938,0
-59.292331132723845,0
-66.71794918416397,0
-50.14775397684665,0
-69.95160964988426,0
-72.5676107851648,0
-69.48586852153603,0
-57.947460992899636,0
-40.20728887166421,0
-59.292331132723845,0
-67.39265595416477,0
-66.03519923474907,0
-72.89730794286726,0
-68.31955128775266,0
-71.89998873249212,0
-59.292331132723845,0
-65.88507021572504,0
-68.43490545435218,0
-71.11361661240068,0
-72.39171405353994,0
-70.8299733426308,0
-69.16740777403184,0
-70.11414123895807,0
-65.30589308526676,0
-66.0744155629516,0
-61.13986168372846,0
-68.4416047155677,0
-57.01458503032315,0
-64.31961556236959,0
-71.00587007425565,0
-70.11963487048337,0
-67.4623685978033,0
-67.87755773193149,0
-54.718914491683094,0
-56.959183753208265,0
-72.47909589406197,0
-72.85600643614669,0
-67.41764888957425,0
-70.89057174174367,0
-70.16292436381312,0
-72.5676107851648,0
-56.45279103594071,0
-64.94940104729415,0
-72.39171405353994,0
-68.18221256471938,0
-65.07961643149947,0
-66.60673288308689,0
-69.50472776245938,0
-72.39171405353994,0
-67.0540576814584,0
-53.447223640714434,0
-66.99945156155717,0
-68.50297364154564,0
-72.39171405353994,0
-72.5676107851648,0
-59.292331132723845,0
-67.94515605806313,0
-54.17853909265268,0
-67.68862472755252,0
-69.66450767115919,0
-63.400535754273626,0
-64.19161696857165,0
-17.06300166184827,0
-64.20559896208928,0
-63.847743573004195,0
-70.54075470527647,0
-71.37042600808626,0
-71.00587007425565,0
-72.39171405353994,0
-56.713122656290395,0
-70.91735518315282,0
-72.39171405353994,0
-70.15091587168413,0
-72.39171405353994,0
-67.09474045634339,0
-72.39171405353994,0
-58.941252613041634,0
-62.34010468646379,0
-66.09160980538277,0
-69.63411495914357,0
-70.10404507764068,0
-29.512700107508525,0
-64.52479794301077,0
-42.673546607272414,0
-69.1299313868023,0
-71.06646847336853,0
-56.16639307230812,0
-50.4147871938364,0
-72.79375608444882,0
-67.94033121935496,0
-69.07966381617238,0
-68.3794007571,0
-55.558895383542094,0
-70.8299733426308,0
-71.88718036014293,0
-68.89072307770465,0
-76.26378710779598,0
-61.681310989178115,0
-67.97387736733288,0
-70.51577536608656,0
-71.94889385887382,0
-67.87755773193149,0
-72.39171405353994,0
-72.39171405353994,0
-68.44068695452924,0
-65.21493916848021,0
-66.00902768972105,0
-68.75067717316503,0
-67.93759277130602,0
-69.46974633765714,0
-69.83897590943141,0
-72.39171405353994,0
-41.88488895582645,0
-59.292331132723845,0
-70.32005921994391,0
-71.36003394937246,0
-67.96209811143785,0
-43.686821545765945,0
-65.15314680181667,0
-33.58412712906371,0
-17.06300166184827,0
-72.5676107851648,0
-70.1691709823084,0
-72.47909589406197,0
-66.76914731311378,0
-72.86294952078566,0
-72.39171405353994,0
-64.81316317496706,0
-60.304529481629295,0
-54.7833726240957,0
-68.62371551688746,0
-63.13847676621469,0
-70.15748403979623,0
-70.16324513366351,0
-56.3378879441464,0
-61.23706651665938,0
-55.70300250966356,0
-70.17581228068786,0
-68.9489154052836,0
-64.91451986483176,0
-66.75414168410757,0
-72.47909589406197,0
-66.66055928490368,0
-70.9790866328465,0
-64.55842078321132,0
-68.95403465517741,0
-72.39171405353994,0
-70.3684537086802,0
-58.48659939858125,0
-69.66450767115919,0
-69.61102427212566,0
-43.8417156559153,0
-58.725761270328334,0
-68.95075811707918,0
-68.49410551037498,0
-64.31392474981247,0
-64.45441850666236,0
-70.17496949542456,0
-72.05403194777497,0
-68.783368155522,0
-70.8299733426308,0
-64.60316466911617,0
-66.38648213007282,0
-48.50329131164715,0
-70.64728030491673,0
-67.98654266632016,0
-74.38051537597732,0
-68.87722404190566,0
-72.39171405353994,0
-54.421448662415806,0
-54.68492171985072,0
-61.32440037763109,0
-73.98023820585824,0
-70.8299733426308,0
-61.32313610296131,0
-72.39171405353994,0
-72.47909589406197,0
-61.87329989426512,0
-72.39171405353994,0
-72.39171405353994,0
-72.92177466028161,0
-63.25624806521241,0
-71.3582914109478,0
-72.39171405353994,0
-71.36924695798851,0
-72.39171405353994,0
-59.298836965761154,0
-61.827941259997296,0
-67.72186191035532,0
-68.81891690814764,0
-62.316555662770995,0
-53.897736835477104,0
-70.18466061789681,0
-63.312020863170794,0
-58.72530015792335,0
-68.87419713182814,0
-72.39171405353994,0
-73.98023820585824,0
-67.86893893283465,0
-64.66065746010335,0
-57.10710916034199,0
-66.05069470272235,0
-62.97964654477207,0
-62.34010468646379,0
-72.39171405353994,0
-72.39171405353994,0
-72.5676107851648,0
-41.66454888153995,0
-68.77179043872678,0
-65.35197769201304,0
-70.1691709823084,0
-62.439310676146604,0
-72.39171405353994,0
-67.92776407233058,0
-45.5890663560974,0
-64.81316317496706,0
-70.8299733426308,0
-72.39171405353994,0
-65.62907817454474,0
-30.72975588345192,0
-69.29512333721556,0
-49.6421416794712,0
-66.90209902835105,0
-62.716738675291055,0
-63.259788819752515,0
-57.184780545632165,0
-35.98603574149279,0
-53.42042057079841,0
-59.419740380908,0
-59.177519937157165,0
-59.292331132723845,0
-61.89553958612894,0
-63.877611304312225,0
-69.07403386492386,0
-74.35179406670758,0
-72.39171405353994,0
-72.39171405353994,0
-70.51577536608656,0
-52.72422462476487,0
-66.98908662687674,0
-70.66299285915511,0
-71.3582914109478,0
-72.39171405353994,0
-67.88412590004359,0
-38.57822768625676,0
-61.89553958612894,0
-72.39171405353994,0
-59.33652825002967,0
-72.39171405353994,0
-41.8783868304895,0
-67.21325846585235,0
-57.91501167049802,0
-61.83450942810939,0
-70.19926226734839,0
-68.73376330425069,0
-59.292331132723845,0
-58.27319852155512,0
-67.38577655604794,0
-57.62178384298797,0
-49.65921060205559,0
-62.60096674326444,0
-42.166529950849394,0
-67.88412590004359,0
-67.86893893283465,0
-71.92144417232885,0
-70.8299733426308,0
-70.51577536608656,0
-71.26492339546095,0
-74.32883721908422,0
-72.39171405353994,0
-72.39171405353994,0
-63.07480254047178,0
-72.47909589406197,0
-72.30803683242115,0
-66.11789870935088,0
-68.14583505344419,0
-66.01977141353646,0
-64.24769639945107,0
-59.292331132723845,0
-72.70689314593098,0
-40.985787762360516,0
-63.58449848720939,0
-67.2138379680584,0
-68.24333416252415,0
-62.98463796944179,0
-67.37417660932765,0
-76.04075296778802,0
-67.62878907500603,0
-72.39171405353994,0
-68.98804693584599,0
-72.39171405353994,0
-65.551247728629,0
-71.64548161795886,0
-71.19044614873208,0
-63.212856855491125,0
-72.8213823613208,0
-68.76311172972706,0
-70.69167209771145,0
-63.15008336806767,0
-64.33744786674036,0
-49.04803179562274,0
-68.79840397674135,0
-69.63411495914357,0
-72.39171405353994,0
-72.39171405353994,0
-70.09307140775053,0
-71.4331994955097,0
-68.74391277307649,0
-72.39171405353994,0
-57.540167325332405,0
-68.63599466261161,0
-60.02307518777258,0
-70.15292911696889,0
-70.15768027177268,0
-66.00853965847534,0
-70.18433984804642,0
-73.98023820585824,0
-72.39171405353994,0
-46.631208690630096,0
-69.66450767115919,0
-72.47909589406197,0
-66.90386219562106,0
-64.81316317496706,0
-70.15935371298539,0
-45.23006462016593,0
-68.88210427860781,0
-68.462142394366,0
-65.33731977839899,0
-64.33514585772735,0
-70.12445725565269,0
-72.39171405353994,0
-69.10330903624399,0
-67.62878907500603,0
-64.61919164365845,0
-68.23639107788517,0
-67.42089785642648,0
-67.29375782193726,0
-59.14362477534076,0
-56.276750580427546,0
-64.95514072687676,0
-60.855051526070916,0
-67.86199584819568,0
-62.84002779353797,0
-72.87813648799462,0
-68.06623688748687,0
-51.915751204263195,0
-70.51577536608656,0
-68.18546610565042,0
-71.87966594477672,0
-72.39171405353994,0
-67.88897878333057,0
-72.39171405353994,0
-61.827941259997296,0
-71.82622698262117,0
-72.93160335925702,0
-72.39171405353994,0
-63.44915234897546,0
-56.488053191610966,0
-59.292331132723845,0
-68.5073678770368,0
-64.27463477871078,0
-69.78508509315444,0
-63.312020863170794,0
-66.01386329504133,0
-66.31472050228501,0
-68.7077618656588,0
-72.39171405353994,0
-46.444773859330795,0
-72.39171405353994,0
-66.81761008928778,0
-68.76311172972706,0
-63.61433358462253,0
-70.8299733426308,0
-72.39171405353994,0
-41.81447515919637,0
-72.39171405353994,0
-65.32262134539548,0
-59.560034055861045,0
-72.39171405353994,0
-56.254965292610784,0
-72.4184974949491,0
-70.15842274849416,0
-60.0052784131695,0
-52.81864167575155,0
-51.10197603591464,0
-66.81546896478002,0
-68.54012391320857,0
-67.46598947535085,0
-67.62559063091166,0
-64.81316317496706,0
-55.088035116869676,0
-71.34291646988777,0
-49.737744683653794,0
-61.81237937626147,0
-72.90989725242366,0
-70.21935367551,0
-62.91427300627901,0
-62.789821453138885,0
-64.26914114718551,0
-73.98023820585824,0
-33.93874803764239,0
-64.31392474981247,0
-71.22767465953518,0
-62.34010468646379,0
-72.04577208399493,0
-46.16775761383922,0
-65.2168068723677,0
-70.16782629350803,0
-54.980724303042344,0
-59.292331132723845,0
-72.39171405353994,0
-34.427737219325685,0
-59.292331132723845,0
-72.39171405353994,0
-51.0073804314424,0
-61.73669995688697,0
-65.31749939012148,0
-58.73215321212624,0
-67.86798561845372,0
-64.56748703711901,0
-64.33744786674036,0
-66.45096454600271,0
-62.86261797161238,0
-69.60910895990871,0
-70.8299733426308,0
-72.47909589406197,0
-62.621053035001346,0
-68.87516119396884,0
-58.924688553544506,0
-69.39705006152352,0
-72.89730794286726,0
-69.86744641635332,0
-72.39171405353994,0
-70.20413731561237,0
-70.8299733426308,0
-68.63855605774187,0
-66.06808668845491,0
-68.78019736910338,0
-72.39171405353994,0
-59.19732651404201,0
-70.14235541810164,0
-70.16292436381312,0
-65.42047848069882,0
-66.82066715712187,0
-51.99131613836974,0
-70.16300390833868,0
-64.49453402975199,0
-71.87966594477672,0
-73.59488885203089,0
-68.78006667854285,0
-63.79976069276195,0
-35.67448566411783,0
-53.54539812160092,0
-72.39171405353994,0
-70.60315720660859,0
-69.19637006288426,0
-61.89924231477931,0
-69.19052978591517,0
-43.07513418531804,0
-64.49147497584717,0
-62.83972273969019,0
-54.63668800103386,0
-69.25036543846167,0
-69.81953550593784,0
-67.86893893283465,0
-55.88103463491527,0
-72.04803486876452,0
-72.39171405353994,0
-72.39171405353994,0
-68.12575176614922,0
-69.19052978591517,0
-68.3663225259258,0
-72.39171405353994,0
-40.967032047472536,0
-72.39171405353994,0
-41.94922622369193,0
-65.36540796392912,0
-61.89474069946035,0
-64.22116084582511,0
-48.441403090033674,0
-65.98713634774535,0
-70.1858822049881,0
-66.16031926235216,0
-65.30867493901364,0
-67.5287629627743,0
-72.39171405353994,0
-70.12601438157658,0
-67.94885878671352,0
-71.86501486063196,0
-60.84567900085481,0
-61.26640967477087,0
-39.367868482039995,0
-70.5943476315928,0
-68.7383444640952,0
-68.69497542623989,0
-70.51577536608656,0
-65.84896509402613,0
-68.51264201453358,0
-70.19132894326319,0
-67.23374372060118,0
-70.60246497636847,0
-34.8859539243446,0
-72.39171405353994,0
-60.16580984485407,0
-69.66450767115919,0
-66.17449245160891,0
-43.049140568413485,0
-68.56649082028446,0
-59.144197781564785,0
-65.30867493901364,0
-72.47909589406197,0
-70.8299733426308,0
-28.998553732993585,0
-72.04803486876452,0
-64.40607633810966,0
-67.69002955874613,0
-63.03465955811849,0
-72.39171405353994,0
-64.81316317496706,0
-69.67601513130636,0
-72.39171405353994,0
-66.38861353949584,0
-62.44122238282286,0
-70.51577536608656,0
-73.98023820585824,0
-70.64140452708153,0
-59.85948777782265,0
-74.28419574057594,0
-70.1757391504205,0
-61.89924231477931,0
-70.15446581974408,0
-67.13323471533074,0
-70.47109940188146,0
-73.98023820585824,0
-56.44612298031725,0
-59.292331132723845,0
-59.292331132723845,0
-45.113915250667226,0
-53.54549704085255,0
-65.97314445174885,0
-71.06646847336853,0
-69.53389091974657,0
-70.8299733426308,0
-57.89188842332823,0
-57.78923491312747,0
-53.42696934278268,0
-66.1616938648894,0
-65.50758508719137,0
-70.11414123895807,0
-65.69432295314272,0
-73.98023820585824,0
-69.2513998636249,0
-47.84479366557219,0
-63.677033317668176,0
-65.62505222250518,0
-72.39171405353994,0
-62.49277754740902,0
-72.39171405353994,0
-68.48084358969773,0
-64.25307639922283,0
-69.19052978591517,0
-61.14066842741913,0
-72.39171405353994,0
-64.26110680611508,0
-65.30111405305978,0
-65.85042469460186,0
-72.39171405353994,0
-71.06646847336853,0
-64.31961556236959,0
-60.736309922486505,0
-72.39171405353994,0
-71.13232396964483,0
-58.88077054282741,0
-70.05265450336474,0
-47.25927685986185,0
-65.00487857287767,0
-69.79078622896016,0
-72.84985286824273,0
-62.66653207085758,0
-30.976938133152625,0
-61.66654980116014,0
-46.17935788141963,0
-68.7029950038161,0
-64.53380439214796,0
-70.60315720660859,0
-65.32562803484996,0
-68.32325401640301,0
-72.39171405353994,0
-59.49589295892566,0
-64.81316317496706,0
-73.17264444024352,0
-71.46674564348761,0
-58.94181295041106,0
-59.292331132723845,0
-73.98023820585824,0
-70.8299733426308,0
-44.16406384915187,0
-57.462694863851546,0
-72.39171405353994,0
-62.91427300627901,0
-64.26767497422718,0
-73.98023820585824,0
-66.04914321281068,0
-68.31879427792386,0
-66.06361862907863,0
-74.350995180039,0
-70.23154432884105,0
-71.5956352364048,0
-65.96527938702992,0
-61.639325438030674,0
-65.7535499917656,0
-72.72245502966679,0
-72.39171405353994,0
-66.70377290946185,0
-72.39171405353994,0
-61.83119986875841,0
-70.57641275290659,0
-64.39642390365972,0
-58.87810936884229,0
-72.10429951840486,0
-59.547398197072276,0
-64.81316317496706,0
-72.26493115708072,0
-72.39171405353994,0
-63.312020863170794,0
-51.0401551287751,0
-72.39171405353994,0
-68.8985191354246,0
-64.24783044069481,0
-59.292331132723845,0
-72.5676107851648,0
-70.96714978070081,0
-72.39171405353994,0
-66.80136812473384,0
-67.31145589777117,0
-72.39171405353994,0
-59.292331132723845,0
-74.62812554709458,0
-60.62320764123975,0
-71.36003394937246,0
-62.34010468646379,0
-56.255335096194244,0
-56.473324229265394,0
-73.62246643322226,0
-72.32516523582012,0
-61.91906270305682,0
-72.39171405353994,0
-64.94227094551066,0
-61.900737778470805,0
-77.76492941959225,0
-70.75101490684582,0
-70.12438737968142,0
-63.24120481112719,0
-71.33634076321948,0
-70.18583531173789,0
-65.97531664235535,0
-72.39171405353994,0
-61.21908702660599,0
-65.22050960101808,0
-69.50472776245938,0
-59.292331132723845,0
-70.8299733426308,0
-68.79076564617651,0
-67.06820151434326,0
-67.08918528830489,0
-69.02325424873263,0
-72.39171405353994,0
-49.34240958167557,0
-70.18466061789681,0
-72.39171405353994,0
-70.12445725565269,0
-62.64307065260339,0
-64.37857345956144,0
-59.88703832749557,0
-70.8299733426308,0
-65.18739881600922,0
-67.83900201585962,0
-67.98380421827122,0
-66.10356839505651,0
-61.89553958612894,0
-67.94515605806313,0
-57.27183420119662,0
-72.9778699450826,0
-72.39171405353994,0
-61.81932246090046,0
-67.88412590004359,0
-70.60315720660859,0
-67.94885878671352,0
-67.86893893283465,0
-66.00190634265782,0
-64.17088459673003,0
-67.31325530758757,0
-71.06646847336853,0
-64.79538436074995,0
-68.06170269885516,0
-70.19926226734839,0
-42.49361929460341,0
-69.22382228243353,0
-65.26674007361876,0
-67.47255764346295,0
-66.98516258954533,0
-64.54461833128828,0
-67.07917278630111,0
-59.34352325567952,0
-56.50166035128127,0
-59.2498020023478,0
-72.39171405353994,0
-71.00587007425565,0
-70.56395491957716,0
-72.39171405353994,0
-67.86856401630777,0
-71.94889385887382,0
-72.39171405353994,0
-70.12970312269391,0
-67.29916039700498,0
-69.02225368586643,0
-73.98023820585824,0
-67.62878907500603,0
-72.39171405353994,0
-64.64927727121623,0
-64.67898238468936,0
-65.96702225186515,0
-67.87755773193149,0
-68.29846304281553,0
-68.37755564827364,0
-63.21229793076917,0
-52.71775361372992,0
-60.72063727310886,0
-69.13483353420787,0
-68.70265079933941,0
-52.76074931358048,0
-60.25063866535232,0
-70.16324513366351,0
-70.17307383263892,0
-38.165903624764766,0
-66.87071253367208,0
-70.8299733426308,0
-70.8299733426308,0
-62.34010468646379,0
-27.567114111585727,0
-72.95870713524957,0
-62.98524196924791,0
-59.292331132723845,0
-56.43102004205108,0
-72.4184974949491,0
-64.70881442124605,0
-68.84651822669585,0
-50.24766156464093,0
-59.94199496702496,0
-58.91812038543241,0
-63.37032068546019,0
-71.87648853627579,0
-64.65239759632331,0
-51.32279635071276,0
-58.16634582181195,0
-72.39171405353994,0
-70.84194254046531,0
-68.50331147376835,0
-72.39171405353994,0
-71.06646847336853,0
-64.53448796215531,0
-68.95349656512812,0
-72.39171405353994,0
-72.39171405353994,0
-73.98023820585824,0
-70.17757544795788,0
-68.36630410455705,0
-35.099549223877844,0
-67.01958988694032,0
-67.97387736733288,0
-60.01477605996738,0
-70.51577536608656,0
-65.99418955629626,0
-70.1130387932644,0
-62.41758597827907,0
-66.05670649956781,0
-70.8299733426308,0
-49.57017447802261,0
-62.46316331970165,0
-66.09793867987949,0
-67.87755773193149,0
-70.8299733426308,0
-67.07933766715003,0
-59.292331132723845,0
-69.59546238838985,0
-69.04362636485733,0
-70.51577536608656,0
-56.26008625099804,0
-74.33440208097502,0
-52.757969370977534,0
-68.11318461912487,0
-59.292331132723845,0
-61.827941259997296,0
-65.14217721081201,0
-69.62269362839308,0
-70.8299733426308,0
-61.866270192538444,0
-41.19445430747937,0
-69.61102427212566,0
-72.39171405353994,0
-59.14009578547967,0
-70.6427066836284,0
-35.97449023762177,0
-70.51577536608656,0
-73.98023820585824,0
-55.76417069793925,0
-71.89168197546189,0
-66.8145072143607,0
-67.92776407233058,0
-67.29996518723544,0
-68.73019265342296,0
-64.96594248307628,0
-64.30866314199656,0
-71.37042600808626,0
-67.93759277130602,0
-72.39171405353994,0
-71.4331994955097,0
-66.76973147695026,0
-68.76318485999442,0
-66.25470939878187,0
-67.62878907500603,0
-69.65716121432541,0
-72.71346131404307,0
-60.91277997706888,0
-70.13094270281618,0
-36.47353234337911,0
-59.08980224082578,0
-72.39171405353994,0
-68.75549955833438,0
-57.2673453401935,0
-72.39171405353994,0
-70.15842274849416,0
-68.25195296162101,0
-44.26369665905581,0
-70.17307383263892,0
-42.850887183662984,0
-69.20826039869772,0
-69.32014191783492,0
-40.02517938522159,0
-66.15803388390644,0
-67.13345400772529,0
-67.83530935061437,0
-67.05831804333565,0
-65.24919448090564,0
-64.39466073638971,0
-67.94033121935496,0
-70.51577536608656,0
-67.00190141348412,0
-67.93759277130602,0
-68.29071899124727,0
-72.39171405353994,0
-65.14666168594977,0
-72.39171405353994,0
-66.68103346043605,0
-72.10429951840486,0
-67.4449944894976,0
-69.33638031479342,0
-70.13969836953814,0
-65.62456312506724,0
-64.32078353731086,0
-66.8306624039661,0
-63.269178471307924,0
-67.88412590004359,0
-66.96387514932243,0
-62.32470159786613,0
-64.58786094162986,0
-58.455242900943325,0
-40.44717833775332,0
-61.866270192538444,0
-63.9416895641293,0
-65.62640965646489,0
-68.89500272496045,0
-55.86098753805451,0
-42.67099488249998,0
-60.9596227299758,0
-64.81316317496706,0
-68.07237424823442,0
-64.47934706254304,0
-67.93759277130602,0
-72.39171405353994,0
-43.512122854907275,0
-72.5676107851648,0
-72.39171405353994,0
-62.8918016573416,0
-67.62878907500603,0
-65.4847983326312,0
-67.91588666447262,0
-76.0361718079435,0
-69.68032640610878,0
-68.20606632479513,0
-58.64116881280951,0
-59.292331132723845,0
-69.50472776245938,0
-68.74000992274597,0
-36.839106976761364,0
-74.35549679535796,0
-64.66805266877884,0
-59.292331132723845,0
-72.39171405353994,0
-66.39917620880115,0
-68.7269320143558,0
-59.292331132723845,0
-72.06072572231311,0
-72.0488337554331,0
-70.5513941722872,0
-44.30360913592831,0
-72.39171405353994,0
-70.9371771654326,0
-35.97449023762177,0
-67.01204446805173,0
-72.4184974949491,0
-68.8674327317396,0
-66.09793867987949,0
-60.98518382046751,0
-64.34292016766398,0
-73.98023820585824,0
-47.40968587778354,0
-69.8687203365516,0
-65.79297805253998,0
-67.32875908194451,0
-49.5149261512252,0
-59.48033107518983,0
-71.87159056730025,0
-66.16684991521595,0
-70.45625378555077,0
-57.519105544570415,0
-72.5676107851648,0
-68.78419747806441,0
-66.69756756800665,0
-63.668414518571325,0
-72.5676107851648,0
-72.39171405353994,0
-39.56471330028636,0
-70.12450493035203,0
-39.26251898332932,0
-53.54549704085255,0
-59.292331132723845,0
-64.28651218656873,0
-67.93759277130602,0
-67.34190822316373,0
-72.39171405353994,0
-64.31499762239206,0
-59.525020228397445,0
-61.73289809997994,0
-65.42321890377649,0
-54.966996504943815,0
-67.93759277130602,0
-66.7433774218736,0
-60.8378424578614,0
-66.99599565960519,0
-59.292331132723845,0
-68.94579517467086,0
-73.98023820585824,0
-70.16292436381312,0
-27.950783705302022,0
-65.38574701167377,0
-68.79150989491893,0
-65.38713809444793,0
-73.98023820585824,0
-66.21591420412733,0
-62.149119037729974,0
-69.63411495914357,0
-63.312020863170794,0
-60.35732199214767,0
-65.27114448779159,0
-48.80631713364514,0
-62.66984163020857,0
-66.14050087002447,0
-72.39171405353994,0
-66.17147770753657,0
-63.69166680483603,0
-66.48733065695505,0
-54.60601467824052,0
-59.292331132723845,0
-65.13680100432454,0
-59.292331132723845,0
-68.2552115703821,0
-65.05039651856855,0
-49.343141390569706,0
-60.90526396658865,0
-68.69117712369558,0
-72.39171405353994,0
-70.1261708704701,0
-59.292331132723845,0
-59.292331132723845,0
-72.85600643614669,0
-65.06264884295338,0
-68.50675573453735,0
-68.36227815251745,0
-48.50329131164715,0
-72.39171405353994,0
-70.54255880749571,0
-72.5676107851648,0
-71.97261663020461,0
-70.17123112084334,0
-70.04258430060688,0
-40.20728887166421,0
-57.69450416824949,0
-61.83119986875841,0
-67.18370717703887,0
-61.890714747420766,0
-67.94885878671352,0
-72.39171405353994,0
-62.93679269269667,0
-68.53093366728095,0
-66.20044631043557,0
-70.03890290084871,0
-72.39171405353994,0
-67.68862472755252,0
-66.18010538243624,0
-72.39171405353994,0
-72.39171405353994,0
-71.86502239918815,0
-70.21935367551,0
-64.25198365354805,0
-71.85956490716057,0
-63.079276696527074,0
-67.86893893283465,0
-68.21390976786812,0
-69.04141649569944,0
-71.34815654151451,0
-53.5590249109362,0
-72.5676107851648,0
-72.39171405353994,0
-72.39171405353994,0
-68.88210427860781,0
-66.3062109628807,0
-71.50335766395911,0
-67.87755773193149,0
-62.755169464742764,0
-45.5880651052689,0
-59.292331132723845,0
-62.34010468646379,0
-48.562274788901114,0
-61.940758973985844,0
-66.02875560451092,0
-70.14773092462701,0
-70.12438737968142,0
-64.40638061368094,0
-41.12736778009911,0
-70.13095554779352,0
-72.39171405353994,0
-66.69188432570537,0
-70.8299733426308,0
-67.76973181633633,0
-72.39171405353994,0
-65.86003568686091,0
-64.81316317496706,0
-62.69128596399661,0
-72.39171405353994,0
-70.5401281568797,0
-62.49277754740902,0
-68.30276327385509,0
-67.88412590004359,0
-68.83352527711989,0
-68.2087973530854,0
-67.95035425040498,0
-72.39171405353994,0
-71.29410923634401,0
-65.23757953624262,0
-68.3036612351574,0
-50.23093065749504,0
-70.1858822049881,0
-70.49229123686582,0
-68.95403465517741,0
-63.61489119922501,0
-69.65566575063394,0
-57.26656620428927,0
-63.566414730174905,0
-72.39171405353994,0
-66.7094449758646,0
-61.89474069946035,0
-72.39171405353994,0
-70.13094848617027,0
-63.13847676621469,0
-72.39171405353994,0
-72.39171405353994,0
-70.12087856187003,0
-64.41256717145923,0
-61.81237937626147,0
-67.7542224462525,0
-70.56860800860804,0
-72.47909589406197,0
-69.3425213066844,0
-70.14105170911094,0
-72.39171405353994,0
-59.292331132723845,0
-56.01688259191037,0
-66.65691902614444,0
-71.88168672861764,0
-67.94515605806313,0
-64.50370322862786,0
-59.05701927238273,0
-71.58759691611797,0
-70.19269409923629,0
-70.1757391504205,0
-64.26804989075407,0
-45.36657822247039,0
-72.47909589406197,0
-67.6653401802855,0
-66.80400282769239,0
-66.57156365437872,0
-68.3036612351574,0
-68.52342034545501,0
-71.82622698262117,0
-29.186871891173634,0
-64.26914114718551,0
-63.80634573947869,0
-68.2434934824299,0
-66.01800459494443,0
-72.39171405353994,0
-50.06200475069088,0
-67.05879136792518,0
-66.5251680484115,0
-62.675121435494155,0
-64.80351529151969,0
-70.5943476315928,0
-66.62425702982266,0
-65.4218066495761,0
-71.06646847336853,0
-65.33879928003579,0
-38.47155124518877,0
-72.39171405353994,0
-67.71588178589082,0
-74.28745434933705,0
-66.3071982219255,0
-70.21935367551,0
-65.32952141339591,0
-67.7501964942129,0
-59.83948717899323,0
-72.04577208399493,0
-65.81268604009917,0
-71.29410923634401,0
-73.98023820585824,0
-70.12268283903617,0
-65.08208546498412,0
-72.39171405353994,0
-54.27059189906703,0
-72.39171405353994,0
-72.85435448356169,0
-72.39171405353994,0
-63.94819255392188,0
-62.82815038568002,0
-70.16324513366351,0
-69.79202817779341,0
-34.36126381926315,0
-66.74757351599547,0
-68.89398168646576,0
-57.05526100848961,0
-68.72276103466291,0
-69.86068201626478,0
-65.89362795987539,0
-50.93133614226135,0
-63.042797143068086,0
-72.4184974949491,0
-45.61756790260511,0
-45.31619839143784,0
-62.29647351468154,0
-70.82861727399649,0
-70.51577536608656,0
-70.12970312269391,0
-70.51577536608656,0
-66.97027647682232,0
-70.45782365093346,0
-63.65756760650382,0
-67.02542453041201,0
-71.3582914109478,0
-69.03843041100129,0
-62.78120265404202,0
-62.34010468646379,0
-72.39171405353994,0
-72.39171405353994,0
-67.63896530439871,0
-59.292331132723845,0
-70.51577536608656,0
-66.92985944682057,0
-30.34446546084369,0
-74.350995180039,0
-71.33634076321948,0
-59.155546367981806,0
-72.39171405353994,0
-70.8299733426308,0
-66.0744155629516,0
-69.86342046431372,0
-70.15136772580556,0
-58.17873645516097,0
-67.94435717139456,0
-70.10404507764068,0
-67.86893893283465,0
-71.5984095890422,0
-68.05878878847291,0
-66.23872318131856,0
-65.13069128897429,0
-59.292331132723845,0
-66.84258414968868,0
-74.03495173227435,0
-64.26914114718551,0
-67.52112655265493,0
-64.07862644736406,0
-17.06300166184827,0
-66.42664254240626,0
-64.22116084582511,0
-69.23039045054563,0
-44.56370935008995,0
-34.8859539243446,0
-61.1037078573187,0
-70.91735518315282,0
-60.35732199214767,0
-64.34781813663952,0
-66.4744079145634,0
-74.38051537597732,0
-64.6857325518991,0
-58.88621748466472,0
-68.18527423615754,0
-68.15409972178529,0
-71.87966594477672,0
-67.53878599382435,0
-61.30087726070323,0
-39.56945940277226,0
-71.92144417232885,0
-62.86261797161238,0
-70.15768027177268,0
-52.14821921201996,0
-70.11629740202551,0
-64.81873150166393,0
-70.8299733426308,0
-43.354312033889556,0
-72.39171405353994,0
-63.672502081849295,0
-69.02325424873263,0
-72.39171405353994,0
-33.94168472486753,0
-63.93443135081916,0
-65.36717113119913,0
-68.95403465517741,0
-67.97387736733288,0
-71.98123542930148,0
-41.12742829481748,0
-72.39171405353994,0
-72.39171405353994,0
-68.50716204146553,0
-65.95978575550464,0
-61.83119986875841,0
-70.22766043254023,0
-72.47909589406197,0
-68.26737663913055,0
-67.08758090872479,0
-37.34348517590008,0
-67.92776407233058,0
-59.292331132723845,0
-66.86713269504708,0
-71.88718036014293,0
-71.44322252655975,0
-66.73334482711377,0
-72.39171405353994,0
-73.98023820585824,0
-66.46379962908324,0
-66.22744322659291,0
-68.8806887968287,0
-71.46154745114576,0
-59.17690290465982,0
-72.85584994725316,0
-65.97229407537468,0
-59.292331132723845,0
-72.10429951840486,0
-70.8299733426308,0
-73.73779265651353,0
-72.39171405353994,0
-39.56471330028636,0
-63.93136967938101,0
-58.16140137625308,0
-67.81029259120312,0
-68.06954644683788,0
-67.95035425040498,0
-72.5676107851648,0
-68.96202413248668,0
-44.62862145487194,0
-59.292331132723845,0
-72.39171405353994,0
-62.65231182584919,0
-61.89474069946035,0
-70.10894304661622,0
-61.83942844603196,0
-68.8741206287166,0
-66.3816292014406,0
-25.336672002787807,0
-72.39171405353994,0
-59.292331132723845,0
-59.64998663337192,0
-71.06646847336853,0
-61.35518159478352,0
-72.10429951840486,0
-70.875503950688,0
-74.35549679535796,0
-70.21935367551,0
-60.603501420669666,0
-73.98023820585824,0
-67.86856401630777,0
-72.39171405353994,0
-67.93759277130602,0
-58.27249399122398,0
-72.39171405353994,0
-51.865228631873535,0
-70.9790866328465,0
-40.439615050996196,0
-67.62039243856981,0
-68.24567053229715,0
-63.68378747072833,0
-59.292331132723845,0
-66.0031714711742,0
-67.3492286743094,0
-63.561374007117266,0
-70.8299733426308,0
-59.292331132723845,0
-68.96202413248668,0
-72.96268976294203,0
-62.79308006189997,0
-70.17307383263892,0
-70.60315720660859,0
-64.53130341399252,0
-72.39171405353994,0
-72.39171405353994,0
-72.39171405353994,0
-70.18466061789681,0
-67.9972832644172,0
-65.0977191667334,0
-53.42042057079841,0
-65.91049062375895,0
-73.98023820585824,0
-66.47384919496109,0
-43.64300415536687,0
-73.98023820585824,0
-72.39171405353994,0
-67.94209438662497,0
-61.74495019832624,0
-73.98023820585824,0
-58.408162472156306,0
-65.90019612798748,0
-71.55720420410233,0
-67.86856401630777,0
-68.18221256471938,0
-50.441521447566146,0
-70.15842274849416,0
-72.39171405353994,0
-70.16238200877177,0
-57.11230735268386,0
-70.8299733426308,0
-62.78354225980429,0
-70.98037950964562,0
-57.73800395072395,0
-70.12450493035203,0
-64.82537806957397,0
-64.67064824557029,0
-70.18466061789681,0
-38.47155124518877,0
-70.13094270281618,0
-70.89057174174367,0
-52.73266246606613,0
-70.9261716481853,0
-57.806897362136986,0
-67.86856401630777,0
-70.51577536608656,0
-64.86185444712487,0
-61.866270192538444,0
-70.51577536608656,0
-54.4383236137127,0
-64.87881703172953,0
-56.10827906968089,0
-43.76682472229027,0
-69.63411495914357,0
-67.1432827067007,0
-64.81574800388785,0
-72.39171405353994,0
-61.91906270305682,0
-59.72314208716222,0
-72.4184974949491,0
-64.2681085774631,0
-72.84759008347315,0
-64.79897992092819,0
-72.39171405353994,0
-69.52095506462624,0
-59.143354394240774,0
-70.8299733426308,0
-72.39171405353994,0
-67.88412590004359,0
-70.01263980790381,0
-70.8299733426308,0
-59.292331132723845,0
-69.59080695603426,0
-64.39642390365972,0
-54.55023641377274,0
-74.29076390868804,0
-59.292331132723845,0
-67.81262092798258,0
-66.44087707272023,0
-59.292331132723845,0
-64.20559896208928,0
-36.01681328957191,0
-68.9489154052836,0
-67.97387736733288,0
-65.40578155526295,0
-72.5676107851648,0
-67.2366632658322,0
-72.10429951840486,0
-66.63696916889377,0
-70.8299733426308,0
-65.39078828980122,0
-61.751056493076234,0
-68.31648961631447,0
-70.17983823272746,0
-66.34577378623236,0
-72.39171405353994,0
-59.292331132723845,0
-60.9171413744466,0
-68.95403465517741,0
-68.95403465517741,0
-65.40927012860166,0
-66.4326396214167,0
-70.1757391504205,0
-70.8299733426308,0
-64.28651218656873,0
-61.21946194313287,0
-59.292331132723845,0
-72.39171405353994,0
-62.82815038568002,0
-66.43890923208781,0
-66.21431740175474,0
-73.98023820585824,0
-48.28471185902679,0
-72.39171405353994,0
-68.22315443468526,0
-72.39171405353994,0
-64.81316317496706,0
-70.60315720660859,0
-70.8299733426308,0
-61.32440037763109,0
-72.39171405353994,0
-61.353841577666586,0
-70.60315720660859,0
-65.5152218030199,0
-69.39705006152352,0
-68.3021593020201,0
-70.96714978070081,0
-48.50329131164715,0
-67.968679174991,0
-66.02488220292908,0
-70.20413731561237,0
-66.71240032830994,0
-58.941252613041634,0
-70.17757544795788,0
-67.87755773193149,0
-66.06040922821818,0
-70.16300390833868,0
-69.04362636485733,0
-62.297905872916566,0
-59.292331132723845,0
-69.78757364044375,0
-74.28745434933705,0
-72.39171405353994,0
-72.47909589406197,0
-69.50472776245938,0
-66.32206824739937,0
-72.39171405353994,0
-54.839257340253226,0
-45.720293051859336,0
-71.3582914109478,0
-65.4374817956063,0
-67.94033121935496,0
-59.292331132723845,0
-72.1811450515873,0
-72.39171405353994,0
-59.292331132723845,0
-41.94472460837297,0
-64.74339221882308,0
-72.39171405353994,0
-67.93759277130602,0
-73.98023820585824,0
-71.20147944669907,0
-67.8808163406926,0
-68.05435947962891,0
-67.68742300678946,0
-63.312020863170794,0
-61.09717503854898,0
-65.30111405305978,0
-72.39171405353994,0
-67.86856401630777,0
-61.884048875593216,0
-32.567654652321046,0
-66.81455296603141,0
-70.15748403979623,0
-70.12970312269391,0
-59.292331132723845,0
-43.113868306757546,0
-70.15768027177268,0
-35.71759603326169,0
-48.25830434868706,0
-70.19583055858214,0
-71.86502239918815,0
-71.84178886635698,0
-72.39171405353994,0
-68.528195219232,0
-66.69301030650865,0
-68.30585688240625,0
-64.40645529113694,0
-45.63066267931126,0
-59.292331132723845,0
-72.39171405353994,0
-59.292331132723845,0
-70.14457678340892,0
-68.70151381826466,0
-70.60315720660859,0
-70.13969836953814,0
-52.749126854934346,0
-68.76863559432857,0
-66.31339699485422,0
-44.82735321366752,0
-69.78885202600566,0
-53.37307274044718,0
-40.06011597449422,0
-65.42315914537524,0
-59.34352325567952,0
-64.74867076689958,0
-66.25602231894307,0
-71.35427285550519,0
-70.19926226734839,0
-67.42887424062776,0
-53.004880674037246,0
-59.292331132723845,0
-53.47391707442066,0
-64.43813735737167,0
-72.47909589406197,0
-68.77010120778596,0
-64.65916199641185,0
-67.91588666447262,0
-63.1819825438502,0
-66.03934452239665,0
-71.00587007425565,0
-64.81316317496706,0
-63.16507091349324,0
-66.99530867192394,0
-72.5676107851648,0
-66.69188432570537,0
-72.39171405353994,0
-39.37617371582445,0
-67.95035425040498,0
-69.33645166241064,0
-68.95403465517741,0
-65.34252480021014,0
-65.1785920402985,0
-72.39171405353994,0
-70.11960696137649,0
-72.39171405353994,0
-63.989501561971295,0
-60.91277997706888,0
-64.81316317496706,0
-67.31086572006753,0
-64.45372715021436,0
-69.31899818975651,0
-54.324299656362065,0
-49.24732935896427,0
-71.06646847336853,0
-71.88643034486526,0
-59.292331132723845,0
-67.52602451472535,0
-43.084453000823245,0
-66.65932735360269,0
-31.798163575352927,0
-67.18344283073061,0
-66.90367178707834,0
-66.41213665642373,0
-67.94435717139456,0
-73.98023820585824,0
-70.55961429298432,0
-46.69891937936599,0
-66.55352510370724,0
-68.99735872980065,0
-70.91735518315282,0
-64.25259436842661,0
-66.23238895647944,0
-72.01461853993908,0
-66.35414595356347,0
-31.162312096230455,0
-61.890714747420766,0
-68.6764331361616,0
-39.01615973142085,0
-74.27520202495222,0
-72.39171405353994,0
-69.12750073618629,0
-66.68174993114806,0
-66.30744845781804,0
-70.17307383263892,0
-68.88172936208093,0
-56.18251374172584,0
-72.39171405353994,0
-65.89982900022558,0
-72.5676107851648,0
-59.292331132723845,0
-62.35664338406999,0
-72.39171405353994,0
-64.95681034929885,0
-70.15935371298539,0
-72.39171405353994,0
-61.83450942810939,0
-64.97773090495117,0
-72.39171405353994,0
-68.3036612351574,0
-62.61528578294763,0
-71.88718036014293,0
-67.9342305672451,0
-70.8299733426308,0
-67.94033121935496,0
-70.19269409923629,0
-67.94033121935496,0
-66.69379493953505,0
-70.8299733426308,0
-59.292331132723845,0
-71.54536645927564,0
-72.39171405353994,0
-65.75239648054,0
-73.98023820585824,0
-72.39171405353994,0
-62.7749630183163,0
-64.31941838133775,0
-72.39171405353994,0
-66.01968021358178,0
-58.12575007698382,0
-72.39171405353994,0
-74.68288358705382,0
-60.98148109181713,0
-55.133228324730354,0
-70.5513941722872,0
-65.1343140627996,0
-62.62105063834874,0
-64.18428960999286,0
-70.14283295565147,0
-71.97224171367773,0
-72.39171405353994,0
-64.59714860250169,0
-66.22979783265752,0
-67.14486170173642,0
-42.81548002228013,0
-47.47238942320813,0
-60.98148109181713,0
-67.08159842855352,0
-70.15136772580556,0
-70.60315720660859,0
-70.8299733426308,0
-68.10130721126691,0
-62.34010468646379,0
-66.83932554092758,0
-61.83450942810939,0
-69.33645166241064,0
-33.6578343425527,0
-69.68216869921031,0
-69.5753709802282,0
-74.34423077995046,0
-72.39171405353994,0
-70.94043577419372,0
-72.10429951840486,0
-67.22174183881492,0
-65.15685372893624,0
-64.29047144684635,0
-64.50265182099243,0
-72.39171405353994,0
-68.9583214038363,0
-68.9589145313621,0
-62.34010468646379,0
-59.292331132723845,0
-62.85435810783234,0
-68.8073976923651,0
-70.99562963242914,0
-63.50097652705003,0
-61.89553958612894,0
-72.84759008347315,0
-68.95403465517741,0
-67.24565698145595,0
-72.39171405353994,0
-67.46788969277236,0
-53.24657963971177,0
-67.86199584819568,0
-69.48122204133958,0
-66.7352487660889,0
-68.25195296162101,0
-64.35975365189333,0
-72.39171405353994,0
-68.0678006269461,0
-66.75859450328805,0
-68.44803877301322,0
-71.89792105540099,0
-41.92049277821175,0
-71.54574137580252,0
-72.66367196853837,0
-70.19926226734839,0
-60.25398291661076,0
-74.34423077995046,0
-71.00587007425565,0
-63.44183086352889,0
-72.39171405353994,0
-68.19876335946044,0
-67.91588666447262,0
-72.39171405353994,0
-62.456736591859325,0
-66.9904107029484,0
-68.70151381826466,0
-34.8859539243446,0
-72.04577208399493,0
-72.10429951840486,0
-70.21935367551,0
-67.87755773193149,0
-69.44169366581852,0
-67.05797330685007,0
-65.55365993598487,0
-67.70554987755861,0
-67.86893893283465,0
-71.00587007425565,0
-55.04137132121309,0
-63.03916117343745,0
-64.81316317496706,0
-72.39171405353994,0
-70.20935842866578,0
-64.86700095973364,0
-68.45264200133326,0
-64.51238699324374,0
-39.59462399670691,0
-72.39171405353994,0
-65.97354628970034,0
-44.10804269070613,0
-66.0518253848772,0
-63.24696883867968,0
-72.39171405353994,0
-67.87584728564363,0
-57.791898390319744,0
-68.1983478841323,0
-60.91207417717271,0
-58.69831981179923,0
-70.97165139601977,0
-65.35284081690476,0
-66.98364630285985,0
-70.20416023632393,0
-59.292331132723845,0
-46.89697466125014,0
-66.87279647079248,0
-43.52694844103314,0
-72.39171405353994,0
-64.95047429101088,0
-72.39171405353994,0
-68.71334262320656,0
-70.62864304798256,0
-72.4184974949491,0
-71.37131463507964,0
-69.6919107612272,0
-67.94435717139456,0
-61.89553958612894,0
-67.19397579328796,0
-64.45022340132415,0
-66.56183596692951,0
-72.39171405353994,0
-63.37817383048193,0
-72.39171405353994,0
-70.15104695595517,0
-71.98780359741357,0
-71.19044614873208,0
-67.98380421827122,0
-63.72723965806726,0
-63.71536225020931,0
-62.93163959528914,0
-43.61873585060703,0
-66.78045513731641,0
-67.87755773193149,0
-70.14741411549599,0
-69.49020533797008,0
-69.6893038369358,0
-63.63763657383525,0
-70.2196744453604,0
-70.51577536608656,0
-72.47909589406197,0
-71.98449403806256,0
-65.29401567740881,0
-68.32474948009451,0
-56.868319012318395,0
-28.9301794365091,0
-61.899393442477354,0
-74.34423077995046,0
-59.292331132723845,0
-71.06646847336853,0
-70.12970312269391,0
-68.87419713182814,0
-59.41093186537644,0
-71.06646847336853,0
-68.75396780728893,0
-72.4184974949491,0
-66.9904107029484,0
-52.73631266141942,0
-65.95980243331887,0
-69.05847198118805,0
-64.45349688822876,0
-60.49118496767115,0
-70.14800512656836,0
-69.31494372549307,0
-59.292331132723845,0
-72.5676107851648,0
-65.99589382574167,0
-66.59369692378492,0
-61.92426089539868,0
-72.39171405353994,0
-69.50472776245938,0
-59.292331132723845,0
-31.767956744284103,0
-66.4936695832386,0
-61.771564187248075,0
-65.27670269600969,0
-72.39171405353994,0
-71.52820865995045,0
-66.71192934288047,0
-61.19766268589411,0
-64.54837322717471,0
-59.731401950942264,0
-58.93495470982119,0
-61.106563785609744,0
-62.77425956940304,0
-69.64366780588945,0
-70.89057174174367,0
-68.38208983690535,0
-39.47500283096053,0
-72.39171405353994,0
-64.34352912302883,0
-68.29028189416215,0
-59.292331132723845,0
-70.89812102570257,0
-67.21845665819423,0
-72.39171405353994,0
-59.292331132723845,0
-72.87156831988253,0
-71.39277007491637,0
-72.39171405353994,0
-72.39171405353994,0
-58.12575007698382,0
-69.2621512149747,0
-63.794007826864984,0
-70.8299733426308,0
-59.292331132723845,0
-59.292331132723845,0
-72.39171405353994,0
-54.622190215683744,0
-70.09307140775053,0
-64.64927727121623,0
-60.353445698297904,0
-72.39171405353994,0
-66.13055706548519,0
-59.292331132723845,0
-67.94515605806313,0
-66.2220019312817,0
-61.620726396570404,0
-63.064946382232705,0
-65.33700979873726,0
-66.88839157201711,0
-66.962427050603,0
-65.3303300509176,0
-60.92457955268039,0
-50.82551833506129,0
-46.80787254655917,0
-60.87948167191371,0
-64.38807868681782,0
-49.723150230448574,0
-63.41956120947968,0
-70.51577536608656,0
-71.20667763904095,0
-72.39171405353994,0
-38.75765390590511,0
-68.29846304281553,0
-62.85197837863653,0
-64.97309559216977,0
-72.39171405353994,0
-70.20413731561237,0
-64.32687503025001,0
-67.6717046341601,0
-70.51577536608656,0
-65.49705593939534,0
-72.39171405353994,0
-72.39171405353994,0
-68.06859462064617,0
-64.81316317496706,0
-62.77425956940304,0
-72.5676107851648,0
-60.0635962154631,0
-68.71110402796452,0
-70.17983823272746,0
-64.23341794855978,0
-70.21485206019105,0
-59.635068009708306,0
-72.10429951840486,0
-71.06646847336853,0
-64.20559896208928,0
-66.06571144689372,0
-67.86856401630777,0
-72.4758553792542,0
-62.77166485194634,0
-67.94209438662497,0
-66.60746139360467,0
-44.30323421940143,0
-70.12091967176616,0
-68.74207006128091,0
-62.96864887018394,0
-69.50472776245938,0
-42.732746663295245,0
-70.17757544795788,0
-53.447223640714434,0
-65.95861106166355,0
-66.68859674719319,0
-66.28958358790725,0
-72.39171405353994,0
-72.39171405353994,0
-57.57179315589536,0
-69.30160620402398,0
-56.83502612022714,0
-68.79849937297783,0
-70.18583531173789,0
-72.39171405353994,0
-70.17983823272746,0
-68.39779001023877,0
-71.06646847336853,0
-70.13244324283255,0
-73.98023820585824,0
-73.98023820585824,0
-64.96947104117113,0
-63.13847676621469,0
-72.39171405353994,0
-60.86262159434286,0
-74.53961065599175,0
-64.36014147973611,0
-70.8299733426308,0
-68.56543452505196,0
-67.17698959392739,0
-70.22766043254023,0
-61.81237937626147,0
-64.33194649777383,0
-50.41483526534635,0
-61.03662868485857,0
-65.30630203742224,0
-70.20413731561237,0
-65.95431642069573,0
-72.5676107851648,0
-70.8299733426308,0
-64.49416690199007,0
-70.5401281568797,0
-67.87755773193149,0
-60.97209850729139,0
-67.92776407233058,0
-67.60216672444771,0
-46.96957561331742,0
-57.48101978843756,0
-68.27011508717949,0
-71.340921923064,0
-65.5901116836563,0
-59.292331132723845,0
-67.88490456133438,0
-71.06646847336853,0
-67.37305482003187,0
-59.292331132723845,0
-71.3582914109478,0
-66.31943581347463,0
-74.34873239526942,0
-70.51577536608656,0
-72.39171405353994,0
-70.1017321000779,0
-60.11125879595515,0
-60.14122659443604,0
-64.16239505143938,0
-64.81316317496706,0
-69.84992821795348,0
-70.07750952401472,0
-70.51577536608656,0
-56.27023227273338,0
-66.61562311957475,0
-72.39171405353994,0
-63.961909612315715,0
-61.44397939425108,0
-68.55928162291701,0
-66.69536925520254,0
-70.17757544795788,0
-67.04551593857363,0
-66.00006298349719,0
-63.15836311572461,0
-46.9898539381206,0
-72.39171405353994,0
-48.984849809648864,0
-67.94209438662497,0
-70.22766043254023,0
-58.3667303271133,0
-67.94515605806313,0
-72.39171405353994,0
-56.471419219482065,0
-67.86856401630777,0
-72.39171405353994,0
-72.47909589406197,0
-52.219105413930706,0
-55.43202955699597,0
-67.8808163406926,0
-66.3598431029432,0
-70.5362664381804,0
-69.66450767115919,0
-70.18433984804642,0
-48.50329131164715,0
-70.99888824119026,0
-72.39171405353994,0
-71.60456651529844,0
-63.454826903609984,0
-37.294604286336444,0
-61.81237937626147,0
-65.15570986959365,0
-59.23633370508856,0
-72.39171405353994,0
-67.20437079943167,0
-69.6670143740095,0
-70.11415517301458,0
-62.81978715219078,0
-62.34010468646379,0
-72.4184974949491,0
-65.1516842248504,0
-67.62878907500603,0
-72.10429951840486,0
-69.63890610370117,0
-59.41163766527261,0
-66.06439253190158,0
-59.292331132723845,0
-64.81316317496706,0
-72.39171405353994,0
-67.1900423504555,0
-68.87491639188772,0
-69.04362636485733,0
-53.237785524819365,0
-66.04531228574791,0
-67.86893893283465,0
-66.82376365719175,0
-65.82377998194491,0
-72.39171405353994,0
-61.827941259997296,0
-70.14920359679454,0
-67.49932893935298,0
-64.96859397685081,0
-72.39171405353994,0
-70.17789621780827,0
-43.910502762778854,0
-59.292331132723845,0
-59.292331132723845,0
-69.19052978591517,0
-69.76272264445238,0
-51.44512353749399,0
-74.34423077995046,0
-72.08488810906816,0
-72.28813137138141,0
-56.823643977460634,0
-70.8299733426308,0
-68.15929791412717,0
-64.31392474981247,0
-62.34010468646379,0
-67.93759277130602,0
-43.21145978887504,0
-66.7726468154641,0
-61.878147600396396,0
-70.8299733426308,0
-64.81316317496706,0
-70.16750552365764,0
-68.46160571654454,0
-65.94833629623123,0
-70.18175349914623,0
-59.41491554219983,0
-69.79165326126653,0
-72.04400891672492,0
-65.96484716355458,0
-64.41360835099854,0
-73.98023820585824,0
-72.04803486876452,0
-59.292331132723845,0
-69.64405261630992,0
-66.62943429306112,0
-70.73129759751454,0
-61.878147600396396,0
-69.65566575063394,0
-69.33645166241064,0
-66.64560088884687,0
-67.88412590004359,0
-63.97752853191758,0
-70.60315720660859,0
-70.51577536608656,0
-65.90763989724265,0
-72.39171405353994,0
-67.00275556255154,0
-69.19637006288426,0
-68.29980046296711,0
-68.40794836028928,0
-59.292331132723845,0
-34.013423386278426,0
-72.39171405353994,0
-70.18583531173789,0
-65.33700979873726,0
-68.59272510883493,0
-68.89729124581675,0
-48.562274788901114,0
-59.292331132723845,0
-63.58449848720939,0
-60.652644997685215,0
-60.964089106084586,0
-73.98023820585824,0
-66.99533324537202,0
-68.95403465517741,0
-65.30529390547724,0
-64.76357913329255,0
-59.339322512783745,0
-65.32918951350757,0
-61.89553958612894,0
-71.41646326106935,0
-62.83453139414645,0
-72.39171405353994,0
-68.71053730997573,0
-70.57186661736915,0
-67.93950750000562,0
-69.21482856680981,0
-72.39171405353994,0
-66.0016190444781,0
-72.39171405353994,0
-66.34447729918293,0
-72.10429951840486,0
-72.39171405353994,0
-61.88797629937181,0
-70.12413648580232,0
-67.06608421951705,0
-61.21946194313287,0
-69.66450767115919,0
-70.8299733426308,0
-66.77423309226921,0
-61.900737778470805,0
-68.83027631026766,0
-64.28651218656873,0
-66.55919380787786,0
-72.39171405353994,0
-67.18893646225588,0
-65.8446714348251,0
-59.292331132723845,0
-72.39171405353994,0
-56.22913469095053,0
-72.39171405353994,0
-59.292331132723845,0
-63.566414730174905,0
-52.59298392326383,0
-64.55870784595069,0
-64.81316317496706,0
-67.86893893283465,0
-59.292331132723845,0
-67.36083627620695,0
-70.60315720660859,0
-65.12216372161573,0
-72.47909589406197,0
-46.586559116963215,0
-69.25162943655303,0
-70.16914640886031,0
-63.04498250811244,0
-46.34727836674275,0
-71.88718036014293,0
-65.40444774343231,0
-72.39171405353994,0
-64.5107062846406,0
-64.36982357619357,0
-66.42744142907483,0
-63.45245645479916,0
-66.55352510370724,0
-71.40875494062739,0
-72.5676107851648,0
-70.17307383263892,0
-65.50161774789746,0
-67.05311332279243,0
-70.21485206019105,0
-60.92251187558926,0
-64.43020403328647,0
-58.280828645504464,0
-59.292331132723845,0
-64.54180505906261,0
-66.44726824035592,0
-61.89474069946035,0
-68.4747283479696,0
-64.41096604248425,0
-59.292331132723845,0
-61.866270192538444,0
-67.968679174991,0
-60.882849785069254,0
-38.292789509645324,0
-64.99252727144233,0
-35.67448566411783,0
-62.146081121542906,0
-59.292331132723845,0
-68.47113209136495,0
-70.19269409923629,0
-69.71969654895142,0
-51.44239765048516,0
-63.82542622782802,0
-61.085415181361654,0
-52.83226580666451,0
-67.86893893283465,0
-72.39171405353994,0
-66.61979220699074,0
-40.20728887166421,0
-62.16583451960708,0
-55.92281286246741,0
-64.74906644419598,0
-67.91588666447262,0
-70.17757544795788,0
-70.51577536608656,0
-32.567654652321046,0
-70.8299733426308,0
-59.292331132723845,0
-72.47909589406197,0
-61.62230789053928,0
-68.65728043669789,0
-64.35574987061482,0
-74.2755769414791,0
-68.7351035039336,0
-56.46390166337202,0
-72.39171405353994,0
-70.85230373638731,0
-69.10330903624399,0
-62.88094289619839,0
-44.23954608549567,0
-59.292331132723845,0
-67.91588666447262,0
-70.5513941722872,0
-67.46897272590698,0
-66.84258414968868,0
-68.29987359323448,0
-70.14105170911094,0
-67.94515605806313,0
-67.50431840789199,0
-72.47909589406197,0
-69.65716121432541,0
-71.84178886635698,0
-37.53651962439795,0
-63.32045013613968,0
-64.35574987061482,0
-68.58567340458684,0
-67.52111137407016,0
-59.292331132723845,0
-66.77423309226921,0
-71.20667763904095,0
-41.61193139656178,0
-67.03314827456718,0
-74.33873714842517,0
-62.97964654477207,0
-72.39171405353994,0
-72.39171405353994,0
-65.10735373856063,0
-59.292331132723845,0
-72.5676107851648,0
-69.6449369281318,0
-68.7800191843832,0
-72.5676107851648,0
-72.39171405353994,0
-59.292331132723845,0
-76.04075296778802,0
-66.3598431029432,0
-66.46532162760255,0
-41.70884938913411,0
-70.51577536608656,0
-72.4184974949491,0
-65.12216372161573,0
-72.39171405353994,0
-57.03671508217107,0
-59.292331132723845,0
-72.39171405353994,0
-64.25222592387689,0
-65.5493633147435,0
-57.27183420119662,0
-72.39171405353994,0
-65.38529465827594,0
-64.81316317496706,0
-61.900737778470805,0
-67.19405240683817,0
-51.915751204263195,0
-72.39171405353994,0
-71.28811215733359,0
-60.88883776430188,0
-66.29169197703642,0
-66.82380636240781,0
-70.17307383263892,0
-65.98011445781243,0
-60.11328820472935,0
-40.4707014546812,0
-35.03191009273998,0
-59.292331132723845,0
-73.98023820585824,0
-70.19264660507665,0
-67.86856401630777,0
-64.31011160414329,0
-70.14654534063621,0
-72.39171405353994,0
-70.8299733426308,0
-48.46414975700159,0
-62.274086832460966,0
-59.292331132723845,0
-66.2583406460544,0
-67.72211661089891,0
-64.60978244095467,0
-59.292331132723845,0
-70.99823618438582,0
-59.292331132723845,0
-68.71825305593359,0
-60.33899706756166,0
-56.3799767695225,0
-65.52663632851683,0
-70.16914640886031,0
-72.39171405353994,0
-67.30736438470426,0
-66.17250453992611,0
-66.00048836232327,0
-66.49036541710367,0
-65.84986962716697,0
-73.98023820585824,0
-72.85584994725316,0
-67.94033121935496,0
-66.37585206039687,0
-67.5191790663061,0
-64.57677139236658,0
-65.26835629629424,0
-68.56336736077691,0
-61.70855979975601,0
-50.319128559995626,0
-74.34696922799941,0
-70.13094270281618,0
-67.93759277130602,0
-72.39171405353994,0
-67.86893893283465,0
-72.05253648408348,0
-67.30515747601541,0
-65.89562996534484,0
-68.91019616414653,0
-68.18221256471938,0
-67.94209438662497,0
-72.39171405353994,0
-59.292331132723845,0
-71.3176323532719,0
-68.82990139374078,0
-70.8299733426308,0
-68.59553563095498,0
-70.14105170911094,0
-60.95536264223559,0
-63.4669921627201,0
-67.46607132645369,0
-72.39171405353994,0
-66.00902768972105,0
-73.98023820585824,0
-65.6350752535552,0
-72.39171405353994,0
-62.97964654477207,0
-70.9790866328465,0
-68.05398456310203,0
-43.61873585060703,0
-69.64049688489592,0
-71.96567354556564,0
-67.6816826040869,0
-72.47909589406197,0
-53.37307274044718,0
-70.08973485811228,0
-53.44215630999162,0
-35.97449023762177,0
-70.17789621780827,0
-76.07114567980364,0
-59.854039282987245,0
-71.36986264834788,0
-68.19872280065918,0
-61.68027064519007,0
-67.88412590004359,0
-69.3114349029994,0
-66.86762696670661,0
-69.47794432105023,0
-72.10429951840486,0
-72.39171405353994,0
-59.292331132723845,0
-69.33640714886751,0
-73.98023820585824,0
-67.0355206917294,0
-70.38600017655564,0
-66.40146510704444,0
-62.87660328644458,0
-70.64269914507221,0
-68.70178742660784,0
-70.17581228068786,0
-72.39171405353994,0
-69.61874001808351,0
-40.20728887166421,0
-70.19264660507665,0
-68.92561060061395,0
-72.39171405353994,0
-59.292331132723845,0
-66.69379493953505,0
-40.20728887166421,0
-68.70700744978993,0
-70.9103733500874,0
-60.3329999885512,0
-61.26640967477087,0
-61.738952511771636,0
-72.39171405353994,0
-74.34696922799941,0
-70.56398134634252,0
-66.84193209288425,0
-68.69117712369558,0
-73.76818536852917,0
-65.30630203742224,0
-45.40126673429618,0
-42.93696940136745,0
-70.13311395510908,0
-59.51522753252252,0
-58.69028633045975,0
-72.39171405353994,0
-72.39171405353994,0
-67.76899489035826,0
-68.19047242849939,0
-66.42741961466444,0
-67.23675866206868,0
-72.39171405353994,0
-72.05403194777497,0
-68.72821852669048,0
-72.39171405353994,0
-68.27852713229069,0
-50.2335838990183,0
-59.292331132723845,0
-66.70892383052778,0
-63.46650894111767,0
-64.81316317496706,0
-51.67928900065856,0
-72.39171405353994,0
-72.5676107851648,0
-67.8808163406926,0
-60.6362217008889,0
-69.50472776245938,0
-56.10827906968089,0
-59.292331132723845,0
-59.54021366758355,0
-69.63411495914357,0
-70.09747690952858,0
-64.12275248416185,0
-64.27945716388012,0
-72.39171405353994,0
-64.81316317496706,0
-72.39171405353994,0
-61.81237937626147,0
-67.95035425040498,0
-70.16292436381312,0
-66.81940518333624,0
-67.968679174991,0
-72.47909589406197,0
-63.566414730174905,0
-73.98023820585824,0
-68.95403465517741,0
-67.9606702670996,0
-59.292331132723845,0
-68.84423251743891,0
-70.89586630807447,0
-59.292331132723845,0
-63.26588659191935,0
-67.86893893283465,0
-68.06859462064617,0
-68.39084692559979,0
-66.36996384997471,0
-68.65238924568479,0
-66.57596097462888,0
-58.941252613041634,0
-72.39171405353994,0
-72.39171405353994,0
-70.44051003208057,0
-72.5676107851648,0
-62.97964654477207,0
-64.34120534454438,0
-64.81316317496706,0
-74.32252467311707,0
-62.34010468646379,0
-63.01238961580701,0
-68.95125266669844,0
-66.09680799772465,0
-67.94885878671352,0
-70.09647511688382,0
-69.63411495914357,0
-67.58441797805997,0
-70.18433984804642,0
-67.96303722197804,0
-67.46156971113473,0
-64.80136100079517,0
-70.1688424058626,0
-70.18466061789681,0
-64.29133457173808,0
-64.81316317496706,0
-61.892477914690765,0
-64.39244300245383,0
-67.9342305672451,0
-48.595622578943484,0
-72.10429951840486,0
-62.91003814210178,0
-65.21374520092954,0
-63.13847676621469,0
-74.38051537597732,0
-25.336672002787807,0
-68.44473774187674,0
-70.97391418078935,0
-65.967154775905,0
-65.9334307666107,0
-61.21866290755375,0
-65.9525197496322,0
-61.83119986875841,0
-70.54255880749571,0
-66.8074600568886,0
-72.04127046867598,0
-64.90466443714392,0
-66.11890567572473,0
-73.98023820585824,0
-70.09647511688382,0
-17.06300166184827,0
-68.95403465517741,0
-72.87156831988253,0
-66.93471761367282,0
-74.37531718363545,0
-63.4669921627201,0
-70.19264660507665,0
-59.292331132723845,0
-71.84178886635698,0
-67.12873310001179,0
-61.83119986875841,0
-67.97387736733288,0
-50.18902475158565,0
-73.98023820585824,0
-58.72530015792335,0
-38.57822768625676,0
-36.839106976761364,0
-68.87419713182814,0
-67.60590804270537,0
-41.58131894421069,0
-72.04127046867598,0
-59.292331132723845,0
-54.27583599110747,0
-56.40889649346978,0
-52.679636931894784,0
-59.292331132723845,0
-71.88643034486526,0
-72.10429951840486,0
-68.58626441565922,0
-67.28278296896293,0
-70.8299733426308,0
-53.447223640714434,0
-70.37044825550397,0
-68.50648911239864,0
-72.13798261039634,0
-70.51577536608656,0
-72.39171405353994,0
-61.83450942810939,0
-64.96770787390112,0
-61.827941259997296,0
-65.93802607170635,0
-65.14203219855271,0
-66.83033182530384,0
-73.98023820585824,0
-67.8144534705012,0
-59.292331132723845,0
-59.292331132723845,0
-68.9305424018573,0
-73.73779265651353,0
-72.47909589406197,0
-65.98605716074229,0
-72.5676107851648,0
-63.312020863170794,0
-64.70881442124605,0
-67.98654266632016,0
-59.292331132723845,0
-66.9289924145142,0
-60.71429081219741,0
-69.88328181919542,0
-64.31397164306267,0
-40.07223502423378,0
-70.13626478753937,0
-72.39171405353994,0
-64.05018857110132,0
-65.00100573078328,0
-70.46905930792423,0
-61.892477914690765,0
-64.25779256076848,0
-72.39171405353994,0
-33.15021629786916,0
-62.86112250792088,0
-70.1017321000779,0
-72.39171405353994,0
-68.24567053229715,0
-68.72315102490913,0
-63.400535754273626,0
-45.24181938191444,0
-72.39171405353994,0
-67.3289823667955,0
-69.66450767115919,0
-71.89998873249212,0
-70.20416023632393,0
-67.21145717985972,0
-70.16292436381312,0
-68.78705417170173,0
-65.30867493901364,0
-65.08016974700875,0
-72.39171405353994,0
-74.57000336800736,0
-67.46156971113473,0
-63.312020863170794,0
-67.88412590004359,0
-64.81316317496706,0
-65.25729602787739,0
-70.8299733426308,0
-50.69770818680865,0
-70.12450493035203,0
-63.566414730174905,0
-68.47094546402909,0
-62.64002882321659,0
-63.01995290256414,0
-72.39171405353994,0
-61.827941259997296,0
-65.28482428368014,0
-62.98103833268554,0
-70.1130387932644,0
-59.73427584225887,0
-67.8808163406926,0
-66.77555716834087,0
-71.97224171367773,0
-67.9063707690631,0
-64.57677139236658,0
-56.21386410624855,0
-46.30045294891857,0
-67.968679174991,0
-76.07114567980364,0
-73.98023820585824,0
-65.84285201520393,0
-63.58449848720939,0
-72.39171405353994,0
-70.8299733426308,0
-70.13244324283255,0
-66.40693846408185,0
-51.03583603512633,0
-56.49891549083562,0
-68.6186549704223,0
-26.78411695126281,0
-70.22766043254023,0
-58.45029690100929,0
-61.21908702660599,0
-64.87851361548925,0
-72.05253648408348,0
-62.654279746472746,0
-68.68044398705712,0
-72.39171405353994,0
-53.98504885060114,0
-36.35061356142482,0
-66.30682330539862,0
-71.06646847336853,0
-68.95403465517741,0
-43.88082430377649,0
-71.00587007425565,0
-68.44336788283772,0
-51.07143995994895,0
-62.665999026670654,0
-68.05116541496348,0
-62.32470159786613,0
-65.39561067497056,0
-70.19193909460503,0
-72.39171405353994,0
-59.292331132723845,0
-64.81316317496706,0
-49.723150230448574,0
-67.19493354126634,0
-63.48036963304706,0
-52.34368916822341,0
-67.12683381394609,0
-59.92367004243895,0
-68.22491760195527,0
-69.33817031613752,0
-67.37608173010939,0
-64.8073943502393,0
-65.98910817343616,0
-74.35699225904943,0
-59.292331132723845,0
-65.5294124362465,0
-47.51720418186727,0
-71.00587007425565,0
-72.47909589406197,0
-44.94690890609187,0
-68.16633491922376,0
-72.5676107851648,0
-59.292331132723845,0
-53.447223640714434,0
-73.98023820585824,0
-70.8299733426308,0
-67.03747278963264,0
-70.89991102704667,0
-72.5676107851648,0
-63.39926854486485,0
-64.41256717145923,0
-56.245593258653,0
-67.92776407233058,0
-61.818947544373565,0
-57.97200199970183,0
-72.39171405353994,0
-43.57168450049524,0
-66.41004944334229,0
-73.98023820585824,0
-64.08046275984547,0
-56.43580696362263,0
-70.17581228068786,0
-68.70179448823112,0
-65.94037385124969,0
-59.292331132723845,0
-68.15409972178529,0
-67.90820729516088,0
-65.9743985822228,0
-33.93874803764239,0
-71.44322252655975,0
-67.93759277130602,0
-68.09700248917154,0
-68.40690808524442,0
-59.519118953200625,0
-72.39171405353994,0
-67.82179189549277,0
-66.95054964274505,0
-72.39171405353994,0
-61.827941259997296,0
-67.73594258957425,0
-37.93732653165284,0
-64.27060880150037,0
-41.518218313117075,0
-72.39171405353994,0
-67.23587940132911,0
-70.15751027681341,0
-67.11372508674302,0
-62.27905366236729,0
-66.10389748921145,0
-59.292331132723845,0
-64.53962383841422,0
-72.47909589406197,0
-70.14773092462701,0
-67.01204446805173,0
-63.437471966781786,0
-42.21140589193148,0
-62.44367687491623,0
-71.0383498028526,0
-65.26859111439471,0
-64.83232115421295,0
-66.87353965996991,0
-66.47121271096833,0
-62.610055348495706,0
-59.292331132723845,0
-71.5956352364048,0
-71.97224171367773,0
-51.915751204263195,0
-68.4919750742566,0
-73.98023820585824,0
-72.39171405353994,0
-72.05253648408348,0
-73.98023820585824,0
-72.39171405353994,0
-64.54837322717471,0
-38.292789509645324,0
-70.16292436381312,0
-64.74757098050449,0
-54.16312752768277,0
-59.292331132723845,0
-59.292331132723845,0
-64.87530421462881,0
-62.721936867632905,0
-65.37547788822936,0
-64.90853827944143,0
-67.39802888043278,0
-72.39171405353994,0
-70.8299733426308,0
-72.39171405353994,0
-72.39171405353994,0
-71.06646847336853,0
-59.95857074065601,0
-70.15104695595517,0
-72.39171405353994,0
-67.92776407233058,0
-71.37436426366683,0
-70.12574451047433,0
-62.78120265404202,0
-72.39171405353994,0
-66.34298350385058,0
-68.79840397674135,0
-59.46598287950193,0
-61.650091233457665,0
-59.292331132723845,0
-63.71422861559063,0
-55.816903848892565,0
-50.941113098752886,0
-55.34778491535072,0
-71.4788607004549,0
-66.683929821388,0
-68.72676357002179,0
-67.05315092168075,0
-67.94435717139456,0
-20.583123380648217,0
-68.06623688748687,0
-68.31648961631447,0
-64.39024281582884,0
-69.63411495914357,0
-70.50881675163544,0
-59.292331132723845,0
-59.292331132723845,0
-67.55479446606161,0
-61.70036846760991,0
-69.87548473664015,0
-70.8299733426308,0
-72.5676107851648,0
-72.39171405353994,0
-72.84985286824273,0
-67.968679174991,0
-72.39171405353994,0
-64.05601820496317,0
-60.514571568147396,0
-72.39171405353994,0
-39.51902707359656,0
-71.59131924840148,0
-70.8299733426308,0
-70.09647511688382,0
-66.65932735360269,0
-76.04075296778802,0
-62.826225246560824,0
-52.4850965556003,0
-62.845929068734776,0
-65.78184451986218,0
-59.42493857324987,0
-72.39171405353994,0
-72.32516523582012,0
-66.22597141118852,0
-67.86893893283465,0
-44.619569544917866,0
-61.818947544373565,0
-65.06595840230436,0
-62.06527241837863,0
-70.17983823272746,0
-70.22766043254023,0
-42.68579893165725,0
-59.292331132723845,0
-45.43354733549427,0
-58.612292854677236,0
-72.39171405353994,0
-72.1646114127183,0
-66.39355442455535,0
-56.26540988756403,0
-49.89233906143085,0
-69.41667508519916,0
-67.87183251319506,0
-73.98023820585824,0
-70.80059311470758,0
-71.06646847336853,0
-67.06118625054151,0
-66.8153473045182,0
-72.39171405353994,0
-65.07961643149947,0
-67.93033734700882,0
-67.37385370670044,0
-68.10905711092906,0
-60.97391780506001,0
-50.810410146847936,0
-66.22407405775452,0
-63.61489119922501,0
-72.39171405353994,0
-64.68382743111734,0
-72.5676107851648,0
-68.2087973530854,0
-70.8299733426308,0
-70.10404507764068,0
-59.292331132723845,0
-72.39171405353994,0
-59.292331132723845,0
-72.39171405353994,0
-72.39171405353994,0
-71.06646847336853,0
-70.63314466330152,0
-62.49954194749756,0
-72.84308846815419,0
-62.402451117170436,0
-69.31494372549307,0
-59.292331132723845,0
-52.95953002679119,0
-64.70909146442175,0
-76.04075296778802,0
-59.19030212587876,0
-66.9689952187151,0
-69.1299313868023,0
-65.98180787287292,0
-67.72967989765603,0
-72.39171405353994,0
-67.06608421951705,0
-73.98023820585824,0
-72.78699168436027,0
-72.39171405353994,0
-72.39171405353994,0
-65.5688469031938,0
-67.03465069691555,0
-42.34876205186971,0
-67.87799430120316,0
-67.6717046341601,0
-68.69155178744002,0
-72.39171405353994,0
-59.292331132723845,0
-69.43357322410421,0
-66.68881825247081,0
-63.13632076310619,0
-69.64047231144784,0
-72.39171405353994,0
-56.45900369439648,0
-64.74716307888835,0
-44.49118703808208,0
-72.39171405353994,0
-68.2718782544495,0
-62.34010468646379,0
-72.39171405353994,0
-67.95035425040498,0
-64.97591628402527,0
-63.61489119922501,0
-68.2718782544495,0
-66.62637262162296,0
-72.39171405353994,0
-71.00847822021463,0
-72.39171405353994,0
-64.26580232433338,0
-61.27828708262882,0
-70.91735518315282,0
-66.96618140245215,0
-63.566414730174905,0
-68.69118466225177,0
-66.62723625389877,0
-70.17757544795788,0
-67.72888101098745,0
-69.13837936002403,0
-72.78962159689176,0
-65.23799241567524,0
-73.98023820585824,0
-68.92905201024578,0
-65.46607166037829,0
-54.632920309658125,0
-71.00587007425565,0
-72.39171405353994,0
-70.69167209771145,0
-64.30792767080203,0
-68.34060399330254,0
-64.24783044069481,0
-61.366837212941824,0
-72.5676107851648,0
-51.99930212554959,0
-68.27414103921909,0
-39.31613867644994,0
-50.2335838990183,0
-58.19996050848181,0
-67.93759277130602,0
-38.352883411137704,0
-70.8299733426308,0
-63.98432794307752,0
-76.04075296778802,0
-38.08696749550289,0
-68.78705417170173,0
-68.528195219232,0
-70.1130387932644,0
-67.86856401630777,0
-72.39171405353994,0
-67.72267997063726,0
-62.05315048831587,0
-69.86068201626478,0
-70.13094270281618,0
-66.16031926235216,0
-68.6398029731825,0
-71.3582914109478,0
-48.86467904152405,0
-64.25198365354805,0
-69.58162613599994,0
-72.03144176970056,0
-72.39171405353994,0
-72.39171405353994,0
-68.19047242849939,0
-72.90989725242366,0
-59.45738349085399,0
-70.8299733426308,0
-67.20319731607971,0
-65.30867493901364,0
-61.00981835198199,0
-68.95403465517741,0
-68.74356565416,0
-70.51577536608656,0
-59.95857074065601,0
-52.15868754658524,0
-45.43354733549427,0
-68.24567053229715,0
-63.27159602741539,0
-63.61489119922501,0
-61.89474069946035,0
-72.39171405353994,0
-34.427737219325685,0
-68.3036612351574,0
-68.97540082622831,0
-29.653640106091427,0
-61.83119986875841,0
-67.06499073065038,0
-66.68726622544322,0
-69.87344349536377,0
-66.30025513728653,0
-70.8299733426308,0
-59.292331132723845,0
-67.95035425040498,0
-65.39861389538272,0
-66.46710084069764,0
-70.1961513284325,0
-39.36634501684903,0
-72.39171405353994,0
-64.81316317496706,0
-59.292331132723845,0
-66.13886382251542,0
-72.04803486876452,0
-72.78962159689176,0
-48.50329131164715,0
-72.39171405353994,0
-50.74637233126848,0
-69.7647072797007,0
-68.56819219948508,0
-63.65319845757108,0
-72.39171405353994,0
-70.8299733426308,0
-70.54075470527647,0
-64.22556634760315,0
-73.98023820585824,0
-67.46924808411194,0
-67.305781523446,0
-70.20935842866578,0
-48.47071792511369,0
-72.39171405353994,0
-70.9790866328465,0
-64.30134829191607,0
-65.99311183726272,0
-66.634632485403,0
-42.97154888558708,0
-62.98463796944179,0
-70.89814785977666,0
-63.23966426861969,0
-72.39171405353994,0
-65.37698797825706,0
-62.789821453138885,0
-61.818947544373565,0
-59.292331132723845,0
-73.98023820585824,0
-59.41163766527261,0
-72.39171405353994,0
-59.292331132723845,0
-42.81548002228013,0
-64.5592196698799,0
-70.21485206019105,0
-61.69368453717629,0
-46.16327400191247,0
-67.88897878333057,0
-67.26853559935851,0
-65.09881857399454,0
-63.3588312401818,0
-72.39171405353994,0
-66.32331516888082,0
-49.95913850089391,0
-53.447223640714434,0
-59.292331132723845,0
-72.39171405353994,0
-71.06646847336853,0
-71.06646847336853,0
-62.86261797161238,0
-70.00957813646565,0
-67.23009509772011,0
-70.47109940188146,0
-74.28419574057594,0
-71.00587007425565,0
-35.74686542685219,0
-66.0081872125902,0
-49.723150230448574,0
-44.982671474205496,0
-70.20935842866578,0
-71.82622698262117,0
-68.05435947962891,0
-59.292331132723845,0
-66.77184792879552,0
-72.04127046867598,0
-70.8299733426308,0
-57.729920162487524,0
-72.39171405353994,0
-68.13577479719928,0
-70.8299733426308,0
-64.41194892266222,0
-52.4850965556003,0
-72.39171405353994,0
-70.6069369411492,0
-49.26416361338776,0
-57.26656620428927,0
-61.83450942810939,0
-74.28745434933705,0
-72.39171405353994,0
-70.16300390833868,0
-70.10404507764068,0
-64.24613331458386,0
-71.89168197546189,0
-65.96060465662997,0
-72.39171405353994,0
-76.0361793464997,0
-71.3582914109478,0
-64.93490700174587,0
-67.86856401630777,0
-59.00745625116301,0
-66.46532162760255,0
-68.64384905117076,0
-52.66693857859812,0
-61.228080742229736,0
-58.37323069601841,0
-64.81316317496706,0
-63.312020863170794,0
-72.39171405353994,0
-67.86893893283465,0
-69.19637006288426,0
-64.31961556236959,0
-70.60315720660859,0
-61.23133935099082,0
-67.86893893283465,0
-59.292331132723845,0
-68.95349656512812,0
-61.818947544373565,0
-71.66294117590564,0
-68.7269320143558,0
-71.98449403806256,0
-72.39171405353994,0
-67.88412590004359,0
-63.03372873379071,0
-63.464172257626885,0
-68.43730079726006,0
-67.4786842469159,0
-72.39171405353994,0
-42.35086089244052,0
-60.87711252345631,0
-65.03842418856149,0
-64.81316317496706,0
-68.31648961631447,0
-69.02019257729447,0
-64.77636073367027,0
-69.79312341344126,0
-72.39171405353994,0
-72.39171405353994,0
-64.26893538545848,0
-69.56208564676452,0
-72.39171405353994,0
-71.853137452774,0
-55.133228324730354,0
-72.39171405353994,0
-65.01699937342578,0
-64.34346812931398,0
-70.1743446012022,0
-66.81594746140435,0
-72.4184974949491,0
-71.89168197546189,0
-50.508066207597075,0
-66.87131536066475,0
-64.27092239372605,0
-39.60799739461756,0
-48.562274788901114,0
-49.988658696832225,0
-58.61468274776467,0
-64.49991337294348,0
-61.61415822845831,0
-72.39171405353994,0
-36.47353234337911,0
-68.90569454882757,0
-68.86772963323247,0
-65.99311183726272,0
-72.07235687236098,0
-62.2020659065751,0
-63.81048133554593,0
-64.37131833285584,0
-55.80543771180493,0
-72.8726707655762,0
-72.39171405353994,0
-69.6920138806175,0
-71.22083886074769,0
-66.93510530967984,0
-71.17039304301409,0
-68.68469299994162,0
-62.83470192153898,0
-68.69118466225177,0
-67.92776407233058,0
-72.39171405353994,0
-67.05879136792518,0
-71.06646847336853,0
-69.66450767115919,0
-66.00487765323922,0
-62.1268758545362,0
-70.6492748517405,0
-55.87096471061503,0
-72.39171405353994,0
-67.92776407233058,0
-53.59043761301556,0
-68.0826590243173,0
-72.39171405353994,0
-72.39171405353994,0
-56.85024099654294,0
-66.69229947584356,0
-72.5676107851648,0
-70.20416023632393,0
-64.43411386249046,0
-61.88924706793508,0
-54.996328768760975,0
-72.39171405353994,0
-62.179829261452504,0
-66.65295740998901,0
-68.70178742660784,0
-42.19533174897484,0
-67.968679174991,0
-71.36003394937246,0
-68.66831584996615,0
-61.899393442477354,0
-61.626553733978746,0
-60.85972053772378,0
-69.53020855692138,0
-72.39171405353994,0
-66.81297199474874,0
-67.2968976122354,0
-68.95403465517741,0
-68.48358623343255,0
-61.621101313097284,0
-69.8135912651336,0
-69.82280493784506,0
-72.39171405353994,0
-69.22542560056246,0
-29.186871891173634,0
-68.25150239032129,0
-64.41837374690328,0
-67.95035425040498,0
-72.85435448356169,0
-68.31198800099551,0
-66.35414595356347,0
-66.39077473264724,0
-67.94515605806313,0
-39.38743973123194,0
-70.8299733426308,0
-64.7548800071468,0
-65.8446714348251,0
-72.39171405353994,0
-72.39171405353994,0
-68.68588180538578,0
-72.39171405353994,0
-72.39171405353994,0
-62.05315048831587,0
-67.53358780148247,0
-61.866270192538444,0
-69.19052978591517,0
-29.106402272006065,0
-67.00190141348412,0
-66.37481088085755,0
-67.87755773193149,0
-70.8299733426308,0
-61.83119986875841,0
-62.63782227940236,0
-31.658444606520593,0
-72.39171405353994,0
-74.35179406670758,0
-67.15073994008347,0
-68.8139658604772,0
-59.292331132723845,0
-70.13519675421918,0
-71.56524252438916,0
-60.229975030632346,0
-65.35252004705437,0
-64.91873583052144,0
-65.93195689241655,0
-66.29615175601934,0
-67.94033121935496,0
-59.292331132723845,0
-65.62118988683086,0
-52.88586805280497,0
-65.62505222250518,0
-71.98123542930148,0
-69.63411495914357,0
-59.292331132723845,0
-67.08147808968157,0
-53.540995425533595,0
-68.37245767246102,0
-67.93509207833284,0
-71.73268664063733,0
-69.84057678195953,0
-63.312020863170794,0
-69.64439973522644,0
-62.79308006189997,0
-67.01082288096043,0
-70.51577536608656,0
-68.72220666624312,0
-65.6625307933251,0
-65.43315439221946,0
-64.8105713279589,0
-70.00957813646565,0
-71.98780359741357,0
-66.75525482973156,0
-65.12693907966435,0
-70.21935367551,0
-63.312020863170794,0
-71.87648853627579,0
-69.80727871916645,0
-72.39171405353994,0
-61.878147600396396,0
-71.92144417232885,0
-60.33379887521979,0
-67.22571537591635,0
-68.1137454280023,0
-67.69002955874613,0
-69.62052949938206,0
-64.38979096170743,0
-68.19872280065918,0
-42.08581598325255,0
-59.292331132723845,0
-64.81390911649459,0
-70.8299733426308,0
-59.53161296995763,0
-67.69264825305964,0
-67.94033121935496,0
-67.968679174991,0
-73.98023820585824,0
-69.61102427212566,0
-69.85085331728936,0
-66.45096454600271,0
-67.95035425040498,0
-64.55221974286114,0
-59.292331132723845,0
-70.51577536608656,0
-67.18699444733669,0
-66.9904107029484,0
-51.75692098282057,0
-65.39643758827344,0
-69.13506402294341,0
-67.66093851569362,0
-69.93604776614845,0
-72.39171405353994,0
-68.61615550689912,0
-72.39171405353994,0
-70.8299733426308,0
-67.445519895181,0
-64.86734807865015,0
-67.5124709792428,0
-59.292331132723845,0
-72.94286937466453,0
-68.97383561287276,0
-72.39171405353994,0
-59.90891205286456,0
-70.8299733426308,0
-64.67064824557029,0
-66.36343069197045,0
-40.44925959719621,0
-64.95047429101088,0
-59.292331132723845,0
-66.12530543488856,0
-69.63890610370117,0
-53.59043761301556,0
-67.62878907500603,0
-65.03833712530928,0
-66.05596860661409,0
-65.6350752535552,0
-65.98048937433931,0
-72.39171405353994,0
-52.64457570921487,0
-67.401778885269,0
-65.90763989724265,0
-66.62460945435295,0
-65.98122689084857,0
-66.08022961649569,0
-72.5676107851648,0
-67.21664258491258,0
-69.28835893712701,0
-40.140162272792686,0
-63.7887102383246,0
-69.63411495914357,0
-66.154972507358,0
-72.39171405353994,0
-66.71535380609677,0
-50.82479442108702,0
-71.89168197546189,0
-70.80059311470758,0
-65.39561067497056,0
-62.78209454616676,0
-72.39171405353994,0
-64.32391999665671,0
-58.652050298388446,0
-72.39171405353994,0
-49.376328689384096,0
-72.39171405353994,0
-67.85602523933191,0
-72.4184974949491,0
-64.35191388328771,0
-66.18118022951035,0
-68.3482725970224,0
-70.12413648580232,0
-62.34010468646379,0
-64.63103492059896,0
-67.94033121935496,0
-72.39171405353994,0
-61.940758973985844,0
-63.05306897437475,0
-64.34094132881769,0
-72.39171405353994,0
-66.38341534715398,0
-70.8299733426308,0
-66.71731805646293,0
-72.31930284782865,0
-68.3794007571,0
-72.39171405353994,0
-70.8299733426308,0
-70.9437453335447,0
-69.86518363158373,0
-64.41010621086664,0
-61.89924231477931,0
-66.99179094577909,0
-70.2196744453604,0
-68.3482725970224,0
-70.51577536608656,0
-70.10441999416756,0
-62.83544439826045,0
-51.98610702268057,0
-38.94033994577071,0
-72.39171405353994,0
-67.05553275916407,0
-59.135751012055856,0
-66.68154416942102,0
-38.510494313324635,0
-67.62878907500603,0
-66.8423143684802,0
-65.06264884295338,0
-67.91588666447262,0
-65.24792549535941,0
-61.73289809997994,0
-66.50252295910643,0
-56.3799767695225,0
-62.8574197792705,0
-59.292331132723845,0
-67.03831892284323,0
-42.68254032289615,0
-67.87755773193149,0
-61.62867439483009,0
-69.41667508519916,0
-72.39171405353994,0
-68.59588276813966,0
-72.39171405353994,0
-72.39171405353994,0
-72.39171405353994,0
-66.36602336142143,0
-48.31924158445805,0
-59.292331132723845,0
-67.968679174991,0
-66.83182317820543,0
-63.86270256895105,0
-66.03994797701925,0
-70.64140452708153,0
-61.30496013601971,0
-66.27169305864619,0
-72.14193622070587,0
-53.447223640714434,0
-59.248038835077786,0
-58.65654158424709,0
-70.8299733426308,0
-56.45279103594071,0
-64.8422793725796,0
-60.91277997706888,0
-71.19353110894065,0
-70.21935367551,0
-63.308454076505384,0
-68.78705417170173,0
-63.66147143393235,0
-72.39171405353994,0
-64.14406108195416,0
-59.292331132723845,0
-69.63411495914357,0
-68.8848587553615,0
-20.583123380648217,0
-59.292331132723845,0
-67.86893893283465,0
-62.34010468646379,0
-70.13969836953814,0
-64.27063184545311,0
-64.57886722600611,0
-43.59109627097772,0
-48.975294902274406,0
-64.43156918925958,0
-63.677033317668176,0
-56.44612298031725,0
-69.64405261630992,0
-68.27011508717949,0
-68.95403465517741,0
-67.86893893283465,0
-59.721378919892224,0
-71.73268664063733,0
-73.98023820585824,0
-59.292331132723845,0
-68.56513052804692,0
-70.8299733426308,0
-63.1522639483658,0
-68.68910467938446,0
-72.5676107851648,0
-67.37772401997884,0
-64.27092239372605,0
-70.21485206019105,0
-70.16238200877177,0
-61.25488214556203,0
-67.92690094743887,0
-70.93524728982102,0
-67.77755245723225,0
-71.98780359741357,0
-61.18943270318231,0
-58.97948743270903,0
-50.48400113783288,0
-69.19052978591517,0
-68.783368155522,0
-66.38035367571582,0
-71.17715744310263,0
-69.63457103625103,0
-70.60315720660859,0
-62.856620892601924,0
-66.00902768972105,0
-72.85065175491131,0
-65.5688469031938,0
-73.98023820585824,0
-72.04400891672492,0
-59.292331132723845,0
-70.60315720660859,0
-74.37531718363545,0
-64.64927727121623,0
-69.24240614800115,0
-59.292331132723845,0
-61.88797629937181,0
-68.13577479719928,0
-66.36343069197045,0
-61.899393442477354,0
-68.36655379146141,0
-63.453625742581096,0
-60.81608236543679,0
-67.38577655604794,0
-61.866270192538444,0
-70.51577536608656,0
-71.43496266277971,0
-36.87689604015903,0
-62.34010468646379,0
-64.70642867889565,0
-45.25411631164516,0
-70.1961513284325,0
-71.38112866375538,0
-69.31593651831835,0
-69.94830009053328,0
-71.35486412435041,0
-71.97224171367773,0
-70.15231208447153,0
-47.62047487979512,0
-73.47335314300652,0
-65.74933988025299,0
-58.941252613041634,0
-70.13969836953814,0
-70.17307383263892,0
-67.62878907500603,0
-61.678408440633675,0
-61.818947544373565,0
-69.68216869921031,0
-40.370586295997946,0
-62.86112250792088,0
-65.95816461456887,0
-64.43393563063911,0
-47.46003293158257,0
-73.98023820585824,0
-65.34251797074084,0
-73.98023820585824,0
-69.50472776245938,0
-72.47909589406197,0
-44.7233504171274,0
-65.35197769201304,0
-70.8299733426308,0
-66.96618140245215,0
-70.16300390833868,0
-70.97550609797374,0
-70.89849594222945,0
-68.68044398705712,0
-71.61889682959284,0
-65.97314445174885,0
-70.8299733426308,0
-54.28129997517981,0
-67.58991440006288,0
-59.292331132723845,0
-40.370586295997946,0
-69.41817054889066,0
-62.96305723210163,0
-72.47909589406197,0
-69.2906217218966,0
-64.55165638312278,0
-68.69522632011902,0
-67.86199584819568,0
-70.19132894326319,0
-59.292331132723845,0
-68.90649343549615,0
-72.39171405353994,0
-69.25293941457855,0
-68.54661181383263,0
-67.87755773193149,0
-67.22116544680584,0
-72.39171405353994,0
-71.2523562484366,0
-72.39171405353994,0
-45.08870384422869,0
-71.88643034486526,0
-66.7056359282214,0
-73.98023820585824,0
-65.35252004705437,0
-61.900737778470805,0
-71.88168672861764,0
-65.98048937433931,0
-70.69167209771145,0
-70.8299733426308,0
-59.55993719744016,0
-66.16593637181401,0
-68.66488210332128,0
-65.35197769201304,0
-72.39171405353994,0
-62.88614108854024,0
-61.870995540651116,0
-76.07114567980364,0
-63.91502604099696,0
-68.76353303967386,0
-74.34696922799941,0
-67.06078712311304,0
-72.39171405353994,0
-43.92693759877878,0
-65.83766321550289,0
-62.990115132828805,0
-53.55382671859434,0
-54.61344361194256,0
-68.70669245720666,0
-66.30451070999598,0
-66.57405208773969,0
-59.292331132723845,0
-74.34696922799941,0
-45.43354733549427,0
-61.190665567764505,0
-70.16750552365764,0
-65.94899265034654,0
-69.22382228243353,0
-70.2196744453604,0
-66.73569610813752,0
-66.6553610925618,0
-47.548337167286604,0
-55.23179729539327,0
-68.86772963323247,0
-72.39171405353994,0
-46.74699281155399,0
-72.39171405353994,0
-65.12392688888575,0
-74.37531718363545,0
-71.88168672861764,0
-70.45726928530283,0
-63.08190660905858,0
-62.856620892601924,0
-73.98023820585824,0
-60.7366139998497,0
-65.24619833533946,0
-36.34258835983754,0
-70.07750952401472,0
-64.65239759632331,0
-65.18665554872833,0
-62.00467401926577,0
-69.29661880090703,0
-72.1646114127183,0
-68.84747233641349,0
-61.151739091586414,0
-64.42321493806972,0
-60.75670923028079,0
-64.52995027628941,0
-56.939964554725364,0
-48.83155439358778,0
-69.17284694595637,0
-59.292331132723845,0
-60.39890665140547,0
-72.39171405353994,0
-70.10404507764068,0
-38.895715636803274,0
-72.39171405353994,0
-69.63411495914357,0
-72.39171405353994,0
-68.06957435594472,0
-64.81316317496706,0
-64.22638463634095,0
-68.88051711346577,0
-63.28803516543874,0
-69.56439731033805,0
-72.96788795528389,0
-59.292331132723845,0
-68.31198800099551,0
-58.64647165994685,0
-49.78515104919653,0
-53.72788576863978,0
-72.39171405353994,0
-69.13483353420787,0
-67.8808163406926,0
-68.61627146997942,0
-64.31961556236959,0
-71.13232396964483,0
-71.00795709083695,0
-62.34010468646379,0
-59.292331132723845,0
-72.39171405353994,0
-72.39171405353994,0
-70.41050100276858,0
-67.93033734700882,0
-72.4184974949491,0
-25.336672002787807,0
-64.41645053798118,0
-76.04075296778802,0
-64.3322496743985,0
-59.292331132723845,0
-66.43394976653657,0
-64.81608243854404,0
-69.7136173936781,0
-71.88168672861764,0
-70.10894304661622,0
-65.17607429553166,0
-72.47909589406197,0
-66.46838130618887,0
-67.34395383791842,0
-65.0628687434438,0
-60.59631108523798,0
-54.928907893069336,0
-71.84505501367428,0
-62.84002779353797,0
-68.68387773370199,0
-66.02601049347555,0
-34.8859539243446,0
-65.91364881330489,0
-67.86893893283465,0
-67.83530935061437,0
-37.76850899450979,0
-60.41594683156925,0
-43.23728510516893,0
-55.86098753805451,0
-70.15091587168413,0
-60.616029937582866,0
-65.98910817343616,0
-69.19052978591517,0
-72.39171405353994,0
-72.93160335925702,0
-68.7874560868255,0
-70.8299733426308,0
-66.97656755232136,0
-68.13342865907914,0
-59.292331132723845,0
-59.292331132723845,0
-67.97387736733288,0
-72.39171405353994,0
-66.96700821044752,0
-68.71707570200047,0
-62.85435810783234,0
-71.3582914109478,0
-45.55785731096423,0
-66.88815030469637,0
-67.30366201232394,0
-72.47909589406197,0
-60.26620054908815,0
-66.46713571722715,0
-50.91638363123329,0
-64.81316317496706,0
-53.447223640714434,0
-38.99506501703793,0
-66.84589370903967,0
-68.53269683455096,0
-65.72546988095444,0
-69.13023918423524,0
-67.8808163406926,0
-72.39171405353994,0
-62.9142476095566,0
-61.900737778470805,0
-74.62355192580625,0
-70.49228311276644,0
-63.05876897130017,0
-64.35301632898138,0
-59.292331132723845,0
-64.8741124787387,0
-70.8299733426308,0
-72.01956436184261,0
-72.39171405353994,0
-61.3926740126737,0
-66.86240577664185,0
-60.9006356403842,0
-58.73577436352672,0
-59.292331132723845,0
-70.13244324283255,0
-59.91767296342851,0
-72.5676107851648,0
-62.83935623285463,0
-74.04934168762438,0
-62.37231204412242,0
-63.27312748797481,0
-64.33744786674036,0
-72.94286937466453,0
-66.21591420412733,0
-39.09614705516514,0
-72.39171405353994,0
-68.38566806549399,0
-70.14001913938853,0
-74.38051537597732,0
-68.56920199190704,0
-74.38051537597732,0
-64.87881021795195,0
-67.90231630479963,0
-70.46252091589946,0
-67.02087969056869,0
-65.40352353188304,0
-72.39171405353994,0
-70.8299733426308,0
-68.74760643539247,0
-62.72781011678995,0
-70.16324513366351,0
-68.34760614699277,0
-70.10441999416756,0
-70.9573210817254,0
-66.0920125427973,0
-58.488885850650185,0
-61.751056493076234,0
-66.0518253848772,0
-70.48335172626629,0
-46.60964456555822,0
-66.67946799017736,0
-71.853137452774,0
-59.292331132723845,0
-72.39171405353994,0
-64.25903792424484,0
-70.03890290084871,0
-66.16919498057511,0
-65.91094945659366,0
-72.39171405353994,0
-72.39171405353994,0
-66.095465514528,0
-72.96268976294203,0
-71.44172706286825,0
-70.51577536608656,0
-57.664525235281744,0
-68.89398168646576,0
-34.8859539243446,0
-67.94033121935496,0
-59.292331132723845,0
-58.67751869832536,0
-73.98023820585824,0
-65.10946405055151,0
-72.39171405353994,0
-61.88797629937181,0
-64.85175828580746,0
-69.22552995311906,0
-72.39171405353994,0
-67.02199282164577,0
-72.39171405353994,0
-69.532816253174,0
-68.89729124581675,0
-72.39171405353994,0
-66.00947165895377,0
-69.8567545924862,0
-70.16424843988477,0
-71.55761878366047,0
-68.27864265453805,0
-61.89924231477931,0
-66.96700821044752,0
-70.47109940188146,0
-68.25918867573218,0
-70.60315720660859,0
-70.15104695595517,0
-60.027101139812174,0
-64.90097499268431,0
-72.5676107851648,0
-72.39171405353994,0
-70.15768027177268,0
-67.99552009714719,0
-67.93363523671711,0
-72.39171405353994,0
-66.86762696670661,0
-72.5676107851648,0
-69.9638988269681,0
-72.39171405353994,0
-52.170679544949934,0
-72.39171405353994,0
-66.62528320709472,0
-70.51577536608656,0
-68.50297364154564,0
-67.25613178010981,0
-72.39171405353994,0
-41.077845663206844,0
-71.87159056730025,0
-56.903679958698504,0
-72.47909589406197,0
-72.5676107851648,0
-72.39171405353994,0
-65.48740196003912,0
-59.99033150508506,0
-68.24295924599727,0
-70.51577536608656,0
-55.84567368853516,0
-71.36986264834788,0
-69.50472776245938,0
-68.4792053278091,0
-74.62812554709458,0
-53.28362874443312,0
-70.20935842866578,0
-66.23047302650748,0
-38.06476698217903,0
-74.28745434933705,0
-72.39171405353994,0
-72.39171405353994,0
-62.633075405759165,0
-53.82888680592675,0
-66.29386337554817,0
-66.4466658838059,0
-61.30183337570968,0
-39.602187283464026,0
-67.94515605806313,0
-58.27249399122398,0
-67.51738913173062,0
-59.292331132723845,0
-70.15935371298539,0
-38.47155124518877,0
-64.29566963918822,0
-64.79810239203407,0
-73.98023820585824,0
-59.292331132723845,0
-72.39171405353994,0
-72.39171405353994,0
-49.95993738756249,0
-57.40243916044856,0
-68.86772963323247,0
-70.66299285915511,0
-64.77185911835132,0
-64.02925093730123,0
-67.92690094743887,0
-67.93759277130602,0
-72.39171405353994,0
-59.292331132723845,0
-70.8299733426308,0
-70.10441999416756,0
-72.39171405353994,0
-66.55321716783264,0
-66.54037331538093,0
-70.14920359679454,0
-72.39171405353994,0
-62.68839071965499,0
-67.09279924209451,0
-64.79521370730556,0
-66.10847111049978,0
-72.39171405353994,0
-64.82610546959408,0
-66.0920125427973,0
-68.48546688024024,0
-65.97108902287182,0
-47.59594691826848,0
-73.98023820585824,0
-71.06646847336853,0
-72.39171405353994,0
-59.292331132723845,0
-67.88412590004359,0
-64.34294149826563,0
-64.24708568457251,0
-66.38341534715398,0
-64.81316317496706,0
-69.25036543846167,0
-64.22556634760315,0
-64.76066848576977,0
-72.39171405353994,0
-74.53961065599175,0
-41.15556882937244,0
-59.18207485998452,0
-23.05176517481353,0
-43.01561930665569,0
-69.50068836098306,0
-69.22524834867599,0
-74.34696922799941,0
-67.7732834329424,0
-70.1408459473839,0
-54.38624329844399,0
-68.70179448823112,0
-59.831680623703164,0
-72.39171405353994,0
-72.39171405353994,0
-65.27713425871873,0
-66.18532288882749,0
-51.75692098282057,0
-65.56905580204423,0
-72.39171405353994,0
-71.00587007425565,0
-72.39171405353994,0
-62.856620892601924,0
-59.39509682943994,0
-67.41764888957425,0
-67.86893893283465,0
-61.884048875593216,0
-68.4327009673494,0
-54.098378011927295,0
-61.89553958612894,0
-43.139204521538566,0
-66.75737881793684,0
-72.35444858229222,0
-59.292331132723845,0
-61.73289809997994,0
-66.95711781085714,0
-70.91858762876761,0
-65.49705065701603,0
-70.8299733426308,0
-67.94033121935496,0
-70.8299733426308,0
-68.27654541810234,0
-66.83932554092758,0
-68.39779001023877,0
-60.01203761191842,0
-70.05475741405674,0
-72.4184974949491,0
-70.16324513366351,0
-65.67387885539388,0
-71.29426572523754,0
-69.50472776245938,0
-72.4184974949491,0
-70.9437453335447,0
-68.71258670436697,0
-72.39171405353994,0
-59.192171021301924,0
-65.88323590116163,0
-68.45460182564504,0
-69.40991068511062,0
-69.64706505300802,0
-67.94885878671352,0
-66.9891661714023,0
-66.4136331514767,0
-68.81000216019203,0
-72.47909589406197,0
-63.20652669004217,0
-44.26593897839049,0
-72.39171405353994,0
-68.23639107788517,0
-59.292331132723845,0
-72.39171405353994,0
-45.12478860244256,0
-74.65851825911022,0
-59.292331132723845,0
-72.39171405353994,0
-62.78082773751514,0
-59.292331132723845,0
-62.65987511260631,0
-72.39171405353994,0
-51.871930428650906,0
-59.292331132723845,0
-25.336672002787807,0
-68.05398456310203,0
-64.99605582953718,0
-61.245711806127794,0
-70.90700136768743,0
-62.33957069577996,0
-74.35699225904943,0
-68.90182077024255,0
-59.292331132723845,0
-68.39084692559979,0
-64.39729783851746,0
-68.71258670436697,0
-50.508066207597075,0
-47.56572915301915,0
-58.652050298388446,0
-46.387022022762714,0
-69.13876675159379,0
-69.04301241409802,0
-66.90576577344815,0
-70.28754381258116,0
-70.14433930616259,0
-66.23723742659602,0
-59.49358670579594,0
-71.62115961436243,0
-72.39171405353994,0
-64.86861884721341,0
-72.5676107851648,0
-54.68101535517968,0
-65.99859031132968,0
-68.91853023182415,0
-70.12445725565269,0
-68.25670058266317,0
-54.47597050097896,0
-26.109894471032895,0
-69.89980674023661,0
-70.13094848617027,0
-71.87159056730025,0
-72.39171405353994,0
-66.40146510704444,0
-72.39171405353994,0
-70.8299733426308,0
-70.8299733426308,0
-21.68082339367995,0
-55.35810093204534,0
-66.13920959382521,0
-74.38051537597732,0
-59.292331132723845,0
-72.39171405353994,0
-70.15231208447153,0
-63.58449848720939,0
-61.27731799186599,0
-61.81237937626147,0
-57.10773598284664,0
-70.2529627006456,0
-67.87183251319506,0
-71.3582914109478,0
-67.91193305416309,0
-39.388483900838054,0
-69.66450767115919,0
-67.93274660972372,0
-72.39171405353994,0
-65.78729904010503,0
-72.39171405353994,0
-61.2537948749381,0
-61.892477914690765,0
-37.58425827378915,0
-63.61489119922501,0
-70.14105170911094,0
-70.57186661736915,0
-68.71168488782149,0
-68.30276327385509,0
-59.292331132723845,0
-70.5599892095112,0
-71.87966594477672,0
-69.86068201626478,0
-72.39171405353994,0
-69.06690233707342,0
-69.49774592939399,0
-66.7804797107645,0
-68.50648911239864,0
-72.39171405353994,0
-67.50163067411954,0
-61.92426089539868,0
-64.66065746010335,0
-59.292331132723845,0
-68.22315443468526,0
-72.05403194777497,0
-65.62681538977516,0
-68.3704047835933,0
-67.53657105203862,0
-70.13585351676906,0
-62.88614108854024,0
-67.94885878671352,0
-64.39118717449483,0
-69.6343298109262,0
-63.93136967938101,0
-59.292331132723845,0
-67.94885878671352,0
-65.03737926771146,0
-62.835938429755856,0
-62.4377560979064,0
-71.86501486063196,0
-68.72408331846461,0
-68.27493992588767,0
-72.39171405353994,0
-70.13095554779352,0
-63.92410000738535,0
-68.98704271310604,0
-73.98023820585824,0
-60.3329999885512,0
-59.292331132723845,0
-66.00775538285129,0
-72.39171405353994,0
-65.72720982840508,0
-59.292331132723845,0
-61.890714747420766,0
-74.35699225904943,0
-68.67095386951489,0
-66.68324027340363,0
-67.8099192818695,0
-72.39171405353994,0
-69.80727871916645,0
-73.59377247228073,0
-69.7072086365914,0
-67.86856401630777,0
-43.03902027416832,0
-71.88643034486526,0
-72.77266137006588,0
-64.3087265574706,0
-67.99278164909825,0
-68.86772963323247,0
-58.941252613041634,0
-67.99056861835976,0
-67.968679174991,0
-40.94950316633365,0
-72.39171405353994,0
-59.292331132723845,0
-69.80724305410922,0
-72.39171405353994,0
-64.65066222811905,0
-72.39171405353994,0
-64.39868668842931,0
-67.4764740290702,0
-64.52774643055626,0
-70.10404507764068,0
-69.1713514822649,0
-72.39171405353994,0
-67.94033121935496,0
-67.62878907500603,0
-64.28557347787081,0
-66.27491580086762,0
-63.955300699170245,0
-70.9790866328465,0
-63.744631643799806,0
-65.74603032090201,0
-40.7042331934583,0
-62.616155066025804,0
-64.65617526092089,0
-62.55964502468735,0
-68.75037648764524,0
-66.25705781487353,0
-66.87553737238025,0
-65.24945694410057,0
-67.86856401630777,0
-64.3302615935298,0
-70.8299733426308,0
-67.2615566516038,0
-58.541502871258125,0
-60.91277997706888,0
-66.74647794669774,0
-39.47500283096053,0
-72.39171405353994,0
-67.20625898751787,0
-35.94299593278089,0
-65.33879928003579,0
-65.3571758843549,0
-72.39171405353994,0
-70.51577536608656,0
-63.566414730174905,0
-66.81119765500972,0
-62.98463796944179,0
-64.81316317496706,0
-50.08715557773378,0
-70.13094848617027,0
-65.39793305196491,0
-64.62618987417099,0
-60.32623558846266,0
-66.63279203452831,0
-68.74665122112543,0
-68.69141765694724,0
-60.92251187558926,0
-48.414144934445936,0
-68.1176759100259,0
-36.44383171353722,0
-67.37442675100831,0
-72.39171405353994,0
-59.292331132723845,0
-65.23720461971574,0
-65.20837100036812,0
-72.39171405353994,0
-62.48931799738722,0
-62.716738675291055,0
-50.550118466085,0
-70.19583055858214,0
-66.0702965576128,0
-67.15193118517992,0
-70.8299733426308,0
-68.06170269885516,0
-68.88816831471252,0
-67.78122252687206,0
-45.1132237926223,0
-66.30857215614604,0
-70.13626478753937,0
-72.39171405353994,0
-65.65962065933725,0
-71.84178886635698,0
-50.978864505903836,0
-72.39171405353994,0
-66.02264632327805,0
-64.8441985620709,0
-68.78705417170173,0
-66.0744155629516,0
-64.02925093730123,0
-63.21688280753072,0
-70.6427066836284,0
-70.54255880749571,0
-70.12494562380576,0
-68.83889510936453,0
-70.16750552365764,0
-64.25184432023094,0
-68.72615099555574,0
-68.71258670436697,0
-72.39171405353994,0
-62.34010468646379,0
-60.33750160387016,0
-67.88412590004359,0
-70.15231208447153,0
-69.33366870081856,0
-70.51577536608656,0
-61.866270192538444,0
-66.18001878947541,0
-39.541377360959174,0
-70.18063711939604,0
-59.292331132723845,0
-64.81316317496706,0
-66.89105158141672,0
-64.4585495353837,0
-64.36983063781682,0
-68.57138878926,0
-69.68911178384928,0
-64.856656254783,0
-74.32252467311707,0
-63.99964042014679,0
-63.96379145265026,0
-72.39171405353994,0
-59.292331132723845,0
-72.93836775934557,0
-59.292331132723845,0
-61.92426089539868,0
-70.8299733426308,0
-59.292331132723845,0
-67.79153854356667,0
-70.8299733426308,0
-68.7117878176984,0
-68.84546327747663,0
-70.8299733426308,0
-33.93874803764239,0
-64.41023890370403,0
-58.941252613041634,0
-74.28745434933705,0
-42.40411108916877,0
-67.87755773193149,0
-28.03485144477466,0
-67.86856401630777,0
-63.25216663932433,0
-61.29567906836135,0
-62.909448814161124,0
-72.39171405353994,0
-68.45264200133326,0
-68.9318064869995,0
-73.98023820585824,0
-71.86501486063196,0
-69.59814480096782,0
-31.431229418352512,0
-61.052517815571065,0
-71.82622698262117,0
-39.916143121091174,0
-62.74421761823929,0
-64.85362795899663,0
-70.13969836953814,0
-69.12470273679595,0
-62.8574197792705,0
-70.97020900263392,0
-72.39171405353994,0
-72.39171405353994,0
-67.95035425040498,0
-59.292331132723845,0
-53.34388658821681,0
-63.13847676621469,0
-68.47141878861859,0
-65.31265921749173,0
-66.87183971518904,0
-59.292331132723845,0
-71.87966594477672,0
-42.01921593061749,0
-65.0135931938733,0
-63.47779815375034,0
-70.51577536608656,0
-66.95802415243749,0
-70.15748403979623,0
-72.05253648408348,0
-67.912632235108,0
-58.941252613041634,0
-72.47909589406197,0
-48.33385695928281,0
-53.24657963971177,0
-61.40226463649153,0
-68.20957680632814,0
-70.17789621780827,0
-66.57117679757779,0
-59.292331132723845,0
-36.92584826157519,0
-68.62942649449951,0
-72.39171405353994,0
-58.941252613041634,0
-68.68713634246308,0
-52.42330813969199,0
-67.00475010937531,0
-66.24805453064332,0
-65.80375633216468,0
-71.92144417232885,0
-71.2054085167986,0
-67.02199282164577,0
-67.94885878671352,0
-51.75692098282057,0
-66.09729194676751,0
-67.5287629627743,0
-67.2743180804286,0
-68.8674327317396,0
-65.33731977839899,0
-67.8808163406926,0
-66.7094449758646,0
-64.39180420699218,0
-50.14318035555832,0
-50.410744157409084,0
-65.9028559103031,0
-43.113868306757546,0
-67.25430049678185,0
-50.415526771712486,0
-74.32036054410605,0
-72.39171405353994,0
-62.36684368430028,0
-62.60186648469692,0
-64.81316317496706,0
-65.24792549535941,0
-63.20732641311875,0
-58.775289284905824,0
-67.29847660727108,0
-70.1933587485633,0
-72.47909589406197,0
-64.30598565588284,0
-67.5292709955103,0
-68.48084358969773,0
-65.24032998929559,0
-59.292331132723845,0
-71.84505501367428,0
-73.98023820585824,0
-63.566414730174905,0
-64.81316317496706,0
-68.38298194220562,0
-71.06646847336853,0
-66.6581556023309,0
-52.28654335862578,0
-69.32419638209839,0
-68.7669902688701,0
-71.35301263120519,0
-72.85584994725316,0
-52.253839515058395,0
-66.92256068552445,0
-61.878147600396396,0
-67.94435717139456,0
-70.20413731561237,0
-59.412177094150884,0
-68.10130721126691,0
-71.89998873249212,0
-56.41563381638173,0
-67.03517279784568,0
-55.45424700637333,0
-73.98023820585824,0
-61.892477914690765,0
-72.39171405353994,0
-71.39616563107099,0
-72.39171405353994,0
-55.040869415143455,0
-39.44998425034116,0
-33.78516164794783,0
-59.47786028735988,0
-59.41894149423943,0
-58.341240967576034,0
-67.87755773193149,0
-71.87966594477672,0
-68.68498017939567,0
-68.78705417170173,0
-71.00587007425565,0
-67.91588666447262,0
-63.02037689992746,0
-69.50472776245938,0
-59.796964833642065,0
-64.48527000422602,0
-67.86856401630777,0
-70.8299733426308,0
-64.93021169622617,0
-72.39171405353994,0
-63.774028128034914,0
-55.24843200958599,0
-65.1770191000355,0
-67.56616732881302,0
-70.8299733426308,0
-72.39171405353994,0
-33.6578343425527,0
-68.45561788232848,0
-57.91099921183753,0
-68.56320491289661,0
-69.2906217218966,0
-47.32682859115285,0
-64.55878791097324,0
-72.5676107851648,0
-67.37442675100831,0
-72.39171405353994,0
-72.5676107851648,0
-67.62878907500603,0
-73.98023820585824,0
-71.86959602047648,0
-70.16914640886031,0
-68.790820239884,0
-59.292331132723845,0
-70.51577536608656,0
-61.62798333906925,0
-66.66252929837925,0
-68.37755564827364,0
-70.46453123376936,0
-66.92259848068908,0
-72.39171405353994,0
-67.97387736733288,0
-64.97385470937938,0
-39.88580326958827,0
-44.82442013693067,0
-70.8299733426308,0
-72.39171405353994,0
-53.841980031097016,0
-68.12977771818882,0
-68.27414103921909,0
-57.26656620428927,0
-63.400535754273626,0
-70.17581228068786,0
-71.3582914109478,0
-72.81877466506818,0
-70.1961513284325,0
-72.47909589406197,0
-74.34423077995046,0
-70.91735518315282,0
-61.878147600396396,0
-70.13519675421918,0
-67.84326061592026,0
-70.8299733426308,0
-69.66450767115919,0
-25.336672002787807,0
-65.99768545855105,0
-70.03890290084871,0
-51.44239765048516,0
-20.583123380648217,0
-39.86868374050041,0
-65.98492647858745,0
-67.94515605806313,0
-72.5676107851648,0
-71.853137452774,0
-67.08127765870316,0
-51.56664149440009,0
-59.292331132723845,0
-62.845929068734776,0
-72.39171405353994,0
-54.963889978653576,0
-64.5210952143604,0
-42.064796306623634,0
-68.59272510883493,0
-73.98023820585824,0
-70.8299733426308,0
-62.34010468646379,0
-60.018802012006965,0
-45.56788034201427,0
-72.39171405353994,0
-73.98023820585824,0
-61.32318886511688,0
-59.336580171040545,0
-70.6561986098257,0
-59.292331132723845,0
-65.95366299924991,0
-67.8808163406926,0
-73.98023820585824,0
-59.292331132723845,0
-72.39171405353994,0
-58.76502016146141,0
-70.14800512656836,0
-61.75760798007684,0
-65.99407943238432,0
-57.10710916034199,0
-61.49601425031743,0
-72.39171405353994,0
-71.30982760897338,0
-33.93874803764239,0
-63.58449848720939,0
-67.94515605806313,0
-72.4184974949491,0
-63.8504937377852,0
-59.292331132723845,0
-63.54100631034292,0
-75.46196910831779,0
-72.39171405353994,0
-64.52236694580108,0
-66.46189491018177,0
-72.39171405353994,0
-72.39171405353994,0
-73.98023820585824,0
-67.98380421827122,0
-60.964089106084586,0
-71.84178886635698,0
-61.892477914690765,0
-74.57000336800736,0
-67.77605811266389,0
-66.6880651121118,0
-71.86501486063196,0
-72.39171405353994,0
-62.789821453138885,0
-48.66095189694589,0
-31.39573911953276,0
-69.19052978591517,0
-57.9064627217937,0
-69.63067961557292,0
-68.80173432947899,0
-51.853365848342,0
-70.9790866328465,0
-72.78631203754078,0
-60.91277997706888,0
-70.51577536608656,0
-66.69188432570537,0
-72.04400891672492,0
-60.02483835504259,0
-71.98132755236978,0
-61.13909199400405,0
-64.42694915295569,0
-63.314771532642865,0
-39.56471330028636,0
-70.17123112084334,0
-66.05364482812963,0
-72.39171405353994,0
-67.62878907500603,0
-55.43304957409428,0
-59.292331132723845,0
-55.133228324730354,0
-64.94721568224978,0
-71.36180720898939,0
-67.21325846585235,0
-70.12087856187003,0
-66.6120423073286,0
-63.731052537791655,0
-47.73866462084589,0
-68.74665122112543,0
-70.1961513284325,0
-65.99589382574167,0
-72.39171405353994,0
-70.13969836953814,0
-47.63958509055548,0
-68.08716063963625,0
-68.95403465517741,0
-64.27550355357057,0
-66.99179094577909,0
-66.55284225130576,0
-61.294880181692776,0
-70.1408459473839,0
-64.91548824604422,0
-69.43357322410421,0
-66.04701071513517,0
-64.0078510600054,0
-66.06165408385263,0
-67.44049287417864,0
-64.7632768585705,0
-71.30083389334963,0
-59.75022817009136,0
-65.06021979801041,0
-63.88950537461925,0
-57.10773598284664,0
-40.72131310409878,0
-67.87755773193149,0
-69.66450767115919,0
-70.13969836953814,0
-55.09489390436805,0
-63.426132075170486,0
-72.39171405353994,0
-67.3289823667955,0
-67.39578180625857,0
-68.74356565416,0
-64.52002168144534,0
-68.8674327317396,0
-71.3582914109478,0
-74.35179406670758,0
-69.64667005083035,0
-67.8138014136968,0
-62.77400242556669,0
-67.4316050967455,0
-63.1316265544458,0
-62.670439992897556,0
-72.4184974949491,0
-60.33407672337302,0
-67.46459662121225,0
-68.1305766048574,0
-70.60315720660859,0
-42.673546607272414,0
-66.29615175601934,0
-71.59268910744049,0
-66.74775352656836,0
-65.30867493901364,0
-67.87755773193149,0
-72.39171405353994,0
-72.39171405353994,0
-70.8299733426308,0
-66.12096038078904,0
-41.8783868304895,0
-62.1268758545362,0
-72.10429951840486,0
-72.39171405353994,0
-67.73487808999788,0
-59.061824975820464,0
-65.95225125910764,0
-72.39171405353994,0
-65.28459946251081,0
-67.94209438662497,0
-70.09747690952858,0
-67.93759277130602,0
-59.53021842073931,0
-63.472712397583116,0
-68.54012391320857,0
-67.18217499898022,0
-66.05069470272235,0
-66.91795354155907,0
-68.79076564617651,0
-66.05395519853761,0
-72.2670430567329,0
-72.39171405353994,0
-70.17789621780827,0
-69.50472776245938,0
-64.40638061368094,0
-61.32610375796917,0
-69.59814480096782,0
-68.7351035039336,0
-72.96268976294203,0
-71.00587007425565,0
-63.312020863170794,0
-68.67949480759977,0
-68.95403465517741,0
-66.49022519323206,0
-62.32470159786613,0
-72.47909589406197,0
-40.93064011899818,0
-68.74488285611997,0
-69.65196302198356,0
-72.39171405353994,0
-72.39171405353994,0
-62.97964654477207,0
-64.6256191094236,0
-61.866270192538444,0
-68.3021593020201,0
-65.50161774789746,0
-61.81237937626147,0
-68.7548781029642,0
-67.968679174991,0
-64.74469015202374,0
-72.39171405353994,0
-69.63411495914357,0
-72.92177466028161,0
-72.39171405353994,0
-66.0083434264989,0
-68.71053730997573,0
-67.90820729516088,0
-65.01793848396595,0
-72.04577208399493,0
-70.10404507764068,0
-62.8403186904177,0
-59.292331132723845,0
-66.76879276825233,0
-70.19269409923629,0
-65.35876666554965,0
-67.95035425040498,0
-65.30867493901364,0
-57.26656620428927,0
-66.2774021380527,0
-65.43031669311544,0
-59.411407288663106,0
-72.90773312341264,0
-72.39171405353994,0
-70.13519675421918,0
-70.11414123895807,0
-68.6398029731825,0
-70.8299733426308,0
-72.10429951840486,0
-64.66286891662517,0
-70.51577536608656,0
-65.30867493901364,0
-72.47909589406197,0
-73.98023820585824,0
-45.104055419332525,0
-63.759136566101844,0
-64.13246461186868,0
-64.2772930348691,0
-70.19926226734839,0
-59.44894522728766,0
-33.39460517279479,0
-61.6448930411158,0
-72.39171405353994,0
-66.83932554092758,0
-72.94286937466453,0
-60.36252018448953,0
-70.11963487048337,0
-72.47909589406197,0
-66.38711807580437,0
-72.39171405353994,0
-67.88412590004359,0
-61.454020400420745,0
-66.48633946506408,0
-70.91735518315282,0
-73.98023820585824,0
-70.73209634092125,0
-71.06646847336853,0
-64.4021202236868,0
-59.191326818487944,0
-67.95035425040498,0
-66.48733065695505,0
-64.27550355357057,0
-72.47909589406197,0
-64.87273887460724,0
-67.46897272590698,0
-67.14191927014734,0
-45.93964872473947,0
-73.98023820585824,0
-70.16424843988477,0
-69.59093286396401,0
-66.6877978605246,0
-64.2758203627016,0
-49.07933410024235,0
-72.04577208399493,0
-66.77240977699893,0
-72.5676107851648,0
-51.00291349866329,0
-72.39171405353994,0
-74.350995180039,0
-36.3741366783527,0
-35.9289295308005,0
-70.15768027177268,0
-59.292331132723845,0
-72.39171405353994,0
-69.1600854668574,0
-63.400535754273626,0
-72.39171405353994,0
-72.39171405353994,0
-72.39171405353994,0
-17.06300166184827,0
-62.34010468646379,0
-66.18571733525481,0
-66.09793867987949,0
-37.38181410844122,0
-62.73007290155953,0
-67.91588666447262,0
-64.33944217727438,0
-72.39171405353994,0
-64.83189566815854,0
-70.51577536608656,0
-62.34010468646379,0
-67.77366391613303,0
-62.65784175997446,0
-59.465445288272875,0
-66.46095579964158,0
-70.08973485811228,0
-63.22178047928005,0
-66.82616078864714,0
-70.16578116737196,0
-73.98023820585824,0
-61.89553958612894,0
-65.97197961461318,0
-67.22531346079258,0
-68.75600878876925,0
-63.13847676621469,0
-70.19583055858214,0
-61.81237937626147,0
-35.75207519293835,0
-68.60126319742953,0
-70.1727267137224,0
-72.39171405353994,0
-65.43359054488023,0
-65.19351411882242,0
-66.68333303769269,0
-71.00587007425565,0
-72.04577208399493,0
-66.53606311236821,0
-62.78082773751514,0
-69.22382228243353,0
-69.32883103083452,0
-44.00613963110513,0
-72.47909589406197,0
-64.80136100079517,0
-73.98023820585824,0
-65.24619833533946,0
-68.73019265342296,0
-69.55658318913493,0
-66.97389318769063,0
-58.941252613041634,0
-34.3027067620679,0
-68.70433962787598,0
-63.74693422810451,0
-70.17581228068786,0
-66.96620380745082,0
-68.83352527711989,0
-67.86893893283465,0
-65.1388164875223,0
-32.13484651961171,0
-73.98023820585824,0
-70.51577536608656,0
-67.17956730272756,0
-56.269395081543415,0
-68.23639107788517,0
-62.34010468646379,0
-61.73289809997994,0
-72.39171405353994,0
-68.65238924568479,0
-69.89176841994978,0
-69.3053014059666,0
-66.23389226709513,0
-70.16758020111365,0
-68.70700744978993,0
-69.63411495914357,0
-72.39171405353994,0
-70.91735518315282,0
-74.35549679535796,0
-59.292331132723845,0
-76.07114567980364,0
-64.83667251218372,0
-72.39171405353994,0
-46.07429410398754,0
-61.73669995688697,0
-70.8299733426308,0
-52.668805009711114,0
-70.12494562380576,0
-52.323501375848025,0
-62.84985649251338,0
-68.22711131509651,0
-73.98023820585824,0
-65.99300024538127,0
-74.33440208097502,0
-72.39171405353994,0
-71.46674564348761,0
-68.12575176614922,0
-68.20734159975602,0
-60.91277997706888,0
-61.834537337216254,0
-72.39171405353994,0
-67.34169105314884,0
-70.63314466330152,0
-66.46710084069764,0
-70.17789621780827,0
-67.968679174991,0
-57.10773598284664,0
-49.723150230448574,0
-54.45284365839633,0
-66.71038589740685,0
-68.14481906352597,0
-72.39171405353994,0
-55.71630995927005,0
-72.39171405353994,0
-64.37658797628211,0
-65.89167013126202,0
-72.39171405353994,0
-65.14274057055036,0
-71.17039304301409,0
-65.28084343877954,0
-68.73408407410108,0
-72.72245502966679,0
-70.14741411549599,0
-67.88423409999594,0
-68.95349656512812,0
-70.3907740813702,0
-58.941252613041634,0
-69.57759985580098,0
-69.38007291213344,0
-45.539268516324775,0
-59.513515679897985,0
-68.790820239884,0
-60.02483835504259,0
-59.292331132723845,0
-71.98780359741357,0
-59.292331132723845,0
-66.55593519911675,0
-66.8993605803021,0
-72.47909589406197,0
-68.95752251716772,0
-72.39171405353994,0
-56.31268034229457,0
-61.12697841486061,0
-61.89924231477931,0
-61.21908702660599,0
-68.94839958606346,0
-73.98023820585824,0
-72.39171405353994,0
-58.66185700775684,0
-64.2959157315826,0
-57.76710486127955,0
-64.748206520136,0
-64.33670372922543,0
-67.94515605806313,0
-70.15091587168413,0
-61.89553958612894,0
-72.39171405353994,0
-66.87562206079507,0
-43.500173029228286,0
-70.89819237331979,0
-64.75774785553217,0
-72.87156831988253,0
-59.955261181305026,0
-72.47909589406197,0
-72.39171405353994,0
-59.292331132723845,0
-60.823559286069866,0
-72.5676107851648,0
-70.04952738524585,0
-69.64754462438442,0
-67.00273910434971,0
-71.92144417232885,0
-45.49712416080058,0
-67.968679174991,0
-65.40352353188304,0
-67.93759277130602,0
-64.71500194548959,0
-69.37039686408706,0
-64.28557347787081,0
-71.06646847336853,0
-63.291879688066174,0
-58.941252613041634,0
-69.10661859559497,0
-67.92776407233058,0
-62.77400242556669,0
-62.86729987791861,0
-63.031800705319505,0
-68.7576232893973,0
-47.48241245425817,0
-72.39171405353994,0
-68.99398485514212,0
-63.38873358010174,0
-70.16238200877177,0
-68.790820239884,0
-56.808115650074285,0
-59.292331132723845,0
-71.89200274531225,0
-72.39171405353994,0
-67.62039243856981,0
-64.63161618843405,0
-67.87755773193149,0
-72.39171405353994,0
-72.47909589406197,0
-70.15935371298539,0
-72.39171405353994,0
-52.66748093363945,0
-53.764539177203005,0
-70.9790866328465,0
-67.42857032891341,0
-60.920478842904444,0
-68.86230199470013,0
-69.01569096197551,0
-42.11496362627926,0
-57.731295162165424,0
-73.98023820585824,0
-67.88412590004359,0
-70.15231208447153,0
-70.04915246871897,0
-61.2546390981324,0
-57.343679057741426,0
-59.292331132723845,0
-67.86199584819568,0
-70.08841376933519,0
-67.94435717139456,0
-71.3582914109478,0
-72.39171405353994,0
-63.40072149980862,0
-67.16768767740398,0
-71.50335766395911,0
-65.70158730563438,0
-70.8299733426308,0
-69.54570417408253,0
-72.5676107851648,0
-62.06527241837863,0
-70.15748403979623,0
-69.19052978591517,0
-69.66450767115919,0
-71.00587007425565,0
-63.93649137178743,0
-61.892477914690765,0
-68.31875240108405,0
-61.13574450754417,0
-72.01956436184261,0
-71.17313149106303,0
-67.243910539283,0
-66.84808643451949,0
-66.38861353949584,0
-66.27084792294517,0
-67.74286213201492,0
-65.52209019297939,0
-57.43072606355885,0
-68.51836652025659,0
-72.1811450515873,0
-68.43730079726006,0
-63.41499799105239,0
-72.39171405353994,0
-70.18583531173789,0
-72.40825705312258,0
-65.25731387044124,0
-62.34010468646379,0
-66.99888820181881,0
-64.67064824557029,0
-69.7003371349028,0
-65.82441076166567,0
-64.47528561639297,0
-65.41911332472571,0
-72.39171405353994,0
-66.70820374569476,0
-68.81208998637615,0
-73.98023820585824,0
-68.36326934440842,0
-60.62061558100848,0
-71.88718036014293,0
-70.19923511787822,0
-73.98023820585824,0
-73.98023820585824,0
-68.74672629229195,0
-72.39171405353994,0
-64.81316317496706,0
-72.5676107851648,0
-66.9891661714023,0
-59.292331132723845,0
-52.27095356578309,0
-51.22087424828446,0
-71.11361661240068,0
-61.818947544373565,0
-64.15650680223283,0
-72.10429951840486,0
-72.39171405353994,0
-71.06646847336853,0
-70.22766043254023,0
-65.7858259927947,0
-66.61200470543781,0
-72.39171405353994,0
-71.88718036014293,0
-72.39171405353994,0
-64.4861792710914,0
-64.20127730874565,0
-68.38539939625636,0
-70.21485206019105,0
-61.09862313726842,0
-61.606516433875306,0
-66.13087783533558,0
-67.49756874345312,0
-71.00587007425565,0
-67.59294175144419,0
-57.10773598284664,0
-68.94092941810374,0
-59.7262037586004,0
-38.037384901116724,0
-77.76492941959225,0
-67.29586332185504,0
-72.39171405353994,0
-68.10868219440218,0
-63.385528060622526,0
-59.292331132723845,0
-70.11414123895807,0
-68.62521098057893,0
-62.58268840615931,0
-69.50472776245938,0
-68.64834846445228,0
-47.18245280320872,0
-64.69010865659384,0
-25.336672002787807,0
-49.723150230448574,0
-65.35228931181459,0
-70.62864304798256,0
-65.37519849695853,0
-69.19052978591517,0
-45.20297525991158,0
-39.56471330028636,0
-67.28994903991253,0
-74.50940496889449,0
-65.4164787939972,0
-68.64834846445228,0
-64.14326762825415,0
-72.39171405353994,0
-64.86853981454027,0
-70.60315720660859,0
-70.60315720660859,0
-61.866270192538444,0
-61.900737778470805,0
-64.32424076650709,0
-48.32388019691214,0
-57.12514957813478,0
-70.51577536608656,0
-68.36692520465829,0
-55.3481875158595,0
-72.39171405353994,0
-67.66563241922864,0
-67.86856401630777,0
-59.15947613665142,0
-72.72902319777889,0
-66.78913958236588,0
-66.68121853508812,0
-68.31648961631447,0
-59.29023626813523,0
-61.682113356985646,0
-72.39171405353994,0
-70.8299733426308,0
-39.3806753311434,0
-62.83287573379266,0
-64.94688787001745,0
-68.11640033015527,0
-59.2426557653277,0
-61.649400115532195,0
-72.47909589406197,0
-56.57342755432847,0
-59.292331132723845,0
-68.15929791412717,0
-66.38284906841734,0
-72.8213823613208,0
-63.65756760650382,0
-67.87396834916356,0
-71.37260109639682,0
-72.39171405353994,0
-72.39171405353994,0
-64.81316317496706,0
-63.312020863170794,0
-49.723150230448574,0
-68.8985191354246,0
-61.09186579880313,0
-66.37859050844581,0
-60.61644120835318,0
-42.4457096375985,0
-70.21485206019105,0
-61.88797629937181,0
-61.878147600396396,0
-70.91735518315282,0
-61.88797629937181,0
-67.93759277130602,0
-59.292331132723845,0
-63.58449848720939,0
-65.30588625579746,0
-70.19264660507665,0
-67.97387736733288,0
-59.292331132723845,0
-70.16782629350803,0
-59.292331132723845,0
-59.292331132723845,0
-68.0826590243173,0
-70.8299733426308,0
-70.67006330250011,0
-70.63138149603151,0
-67.95035425040498,0
-69.7519458006017,0
-63.68029192642928,0
-67.968679174991,0
-72.39171405353994,0
-62.98121601720831,0
-72.39171405353994,0
-68.8344038184635,0
-74.28745434933705,0
-72.47909589406197,0
-68.05435947962891,0
-70.10342420350217,0
-42.53404218284877,0
-68.53093366728095,0
-67.31342048305969,0
-40.45088106640369,0
-70.16914640886031,0
-59.292331132723845,0
-70.17307383263892,0
-72.39171405353994,0
-70.1130387932644,0
-70.17289506797974,0
-72.39171405353994,0
-67.77854444984897,0
-68.85760403276419,0
-64.33744786674036,0
-59.292331132723845,0
-66.6123796219647,0
-62.34010468646379,0
-61.91906270305682,0
-74.65851825911022,0
-64.24604098051473,0
-67.89375251726264,0
-72.39171405353994,0
-66.40693846408185,0
-60.91277997706888,0
-68.6631061280885,0
-70.8299733426308,0
-58.27249399122398,0
-72.39171405353994,0
-67.94033121935496,0
-29.106402272006065,0
-70.18466061789681,0
-59.292331132723845,0
-61.72584934552126,0
-64.2681085774631,0
-57.10773598284664,0
-67.56230911075221,0
-73.98023820585824,0
-56.3799767695225,0
-70.18583531173789,0
-72.84759008347315,0
-69.19052978591517,0
-70.8299733426308,0
-71.88718036014293,0
-67.3286805929433,0
-59.292331132723845,0
-70.11414123895807,0
-39.22080325763461,0
-65.58160507164175,0
-66.80136812473384,0
-69.48235272349444,0
-70.14283295565147,0
-72.39171405353994,0
-68.12424407813799,0
-61.621101313097284,0
-62.52874507998638,0
-30.353150716798215,0
-66.12016149412047,0
-67.8808163406926,0
-72.70455596144987,0
-66.05133029924608,0
-61.21908702660599,0
-62.022757776300246,0
-72.39171405353994,0
-69.69061553752745,0
-64.28557347787081,0
-67.94033121935496,0
-66.5402588903483,0
-72.39171405353994,0
-72.39171405353994,0
-64.4021202236868,0
-66.9891661714023,0
-59.292331132723845,0
-72.39171405353994,0
-61.890714747420766,0
-71.87648853627579,0
-64.26328619229376,0
-70.8299733426308,0
-74.27520202495222,0
-66.8617482222477,0
-69.64047231144784,0
-61.866270192538444,0
-70.67767301693235,0
-44.57803966438432,0
-73.98023820585824,0
-72.39171405353994,0
-63.61489119922501,0
-59.292331132723845,0
-72.39171405353994,0
-72.39171405353994,0
-68.72508546556537,0
-66.7030802308089,0
-57.60794953476845,0
-67.94515605806313,0
-72.39171405353994,0
-64.94040733167041,0
-57.11230735268386,0
-67.97602600439389,0
-66.02714793859701,0
-67.42843639804777,0
-67.94209438662497,0
-69.2304183596525,0
-70.15935371298539,0
-66.70055719843144,0
-58.163664161022666,0
-69.39705006152352,0
-68.3021593020201,0
-66.0418861901113,0
-58.90697756074241,0
-55.97455792622719,0
-59.292331132723845,0
-68.15910536739116,0
-68.95403465517741,0
-66.70055719843144,0
-63.13847676621469,0
-66.31581702102234,0
-69.99429153898372,0
-74.35699225904943,0
-72.39171405353994,0
-60.91277997706888,0
-70.18466061789681,0
-70.66215289682647,0
-63.76815476072768,0
-70.09647511688382,0
-61.83879504336448,0
-70.8299733426308,0
-66.3071982219255,0
-65.23761749914836,0
-70.12450493035203,0
-66.68867979057349,0
-67.35317423857123,0
-70.13519675421918,0
-70.18063711939604,0
-69.62953379929905,0
-71.96567354556564,0
-71.42063234848534,0
-48.25830434868706,0
-72.87937306418105,0
-58.733286145103186,0
-72.39171405353994,0
-64.81316317496706,0
-73.98023820585824,0
-72.1811450515873,0
-56.3799767695225,0
-68.19402705819202,0
-42.009170523423386,0
-52.697813683432784,0
-65.62987706121335,0
-44.62862145487194,0
-69.40150621946114,0
-72.39171405353994,0
-61.68581260449707,0
-62.79638962125098,0
-54.08961000987205,0
-72.39171405353994,0
-64.35574987061482,0
-70.16292436381312,0
-72.39171405353994,0
-59.292331132723845,0
-61.21908702660599,0
-74.35549679535796,0
-70.16300390833868,0
-62.98974358456687,0
-71.88168672861764,0
-63.08190660905858,0
-67.91588666447262,0
-70.60315720660859,0
-66.74041859111095,0
-73.98023820585824,0
-72.39171405353994,0
-70.20416023632393,0
-70.8299733426308,0
-62.34010468646379,0
-70.8299733426308,0
-72.47909589406197,0
-54.622190215683744,0
-63.059776557210654,0
-64.66065746010335,0
-68.7200425372321,0
-66.77066244144149,0
-68.6398029731825,0
-49.763833460360466,0
-70.60315720660859,0
-72.84582691620314,0
-63.58449848720939,0
-70.8299733426308,0
-72.39171405353994,0
-61.59503892196143,0
-72.47909589406197,0
-64.5592669164219,0
-64.70881442124605,0
-66.72683696159716,0
-65.81407276692292,0
-66.88425708446009,0
-70.18583531173789,0
-62.448302975019516,0
-36.593689955600524,0
-70.15136772580556,0
-68.8741206287166,0
-72.88968908087567,0
-69.63411495914357,0
-67.86199584819568,0
-64.88692085108788,0
-66.98367253987703,0
-53.18461123771923,0
-69.21482856680981,0
-74.28419574057594,0
-67.71168461715965,0
-52.04369514342205,0
-68.87722404190566,0
-72.39171405353994,0
-68.73998534929791,0
-72.39171405353994,0
-74.38051537597732,0
-34.73479107773847,0
-69.50472776245938,0
-72.92177466028161,0
-66.07706998508542,0
-59.292331132723845,0
-70.60315720660859,0
-66.60746139360467,0
-71.06646847336853,0
-38.47155124518877,0
-64.72933071471121,0
-64.59169329020023,0
-65.34096340904681,0
-68.94939593716214,0
-70.16238200877177,0
-70.51577536608656,0
-66.8764851856868,0
-68.3036612351574,0
-70.15748403979623,0
-59.292331132723845,0
-61.09610700522879,0
-72.39171405353994,0
-75.46196910831779,0
-67.8883755127777,0
-55.470290789837705,0
-70.51577536608656,0
-62.414327369517956,0
-39.22080325763461,0
-71.87648853627579,0
-59.50743742097829,0
-69.84566042255757,0
-67.55183701451863,0
-62.41404165139889,0
-70.1858822049881,0
-67.75817627169019,0
-70.13626478753937,0
-65.40498266859437,0
-72.39171405353994,0
-70.13585351676906,0
-65.42043098653919,0
-72.39171405353994,0
-69.9638988269681,0
-70.17757544795788,0
-34.97613195197019,0
-68.22797927339343,0
-72.49937849618209,0
-62.714927978941795,0
-67.81776302985222,0
-67.13355548518113,0
-66.0920125427973,0
-70.89849594222945,0
-51.820980519746676,0
-65.93819888365152,0
-73.59377247228073,0
-71.87159056730025,0
-72.47909589406197,0
-54.05732822996852,0
-71.43802433421787,0
-72.47909589406197,0
-70.8299733426308,0
-70.51577536608656,0
-66.75298573813531,0
-63.57281669823233,0
-67.67020917046862,0
-68.0939250397248,0
-69.02019257729447,0
-65.42393570989506,0
-70.17307383263892,0
-67.93759277130602,0
-71.86501486063196,0
-70.1961513284325,0
-71.3582914109478,0
-72.77443462968283,0
-68.67978198705379,0
-70.8299733426308,0
-72.39171405353994,0
-70.94970640492332,0
-67.95035425040498,0
-56.8935304898727,0
-59.292331132723845,0
-62.35984236559051,0
-71.06646847336853,0
-72.93610497457598,0
-43.97837962800867,0
-61.89924231477931,0
-59.292331132723845,0
-59.292331132723845,0
-70.12494562380576,0
-69.32883103083452,0
-68.36326934440842,0
-65.94899265034654,0
-72.39171405353994,0
-67.84528786812129,0
-70.1408459473839,0
-63.87340119279963,0
-62.61160014319845,0
-71.87648853627579,0
-65.27517043983117,0
-70.16238200877177,0
-72.39171405353994,0
-63.13847676621469,0
-66.90209902835105,0
-69.10661859559497,0
-42.35086089244052,0
-71.00171382012608,0
-47.62047487979512,0
-72.39171405353994,0
-67.05879136792518,0
-59.81374727209881,0
-70.66299285915511,0
-65.30111405305978,0
-37.03648808505419,0
-65.99149464669955,0
-67.86052685465087,0
-68.69044590181409,0
-44.090261147145874,0
-67.91588666447262,0
-70.12450493035203,0
-72.39171405353994,0
-66.5402588903483,0
-72.39171405353994,0
-67.53878599382435,0
-70.8299733426308,0
-72.39171405353994,0
-59.292331132723845,0
-43.503364424426316,0
-42.72086925543729,0
-59.72540487193181,0
-59.292331132723845,0
-67.86730247733604,0
-68.19402705819202,0
-68.70855182669638,0
-72.85584994725316,0
-68.75453564385714,0
-65.55365993598487,0
-63.99191922507572,0
-69.33638031479342,0
-64.39461644470181,0
-59.292331132723845,0
-46.059762002514695,0
-68.9583214038363,0
-72.39171405353994,0
-70.8299733426308,0
-53.87514665740271,0
-71.19044614873208,0
-70.11629740202551,0
-67.0037377110215,0
-67.87755773193149,0
-61.21908702660599,0
-70.8299733426308,0
-55.97018095266675,0
-70.16750552365764,0
-37.97475770666268,0
-63.13847676621469,0
-60.04312401560343,0
-55.469955650661944,0
-70.8299733426308,0
-67.95035425040498,0
-70.1017321000779,0
-73.06638483618543,0
-55.91731923094214,0
-66.88094752510908,0
-59.2903093984026,0
-55.90379136085849,0
-67.21563117479229,0
-71.94889385887382,0
-68.73322094920937,0
-65.37145145321242,0
-70.54286660492865,0
-64.30465673279083,0
-70.12087856187003,0
-54.98395514979804,0
-64.96533644324292,0
-43.61368644905213,0
-71.00587007425565,0
-60.63785669258648,0
-67.88412590004359,0
-55.84381431904542,0
-61.890714747420766,0
-72.05253648408348,0
-70.1727267137224,0
-64.86403819922131,0
-71.39616563107099,0
-68.71784423852552,0
-62.928577923850966,0
-71.00587007425565,0
-59.292331132723845,0
-59.292331132723845,0
-66.40911630829119,0
-64.57908730469941,0
-66.37859050844581,0
-54.61927440574572,0
-62.958922744544594,0
-61.069853297625826,0
-72.39171405353994,0
-70.01634253655419,0
-59.292331132723845,0
-64.87931614227818,0
-43.1789478969726,0
-61.92426089539868,0
-72.39171405353994,0
-44.423055686270075,0
-72.39171405353994,0
-69.32419638209839,0
-66.06571144689372,0
-67.2571761972385,0
-65.12392688888575,0
-70.03890290084871,0
-70.1130387932644,0
-71.70159870898425,0
-62.68332822896854,0
-71.4331994955097,0
-62.34010468646379,0
-68.19872280065918,0
-73.98023820585824,0
-72.39171405353994,0
-65.33760080980963,0
-61.827941259997296,0
-61.15254583527708,0
-72.39171405353994,0
-68.21999876026777,0
-63.566414730174905,0
-38.65764573244433,0
-64.2681085774631,0
-33.78516164794783,0
-68.72821852669048,0
-66.99599565960519,0
-59.292331132723845,0
-68.86772963323247,0
-72.39171405353994,0
-53.59043761301556,0
-69.8682453030219,0
-49.754113952043475,0
-66.89986500563539,0
-67.87755773193149,0
-55.03144550993256,0
-63.02037689992746,0
-64.81316317496706,0
-70.17307383263892,0
-69.61874001808351,0
-69.4698418524525,0
-67.86199584819568,0
-59.292331132723845,0
-72.39171405353994,0
-67.968679174991,0
-65.33614102387746,0
-66.01378375051577,0
-72.05253648408348,0
-72.39171405353994,0
-64.89631558738081,0
-56.49891549083562,0
-59.292331132723845,0
-67.23892912565401,0
-64.23213451571525,0
-70.8299733426308,0
-66.41477411253241,0
-71.88168672861764,0
-66.04953361040343,0
-66.30744845781804,0
-66.06040922821818,0
-72.77266137006588,0
-68.29980046296711,0
-71.98780359741357,0
-42.75013864902779,0
-65.90489892993702,0
-70.8299733426308,0
-72.39171405353994,0
-73.98023820585824,0
-67.86893893283465,0
-67.95035425040498,0
-59.292331132723845,0
-70.97841579610831,0
-68.87260643097667,0
-61.19766268589411,0
-67.94209438662497,0
-72.90989725242366,0
-56.26533034303847,0
-48.98481027022423,0
-43.242903635519234,0
-57.01598771728247,0
-68.00706210120696,0
-70.8299733426308,0
-72.39171405353994,0
-72.39171405353994,0
-73.98023820585824,0
-66.9613590172828,0
-68.31648961631447,0
-72.39171405353994,0
-39.81185119048719,0
-61.83346508942908,0
-71.06646847336853,0
-72.39171405353994,0
-66.5684041350416,0
-67.41878676734528,0
-62.84985649251338,0
-66.65360946679344,0
-67.94033121935496,0
-72.39171405353994,0
-61.818947544373565,0
-68.6531113492819,0
-72.39171405353994,0
-60.304341803592486,0
-66.91589712117589,0
-23.05176517481353,0
-56.29380539323391,0
-66.46713571722715,0
-70.13094848617027,0
-68.95403465517741,0
-53.46609777917429,0
-72.39171405353994,0
-72.39171405353994,0
-65.73377799651718,0
-70.47952975776683,0
-71.57612580921537,0
-67.93759277130602,0
-65.00725072162429,0
-59.292331132723845,0
-73.98023820585824,0
-72.39171405353994,0
-69.47794432105023,0
-52.81864167575155,0
-68.46995267120377,0
-74.16481428033464,0
-64.363332345676,0
-66.87556008635092,0
-50.66731547479301,0
-70.92818344980888,0
-72.39171405353994,0
-68.86772963323247,0
-63.84960236837222,0
-62.34010468646379,0
-70.98037950964562,0
-39.86868374050041,0
-74.32252467311707,0
-72.84308846815419,0
-59.51887772787581,0
-72.39171405353994,0
-69.50472776245938,0
-70.12413648580232,0
-60.69871861037736,0
-58.786571486209645,0
-69.24240614800115,0
-71.00587007425565,0
-55.86547107908976,0
-72.39171405353994,0
-72.39171405353994,0
-57.10773598284664,0
-73.98023820585824,0
-67.07932104494475,0
-72.93160335925702,0
-69.62741897650572,0
-66.40419943077616,0
-61.294880181692776,0
-62.97964654477207,0
-67.86893893283465,0
-64.11678501555308,0
-62.32470159786613,0
-60.91277997706888,0
-68.21060020851714,0
-53.447223640714434,0
-63.351552952072794,0
-70.13095554779352,0
-70.51577536608656,0
-65.25707260312046,0
-70.8299733426308,0
-71.89998873249212,0
-72.39171405353994,0
-70.15104695595517,0
-69.58162613599994,0
-70.44922654836674,0
-62.414327369517956,0
-70.8299733426308,0
-49.9916913027034,0
-53.486829441700785,0
-66.7776937592541,0
-72.39171405353994,0
-68.9489154052836,0
-65.31398306292269,0
-72.39171405353994,0
-67.4623685978033,0
-66.88953188132669,0
-59.292331132723845,0
-61.64423627856592,0
-70.19926226734839,0
-70.18433984804642,0
-62.79308006189997,0
-35.30868425654809,0
-57.39587099233646,0
-69.8086852971771,0
-72.39171405353994,0
-68.56447981525886,0
-61.666719796119416,0
-60.02033673972363,0
-72.46829209249708,0
-65.93722718503777,0
-64.98048002021918,0
-68.49410551037498,0
-72.40825705312258,0
-66.66580680357761,0
-59.292331132723845,0
-53.447223640714434,0
-67.46110968802365,0
-70.8299733426308,0
-67.73594258957425,0
-68.7669902688701,0
-73.98023820585824,0
-69.19052978591517,0
-67.14522882949832,0
-69.47794432105023,0
-66.36343069197045,0
-59.292331132723845,0
-46.64455517570568,0
-65.50451914735076,0
-68.92905201024578,0
-59.292331132723845,0
-68.51006148910228,0
-60.91277997706888,0
-67.18031608223892,0
-68.36642215590084,0
-65.99535573569239,0
-68.5673933128165,0
-61.89553958612894,0
-72.39171405353994,0
-68.72408331846461,0
-72.39171405353994,0
-64.59846582209514,0
-70.60315720660859,0
-66.02786545348523,0
-67.98955281034056,0
-62.34010468646379,0
-48.31924158445805,0
-66.46532162760255,0
-67.15185239456545,0
-59.292331132723845,0
-66.75024729008636,0
-72.39171405353994,0
-56.63637510005407,0
-72.39171405353994,0
-68.86772963323247,0
-72.39171405353994,0
-65.99567634154826,0
-28.24507198206764,0
-66.18001878947541,0
-67.04551593857363,0
-69.43357322410421,0
-70.8299733426308,0
-72.39171405353994,0
-61.91906270305682,0
-68.98704271310604,0
-70.13094848617027,0
-63.312020863170794,0
-72.4184974949491,0
-58.12575007698382,0
-69.1299313868023,0
-65.05077143509543,0
-59.44326349783588,0
-72.18671982333285,0
-66.02029370512855,0
-66.10356839505651,0
-72.39171405353994,0
-67.76973181633633,0
-72.71383623056995,0
-72.39171405353994,0
-64.34744311358459,0
-68.21060020851714,0
-71.00587007425565,0
-71.06646847336853,0
-72.39171405353994,0
-68.83027631026766,0
-71.55761878366047,0
-59.292331132723845,0
-44.06275674347583,0
-60.89832088194967,0
-67.03461619419285,0
-61.676865817854754,0
-72.39171405353994,0
-68.96255542666485,0
-67.93759277130602,0
-69.87548473664015,0
-63.49865875833807,0
-54.36957896901449,0
-54.60862122677322,0
-72.39171405353994,0
-67.46598947535085,0
-62.34342124631952,0
-66.38711807580437,0
-64.9407822481973,0
-59.35540066353747,0
-61.71839795301252,0
-66.87765447346874,0
-69.65598652048433,0
-72.39171405353994,0
-64.81316317496706,0
-66.40561461460744,0
-59.292331132723845,0
-57.10773598284664,0
-64.28576970984726,0
-68.40690808524442,0
-65.04219824559955,0
-72.95468085505064,0
-63.62330630325762,0
-61.44852081350547,0
-77.76492941959225,0
-63.19690534144186,0
-63.24900138417209,0
-64.79851817943378,0
-70.46875999583855,0
-69.66450767115919,0
-69.63411495914357,0
-69.25036543846167,0
-72.39171405353994,0
-67.23905824074126,0
-67.7467549409397,0
-44.78304772634241,0
-67.62878907500603,0
-45.33832844328577,0
-59.292331132723845,0
-72.39171405353994,0
-69.73018782984728,0
-69.29661880090703,0
-59.292331132723845,0
-69.67681401797493,0
-60.25063866535232,0
-65.4757641513237,0
-63.34665785829201,0
-64.55547835162224,0
-66.06921737060975,0
-61.827941259997296,0
-63.2257824830408,0
-61.8764822652878,0
-67.39802888043278,0
-63.44103537936543,0
-64.31961556236959,0
-70.15842274849416,0
-60.823559286069866,0
-72.39171405353994,0
-65.6223137744562,0
-67.968679174991,0
-66.70438013620662,0
-68.7200425372321,0
-70.8299733426308,0
-68.55644051280807,0
-67.7747039211274,0
-65.81556823061439,0
-67.08295252084173,0
-67.94885878671352,0
-72.39171405353994,0
-49.24252068994808,0
-69.50472776245938,0
-61.866270192538444,0
-61.83450942810939,0
-60.0052784131695,0
-36.17205982748309,0
-58.941252613041634,0
-71.55262304425781,0
-62.34808819834236,0
-34.871969091987914,0
-62.86112250792088,0
-71.06646847336853,0
-59.292331132723845,0
-68.67175275618347,0
-39.38373700258157,0
-59.292331132723845,0
-70.51577536608656,0
-59.292331132723845,0
-71.06646847336853,0
-66.73569610813752,0
-76.07114567980364,0
-72.39171405353994,0
-72.39171405353994,0
-70.18466061789681,0
-63.13847676621469,0
-60.3329999885512,0
-72.39171405353994,0
-72.39171405353994,0
-65.97197961461318,0
-70.8299733426308,0
-66.46710084069764,0
-70.14283295565147,0
-72.39171405353994,0
-49.89252183932949,0
-70.12413648580232,0
-57.26656620428927,0
-66.94576922444011,0
-65.2728579116132,0
-69.6996387179094,0
-67.62878907500603,0
-60.90583383272605,0
-72.39171405353994,0
-61.78553274647897,0
-39.98052120575523,0
-71.86185396906018,0
-67.51619581574994,0
-72.39171405353994,0
-62.34010468646379,0
-72.39171405353994,0
-51.23834811080817,0
-72.39171405353994,0
-64.70051529630624,0
-70.16914640886031,0
-59.292331132723845,0
-70.12413648580232,0
-69.63411495914357,0
-64.83627539237453,0
-66.92520617694173,0
-69.33645166241064,0
-72.47909589406197,0
-72.39171405353994,0
-63.878954154137816,0
-59.292331132723845,0
-72.39171405353994,0
-66.84494046820056,0
-59.292331132723845,0
-67.39717382045295,0
-66.62372539474127,0
-58.39352047039589,0
-63.72114074510145,0
-70.15842274849416,0
-70.60315720660859,0
-70.12268283903617,0
-67.92776407233058,0
-67.12233219862713,0
-67.91588666447262,0
-70.60315720660859,0
-67.71588178589082,0
-67.89880748230598,0
-72.39171405353994,0
-71.6411146262781,0
-72.4184974949491,0
-69.7619458868599,0
-70.14773092462701,0
-41.951083919290504,0
-68.8786942500049,0
-71.92144417232885,0
-61.83450942810939,0
-64.3487273153707,0
-57.48077747291943,0
-62.76105194262807,0
-59.292331132723845,0
-66.23353469794564,0
-68.53093366728095,0
-69.50472776245938,0
-59.292331132723845,0
-59.44326349783588,0
-64.43502641845582,0
-66.65932735360269,0
-72.39171405353994,0
-43.37681075523508,0
-72.04577208399493,0
-64.97773090495117,0
-68.22718038672485,0
-62.79308006189997,0
-67.1885979049451,0
-60.77834105901936,0
-69.59546238838985,0
-40.511259311878256,0
-59.292331132723845,0
-70.5528896359787,0
-72.39171405353994,0
-70.65972945166757,0
-59.292331132723845,0
-72.85065175491131,0
-59.30215386531481,0
-68.18897696480792,0
-63.996744861348645,0
-59.292331132723845,0
-70.19132894326319,0
-66.38828260220443,0
-70.56395491957716,0
-68.77557867896755,0
-67.106575139057,0
-67.80007644385297,0
-45.175427159961274,0
-43.31495751501699,0
-59.292331132723845,0
-70.16300390833868,0
-66.69161409372126,0
-62.506154901911984,0
-65.03914243498147,0
-67.5287629627743,0
-66.8153473045182,0
-64.26914114718551,0
-65.92730046518541,0
-71.56395606307198,0
-70.13771288625881,0
-72.39171405353994,0
-60.82386794100429,0
-56.485122668400145,0
-58.941252613041634,0
-66.1812757443057,0
-40.43126749755602,0
-64.54293339776521,0
-72.39171405353994,0
-62.839164668646234,0
-68.21060020851714,0
-59.292331132723845,0
-72.47909589406197,0
-64.40179945383642,0
-64.81316317496706,0
-29.186871891173634,0
-72.39171405353994,0
-47.32882193186871,0
-62.405333653894225,0
-65.35038134849192,0
-70.8299733426308,0
-66.95064192371501,0
-59.292331132723845,0
-70.10441999416756,0
-66.11012041214447,0
-64.66400704283983,0
-67.12313108529571,0
-71.87966594477672,0
-62.8164810294126,0
-67.88412590004359,0
-26.002045932020415,0
-62.34010468646379,0
-72.4184974949491,0
-62.856620892601924,0
-72.84582691620314,0
-53.15717378077395,0
-59.998630632890254,0
-72.39171405353994,0
-64.25382751970524,0
-70.91781739699543,0
-72.39171405353994,0
-64.93321124678938,0
-71.89998873249212,0
-68.95403465517741,0
-61.827941259997296,0
-52.79928237486993,0
-72.39171405353994,0
-63.312020863170794,0
-70.64728030491673,0
-72.45846339352167,0
-72.5676107851648,0
-66.69642969023562,0
-69.69516936998829,0
-67.40028342157753,0
-67.76296741624779,0
-62.88094289619839,0
-70.51577536608656,0
-72.39171405353994,0
-65.99567634154826,0
-61.900737778470805,0
-75.46196910831779,0
-36.758441738147006,0
-72.39171405353994,0
-59.292331132723845,0
-71.46154745114576,0
-72.85584994725316,0
-59.26841565611072,0
-72.5676107851648,0
-46.074234434556224,0
-70.15446581974408,0
-67.87755773193149,0
-65.75354405838576,0
-74.28745434933705,0
-59.292331132723845,0
-61.132147918946465,0
-61.56701912407865,0
-61.92426089539868,0
-72.39171405353994,0
-64.37169005570155,0
-66.49427374159403,0
-66.68103346043605,0
-66.68553507575501,0
-56.35522529918924,0
-64.97435883574983,0
-68.56400379956519,0
-60.63248850528534,0
-69.24278106452803,0
-64.39655536179598,0
-72.39171405353994,0
-64.40125709879507,0
-64.28744315105996,0
-67.8808163406926,0
-64.32687503025001,0
-57.7498813585819,0
-72.93836775934557,0
-69.257968031737,0
-57.23798871169429,0
-64.24438684010008,0
-70.51577536608656,0
-66.9302073407043,0
-70.8299733426308,0
-67.45175888958615,0
-70.19132894326319,0
-61.59782501928125,0
-69.63411495914357,0
-67.94209438662497,0
-66.99374246417727,0
-70.28335541266124,0
-74.34689609773204,0
-61.818947544373565,0
-67.94209438662497,0
-61.892477914690765,0
-61.92426089539868,0
-59.292331132723845,0
-74.3704192146599,0
-68.72832298023383,0
-68.48084358969773,0
-70.6069369411492,0
-60.764488649578155,0
-66.62046678598016,0
-72.39171405353994,0
-59.301733274557066,0
-68.56649082028446,0
-64.363332345676,0
-65.80982934646183,0
-72.39171405353994,0
-64.36858440139859,0
-65.97273248194378,0
-72.39171405353994,0
-67.4722313346681,0
-44.75764354296945,0
-71.20147944669907,0
-68.6679511294206,0
-67.03900032592432,0
-69.15025676788198,0
-72.47909589406197,0
-59.292331132723845,0
-68.95403465517741,0
-64.70743865873246,0
-63.17100766307452,0
-71.84178886635698,0
-72.39171405353994,0
-72.78925446912986,0
-67.86199584819568,0
-71.98123542930148,0
-73.98023820585824,0
-71.86501486063196,0
-73.98023820585824,0
-66.0744155629516,0
-47.91446478197465,0
-70.13538845535632,0
-70.8299733426308,0
-64.39635912981953,0
-69.50472776245938,0
-66.03322591706299,0
-67.94515605806313,0
-45.98836971599439,0
-73.98023820585824,0
-67.07240456892418,0
-68.5394612346395,0
-72.39171405353994,0
-67.86856401630777,0
-64.39635912981953,0
-70.09307140775053,0
-70.48226820581577,0
-68.7200425372321,0
-72.39171405353994,0
-63.568039919506916,0
-37.0197769493499,0
-67.20854985629367,0
-70.15748403979623,0
-72.39171405353994,0
-61.637334454418415,0
-72.4184974949491,0
-63.929298199727214,0
-70.12445725565269,0
-67.18886700178534,0
-65.54671685134586,0
-68.51520022475792,0
-62.06527241837863,0
-72.39171405353994,0
-72.39171405353994,0
-71.06646847336853,0
-71.68807527877233,0
-43.21145978887504,0
-67.93759277130602,0
-61.66933587626969,0
-66.71488751272581,0
-42.25591415953998,0
-70.14741411549599,0
-59.292331132723845,0
-72.39171405353994,0
-67.94515605806313,0
-66.69983163331526,0
-68.95403465517741,0
-61.25989875761888,0
-67.19493354126634,0
-63.89450429576685,0
-66.18333386829315,0
-69.70494585182182,0
-53.447223640714434,0
-71.37260109639682,0
-25.336672002787807,0
-61.000595958970486,0
-70.93492189544578,0
-59.292331132723845,0
-66.38341534715398,0
-72.87482692864361,0
-64.9085589374763,0
-70.17289506797974,0
-72.39171405353994,0
-70.56860800860804,0
-72.39171405353994,0
-70.5943476315928,0
-63.538984748088495,0
-76.35230199889884,0
-70.13094848617027,0
-49.62988757572095,0
-51.06926805874164,0
-72.93160335925702,0
-67.96209811143785,0
-69.76272264445238,0
-67.16046595533398,0
-71.54574137580252,0
-70.17307383263892,0
-61.365074045671825,0
-68.2718782544495,0
-74.34696922799941,0
-66.20426530435516,0
-61.890714747420766,0
-65.13869285128847,0
-69.06281260778088,0
-59.292331132723845,0
-69.19052978591517,0
-72.39171405353994,0
-72.39171405353994,0
-64.4861792710914,0
-72.5676107851648,0
-70.23154432884105,0
-72.5676107851648,0
-64.81316317496706,0
-59.292331132723845,0
-59.292331132723845,0
-68.29028189416215,0
-70.8299733426308,0
-63.43745457135667,0
-68.81503301184682,0
-38.523663521924306,0
-29.828460611716768,0
-72.5676107851648,0
-72.39171405353994,0
-59.292331132723845,0
-59.555136086885504,0
-60.91277997706888,0
-32.691999592850244,0
-68.12301331810028,0
-59.50743742097829,0
-65.62907817454474,0
-67.86199584819568,0
-60.78836022885419,0
-68.24224253626383,0
-72.39171405353994,0
-67.45042759161501,0
-72.15971490376066,0
-68.37820747233997,0
-50.48400113783288,0
-70.69167209771145,0
-61.639325438030674,0
-67.52418180292977,0
-66.23723742659602,0
-64.39024281582884,0
-41.15912854452815,0
-60.01477605996738,0
-62.1268758545362,0
-72.39171405353994,0
-67.53052613004431,0
-70.04258430060688,0
-66.21798635227141,0
-68.64306158194361,0
-66.99366778672126,0
-55.249210890681404,0
-71.82622698262117,0
-72.47909589406197,0
-70.62864304798256,0
-70.51577536608656,0
-60.98518382046751,0
-72.4184974949491,0
-67.97387736733288,0
-69.94733088648948,0
-73.98023820585824,0
-71.35486412435041,0
-65.26835629629424,0
-70.91735518315282,0
-70.8299733426308,0
-62.34010468646379,0
-68.25195296162101,0
-64.32078353731086,0
-61.06692193217684,0
-53.447223640714434,0
-72.39171405353994,0
-68.71175995898801,0
-71.96567354556564,0
-62.34010468646379,0
-65.45544481400279,0
-48.31924158445805,0
-65.30439066291841,0
-30.377412943871438,0
-62.3651273531529,0
-66.06190469190966,0
-36.71455065847319,0
-72.39171405353994,0
-72.47909589406197,0
-61.827941259997296,0
-70.11960696137649,0
-70.51577536608656,0
-70.15935371298539,0
-67.99507023367872,0
-68.23317746573528,0
-65.15570986959365,0
-66.0230394911335,0
-72.87417487183917,0
-64.65916199641185,0
-65.17006244966437,0
-67.968679174991,0
-72.39171405353994,0
-59.292331132723845,0
-28.03485144477466,0
-67.88412590004359,0
-64.23250943224213,0
-66.8153473045182,0
-72.5676107851648,0
-55.53671275392778,0
-53.447223640714434,0
-70.14654534063621,0
-70.12087856187003,0
-40.56772671440422,0
-59.292331132723845,0
-70.43586133962575,0
-71.05807183693231,0
-70.63620633473968,0
-70.20935842866578,0
-71.00587007425565,0
-65.80612248217406,0
-72.88968908087567,0
-70.51577536608656,0
-70.12087856187003,0
-77.76492941959225,0
-62.77425956940304,0
-59.292331132723845,0
-64.87530421462881,0
-68.74518354163976,0
-38.52912592434724,0
-57.69450416824949,0
-64.59927415616991,0
-72.39171405353994,0
-59.292331132723845,0
-64.28557347787081,0
-68.94666220697727,0
-62.824752574393315,0
-69.86999110511488,0
-58.27249399122398,0
-64.85603823253653,0
-64.6432801922058,0
-72.39171405353994,0
-70.12450493035203,0
-67.98748177686035,0
-62.20826146508619,0
-47.04310598363462,0
-67.97215020883742,0
-71.59957911218152,0
-72.39171405353994,0
-67.45238478080763,0
-70.8299733426308,0
-69.50472776245938,0
-68.39458772430893,0
-69.69061553752745,0
-59.292331132723845,0
-68.27414103921909,0
-70.13094848617027,0
-63.312020863170794,0
-67.75863234879765,0
-35.35992335539703,0
-70.66926441583153,0
-74.62812554709458,0
-64.4235357079201,0
-66.63478897429651,0
-72.39171405353994,0
-61.2546390981324,0
-68.4548189956599,0
-72.5676107851648,0
-38.68439844413246,0
-67.07933766715003,0
-65.05077143509543,0
-72.87417487183917,0
-74.34873239526942,0
-56.276641902286705,0
-62.77459476693868,0
-61.18047420933246,0
-64.3797210374072,0
-73.98023820585824,0
-72.39171405353994,0
-68.95403465517741,0
-64.2772930348691,0
-65.14128552100694,0
-71.84505501367428,0
-72.39171405353994,0
-70.8299733426308,0
-67.13866066138623,0
-66.65902093186718,0
-70.16750552365764,0
-72.39171405353994,0
-66.9106265957096,0
-68.69047381092093,0
-70.69757594469027,0
-71.3582914109478,0
-72.39171405353994,0
-72.39171405353994,0
-38.352883411137704,0
-70.89057174174367,0
-60.97391780506001,0
-55.12948377299189,0
-67.91477546327297,0
-64.3487273153707,0
-59.292331132723845,0
-72.39171405353994,0
-62.86261797161238,0
-38.47155124518877,0
-69.46697778243441,0
-67.86856401630777,0
-72.39171405353994,0
-69.23491997497146,0
-65.49751516289113,0
-70.51577536608656,0
-72.39171405353994,0
-67.94435717139456,0
-55.812005879917024,0
-73.98023820585824,0
-61.89553958612894,0
-59.292331132723845,0
-60.114145578996435,0
-59.0368412896155,0
-67.27019930566708,0
-67.13701279794245,0
-67.4764740290702,0
-70.6069369411492,0
-46.64455517570568,0
-72.39171405353994,0
-61.89924231477931,0
-64.77185911835132,0
-72.39171405353994,0
-64.32391999665671,0
-72.39171405353994,0
-68.2552115703821,0
-68.53269683455096,0
-31.42008480931021,0
-73.98023820585824,0
-25.336672002787807,0
-61.637334454418415,0
-32.691999592850244,0
-69.33645166241064,0
-66.72053645476458,0
-58.60219669335983,0
-64.32424076650709,0
-68.86772963323247,0
-70.16914640886031,0
-59.292331132723845,0
-68.42903756854335,0
-67.97387736733288,0
-70.11960696137649,0
-70.14001913938853,0
-65.30867493901364,0
-59.292331132723845,0
-72.57174538543573,0
-52.23493643209821,0
-64.38660601465031,0
-70.8299733426308,0
-67.94435717139456,0
-68.62324506788515,0
-72.39171405353994,0
-64.41983068930853,0
-73.98023820585824,0
-67.87595319265382,0
-60.27846175010153,0
-73.12698323529831,0
-59.292331132723845,0
-65.0170283398973,0
-60.99550015963284,0
-61.89474069946035,0
-59.292331132723845,0
-66.36602336142143,0
-55.133228324730354,0
-59.292331132723845,0
-70.21485206019105,0
-67.87183251319506,0
-63.77000217599533,0
-70.13095554779352,0
-69.33645166241064,0
-67.93759277130602,0
-62.786323048353395,0
-64.25631177653902,0
-76.35230199889884,0
-59.292331132723845,0
-67.99056861835976,0
-63.275198259520096,0
-59.292331132723845,0
-70.8299733426308,0
-71.06646847336853,0
-72.39171405353994,0
-62.97964654477207,0
-67.70554987755861,0
-68.70855182669638,0
-64.89278702928597,0
-62.34010468646379,0
-70.17307383263892,0
-72.39171405353994,0
-62.34010468646379,0
-67.94033121935496,0
-38.27338696081422,0
-72.39171405353994,0
-67.91588666447262,0
-72.39171405353994,0
-69.66450767115919,0
-72.39171405353994,0
-72.28813137138141,0
-59.36357726177303,0
-72.47909589406197,0
-69.59546238838985,0
-28.580727198758517,0
-65.99311183726272,0
-65.38009646593407,0
-56.23825949599443,0
-70.10404507764068,0
-71.4372254475493,0
-65.73233298148521,0
-71.29426572523754,0
-72.39171405353994,0
-72.5676107851648,0
-66.53273296568955,0
-45.11222696115657,0
-71.98123542930148,0
-72.5676107851648,0
-72.39171405353994,0
-72.89730794286726,0
-63.68360148578027,0
-74.32036054410605,0
-59.292331132723845,0
-67.94435717139456,0
-65.52783498307802,0
-70.17581228068786,0
-70.51577536608656,0
-71.87966594477672,0
-70.14283295565147,0
-72.4184974949491,0
-60.91277997706888,0
-69.1159323060232,0
-67.29239599691644,0
-70.19269409923629,0
-63.61489119922501,0
-64.34946520832442,0
-67.98830583359018,0
-71.40614724437474,0
-52.80556254763554,0
-70.10894304661622,0
-72.39171405353994,0
-68.8674327317396,0
-59.292331132723845,0
-62.86261797161238,0
-69.1299313868023,0
-70.66299285915511,0
-70.8299733426308,0
-60.018802012006965,0
-72.39171405353994,0
-65.62505222250518,0
-66.26954437669201,0
-60.04243030986744,0
-71.87966594477672,0
-59.5069207754923,0
-68.15138723163807,0
-72.84759008347315,0
-68.03531965160676,0
-63.61489119922501,0
-70.1727267137224,0
-74.37531718363545,0
-70.51577536608656,0
-68.75549955833438,0
-70.11186490996019,0
-61.89474069946035,0
-70.16292436381312,0
-59.292331132723845,0
-53.63552685905287,0
-67.87755773193149,0
-66.04474325556056,0
-65.20705205734318,0
-64.81316317496706,0
-67.37442675100831,0
-70.15091587168413,0
-73.98023820585824,0
-69.50472776245938,0
-72.5676107851648,0
-71.84505501367428,0
-72.39171405353994,0
-69.59578315824021,0
-72.47909589406197,0
-67.52111137407016,0
-59.354622114564336,0
-72.39171405353994,0
-69.28385732180806,0
-68.76044641194548,0
-70.51577536608656,0
-66.11789870935088,0
-70.8299733426308,0
-67.33402380043202,0
-67.0744723107093,0
-67.53278891481389,0
-38.95208671826479,0
-59.292331132723845,0
-61.83450942810939,0
-70.9790866328465,0
-72.39171405353994,0
-65.2100996537936,0
-64.99742202264886,0
-66.70394335570063,0
-61.88797629937181,0
-67.88412590004359,0
-60.701070398884646,0
-67.1736369949658,0
-62.22603249353955,0
-73.98023820585824,0
-71.81470341155475,0
-51.19493007137563,0
-70.22766043254023,0
-35.67064830162371,0
-70.2196744453604,0
-71.42063234848534,0
-69.64405261630992,0
-66.09160980538277,0
-68.0920954108708,0
-29.543252361473858,0
-74.35179406670758,0
-50.559287986569885,0
-66.91212205940107,0
-64.09188286941765,0
-67.56922900025118,0
-64.49865051718393,0
-59.292331132723845,0
-71.87648853627579,0
-64.7118240789768,0
-72.39171405353994,0
-65.8240358451388,0
-70.16300390833868,0
-56.4356012018956,0
-72.39171405353994,0
-62.34010468646379,0
-66.5962112891611,0
-61.866270192538444,0
-61.23464891034183,0
-71.06646847336853,0
-43.129135601015406,0
-50.976694882063796,0
-68.74030169627545,0
-70.60315720660859,0
-70.47109940188146,0
-37.73883608180496,0
-67.98380421827122,0
-71.06646847336853,0
-64.54982595433681,0
-66.3727437977747,0
-73.98023820585824,0
-66.45853425576342,0
-63.978442857474185,0
-62.67221523636042,0
-71.00587007425565,0
-68.48741175780982,0
-72.39171405353994,0
-65.88331677123986,0
-68.50272844473699,0
-67.94033121935496,0
-60.976656253108956,0
-70.10404507764068,0
-66.99638794059884,0
-71.89998873249212,0
-69.16684986694594,0
-68.29846304281553,0
-64.3729883252523,0
-66.57229735527788,0
-67.94209438662497,0
-62.1268758545362,0
-61.890714747420766,0
-60.809514197324695,0
-70.75788807747169,0
-67.49080434336457,0
-72.4184974949491,0
-72.93836775934557,0
-41.09340754694268,0
-64.90773939277285,0
-71.2054085167986,0
-71.23099123084494,0
-74.37531718363545,0
-41.11116426858922,0
-63.49919012554399,0
-72.39171405353994,0
-71.87648853627579,0
-68.25195296162101,0
-70.17757544795788,0
-66.69188432570537,0
-66.73053969024754,0
-65.761071918252,0
-70.51577536608656,0
-70.13771288625881,0
-69.76104263561574,0
-65.39222199537826,0
-34.8859539243446,0
-51.56664149440009,0
-69.614158858239,0
-34.8859539243446,0
-72.39171405353994,0
-56.45120829983115,0
-69.87344349536377,0
-72.39171405353994,0
-67.35585168474164,0
-72.39171405353994,0
-66.94576922444011,0
-67.602044621304,0
-66.94245966508913,0
-72.39171405353994,0
-62.47451233711133,0
-59.292331132723845,0
-61.81237937626147,0
-64.48716302425092,0
-70.13095554779352,0
-68.59488898547633,0
-68.25852112973311,0
-67.12309877765041,0
-72.10429951840486,0
-71.81470341155475,0
-74.28745434933705,0
-70.12450493035203,0
-60.73565876084497,0
-72.39171405353994,0
-73.73779265651353,0
-67.05461808242941,0
-64.57924214253299,0
-72.87482692864361,0
-63.01503068145743,0
-72.39171405353994,0
-64.36857821271721,0
-66.97806301601283,0
-70.56395491957716,0
-68.3021593020201,0
-61.91906270305682,0
-25.336672002787807,0
-70.16782629350803,0
-61.78384022726736,0
-59.292331132723845,0
-66.43890923208781,0
-48.414144934445936,0
-67.21726663234315,0
-72.39171405353994,0
-74.38051537597732,0
-73.98023820585824,0
-59.292331132723845,0
-70.15842274849416,0
-60.96638713006434,0
-73.98023820585824,0
-60.97841942037897,0
-67.97387736733288,0
-65.05039651856855,0
-71.98449403806256,0
-67.8808163406926,0
-70.47082767292969,0
-61.900737778470805,0
-60.018802012006965,0
-49.723150230448574,0
-67.86856401630777,0
-72.39171405353994,0
-67.94435717139456,0
-62.34010468646379,0
-73.73779265651353,0
-68.32325401640301,0
-72.39171405353994,0
-60.49118496767115,0
-72.47909589406197,0
-59.88041651675034,0
-59.292331132723845,0
-62.596577398333515,0
-72.39171405353994,0
-72.39171405353994,0
-58.05634502077111,0
-63.25142246405792,0
-64.97985999225831,0
-64.49162134374826,0
-64.90819299523876,0
-67.356789520915,0
-58.941252613041634,0
-46.03531744763238,0
-68.66391034818812,0
-70.89819237331979,0
-57.67989934778296,0
-72.39171405353994,0
-66.21798635227141,0
-64.57072719635252,0
-67.4005262849917,0
-67.94033121935496,0
-38.276291369382335,0
-60.77834105901936,0
-37.55728591595501,0
-72.39171405353994,0
-44.98793854045176,0
-70.15935371298539,0
-72.47909589406197,0
-67.92776407233058,0
-38.27338696081422,0
-70.15104695595517,0
-61.89553958612894,0
-73.76818536852917,0
-45.408209818935156,0
-62.53121006841976,0
-72.39171405353994,0
-71.2054085167986,0
-74.34696922799941,0
-66.81905458135037,0
-64.81316317496706,0
-54.619875550987146,0
-65.48067071220511,0
-38.897449992912286,0
-68.70502341760985,0
-70.8299733426308,0
-61.866270192538444,0
-65.12618967365533,0
-69.62052949938206,0
-68.03531965160676,0
-74.37531718363545,0
-66.00487765323922,0
-66.79891622158205,0
-61.63016972237465,0
-68.56400379956519,0
-72.39171405353994,0
-67.37819281919059,0
-68.44642955427588,0
-65.24716009019703,0
-70.14800512656836,0
-66.11046565732354,0
-66.23780674054892,0
-67.05970469506372,0
-70.16424843988477,0
-68.95403465517741,0
-64.34294149826563,0
-68.09022231107441,0
-72.35555794783576,0
-65.27517043983117,0
-73.09677754820108,0
-62.895014786080736,0
-69.80721514500237,0
-72.39171405353994,0
-69.19052978591517,0
-67.94435717139456,0
-68.20734159975602,0
-70.8299733426308,0
-65.48740196003912,0
-60.33073720378162,0
-72.86257460425878,0
-70.13519675421918,0
-66.05336205465741,0
-56.883535243028476,0
-67.78858648436976,0
-73.98023820585824,0
-59.292331132723845,0
-72.39171405353994,0
-69.58762330461303,0
-63.00956397284436,0
-59.292331132723845,0
-72.39171405353994,0
-41.119653525797716,0
-72.39171405353994,0
-70.09747690952858,0
-72.39171405353994,0
-70.10404507764068,0
-64.88830075834305,0
-67.99278164909825,0
-59.292331132723845,0
-72.39171405353994,0
-52.63760721693945,0
-68.31875240108405,0
-37.77983934821677,0
-70.55961429298432,0
-74.33440208097502,0
-70.13095554779352,0
-67.52602451472535,0
-46.198378447413155,0
-70.1432723051596,0
-39.47456465930664,0
-66.31946038692271,0
-63.58449848720939,0
-64.77517940087296,0
-68.46644384871013,0
-65.19813141443306,0
-41.200911790929396,0
-63.76815476072768,0
-41.90946042516879,0
-62.85435810783234,0
-70.16424843988477,0
-72.86257460425878,0
-67.8808163406926,0
-72.39171405353994,0
-60.64031089079448,0
-72.39171405353994,0
-69.24240614800115,0
-72.39171405353994,0
-71.00527932641394,0
-62.448302975019516,0
-71.54574137580252,0
-72.39171405353994,0
-68.15929791412717,0
-72.47909589406197,0
-64.34352912302883,0
-65.43688486122754,0
-70.8299733426308,0
-65.38439801617167,0
-70.13585351676906,0
-67.94435717139456,0
-61.67142153311851,0
-72.17605194560439,0
-65.12693907966435,0
-68.22315443468526,0
-72.39171405353994,0
-64.74372325475933,0
-65.15577671434816,0
-68.79840397674135,0
-66.74005210282355,0
-64.63806728202894,0
-66.42135128722983,0
-70.17307383263892,0
-59.414949385555,0
-59.34352325567952,0
-68.63441061752336,0
-59.292331132723845,0
-38.76664606623605,0
-70.97471306745793,0
-61.890714747420766,0
-70.8299733426308,0
-56.232109101919264,0
-72.39171405353994,0
-59.2903093984026,0
-70.17123112084334,0
-64.41194892266222,0
-64.91150255458977,0
-63.05885778546043,0
-59.292331132723845,0
-65.0951783152353,0
-67.28041300721647,0
-67.94033121935496,0
-72.39171405353994,0
-65.34096340904681,0
-38.80194631557362,0
-66.42437975763666,0
-59.292331132723845,0
-66.0016190444781,0
-72.39171405353994,0
-66.70504848933247,0
-72.39171405353994,0
-69.68032640610878,0
-67.38702600291624,0
-71.06646847336853,0
-72.39171405353994,0
-68.51069860943896,0
-66.08066395638028,0
-48.31924158445805,0
-72.39171405353994,0
-70.06924387688059,0
-70.8299733426308,0
-66.95061951871631,0
-59.292331132723845,0
-72.39171405353994,0
-67.4569957597271,0
-47.62047487979512,0
-68.86772963323247,0
-64.97309559216977,0
-72.39171405353994,0
-59.292331132723845,0
-20.583123380648217,0
-44.74691007244869,0
-70.10894304661622,0
-67.69522775108798,0
-55.870885166089465,0
-71.1779563297712,0
-35.65742464978479,0
-61.29567906836135,0
-70.60315720660859,0
-63.284982539063634,0
-66.25907721346668,0
-67.74126383620488,0
-72.39171405353994,0
-59.292331132723845,0
-70.51577536608656,0
-69.63411495914357,0
-67.445519895181,0
-59.292331132723845,0
-70.2196744453604,0
-67.05566705372036,0
-72.39171405353994,0
-70.51577536608656,0
-67.94435717139456,0
-61.818947544373565,0
-72.39171405353994,0
-72.01956436184261,0
-44.56370935008995,0
-69.85085331728936,0
-70.1757391504205,0
-67.95035425040498,0
-55.89379611401425,0
-70.16782629350803,0
-65.38038607480921,0
-71.97261663020461,0
-55.469955650661944,0
-64.29133457173808,0
-33.93874803764239,0
-64.07183907895455,0
-64.97253271260932,0
-65.4056805992708,0
-72.39171405353994,0
-50.82085343269959,0
-72.47909589406197,0
-46.5654644025803,0
-63.279199242400686,0
-67.02589172790883,0
-65.99968000537481,0
-62.16549894715812,0
-72.39171405353994,0
-72.39171405353994,0
-66.24817857096035,0
-59.292331132723845,0
-72.39171405353994,0
-66.86907011725113,0
-72.39171405353994,0
-70.16300390833868,0
-71.82622698262117,0
-70.8299733426308,0
-66.38341534715398,0
-48.618533526868276,0
-63.749549879723276,0
-68.48741175780982,0
-72.5676107851648,0
-62.34010468646379,0
-74.34696922799941,0
-57.543687710201496,0
-39.400305854123225,0
-67.94033121935496,0
-68.62942649449951,0
-59.95166876056679,0
-53.447223640714434,0
-70.51577536608656,0
-69.59814480096782,0
-70.16750552365764,0
-70.17789621780827,0
-68.34303952815102,0
-62.89187370995735,0
-67.12213702279284,0
-72.5676107851648,0
-72.85435448356169,0
-62.06527241837863,0
-67.34458431310996,0
-66.83033182530384,0
-72.39171405353994,0
-45.87411110213762,0
-66.13886382251542,0
-65.87757747313634,0
-59.265837032831435,0
-70.5362664381804,0
-66.23238895647944,0
-68.88172936208093,0
-52.58283202290062,0
-67.37442675100831,0
-64.91224100809181,0
-70.13244324283255,0
-64.02398233525196,0
-74.34423077995046,0
-72.39171405353994,0
-62.99123904825835,0
-70.11963487048337,0
-59.292331132723845,0
-62.84985649251338,0
-67.94515605806313,0
-66.17250453992611,0
-68.69450060448264,0
-39.40726011950945,0
-53.447223640714434,0
-72.39171405353994,0
-46.183319497575056,0
-55.86098753805451,0
-70.12450493035203,0
-61.733070527129904,0
-74.26863385684013,0
-70.18063711939604,0
-69.63411495914357,0
-58.48019137681843,0
-72.39171405353994,0
-65.74933988025299,0
-62.84305896150501,0
-67.77854444984897,0
-66.83932554092758,0
-61.083681864127676,0
-56.20981366539091,0
-67.95035425040498,0
-72.39171405353994,0
-61.29085422965318,0
-72.39171405353994,0
-70.1691709823084,0
-74.35179406670758,0
-59.292331132723845,0
-64.81316317496706,0
-45.49712416080058,0
-70.42675291241022,0
-62.06527241837863,0
-68.21999876026777,0
-66.69550887670401,0
-66.41987814231771,0
-70.89057174174367,0
-70.17581228068786,0
-70.11629740202551,0
-17.06300166184827,0
-71.06646847336853,0
-67.34458431310996,0
-69.70100759624124,0
-59.292331132723845,0
-61.42420476529901,0
-61.866270192538444,0
-39.37617371582445,0
-72.0488337554331,0
-72.39171405353994,0
-71.89998873249212,0
-71.39823316220573,0
-70.8299733426308,0
-67.87755773193149,0
-68.71334262320656,0
-70.8299733426308,0
-67.29916039700498,0
-64.22556634760315,0
-39.56945940277226,0
-46.15273668126657,0
-46.9898539381206,0
-72.39171405353994,0
-67.12683381394609,0
-72.39171405353994,0
-72.39171405353994,0
-59.292331132723845,0
-66.37859050844581,0
-66.01021309968804,0
-57.2958181567295,0
-67.92776407233058,0
-65.06264884295338,0
-70.9790866328465,0
-67.94435717139456,0
-72.39171405353994,0
-70.11818122371722,0
-59.17200493568428,0
-67.70554987755861,0
-44.93311758194231,0
-66.0744155629516,0
-44.74320734379832,0
-72.47909589406197,0
-59.292331132723845,0
-58.654829309357474,0
-72.39171405353994,0
-70.69167209771145,0
-72.39171405353994,0
-66.86797408562313,0
-65.9334307666107,0
-70.14362567438926,0
-67.93759277130602,0
-71.51778887808427,0
-59.292331132723845,0
-68.25852112973311,0
-70.17757544795788,0
-70.51577536608656,0
-64.29726042038297,0
-62.34010468646379,0
-61.83450942810939,0
-71.853137452774,0
-64.81316317496706,0
-63.61489119922501,0
-74.35699225904943,0
-61.89924231477931,0
-68.71840894413943,0
-70.51577536608656,0
-65.19436656490774,0
-69.53409573367375,0
-45.07461252429719,0
-61.807662798326895,0
-60.91277997706888,0
-50.976694882063796,0
-72.39171405353994,0
-69.19052978591517,0
-70.8299733426308,0
-64.42286917889258,0
-70.17757544795788,0
-57.10773598284664,0
-67.01543107699013,0
-72.39171405353994,0
-66.6877978605246,0
-68.27864265453805,0
-59.292331132723845,0
-40.59210401132995,0
-67.98830583359018,0
-59.292331132723845,0
-72.39171405353994,0
-68.54661181383263,0
-71.06646847336853,0
-67.11496474160546,0
-66.76005189754716,0
-55.54599527193751,0
-70.61881434900715,0
-59.292331132723845,0
-65.37543099497915,0
-63.10652397263887,0
-63.566414730174905,0
-70.14800512656836,0
-37.44345859775767,0
-59.292331132723845,0
-70.16424843988477,0
-70.8299733426308,0
-73.98023820585824,0
-71.64548161795886,0
-72.39171405353994,0
-55.45424700637333,0
-71.89998873249212,0
-64.57469416219425,0
-70.8299733426308,0
-72.39171405353994,0
-66.71038589740685,0
-59.40234839517546,0
-68.94163518597492,0
-70.8299733426308,0
-59.292331132723845,0
-66.79237716251279,0
-69.82845413100978,0
-55.469955650661944,0
-70.51577536608656,0
-70.8299733426308,0
-70.17757544795788,0
-68.22797927339343,0
-57.96742083985731,0
-66.93058225723118,0
-66.66055928490368,0
-72.39171405353994,0
-71.89998873249212,0
-72.39171405353994,0
-56.06029371848442,0
-72.39171405353994,0
-64.25222592387689,0
-53.447223640714434,0
-64.81316317496706,0
-72.39171405353994,0
-64.28323685796302,0
-70.13585351676906,0
-65.92456201713647,0
-64.45675549698987,0
-69.04362636485733,0
-70.8299733426308,0
-72.39171405353994,0
-59.292331132723845,0
-70.13519675421918,0
-68.80222463949764,0
-67.94885878671352,0
-66.94448835581103,0
-70.60315720660859,0
-72.39171405353994,0
-67.8099192818695,0
-71.6411146262781,0
-66.54200153264085,0
-70.16324513366351,0
-73.98023820585824,0
-69.66450767115919,0
-54.48317839468904,0
-66.0466899452848,0
-44.73564405704119,0
-45.501651991652864,0
-61.892477914690765,0
-70.21935367551,0
-64.87080259930985,0
-45.36657822247039,0
-68.38559017558033,0
-69.3425213066844,0
-67.00190141348412,0
-67.38508998239142,0
-71.86501486063196,0
-72.04400891672492,0
-70.13519675421918,0
-66.01176613777,0
-56.26082872771951,0
-67.92376917889672,0
-63.00388766338311,0
-63.88842348578059,0
-70.14800512656836,0
-64.3087265574706,0
-71.04194455215014,0
-67.93759277130602,0
-69.64567050378972,0
-72.39171405353994,0
-67.91588666447262,0
-65.64664201022339,0
-64.34294149826563,0
-61.650091233457665,0
-42.35086089244052,0
-68.69141765694724,0
-70.60315720660859,0
-66.34441816884191,0
-77.76492941959225,0
-70.54286660492865,0
-63.400535754273626,0
-72.39171405353994,0
-72.47909589406197,0
-70.16424843988477,0
-64.96496942585217,0
-72.39171405353994,0
-27.1248303259141,0
-51.781349662861246,0
-72.39171405353994,0
-72.39171405353994,0
-69.3425213066844,0
-69.34537403041716,0
-64.17088459673003,0
-25.336672002787807,0
-72.39171405353994,0
-45.6247986913908,0
-59.292331132723845,0
-61.827941259997296,0
-66.74225721462636,0
-77.76492941959225,0
-64.71500194548959,0
-57.344001612869945,0
-44.666990218569836,0
-66.40693846408185,0
-59.292331132723845,0
-71.84505501367428,0
-68.22491760195527,0
-67.86856401630777,0
-66.31705247696259,0
-63.17165807634787,0
-44.68920342935961,0
-58.45786018776642,0
-42.68579893165725,0
-71.00587007425565,0
-72.47909589406197,0
-70.12438737968142,0
-69.50472776245938,0
-59.292331132723845,0
-68.3036612351574,0
-54.421448662415806,0
-59.292331132723845,0
-60.26945915784926,0
-70.13244324283255,0
-70.17983823272746,0
-72.47909589406197,0
-72.39171405353994,0
-59.292331132723845,0
-66.3307571795294,0
-70.13095554779352,0
-70.55304612487222,0
-59.292331132723845,0
-70.8299733426308,0
-72.39171405353994,0
-58.16505629298154,0
-35.67448566411783,0
-67.26606850023775,0
-61.26640967477087,0
-74.26863385684013,0
-68.70784899168126,0
-40.181989587295625,0
-68.23639107788517,0
-55.02911222184613,0
-59.292331132723845,0
-68.23639107788517,0
-72.39171405353994,0
-69.66450767115919,0
-66.13886382251542,0
-66.11789870935088,0
-69.90462584925359,0
-69.04301241409802,0
-72.39171405353994,0
-72.04577208399493,0
-63.49846507589699,0
-72.39171405353994,0
-72.39171405353994,0
-69.61102427212566,0
-72.39171405353994,0
-69.28385732180806,0
-68.54661181383263,0
-68.69047381092093,0
-72.39171405353994,0
-72.5676107851648,0
-40.45237653009518,0
-68.37883122814426,0
-72.39171405353994,0
-70.60315720660859,0
-47.32882193186871,0
-62.9049340263134,0
-64.32437300659221,0
-72.39171405353994,0
-68.06859462064617,0
-25.336672002787807,0
-63.72723965806726,0
-63.0213082099457,0
-70.15292911696889,0
-72.39171405353994,0
-74.27520202495222,0
-73.98023820585824,0
-69.66450767115919,0
-54.60862122677322,0
-72.39171405353994,0
-66.66511616468837,0
-66.36383804732212,0
-62.653850038024395,0
-72.39171405353994,0
-72.39171405353994,0
-62.57219472813585,0
-72.4184974949491,0
-59.292331132723845,0
-34.59669487180088,0
-69.97170105804591,0
-59.292331132723845,0
-74.34873239526942,0
-59.292331132723845,0
-64.30081615179698,0
-70.2196744453604,0
-62.34010468646379,0
-66.08038445432926,0
-68.74356565416,0
-55.33961463950127,0
-68.7077618656588,0
-71.87159056730025,0
-68.4171601606854,0
-59.44326349783588,0
-37.91455434441857,0
-65.43127531209066,0
-67.92776407233058,0
-64.41010621086664,0
-42.389280325901595,0
-70.90700136768743,0
-72.39171405353994,0
-39.40726011950945,0
-60.97209850729139,0
-72.39171405353994,0
-66.154972507358,0
-67.37385370670044,0
-74.26863385684013,0
-63.68360148578027,0
-62.86112250792088,0
-72.39171405353994,0
-70.875503950688,0
-66.7500566507029,0
-72.39171405353994,0
-54.50403808206912,0
-66.72568830851903,0
-64.41951220941934,0
-66.2404616427019,0
-50.8447618066009,0
-72.39171405353994,0
-59.292331132723845,0
-43.12344265742052,0
-74.62812554709458,0
-64.43152169509995,0
-70.15751027681341,0
-62.97964654477207,0
-61.75864650795624,0
-67.94885878671352,0
-72.39171405353994,0
-71.06646847336853,0
-46.161032956833616,0
-70.03890290084871,0
-65.83093721239202,0
-68.6512930980788,0
-66.06361862907863,0
-66.724073699757,0
-65.46953103837333,0
-67.01204446805173,0
-55.43304957409428,0
-67.78947941010033,0
-72.39171405353994,0
-67.06625100102023,0
-65.37061733711401,0
-61.81932246090046,0
-64.05150724891512,0
-59.292331132723845,0
-69.7632118160092,0
-64.8441985620709,0
-32.05763175217275,0
-67.94515605806313,0
-71.40094905203289,0
-66.1968916378885,0
-35.76103791036056,0
-61.68180712931834,0
-61.60471917309686,0
-72.01956436184261,0
-65.98192546377629,0
-72.7241271046603,0
-72.39171405353994,0
-70.12445725565269,0
-65.8240358451388,0
-61.629918086216755,0
-62.71269508971568,0
-67.73623316251806,0
-71.3582914109478,0
-73.98023820585824,0
-67.62878907500603,0
-59.292331132723845,0
-70.03890290084871,0
-64.25254669372727,0
-68.92905201024578,0
-67.13348560920987,0
-70.8299733426308,0
-20.583123380648217,0
-65.80936653310887,0
-61.81932246090046,0
-71.36986264834788,0
-72.39171405353994,0
-70.00781496919564,0
-66.90968336008876,0
-51.75692098282057,0
-59.292331132723845,0
-61.1400870128761,0
-62.85259494056233,0
-70.6492748517405,0
-72.39171405353994,0
-65.68201038975904,0
-63.48021314415354,0
-70.13094848617027,0
-62.34010468646379,0
-63.1283679456847,0
-62.96036090455888,0
-72.39171405353994,0
-72.39171405353994,0
-66.14968169005878,0
-62.74968042197024,0
-72.39171405353994,0
-67.37442675100831,0
-62.88614108854024,0
-72.04803486876452,0
-50.67023996629418,0
-66.78434206908769,0
-70.19264660507665,0
-72.46436466871847,0
-63.20903479498514,0
-61.50443619322333,0
-70.60315720660859,0
-62.94366616735337,0
-67.24933351344387,0
-25.03834364380149,0
-72.04803486876452,0
-66.57876905080644,0
-69.10125214824596,0
-65.96642447834888,0
-70.8299733426308,0
-69.50472776245938,0
-63.566414730174905,0
-71.89168197546189,0
-65.92374213759517,0
-71.88718036014293,0
-72.39171405353994,0
-59.292331132723845,0
-69.68911178384928,0
-66.66055928490368,0
-70.10441999416756,0
-61.89474069946035,0
-70.5401281568797,0
-68.46995267120377,0
-67.94885878671352,0
-59.939163080826496,0
-72.39171405353994,0
-66.43435355858566,0
-70.07750952401472,0
-59.292331132723845,0
-72.39171405353994,0
-65.15138363454666,0
-63.870785851364204,0
-72.47909589406197,0
-68.45916646423376,0
-58.941252613041634,0
-72.39171405353994,0
-72.39171405353994,0
-62.79638962125098,0
-70.11325290247761,0
-66.96721397217456,0
-47.23394834224707,0
-38.82236193441653,0
-72.39171405353994,0
-63.024830886707434,0
-71.10173920454272,0
-67.4156996640846,0
-66.6075398826059,0
-60.964228989840976,0
-68.63599466261161,0
-67.75350914863097,0
-66.11339709403192,0
-74.28419574057594,0
-68.79877889326823,0
-67.18745557612306,0
-60.31640688948725,0
-67.86856401630777,0
-55.43304957409428,0
-66.06326184974674,0
-64.43228845481443,0
-53.59043761301556,0
-66.5402588903483,0
-72.39171405353994,0
-43.686821545765945,0
-65.91650657777798,0
-73.98023820585824,0
-55.12354267966527,0
-72.39171405353994,0
-67.9972832644172,0
-70.8299733426308,0
-39.3806753311434,0
-38.292789509645324,0
-72.39171405353994,0
-40.45237653009518,0
-71.88168672861764,0
-72.39171405353994,0
-71.87159056730025,0
-64.37131833285584,0
-66.06921737060975,0
-69.39705006152352,0
-68.78019736910338,0
-70.8299733426308,0
-70.12087856187003,0
-67.22161872286664,0
-32.567654652321046,0
-54.05717772227186,0
-68.2494207983897,0
-59.292331132723845,0
-70.42675291241022,0
-56.43102004205108,0
-70.43193831746305,0
-51.96512871040499,0
-72.39171405353994,0
-68.95349656512812,0
-74.35179406670758,0
-61.81237937626147,0
-62.836294561416466,0
-23.05176517481353,0
-67.968679174991,0
-72.39171405353994,0
-65.3046906357695,0
-65.95564842082148,0
-67.94033121935496,0
-55.91053788348707,0
-69.48235272349444,0
-69.50472776245938,0
-59.292331132723845,0
-67.86199584819568,0
-53.56902015778044,0
-54.6290071611556,0
-62.97964654477207,0
-28.160928150180528,0
-70.8299733426308,0
-72.39171405353994,0
-71.73268664063733,0
-66.3071982219255,0
-66.72658042702523,0
-68.94839958606346,0
-69.9638988269681,0
-70.96988822874975,0
-64.63806728202894,0
-72.39171405353994,0
-64.62668709314184,0
-70.51577536608656,0
-59.3100987624473,0
-66.24904890698213,0
-72.39171405353994,0
-65.15989331339452,0
-70.20416023632393,0
-73.98023820585824,0
-67.97387736733288,0
-72.47909589406197,0
-67.86856401630777,0
-71.73268664063733,0
-64.81316317496706,0
-65.36870627307796,0
-72.39171405353994,0
-73.98023820585824,0
-63.963791773329426,0
-54.88078533840266,0
-70.49376286893059,0
-63.3167032940178,0
-46.2654866156146,0
-68.75549955833438,0
-51.32279635071276,0
-74.28745434933705,0
-73.98023820585824,0
-72.39171405353994,0
-40.5350859263372,0
-66.96046340474827,0
-65.24032998929559,0
-74.34696922799941,0
-70.8299733426308,0
-64.84812090347363,0
-61.862953697192886,0
-35.33670605113497,0
-63.14951991632279,0
-68.87516119396884,0
-68.32325401640301,0
-65.30923055372462,0
-69.13837936002403,0
-49.228595473905266,0
-64.62411417099733,0
-50.92683452694239,0
-70.14741411549599,0
-68.63855605774187,0
-67.93033734700882,0
-71.53879829116354,0
-66.57794119766633,0
-68.15409972178529,0
-68.29846304281553,0
-72.85065175491131,0
-72.5676107851648,0
-72.39171405353994,0
-62.439310676146604,0
-64.54637868035094,0
-71.87966594477672,0
-39.56471330028636,0
-65.42169789401859,0
-67.88412590004359,0
-71.06646847336853,0
-76.26378710779598,0
-68.43730079726006,0
-64.51848890558654,0
-70.51577536608656,0
-71.36180720898939,0
-68.40189311993673,0
-72.7241271046603,0
-69.26822612378162,0
-68.75831850903477,0
-47.11871021440138,0
-72.39171405353994,0
-74.2755769414791,0
-68.2575479401551,0
-73.98023820585824,0
-72.39171405353994,0
-67.86199584819568,0
-72.47909589406197,0
-61.83450942810939,0
-70.16750552365764,0
-68.26737663913055,0
-72.39171405353994,0
-67.87755773193149,0
-67.94435717139456,0
-71.3582914109478,0
-40.94077038872469,0
-42.66697843916032,0
-66.36602336142143,0
-54.27583599110747,0
-66.22870985923747,0
-26.791815623027258,0
-69.50472776245938,0
-68.94092941810374,0
-63.59865177447277,0
-66.81358413724818,0
-72.39171405353994,0
-64.56950301043268,0
-74.2755769414791,0
-71.88168672861764,0
-63.969662361784124,0
-59.46029381370469,0
-64.32687503025001,0
-25.03834364380149,0
-72.39171405353994,0
-66.37194491110613,0
-63.88591130916406,0
-72.39171405353994,0
-63.337516275274936,0
-70.99821326367426,0
-62.34010468646379,0
-66.62788989253751,0
-73.28138065590659,0
-59.292331132723845,0
-71.5591987509261,0
-59.292331132723845,0
-68.74841438839545,0
-67.61582502038107,0
-57.62940497460521,0
-70.19132894326319,0
-70.11629740202551,0
-68.75396780728893,0
-62.77425956940304,0
-74.37531718363545,0
-65.95431642069573,0
-55.86544484207259,0
-70.16324513366351,0
-63.58449848720939,0
-64.64334118592065,0
-69.33645166241064,0
-64.44147871486832,0
-70.60315720660859,0
-59.292331132723845,0
-75.46196910831779,0
-69.9638988269681,0
-68.85549853284641,0
-67.06412760575864,0
-72.39171405353994,0
-44.76882251584987,0
-61.637334454418415,0
-62.34010468646379,0
-65.62569150214982,0
-61.89924231477931,0
-53.447223640714434,0
-61.81932246090046,0
-58.59740796632559,0
-72.39171405353994,0
-67.17667843064207,0
-66.96618140245215,0
-61.171877323353186,0
-71.06646847336853,0
-59.292331132723845,0
-70.43193831746305,0
-68.62942649449951,0
-72.47909589406197,0
-63.312020863170794,0
-68.72734489378841,0
-67.95035425040498,0
-72.39171405353994,0
-41.8783868304895,0
-59.292331132723845,0
-69.19052978591517,0
-26.78810299998251,0
-67.54156832533484,0
-66.9706733501696,0
-60.90488905006177,0
-67.9270277876578,0
-72.39171405353994,0
-61.89474069946035,0
-68.55644051280807,0
-70.4589631466068,0
-71.87966594477672,0
-66.01659097647817,0
-66.09160980538277,0
-66.2705551321552,0
-64.67064824557029,0
-71.4331994955097,0
-70.8299733426308,0
-59.292331132723845,0
-62.45813167399494,0
-68.25852112973311,0
-35.67448566411783,0
-68.87491639188772,0
-68.39461563341581,0
-57.10773598284664,0
-65.6350752535552,0
-66.30165713041984,0
-67.29069349683299,0
-68.87419713182814,0
-64.54981652363014,0
-71.96567354556564,0
-73.98023820585824,0
-38.276666285909215,0
-69.32014191783492,0
-67.45341084217117,0
-72.39171405353994,0
-67.8808163406926,0
-45.56188326300382,0
-46.07429410398754,0
-69.66747723102003,0
-69.41734592193735,0
-72.5676107851648,0
-65.88323590116163,0
-70.60287070180915,0
-67.94435717139456,0
-66.21886628986286,0
-72.39171405353994,0
-66.95586538575753,0
-64.22116084582511,0
-68.79076564617651,0
-72.39171405353994,0
-61.900737778470805,0
-67.03561636508731,0
-67.87755773193149,0
-64.82830003077183,0
-70.51577536608656,0
-59.292331132723845,0
-67.8808163406926,0
-38.34805857242953,0
-60.920450933797596,0
-70.11963487048337,0
-67.4623685978033,0
-72.39171405353994,0
-63.91805344571574,0
-66.62863540639255,0
-72.39171405353994,0
-72.04577208399493,0
-64.2571818458899,0
-64.69010865659384,0
-42.75013864902779,0
-59.292331132723845,0
-39.62178881706928,0
-68.4997371324921,0
-68.86772963323247,0
-63.650241322750404,0
-66.75737881793684,0
-59.292331132723845,0
-53.09689000041811,0
-64.684074670021,0
-69.01569096197551,0
-53.447223640714434,0
-39.087573858089165,0
-64.54981652363014,0
-69.65064260858075,0
-66.5807045908765,0
-48.50329131164715,0
-68.56062891272796,0
-56.28828818421346,0
-71.853137452774,0
-59.541756024525235,0
-69.63411495914357,0
-33.58412712906371,0
-70.19269409923629,0
-71.06646847336853,0
-54.93076708152159,0
-67.94885878671352,0
-65.98048937433931,0
-68.95752251716772,0
-67.97387736733288,0
-64.6387848202611,0
-72.47909589406197,0
-68.79840397674135,0
-70.8299733426308,0
-72.84759008347315,0
-58.941252613041634,0
-64.30116327071349,0
-46.852961792596474,0
-73.98023820585824,0
-60.28835851004293,0
-53.42042057079841,0
-57.77247153665631,0
-56.25377370503091,0
-74.34873239526942,0
-64.43502641845582,0
-67.77288631103637,0
-66.9106265957096,0
-70.8299733426308,0
-72.39171405353994,0
-68.29846304281553,0
-64.8526969945054,0
-64.4585495353837,0
-40.37096121252483,0
-62.03691106356363,0
-72.39171405353994,0
-72.39171405353994,0
-58.12575007698382,0
-67.94435717139456,0
-68.70952503292881,0
-64.98570347282589,0
-46.06978503356474,0
-59.292331132723845,0
-60.71424843384278,0
-65.1343140627996,0
-68.77557867896755,0
-67.84926083924337,0
-68.11640033015527,0
-37.40352021527458,0
-67.21899061696074,0
-67.01804299901238,0
-72.12053665219884,0
-63.984976140436714,0
-70.8299733426308,0
-64.27092239372605,0
-70.14773092462701,0
-42.228728904987385,0
-71.81470341155475,0
-65.91953780165738,0
-69.53720749105632,0
-55.854506142912555,0
-66.37644652642508,0
-69.59096077307089,0
-70.15768027177268,0
-67.94033121935496,0
-64.86320405074623,0
-72.39171405353994,0
-66.0016190444781,0
-69.19052978591517,0
-59.22359428019548,0
-71.52550701383737,0
-67.87755773193149,0
-70.20935842866578,0
-67.62878907500603,0
-68.73841953526173,0
-72.39171405353994,0
-57.10773598284664,0
-72.39171405353994,0
-71.20147944669907,0
-72.47909589406197,0
-70.12445725565269,0
-59.292331132723845,0
-66.35122430384635,0
-65.77514892528002,0
-68.53776058905244,0
-67.94885878671352,0
-70.51577536608656,0
-70.0901769366052,0
-62.06527241837863,0
-61.89553958612894,0
-72.39171405353994,0
-67.86199584819568,0
-72.39171405353994,0
-66.68333303769269,0
-70.16300390833868,0
-67.94885878671352,0
-64.66550250653133,0
-70.51577536608656,0
-72.39171405353994,0
-59.292331132723845,0
-69.2622822131147,0
-59.292331132723845,0
-63.312020863170794,0
-64.81316317496706,0
-59.94300885692018,0
-46.852961792596474,0
-69.8095739241705,0
-70.15136772580556,0
-73.98023820585824,0
-70.8299733426308,0
-66.05993022276951,0
-72.39171405353994,0
-62.97964654477207,0
-64.81877917636328,0
-66.04701071513517,0
-68.71168488782149,0
-67.66126880360297,0
-72.39171405353994,0
-62.34010468646379,0
-67.9247082894369,0
-72.93160335925702,0
-67.88412590004359,0
-68.56400379956519,0
-67.08463043038545,0
-71.96567354556564,0
-67.94033121935496,0
-60.652644997685215,0
-66.00457797435035,0
-70.51577536608656,0
-70.12970312269391,0
-63.566414730174905,0
-65.11086239364154,0
-59.547398197072276,0
-70.14283295565147,0
-72.39171405353994,0
-70.8299733426308,0
-55.43304957409428,0
-65.60060766762284,0
-67.51420153126271,0
-66.45834810338896,0
-66.19975610998497,0
-67.88412590004359,0
-61.92426089539868,0
-67.86079014507636,0
-67.81029259120312,0
-68.05435947962891,0
-67.4005262849917,0
-65.95527938087021,0
-64.32735170542296,0
-68.71628943301735,0
-63.080676465428695,0
-66.15037448807819,0
-72.39171405353994,0
-72.39171405353994,0
-66.35122430384635,0
-64.2772930348691,0
-64.47605946001244,0
-67.03032249938755,0
-48.66035864767061,0
-72.40825705312258,0
-65.35283398743546,0
-63.8355851162825,0
-68.7829690280935,0
-63.312020863170794,0
-67.94515605806313,0
-64.39180420699218,0
-64.54981652363014,0
-72.94436483835602,0
-59.292331132723845,0
-72.39171405353994,0
-59.292331132723845,0
-72.78962159689176,0
-68.73841953526173,0
-72.39171405353994,0
-64.54637868035094,0
-40.62079876807545,0
-48.97581750255709,0
-64.25903792424484,0
-68.34303952815102,0
-69.10318693310028,0
-38.292789509645324,0
-64.90097499268431,0
-66.65879571852132,0
-67.14879659906659,0
-66.04914321281068,0
-67.05461054387322,0
-70.85660765469495,0
-65.90980396053581,0
-72.5676107851648,0
-70.96988822874975,0
-67.8808163406926,0
-66.80400282769239,0
-53.78770653190324,0
-65.22371135162787,0
-53.91271802643306,0
-68.50297364154564,0
-68.70821611686951,0
-65.73415291304406,0
-69.19052978591517,0
-64.52774643055626,0
-66.07292009926013,0
-65.30867493901364,0
-40.24022188471829,0
-72.39171405353994,0
-72.39171405353994,0
-70.6069369411492,0
-66.06921737060975,0
-55.89193214090105,0
-70.66299285915511,0
-68.72832298023383,0
-64.85008199205008,0
-72.39171405353994,0
-65.88331677123986,0
-65.90019612798748,0
-63.005746326209874,0
-61.852861169207436,0
-67.23604580404316,0
-39.457302013029576,0
-72.39171405353994,0
-59.292331132723845,0
-70.13626478753937,0
-59.292331132723845,0
-71.06646847336853,0
-72.85584994725316,0
-61.146898306214844,0
-72.39171405353994,0
-66.04953361040343,0
-70.37534622447951,0
-72.96788795528389,0
-72.39171405353994,0
-54.08961000987205,0
-66.07292009926013,0
-66.02003036901105,0
-67.92776407233058,0
-72.84308846815419,0
-69.50472776245938,0
-68.91992907914155,0
-64.88692085108788,0
-65.31299777480253,0
-59.292331132723845,0
-71.39258396904101,0
-20.583123380648217,0
-68.10276696025004,0
-72.5676107851648,0
-70.8299733426308,0
-63.534084793823,0
-72.39171405353994,0
-59.292331132723845,0
-68.96222409071308,0
-66.78129230930185,0
-67.46156971113473,0
-72.39171405353994,0
-66.74101185115,0
-71.61889682959284,0
-72.47909589406197,0
-61.329819082891575,0
-69.50472776245938,0
-63.410792001700194,0
-63.91780166566478,0
-70.8299733426308,0
-66.71038589740685,0
-70.10404507764068,0
-68.37819993378375,0
-67.968679174991,0
-65.6576491140291,0
-70.51577536608656,0
-72.47909589406197,0
-59.292331132723845,0
-67.968679174991,0
-66.0744155629516,0
-52.83226580666451,0
-70.15751027681341,0
-72.87156831988253,0
-61.89924231477931,0
-71.44172706286825,0
-62.48562842429997,0
-70.8299733426308,0
-66.0518253848772,0
-70.66299285915511,0
-49.723150230448574,0
-70.1858822049881,0
-59.292331132723845,0
-56.3410169061758,0
-70.8299733426308,0
-44.26593897839049,0
-70.16914640886031,0
-54.15597469119519,0
-68.6351224757431,0
-59.292331132723845,0
-67.97387736733288,0
-71.82622698262117,0
-64.39024281582884,0
-65.02219756576764,0
-72.93610497457598,0
-64.95047429101088,0
-70.89819237331979,0
-72.10429951840486,0
-67.86199584819568,0
-64.27913639402973,0
-59.30033242945264,0
-62.34010468646379,0
-64.93490700174587,0
-72.39171405353994,0
-72.39171405353994,0
-74.35549679535796,0
-70.44732747671338,0
-42.16688042418997,0
-68.95403465517741,0
-72.39171405353994,0
-65.90750737320279,0
-61.637334454418415,0
-67.87755773193149,0
-69.67198917926676,0
-61.900737778470805,0
-67.93366534752741,0
-65.72820832900338,0
-69.31494372549307,0
-64.55870784595069,0
-67.8808163406926,0
-65.09362038165266,0
-71.06646847336853,0
-64.81316317496706,0
-68.72651812074396,0
-68.32474948009451,0
-59.292331132723845,0
-72.39171405353994,0
-66.70852451554515,0
-65.15570986959365,0
-49.65113539509493,0
-42.3507433417699,0
-60.018802012006965,0
-68.64498837823535,0
-67.99954604918679,0
-41.67103433198316,0
-73.98023820585824,0
-73.98023820585824,0
-65.38526842125877,0
-68.81065630112619,0
-70.8299733426308,0
-72.47909589406197,0
-61.153604350245885,0
-42.13613723883376,0
-65.83628816952363,0
-66.08038445432926,0
-64.27666868985092,0
-63.45570536395222,0
-70.28897440864915,0
-61.53073344011534,0
-72.86257460425878,0
-72.39171405353994,0
-73.98023820585824,0
-68.83889510936453,0
-61.89474069946035,0
-68.26769898541536,0
-73.98023820585824,0
-71.00587007425565,0
-65.30263447650566,0
-72.39171405353994,0
-66.69379493953505,0
-70.5943476315928,0
-72.47909589406197,0
-66.87473848571167,0
-67.81119486174012,0
-68.87499601849672,0
-71.58759691611797,0
-62.34010468646379,0
-74.38051537597732,0
-67.97387736733288,0
-74.57000336800736,0
-51.75692098282057,0
-56.254965292610784,0
-72.39171405353994,0
-58.1825275979834,0
-72.39171405353994,0
-61.89553958612894,0
-66.2705551321552,0
-67.94033121935496,0
-70.45252566905523,0
-61.30496013601971,0
-65.62681538977516,0
-67.70711808690145,0
-70.21485206019105,0
-77.76492941959225,0
-72.47909589406197,0
-59.292331132723845,0
-64.23703248469079,0
-67.93759277130602,0
-66.68867979057349,0
-71.89998873249212,0
-72.39171405353994,0
-61.818947544373565,0
-71.42063234848534,0
-67.94209438662497,0
-70.70319044617158,0
-74.29076390868804,0
-45.44246870965996,0
-72.39171405353994,0
-68.69529619609028,0
-72.5676107851648,0
-68.66643788931738,0
-64.67097347679797,0
-71.00587007425565,0
-60.33379887521979,0
-68.40741672520788,0
-68.18447534948896,0
-74.59109168265587,0
-68.3021593020201,0
-57.90840856019359,0
-71.00587007425565,0
-64.95047429101088,0
-72.39171405353994,0
-66.07328488079676,0
-71.53879829116354,0
-63.32178362441678,0
-73.98023820585824,0
-70.19132894326319,0
-69.82845413100978,0
-71.32446335536153,0
-59.292331132723845,0
-61.23086629931203,0
-67.88412590004359,0
-70.10404507764068,0
-67.61582502038107,0
-68.3794007571,0
-62.45594856151288,0
-67.16076297113352,0
-66.58964652072892,0
-66.50986617833266,0
-71.17313149106303,0
-65.06595840230436,0
-67.92776407233058,0
-72.2670430567329,0
-48.62209903205135,0
-60.84784312986583,0
-57.62709854916392,0
-71.377425935105,0
-66.15343400110937,0
-72.04803486876452,0
-70.11414123895807,0
-67.97387736733288,0
-71.88718036014293,0
-72.5676107851648,0
-54.05732822996852,0
-55.08793316783006,0
-67.39277892225083,0
-67.00050686426582,0
-59.292331132723845,0
-59.292331132723845,0
-68.51447509957848,0
-69.19052978591517,0
-67.39477027167166,0
-72.04577208399493,0
-46.059762002514695,0
-69.87322195187056,0
-72.47909589406197,0
-59.292331132723845,0
-68.42817444365161,0
-72.8135764727263,0
-70.51577536608656,0
-68.25350855167133,0
-59.292331132723845,0
-65.5688469031938,0
-66.66734452295572,0
-65.95458756316279,0
-72.39171405353994,0
-61.13848569896747,0
-59.292331132723845,0
-67.94885878671352,0
-68.64239660470322,0
-62.88094289619839,0
-73.98023820585824,0
-66.32240919667892,0
-55.43183582173194,0
-59.292331132723845,0
-67.97387736733288,0
-68.95349656512812,0
-61.33672644076693,0
-71.55436017489936,0
-67.87183251319506,0
-67.37442675100831,0
-48.562274788901114,0
-47.43734581324573,0
-58.235320108501774,0
-65.96500062566074,0
-70.18063711939604,0
-59.292331132723845,0
-59.292331132723845,0
-59.292331132723845,0
-64.67065270694758,0
-64.33222675368694,0
-70.5528896359787,0
-59.292331132723845,0
-64.93206139636932,0
-72.39171405353994,0
-70.8299733426308,0
-70.13969836953814,0
-69.87344349536377,0
-70.5401281568797,0
-70.15104695595517,0
-68.54012391320857,0
-59.292331132723845,0
-53.57192587272176,0
-66.88953188132669,0
-68.07237424823442,0
-64.03365011634335,0
-69.52095506462624,0
-70.10342420350217,0
-72.39171405353994,0
-70.1757391504205,0
-64.81316317496706,0
-72.39171405353994,0
-72.47909589406197,0
-65.05939023419226,0
-71.35486412435041,0
-42.3428330432364,0
-68.31198800099551,0
-70.17757544795788,0
-70.9790866328465,0
-70.51577536608656,0
-68.73322094920937,0
-65.95743835539695,0
-44.90846092558068,0
-67.95035425040498,0
-49.77995285685467,0
-61.70102116697615,0
-67.99656569737022,0
-72.39171405353994,0
-63.853609931892905,0
-59.23869813724915,0
-67.45325435327764,0
-72.39171405353994,0
-64.81316317496706,0
-67.97387736733288,0
-57.87999667411669,0
-71.00311519740292,0
-67.968679174991,0
-41.8783868304895,0
-61.818947544373565,0
-67.0993749487628,0
-72.39171405353994,0
-73.96082679652152,0
-71.88718036014293,0
-64.81316317496706,0
-62.77832607483511,0
-62.424648403122916,0
-64.61429367468291,0
-66.64724670053587,0
-42.40425217989673,0
-67.968679174991,0
-72.39171405353994,0
-38.98057991292735,0
-66.95064192371501,0
-71.84505501367428,0
-68.75654356161496,0
-71.00587007425565,0
-64.33744786674036,0
-69.47651073774568,0
-60.652644997685215,0
-71.06646847336853,0
-72.39171405353994,0
-64.64927727121623,0
-66.22870985923747,0
-69.6337079113593,0
-64.84313890741109,0
-65.82364871628913,0
-66.86613137382756,0
-59.292331132723845,0
-67.8808163406926,0
-62.684823692660025,0
-68.84546327747663,0
-72.4184974949491,0
-70.91735518315282,0
-67.29036758312266,0
-66.36025889034293,0
-61.639325438030674,0
-54.89538952929722,0
-67.95035425040498,0
-68.56920199190704,0
-59.42493857324987,0
-64.28557347787081,0
-63.03459677557885,0
-21.68082339367995,0
-72.39171405353994,0
-61.899393442477354,0
-59.292331132723845,0
-68.7200425372321,0
-67.1545487221082,0
-72.39171405353994,0
-66.15167083383936,0
-72.39171405353994,0
-59.292331132723845,0
-72.5676107851648,0
-64.36983063781682,0
-72.5676107851648,0
-61.900737778470805,0
-72.5676107851648,0
-68.1137454280023,0
-63.672502081849295,0
-59.292331132723845,0
-60.25758174999131,0
-72.39171405353994,0
-71.4372254475493,0
-72.39171405353994,0
-70.1743446012022,0
-62.8918016573416,0
-71.19627941438671,0
-38.523663521924306,0
-67.56230911075221,0
-48.54730996686906,0
-72.39171405353994,0
-66.9106265957096,0
-61.900737778470805,0
-68.49640547343354,0
-72.39171405353994,0
-25.382760443891936,0
-71.853137452774,0
-68.78663484665495,0
-47.48951202779066,0
-71.37368461684734,0
-70.8299733426308,0
-71.00343437672767,0
-43.910502762778854,0
-56.676628627221106,0
-72.39171405353994,0
-67.75817627169019,0
-70.8299733426308,0
-66.76037266739752,0
-51.99978028865718,0
-64.92323744584039,0
-70.63138149603151,0
-56.3799767695225,0
-69.25036543846167,0
-53.447223640714434,0
-64.81316317496706,0
-64.61438359592995,0
-72.39171405353994,0
-67.97387736733288,0
-67.07933766715003,0
-68.15409972178529,0
-68.90649343549615,0
-64.25254669372727,0
-60.8483952682287,0
-72.39171405353994,0
-65.50311321158894,0
-72.39171405353994,0
-71.55720420410233,0
-55.133228324730354,0
-65.3650663385607,0
-51.03483882740599,0
-67.93759277130602,0
-72.39171405353994,0
-68.3606569324912,0
-61.77851401241474,0
-70.28335541266124,0
-71.84509612357039,0
-64.65066222811905,0
-59.292331132723845,0
-66.64885949760799,0
-59.292331132723845,0
-72.39171405353994,0
-71.86959602047648,0
-65.6350752535552,0
-70.1408459473839,0
-72.5676107851648,0
-39.56326772077231,0
-72.39171405353994,0
-57.094683568752444,0
-72.47909589406197,0
-68.3036612351574,0
-70.12438737968142,0
-70.8299733426308,0
-63.28395462594115,0
-42.40216824277634,0
-69.66450767115919,0
-72.39171405353994,0
-69.66450767115919,0
-55.86098753805451,0
-72.39171405353994,0
-67.49306712813416,0
-66.95367668386363,0
-64.57913623552278,0
-73.98023820585824,0
-61.09862313726842,0
-64.57677139236658,0
-40.21967208853366,0
-57.681704697170304,0
-68.8985191354246,0
-51.0073804314424,0
-58.62650427443297,0
-72.39171405353994,0
-48.31924158445805,0
-71.06646847336853,0
-67.50819884223164,0
-72.87417487183917,0
-65.24552818163745,0
-72.39171405353994,0
-66.79714404019398,0
-69.63411495914357,0
-69.66450767115919,0
-67.47255764346295,0
-73.98023820585824,0
-69.32419638209839,0
-57.65521091976157,0
-64.26580232433338,0
-59.292331132723845,0
-70.11963487048337,0
-59.292331132723845,0
-70.11629740202551,0
-63.22138442284968,0
-71.3582914109478,0
-56.3799767695225,0
-46.98182793770225,0
-73.98023820585824,0
-73.98023820585824,0
-54.67211556163409,0
-67.15001924807886,0
-64.01768927242202,0
-65.48806377574508,0
-65.01750672505929,0
-59.82018524539938,0
-70.55879594128969,0
-69.32014191783492,0
-57.10773598284664,0
-67.06768578359036,0
-63.45762296607914,0
-61.866270192538444,0
-74.35179406670758,0
-67.09453462077212,0
-60.97082719426496,0
-65.21433787220228,0
-68.50648911239864,0
-66.09747979828424,0
-57.69450416824949,0
-72.39171405353994,0
-68.40966741809672,0
-27.628179150017292,0
-72.39171405353994,0
-71.96567354556564,0
-59.292331132723845,0
-65.45655465879837,0
-71.36180720898939,0
-62.97964654477207,0
-69.64567050378972,0
-68.25836677556255,0
-31.328935359797736,0
-70.32005921994391,0
-66.56883589394825,0
-70.14741411549599,0
-73.98023820585824,0
-72.39171405353994,0
-70.19132894326319,0
-72.39171405353994,0
-68.88816831471252,0
-70.8299733426308,0
-72.39171405353994,0
-70.8299733426308,0
-65.73798810802975,0
-71.0171567342719,0
-70.09154679564422,0
-67.82505050425387,0
-64.81316317496706,0
-64.87861409405765,0
-70.15292911696889,0
-67.55711091841036,0
-74.35699225904943,0
-51.915751204263195,0
-64.30382858849507,0
-72.39171405353994,0
-72.39171405353994,0
-67.97387736733288,0
-68.86772963323247,0
-59.292331132723845,0
-65.9170203645331,0
-61.62318076330481,0
-65.80375633216468,0
-66.62046678598016,0
-66.29615175601934,0
-71.06646847336853,0
-63.242852054787875,0
-64.84970707552318,0
-50.15275821465304,0
-66.87446066413888,0
-70.16578116737196,0
-68.95403465517741,0
-58.61384515664384,0
-70.46386111558235,0
-70.55961429298432,0
-38.57822768625676,0
-63.031800705319505,0
-72.39171405353994,0
-59.292331132723845,0
-68.06859462064617,0
-70.17307383263892,0
-69.94733088648948,0
-68.60327768237129,0
-73.98023820585824,0
-67.62878907500603,0
-66.06841848394117,0
-72.39171405353994,0
-67.94515605806313,0
-71.3582914109478,0
-70.55879594128969,0
-54.877059741216954,0
-59.292331132723845,0
-68.4681601798575,0
-66.3598431029432,0
-64.30390171876243,0
-69.1299313868023,0
-72.39171405353994,0
-72.39171405353994,0
-64.31961556236959,0
-69.54469366103196,0
-72.39171405353994,0
-68.71053730997573,0
-61.625336926372235,0
-72.39171405353994,0
-68.56921483688437,0
-62.84634842738801,0
-72.93434180730597,0
-71.853137452774,0
-61.27828708262882,0
-72.39171405353994,0
-64.49592774969278,0
-59.292331132723845,0
-71.84178886635698,0
-70.69167209771145,0
-69.33645166241064,0
-70.15446581974408,0
-70.09747690952858,0
-71.00587007425565,0
-67.86893893283465,0
-69.84992821795348,0
-70.8299733426308,0
-68.36227815251745,0
-58.551547493820216,0
-69.16282391490634,0
-70.8299733426308,0
-44.75011861086184,0
-62.1268758545362,0
-68.94092941810374,0
-68.39383567481113,0
-72.39171405353994,0
-60.95004756921561,0
-67.99656569737022,0
-71.00587007425565,0
-47.04310598363462,0
-55.22253808110724,0
-70.8299733426308,0
-72.39171405353994,0
-66.81594746140435,0
-35.97449023762177,0
-65.37390446541981,0
-54.597953976354155,0
-64.24422280666708,0
-70.20416023632393,0
-66.82585580077773,0
-72.39171405353994,0
-68.87193434705856,0
-43.542575567758334,0
-70.13771288625881,0
-69.64439973522644,0
-66.14448349771692,0
-66.93044698398711,0
-40.42978635202078,0
-65.96987830443156,0
-64.3702161815074,0
-70.20413731561237,0
-63.566414730174905,0
-59.292331132723845,0
-66.00190634265782,0
-68.67754951591179,0
-70.19583055858214,0
-68.90908696202054,0
-59.17690290465982,0
-73.98023820585824,0
-31.162312096230455,0
-70.1691709823084,0
-62.685609153715255,0
-70.1858822049881,0
-72.39171405353994,0
-61.85351112791475,0
-51.44239765048516,0
-67.93033734700882,0
-70.8299733426308,0
-63.58449848720939,0
-67.86893893283465,0
-66.80101699022383,0
-69.99524782217125,0
-68.71784423852552,0
-59.292331132723845,0
-67.45042759161501,0
-64.3605483479389,0
-72.30803683242115,0
-59.815736519534894,0
-65.15570986959365,0
-72.47909589406197,0
-41.996285933298545,0
-40.444116666315146,0
-72.39171405353994,0
-65.2823324510606,0
-44.3798262611568,0
-68.95403465517741,0
-65.31393882738253,0
-72.39171405353994,0
-68.19870987980292,0
-67.01885636229991,0
-71.06646847336853,0
-69.81953550593784,0
-72.39171405353994,0
-72.39171405353994,0
-64.83429338539976,0
-64.31961556236959,0
-32.33701502180983,0
-72.39171405353994,0
-65.36780352085107,0
-59.292331132723845,0
-72.39171405353994,0
-71.86502239918815,0
-68.16788225042498,0
-68.17771094940042,0
-70.5362664381804,0
-60.33750160387016,0
-67.50488928288065,0
-66.32238518913444,0
-51.67928900065856,0
-65.898613215901,0
-62.32470159786613,0
-69.58436469585192,0
-72.39171405353994,0
-68.70265079933941,0
-67.09455196409166,0
-64.90890713154602,0
-57.98864440751328,0
-71.61439521427388,0
-63.74693422810451,0
-68.21399554542728,0
-65.30867493901364,0
-73.98023820585824,0
-70.63314466330152,0
-69.27274824872734,0
-72.39171405353994,0
-67.27287946816548,0
-69.66450767115919,0
-63.404755581343906,0
-60.24721851652222,0
-68.36630410455705,0
-37.90671526064177,0
-69.87423313723798,0
-59.292331132723845,0
-74.27520202495222,0
-52.61759536309074,0
-31.798163575352927,0
-72.39171405353994,0
-59.292331132723845,0
-43.87173377438572,0
-72.39171405353994,0
-71.84505501367428,0
-59.292331132723845,0
-66.01603982706587,0
-64.81316317496706,0
-62.8574197792705,0
-65.25276650345155,0
-65.37698797825706,0
-72.39171405353994,0
-70.12445725565269,0
-39.7901984104064,0
-68.70952503292881,0
-54.08961000987205,0
-67.88412590004359,0
-68.05435947962891,0
-72.39171405353994,0
-66.5807045908765,0
-64.50515852384272,0
-65.9028559103031,0
-63.94056577905446,0
-72.39171405353994,0
-65.7427717121409,0
-61.29567906836135,0
-72.39171405353994,0
-71.84505501367428,0
-58.941252613041634,0
-61.818947544373565,0
-69.66747723102003,0
-68.31955128775266,0
-68.75037648764524,0
-59.39047098731751,0
-67.94885878671352,0
-67.12142004234727,0
-44.30323421940143,0
-66.40693846408185,0
-67.13485235081534,0
-72.39171405353994,0
-67.22531346079258,0
-67.05813931112074,0
-60.0052784131695,0
-61.900737778470805,0
-68.31472644904446,0
-66.06510207264446,0
-65.43651773346562,0
-39.04914509590766,0
-67.94209438662497,0
-67.45754375909513,0
-71.00587007425565,0
-72.39171405353994,0
-71.86502239918815,0
-72.39171405353994,0
-59.82162997422492,0
-66.5986984187287,0
-65.3636378982316,0
-67.30366201232394,0
-67.30951398932991,0
-61.262456064461304,0
-72.39171405353994,0
-72.47909589406197,0
-40.20728887166421,0
-55.43304957409428,0
-56.1942464546415,0
-61.67629409651649,0
-71.92144417232885,0
-67.03380213358247,0
-70.21485206019105,0
-60.53838868206457,0
-68.78741198211762,0
-28.581712166924618,0
-61.666160687597575,0
-70.04258430060688,0
-71.3582914109478,0
-68.13673821843015,0
-66.04011409340605,0
-72.39171405353994,0
-42.379285079057354,0
-66.85140620633503,0
-74.33440208097502,0
-72.39171405353994,0
-65.40948428391333,0
-65.61784422949665,0
-65.99311183726272,0
-68.3606569324912,0
-69.57617573909654,0
-64.41194892266222,0
-53.447223640714434,0
-70.60315720660859,0
-61.92426089539868,0
-27.628179150017292,0
-70.54255880749571,0
-62.76513431934087,0
-43.09322510312673,0
-73.98023820585824,0
-63.38098368043961,0
-65.07233697524201,0
-70.19264660507665,0
-67.09577119695855,0
-64.4498929470254,0
-60.394360800958324,0
-64.57648075274274,0
-67.50730165844814,0
-67.92776407233058,0
-64.31180847900356,0
-68.0939250397248,0
-72.29820813344574,0
-65.24945694410057,0
-70.54255880749571,0
-70.57186661736915,0
-61.88797629937181,0
-61.02899533886002,0
-72.39171405353994,0
-67.92776407233058,0
-69.70757576435334,0
-66.87924010103063,0
-72.39171405353994,0
-68.95403465517741,0
-71.35486412435041,0
-68.71707570200047,0
-67.41727397304737,0
-61.866270192538444,0
-70.14654534063621,0
-64.54637868035094,0
-35.03191009273998,0
-64.81316317496706,0
-68.87260643097667,0
-70.12574451047433,0
-70.8299733426308,0
-74.34423077995046,0
-54.47597050097896,0
-68.2575479401551,0
-40.23726177155588,0
-61.81932246090046,0
-59.292331132723845,0
-68.43753571107726,0
-62.786229033723785,0
-65.48517324915808,0
-65.29843042293233,0
-67.86199584819568,0
-67.59028931658976,0
-72.39171405353994,0
-69.48235272349444,0
-72.39171405353994,0
-58.64189050010233,0
-72.39171405353994,0
-64.47941312458879,0
-56.06761795789575,0
-69.7632118160092,0
-64.93206139636932,0
-72.39171405353994,0
-72.77443462968283,0
-62.90523968787864,0
-61.92426089539868,0
-72.39171405353994,0
-59.292331132723845,0
-70.42030186053258,0
-52.145531813752754,0
-72.39171405353994,0
-53.48015242115487,0
-66.74843497548694,0
-58.08461323624827,0
-55.86098753805451,0
-66.23873289028751,0
-51.63610147739975,0
-70.60315720660859,0
-72.39171405353994,0
-70.05606189230606,0
-63.21688280753072,0
-65.3220389260738,0
-71.89792105540099,0
-63.566414730174905,0
-68.3702124290474,0
-66.72503807008354,0
-70.19926226734839,0
-68.7200425372321,0
-56.574569078191274,0
-72.39171405353994,0
-70.16424843988477,0
-71.06646847336853,0
-72.39171405353994,0
-66.06841848394117,0
-72.39171405353994,0
-63.61489119922501,0
-64.37513987756267,0
-59.292331132723845,0
-66.44881079264113,0
-59.292331132723845,0
-66.68859674719319,0
-70.8299733426308,0
-62.611270208809756,0
-70.15768027177268,0
-61.26675955341998,0
-70.18063711939604,0
-70.43586133962575,0
-67.07933766715003,0
-70.60315720660859,0
-64.43813735737167,0
-62.653704932988575,0
-73.98023820585824,0
-68.31472644904446,0
-70.8299733426308,0
-72.39171405353994,0
-63.09100031652319,0
-65.79297805253998,0
-39.2358672089099,0
-53.45381293690912,0
-38.97188937905594,0
-61.639988010516994,0
-72.39171405353994,0
-72.39171405353994,0
-61.866270192538444,0
-72.39171405353994,0
-69.63067961557292,0
-70.01634253655419,0
-70.77466663536985,0
-59.292331132723845,0
-59.14088822221379,0
-68.0939250397248,0
-70.35199514097773,0
-70.51577536608656,0
-70.16238200877177,0
-74.04934168762438,0
-69.50472776245938,0
-61.89553958612894,0
-72.39171405353994,0
-56.09357249166058,0
-72.39171405353994,0
-64.66760219580226,0
-64.90853827944143,0
-69.04141649569944,0
-58.02853845472328,0
-67.06608421951705,0
-72.39171405353994,0
-72.7257136384279,0
-71.17715744310263,0
-72.39171405353994,0
-72.87156831988253,0
-65.62505222250518,0
-72.47909589406197,0
-71.06646847336853,0
-64.6506344290533,0
-72.39171405353994,0
-55.190572381024865,0
-63.87655967335773,0
-70.8299733426308,0
-67.22905034162669,0
-70.9790866328465,0
-67.93759277130602,0
-70.1408459473839,0
-58.941252613041634,0
-70.22471740706956,0
-70.15231208447153,0
-70.2529627006456,0
-63.149509029757425,0
-67.8808163406926,0
-63.67007615855731,0
-64.06164954099044,0
-68.87017117978854,0
-72.39171405353994,0
-68.95525973239813,0
-42.457050730574224,0
-71.00587007425565,0
-59.50743742097829,0
-69.6337079113593,0
-68.57364774444717,0
-66.76973147695026,0
-59.292331132723845,0
-72.39171405353994,0
-69.63411495914357,0
-20.583123380648217,0
-66.04011409340605,0
-72.03144176970056,0
-67.93759277130602,0
-70.1408459473839,0
-72.39171405353994,0
-62.34010468646379,0
-59.99282878150273,0
-70.60315720660859,0
-72.39171405353994,0
-67.5358391636224,0
-72.5676107851648,0
-59.292331132723845,0
-74.28745434933705,0
-62.38016515330591,0
-68.6252231385344,0
-69.13023918423524,0
-65.32730856950006,0
-60.04312401560343,0
-72.07235687236098,0
-72.1811450515873,0
-72.39171405353994,0
-62.85542247006066,0
-60.95737455719116,0
-73.76818536852917,0
-70.17757544795788,0
-60.31640688948725,0
-64.0889084761012,0
-48.50329131164715,0
-61.900737778470805,0
-72.39171405353994,0
-71.86501486063196,0
-70.14283295565147,0
-32.67797786314466,0
-70.8299733426308,0
-55.33086969204211,0
-66.7820792843181,0
-68.2522455910932,0
-65.81268604009917,0
-57.58997540385959,0
-62.65440570542,0
-60.97904159193037,0
-59.292331132723845,0
-58.941252613041634,0
-70.14773092462701,0
-64.99443756267118,0
-67.38577655604794,0
-70.11963487048337,0
-70.8299733426308,0
-68.90569454882757,0
-72.39171405353994,0
-40.42978635202078,0
-56.84364491932399,0
-42.319427369839005,0
-63.566414730174905,0
-56.27814512964585,0
-72.82936834850067,0
-66.02601049347555,0
-68.27493992588767,0
-48.562274788901114,0
-68.4327009673494,0
-72.39171405353994,0
-63.112170522317356,0
-68.79076564617651,0
-71.33634830177567,0
-72.39171405353994,0
-72.39171405353994,0
-58.698272317639585,0
-63.67858927838647,0
-65.99567634154826,0
-62.88094289619839,0
-73.98023820585824,0
-68.00601137804303,0
-66.57220088269435,0
-72.4184974949491,0
-72.39171405353994,0
-62.05315048831587,0
-46.11538226175543,0
-38.83596829876186,0
-68.14481906352597,0
-71.06646847336853,0
-64.56292239853028,0
-66.23273581127707,0
-71.3582914109478,0
-67.88412590004359,0
-67.29171220718254,0
-59.91056144442346,0
-72.39171405353994,0
-67.72593857939837,0
-63.312020863170794,0
-68.94437363402386,0
-69.31819930308794,0
-69.01931089676964,0
-72.90989725242366,0
-70.13095554779352,0
-72.39171405353994,0
-69.86068201626478,0
-72.39171405353994,0
-72.39171405353994,0
-70.8299733426308,0
-71.89168197546189,0
-63.01343381528849,0
-70.5401281568797,0
-68.00554312819722,0
-74.35179406670758,0
-68.72533829721765,0
-42.40701097413069,0
-68.74841438839545,0
-59.292331132723845,0
-61.89924231477931,0
-72.39171405353994,0
-72.03144176970056,0
-68.73612260858388,0
-72.39171405353994,0
-67.15926750744202,0
-62.79308006189997,0
-66.6553610925618,0
-65.2728579116132,0
-55.43304957409428,0
-62.464533709917056,0
-66.76879276825233,0
-71.86502239918815,0
-70.21485206019105,0
-69.35328896741593,0
-72.10429951840486,0
-70.60315720660859,0
-67.88412590004359,0
-69.2621512149747,0
-33.93874803764239,0
-67.95035425040498,0
-70.8299733426308,0
-48.50329131164715,0
-68.82252641060555,0
-46.985137497053245,0
-71.73268664063733,0
-55.08793316783006,0
-68.69497542623989,0
-61.26640967477087,0
-25.03834364380149,0
-70.51577536608656,0
-65.33415560220851,0
-59.0932427506538,0
-72.39171405353994,0
-63.566414730174905,0
-66.39114560013259,0
-61.91906270305682,0
-59.50743742097829,0
-74.26863385684013,0
-61.10412566070008,0
-60.952211698226634,0
-59.292331132723845,0
-70.51577536608656,0
-70.8299733426308,0
-72.5676107851648,0
-64.4228434503422,0
-72.39171405353994,0
-67.39658069292715,0
-70.15768027177268,0
-72.39171405353994,0
-43.71026657914691,0
-34.8859539243446,0
-59.292331132723845,0
-42.00134789815637,0
-65.39016639023431,0
-61.890714747420766,0
-57.10574711303868,0
-59.292331132723845,0
-45.245575435052636,0
-67.86893893283465,0
-64.81316317496706,0
-58.66490709048628,0
-37.43980481130146,0
-59.292331132723845,0
-59.292331132723845,0
-62.34010468646379,0
-59.292331132723845,0
-37.56795249223392,0
-72.39171405353994,0
-71.98123542930148,0
-68.4416047155677,0
-72.39171405353994,0
-67.7542224462525,0
-71.86501486063196,0
-71.92144417232885,0
-62.426820361331565,0
-59.292331132723845,0
-59.292331132723845,0
-71.06646847336853,0
-56.22493411430559,0
-66.56289109559334,0
-70.1130387932644,0
-70.11629740202551,0
-70.20413731561237,0
-72.7241271046603,0
-64.08785691737805,0
-64.8779814011502,0
-65.97811068009067,0
-72.39171405353994,0
-70.51842205004634,0
-59.292331132723845,0
-20.583123380648217,0
-65.20924358561058,0
-65.27400548945896,0
-68.95349656512812,0
-73.15737594731395,0
-70.08567532128625,0
-66.96701786806123,0
-68.86772963323247,0
-72.39171405353994,0
-66.0081872125902,0
-67.91156896140495,0
-67.86199584819568,0
-61.30496013601971,0
-34.37300376291604,0
-58.951619039250694,0
-61.23133935099082,0
-29.66308539676641,0
-61.89474069946035,0
-45.63295426402721,0
-70.11629740202551,0
-76.07114567980364,0
-74.350995180039,0
-67.3492286743094,0
-73.98023820585824,0
-66.60543653732572,0
-72.39171405353994,0
-69.05847198118805,0
-72.87482692864361,0
-61.61501480854662,0
-49.20557405212369,0
-67.93759277130602,0
-65.97892958121598,0
-69.88328181919542,0
-72.39171405353994,0
-68.24295924599727,0
-70.51577536608656,0
-71.89168197546189,0
-63.00864841983896,0
-63.838319432088525,0
-74.26863385684013,0
-71.40875494062739,0
-59.292331132723845,0
-67.62878907500603,0
-63.131323565015606,0
-72.39171405353994,0
-48.06020837983839,0
-68.31761227307493,0
-57.11230735268386,0
-69.87344349536377,0
-70.6069369411492,0
-66.70164699970377,0
-34.8859539243446,0
-72.94436483835602,0
-70.48529363470755,0
-66.621871006304,0
-72.39171405353994,0
-47.072493139665916,0
-68.80400508118157,0
-66.41213665642373,0
-40.20728887166421,0
-64.26767497422718,0
-65.12698856032391,0
-59.619979140810564,0
-68.27268098292159,0
-66.38284906841734,0
-66.13910368681499,0
-72.39171405353994,0
-60.91277997706888,0
-69.31417335104834,0
-40.56772671440422,0
-59.292331132723845,0
-66.97752998886918,0
-66.85711263585347,0
-72.39171405353994,0
-65.439960629145,0
-68.4129769774477,0
-68.05398456310203,0
-58.6772514559843,0
-66.06510207264446,0
-45.24980536909428,0
-70.51577536608656,0
-34.8859539243446,0
-58.3667303271133,0
-66.2430049328908,0
-70.8299733426308,0
-71.3582914109478,0
-70.51577536608656,0
-70.16424843988477,0
-70.14283295565147,0
-72.94286937466453,0
-68.18044939744937,0
-70.51577536608656,0
-44.62862145487194,0
-70.8299733426308,0
-70.14741411549599,0
-67.86893893283465,0
-56.22679335890679,0
-72.39171405353994,0
-64.49991337294348,0
-67.47255764346295,0
-70.8299733426308,0
-68.68801623212379,0
-59.292331132723845,0
-59.500152556375454,0
-66.03289247448755,0
-66.22682827279668,0
-60.91277997706888,0
-59.39047098731751,0
-66.2408353517341,0
-59.292331132723845,0
-66.90386219562106,0
-66.5986984187287,0
-70.16750552365764,0
-62.77425956940304,0
-50.489269134740226,0
-70.00851018883307,0
-68.73322094920937,0
-42.0007875486175,0
-72.76749154504385,0
-66.44004228083274,0
-72.39171405353994,0
-68.45255621089032,0
-71.84178886635698,0
-51.02834759688842,0
-67.83530935061437,0
-39.56471330028636,0
-70.22766043254023,0
-67.94885878671352,0
-64.24112823133898,0
-66.69379493953505,0
-64.56881635457604,0
-64.6387848202611,0
-66.59433093454228,0
-67.87755773193149,0
-59.292331132723845,0
-67.20524955796095,0
-59.336580171040545,0
-63.34444945043744,0
-63.332338678254004,0
-66.09793867987949,0
-72.47909589406197,0
-68.53575850598912,0
-66.154972507358,0
-70.19132894326319,0
-59.292331132723845,0
-67.86856401630777,0
-72.5676107851648,0
-69.22555879196354,0
-72.5676107851648,0
-71.06646847336853,0
-64.94147205884208,0
-66.73094359893946,0
-72.39171405353994,0
-72.39171405353994,0
-66.44072568641978,0
-66.01977141353646,0
-59.292331132723845,0
-74.31857106280754,0
-64.47240397790407,0
-70.8053119000414,0
-59.177519937157165,0
-49.95993738756249,0
-60.04312401560343,0
-66.97536585985816,0
-67.83530935061437,0
-75.46196910831779,0
-65.99262532885439,0
-59.292331132723845,0
-59.292331132723845,0
-67.90031852059742,0
-32.67797786314466,0
-67.94435717139456,0
-70.97471306745793,0
-64.857073457875,0
-71.38152370062416,0
-68.56400379956519,0
-72.47909589406197,0
-72.39171405353994,0
-58.941252613041634,0
-71.98449403806256,0
-63.26886243680357,0
-67.56529236130837,0
-63.97868894986856,0
-74.37531718363545,0
-62.72604694951993,0
-59.292331132723845,0
-50.36569217151912,0
-72.5676107851648,0
-67.04259154437077,0
-70.89057174174367,0
-64.1140089078234,0
-61.89553958612894,0
-62.55366076758417,0
-64.24223067703265,0
-63.24134436677663,0
-74.34696922799941,0
-72.39171405353994,0
-68.64306158194361,0
-66.99366778672126,0
-72.5676107851648,0
-72.39171405353994,0
-65.13895681670193,0
-72.84582691620314,0
-63.45752066781934,0
-67.92776407233058,0
-70.22766043254023,0
-70.8299733426308,0
-59.292331132723845,0
-53.04999396090624,0
-72.5676107851648,0
-59.292331132723845,0
-74.28419574057594,0
-72.39171405353994,0
-64.81608243854404,0
-68.06623688748687,0
-72.39171405353994,0
-72.92177466028161,0
-70.8299733426308,0
-69.98197124683294,0
-69.89176841994978,0
-63.16286473104357,0
-67.88412590004359,0
-62.66653207085758,0
-70.10894304661622,0
-68.3606569324912,0
-68.39084692559979,0
-67.98295295012281,0
-54.65582937331895,0
-72.39171405353994,0
-62.34010468646379,0
-64.31961556236959,0
-66.39186878737566,0
-69.50472776245938,0
-59.16764832100765,0
-68.67525893460513,0
-72.39171405353994,0
-72.39171405353994,0
-55.455946892913964,0
-65.89525504881796,0
-68.0200888142981,0
-60.00220891294301,0
-63.312020863170794,0
-70.10404507764068,0
-70.1408459473839,0
-60.32437859834032,0
-66.37194491110613,0
-69.6489013505454,0
-68.4327009673494,0
-45.66264428126463,0
-72.39171405353994,0
-72.39171405353994,0
-64.26053268090712,0
-70.04258430060688,0
-64.96859397685081,0
-60.018802012006965,0
-61.89474069946035,0
-66.02009218338684,0
-68.7749991767615,0
-72.39171405353994,0
-70.1130387932644,0
-72.39171405353994,0
-33.78516164794783,0
-59.292331132723845,0
-70.29139674186486,0
-72.47909589406197,0
-60.24916938347178,0
-59.29513423711077,0
-32.781599996995055,0
-72.39171405353994,0
-71.44172706286825,0
-70.17123112084334,0
-61.88797629937181,0
-49.482019956456185,0
-53.447223640714434,0
-50.17565604884114,0
-70.11963487048337,0
-72.39171405353994,0
-63.52983200770923,0
-67.74566540064825,0
-70.1130387932644,0
-67.87755773193149,0
-72.39171405353994,0
-74.32252467311707,0
-49.25468805409958,0
-72.10429951840486,0
-40.93383433262601,0
-72.39171405353994,0
-70.9790866328465,0
-67.88412590004359,0
-64.27913639402973,0
-61.24899558911612,0
-69.85085331728936,0
-59.292331132723845,0
-45.41682861803201,0
-68.70106877259474,0
-61.645304311886115,0
-70.89819237331979,0
-63.33734550815261,0
-72.07755506470286,0
-70.10441999416756,0
-71.06646847336853,0
-71.81470341155475,0
-69.41734592193735,0
-59.50364537495674,0
-71.89200274531225,0
-63.09239818092687,0
-68.13427933350778,0
-70.19132894326319,0
-68.62873369648011,0
-72.39171405353994,0
-69.78303220428671,0
-61.866270192538444,0
-63.6142136582086,0
-34.76597465050183,0
-72.39171405353994,0
-71.853137452774,0
-69.87194803167228,0
-69.3837029629583,0
-70.51577536608656,0
-60.08637972988775,0
-70.15231208447153,0
-59.27693472536934,0
-67.94209438662497,0
-48.42691798592308,0
-69.23039045054563,0
-68.90371732776649,0
-66.31581702102234,0
-53.447223640714434,0
-61.837527833955704,0
-65.37547788822936,0
-70.1261708704701,0
-70.1408459473839,0
-60.33750160387016,0
-65.99300024538127,0
-70.16238200877177,0
-72.39171405353994,0
-72.39171405353994,0
-72.5676107851648,0
-70.1858822049881,0
-60.91277997706888,0
-66.28958358790725,0
-71.98449403806256,0
-68.13427933350778,0
-65.55328501945796,0
-73.98023820585824,0
-64.28576970984726,0
-64.81316317496706,0
-67.8808163406926,0
-74.38051537597732,0
-68.88210427860781,0
-70.15091587168413,0
-67.29091117949255,0
-69.03260692068365,0
-72.39171405353994,0
-70.13771288625881,0
-64.32078353731086,0
-67.030299578676,0
-59.50880293650601,0
-66.33303797995481,0
-73.98023820585824,0
-58.21002623519655,0
-70.15231208447153,0
-70.12091967176616,0
-50.84915042085133,0
-60.29256343208583,0
-69.63457103625103,0
-72.39171405353994,0
-67.95035425040498,0
-71.37260109639682,0
-59.292331132723845,0
-68.97272158965993,0
-66.38861353949584,0
-68.80850669650053,0
-67.92776407233058,0
-64.59913871707657,0
-68.45661514973469,0
-72.39171405353994,0
-72.39171405353994,0
-43.391127505762576,0
-71.11361661240068,0
-71.853137452774,0
-59.292331132723845,0
-72.39171405353994,0
-69.20826039869772,0
-65.55967933143812,0
-59.292331132723845,0
-67.94515605806313,0
-65.49015234566197,0
-59.292331132723845,0
-68.55644051280807,0
-68.78419747806441,0
-68.43730079726006,0
-66.36739547507078,0
-67.87755773193149,0
-67.01722420846032,0
-70.48793288611081,0
-59.292331132723845,0
-68.7586037001499,0
-27.549473988611076,0
-72.39171405353994,0
-65.56138113105594,0
-56.84771913146951,0
-48.906009769860894,0
-40.12316444779968,0
-72.4184974949491,0
-55.43304957409428,0
-68.87531892112392,0
-73.98023820585824,0
-69.64567050378972,0
-61.145570868906404,0
-59.292331132723845,0
-68.87193434705856,0
-70.17983823272746,0
-40.87078758126919,0
-59.292331132723845,0
-70.51577536608656,0
-63.677033317668176,0
-63.19646764796079,0
-72.39171405353994,0
-67.88412590004359,0
-67.94435717139456,0
-68.57189492813546,0
-72.10429951840486,0
-68.50297364154564,0
-68.32167363232612,0
-39.56471330028636,0
-72.39171405353994,0
-38.335491425405166,0
-46.90302451503232,0
-70.19583055858214,0
-68.3702124290474,0
-62.84002779353797,0
-64.1514336370222,0
-67.94515605806313,0
-72.4184974949491,0
-41.3215388965601,0
-69.69067957809753,0
-65.04617408822364,0
-70.51577536608656,0
-58.25576587751691,0
-70.61939434040256,0
-69.1299313868023,0
-70.60315720660859,0
-66.81761008928778,0
-70.51577536608656,0
-72.39171405353994,0
-69.19052978591517,0
-38.048989368315034,0
-69.99429153898372,0
-72.39171405353994,0
-72.39171405353994,0
-60.67282302589044,0
-68.3702124290474,0
-66.03552000459946,0
-74.38051537597732,0
-70.8299733426308,0
-63.01503068145743,0
-68.1983478841323,0
-64.55468272329033,0
-59.292331132723845,0
-69.52102773688706,0
-72.39171405353994,0
-62.32470159786613,0
-71.82622698262117,0
-72.39171405353994,0
-59.292331132723845,0
-61.15254583527708,0
-64.2807049628178,0
-65.6902707239731,0
-57.48530557092898,0
-72.80971300505341,0
-72.39171405353994,0
-44.20187944146438,0
-67.97387736733288,0
-72.39171405353994,0
-71.06646847336853,0
-67.24356463308546,0
-44.511264897941295,0
-68.48084358969773,0
-72.39171405353994,0
-56.26268024012693,0
-60.71295910852903,0
-72.47909589406197,0
-72.39171405353994,0
-67.94033121935496,0
-70.16300390833868,0
-69.80390558565136,0
-66.95758500835399,0
-71.68807527877233,0
-68.77284120863608,0
-59.292331132723845,0
-70.8299733426308,0
-65.01376592635013,0
-57.69450416824949,0
-68.75519887281459,0
-64.63806728202894,0
-66.99817440270702,0
-59.292331132723845,0
-70.8299733426308,0
-71.3582914109478,0
-70.15751027681341,0
-61.67408807917348,0
-67.77366391613303,0
-59.292331132723845,0
-72.76749154504385,0
-70.15842274849416,0
-61.83879504336448,0
-62.77425956940304,0
-66.34441816884191,0
-72.39171405353994,0
-72.04577208399493,0
-64.14326762825415,0
-72.5676107851648,0
-59.73201305748928,0
-71.06646847336853,0
-63.77335295306955,0
-70.21485206019105,0
-64.29101380188769,0
-65.43194461778646,0
-72.39171405353994,0
-61.27828708262882,0
-71.06646847336853,0
-72.4184974949491,0
-72.47909589406197,0
-68.71628943301735,0
-67.33224097555662,0
-60.91277997706888,0
-70.8299733426308,0
-71.88168672861764,0
-69.04141649569944,0
-67.49842295143834,0
-70.1408459473839,0
-38.72873126313248,0
-71.06646847336853,0
-63.61489119922501,0
-72.39171405353994,0
-70.60315720660859,0
-72.39171405353994,0
-53.447223640714434,0
-63.65200449002042,0
-73.98023820585824,0
-66.56183596692951,0
-70.16750552365764,0
-66.63555880865415,0
-37.43120627337283,0
-61.83119986875841,0
-68.9589145313621,0
-70.46703852408328,0
-69.78117575897862,0
-73.98023820585824,0
-73.98023820585824,0
-66.61066198268037,0
-65.36549726772135,0
-48.31924158445805,0
-63.472436848681255,0
-61.23133935099082,0
-71.06646847336853,0
-54.50403808206912,0
-61.50869779922746,0
-71.87648853627579,0
-72.39171405353994,0
-70.19264660507665,0
-74.32252467311707,0
-64.7882299338609,0
-68.72821852669048,0
-70.15935371298539,0
-73.98023820585824,0
-72.39171405353994,0
-67.87755773193149,0
-67.968679174991,0
-66.96700821044752,0
-70.51577536608656,0
-64.84093995330981,0
-64.81316317496706,0
-72.39171405353994,0
-62.8164810294126,0
-70.14001913938853,0
-66.24433281195428,0
-72.39171405353994,0
-68.84697096548786,0
-70.1858822049881,0
-73.98023820585824,0
-72.01314774009506,0
-67.93759277130602,0
-70.13969836953814,0
-66.11536362629909,0
-59.292331132723845,0
-59.292331132723845,0
-63.400535754273626,0
-66.82585580077773,0
-62.85435810783234,0
-72.39171405353994,0
-71.3582914109478,0
-66.48996979829924,0
-61.88797629937181,0
-55.86564107404904,0
-59.292331132723845,0
-62.452656302059104,0
-72.39171405353994,0
-67.21563117479229,0
-67.0993749487628,0
-68.67382718362829,0
-68.95439666507392,0
-71.00343437672767,0
-65.00998916967323,0
-61.01020240108687,0
-64.31392474981247,0
-59.01165490937248,0
-61.620529636280175,0
-69.1299313868023,0
-72.39171405353994,0
-62.84002779353797,0
-58.653039828058944,0
-66.00048836232327,0
-66.71488751272581,0
-59.292331132723845,0
-67.8808163406926,0
-70.03890290084871,0
-71.22131271787052,0
-72.39171405353994,0
-67.81119486174012,0
-68.3482725970224,0
-73.76818536852917,0
-67.86856401630777,0
-54.210281927930694,0
-57.80079441233194,0
-60.91277997706888,0
-59.292331132723845,0
-70.15292911696889,0
-59.292331132723845,0
-66.46708479487255,0
-70.51577536608656,0
-61.81237937626147,0
-34.8859539243446,0
-74.28745434933705,0
-66.04011409340605,0
-68.79840397674135,0
-70.60315720660859,0
-67.42887424062776,0
-54.89114207465298,0
-59.292331132723845,0
-67.19493354126634,0
-65.95861106166355,0
-68.0697540167728,0
-70.8299733426308,0
-67.86856401630777,0
-69.66450767115919,0
-70.14105170911094,0
-66.62756658917364,0
-60.60107758939183,0
-70.17307383263892,0
-67.86199584819568,0
-67.66563241922864,0
-72.39171405353994,0
-66.79616993239198,0
-70.15104695595517,0
-65.12698856032391,0
-68.49972959393591,0
-72.39171405353994,0
-65.76693988203415,0
-69.77230865102324,0
-67.5287629627743,0
-67.93366534752741,0
-67.95035425040498,0
-70.94672315436716,0
-72.39171405353994,0
-57.791898390319744,0
-68.64306158194361,0
-68.3482725970224,0
-70.63314466330152,0
-66.06723488617465,0
-65.38546465323522,0
-66.34734073223855,0
-68.94683069330057,0
-64.96770787390112,0
-67.87755773193149,0
-64.81316317496706,0
-59.292331132723845,0
-68.71628943301735,0
-67.37905189904232,0
-72.39171405353994,0
-70.9790866328465,0
-64.34294149826563,0
-70.51577536608656,0
-59.292331132723845,0
-64.54637868035094,0
-73.98023820585824,0
-65.5294124362465,0
-72.39171405353994,0
-64.6890256234592,0
-72.39171405353994,0
-70.13447069431786,0
-71.06646847336853,0
-72.5676107851648,0
-68.91288103865944,0
-72.5676107851648,0
-71.87159056730025,0
-66.72025177507231,0
-69.49537594762626,0
-64.49956625402696,0
-59.292331132723845,0
-66.41987814231771,0
-59.292331132723845,0
-65.99236678219727,0
-68.58917516077499,0
-63.25576578426063,0
-66.62788989253751,0
-76.04075296778802,0
-69.22254670256291,0
-72.5676107851648,0
-71.3582914109478,0
-68.19870987980292,0
-57.10773598284664,0
-67.35114032775029,0
-59.292331132723845,0
-63.472436848681255,0
-68.87419713182814,0
-46.852961792596474,0
-36.18482130658208,0
-59.292331132723845,0
-72.47909589406197,0
-64.74867076689958,0
-58.941252613041634,0
-69.60903878884633,0
-68.91169162783802,0
-62.86261797161238,0
-66.95141389909405,0
-68.76318485999442,0
-63.012953451285114,0
-62.32470159786613,0
-72.85584994725316,0
-64.25259436842661,0
-72.39171405353994,0
-66.93044698398711,0
-67.07933766715003,0
-64.81316317496706,0
-68.12301331810028,0
-69.20826039869772,0
-68.13427933350778,0
-71.853137452774,0
-72.10429951840486,0
-72.39171405353994,0
-59.292331132723845,0
-63.12634436091636,0
-70.8299733426308,0
-58.51094093783085,0
-72.39171405353994,0
-72.39171405353994,0
-68.56062891272796,0
-67.62878907500603,0
-64.24380448865521,0
-68.37702401319224,0
-69.84992821795348,0
-72.39171405353994,0
-59.292331132723845,0
-63.91216936819099,0
-64.90358091669341,0
-62.97964654477207,0
-67.94033121935496,0
-68.03640409005867,0
-48.49168074406838,0
-64.98554461479091,0
-62.25619704276656,0
-39.56471330028636,0
-55.775790066304666,0
-71.00587007425565,0
-71.26492339546095,0
-67.81374041998191,0
-41.22754345350072,0
-65.58867352364203,0
-63.484350754926695,0
-64.67898238468936,0
-42.99679881415875,0
-70.17789621780827,0
-72.39171405353994,0
-70.1858822049881,0
-68.71825305593359,0
-70.8299733426308,0
-70.41087591929546,0
-39.388935194923434,0
-70.51577536608656,0
-68.70178742660784,0
-66.6069640658628,0
-70.16324513366351,0
-72.39171405353994,0
-70.47082767292969,0
-68.27414103921909,0
-67.106575139057,0
-65.87135849330367,0
-67.02231359149613,0
-72.39171405353994,0
-66.24655906695182,0
-59.292331132723845,0
-65.91380018310993,0
-66.95029874886595,0
-70.9790866328465,0
-72.39171405353994,0
-67.18687392032751,0
-69.57574589675508,0
-66.52554296493838,0
-62.05315048831587,0
-68.3482725970224,0
-70.13519675421918,0
-52.12060904244301,0
-67.62878907500603,0
-47.39405405204884,0
-72.39171405353994,0
-68.87017117978854,0
-65.15051167725177,0
-70.8299733426308,0
-54.718914491683094,0
-58.454798516328246,0
-68.2087863905105,0
-65.95431642069573,0
-72.39171405353994,0
-64.84750812142191,0
-68.49410551037498,0
-73.98023820585824,0
-69.63457103625103,0
-59.292331132723845,0
-73.98023820585824,0
-69.75644741592066,0
-67.91588666447262,0
-63.58449848720939,0
-64.59270598805782,0
-71.97261663020461,0
-72.39171405353994,0
-52.83226580666451,0
-56.3799767695225,0
-56.399175248679256,0
-72.39171405353994,0
-67.94885878671352,0
-67.93759277130602,0
-71.88718036014293,0
-48.51804057327856,0
-67.98830583359018,0
-72.39171405353994,0
-62.95806826086762,0
-67.3492286743094,0
-58.44770500044418,0
-73.76818536852917,0
-64.41951220941934,0
-65.73468814058582,0
-67.9075144971415,0
-59.292331132723845,0
-72.07235687236098,0
-67.6020675139838,0
-70.51577536608656,0
-70.20413731561237,0
-21.68082339367995,0
-66.34577378623236,0
-70.43585380106953,0
-73.59377247228073,0
-67.968679174991,0
-47.32882193186871,0
-67.29961538882978,0
-67.94885878671352,0
-67.27266310755435,0
-59.448461690177744,0
-59.977939592246756,0
-68.49848908859903,0
-66.97909138003251,0
-66.81455296603141,0
-38.563676363542825,0
-59.292331132723845,0
-61.24728020346999,0
-67.21379386335052,0
-72.39171405353994,0
-67.83530935061437,0
-72.39171405353994,0
-68.77171242735298,0
-60.85972053772378,0
-62.7511101340386,0
-69.86322670502634,0
-66.02003036901105,0
-70.8299733426308,0
-70.12438737968142,0
-41.81447515919637,0
-67.94515605806313,0
-64.8741124787387,0
-67.45754375909513,0
-68.2718782544495,0
-67.968679174991,0
-72.39171405353994,0
-65.37432972209875,0
-64.25128759150365,0
-71.02173638060215,0
-70.16292436381312,0
-72.07755506470286,0
-70.14773092462701,0
-59.292331132723845,0
-67.16046595533398,0
-72.39171405353994,0
-73.59377247228073,0
-68.54661181383263,0
-68.12301331810028,0
-72.39171405353994,0
-59.292331132723845,0
-70.54689255696825,0
-69.66450767115919,0
-58.08787100593588,0
-64.23684579623348,0
-62.789821453138885,0
-61.445555371696464,0
-64.50265182099243,0
-71.55262304425781,0
-17.06300166184827,0
-64.88993560010813,0
-72.10429951840486,0
-52.34368916822341,0
-68.85760403276419,0
-65.96042739933846,0
-65.41911332472571,0
-65.12392688888575,0
-42.40701097413069,0
-70.20416023632393,0
-68.90510795667774,0
-59.292331132723845,0
-72.39171405353994,0
-64.27900530975872,0
-61.83450942810939,0
-68.84873413275787,0
-70.11960696137649,0
-34.13910418849043,0
-48.73512655615322,0
-65.24223511007733,0
-66.81052701399182,0
-62.89832434543172,0
-70.1727267137224,0
-72.39171405353994,0
-63.677033317668176,0
-63.884126109462514,0
-59.292331132723845,0
-66.634632485403,0
-64.54637868035094,0
-74.33440208097502,0
-70.8299733426308,0
-70.56398134634252,0
-59.292331132723845,0
-68.99262055713432,0
-61.83450942810939,0
-68.71175995898801,0
-72.39171405353994,0
-67.6054762837987,0
-72.39171405353994,0
-69.88328181919542,0
-68.11318461912487,0
-69.65716121432541,0
-72.39171405353994,0
-64.32424076650709,0
-68.95403465517741,0
-60.02330362732592,0
-67.14522882949832,0
-59.94199496702496,0
-68.62001278823708,0
-64.97231364709047,0
-67.93759277130602,0
-61.9881491946588,0
-67.91588666447262,0
-70.16300390833868,0
-68.95403465517741,0
-59.06160312911654,0
-55.02911222184613,0
-66.32238518913444,0
-72.39171405353994,0
-61.81932246090046,0
-72.39171405353994,0
-59.52345402065077,0
-56.400569393452734,0
-66.02601049347555,0
-73.98023820585824,0
-68.67929971583763,0
-68.24674415158279,0
-70.15091587168413,0
-67.46756679014516,0
-65.8252852920071,0
-72.03144176970056,0
-72.39171405353994,0
-60.36252018448953,0
-69.23583797988906,0
-72.47909589406197,0
-67.94209438662497,0
-61.676545048004364,0
-68.97272158965993,0
-67.91588666447262,0
-42.8928838283965,0
-70.8299733426308,0
-66.00048836232327,0
-58.72197091212478,0
-52.95953002679119,0
-54.60635844200363,0
-64.6811149409701,0
-35.47495412047738,0
-59.292331132723845,0
-41.951083919290504,0
-60.05662133575049,0
-35.03191009273998,0
-64.02094788118312,0
-65.7292918494539,0
-62.82079052786635,0
-69.32419638209839,0
-64.81316317496706,0
-70.51577536608656,0
-71.89792105540099,0
-62.5997227353405,0
-72.39171405353994,0
-39.60138839679545,0
-72.39171405353994,0
-74.30635370153072,0
-69.63457103625103,0
-59.76349325700038,0
-69.2152034833367,0
-70.8299733426308,0
-50.247418701841276,0
-53.30833053383424,0
-62.34010468646379,0
-65.82287254949047,0
-60.89832088194967,0
-71.88168672861764,0
-68.2552115703821,0
-66.62099842106154,0
-72.39171405353994,0
-56.43580696362263,0
-66.24244975775329,0
-66.9472755785917,0
-58.45706130109783,0
-38.276291369382335,0
-65.59271937990893,0
-68.99550923216441,0
-68.25195296162101,0
-67.83530935061437,0
-70.10441999416756,0
-62.022757776300246,0
-67.34867262325227,0
-70.14283295565147,0
-68.9779197820018,0
-71.97261663020461,0
-59.292331132723845,0
-64.27913639402973,0
-70.13771288625881,0
-76.26378710779598,0
-59.292331132723845,0
-71.9862203747472,0
-72.39171405353994,0
-66.64384187320056,0
-63.566414730174905,0
-72.86294952078566,0
-72.39171405353994,0
-70.8299733426308,0
-61.15415669808206,0
-71.06646847336853,0
-72.39171405353994,0
-68.69522632011902,0
-66.154972507358,0
-64.13308900226767,0
-71.86959602047648,0
-69.08753414083135,0
-70.42275332715342,0
-68.32325401640301,0
-68.86772963323247,0
-70.60315720660859,0
-67.94435717139456,0
-58.941252613041634,0
-68.95403465517741,0
-63.565247849414774,0
-66.91923367081415,0
-59.292331132723845,0
-70.15935371298539,0
-62.98287762037914,0
-72.76749154504385,0
-42.37772368789402,0
-67.29069349683299,0
-61.88797629937181,0
-72.39171405353994,0
-73.98023820585824,0
-67.9270277876578,0
-70.91735518315282,0
-28.03485144477466,0
-68.2718782544495,0
-72.39171405353994,0
-46.25237501675486,0
-67.94209438662497,0
-73.98023820585824,0
-72.5676107851648,0
-63.00122983372529,0
-66.81358413724818,0
-70.64728030491673,0
-53.447223640714434,0
-72.39171405353994,0
-67.9075144971415,0
-70.14283295565147,0
-70.15231208447153,0
-66.10389748921145,0
-47.8015543977255,0
-40.71194357170979,0
-72.39171405353994,0
-70.63138149603151,0
-67.55183701451863,0
-64.21935993377288,0
-61.63628828030623,0
-67.94435717139456,0
-63.24120481112719,0
-64.81390911649459,0
-53.84828254603296,0
-69.8119439059382,0
-67.53729053013285,0
-64.40312352990807,0
-63.66026435380044,0
-64.38949917236533,0
-66.8791728382045,0
-61.37392554754564,0
-60.56803311800711,0
-69.86342046431372,0
-65.10961652333022,0
-66.31705247696259,0
-72.39171405353994,0
-72.39171405353994,0
-67.99954604918679,0
-72.39171405353994,0
-65.18439276395874,0
-71.86959602047648,0
-66.31907562978346,0
-68.7669902688701,0
-64.65545926776147,0
-70.51577536608656,0
-50.39668952342133,0
-68.70952503292881,0
-61.04220179887645,0
-40.511259311878256,0
-68.86772963323247,0
-69.66450767115919,0
-68.53093366728095,0
-47.4772142619163,0
-70.99995065285607,0
-61.36289895736124,0
-64.6149932302846,0
-69.50472776245938,0
-68.92541520906727,0
-68.31472644904446,0
-63.50896001126192,0
-72.39171405353994,0
-56.283584986925696,0
-61.92426089539868,0
-71.3582914109478,0
-70.8299733426308,0
-57.12514957813478,0
-62.3763933685604,0
-67.50572498590262,0
-70.64140452708153,0
-65.7074075444974,0
-73.98023820585824,0
-72.47909589406197,0
-37.93732653165284,0
-71.98123542930148,0
-68.71628943301735,0
-66.39230855424402,0
-70.1492676274022,0
-74.27520202495222,0
-72.39171405353994,0
-66.56586481331148,0
-72.78305342877967,0
-72.39171405353994,0
-54.967349348829075,0
-65.96389817996706,0
-67.83530935061437,0
-48.48627980884952,0
-64.81316317496706,0
-72.39171405353994,0
-63.2257824830408,0
-62.98524196924791,0
-66.99179094577909,0
-73.98023820585824,0
-64.20193371960296,0
-68.77320789104448,0
-72.5676107851648,0
-68.9583214038363,0
-72.39171405353994,0
-63.61489119922501,0
-67.93759277130602,0
-70.17307383263892,0
-72.39171405353994,0
-64.44363805583328,0
-72.39171405353994,0
-35.46142423173742,0
-65.86000390212088,0
-66.32238518913444,0
-64.4080460723317,0
-50.0822345740682,0
-72.39171405353994,0
-59.82123141951157,0
-72.92177466028161,0
-67.94033121935496,0
-67.71626577700417,0
-61.818947544373565,0
-66.96618140245215,0
-67.94033121935496,0
-68.56320491289661,0
-68.540956698331,0
-72.5676107851648,0
-72.39171405353994,0
-53.447223640714434,0
-35.97044594865012,0
-55.43183582173194,0
-71.853137452774,0
-66.95061951871631,0
-67.21145717985972,0
-70.8299733426308,0
-59.50743742097829,0
-72.85065175491131,0
-63.61320163728399,0
-70.15751027681341,0
-42.8928838283965,0
-72.39171405353994,0
-65.30623337471398,0
-54.152605580489194,0
-69.21482856680981,0
-67.250349275467,0
-64.36983063781682,0
-70.10894304661622,0
-70.10516145739086,0
-49.69005441511738,0
-64.17320452535729,0
-63.35043986686677,0
-66.78913958236588,0
-59.292331132723845,0
-70.22766043254023,0
-68.71334262320656,0
-64.73630496509699,0
-72.39171405353994,0
-56.13079773368785,0
-63.13847676621469,0
-71.06646847336853,0
-67.94885878671352,0
-55.844225589815736,0
-71.1266307819717,0
-58.664957306428114,0
-31.58597386283098,0
-64.31961556236959,0
-61.866270192538444,0
-72.04127046867598,0
-64.32687503025001,0
-68.49299545707373,0
-74.2755769414791,0
-68.49160015772972,0
-68.45932061097886,0
-71.96567354556564,0
-66.65035085803234,0
-67.03465069691555,0
-61.892477914690765,0
-72.39171405353994,0
-67.94515605806313,0
-67.52258732407248,0
-72.39171405353994,0
-72.12053665219884,0
-67.29997207096258,0
-59.47217122156264,0
-64.73441104511019,0
-71.98123542930148,0
-66.42437975763666,0
-68.72220666624312,0
-71.46674564348761,0
-41.07341014025796,0
-73.98023820585824,0
-70.8299733426308,0
-59.292331132723845,0
-67.86199584819568,0
-67.86856401630777,0
-52.0605288110164,0
-61.925572006776896,0
-63.31752817494182,0
-72.39171405353994,0
-67.94209438662497,0
-29.106402272006065,0
-53.447223640714434,0
-66.34838148248498,0
-61.91906270305682,0
-63.100904506909856,0
-70.8299733426308,0
-62.89645710523486,0
-74.27520202495222,0
-70.57641275290659,0
-67.56440416154301,0
-70.41958684146063,0
-72.39171405353994,0
-72.39171405353994,0
-70.16758020111365,0
-71.06646847336853,0
-72.4184974949491,0
-67.37905189904232,0
-67.08132087103446,0
-42.79525210153859,0
-64.29233787795935,0
-69.85889163757619,0
-70.16238200877177,0
-61.89924231477931,0
-73.98023820585824,0
-73.98023820585824,0
-70.15292911696889,0
-53.59043761301556,0
-71.61713366232283,0
-71.00587007425565,0
-70.22766043254023,0
-61.63999507214026,0
-53.447223640714434,0
-59.292331132723845,0
-59.292331132723845,0
-39.56945940277226,0
-66.72314737650584,0
-68.55917896085701,0
-58.10468997452263,0
-68.89893014873903,0
-68.95403465517741,0
-68.54661181383263,0
-60.31640688948725,0
-70.8299733426308,0
-59.45991889717781,0
-63.72157713967939,0
-54.38188694978033,0
-70.51577536608656,0
-67.3289823667955,0
-56.651237297202,0
-67.07609019818906,0
-64.44644650168105,0
-64.31499762239206,0
-59.292331132723845,0
-70.8299733426308,0
-70.15446581974408,0
-29.825400698391157,0
-61.91906270305682,0
-23.791595199009343,0
-70.16424843988477,0
-72.96788795528389,0
-72.76749154504385,0
-61.81932246090046,0
-65.14128552100694,0
-66.98364630285985,0
-63.441000538303214,0
-68.10276696025004,0
-69.47794432105023,0
-71.06646847336853,0
-68.66186159654241,0
-66.08542780883755,0
-72.5676107851648,0
-67.78271501001178,0
-61.02899533886002,0
-58.00898516881905,0
-70.17123112084334,0
-65.05039651856855,0
-67.00197454375149,0
-67.97387736733288,0
-64.81316317496706,0
-62.19219766285084,0
-65.95937066316101,0
-65.8240358451388,0
-72.39171405353994,0
-70.10516145739086,0
-70.63990906339006,0
-65.39693079032286,0
-68.23639107788517,0
-63.312020863170794,0
-42.955130996672246,0
-72.92177466028161,0
-71.98780359741357,0
-68.3482725970224,0
-74.34030335617186,0
-69.16684986694594,0
-70.42397639321157,0
-67.03461619419285,0
-71.33634830177567,0
-65.8645581220373,0
-28.24507198206764,0
-72.39171405353994,0
-61.89553958612894,0
-71.06646847336853,0
-65.15570986959365,0
-61.866270192538444,0
-65.12675152054696,0
-45.42579263619874,0
-65.92516080129802,0
-62.75439490515598,0
-32.567654652321046,0
-72.39171405353994,0
-70.19132894326319,0
-68.7029950038161,0
-62.97964654477207,0
-72.39171405353994,0
-72.47909589406197,0
-60.54819973403836,0
-61.89553958612894,0
-72.93160335925702,0
-64.48262762812453,0
-69.43357322410421,0
-68.70855182669638,0
-72.39171405353994,0
-72.39171405353994,0
-60.2858858051585,0
-59.88306669284168,0
-61.827941259997296,0
-72.39171405353994,0
-72.39171405353994,0
-67.94515605806313,0
-62.78120265404202,0
-67.22717555248909,0
-68.96202413248668,0
-65.16990712908256,0
-36.50930753579045,0
-42.72086925543729,0
-50.510172538028435,0
-65.51984311880518,0
-68.45013228292626,0
-58.941252613041634,0
-68.39465129847304,0
-68.3002120739189,0
-64.40179945383642,0
-63.566414730174905,0
-59.292331132723845,0
-68.00034493585537,0
-72.39171405353994,0
-59.292331132723845,0
-33.93874803764239,0
-72.39171405353994,0
-67.01749120632681,0
-61.88797629937181,0
-62.60854224331532,0
-66.21614271221311,0
-70.16578116737196,0
-74.33440208097502,0
-69.49666240894346,0
-66.09680799772465,0
-45.25411631164516,0
-67.62878907500603,0
-71.73268664063733,0
-57.50740647672232,0
-67.86199584819568,0
-66.75236043756703,0
-66.01176613777,0
-59.72540487193181,0
-72.39171405353994,0
-72.39171405353994,0
-52.031164018139876,0
-70.11629740202551,0
-60.32623558846266,0
-33.6578343425527,0
-67.68057789910311,0
-59.292331132723845,0
-67.42010380985501,0
-64.81316317496706,0
-72.39171405353994,0
-70.53029945790429,0
-62.609899039785795,0
-72.39171405353994,0
-70.15292911696889,0
-61.899393442477354,0
-43.61966898565814,0
-72.39171405353994,0
-61.98065229494575,0
-71.86501486063196,0
-63.400535754273626,0
-70.1727267137224,0
-72.92177466028161,0
-72.92177466028161,0
-62.70084858038396,0
-29.106402272006065,0
-68.15600484256703,0
-70.17581228068786,0
-59.292331132723845,0
-66.72165191281435,0
-72.39171405353994,0
-63.867563961281704,0
-64.31038069788526,0
-53.447223640714434,0
-64.40125709879507,0
-61.088097520729086,0
-68.58752691649305,0
-70.2196744453604,0
-68.71884406700596,0
-56.93476636238351,0
-67.52602451472535,0
-65.77033881327914,0
-72.10429951840486,0
-66.09226186218721,0
-66.54947069074443,0
-68.14481906352597,0
-70.13244324283255,0
-64.9085055893928,0
-65.99300024538127,0
-67.86893893283465,0
-62.34010468646379,0
-67.94209438662497,0
-66.5684041350416,0
-72.39171405353994,0
-65.90639368659929,0
-70.20413731561237,0
-58.70591249596281,0
-68.86772963323247,0
-67.72351605076996,0
-65.96154918863421,0
-68.40366637955368,0
-72.47909589406197,0
-69.2621512149747,0
-65.44713805697256,0
-70.8299733426308,0
-72.4184974949491,0
-66.63261671045925,0
-36.468037850219226,0
-69.41667508519916,0
-69.78117575897862,0
-59.292331132723845,0
-70.1961513284325,0
-69.99429153898372,0
-70.21867488508764,0
-61.900737778470805,0
-48.81935902792585,0
-69.75468424865065,0
-61.30087726070323,0
-70.00851018883307,0
-72.39171405353994,0
-53.221617869189494,0
-72.39171405353994,0
-64.35517249204881,0
-72.39171405353994,0
-64.30598565588284,0
-68.95403465517741,0
-39.10291779133821,0
-55.88103463491527,0
-58.454798516328246,0
-72.4184974949491,0
-47.58990563342529,0
-63.58449848720939,0
-72.39171405353994,0
-72.39171405353994,0
-61.88797629937181,0
-73.98023820585824,0
-73.59377247228073,0
-48.48627980884952,0
-36.63818795233676,0
-69.33645166241064,0
-58.381268146011045,0
-72.39171405353994,0
-68.45954138076064,0
-64.84653818502815,0
-63.77337361723781,0
-63.68800144417456,0
-60.127288428820215,0
-64.81316317496706,0
-57.731295162165424,0
-59.95200257254391,0
-70.11414123895807,0
-56.34219160001691,0
-70.8299733426308,0
-68.15929791412717,0
-72.39171405353994,0
-65.39546938091796,0
-69.79202817779341,0
-73.98023820585824,0
-68.26737663913055,0
-70.55961429298432,0
-72.07755506470286,0
-65.28331785058853,0
-63.66119067705159,0
-62.373411852412374,0
-65.1614066655967,0
-59.292331132723845,0
-65.33732660786828,0
-52.713327892469266,0
-50.02039008839734,0
-70.44242950773784,0
-65.40352353188304,0
-72.39171405353994,0
-71.3582914109478,0
-28.03485144477466,0
-70.09307140775053,0
-70.8299733426308,0
-72.39171405353994,0
-61.81932246090046,0
-70.60315720660859,0
-72.0488337554331,0
-71.3582914109478,0
-72.87417487183917,0
-68.47400713546725,0
-70.51577536608656,0
-67.03314827456718,0
-64.90371344073326,0
-44.76882251584987,0
-66.94965073182404,0
-67.62039243856981,0
-59.292331132723845,0
-60.470819931935196,0
-72.39171405353994,0
-72.39171405353994,0
-72.39171405353994,0
-47.06969077200066,0
-68.31472644904446,0
-72.39171405353994,0
-70.8299733426308,0
-40.860648276358035,0
-70.57641275290659,0
-70.19264660507665,0
-72.39171405353994,0
-61.420432630125724,0
-71.92144417232885,0
-67.06926162801798,0
-68.36412711023043,0
-64.34346812931398,0
-72.87156831988253,0
-72.39171405353994,0
-59.292331132723845,0
-72.84759008347315,0
-67.84556048063818,0
-66.3010588343201,0
-48.28471185902679,0
-62.06238753111825,0
-63.611425026934526,0
-70.8299733426308,0
-53.447223640714434,0
-67.86856401630777,0
-66.56586481331148,0
-67.92776407233058,0
-72.10429951840486,0
-66.94576922444011,0
-62.022757776300246,0
-71.00587007425565,0
-66.37571545518007,0
-68.30613640737018,0
-72.39171405353994,0
-72.39171405353994,0
-58.83300817025338,0
-65.33731977839899,0
-66.2705551321552,0
-66.63478897429651,0
-68.6499046441589,0
-68.87722404190566,0
-69.10125214824596,0
-65.31373216904358,0
-41.73184984723271,0
-65.93722718503777,0
-64.85813743140858,0
-59.292331132723845,0
-70.8299733426308,0
-68.95752251716772,0
-64.82830003077183,0
-70.8299733426308,0
-66.00487765323922,0
-70.69282925024957,0
-55.744634994194556,0
-42.00134789815637,0
-68.71053730997573,0
-66.2524915857393,0
-70.1727267137224,0
-46.27307096486434,0
-68.44803877301322,0
-72.39171405353994,0
-67.0978969254194,0
-67.8808163406926,0
-67.01885636229991,0
-70.60315720660859,0
-68.23317746573528,0
-60.02790002648075,0
-65.95225125910764,0
-33.93874803764239,0
-72.39171405353994,0
-72.39171405353994,0
-69.42972632936286,0
-67.86199584819568,0
-42.97154888558708,0
-73.98023820585824,0
-61.76017430312245,0
-65.14058974713922,0
-72.39171405353994,0
-66.56250336722884,0
-67.75195966148291,0
-59.31353047121355,0
-72.39171405353994,0
-63.598269467459545,0
-59.48033107518983,0
-46.16813253036611,0
-67.94033121935496,0
-72.86234160956332,0
-66.71038589740685,0
-70.16578116737196,0
-66.12491693023793,0
-67.88412590004359,0
-72.39171405353994,0
-70.8299733426308,0
-53.447223640714434,0
-72.39171405353994,0
-57.10773598284664,0
-72.39171405353994,0
-65.32544920001033,0
-72.47909589406197,0
-68.34732865030816,0
-67.91588666447262,0
-59.292331132723845,0
-71.33634830177567,0
-59.70858190919917,0
-53.72788576863978,0
-72.39171405353994,0
-72.84575378593577,0
-70.21485206019105,0
-71.89168197546189,0
-53.841980031097016,0
-56.26533034303847,0
-70.16758020111365,0
-70.8299733426308,0
-64.37371042526587,0
-70.22766043254023,0
-59.292331132723845,0
-65.64471773748336,0
-66.34441816884191,0
-70.14654534063621,0
-65.60618144744683,0
-72.05253648408348,0
-72.39171405353994,0
-42.457050730574224,0
-58.62572256450179,0
-67.97387736733288,0
-73.98023820585824,0
-67.86199584819568,0
-72.86257460425878,0
-45.47686365740652,0
-66.47283320749953,0
-70.8299733426308,0
-28.16580429525728,0
-64.67454677285801,0
-59.292331132723845,0
-57.10773598284664,0
-70.16324513366351,0
-72.39171405353994,0
-68.67525893460513,0
-68.22041598663631,0
-71.853137452774,0
-70.6492748517405,0
-65.29949244342764,0
-66.89386694877683,0
-72.39171405353994,0
-63.02703587250424,0
-52.131949248420845,0
-64.86195939990803,0
-67.46756679014516,0
-60.35732199214767,0
-62.84002779353797,0
-73.98023820585824,0
-68.06537878074374,0
-70.64728030491673,0
-68.34341498805664,0
-51.4371793297548,0
-72.01956436184261,0
-64.71500194548959,0
-68.68331731077649,0
-68.74505285107927,0
-72.39171405353994,0
-60.27276871720024,0
-72.39171405353994,0
-68.12126349905316,0
-63.26588659191935,0
-61.827941259997296,0
-69.39705006152352,0
-70.8299733426308,0
-70.8299733426308,0
-68.49966408219466,0
-69.1600854668574,0
-61.81237937626147,0
-63.312020863170794,0
-61.3456378744984,0
-67.93759277130602,0
-38.35808160347957,0
-70.20933108033756,0
-59.292331132723845,0
-72.5676107851648,0
-69.04141649569944,0
-69.15025676788198,0
-72.39171405353994,0
-59.292331132723845,0
-74.35179406670758,0
-53.43884675064063,0
-68.37309082544171,0
-71.06646847336853,0
-72.39171405353994,0
-67.35585168474164,0
-69.63411495914357,0
-73.98023820585824,0
-61.81701806028844,0
-69.24802988325398,0
-41.84231842305447,0
-68.93851911992861,0
-62.61185421204092,0
-67.94435717139456,0
-68.99262055713432,0
-65.99261728764344,0
-55.43304957409428,0
-72.8213823613208,0
-57.39587099233646,0
-39.48577251995148,0
-69.50472776245938,0
-70.13585351676906,0
-69.79202817779341,0
-69.66450767115919,0
-56.575044771403526,0
-72.87813648799462,0
-74.47901225687887,0
-70.2529627006456,0
-72.39171405353994,0
-68.42833728624008,0
-64.87926888585095,0
-69.58546714154559,0
-66.3534096688907,0
-72.39171405353994,0
-72.39171405353994,0
-63.96034948207025,0
-66.03780017092159,0
-69.87628362330872,0
-70.14741411549599,0
-70.15842274849416,0
-67.49932893935298,0
-59.292331132723845,0
-67.52258732407248,0
-67.8808163406926,0
-67.04101432325467,0
-47.02877566934024,0
-66.77066244144149,0
-59.292331132723845,0
-61.900737778470805,0
-70.82675557325635,0
-72.01956436184261,0
-68.68588180538578,0
-63.306077253446546,0
-66.62703495409225,0
-61.89924231477931,0
-56.15090277004127,0
-67.95035425040498,0
-69.41832703778418,0
-71.92144417232885,0
-72.10429951840486,0
-67.94435717139456,0
-62.84002779353797,0
-70.4745529394495,0
-73.98023820585824,0
-72.5676107851648,0
-48.562274788901114,0
-62.616155066025804,0
-63.13847676621469,0
-67.92776407233058,0
-64.81316317496706,0
-44.777143161396566,0
-66.82360716829824,0
-59.876737079501154,0
-65.32794241836021,0
-68.16788225042498,0
-66.10230162924992,0
-59.292331132723845,0
-68.86772963323247,0
-65.50474714916763,0
-64.75254197389795,0
-67.9972832644172,0
-61.61345951851428,0
-68.95403465517741,0
-73.98023820585824,0
-70.60315720660859,0
-67.78856898370583,0
-67.97387736733288,0
-67.06957324781953,0
-68.7200425372321,0
-68.31839319414156,0
-67.43309920421282,0
-61.818947544373565,0
-70.8299733426308,0
-71.06646847336853,0
-64.26328619229376,0
-73.98023820585824,0
-61.617982570962944,0
-66.40396084657002,0
-66.58244281298529,0
-64.65941668987222,0
-61.13909199400405,0
-66.18012469648563,0
-66.22597141118852,0
-61.892477914690765,0
-61.83450942810939,0
-66.17275119041278,0
-65.21267239193295,0
-56.12422956557575,0
-59.292331132723845,0
-69.23039045054563,0
-67.04915971248286,0
-49.279825807784796,0
-64.54802417341892,0
-64.6506344290533,0
-59.292331132723845,0
-66.32225066930447,0
-68.50843582466938,0
-65.95978575550464,0
-72.39171405353994,0
-68.55917896085701,0
-42.589147502804224,0
-68.03531965160676,0
-68.57795765862899,0
-72.39171405353994,0
-68.66802867051213,0
-67.45480531104619,0
-72.39171405353994,0
-71.34291646988777,0
-67.17746032927883,0
-71.84178886635698,0
-52.71102163933955,0
-73.98023820585824,0
-70.13519675421918,0
-68.08539747236624,0
-64.99742202264886,0
-59.292331132723845,0
-66.75525482973156,0
-59.35871022288847,0
-72.39171405353994,0
-64.13705087899103,0
-72.39171405353994,0
-67.92776407233058,0
-67.95035425040498,0
-62.75787485146045,0
-44.83123761547709,0
-69.00686729769889,0
-67.20996171616825,0
-72.39171405353994,0
-61.66652356414297,0
-73.98023820585824,0
-63.37406192353489,0
-68.15409972178529,0
-65.92663737518988,0
-65.62118988683086,0
-64.2102212714686,0
-68.1305766048574,0
-59.18207485998452,0
-59.35214205477637,0
-66.93058225723118,0
-73.98023820585824,0
-42.36720190947237,0
-59.292331132723845,0
-71.06646847336853,0
-68.3595397044685,0
-64.88584394464698,0
-68.02386805278323,0
-68.12301331810028,0
-62.39876548578213,0
-64.24051751646041,0
-62.824865303741184,0
-72.39171405353994,0
-68.71825305593359,0
-65.83628816952363,0
-72.39171405353994,0
-68.528195219232,0
-69.50472776245938,0
-60.02307518777258,0
-63.77477139531581,0
-60.62122812992473,0
-30.094330973702636,0
-68.72408331846461,0
-70.78698905958514,0
-68.24333416252415,0
-61.68807538926666,0
-64.20780686737763,0
-59.292331132723845,0
-72.39171405353994,0
-65.27114448779159,0
-65.30867493901364,0
-65.12216372161573,0
-61.20901127231114,0
-56.31046972266341,0
-66.81052701399182,0
-70.8299733426308,0
-70.15091587168413,0
-72.39171405353994,0
-37.58646791004499,0
-62.34010468646379,0
-66.11077914080765,0
-59.292331132723845,0
-70.13094848617027,0
-70.20413731561237,0
-70.60190161663012,0
-68.58208061312715,0
-64.57229905789401,0
-68.90343176405798,0
-68.04053367784864,0
-72.39171405353994,0
-50.30229423560685,0
-63.566414730174905,0
-67.8808163406926,0
-73.98023820585824,0
-64.81316317496706,0
-73.76818536852917,0
-63.266078695853906,0
-64.65674418379697,0
-63.077102840836545,0
-66.55919380787786,0
-66.00190634265782,0
-72.39171405353994,0
-61.81932246090046,0
-72.39171405353994,0
-70.51577536608656,0
-67.37918870719459,0
-70.12087856187003,0
-67.86199584819568,0
-65.65773579059191,0
-59.292331132723845,0
-33.93874803764239,0
-70.12438737968142,0
-71.00587007425565,0
-17.06300166184827,0
-58.094810000284866,0
-72.39171405353994,0
-64.66760219580226,0
-68.95403465517741,0
-71.84505501367428,0
-63.61489119922501,0
-44.94193581065216,0
-66.15353990811958,0
-74.38051537597732,0
-49.723150230448574,0
-40.87078758126919,0
-68.94919847273204,0
-70.11629740202551,0
-68.89729124581675,0
-70.09307140775053,0
-67.20625898751787,0
-63.39842291005631,0
-67.78856898370583,0
-60.38946283198278,0
-68.69047381092093,0
-67.43823466359497,0
-66.69969407353972,0
-66.05670649956781,0
-70.14773092462701,0
-67.22531346079258,0
-70.8299733426308,0
-71.3582914109478,0
-64.4909116249135,0
-38.545933171559426,0
-43.2832991867423,0
-68.95403465517741,0
-66.84713028522613,0
-59.292331132723845,0
-64.54994678840816,0
-47.539890553119726,0
-66.06502501701675,0
-70.12450493035203,0
-61.96979573880821,0
-60.27276871720024,0
-67.94515605806313,0
-60.879116536653676,0
-44.725432830654704,0
-65.29853872985747,0
-59.292331132723845,0
-72.39171405353994,0
-61.89924231477931,0
-70.16782629350803,0
-65.7762395810919,0
-67.97387736733288,0
-70.51577536608656,0
-59.292331132723845,0
-64.1688234436806,0
-72.39171405353994,0
-55.92350424488635,0
-70.17123112084334,0
-72.05253648408348,0
-59.292331132723845,0
-71.88168672861764,0
-67.1847394935895,0
-70.10404507764068,0
-56.964061786863084,0
-70.91735518315282,0
-68.61889640848689,0
-65.897566215456,0
-70.15842274849416,0
-72.39171405353994,0
-70.69167209771145,0
-54.152605580489194,0
-71.89200274531225,0
-67.94515605806313,0
-72.39171405353994,0
-71.89168197546189,0
-76.26378710779598,0
-67.87396834916356,0
-62.34010468646379,0
-55.816903848892565,0
-69.44856409312705,0
-68.72164375798269,0
-68.25195296162101,0
-62.85259494056233,0
-43.28653003349799,0
-62.41092652667338,0
-69.78885202600566,0
-72.39171405353994,0
-68.26737663913055,0
-65.761071918252,0
-72.39171405353994,0
-63.52278400638576,0
-68.8801942108386,0
-63.58449848720939,0
-65.98048937433931,0
-69.04141649569944,0
-65.30867493901364,0
-70.79381723692661,0
-47.08831750238574,0
-69.48235272349444,0
-67.92776407233058,0
-72.39171405353994,0
-64.81316317496706,0
-72.39171405353994,0
-73.98023820585824,0
-67.94435717139456,0
-57.599642777738225,0
-70.51577536608656,0
-64.81316317496706,0
-72.47909589406197,0
-64.45349688822876,0
-59.292331132723845,0
-66.01451978293983,0
-70.91735518315282,0
-49.69005441511738,0
-68.4830656937107,0
-67.14710467520017,0
-61.89924231477931,0
-72.39171405353994,0
-64.27609456464295,0
-67.03344683759305,0
-69.69787555063938,0
-61.178845943045616,0
-70.91735518315282,0
-68.71816500837588,0
-72.39171405353994,0
-68.56320491289661,0
-64.23353098279993,0
-70.51577536608656,0
-72.04577208399493,0
-70.10894304661622,0
-70.16238200877177,0
-73.98023820585824,0
-52.22920157524811,0
-40.168207058655916,0
-48.72397906308715,0
-67.86856401630777,0
-76.07114567980364,0
-70.16750552365764,0
-72.39171405353994,0
-53.447223640714434,0
-56.306543294837724,0
-59.292331132723845,0
-59.292331132723845,0
-71.00587007425565,0
-72.39171405353994,0
-63.83754242768484,0
-65.34192562042062,0
-70.14741411549599,0
-70.51577536608656,0
-67.83530935061437,0
-72.39171405353994,0
-64.81316317496706,0
-42.6238457714222,0
-61.9513457676916,0
-52.57468868890778,0
-69.05884689771493,0
-70.8299733426308,0
-66.00775538285129,0
-54.43833115226889,0
-69.80848637040762,0
-65.32931087050757,0
-70.14283295565147,0
-61.62864648572323,0
-59.292331132723845,0
-52.730819029894135,0
-68.40741672520788,0
-64.29932055891791,0
-72.39171405353994,0
-44.31857638762249,0
-64.90371344073326,0
-72.87417487183917,0
-74.36730827574405,0
-61.83119986875841,0
-63.58449848720939,0
-69.64580471888506,0
-69.23583797988906,0
-66.94245966508913,0
-66.3346486002075,0
-67.87183251319506,0
-36.24102736688778,0
-72.39171405353994,0
-70.8299733426308,0
-59.292331132723845,0
-68.63636957913849,0
-67.85682412600049,0
-61.76783465961131,0
-61.89474069946035,0
-68.43730079726006,0
-70.12087856187003,0
-68.98184452076416,0
-64.96947104117113,0
-61.92426089539868,0
-64.2758203627016,0
-72.39171405353994,0
-63.56007946247141,0
-64.26258815109546,0
-64.32424076650709,0
-69.65716121432541,0
-70.51577536608656,0
-45.86010425956228,0
-65.37023280263729,0
-68.21999876026777,0
-66.60096120349829,0
-70.6570915626015,0
-55.455731166289766,0
-67.04583670842402,0
-64.81316317496706,0
-62.586555494840205,0
-63.00350985890985,0
-71.86502239918815,0
-69.2152034833367,0
-66.91508112243486,0
-72.39171405353994,0
-59.292331132723845,0
-68.36404131978746,0
-59.83242542241248,0
-47.94514214582749,0
-48.59382161692672,0
-72.47909589406197,0
-71.26183782849552,0
-68.08716063963625,0
-68.83027631026766,0
-61.818947544373565,0
-66.9885442718354,0
-59.292331132723845,0
-70.17123112084334,0
-55.43304957409428,0
-48.545737008394774,0
-70.16750552365764,0
-66.00977616669222,0
-72.39171405353994,0
-66.62637262162296,0
-70.67767301693235,0
-70.9790866328465,0
-66.75236043756703,0
-65.19941488663517,0
-58.551547493820216,0
-66.44361260029928,0
-73.98023820585824,0
-73.98023820585824,0
-70.15091587168413,0
-72.07755506470286,0
-66.74041859111095,0
-73.98023820585824,0
-59.292331132723845,0
-66.24452308885198,0
-74.04934168762438,0
-70.2196744453604,0
-66.45616273834457,0
-72.47909589406197,0
-66.2877830833721,0
-71.06646847336853,0
-70.10835252474178,0
-71.98780359741357,0
-68.94437363402386,0
-72.39171405353994,0
-68.60126319742953,0
-58.67687868490907,0
-68.4064088093356,0
-72.39171405353994,0
-72.39171405353994,0
-67.91515037979985,0
-70.3597034614197,0
-72.39171405353994,0
-72.39171405353994,0
-68.55081422495684,0
-67.91588666447262,0
-68.62424108944668,0
-72.47909589406197,0
-59.35871022288847,0
-64.96598698119115,0
-65.99642643165684,0
-72.39171405353994,0
-70.2196744453604,0
-64.2571818458899,0
-71.81470341155475,0
-59.292331132723845,0
-65.21433787220228,0
-72.10429951840486,0
-70.17581228068786,0
-58.941252613041634,0
-54.718914491683094,0
-61.89474069946035,0
-67.45737067625399,0
-67.94033121935496,0
-68.08539747236624,0
-70.98037950964562,0
-73.98023820585824,0
-72.03144176970056,0
-72.39171405353994,0
-72.39171405353994,0
-68.24567053229715,0
-68.21058728766087,0
-64.28744315105996,0
-68.88210427860781,0
-59.292331132723845,0
-72.39171405353994,0
-63.23004980697006,0
-47.02877566934024,0
-64.55221974286114,0
-72.39171405353994,0
-74.34423077995046,0
-72.47909589406197,0
-72.93160335925702,0
-72.39171405353994,0
-68.790820239884,0
-56.75325844109512,0
-71.26995947888516,0
-72.39171405353994,0
-40.93064011899818,0
-69.89696661229166,0
-64.7367392163989,0
-66.08717899138014,0
-72.39171405353994,0
-56.5978075824716,0
-72.39171405353994,0
-66.10059310201328,0
-66.37912371294647,0
-63.33211494228075,0
-65.78284360220081,0
-67.74496492719308,0
-70.5599892095112,0
-48.546511080200474,0
-64.44487808913192,0
-47.37466907778634,0
-58.32870097076843,0
-72.39171405353994,0
-34.8859539243446,0
-72.39171405353994,0
-59.292331132723845,0
-59.292331132723845,0
-52.77993200400788,0
-68.56400379956519,0
-72.47909589406197,0
-55.455731166289766,0
-72.39171405353994,0
-70.17757544795788,0
-61.495917828263934,0
-64.56247631728236,0
-66.57568905916438,0
-72.39171405353994,0
-66.18106061972101,0
-71.00587007425565,0
-70.15751027681341,0
-72.39171405353994,0
-64.59111955039094,0
-66.71211986412106,0
-70.41359956192773,0
-66.75101213532946,0
-52.006145437520516,0
-68.53473440597467,0
-59.292331132723845,0
-67.03270114478039,0
-68.75517878848399,0
-44.06553237468127,0
-67.82724399709845,0
-73.98023820585824,0
-72.5676107851648,0
-72.39171405353994,0
-66.80400282769239,0
-69.6075906901269,0
-66.34441816884191,0
-66.70830709809357,0
-66.9720659370024,0
-59.292331132723845,0
-72.39171405353994,0
-43.01206871255981,0
-72.77405971315595,0
-59.292331132723845,0
-73.98023820585824,0
-53.0577748827508,0
-57.38664779339854,0
-70.16750552365764,0
-70.04915246871897,0
-64.8741124787387,0
-70.1130387932644,0
-64.97231364709047,0
-66.69495987175402,0
-64.44147871486832,0
-67.86199584819568,0
-59.292331132723845,0
-60.0483222079453,0
-63.566414730174905,0
-59.292331132723845,0
-68.64824698699644,0
-66.62528320709472,0
-70.69167209771145,0
