anomaly_score,label
1.8571835e-05,0
5.2769414e-05,0
2.2285823e-05,0
2.03382e-05,0
2.1249696e-05,0
4.113001e-05,0
1.6494834e-05,0
0.00031637552,0
2.0697333e-05,0
1.2461396e-05,0
5.349636e-05,0
4.7657057e-05,0
4.244213e-05,0
0.00020258957,0
0.00043519857,0
5.5888064e-05,0
1.9215388e-05,0
2.4291418e-05,0
7.7905905e-05,0
0.0027199346,0
0.00012739903,0
7.807686e-05,0
5.6814966e-05,0
0.0005046483,0
6.210809e-05,0
2.2613138e-05,0
3.1381787e-05,0
0.0075863497,0
2.324696e-05,0
0.0005123676,0
2.1270173e-05,0
0.00029295604,0
0.00012097897,0
0.00021340988,0
2.4992025e-05,0
2.1737984e-05,0
0.0075861146,0
1.8385746e-05,0
2.3092443e-05,0
3.4969813e-05,0
0.00013961332,0
2.9776797e-05,0
0.001945441,0
6.0505765e-05,0
8.723766e-05,0
6.715685e-05,0
2.7358412e-05,0
1.2546732e-05,0
3.422149e-05,0
2.9605737e-05,0
4.388766e-05,0
0.0029882563,0
9.870594e-05,0
4.2795713e-05,0
2.0006384e-05,0
0.00021492537,0
0.0072792987,0
0.0002537699,0
5.55623e-05,0
0.00011359634,0
4.8816877e-05,0
5.693876e-05,0
9.990794e-06,0
2.4285238e-05,0
0.004568867,0
5.04347e-05,0
0.0006216183,0
2.1921578e-05,0
0.00011111876,0
0.011015304,0
4.173415e-05,0
2.2143604e-05,0
3.3172037e-05,0
0.00010704456,0
9.389275e-05,0
1.7539942e-05,0
0.00012056915,0
2.4055755e-05,0
2.7129878e-05,0
1.366614e-05,0
2.5079496e-05,0
0.0006494465,0
1.0943629e-05,0
2.431603e-05,0
0.000920431,0
4.7915855e-05,0
3.471092e-05,0
2.5044124e-05,0
0.02519773,0
5.1516174e-05,0
4.8764283e-05,0
0.00010554179,0
2.7544504e-05,0
2.6214411e-05,0
0.0015684653,0
0.00013703688,0
2.0842652e-05,0
4.402514e-05,0
4.8235008e-05,0
5.591879e-05,0
5.913158e-05,0
0.00010221031,0
2.116798e-05,0
1.5216316e-05,0
3.183773e-05,0
4.125477e-05,0
1.1195078e-05,0
0.0020860124,0
2.7094387e-05,0
0.00010290629,0
1.94887e-05,0
0.0010393594,0
1.3916568e-05,0
0.00074902934,0
2.3990586e-05,0
1.17538975e-05,0
2.5529427e-05,0
3.2146352e-05,0
2.1449636e-05,0
0.005196869,0
0.012613077,0
2.9975627e-05,0
2.5181082e-05,0
0.002253582,0
2.3133469e-05,0
2.3509447e-05,0
2.6572305e-05,0
1.5824544e-05,0
9.861216e-05,0
3.612696e-05,0
1.1230778e-05,0
0.00028839317,0
0.0003205678,0
0.00068912527,0
5.8481262e-05,0
0.00067978795,0
0.008575078,0
2.1494203e-05,0
1.8377967e-05,0
4.3283526e-05,0
1.331976e-05,0
2.9202258e-05,0
0.0004952597,0
2.2677967e-05,0
3.313063e-05,0
4.880419e-05,0
0.0012746267,0
1.4771459e-05,0
2.7598699e-05,0
5.1014966e-05,0
0.00048804254,0
3.0625513e-05,0
2.410893e-05,0
6.976569e-05,0
6.577991e-05,0
0.0005822379,0
0.00018956012,0
0.0036032451,0
1.8644945e-05,0
1.6212158e-05,0
4.9021754e-05,0
2.5533058e-05,0
2.57361e-05,0
8.220364e-05,0
2.1446924e-05,0
6.9570015e-05,0
8.143475e-05,0
0.00084031024,0
0.00040412514,0
3.3213248e-05,0
2.6422995e-05,0
9.413031e-05,0
0.00022111562,0
2.912633e-05,0
1.8731447e-05,0
2.08124e-05,0
1.2751339e-05,0
8.447002e-05,0
0.0006557935,0
3.5884117e-05,0
2.1248485e-05,0
2.6307105e-05,0
4.8383274e-05,0
2.6670545e-05,0
5.1328905e-05,0
2.0090058e-05,0
2.3088965e-05,0
0.00014751664,0
0.00032473053,0
8.4020954e-05,0
2.1854223e-05,0
0.0003659417,0
0.000112884336,0
1.3865053e-05,0
4.0527622e-05,0
0.00020670822,0
2.6823998e-05,0
6.174866e-05,0
2.2607823e-05,0
0.00014217051,0
1.9349234e-05,0
3.4791377e-05,0
1.6412774e-05,0
0.00012083934,0
3.8748814e-05,0
2.4009112e-05,0
2.5928213e-05,0
0.00034487995,0
2.4483354e-05,0
1.4515064e-05,0
1.890742e-05,0
0.0015005027,0
6.171456e-05,0
1.9202265e-05,0
3.5537887e-05,0
3.8252896e-05,0
0.000377801,0
2.2287493e-05,0
1.9956697e-05,0
2.0556392e-05,0
3.0943113e-05,0
3.8549588e-05,0
0.00021190286,0
0.0003670282,0
0.00014752943,0
1.13347005e-05,0
0.00019429956,0
0.00013373242,0
8.4524305e-05,0
0.0009204589,0
0.0021260036,0
1.3741012e-05,0
2.4096014e-05,0
0.00014252556,0
5.181072e-05,0
4.4499608e-05,0
0.0017010625,0
0.00010920566,0
1.2190141e-05,0
2.1125164e-05,0
1.7152614e-05,0
0.0035511192,0
2.067617e-05,0
0.0058477432,0
7.579474e-05,0
2.5776058e-05,0
5.6394896e-05,0
1.9312498e-05,0
6.8753005e-05,0
0.00017038571,0
2.9239225e-05,0
8.584329e-05,0
6.16031e-05,0
7.356914e-05,0
4.6046505e-05,0
0.02301071,0
4.8307083e-05,0
3.326697e-05,0
0.0001153487,0
0.00064063526,0
2.0552046e-05,0
5.5564476e-05,0
1.6530914e-05,0
3.0733132e-05,0
0.000108488326,0
1.930583e-05,0
0.00014605954,0
0.00045114887,0
3.9346276e-05,0
1.8470271e-05,0
2.046659e-05,0
0.004124488,0
0.0010722231,0
2.1732567e-05,0
0.000101560836,0
3.705428e-05,0
2.0112251e-05,0
0.00011271145,0
7.198029e-05,0
0.00017646154,0
2.8842791e-05,0
0.00037750156,0
1.722809e-05,0
2.6038406e-05,0
0.010724523,0
0.00042430448,0
1.4570266e-05,0
3.981165e-05,0
2.0334252e-05,0
2.5017483e-05,0
2.8166709e-05,0
0.008782857,0
4.8184993e-05,0
4.168762e-05,0
5.976067e-05,0
3.5400582e-05,0
9.789748e-05,0
1.567626e-05,0
2.0834896e-05,0
2.1815185e-05,0
2.3516712e-05,0
2.7472139e-05,0
0.0011669479,0
3.9506158e-05,0
0.0006342201,0
2.1453168e-05,0
0.0026698061,0
1.8449093e-05,0
3.783832e-05,0
1.9908697e-05,0
2.0772739e-05,0
0.00061946176,0
4.464446e-05,0
0.00011038272,0
9.785838e-06,0
5.3867618e-05,0
2.0078496e-05,0
5.2401952e-05,0
6.0079772e-05,0
0.00033817504,0
1.6709724e-05,0
4.4815017e-05,0
4.410861e-05,0
0.00012543568,0
9.826506e-05,0
0.00061526586,0
0.0008504103,0
2.2987419e-05,0
0.0001124805,0
0.00044181483,0
1.9193765e-05,0
0.0003376488,0
0.0002783473,0
1.9617051e-05,0
5.5451128e-05,0
7.7383134e-05,0
0.0003175241,0
2.970125e-05,0
1.59857e-05,0
8.541083e-05,0
9.600992e-05,0
1.9879568e-05,0
2.1633126e-05,0
0.001610682,0
0.00076973287,0
2.8589184e-05,0
9.423748e-05,0
1.2712298e-05,0
0.002804319,0
0.00026647098,0
0.0006878258,0
7.406581e-05,0
2.623922e-05,0
8.1901904e-05,0
4.4279368e-05,0
1.9787203e-05,0
0.002572337,0
2.4045861e-05,0
0.012392916,0
2.6850239e-05,0
2.8112912e-05,0
2.1452319e-05,0
0.00027803227,0
8.1362225e-05,0
9.811377e-05,0
2.7398013e-05,0
4.1213432e-05,0
0.000104568804,0
2.4856385e-05,0
0.00018054381,0
0.0012922164,0
3.66536e-05,0
0.013267735,0
1.7568402e-05,0
2.0696876e-05,0
0.00022153895,0
1.8203906e-05,0
5.03798e-05,0
2.7028269e-05,0
9.776301e-05,0
6.720617e-05,0
4.2501466e-05,0
5.7751386e-05,0
1.9194524e-05,0
9.1888316e-05,0
0.00024058644,0
9.563073e-05,0
0.0010815735,0
2.0283092e-05,0
8.863618e-05,0
2.7173564e-05,0
2.6796304e-05,0
2.0334592e-05,0
5.4039992e-05,0
3.139153e-05,0
0.00043751358,0
1.9311048e-05,0
3.639794e-05,0
0.00019719651,0
2.533938e-05,0
0.0006771958,0
2.7703414e-05,0
0.00019774029,0
0.0033346375,0
6.3112115e-05,0
0.00013295154,0
2.2430917e-05,0
1.9880767e-05,0
5.1007442e-05,0
0.012800224,0
3.9445986e-05,0
1.9789031e-05,0
4.7244514e-05,0
9.040315e-05,0
2.8456776e-05,0
4.571727e-05,0
2.540416e-05,0
4.6983783e-05,0
0.00020273455,0
1.4363605e-05,0
0.00010357518,0
0.00021255217,0
4.885244e-05,0
2.0049656e-05,0
2.2699141e-05,0
0.0006326394,0
3.4356894e-05,0
0.00013920556,0
0.0045202533,0
0.00030571304,0
3.0104404e-05,0
0.00017293067,0
2.7461329e-05,0
2.78122e-05,0
0.0022010475,0
2.3647717e-05,0
0.00015274876,0
2.0926796e-05,0
6.290699e-05,0
0.00016373894,0
1.9561125e-05,0
7.942575e-05,0
0.010291787,0
9.8785e-05,0
0.004103577,0
0.0001418134,0
2.3239176e-05,0
5.2072053e-05,0
2.0182326e-05,0
0.0014453058,0
9.5630145e-05,0
4.574608e-05,0
0.019393798,0
2.6661764e-05,0
5.585273e-05,0
3.590733e-05,0
9.800498e-05,0
7.833259e-05,0
2.0826103e-05,0
1.9424107e-05,0
2.2544415e-05,0
1.801105e-05,0
1.9105655e-05,0
0.006649765,0
1.9303227e-05,0
0.0017371621,0
6.9696114e-05,0
1.9442808e-05,0
7.297119e-05,0
2.7304834e-05,0
3.659673e-05,0
2.7195281e-05,0
5.9113827e-05,0
2.339762e-05,0
0.00011902253,0
5.2049774e-05,0
1.4659696e-05,0
2.0261015e-05,0
2.075868e-05,0
7.045153e-05,0
4.0528666e-05,0
9.37914e-05,0
0.00012188158,0
2.5907517e-05,0
1.9214045e-05,0
5.1720406e-05,0
0.00015098741,0
0.00027931388,0
0.0012614559,0
0.00016561203,0
2.7146747e-05,0
1.9579566e-05,0
0.00086864346,0
2.0455069e-05,0
0.000382589,0
1.5303005e-05,0
6.4041946e-05,0
2.6682297e-05,0
4.3448417e-05,0
2.001803e-05,0
2.452097e-05,0
9.795314e-05,0
5.3383887e-05,0
3.7949794e-05,0
3.362386e-05,0
6.89425e-05,0
0.011559621,0
1.9222778e-05,0
6.091455e-05,0
2.4040772e-05,0
2.1622256e-05,0
9.861266e-05,0
2.008445e-05,0
0.00018223794,0
0.0013582491,0
9.315026e-05,0
0.00011751715,0
0.0020908765,0
2.3801413e-05,0
2.2168046e-05,0
1.5465726e-05,0
5.793407e-05,0
1.9266732e-05,0
5.2175696e-05,0
2.1977383e-05,0
6.6494635e-05,0
1.9843495e-05,0
3.1451942e-05,0
0.0011852534,0
4.8421898e-05,0
0.0010086233,0
0.00042639097,0
4.4979555e-05,0
4.0647505e-05,0
1.1778665e-05,0
3.1258827e-05,0
2.4075152e-05,0
3.237435e-05,0
9.400873e-05,0
2.0899082e-05,0
4.3890654e-05,0
0.003181508,0
7.468009e-05,0
0.00021902312,0
1.9570922e-05,0
2.2218801e-05,0
1.8282477e-05,0
2.0997355e-05,0
5.5765744e-05,0
1.5280313e-05,0
0.0006612492,0
1.711619e-05,0
2.100945e-05,0
0.00019506332,0
9.916926e-05,0
0.008131754,0
8.912085e-05,0
8.695736e-05,0
3.8347516e-05,0
0.00017603114,0
0.00013176957,0
3.465694e-05,0
0.0001391849,0
0.0055619455,0
2.4185298e-05,0
9.815459e-05,0
0.00016097084,0
0.0064816833,0
0.00019750977,0
0.00042493283,0
2.5566334e-05,0
4.3149223e-05,0
0.00021127333,0
5.068043e-05,0
2.4619294e-05,0
2.2219292e-05,0
5.2921136e-05,0
2.2274427e-05,0
2.3051853e-05,0
1.2302824e-05,0
0.00092981796,0
1.4400264e-05,0
0.00015364484,0
0.0055619534,0
2.6458709e-05,0
8.79487e-05,0
2.4856403e-05,0
0.00012231342,0
0.0017472585,0
5.0023573e-05,0
2.0338299e-05,0
0.0005397758,0
2.5927837e-05,0
3.38019e-05,0
0.0019775587,0
3.192541e-05,0
4.4819753e-05,0
0.00015250423,0
2.6976739e-05,0
5.1297375e-05,0
0.00018607461,0
6.15521e-05,0
1.9851987e-05,0
1.964333e-05,0
2.376594e-05,0
2.066601e-05,0
0.00013038435,0
9.793378e-05,0
0.0001742013,0
4.3975033e-05,0
4.1812513e-05,0
0.010656846,0
3.9782208e-05,0
4.1720472e-05,0
0.00013908494,0
5.607014e-05,0
0.0037368897,0
0.0005813595,0
2.243859e-05,0
0.00016947169,0
0.0004482756,0
1.2465278e-05,0
0.00067398616,0
0.00010108897,0
2.4374462e-05,0
4.438054e-05,0
3.33864e-05,0
0.0013394447,0
0.00052360434,0
0.00043331372,0
2.8722015e-05,0
1.1587726e-05,0
0.00013847604,0
3.759009e-05,0
0.0010488725,0
0.00023982546,0
2.345762e-05,0
0.0002508519,0
2.007991e-05,0
8.1888065e-05,0
2.756346e-05,0
2.1987913e-05,0
0.0001543611,0
0.00014902791,0
0.00022617329,0
0.00020335618,0
0.00016993553,0
2.3922968e-05,0
0.00016877451,0
1.9246783e-05,0
2.419588e-05,0
0.001732506,0
1.8983972e-05,0
3.446932e-05,0
0.00055583834,0
2.0741107e-05,0
0.00019311588,0
0.00010264348,0
1.3503591e-05,0
1.2162904e-05,0
0.0002902807,0
2.1446658e-05,0
0.0007321228,0
0.0035574224,0
1.2529958e-05,0
2.0183952e-05,0
0.0007579881,0
0.00040975967,0
7.180909e-05,0
2.1126682e-05,0
0.00065356254,0
3.8709088e-05,0
3.964785e-05,0
0.0003623561,0
0.0004189021,0
0.0088238465,0
0.0007680896,0
2.5429197e-05,0
2.0337751e-05,0
0.00018914742,0
0.00028143727,0
4.40326e-05,0
0.00018486207,0
0.00016641786,0
4.206943e-05,0
1.9401647e-05,0
3.3597953e-05,0
2.9627243e-05,0
5.7904974e-05,0
2.7326045e-05,0
1.662296e-05,0
0.00043401486,0
4.0830255e-05,0
5.1057195e-05,0
5.1248717e-05,0
8.823815e-05,0
0.004433511,0
4.0779236e-05,0
0.0060113883,0
0.00057912344,0
2.096787e-05,0
0.023034824,0
5.8523816e-05,0
3.1126743e-05,0
4.0068884e-05,0
1.4483771e-05,0
7.799975e-05,0
0.0058563454,0
1.8368228e-05,0
5.933733e-05,0
0.0011577666,0
2.6746935e-05,0
0.00049821567,0
5.7391448e-05,0
1.3387473e-05,0
6.7304696e-05,0
0.00030276223,0
6.7255045e-05,0
3.2944685e-05,0
7.4632495e-05,0
1.2627811e-05,0
3.672656e-05,0
4.97879e-05,0
2.512704e-05,0
1.9397605e-05,0
0.00018489767,0
1.9757415e-05,0
4.1662843e-05,0
0.0035304006,0
9.051251e-05,0
9.5635594e-05,0
3.8645994e-05,0
0.00073215127,0
5.0994506e-05,0
1.547045e-05,0
1.94494e-05,0
0.00019307782,0
1.5600159e-05,0
7.654021e-05,0
2.069272e-05,0
0.00054088596,0
5.034386e-05,0
3.3841243e-05,0
4.8284543e-05,0
2.6957181e-05,0
3.930431e-05,0
6.484864e-05,0
8.740851e-05,0
0.00010033337,0
0.00030316028,0
5.4574444e-05,0
9.524681e-05,0
2.2843215e-05,0
4.293485e-05,0
2.2202037e-05,0
2.480941e-05,0
1.9240839e-05,0
2.835302e-05,0
0.0003419635,0
0.00011569039,0
3.6833222e-05,0
0.0004335655,0
2.1447951e-05,0
0.0012026585,0
4.8441674e-05,0
1.0632151e-05,0
4.3599117e-05,0
2.0303021e-05,0
0.0010812443,0
7.24447e-05,0
0.00012765708,0
0.0006206961,0
2.1573524e-05,0
0.0011883539,0
0.0018900435,0
3.3223503e-05,0
6.0987815e-05,0
1.1395056e-05,0
0.00014907261,0
0.00016486457,0
1.9445908e-05,0
2.6871428e-05,0
1.781766e-05,0
1.7451253e-05,0
1.970621e-05,0
0.000105344894,0
1.9273577e-05,0
3.4460096e-05,0
0.0012167111,0
3.7054713e-05,0
2.8758745e-05,0
1.2338137e-05,0
4.7822687e-05,0
2.0829624e-05,0
0.0002090005,0
0.00089118,0
2.9469487e-05,0
1.4734918e-05,0
3.5142355e-05,0
1.976902e-05,0
1.5535077e-05,0
0.0003641311,0
3.355512e-05,0
4.1994095e-05,0
0.00011623739,0
0.00029997618,0
0.00038245265,0
7.938016e-05,0
4.396401e-05,0
2.7540953e-05,0
1.7445109e-05,0
0.0013914042,0
5.149363e-05,0
0.0007329874,0
2.0130798e-05,0
0.0056354934,0
0.00042074797,0
6.264628e-05,0
3.3417225e-05,0
4.692908e-05,0
2.217096e-05,0
0.00011167444,0
0.00010731607,0
3.192363e-05,0
2.5522602e-05,0
2.2316472e-05,0
2.3852717e-05,0
1.8600753e-05,0
1.4279653e-05,0
1.9950085e-05,0
3.0431902e-05,0
1.9198978e-05,0
3.372777e-05,0
3.315778e-05,0
0.00018198421,0
2.9873958e-05,0
0.00020340917,0
0.0012969914,0
1.2208594e-05,0
2.0260433e-05,0
0.00019254735,0
2.1425614e-05,0
2.0969037e-05,0
7.173219e-05,0
3.6280664e-05,0
1.8456032e-05,0
0.00014749754,0
1.9104407e-05,0
2.0984953e-05,0
4.4858152e-05,0
0.0004417808,0
0.00013677824,0
1.2841561e-05,0
2.2745311e-05,0
3.327882e-05,0
1.9292642e-05,0
4.976895e-05,0
1.7015662e-05,0
3.730728e-05,0
5.9619462e-05,0
0.00082670734,0
9.761457e-05,0
0.00070295617,0
2.8774191e-05,0
0.0025155223,0
0.00015511388,0
0.00050941354,0
2.7486218e-05,0
0.0005638968,0
0.005761272,0
2.214816e-05,0
0.0017826203,0
1.959667e-05,0
4.7066776e-05,0
2.7464885e-05,0
4.9451803e-05,0
7.5154276e-05,0
4.9078815e-05,0
9.555948e-05,0
2.7232507e-05,0
0.0020289929,0
2.6252477e-05,0
2.6537486e-05,0
2.3871296e-05,0
2.655185e-05,0
3.661999e-05,0
0.0036620025,0
0.0075913644,0
0.001639602,0
1.3881127e-05,0
0.00042251893,0
2.6571788e-05,0
1.9432871e-05,0
0.00025137718,0
1.34559705e-05,0
0.00020618565,0
3.9505492e-05,0
1.8998773e-05,0
2.1470025e-05,0
6.273802e-05,0
3.9182658e-05,0
0.001624526,0
0.00019633661,0
1.5926615e-05,0
1.9190382e-05,0
8.4190266e-05,0
2.38763e-05,0
5.773851e-05,0
1.7366616e-05,0
9.783739e-05,0
2.8150904e-05,0
0.000105644904,0
2.4407927e-05,0
3.777563e-05,0
0.00025845942,0
1.9226545e-05,0
0.0052015963,0
2.2788949e-05,0
2.7128792e-05,0
1.45401455e-05,0
0.0019549504,0
1.975006e-05,0
0.0013718043,0
8.5507374e-05,0
0.0001335547,0
5.2344403e-05,0
0.0011241771,0
1.6913118e-05,0
2.4618259e-05,0
0.00011919745,0
0.00039821598,0
6.109028e-05,0
4.9271075e-05,0
2.233275e-05,0
5.446997e-05,0
3.792461e-05,0
0.0039034502,0
3.3430846e-05,0
4.7342375e-05,0
1.7928869e-05,0
1.3705083e-05,0
7.162437e-05,0
0.00019768804,0
0.0013434972,0
2.2204269e-05,0
0.00049955916,0
2.714658e-05,0
2.8614255e-05,0
3.2978758e-05,0
8.182072e-05,0
1.5154458e-05,0
4.5726374e-05,0
1.6065771e-05,0
2.0895035e-05,0
4.814632e-05,0
0.00011311156,0
6.184137e-05,0
2.2471466e-05,0
4.4887765e-05,0
0.002764276,0
3.1837317e-05,0
0.00020948911,0
5.160065e-05,0
6.1379964e-05,0
6.891444e-05,0
0.0001847725,0
0.001420467,0
0.018706914,0
1.6103904e-05,0
4.9251266e-05,0
2.1219637e-05,0
0.00019158036,0
0.00048610664,0
9.109435e-05,0
0.00024473388,0
4.891848e-05,0
5.3459342e-05,0
9.951805e-05,0
0.0004725103,0
2.229647e-05,0
6.663748e-05,0
0.0060433014,0
2.2580121e-05,0
0.00010663432,0
1.5781507e-05,0
0.0005573668,0
1.4722644e-05,0
0.0015731538,0
4.2401676e-05,0
4.828432e-05,0
2.40768e-05,0
1.550469e-05,0
0.00013957042,0
0.012756978,0
0.00025741634,0
3.4137214e-05,0
4.6627694e-05,0
8.082838e-05,0
1.8675995e-05,0
2.570122e-05,0
7.0342656e-05,0
2.0233885e-05,0
0.00010070113,0
4.625419e-05,0
0.010028166,0
0.00010462709,0
5.0486506e-05,0
5.4066408e-05,0
5.452673e-05,0
0.00010125685,0
0.0016252662,0
2.2078144e-05,0
0.002032937,0
2.9122739e-05,0
2.736098e-05,0
3.3866665e-05,0
5.829956e-05,0
3.230772e-05,0
0.00015614828,0
1.927851e-05,0
0.0001965778,0
0.0001266221,0
0.0013150873,0
9.955567e-05,0
4.2431726e-05,0
2.182495e-05,0
0.00027804915,0
6.107994e-05,0
0.0001211809,0
0.00019816193,0
2.055535e-05,0
0.00010150499,0
9.766141e-05,0
0.00016809184,0
5.500451e-05,0
1.7787415e-05,0
7.722265e-05,0
4.973555e-05,0
2.0082796e-05,0
0.0004813749,0
1.6025613e-05,0
1.9272637e-05,0
1.970662e-05,0
1.4840023e-05,0
0.0006173339,0
1.5743426e-05,0
2.6959679e-05,0
9.5040676e-05,0
2.0573762e-05,0
3.693641e-05,0
1.9175883e-05,0
2.4674644e-05,0
5.6123783e-05,0
2.84851e-05,0
3.149543e-05,0
0.0068938723,0
2.208437e-05,0
1.9592155e-05,0
0.0025896379,0
7.573614e-05,0
3.079048e-05,0
0.0006227491,0
3.245808e-05,0
0.0011426809,0
0.00024401372,0
7.433131e-05,0
0.00016616394,0
2.2336415e-05,0
0.0017719114,0
1.9333685e-05,0
0.00021069509,0
2.853497e-05,0
2.1685433e-05,0
2.0580614e-05,0
2.1448595e-05,0
0.00019759987,0
2.028055e-05,0
0.009982661,0
2.9218558e-05,0
4.1801257e-05,0
9.85732e-05,0
3.8917282e-05,0
0.00026236413,0
6.455749e-05,0
3.343828e-05,0
6.0697388e-05,0
0.001127511,0
7.83065e-05,0
7.347611e-05,0
0.0006699227,0
3.4165958e-05,0
0.00012794544,0
1.9470735e-05,0
4.022356e-05,0
1.6261381e-05,0
0.00017149874,0
5.498295e-05,0
8.066409e-05,0
2.1816226e-05,0
5.1718012e-05,0
2.0549482e-05,0
7.113533e-05,0
0.005529692,0
0.001189478,0
5.687533e-05,0
8.122457e-05,0
0.00084161316,0
1.9460394e-05,0
0.00011471869,0
8.105825e-05,0
0.009394567,0
1.2818158e-05,0
2.5126074e-05,0
5.1076753e-05,0
0.00020271029,0
1.9341085e-05,0
9.553829e-05,0
6.611801e-05,0
5.742397e-05,0
2.222437e-05,0
2.1237378e-05,0
2.8535273e-05,0
9.747368e-05,0
9.837827e-05,0
2.7369255e-05,0
0.00027609352,0
6.735495e-05,0
3.417037e-05,0
1.2685365e-05,0
4.646727e-05,0
0.00073408365,0
6.1303035e-05,0
0.0055006593,0
0.00012674739,0
5.9813025e-05,0
0.0005332323,0
1.897326e-05,0
2.4843017e-05,0
6.5684835e-05,0
0.00010511533,0
2.1867347e-05,0
0.0001823037,0
1.27477e-05,0
0.00022924856,0
5.6810786e-05,0
9.6331656e-05,0
0.0005140438,0
1.9889374e-05,0
4.9048114e-05,0
0.0004361342,0
1.9959385e-05,0
2.9616273e-05,0
2.0189613e-05,0
1.31709e-05,0
2.458582e-05,0
2.8718368e-05,0
0.012591487,0
0.0002011384,0
6.691623e-05,0
5.9912923e-05,0
9.793585e-05,0
0.010261116,0
2.4932247e-05,0
0.00017873137,0
9.955765e-05,0
2.6154828e-05,0
0.00011620957,0
2.0539639e-05,0
0.00010558627,0
0.0005554549,0
2.8149065e-05,0
2.2721359e-05,0
4.638785e-05,0
2.860198e-05,0
1.937855e-05,0
0.00010380759,0
0.000100392834,0
3.31068e-05,0
0.020005103,0
1.6366734e-05,0
6.250794e-05,0
0.00023629265,0
0.00019895939,0
4.978784e-05,0
0.0019439462,0
5.714001e-05,0
2.5772713e-05,0
3.9153194e-05,0
0.00013507092,0
2.7747374e-05,0
2.506907e-05,0
0.0005911673,0
0.0016141465,0
9.469413e-05,0
9.872828e-05,0
0.002224892,0
0.00021079734,0
0.00044206952,0
0.00011526151,0
0.00013828232,0
2.0639623e-05,0
0.0005385522,0
0.0012228444,0
2.782514e-05,0
0.00017025927,0
3.965131e-05,0
3.5123398e-05,0
0.00019370727,0
2.1134272e-05,0
0.0023964704,0
0.00013672872,0
2.560354e-05,0
2.2250571e-05,0
8.594024e-05,0
3.5141773e-05,0
4.8200196e-05,0
0.004170343,0
1.9802785e-05,0
1.9614132e-05,0
3.1621035e-05,0
0.0012024195,0
2.8069533e-05,0
4.442413e-05,0
6.1247694e-05,0
0.000115177005,0
0.00094482943,0
1.9201514e-05,0
6.26458e-05,0
1.7596862e-05,0
0.00017267966,0
1.4020587e-05,0
1.9682107e-05,0
5.4341475e-05,0
1.1285601e-05,0
2.034582e-05,0
2.4751227e-05,0
2.118485e-05,0
2.5952508e-05,0
0.0013530401,0
2.5450494e-05,0
0.00052798894,0
0.0001664206,0
5.7289908e-05,0
0.0010177474,0
4.6694804e-05,0
8.44434e-05,0
0.0072130375,0
9.831735e-05,0
0.00010702061,0
2.2193553e-05,0
2.0546182e-05,0
1.9339637e-05,0
9.680566e-05,0
5.4426215e-05,0
2.182045e-05,0
0.0019129643,0
1.9301608e-05,0
2.499202e-05,0
4.917176e-05,0
2.112492e-05,0
1.975683e-05,0
9.8705685e-05,0
0.00042760614,0
0.00014441967,0
0.00023096205,0
0.00044914364,0
0.00011219283,0
7.264272e-05,0
9.793479e-05,0
0.007109004,0
0.00017969908,0
4.857764e-05,0
6.281719e-05,0
5.7380887e-05,0
0.00061433774,0
2.7876584e-05,0
2.6336971e-05,0
0.0062852134,0
3.0120726e-05,0
0.009721775,0
4.1618616e-05,0
4.1301926e-05,0
2.873053e-05,0
0.00035733666,0
3.7140722e-05,0
4.6000074e-05,0
2.7147666e-05,0
3.0745334e-05,0
1.8893916e-05,0
0.0012371625,0
2.5409197e-05,0
4.1575866e-05,0
1.9910305e-05,0
1.9883071e-05,0
1.5828962e-05,0
2.1301717e-05,0
3.4858444e-05,0
2.2547509e-05,0
2.8385333e-05,0
4.372888e-05,0
0.000118505406,0
2.0773216e-05,0
1.2957627e-05,0
0.00046882685,0
6.039997e-05,0
0.00031351356,0
0.0018808919,0
3.7686015e-05,0
1.7117456e-05,0
5.3059535e-05,0
2.548476e-05,0
2.7222362e-05,0
0.00081120874,0
2.5047808e-05,0
4.3489214e-05,0
1.9179044e-05,0
1.1476572e-05,0
4.0660034e-05,0
7.366868e-05,0
1.8574006e-05,0
2.1395042e-05,0
0.00020075073,0
1.6035925e-05,0
0.0025005639,0
1.9542602e-05,0
1.3629031e-05,0
0.011665786,0
4.8688555e-05,0
7.155486e-05,0
0.00018439638,0
0.0014361211,0
9.870622e-05,0
1.5143237e-05,0
0.00041284456,0
0.00013054696,0
3.24235e-05,0
9.828889e-06,0
1.930811e-05,0
2.0524289e-05,0
0.0002711178,0
1.9540053e-05,0
2.2491597e-05,0
5.0169958e-05,0
0.00067355647,0
2.8156457e-05,0
1.7277554e-05,0
6.9775386e-05,0
0.0004898847,0
2.1853406e-05,0
1.9561936e-05,0
2.4729652e-05,0
9.623052e-05,0
1.8000823e-05,0
0.00018622131,0
1.8356432e-05,0
0.00038546446,0
5.575756e-05,0
3.1629763e-05,0
0.009842784,0
0.0003154844,0
2.0865567e-05,0
0.0017984696,0
2.6951577e-05,0
4.8189344e-05,0
3.517925e-05,0
2.505758e-05,0
2.6662949e-05,0
0.00013189892,0
2.111588e-05,0
4.579838e-05,0
0.00084003364,0
2.1015165e-05,0
2.6710071e-05,0
1.1483141e-05,0
0.0002500361,0
0.0011338925,0
0.000146515,0
9.674792e-05,0
0.00019365223,0
5.620246e-05,0
2.7038708e-05,0
2.1766356e-05,0
9.638295e-05,0
4.892575e-05,0
8.849031e-05,0
2.3285791e-05,0
2.1279347e-05,0
3.6811492e-05,0
4.369534e-05,0
2.8778744e-05,0
9.920972e-05,0
2.2969183e-05,0
9.916062e-05,0
2.4739255e-05,0
0.008739845,0
2.4490353e-05,0
0.0010448061,0
5.301532e-05,0
2.6892674e-05,0
0.00030341308,0
2.182356e-05,0
9.978469e-05,0
1.6083935e-05,0
5.380066e-05,0
0.0018174716,0
0.0003510259,0
2.243634e-05,0
5.254911e-05,0
0.00020017852,0
3.4231114e-05,0
1.9268926e-05,0
0.0012768527,0
1.9572244e-05,0
0.00018201937,0
6.938537e-05,0
2.273141e-05,0
2.0548783e-05,0
0.00012949211,0
1.9406076e-05,0
4.53177e-05,0
5.3456737e-05,0
4.8731312e-05,0
8.214376e-05,0
2.3985378e-05,0
2.8190532e-05,0
3.3625787e-05,0
2.333747e-05,0
2.1127546e-05,0
7.951223e-05,0
3.0340512e-05,0
9.8493714e-05,0
0.004931937,0
8.967543e-05,0
4.957307e-05,0
0.0001514782,0
2.7168036e-05,0
9.5537696e-05,0
0.0005572652,0
1.0257762e-05,0
0.00024405753,0
1.6658623e-05,0
6.455368e-05,0
1.3890217e-05,0
4.7943955e-05,0
0.000121581405,0
0.00011274231,0
7.9859485e-05,0
0.012962214,0
5.328805e-05,0
9.624397e-05,0
0.00014812671,0
7.8958044e-05,0
1.5298132e-05,0
0.00016287579,0
7.444854e-05,0
0.0055091004,0
2.71891e-05,0
2.355785e-05,0
2.1987084e-05,0
0.009865594,0
1.1372031e-05,0
2.491891e-05,0
1.771352e-05,0
4.6551395e-05,0
2.8522298e-05,0
1.6630309e-05,0
1.389298e-05,0
0.0005412417,0
8.115679e-05,0
2.2327531e-05,0
4.6332236e-05,0
6.756573e-05,0
5.011252e-05,0
2.3142922e-05,0
2.0542228e-05,0
0.0014644874,0
7.242433e-05,0
7.7978206e-05,0
4.9876184e-05,0
5.6573594e-05,0
0.0014982645,0
4.820797e-05,0
0.00024721285,0
2.0294387e-05,0
2.056527e-05,0
3.243733e-05,0
5.462634e-05,0
3.4014283e-05,0
0.005134824,0
1.3802669e-05,0
1.193356e-05,0
1.4338786e-05,0
0.00012786662,0
0.019306248,0
2.1815793e-05,0
0.00080756017,0
2.7381779e-05,0
2.1810414e-05,0
1.9273724e-05,0
9.870532e-05,0
0.00032896455,0
0.00014103201,0
5.810338e-05,0
4.1186435e-05,0
2.1205531e-05,0
0.00014439605,0
2.7190013e-05,0
0.00080995774,0
2.4579684e-05,0
2.3967632e-05,0
1.7811239e-05,0
0.0010087065,0
0.00012525303,0
5.6707595e-05,0
9.821254e-05,0
0.00024186229,0
9.403772e-05,0
0.012155892,0
5.487935e-05,0
8.4413914e-05,0
1.947787e-05,0
2.9754112e-05,0
2.4940338e-05,0
1.6785063e-05,0
0.011558275,0
1.8620773e-05,0
8.285803e-05,0
5.639077e-05,0
5.260453e-05,0
9.7603806e-05,0
0.00011404445,0
1.7647466e-05,0
9.238542e-05,0
2.2863687e-05,0
0.004597316,0
9.545898e-05,0
2.6184978e-05,0
0.00013265348,0
0.0024137427,0
2.0597958e-05,0
0.00016247809,0
0.00010091035,0
5.803373e-05,0
3.976323e-05,0
1.9202382e-05,0
0.00034540112,0
5.2929096e-05,0
9.670433e-05,0
0.00034036266,0
4.547808e-05,0
0.0019611092,0
0.00027691797,0
0.0006274435,0
0.0016771925,0
0.00010034605,0
1.9273295e-05,0
2.6023386e-05,0
0.0046616658,0
0.00015290522,0
1.5079909e-05,0
2.4000545e-05,0
0.00012686673,0
6.342807e-05,0
2.0812826e-05,0
1.22852225e-05,0
0.00020438658,0
1.5021406e-05,0
0.0002350431,0
0.008748734,0
0.00032068635,0
7.648632e-05,0
5.4018863e-05,0
3.1985386e-05,0
4.3708926e-05,0
0.00032347676,0
3.9314178e-05,0
8.343743e-05,0
2.3704722e-05,0
0.0071260603,0
6.554743e-05,0
5.5785786e-05,0
0.00022875302,0
2.5290909e-05,0
0.00019694668,0
0.00014055008,0
0.005191923,0
2.7797085e-05,0
9.4530384e-05,0
3.5551086e-05,0
3.401264e-05,0
6.560769e-05,0
0.012467204,0
0.00020481762,0
4.212615e-05,0
0.00027338558,0
2.0965983e-05,0
2.7226746e-05,0
0.0001479069,0
2.8631297e-05,0
2.3515451e-05,0
1.2602246e-05,0
4.8258054e-05,0
2.1273974e-05,0
6.096914e-05,0
0.0011048433,0
2.4350938e-05,0
5.8359565e-05,0
0.0006728392,0
6.402887e-05,0
6.0624378e-05,0
1.2446574e-05,0
2.746824e-05,0
0.00014746429,0
0.0036173463,0
2.6216941e-05,0
0.0035814063,0
0.012245674,0
2.9063463e-05,0
2.1349775e-05,0
0.0006443109,0
0.0009403556,0
0.00015825332,0
3.9341314e-05,0
2.4472167e-05,0
1.7744693e-05,0
3.511635e-05,0
2.1219455e-05,0
9.701803e-05,0
0.00030252885,0
3.2139695e-05,0
0.010648824,0
2.5767346e-05,0
3.243524e-05,0
3.152987e-05,0
2.6768941e-05,0
0.00011166048,0
9.535627e-05,0
3.921544e-05,0
0.01265152,0
3.9919127e-05,0
5.5823613e-05,0
2.4551699e-05,0
1.1365751e-05,0
1.890392e-05,0
0.005776625,0
0.0001532953,0
2.748369e-05,0
0.0075003584,0
5.4666547e-05,0
0.0061251028,0
2.1846894e-05,0
3.0313624e-05,0
2.440582e-05,0
1.933726e-05,0
1.6327187e-05,0
2.639228e-05,0
1.800917e-05,0
0.00011925114,0
0.0002562419,0
1.5484962e-05,0
0.0010560275,0
0.0011846967,0
0.00024335776,0
0.009673285,0
3.1263688e-05,0
1.9131568e-05,0
5.0579503e-05,0
7.354571e-05,0
2.6934587e-05,0
2.0214462e-05,0
4.125765e-05,0
1.9347764e-05,0
0.0010535831,0
3.2309497e-05,0
2.24247e-05,0
2.0101266e-05,0
2.0299814e-05,0
5.8075366e-05,0
2.1031436e-05,0
4.050469e-05,0
5.5244866e-05,0
0.00017070302,0
8.033092e-05,0
2.2848957e-05,0
0.000109800465,0
3.578235e-05,0
9.606506e-06,0
6.704204e-05,0
1.7907814e-05,0
7.786043e-05,0
0.00013150772,0
0.00015370484,0
3.5807607e-05,0
5.1490468e-05,0
0.0015101935,0
5.3407824e-05,0
2.4879688e-05,0
6.6882305e-05,0
0.0008122867,0
0.00026545726,0
6.196377e-05,0
0.0001092727,0
2.173233e-05,0
1.9427009e-05,0
0.00010241362,0
9.601175e-05,0
0.0005660119,0
4.852081e-05,0
0.0006905409,0
9.970238e-05,0
0.0007128754,0
1.4317296e-05,0
2.4875913e-05,0
2.207651e-05,0
2.7886203e-05,0
0.00047211355,0
7.572049e-05,0
2.6045162e-05,0
0.00019845154,0
4.6813748e-05,0
5.247316e-05,0
5.081559e-05,0
2.4858029e-05,0
1.647327e-05,0
0.00091945234,0
0.00015364132,0
0.0013215033,0
0.00031314354,0
0.0002582813,0
1.2316095e-05,0
1.7735316e-05,0
3.8616276e-05,0
5.6494428e-05,0
5.159537e-05,0
3.4575456e-05,0
0.0009930802,0
2.00734e-05,0
0.009986838,0
4.1821044e-05,0
0.002036565,0
0.0004502588,0
0.0010678483,0
5.276144e-05,0
4.045769e-05,0
0.0074469633,0
0.00014607326,0
0.00045492622,0
5.908033e-05,0
1.4679797e-05,0
8.018679e-05,0
0.0001345776,0
3.2774373e-05,0
5.229649e-05,0
0.00015008062,0
7.935095e-05,0
5.138826e-05,0
1.9677009e-05,0
3.7714693e-05,0
2.4480007e-05,0
2.0067413e-05,0
2.3406215e-05,0
2.1406604e-05,0
2.1130469e-05,0
3.5330322e-05,0
4.4353656e-05,0
0.0001496637,0
6.679777e-05,0
0.0014845392,0
6.106484e-05,0
5.807461e-05,0
0.0019884724,0
0.0010496753,0
9.6107426e-05,0
1.8056575e-05,0
9.042552e-05,0
9.804665e-05,0
2.6938977e-05,0
0.0006674842,0
0.00026420716,0
0.00086687796,0
7.028955e-05,0
2.3448622e-05,0
3.6060934e-05,0
0.00024627132,0
4.3222866e-05,0
1.0495483e-05,0
2.4522169e-05,0
2.2133227e-05,0
6.0106206e-05,0
0.0010429671,0
0.0010242081,0
2.5752908e-05,0
3.5812853e-05,0
0.0014502209,0
0.0001787512,0
0.00034470554,0
2.3650216e-05,0
9.897868e-05,0
0.00022030725,0
2.5798867e-05,0
4.8722075e-05,0
2.2633087e-05,0
2.86325e-05,0
2.6260088e-05,0
1.4659876e-05,0
0.0005110171,0
0.0006776329,0
7.7673714e-05,0
0.00086353964,0
9.548523e-05,0
0.0001770036,0
2.2431748e-05,0
0.00030203056,0
0.000101499914,0
2.695265e-05,0
1.4429305e-05,0
0.0067681083,0
5.3784875e-05,0
0.00064437656,0
0.00025482447,0
2.7917564e-05,0
5.6573663e-05,0
0.0004891508,0
2.8082279e-05,0
2.0389865e-05,0
2.2414653e-05,0
3.3425746e-05,0
0.00014323709,0
3.211825e-05,0
1.7972e-05,0
0.0004399576,0
1.2769926e-05,0
2.7046342e-05,0
5.666712e-05,0
6.737448e-05,0
2.0431462e-05,0
2.1943672e-05,0
5.0670693e-05,0
0.0051426394,0
0.0015361928,0
2.0340598e-05,0
9.66317e-05,0
1.9567648e-05,0
3.466311e-05,0
0.00036473034,0
1.9205754e-05,0
2.2610788e-05,0
1.9880375e-05,0
1.9188428e-05,0
2.0395699e-05,0
6.833033e-05,0
2.1222333e-05,0
5.8129175e-05,0
9.6317155e-05,0
0.00029109287,0
2.0503048e-05,0
5.1013012e-05,0
3.960573e-05,0
3.0020185e-05,0
0.0061023226,0
4.5245473e-05,0
0.01370765,0
0.00013963546,0
2.374304e-05,0
1.9441677e-05,0
0.00024170046,0
1.7622735e-05,0
0.00012082066,0
0.0005872893,0
0.016361639,0
7.819139e-05,0
0.000121512654,0
0.0037424846,0
2.7644184e-05,0
5.7359965e-05,0
1.2034788e-05,0
1.9226842e-05,0
2.0951204e-05,0
3.0264058e-05,0
2.97537e-05,0
0.0001981273,0
2.9313445e-05,0
1.2084137e-05,0
1.9726383e-05,0
0.00011887462,0
3.254615e-05,0
6.396553e-05,0
2.3354918e-05,0
6.540169e-05,0
1.9227668e-05,0
1.3780791e-05,0
1.7906186e-05,0
0.00011413117,0
0.00013021204,0
0.00024636724,0
2.7196764e-05,0
1.945709e-05,0
0.00027809685,0
4.1050946e-05,0
4.8631646e-05,0
1.9078643e-05,0
0.00014405402,0
2.5361593e-05,0
0.0003417589,0
2.7367876e-05,0
0.00016456617,0
2.7653514e-05,0
2.7796541e-05,0
2.0447917e-05,0
2.7822962e-05,0
2.6342661e-05,0
4.9907678e-05,0
2.8972272e-05,0
1.4969383e-05,0
9.87336e-05,0
0.00024715075,0
0.00022065059,0
7.783031e-05,0
2.8877957e-05,0
4.467398e-05,0
2.5088426e-05,0
0.00014458285,0
6.0769253e-05,0
1.5339974e-05,0
0.0004383235,0
0.00011624147,0
5.0195715e-05,0
2.269058e-05,0
0.00013865282,0
0.00010004143,0
0.00028050694,0
0.00010517474,0
1.5276726e-05,0
9.599492e-05,0
3.0001658e-05,0
2.6686543e-05,0
3.2866858e-05,0
0.0006398236,0
0.0002818215,0
4.874785e-05,0
2.9052257e-05,0
0.0008749135,0
5.8157926e-05,0
2.826792e-05,0
7.531353e-05,0
0.0006181499,0
2.4267663e-05,0
0.00013047249,0
0.00025228833,0
1.855737e-05,0
0.00013997203,0
2.1975198e-05,0
0.00025631115,0
2.173907e-05,0
5.4926564e-05,0
2.0832867e-05,0
4.8097645e-05,0
1.9308354e-05,0
0.00011421654,0
2.2254573e-05,0
0.00014998714,0
1.4832051e-05,0
1.4554856e-05,0
2.479114e-05,0
0.009291359,0
3.097582e-05,0
4.572853e-05,0
0.00012604798,0
3.8238115e-05,0
0.00022173104,0
9.813285e-05,0
0.000345036,0
8.758952e-05,0
0.000104903906,0
8.537153e-05,0
4.432865e-05,0
0.00030699695,0
0.0017029947,0
1.9588182e-05,0
0.000112920636,0
9.576634e-05,0
2.5157964e-05,0
0.00051602884,0
2.5170582e-05,0
2.080897e-05,0
0.000112372814,0
0.00013260153,0
5.1821044e-05,0
2.6707217e-05,0
5.4872613e-05,0
2.1326863e-05,0
8.9953835e-05,0
2.278416e-05,0
0.00014821859,0
2.0568388e-05,0
0.00012236674,0
1.3998238e-05,0
0.012961096,0
0.00030741582,0
2.5481313e-05,0
4.8634192e-05,0
0.0064978856,0
3.763882e-05,0
0.0013491173,0
0.00011947323,0
9.360152e-05,0
0.00022261082,0
4.0114686e-05,0
0.00010454162,0
2.0569305e-05,0
4.370345e-05,0
0.0014995338,0
0.0016849412,0
1.9279456e-05,0
4.29208e-05,0
2.0542551e-05,0
0.0005947211,0
2.6453434e-05,0
0.0061320784,0
4.831437e-05,0
6.379279e-05,0
1.3772444e-05,0
0.00034505108,0
0.00011263691,0
9.79419e-05,0
1.7438984e-05,0
2.6903568e-05,0
1.9475723e-05,0
3.7344704e-05,0
3.765714e-05,0
3.7539703e-05,0
0.00060858077,0
0.0053390726,0
1.2304931e-05,0
5.4823602e-05,0
0.00019807555,0
2.9140676e-05,0
2.1870243e-05,0
2.4194644e-05,0
0.00011048254,0
4.5017303e-05,0
0.00010094987,0
0.002172481,0
4.5853114e-05,0
0.0005000866,0
2.0294365e-05,0
1.5029168e-05,0
0.00010363179,0
9.8734025e-05,0
3.2295346e-05,0
0.00013176014,0
2.0969972e-05,0
1.9838975e-05,0
2.3766379e-05,0
0.00028047367,0
5.20075e-05,0
2.1790243e-05,0
2.750111e-05,0
4.938836e-05,0
0.0004879052,0
1.3244838e-05,0
3.3017182e-05,0
9.180299e-05,0
2.7203863e-05,0
5.346248e-05,0
7.765309e-05,0
0.00017928633,0
2.66224e-05,0
0.0009699763,0
0.0023668727,0
4.8530506e-05,0
0.001977739,0
3.1228705e-05,0
0.00017920842,0
3.6359932e-05,0
2.8291e-05,0
6.284079e-05,0
3.9544717e-05,0
0.006854846,0
4.946557e-05,0
0.0031062092,0
6.9266476e-05,0
2.5382556e-05,0
8.932704e-05,0
2.9278366e-05,0
0.0131700905,0
9.7679746e-05,0
7.856374e-05,0
4.646478e-05,0
2.6120333e-05,0
7.4877076e-05,0
2.8232454e-05,0
7.921719e-05,0
6.7935e-05,0
8.0265556e-05,0
0.000113553004,0
2.3254248e-05,0
0.00014375286,0
9.312881e-05,0
2.4339288e-05,0
0.00026167172,0
0.00014816553,0
1.677301e-05,0
5.5735545e-05,0
0.0045669954,0
0.00042838985,0
3.009769e-05,0
1.9280948e-05,0
3.2498112e-05,0
0.000897223,0
0.0012256837,0
0.0008187317,0
0.00039442437,0
4.8622016e-05,0
7.061961e-05,0
0.000107975095,0
0.00015948131,0
2.7949205e-05,0
0.0013681939,0
1.9730925e-05,0
0.0013284243,0
0.00015084824,0
0.0013280583,0
1.8581255e-05,0
2.2391587e-05,0
3.786377e-05,0
5.3145748e-05,0
2.7543345e-05,0
0.0010769878,0
2.0285017e-05,0
8.073467e-05,0
1.9189632e-05,0
1.8566248e-05,0
2.1797314e-05,0
0.00034445192,0
5.7548616e-05,0
2.5897414e-05,0
2.3406066e-05,0
9.67804e-06,0
0.00012055817,0
0.0030066413,0
6.0224433e-05,0
3.8016762e-05,0
2.1451675e-05,0
0.0008793793,0
0.00041322617,0
0.00010473027,0
7.475973e-05,0
4.7229158e-05,0
1.4642196e-05,0
5.791006e-05,0
2.6625316e-05,0
1.6808846e-05,0
2.1694079e-05,0
2.6987944e-05,0
1.9562012e-05,0
3.5682766e-05,0
2.7334869e-05,0
4.5756246e-05,0
0.00053108495,0
8.675362e-05,0
0.000502368,0
1.3928499e-05,0
0.00045295624,0
9.427934e-05,0
0.0003307128,0
0.0011056853,0
2.357058e-05,0
2.195505e-05,0
2.0804351e-05,0
0.0001761654,0
0.00014552198,0
4.4670374e-05,0
2.3467086e-05,0
0.00066470564,0
2.11246e-05,0
0.0005152448,0
0.018220523,0
9.884074e-05,0
2.3197514e-05,0
0.00052802596,0
1.6530475e-05,0
1.4841127e-05,0
0.0004007539,0
0.00024047037,0
2.1201127e-05,0
2.5654494e-05,0
2.6079264e-05,0
1.1196423e-05,0
2.658779e-05,0
2.0031981e-05,0
4.5039567e-05,0
2.2860833e-05,0
7.238993e-05,0
9.930403e-05,0
7.220599e-05,0
2.1573442e-05,0
1.4556224e-05,0
2.3212455e-05,0
0.00014069585,0
5.6926445e-05,0
4.7574067e-05,0
2.054074e-05,0
0.0019545683,0
2.3441124e-05,0
0.00017936353,0
9.783748e-05,0
0.00027227114,0
1.921504e-05,0
0.0067688376,0
1.3864974e-05,0
1.9442497e-05,0
0.009240561,0
1.8177825e-05,0
1.9697969e-05,0
0.0003023498,0
0.00019306493,0
2.4875199e-05,0
3.1603937e-05,0
2.6339276e-05,0
0.00049763557,0
2.639972e-05,0
2.387959e-05,0
2.2205591e-05,0
7.133081e-05,0
9.145189e-05,0
3.2613843e-05,0
0.00037623022,0
2.3064384e-05,0
0.00025136475,0
1.4378107e-05,0
4.931769e-05,0
2.3456121e-05,0
0.0002962401,0
3.1633383e-05,0
1.96444e-05,0
1.9729776e-05,0
0.00013726033,0
6.7819914e-05,0
2.8443943e-05,0
0.0033281294,0
2.2464848e-05,0
2.1942844e-05,0
1.0759254e-05,0
9.341957e-05,0
9.978349e-05,0
1.9304553e-05,0
9.074551e-05,0
1.5138194e-05,0
2.2907585e-05,0
7.1223905e-05,0
2.2468084e-05,0
0.00015691273,0
0.003548667,0
4.3178694e-05,0
0.0126567185,0
0.0013059396,0
0.00043357085,0
3.9113565e-05,0
6.909605e-05,0
1.4642456e-05,0
5.049464e-05,0
5.0840827e-05,0
8.155853e-05,0
2.6973148e-05,0
6.157775e-05,0
2.040316e-05,0
0.0004458754,0
1.7707525e-05,0
2.7084343e-05,0
2.5162675e-05,0
0.009740942,0
9.1011854e-05,0
2.6599426e-05,0
2.6938073e-05,0
7.721035e-05,0
8.593369e-05,0
3.348683e-05,0
9.57833e-05,0
8.9837675e-05,0
0.00021280044,0
0.00040663648,0
7.181204e-05,0
1.8941535e-05,0
4.625642e-05,0
1.3204659e-05,0
2.0810563e-05,0
0.00012787626,0
1.817751e-05,0
3.6613223e-05,0
5.9957285e-05,0
2.7844244e-05,0
0.00011784229,0
0.00011665522,0
9.6437514e-05,0
2.857747e-05,0
2.2404074e-05,0
1.893193e-05,0
5.989203e-05,0
2.024189e-05,0
2.6991911e-05,0
2.127648e-05,0
0.00044173124,0
2.2317314e-05,0
6.0408587e-05,0
9.482944e-05,0
2.590592e-05,0
8.7638866e-05,0
0.00035416742,0
4.8238606e-05,0
1.9169935e-05,0
4.8666054e-05,0
2.2203842e-05,0
0.00023648533,0
3.296887e-05,0
5.0587256e-05,0
2.0299774e-05,0
8.040552e-05,0
1.137721e-05,0
5.0960254e-05,0
0.0011533679,0
1.9872186e-05,0
1.8132678e-05,0
2.2912864e-05,0
0.007804709,0
2.2864922e-05,0
0.013636404,0
2.048879e-05,0
0.00018163434,0
5.770641e-05,0
5.6664503e-05,0
8.9883215e-05,0
0.00023079065,0
0.0001776288,0
0.008325874,0
2.329193e-05,0
0.00015084972,0
0.00022954242,0
0.00043651287,0
2.6318541e-05,0
8.819087e-05,0
0.005896259,0
7.634589e-05,0
1.2372744e-05,0
6.903117e-05,0
5.0327835e-05,0
4.513613e-05,0
4.640506e-05,0
2.584998e-05,0
3.280977e-05,0
0.0011880853,0
2.6394982e-05,0
0.000104323175,0
2.3670724e-05,0
0.0010005782,0
2.9818693e-05,0
0.00011854642,0
2.244495e-05,0
1.4408099e-05,0
0.0004169678,0
6.9955255e-05,0
3.8005517e-05,0
7.187602e-05,0
2.7934513e-05,0
3.475076e-05,0
3.0025703e-05,0
0.011247072,0
2.1311302e-05,0
2.2738426e-05,0
0.0067912443,0
2.380001e-05,0
0.0040819407,0
3.928916e-05,0
1.4406072e-05,0
3.1789143e-05,0
1.47674255e-05,0
0.00012976615,0
2.5132373e-05,0
0.00015906764,0
0.0002388105,0
1.9435223e-05,0
3.055235e-05,0
0.00010610199,0
9.636932e-05,0
6.250295e-05,0
2.7205348e-05,0
1.9880112e-05,0
0.00043803672,0
2.2321048e-05,0
2.2793332e-05,0
2.7413353e-05,0
0.003919767,0
0.00031238663,0
0.001313903,0
4.6614656e-05,0
0.00019591895,0
0.00024776012,0
2.556352e-05,0
1.483126e-05,0
2.240151e-05,0
0.000388629,0
3.129084e-05,0
3.492179e-05,0
1.7911989e-05,0
6.1912484e-05,0
0.00020696175,0
2.6292473e-05,0
0.00022318747,0
5.2388146e-05,0
2.0555188e-05,0
4.101739e-05,0
0.0006405827,0
3.2781216e-05,0
1.805688e-05,0
0.00015506342,0
2.5994677e-05,0
1.6676984e-05,0
6.0133963e-05,0
1.4087448e-05,0
1.0932369e-05,0
1.9205487e-05,0
5.8116042e-05,0
1.7047654e-05,0
2.2315273e-05,0
0.00015417223,0
1.4844157e-05,0
7.640532e-05,0
0.0006807378,0
5.018515e-05,0
3.368702e-05,0
2.640584e-05,0
1.9509878e-05,0
1.2379156e-05,0
6.292976e-05,0
2.018943e-05,0
4.7454036e-05,0
0.00024998293,0
0.00010906357,0
2.9662944e-05,0
0.0111223,0
5.6841403e-05,0
1.9441974e-05,0
1.05843565e-05,0
5.651711e-05,0
0.0003664318,0
2.4109426e-05,0
0.012873523,0
9.41827e-06,0
1.0478548e-05,0
0.00048441841,0
1.9485551e-05,0
0.00011580701,0
0.00027300755,0
2.4005447e-05,0
2.406135e-05,0
2.4296198e-05,0
0.0025097805,0
0.00055249024,0
4.402142e-05,0
1.4791205e-05,0
4.8834318e-05,0
0.00024335623,0
0.000100001125,0
2.370852e-05,0
1.665345e-05,0
0.00023719756,0
0.00014540095,0
1.7250979e-05,0
0.0057437727,0
1.5367037e-05,0
9.301769e-05,0
2.0071015e-05,0
2.502585e-05,0
1.3776641e-05,0
2.4644267e-05,0
0.0027047,0
2.8737546e-05,0
6.483562e-05,0
0.00029000657,0
2.465195e-05,0
4.9078924e-05,0
3.7654918e-05,0
2.0538575e-05,0
2.1272881e-05,0
5.0601615e-05,0
1.1924186e-05,0
2.7407457e-05,0
1.921998e-05,0
0.0050500473,0
3.4493285e-05,0
0.000110377354,0
2.0189587e-05,0
0.00019687117,0
8.108463e-05,0
0.00010266652,0
2.5025121e-05,0
2.674271e-05,0
0.00034263925,0
9.3249866e-05,0
4.3032698e-05,0
5.517709e-05,0
4.3917524e-05,0
1.7167245e-05,0
8.884737e-05,0
7.010325e-05,0
0.023695674,0
0.015973985,0
4.7024987e-05,0
2.0832204e-05,0
1.9280164e-05,0
0.0055747204,0
2.0111618e-05,0
1.5080345e-05,0
0.00011950321,0
9.53584e-05,0
0.0039058176,0
2.4737014e-05,0
0.0032255228,0
2.8253735e-05,0
2.0279464e-05,0
2.943083e-05,0
0.0005631335,0
2.0812398e-05,0
2.099806e-05,0
2.6959297e-05,0
5.543275e-05,0
2.2471284e-05,0
5.745454e-05,0
1.8332415e-05,0
2.3547806e-05,0
2.8726321e-05,0
0.012246771,0
2.686585e-05,0
0.0004973534,0
0.0010975103,0
7.983716e-05,0
2.0259513e-05,0
0.0013456806,0
0.0006967518,0
0.0002600331,0
0.0015354485,0
2.3527728e-05,0
1.6459946e-05,0
8.2269195e-05,0
4.132144e-05,0
1.8123721e-05,0
0.0001207265,0
1.9988966e-05,0
2.0268293e-05,0
1.5419422e-05,0
1.7285569e-05,0
0.0010941379,0
2.4292645e-05,0
1.2671804e-05,0
0.0010510046,0
2.1578568e-05,0
0.00014007356,0
2.6957656e-05,0
5.494513e-05,0
0.0001770547,0
0.0004185544,0
5.1627678e-05,0
4.462539e-05,0
0.00029340552,0
0.00030695237,0
8.444349e-05,0
2.1986123e-05,0
1.7315153e-05,0
0.000171939,0
4.629217e-05,0
9.427325e-05,0
1.9521305e-05,0
2.9802643e-05,0
6.238698e-05,0
0.0033990187,0
2.7217313e-05,0
2.0474348e-05,0
2.3380862e-05,0
0.0032400952,0
2.7838543e-05,0
8.32729e-05,0
4.172249e-05,0
4.389799e-05,0
0.00011892712,0
2.7492144e-05,0
0.000115598465,0
0.00034762084,0
0.000107510714,0
3.495343e-05,0
0.0005855515,0
8.163419e-05,0
0.00030321034,0
2.486405e-05,0
4.8325026e-05,0
2.96968e-05,0
0.00025624738,0
1.9873536e-05,0
9.506431e-05,0
5.5672557e-05,0
4.3076016e-05,0
3.7089965e-05,0
0.00013011304,0
2.1483853e-05,0
2.6964615e-05,0
3.1096548e-05,0
0.00038327082,0
3.1927146e-05,0
0.0001500265,0
2.0293344e-05,0
6.710423e-05,0
0.00014547547,0
2.0810132e-05,0
1.9208926e-05,0
8.824771e-05,0
1.7184731e-05,0
0.00071287574,0
7.115273e-05,0
0.00014738637,0
0.00018236303,0
4.6263853e-05,0
0.004119075,0
0.0007694883,0
0.00022376982,0
2.4077022e-05,0
5.0526076e-05,0
9.2345166e-05,0
3.3908836e-05,0
2.6557509e-05,0
3.0280708e-05,0
0.0008173557,0
2.4154115e-05,0
0.00019550047,0
1.9189029e-05,0
0.000108554355,0
1.4480772e-05,0
1.43247e-05,0
4.262453e-05,0
0.00010605109,0
4.875824e-05,0
2.0904112e-05,0
0.011657233,0
0.0002617221,0
0.00015465954,0
6.2322404e-05,0
2.6114854e-05,0
3.1463704e-05,0
2.1354006e-05,0
0.00039905662,0
0.00024179624,0
1.9192888e-05,0
9.525142e-05,0
0.00020723064,0
1.4246784e-05,0
0.00016716396,0
0.0003165613,0
0.002702451,0
2.220507e-05,0
0.0055558328,0
2.067594e-05,0
0.00011276859,0
6.212537e-05,0
1.800898e-05,0
0.00014300292,0
8.650657e-05,0
2.2194477e-05,0
0.00014220139,0
7.8924306e-05,0
2.2092016e-05,0
3.802095e-05,0
0.00029367156,0
2.0288911e-05,0
0.00011658241,0
1.563639e-05,0
5.562609e-05,0
2.5485208e-05,0
0.00016195388,0
9.133425e-05,0
1.76337e-05,0
4.278066e-05,0
3.1878615e-05,0
2.6751377e-05,0
2.2465701e-05,0
5.200348e-05,0
0.011563822,0
2.5149366e-05,0
6.572911e-05,0
4.933383e-05,0
2.3894356e-05,0
1.913926e-05,0
0.0002838068,0
1.2704957e-05,0
2.6246387e-05,0
4.4220295e-05,0
3.119166e-05,0
0.00019793659,0
5.193776e-05,0
4.1382125e-05,0
4.3921074e-05,0
2.0069347e-05,0
1.3317157e-05,0
0.000119327764,0
4.8364956e-05,0
1.7440438e-05,0
4.8589965e-05,0
7.8063844e-05,0
2.214969e-05,0
5.023757e-05,0
9.256795e-05,0
2.8252642e-05,0
5.1856543e-05,0
0.00020507764,0
0.0031592622,0
0.0003164239,0
0.0002766247,0
1.9720352e-05,0
8.026142e-05,0
9.563017e-05,0
4.2995427e-05,0
0.00015621573,0
1.6010375e-05,0
5.074891e-05,0
1.1782468e-05,0
1.367683e-05,0
5.5538592e-05,0
0.00039203468,0
0.0065515614,0
0.00013541657,0
0.00032448786,0
4.8507678e-05,0
1.619775e-05,0
2.2695482e-05,0
0.00013684829,0
6.814079e-05,0
2.7868939e-05,0
1.3820005e-05,0
1.9717314e-05,0
0.0013025944,0
0.0064439937,0
1.6312251e-05,0
0.000102632934,0
4.754018e-05,0
2.3751923e-05,0
1.9741186e-05,0
0.00024265588,0
0.0003354522,0
0.00045796615,0
2.201277e-05,0
8.439786e-05,0
2.9574769e-05,0
0.00011741844,0
0.0062148445,0
2.0892023e-05,0
9.55448e-05,0
1.7344533e-05,0
0.008466115,0
9.464728e-05,0
3.0553194e-05,0
2.1840504e-05,0
1.987777e-05,0
0.0006086545,0
7.745275e-05,0
0.018096417,0
2.6406278e-05,0
0.008610824,0
0.0072888765,0
0.000110364956,0
1.1479601e-05,0
2.2334974e-05,0
3.177671e-05,0
0.017655319,0
0.00018816446,0
0.006202276,0
9.8578756e-05,0
1.9361269e-05,0
0.00071541354,0
5.3786396e-05,0
5.07248e-05,0
5.3629825e-05,0
9.831721e-05,0
0.0019730045,0
1.9244928e-05,0
1.990442e-05,0
2.7640623e-05,0
2.354935e-05,0
0.0006220885,0
1.1483116e-05,0
0.00012091067,0
2.346791e-05,0
2.0299925e-05,0
1.1330294e-05,0
0.00082876283,0
2.4948442e-05,0
5.16527e-05,0
9.242772e-05,0
0.00026349293,0
0.00021321466,0
1.8653021e-05,0
0.0016581434,0
5.4617532e-05,0
5.307214e-05,0
3.2401887e-05,0
0.00013477892,0
0.00023115879,0
1.9300922e-05,0
0.00018114367,0
0.0006244538,0
0.00017013027,0
0.004398499,0
3.1360654e-05,0
0.00049160456,0
1.8326087e-05,0
1.9936047e-05,0
1.9344223e-05,0
1.971288e-05,0
9.447309e-05,0
7.943537e-05,0
0.00019716847,0
0.00014272911,0
5.1409355e-05,0
1.3745662e-05,0
3.4779896e-05,0
1.9374576e-05,0
1.9239838e-05,0
2.3515813e-05,0
5.3313517e-05,0
0.0003568572,0
5.4348737e-05,0
7.627566e-05,0
6.404913e-05,0
5.5636763e-05,0
1.925463e-05,0
3.4174103e-05,0
5.0628943e-05,0
1.9448507e-05,0
1.9479494e-05,0
0.0001246029,0
1.12457e-05,0
0.000105187566,0
0.000121041034,0
0.0111402655,0
2.6132926e-05,0
0.00012713281,0
1.9472322e-05,0
1.9402185e-05,0
4.9287693e-05,0
0.01068291,0
0.00010542365,0
5.994551e-05,0
2.1115837e-05,0
1.4620077e-05,0
3.7183047e-05,0
2.1568254e-05,0
0.00033708726,0
0.00094856555,0
0.00024953188,0
0.00010464885,0
0.0073490543,0
2.9683004e-05,0
0.00013101028,0
5.2891213e-05,0
0.00057591975,0
2.2903303e-05,0
5.986198e-05,0
1.9877576e-05,0
5.9563557e-05,0
2.4631738e-05,0
0.00010309325,0
1.732678e-05,0
2.0676e-05,0
2.6752425e-05,0
3.5966692e-05,0
4.9088143e-05,0
2.1682565e-05,0
1.3007435e-05,0
0.0021431223,0
2.1429147e-05,0
0.000101552825,0
5.831651e-05,0
2.4871055e-05,0
7.5170145e-05,0
2.9736113e-05,0
1.662682e-05,0
0.00022243877,0
0.00037427913,0
0.00019265802,0
6.196578e-05,0
5.6928555e-05,0
0.0004314204,0
1.8317714e-05,0
2.729114e-05,0
5.665153e-05,0
4.7589787e-05,0
2.3848506e-05,0
2.0132766e-05,0
0.0029503526,0
1.9758367e-05,0
1.3666287e-05,0
0.0011830513,0
0.00043816355,0
5.4639127e-05,0
0.00027228775,0
2.385302e-05,0
1.5314175e-05,0
8.773607e-05,0
0.00014521532,0
0.00011724385,0
1.9613673e-05,0
5.9497386e-05,0
0.005078896,0
2.8582737e-05,0
1.1203385e-05,0
0.00060703943,0
0.0015942157,0
0.000634122,0
0.000605408,0
0.00024176372,0
2.060113e-05,0
0.004502536,0
4.9245136e-05,0
0.0001562812,0
2.0172247e-05,0
2.2496566e-05,0
0.00013959878,0
1.7654693e-05,0
2.830933e-05,0
9.662072e-05,0
0.002583274,0
1.7784138e-05,0
0.00012779377,0
0.00046933582,0
0.011228742,0
7.171031e-05,0
8.519257e-05,0
0.0004885784,0
2.3755732e-05,0
4.833797e-05,0
0.0001098793,0
0.0059730196,0
2.0540027e-05,0
2.0706913e-05,0
0.00023791958,0
4.8347356e-05,0
0.0044730483,0
0.0054405406,0
2.4691033e-05,0
0.00010896209,0
3.989352e-05,0
0.01359128,0
5.5842796e-05,0
2.7031574e-05,0
2.3219853e-05,0
1.9639658e-05,0
0.000116990675,0
2.5382311e-05,0
3.5842164e-05,0
2.3050381e-05,0
7.665251e-05,0
4.0022307e-05,0
4.2093536e-05,0
1.5548496e-05,0
2.1891476e-05,0
5.6020093e-05,0
0.000606341,0
4.4090655e-05,0
0.00017541359,0
2.2355307e-05,0
2.2271262e-05,0
2.7351483e-05,0
2.5997891e-05,0
4.840645e-05,0
9.544407e-05,0
3.4811972e-05,0
9.9188896e-05,0
0.00010523656,0
0.00019778045,0
3.428491e-05,0
0.0016250593,0
2.1974296e-05,0
5.9714228e-05,0
0.0010171165,0
0.0081640445,0
2.9073326e-05,0
0.00011040845,0
2.2476032e-05,0
7.47642e-05,0
1.9691106e-05,0
4.891855e-05,0
2.398155e-05,0
9.732207e-05,0
0.0072495835,0
0.00030246898,0
0.0012630273,0
1.3237022e-05,0
5.0330633e-05,0
0.0003560973,0
2.6608848e-05,0
3.539882e-05,0
1.7731629e-05,0
0.00057970383,0
0.00018303745,0
6.1419254e-05,0
2.0293926e-05,0
4.9153496e-05,0
0.0038692742,0
1.1411411e-05,0
0.0001357377,0
0.000114395356,0
0.00014639768,0
2.5790916e-05,0
0.000100743055,0
1.9447647e-05,0
0.0052161138,0
3.8639806e-05,0
3.191211e-05,0
2.6063175e-05,0
3.349821e-05,0
2.6859507e-05,0
1.9108667e-05,0
0.00018706392,0
0.0006071322,0
2.7588136e-05,0
0.00012355129,0
0.00014263712,0
0.00036402655,0
2.621097e-05,0
0.00082768954,0
4.881885e-05,0
0.00014692856,0
5.941764e-05,0
0.0038133112,0
2.8554208e-05,0
1.6109168e-05,0
8.438291e-05,0
2.1713468e-05,0
2.2083868e-05,0
1.3546908e-05,0
2.5164529e-05,0
2.603914e-05,0
1.8413291e-05,0
6.043607e-05,0
1.6641203e-05,0
0.00011584603,0
0.00080484315,0
7.65331e-05,0
0.0004870731,0
8.055315e-05,0
2.7531256e-05,0
1.971285e-05,0
1.4560044e-05,0
0.006551303,0
0.00034812363,0
7.983341e-05,0
0.0002821918,0
7.867033e-05,0
4.8538386e-05,0
1.9565006e-05,0
2.5404443e-05,0
0.0010484603,0
2.6224929e-05,0
2.2211063e-05,0
1.8647457e-05,0
1.9345613e-05,0
0.0043968824,0
4.0505965e-05,0
9.9113924e-05,0
1.9354706e-05,0
2.7350374e-05,0
3.8415328e-05,0
0.013641187,0
2.7021297e-05,0
3.1736665e-05,0
5.1684798e-05,0
1.9264977e-05,0
1.9336261e-05,0
9.111299e-05,0
1.6516573e-05,0
2.0027062e-05,0
0.00020281321,0
3.5372846e-05,0
2.1006326e-05,0
0.0049474826,0
0.00052565074,0
0.000107632055,0
4.4123637e-05,0
0.0011760503,0
9.937006e-05,0
0.00037629536,0
5.4666078e-05,0
4.6061403e-05,0
1.5861624e-05,0
1.4193958e-05,0
0.00029686437,0
1.924693e-05,0
8.730976e-05,0
8.1186896e-05,0
1.37121915e-05,0
0.0006463415,0
3.469052e-05,0
0.006457582,0
3.298791e-05,0
0.0004532579,0
6.174358e-05,0
0.0034085442,0
2.5994068e-05,0
2.0823341e-05,0
3.1862168e-05,0
3.4599263e-05,0
8.4610416e-05,0
3.8945258e-05,0
2.8243585e-05,0
0.010451972,0
0.00054253504,0
0.00014778094,0
3.635267e-05,0
2.6429712e-05,0
0.0010431939,0
0.00016981845,0
0.00049295014,0
0.00010741619,0
2.4607347e-05,0
8.580462e-05,0
0.00053622643,0
0.0005481448,0
0.00012822503,0
5.0986175e-05,0
5.385195e-05,0
2.1468813e-05,0
2.2321592e-05,0
8.752871e-05,0
0.000114298935,0
3.7503032e-05,0
0.00042479104,0
8.460918e-05,0
5.086369e-05,0
0.00018928295,0
4.992771e-05,0
8.27176e-05,0
0.00012723073,0
1.9875662e-05,0
4.7495516e-05,0
9.3552895e-05,0
2.0209654e-05,0
0.001641156,0
7.717756e-05,0
0.01583018,0
2.5127705e-05,0
2.0971043e-05,0
0.0010545639,0
4.1047144e-05,0
2.6601057e-05,0
2.6959155e-05,0
0.00019047849,0
1.9289684e-05,0
4.8720834e-05,0
0.00065691606,0
2.5371573e-05,0
1.1561285e-05,0
2.095464e-05,0
2.4337178e-05,0
0.0006106505,0
7.021947e-05,0
2.5517676e-05,0
0.00019682414,0
1.5951493e-05,0
0.00086476636,0
0.0006247125,0
3.3387558e-05,0
2.5222662e-05,0
4.8552887e-05,0
0.0015821941,0
0.010479214,0
0.0001596426,0
9.520007e-05,0
0.00044527883,0
2.222096e-05,0
9.6272626e-05,0
5.3610707e-05,0
2.1466514e-05,0
0.0019111581,0
2.6971476e-05,0
9.656449e-05,0
0.013023012,0
1.6498761e-05,0
4.761059e-05,0
0.01602343,0
1.6620093e-05,0
2.054481e-05,0
0.00024899497,0
3.1895976e-05,0
1.4362518e-05,0
2.8172208e-05,0
8.796806e-05,0
0.008179994,0
5.1332412e-05,0
1.1381436e-05,0
1.9606261e-05,0
5.6094515e-05,0
2.0263633e-05,0
8.306214e-05,0
2.4749535e-05,0
2.5466807e-05,0
4.882892e-05,0
1.6360156e-05,0
2.0342897e-05,0
0.00011994831,0
2.4641775e-05,0
1.9222582e-05,0
0.00012783961,0
2.7568482e-05,0
6.9100286e-05,0
0.00013064654,0
4.896896e-05,0
0.00045190458,0
1.2642845e-05,0
2.0292637e-05,0
2.2236121e-05,0
2.3905775e-05,0
0.00031487813,0
0.00022368407,0
2.3100685e-05,0
2.0966956e-05,0
0.00043624363,0
0.00010531602,0
0.000113571354,0
0.0027986076,0
2.3287057e-05,0
0.00012068552,0
6.1726074e-05,0
0.00016699065,0
0.0005235743,0
4.9609953e-05,0
1.954066e-05,0
5.9817397e-05,0
2.2310856e-05,0
2.2948045e-05,0
9.603982e-05,0
0.0010575071,0
1.3913907e-05,0
2.7198532e-05,0
5.150823e-05,0
1.9909428e-05,0
2.8390541e-05,0
0.00014881369,0
0.010729282,0
9.4875526e-05,0
0.000117113195,0
1.2479698e-05,0
0.00022101782,0
0.0007996533,0
2.3901754e-05,0
5.3474014e-05,0
2.2173575e-05,0
0.00059336005,0
0.00017333557,0
2.1839312e-05,0
0.00018865237,0
0.000104232786,0
0.000105193125,0
1.8151903e-05,0
9.596353e-05,0
1.3835198e-05,0
8.806501e-05,0
1.5323196e-05,0
1.7381213e-05,0
0.00011397902,0
0.0005881376,0
0.00013843922,0
0.00010329481,0
1.6714795e-05,0
9.5895884e-05,0
5.0205792e-05,0
0.00010746957,0
0.000119304874,0
2.831159e-05,0
0.0001184058,0
1.7869892e-05,0
0.001973369,0
0.0005628275,0
0.000178247,0
0.00022110218,0
6.187571e-05,0
6.1556086e-05,0
0.00012154483,0
2.6218497e-05,0
0.00025656458,0
0.009641149,0
2.1112877e-05,0
7.037772e-05,0
5.5514916e-05,0
2.1112963e-05,0
2.3171482e-05,0
6.758224e-05,0
2.4509342e-05,0
1.6303102e-05,0
2.1491525e-05,0
5.1640003e-05,0
4.9696664e-05,0
4.23761e-05,0
2.349687e-05,0
0.0095555,0
0.00013763802,0
0.00016846908,0
1.9510124e-05,0
2.7234679e-05,0
0.0045132423,0
2.1113903e-05,0
2.3738832e-05,0
1.7648756e-05,0
0.00021708454,0
0.0001357236,0
0.00063751877,0
0.00036390813,0
1.841077e-05,0
2.054512e-05,0
0.011701297,0
0.00023415199,0
0.0010030329,0
2.6103688e-05,0
5.502021e-05,0
0.0006563992,0
4.8270747e-05,0
8.605783e-05,0
1.3071141e-05,0
0.00015389353,0
2.669436e-05,0
2.0895066e-05,0
3.4158154e-05,0
9.5418996e-05,0
0.0143561615,0
3.153889e-05,0
2.2203929e-05,0
0.0013429571,0
1.9508918e-05,0
0.0006806011,0
2.7765132e-05,0
0.00026623087,0
3.704394e-05,0
3.3492193e-05,0
2.0582398e-05,0
0.00012689386,0
1.8692699e-05,0
0.0003980936,0
5.1256433e-05,0
0.009596715,0
8.225934e-05,0
4.9682254e-05,0
1.72929e-05,0
0.00021444772,0
0.004517785,0
2.1990634e-05,0
0.0008715613,0
3.0317124e-05,0
1.8048751e-05,0
1.5895308e-05,0
2.3452883e-05,0
2.8835015e-05,0
5.2662355e-05,0
5.6727746e-05,0
0.00023291902,0
0.0001240583,0
1.5711874e-05,0
3.430344e-05,0
0.0038227101,0
0.0052899183,0
6.443403e-05,0
5.472959e-05,0
0.0005026268,0
9.005974e-05,0
5.0311988e-05,0
2.2623251e-05,0
0.00018941113,0
0.00015888417,0
0.0005306554,0
0.00011469307,0
0.00017559594,0
0.00011313597,0
2.14623e-05,0
2.0509558e-05,0
2.4008468e-05,0
5.7504723e-05,0
0.0005598184,0
7.81805e-05,0
0.0001135472,0
0.00018295921,0
0.00016598443,0
0.014841783,0
0.00015679485,0
6.868265e-05,0
9.980162e-05,0
5.4409873e-05,0
0.0001611337,0
0.0027994176,0
0.00078181585,0
0.0002649248,0
4.9856655e-05,0
0.005536729,0
6.846711e-05,0
1.629317e-05,0
5.994138e-05,0
0.00014682146,0
0.0001166292,0
3.703669e-05,0
4.9431048e-05,0
2.2202226e-05,0
2.1778927e-05,0
3.420435e-05,0
0.000112714704,0
6.161347e-05,0
2.08201e-05,0
0.011729775,0
0.00010034354,0
0.004579432,0
1.7641582e-05,0
4.311275e-05,0
1.9323596e-05,0
0.00024956485,0
9.9557794e-05,0
5.1573064e-05,0
2.5026926e-05,0
1.6715667e-05,0
1.5397853e-05,0
4.1822237e-05,0
2.0466216e-05,0
0.0037721412,0
4.727479e-05,0
5.31862e-05,0
1.1427461e-05,0
2.2514152e-05,0
4.8013164e-05,0
2.643571e-05,0
0.00012674938,0
4.631946e-05,0
1.9197412e-05,0
4.198452e-05,0
0.00011273766,0
0.00018322797,0
1.289075e-05,0
7.431218e-05,0
2.715805e-05,0
1.4232036e-05,0
4.011756e-05,0
1.9878162e-05,0
8.899656e-05,0
5.4233053e-05,0
0.0019883101,0
2.0137837e-05,0
2.2642078e-05,0
2.725983e-05,0
0.0014848328,0
0.00040736643,0
8.245112e-05,0
1.9243691e-05,0
1.9258956e-05,0
1.8807157e-05,0
9.563826e-05,0
5.3671007e-05,0
5.7212732e-05,0
1.6631991e-05,0
5.9326492e-05,0
0.00054947275,0
0.00019302573,0
1.924822e-05,0
6.117312e-05,0
1.8007035e-05,0
4.9844053e-05,0
0.00043618708,0
0.0003230143,0
4.8520473e-05,0
0.00020862167,0
2.3197916e-05,0
4.0791685e-05,0
2.1081538e-05,0
0.00024134903,0
2.462414e-05,0
0.00060560607,0
1.7356751e-05,0
4.7238824e-05,0
2.2560514e-05,0
5.172005e-05,0
0.0062140403,0
0.00011139838,0
2.6072137e-05,0
1.7609653e-05,0
0.00035810916,0
0.0008023373,0
3.0382815e-05,0
5.3094725e-05,0
3.614509e-05,0
0.00070511864,0
7.607717e-05,0
0.00011502077,0
1.9710838e-05,0
2.2063738e-05,0
3.583646e-05,0
5.7692592e-05,0
0.0051567517,0
2.0377025e-05,0
2.0132518e-05,0
2.2295904e-05,0
3.5292953e-05,0
8.370121e-05,0
0.00027970527,0
3.3167493e-05,0
0.009126976,0
6.184034e-05,0
2.261306e-05,0
0.0003211887,0
3.8155595e-05,0
9.839474e-05,0
0.0009216581,0
0.00010537177,0
1.978074e-05,0
0.00010063594,0
3.753622e-05,0
2.3292878e-05,0
1.5489197e-05,0
0.00406222,0
2.0542373e-05,0
1.8662673e-05,0
3.6130423e-05,0
0.0007615959,0
0.00040908923,0
0.0014343506,0
0.00033896623,0
9.8612545e-05,0
1.9561498e-05,0
0.008364142,0
1.2009693e-05,0
1.660915e-05,0
0.00012259436,0
6.684663e-05,0
2.1953543e-05,0
2.2263348e-05,0
4.3617227e-05,0
0.00020334787,0
0.00063665415,0
9.844359e-05,0
5.649684e-05,0
6.0383165e-05,0
2.9921472e-05,0
9.897705e-05,0
0.00019735322,0
0.0002230071,0
0.00037494165,0
0.00012949006,0
2.4462575e-05,0
4.183816e-05,0
2.8831131e-05,0
4.92098e-05,0
4.81799e-05,0
5.752588e-05,0
0.000105340856,0
2.0426905e-05,0
5.7293557e-05,0
4.972318e-05,0
5.5925804e-05,0
3.754578e-05,0
7.0381604e-05,0
2.3591901e-05,0
9.873357e-05,0
0.011356384,0
4.0100225e-05,0
3.9849063e-05,0
2.0577028e-05,0
2.4538464e-05,0
1.9891022e-05,0
3.702042e-05,0
0.013127163,0
0.00043568708,0
5.613619e-05,0
0.00017332741,0
0.00012199889,0
2.5116517e-05,0
2.3072287e-05,0
0.00029758996,0
1.2919031e-05,0
1.8122813e-05,0
3.9461993e-05,0
2.555248e-05,0
1.6868149e-05,0
0.0005219041,0
0.00059114984,0
0.000629139,0
1.9355903e-05,0
2.7255275e-05,0
3.1631953e-05,0
0.00013005982,0
0.0002400892,0
3.6020538e-05,0
2.1533238e-05,0
0.0013350437,0
5.30133e-05,0
2.8913397e-05,0
3.4840243e-05,0
5.26239e-05,0
8.5276624e-05,0
0.00029692522,0
0.00021383393,0
3.0285235e-05,0
8.868697e-05,0
4.809514e-05,0
3.6996298e-05,0
0.00025267474,0
2.5622396e-05,0
0.00046604537,0
0.00013669574,0
2.301693e-05,0
0.000106312385,0
2.3015094e-05,0
2.2226688e-05,0
4.9597053e-05,0
0.011162517,0
2.4118017e-05,0
0.008014125,0
2.4739578e-05,0
0.00017214764,0
3.4946104e-05,0
0.00011744379,0
0.00471875,0
0.0003009976,0
0.00018523315,0
3.399558e-05,0
1.5663842e-05,0
2.8712502e-05,0
4.347356e-05,0
0.0021633147,0
3.998106e-05,0
1.1999916e-05,0
0.00022626927,0
0.00037204602,0
0.0074963407,0
0.009004014,0
0.00016898439,0
9.965818e-05,0
5.366907e-05,0
5.3012798e-05,0
8.951993e-05,0
0.00018023129,0
9.350209e-05,0
1.6738595e-05,0
3.114741e-05,0
2.6745955e-05,0
0.0001718653,0
1.4555955e-05,0
2.1150305e-05,0
1.3686222e-05,0
0.00012481252,0
6.536414e-05,0
0.0006184821,0
0.021220308,0
8.3552695e-05,0
9.884096e-05,0
0.0013151794,0
2.2646842e-05,0
6.1011455e-05,0
2.9695571e-05,0
0.0020515295,0
2.053779e-05,0
0.0001786955,0
3.0312092e-05,0
6.42923e-05,0
0.00012104348,0
3.6040576e-05,0
2.053567e-05,0
1.9820778e-05,0
1.73754e-05,0
0.00013905397,0
1.9245977e-05,0
1.5291489e-05,0
0.00040437648,0
0.00027490614,0
0.00017671862,0
0.00062382675,0
0.0004220979,0
2.2434457e-05,0
4.2483523e-05,0
1.8772827e-05,0
9.042782e-05,0
0.020805981,0
1.9507776e-05,0
3.47166e-05,0
0.01577345,0
0.00018210626,0
1.8072069e-05,0
0.00010625279,0
2.6690248e-05,0
8.948404e-05,0
1.35386545e-05,0
3.747481e-05,0
0.0027602357,0
2.9143433e-05,0
0.00011735777,0
4.4999633e-05,0
1.2896807e-05,0
9.397626e-05,0
5.7473524e-05,0
6.24981e-05,0
0.00028155127,0
1.8837956e-05,0
0.00015693481,0
0.00010523921,0
5.656995e-05,0
0.0003271671,0
0.0001393475,0
2.9777912e-05,0
1.9130095e-05,0
0.0019837588,0
0.010418511,0
0.0005928568,0
0.00033401494,0
0.00025327553,0
1.5976264e-05,0
2.5034036e-05,0
2.328132e-05,0
5.5640652e-05,0
2.150723e-05,0
3.2691256e-05,0
0.0007477736,0
1.8694494e-05,0
2.0158222e-05,0
0.0001729953,0
0.00036190395,0
0.00016918922,0
1.6352229e-05,0
4.3156804e-05,0
0.0004185641,0
0.00044221987,0
2.0826677e-05,0
4.301465e-05,0
7.6763354e-05,0
2.2063663e-05,0
1.3229809e-05,0
9.566763e-05,0
2.7038277e-05,0
5.5578977e-05,0
4.2434825e-05,0
0.00025582765,0
0.00015215123,0
2.3443507e-05,0
2.1997294e-05,0
0.00020378726,0
0.001984804,0
0.00012281125,0
0.0009575837,0
7.0613285e-05,0
1.3811982e-05,0
9.8665514e-05,0
2.007457e-05,0
1.9705949e-05,0
0.0005294619,0
0.00083067163,0
2.398823e-05,0
0.0006232011,0
2.3000508e-05,0
0.0099701835,0
5.974858e-05,0
0.00022975629,0
0.0003821115,0
2.0572723e-05,0
0.000994597,0
6.7926776e-05,0
8.880338e-05,0
5.9806396e-05,0
1.9241945e-05,0
1.5221637e-05,0
1.2572964e-05,0
0.0044507273,0
2.0299252e-05,0
5.1239174e-05,0
2.6667218e-05,0
1.1919529e-05,0
0.00042263884,0
0.0014772309,0
3.3878794e-05,0
8.0879254e-05,0
3.9422615e-05,0
5.3874028e-05,0
0.0006740476,0
0.00015131471,0
2.7347387e-05,0
0.00013201495,0
2.8791124e-05,0
0.0001724721,0
7.9065365e-05,0
1.3473005e-05,0
1.5495678e-05,0
3.5904406e-05,0
1.960056e-05,0
6.250076e-05,0
2.9043587e-05,0
1.921808e-05,0
1.5093774e-05,0
3.3013333e-05,0
0.001969541,0
0.00010536527,0
0.00027492168,0
0.00043375482,0
1.3354711e-05,0
1.6186295e-05,0
0.0024484596,0
3.390823e-05,0
2.358625e-05,0
9.222383e-05,0
1.5020118e-05,0
1.1267525e-05,0
9.7953416e-05,0
9.52504e-05,0
0.0010602805,0
4.2818618e-05,0
2.6171072e-05,0
4.8402297e-05,0
5.530269e-05,0
0.00016599006,0
1.3681325e-05,0
1.1080887e-05,0
1.9374631e-05,0
2.978853e-05,0
2.5331643e-05,0
2.0003938e-05,0
0.0007976018,0
4.7410766e-05,0
0.00020399537,0
5.6987647e-05,0
0.0024441304,0
1.9612664e-05,0
3.3577166e-05,0
7.29575e-05,0
2.0812156e-05,0
2.3141803e-05,0
7.4677206e-05,0
0.0010018329,0
4.704269e-05,0
0.0005189434,0
2.0209465e-05,0
1.7508959e-05,0
4.9308415e-05,0
2.006653e-05,0
3.0367726e-05,0
1.2168189e-05,0
0.00020097963,0
1.1430778e-05,0
2.8636412e-05,0
4.925868e-05,0
1.3285004e-05,0
0.00018373832,0
0.0003371465,0
1.9590045e-05,0
0.00012532438,0
2.1460599e-05,0
4.951724e-05,0
2.6072037e-05,0
4.865253e-05,0
8.7631495e-05,0
0.0020416144,0
1.6122753e-05,0
1.3890179e-05,0
1.6043585e-05,0
2.0957148e-05,0
3.3016153e-05,0
0.00011536636,0
7.51499e-05,0
0.004292199,0
5.9358103e-05,0
0.0130140195,0
1.9208726e-05,0
0.0027499008,0
7.319956e-05,0
2.3706587e-05,0
2.2478875e-05,0
3.044872e-05,0
0.00015737896,0
2.4255925e-05,0
1.3214216e-05,0
0.00012597544,0
1.692193e-05,0
0.00013926992,0
2.196463e-05,0
2.3489778e-05,0
0.011689237,0
2.730267e-05,0
0.0002595281,0
8.236993e-05,0
0.00027527736,0
2.0590958e-05,0
2.7528855e-05,0
3.8728795e-05,0
0.000542013,0
5.92473e-05,0
1.4516319e-05,0
5.8019625e-05,0
1.45701815e-05,0
0.00063525065,0
1.5635387e-05,0
9.9241624e-05,0
1.4885968e-05,0
6.235925e-05,0
1.7934943e-05,0
2.8898561e-05,0
0.00015701246,0
0.0016339751,0
2.6534613e-05,0
4.2058524e-05,0
4.669185e-05,0
5.04466e-05,0
2.7109334e-05,0
6.123436e-05,0
2.1990567e-05,0
0.000120109056,0
0.0010319011,0
0.0003698522,0
8.702465e-05,0
7.579444e-05,0
2.9235292e-05,0
0.00016107381,0
6.0742947e-05,0
2.9538147e-05,0
0.00016872659,0
2.56621e-05,0
0.00088102324,0
2.555284e-05,0
9.2863565e-06,0
7.0265196e-05,0
0.00014165205,0
2.0029645e-05,0
1.3966985e-05,0
1.6283115e-05,0
0.000117532196,0
0.00021118473,0
0.00058773695,0
0.0001410118,0
7.575012e-05,0
0.00011100715,0
3.5505578e-05,0
1.8572082e-05,0
0.0001414102,0
0.0011537692,0
1.9218005e-05,0
8.982495e-05,0
0.00043751454,0
2.4381614e-05,0
2.3235503e-05,0
0.0001382255,0
2.7244898e-05,0
5.661513e-05,0
1.8547462e-05,0
1.8170527e-05,0
0.00054887927,0
0.00010233451,0
3.257692e-05,0
0.00034840868,0
8.1491875e-05,0
2.9901617e-05,0
0.0001973742,0
0.00012753053,0
0.0063375845,0
4.26133e-05,0
1.3023857e-05,0
8.821975e-05,0
1.4911527e-05,0
2.8542489e-05,0
0.00014052835,0
3.871286e-05,0
0.00079196045,0
0.0003745582,0
2.1879629e-05,0
0.00011054857,0
0.0013351466,0
0.00010701224,0
4.8918417e-05,0
0.0001251005,0
2.0079047e-05,0
1.31508505e-05,0
1.43068655e-05,0
0.00014419747,0
0.00033190634,0
0.00010957818,0
6.648212e-05,0
2.4008488e-05,0
2.2024436e-05,0
0.0007349191,0
0.0071920566,0
1.9301402e-05,0
0.00013103672,0
1.3312815e-05,0
9.9262485e-05,0
4.0309562e-05,0
3.843698e-05,0
1.9489245e-05,0
4.6850575e-05,0
2.1132584e-05,0
2.005277e-05,0
1.8763521e-05,0
0.00013592452,0
5.2014126e-05,0
0.00011306417,0
2.7528084e-05,0
2.6048712e-05,0
6.222204e-05,0
2.712565e-05,0
2.0901969e-05,0
2.1929898e-05,0
9.786314e-05,0
2.2093403e-05,0
6.412075e-05,0
1.9191088e-05,0
0.00013242087,0
2.3577126e-05,0
1.7702425e-05,0
6.74608e-05,0
0.000111509566,0
0.00013162228,0
2.340501e-05,0
2.1419153e-05,0
2.5327005e-05,0
0.002964548,0
0.004139218,0
1.934565e-05,0
4.675395e-05,0
0.005871649,0
0.00083796034,0
1.718004e-05,0
2.3495957e-05,0
3.705425e-05,0
3.089087e-05,0
0.000118844335,0
0.00018512235,0
4.268069e-05,0
5.8436006e-05,0
6.581857e-05,0
4.6250505e-05,0
2.3637938e-05,0
5.444447e-05,0
1.6515496e-05,0
2.6777157e-05,0
2.3441158e-05,0
0.00064278545,0
2.0936855e-05,0
2.550799e-05,0
2.2204486e-05,0
0.00012258356,0
0.007587977,0
0.00061397813,0
1.7654103e-05,0
5.212295e-05,0
9.250049e-05,0
0.00013978187,0
0.00010579567,0
6.106884e-05,0
2.405363e-05,0
2.4116936e-05,0
1.7377874e-05,0
0.00014998739,0
1.32548475e-05,0
0.0007212124,0
2.3108758e-05,0
1.3519009e-05,0
4.6263493e-05,0
7.347931e-05,0
0.0010690201,0
0.0004380789,0
2.1475904e-05,0
0.003162594,0
2.8724788e-05,0
0.00022190383,0
2.6427258e-05,0
0.0012293332,0
2.5703333e-05,0
0.0010639168,0
1.9296152e-05,0
8.301885e-05,0
6.0381186e-05,0
2.645449e-05,0
1.7551069e-05,0
4.6870624e-05,0
0.00013656565,0
2.0537966e-05,0
0.0001573449,0
0.00011376912,0
2.685061e-05,0
4.9028735e-05,0
5.142465e-05,0
2.0083502e-05,0
1.5457894e-05,0
0.00010158858,0
6.465796e-05,0
1.9287256e-05,0
0.00050698064,0
4.8208472e-05,0
0.00019266408,0
2.7472144e-05,0
2.0953748e-05,0
4.369364e-05,0
3.3957032e-05,0
2.1147018e-05,0
0.006244642,0
1.9707428e-05,0
1.9674333e-05,0
0.00022483697,0
0.0001758258,0
1.7953773e-05,0
2.0208487e-05,0
1.2296193e-05,0
0.00031866133,0
4.4411954e-05,0
2.9306904e-05,0
2.2863278e-05,0
3.6796493e-05,0
0.00031014407,0
1.8099947e-05,0
4.896825e-05,0
5.5263812e-05,0
2.3015462e-05,0
0.00020767121,0
2.7903165e-05,0
1.7459317e-05,0
2.0595271e-05,0
1.0607148e-05,0
5.2975018e-05,0
0.0015293143,0
0.0011948154,0
0.0016838487,0
9.3331066e-05,0
3.2382264e-05,0
0.00017247054,0
0.0044773812,0
1.9889747e-05,0
0.00040415488,0
4.2800755e-05,0
4.6343972e-05,0
2.6119065e-05,0
0.0039426987,0
3.289853e-05,0
0.0010536241,0
0.0002539979,0
0.0003510079,0
2.6048545e-05,0
0.008648442,0
9.545961e-05,0
4.7062065e-05,0
4.7114925e-05,0
9.564342e-05,0
0.00035996077,0
0.00030085514,0
1.3571783e-05,0
0.00029957696,0
2.6686454e-05,0
0.00018476121,0
3.7935908e-05,0
4.3342392e-05,0
3.9568484e-05,0
1.9489755e-05,0
0.00018030616,0
7.931419e-05,0
0.00012029152,0
1.8433188e-05,0
0.0014259485,0
5.5001234e-05,0
0.00048439985,0
0.01157537,0
9.684574e-05,0
0.00012407594,0
1.1874954e-05,0
0.0007841585,0
2.442753e-05,0
9.299523e-05,0
0.00011478571,0
0.0001812471,0
3.1490526e-05,0
2.2630333e-05,0
2.2230226e-05,0
1.8278884e-05,0
1.950146e-05,0
5.2233292e-05,0
6.0502232e-05,0
0.00038368665,0
0.00090754137,0
6.469308e-05,0
0.00064462627,0
3.945494e-05,0
4.906688e-05,0
1.2425901e-05,0
0.00010073432,0
9.804662e-05,0
8.248764e-05,0
0.0001544128,0
4.73021e-05,0
0.0001043908,0
0.000944672,0
2.0059262e-05,0
4.8867034e-05,0
5.0786464e-05,0
2.181004e-05,0
6.0346185e-05,0
0.0002509205,0
3.794856e-05,0
1.9970155e-05,0
0.0059933276,0
5.4456283e-05,0
2.1217696e-05,0
0.00010591482,0
0.0010464535,0
4.6165504e-05,0
9.6821605e-05,0
5.0874736e-05,0
0.009571838,0
5.9584916e-05,0
0.00012593104,0
0.012314386,0
4.667505e-05,0
1.757203e-05,0
1.9960262e-05,0
2.3068134e-05,0
0.011447827,0
5.69481e-05,0
4.9335365e-05,0
0.00019801517,0
1.6426171e-05,0
0.0033460062,0
0.00014127792,0
6.6841756e-05,0
0.00026405652,0
4.4533677e-05,0
0.012125513,0
0.012755693,0
2.2209419e-05,0
1.530295e-05,0
0.002918324,0
0.0005423735,0
0.0001697067,0
2.640904e-05,0
1.9846431e-05,0
0.011616038,0
0.00015646814,0
0.0006026994,0
4.3874104e-05,0
0.007899242,0
1.00892175e-05,0
0.00013491916,0
2.4803565e-05,0
1.5088369e-05,0
2.3715758e-05,0
2.1881226e-05,0
6.7238885e-05,0
0.00028516044,0
1.9809067e-05,0
1.990706e-05,0
3.8351092e-05,0
5.4052904e-05,0
0.000102481165,0
2.504577e-05,0
0.00078356324,0
0.0016841032,0
0.0006968531,0
3.0541793e-05,0
2.661224e-05,0
2.7623702e-05,0
2.7924583e-05,0
2.0813231e-05,0
1.7743254e-05,0
2.2253824e-05,0
0.00039746618,0
2.426061e-05,0
2.5715988e-05,0
2.5066023e-05,0
1.3709424e-05,0
2.344581e-05,0
1.9718933e-05,0
2.0583702e-05,0
3.361409e-05,0
0.0002986019,0
0.00053595344,0
8.879592e-05,0
0.00013091168,0
0.0005175553,0
1.6661608e-05,0
2.3250319e-05,0
4.1031217e-05,0
4.0168823e-05,0
9.772316e-05,0
4.98802e-05,0
2.498722e-05,0
0.0061265905,0
2.0472113e-05,0
1.3960761e-05,0
0.0006516222,0
4.472325e-05,0
4.895196e-05,0
1.1045523e-05,0
1.525355e-05,0
5.539783e-05,0
3.8366266e-05,0
2.6123826e-05,0
3.802916e-05,0
4.3524833e-05,0
8.019734e-05,0
4.6320372e-05,0
4.5463028e-05,0
1.9568477e-05,0
1.6446213e-05,0
2.285279e-05,0
0.00029768216,0
0.00017659407,0
6.0739425e-05,0
4.3732558e-05,0
1.7312643e-05,0
2.9453742e-05,0
0.00086586206,0
0.00016849115,0
1.0511165e-05,0
2.8698285e-05,0
0.00027875602,0
5.3079588e-05,0
6.642402e-05,0
4.0247898e-05,0
7.016499e-05,0
4.3450997e-05,0
2.3802111e-05,0
4.3859454e-05,0
1.9218944e-05,0
2.3479595e-05,0
9.9615514e-05,0
0.00016576522,0
1.2911061e-05,0
2.0624868e-05,0
2.4196144e-05,0
2.2473414e-05,0
1.4688288e-05,0
3.669023e-05,0
0.00010551178,0
6.736706e-05,0
2.0468657e-05,0
7.235582e-05,0
0.0014002736,0
5.010792e-05,0
6.155609e-05,0
0.012550848,0
0.00013662543,0
3.701576e-05,0
5.7352467e-05,0
1.9297615e-05,0
0.0004622704,0
0.00014277776,0
0.0051389807,0
0.00064966973,0
1.9272245e-05,0
4.8300444e-05,0
2.0187705e-05,0
4.8402366e-05,0
1.4387911e-05,0
5.6671553e-05,0
2.0126941e-05,0
1.962617e-05,0
3.6882077e-05,0
1.6716107e-05,0
1.4084818e-05,0
2.274913e-05,0
1.7202066e-05,0
1.726628e-05,0
0.008816819,0
9.124431e-05,0
2.316747e-05,0
2.69188e-05,0
1.9150095e-05,0
0.0001000923,0
4.2627125e-05,0
2.1816384e-05,0
1.5393289e-05,0
4.297769e-05,0
0.00019855204,0
2.4285198e-05,0
2.5781377e-05,0
2.1384343e-05,0
0.0003577265,0
6.977924e-05,0
0.00056633976,0
4.8866943e-05,0
2.7876447e-05,0
1.2316569e-05,0
0.00020508062,0
6.1811654e-05,0
2.413533e-05,0
5.252461e-05,0
0.00017820805,0
2.0234138e-05,0
0.00012848742,0
5.8053985e-05,0
1.4463267e-05,0
1.7115113e-05,0
2.554756e-05,0
1.3768118e-05,0
0.0001144678,0
9.608631e-05,0
0.00012379722,0
3.583694e-05,0
0.0017401193,0
0.00014035728,0
2.2434906e-05,0
5.735488e-05,0
0.0007866117,0
9.837254e-05,0
3.566716e-05,0
2.0590478e-05,0
0.0032182783,0
2.8376733e-05,0
0.004419127,0
4.2392665e-05,0
1.4640802e-05,0
2.0048572e-05,0
2.0700976e-05,0
0.0023346308,0
2.7292463e-05,0
7.879276e-05,0
4.445473e-05,0
0.000120366065,0
6.349934e-05,0
0.0002490161,0
7.462808e-05,0
2.8062357e-05,0
1.344603e-05,0
0.00064753555,0
1.9130579e-05,0
3.1288582e-05,0
0.000106242944,0
3.3187673e-05,0
2.2325186e-05,0
3.7040685e-05,0
1.3867384e-05,0
0.00025293714,0
0.00033054163,0
2.872464e-05,0
2.4503328e-05,0
3.1498646e-05,0
2.1763975e-05,0
9.965858e-05,0
4.089882e-05,0
2.6652895e-05,0
2.7994698e-05,0
9.767381e-05,0
3.2876127e-05,0
2.7239314e-05,0
4.1122497e-05,0
3.2116604e-05,0
5.6494395e-05,0
3.356643e-05,0
4.4646946e-05,0
3.8766884e-05,0
3.380813e-05,0
9.53704e-06,0
0.00019531442,0
0.022192491,0
0.0039197644,0
0.0005956867,0
2.642554e-05,0
0.00024224065,0
1.9707148e-05,0
0.00036581108,0
0.0003584301,0
1.7150822e-05,0
2.0102369e-05,0
7.252355e-05,0
7.188552e-05,0
5.1873125e-05,0
2.3891429e-05,0
0.007996919,0
4.906854e-05,0
5.2072115e-05,0
9.874955e-05,0
2.9689983e-05,0
1.5828702e-05,0
2.4084498e-05,0
4.8968126e-05,0
2.76136e-05,0
1.9386802e-05,0
2.0069027e-05,0
2.1327498e-05,0
2.113157e-05,0
0.00013111798,0
5.6487508e-05,0
2.4918902e-05,0
1.9577219e-05,0
0.0011624717,0
4.9198054e-05,0
8.0440856e-05,0
5.544525e-05,0
0.00044234103,0
2.7572225e-05,0
1.3232948e-05,0
2.0341942e-05,0
1.3032478e-05,0
7.297069e-05,0
0.00094041054,0
1.2600447e-05,0
0.00014356847,0
2.4928004e-05,0
2.1619346e-05,0
0.00026684842,0
0.0007019493,0
1.95763e-05,0
0.0011469708,0
1.9440598e-05,0
1.994643e-05,0
5.2857617e-05,0
2.0320642e-05,0
5.961864e-05,0
8.5298576e-05,0
0.0028380551,0
2.4096711e-05,0
0.0036827836,0
1.9420471e-05,0
1.9442195e-05,0
2.7430553e-05,0
0.00035640056,0
2.0826059e-05,0
6.152095e-05,0
6.918048e-05,0
0.00014556696,0
0.00013022148,0
1.4063282e-05,0
1.9217821e-05,0
2.7708522e-05,0
0.000101289545,0
5.796083e-05,0
4.2544965e-05,0
0.0020537444,0
3.1625656e-05,0
2.0518488e-05,0
9.4784395e-05,0
0.00019550399,0
1.8531397e-05,0
9.7233766e-05,0
0.00039210188,0
5.5611363e-05,0
2.3945096e-05,0
0.0032301703,0
3.40199e-05,0
1.7854543e-05,0
2.7418388e-05,0
3.0948322e-05,0
2.0312846e-05,0
0.00012454738,0
4.243151e-05,0
0.010141367,0
2.8144314e-05,0
0.00019562992,0
2.1127531e-05,0
0.00017984242,0
0.0011994803,0
2.7552416e-05,0
1.93072e-05,0
2.5417956e-05,0
3.395907e-05,0
3.6879897e-05,0
3.457107e-05,0
2.609947e-05,0
9.87336e-05,0
5.0371753e-05,0
2.3237068e-05,0
5.886399e-05,0
2.5132465e-05,0
9.648062e-05,0
0.000102359525,0
5.7736223e-05,0
0.00036273547,0
5.8332185e-05,0
2.304259e-05,0
5.181952e-05,0
1.5803447e-05,0
2.3233843e-05,0
6.3173546e-05,0
2.7889198e-05,0
0.000101728845,0
2.6251513e-05,0
0.00027124214,0
0.00020227913,0
2.709668e-05,0
0.000482998,0
2.8512377e-05,0
1.923596e-05,0
0.0001630626,0
1.7425426e-05,0
2.1124677e-05,0
0.0002853454,0
9.573721e-05,0
0.0005865431,0
0.00036390734,0
0.000110330446,0
3.8176564e-05,0
2.816147e-05,0
3.2391836e-05,0
0.00013305363,0
0.0063769654,0
4.820068e-05,0
2.7200576e-05,0
0.00053625973,0
0.013015321,0
0.00016654092,0
0.00019299237,0
0.006880555,0
5.9291175e-05,0
1.7508615e-05,0
2.3398947e-05,0
6.5447464e-05,0
4.359504e-05,0
1.9204173e-05,0
0.00012253902,0
4.2121548e-05,0
0.00587549,0
4.7214788e-05,0
7.6085315e-05,0
2.8280523e-05,0
1.5328913e-05,0
0.00015535994,0
4.0008246e-05,0
6.336746e-05,0
6.8305504e-05,0
0.00017257694,0
2.5111367e-05,0
5.7616926e-05,0
2.7316883e-05,0
2.0972195e-05,0
1.268722e-05,0
0.000104770246,0
2.2825761e-05,0
1.987397e-05,0
0.00014605706,0
0.00017151677,0
4.3183754e-05,0
0.00065985735,0
4.021458e-05,0
0.0001468278,0
0.00023499678,0
2.7105109e-05,0
2.4075971e-05,0
5.006259e-05,0
0.00010123092,0
3.6712936e-05,0
0.0019279122,0
4.674504e-05,0
4.980574e-05,0
6.0967453e-05,0
1.5845231e-05,0
5.970891e-05,0
2.3473835e-05,0
0.0006728243,0
1.5379414e-05,0
2.6973297e-05,0
0.00013055954,0
2.2220165e-05,0
6.431494e-05,0
5.786369e-05,0
3.379637e-05,0
2.1235866e-05,0
2.00808e-05,0
0.00011559506,0
0.00018730742,0
2.3048455e-05,0
1.718175e-05,0
0.00014940652,0
4.7637484e-05,0
5.639579e-05,0
2.7894468e-05,0
0.00094576343,0
2.0289202e-05,0
5.6402056e-05,0
0.00023501925,0
2.7000156e-05,0
0.00014822208,0
2.7398364e-05,0
2.038239e-05,0
1.1902358e-05,0
4.230768e-05,0
2.2387387e-05,0
4.1806645e-05,0
4.994248e-05,0
0.00010495991,0
4.5446337e-05,0
0.00010138347,0
3.5127043e-05,0
4.4531665e-05,0
1.0928927e-05,0
3.4342007e-05,0
2.0336356e-05,0
0.011678026,0
1.1527626e-05,0
0.0001395477,0
4.901824e-05,0
1.9345778e-05,0
2.245924e-05,0
5.8421763e-05,0
4.4559514e-05,0
0.00010844095,0
5.924952e-05,0
5.1658877e-05,0
2.1447993e-05,0
0.00011732965,0
3.706642e-05,0
3.9022067e-05,0
0.00012099263,0
2.1454125e-05,0
8.8736124e-05,0
2.0485892e-05,0
5.6595378e-05,0
1.18492235e-05,0
0.000107903674,0
4.550285e-05,0
0.003529734,0
2.007548e-05,0
0.00062751526,0
6.2377876e-05,0
3.4400586e-05,0
5.1423453e-05,0
0.006562012,0
1.7033375e-05,0
8.569795e-05,0
9.363772e-06,0
3.3013413e-05,0
6.185947e-05,0
2.3233422e-05,0
4.630751e-05,0
0.00040606433,0
0.000107029795,0
4.208928e-05,0
3.2846103e-05,0
3.9371214e-05,0
0.00043678057,0
8.792947e-05,0
4.9125953e-05,0
8.02889e-05,0
0.0007609084,0
0.0015307744,0
1.9602207e-05,0
4.063146e-05,0
2.029733e-05,0
0.0010605708,0
0.0015414794,0
5.8468806e-05,0
2.0076854e-05,0
2.5635663e-05,0
3.4332938e-05,0
2.058417e-05,0
2.417403e-05,0
0.0004400527,0
0.000112719485,0
5.916887e-05,0
0.00018125535,0
2.583413e-05,0
2.0821299e-05,0
1.6943832e-05,0
1.9188836e-05,0
2.3754408e-05,0
4.9086153e-05,0
0.00040275522,0
0.00014323925,0
0.00070578355,0
1.6588983e-05,0
2.7086035e-05,0
0.00011055491,0
0.000738902,0
1.6286654e-05,0
7.128256e-05,0
2.3141654e-05,0
2.127121e-05,0
2.7794935e-05,0
2.7379907e-05,0
5.5687357e-05,0
1.9594772e-05,0
7.420162e-05,0
8.372356e-05,0
2.2596416e-05,0
2.8090975e-05,0
6.45603e-05,0
2.28006e-05,0
0.00010391946,0
1.4027977e-05,0
2.6507627e-05,0
4.8383386e-05,0
6.035837e-05,0
0.0009932364,0
4.0530213e-05,0
4.9674123e-05,0
1.1719264e-05,0
9.6765805e-05,0
0.0005076597,0
2.0295198e-05,0
0.00015370737,0
2.3688635e-05,0
1.9276857e-05,0
1.9720223e-05,0
9.836232e-05,0
0.0001812597,0
9.662691e-05,0
3.883342e-05,0
1.7044116e-05,0
8.033456e-05,0
1.8894596e-05,0
3.6747504e-05,0
0.00013252128,0
4.4985107e-05,0
3.1986834e-05,0
3.817976e-05,0
4.509441e-05,0
2.7110189e-05,0
0.00013172024,0
2.8502525e-05,0
0.004464274,0
8.439482e-05,0
0.00020462988,0
2.0253154e-05,0
2.4776535e-05,0
0.00021893604,0
2.4026625e-05,0
0.0062331688,0
2.0470423e-05,0
2.581749e-05,0
0.0014571389,0
4.963823e-05,0
0.0002097135,0
1.9301866e-05,0
9.7580805e-06,0
0.0003687632,0
2.8442431e-05,0
4.9249265e-05,0
2.1387737e-05,0
2.9397363e-05,0
2.7107983e-05,0
2.532531e-05,0
1.2868162e-05,0
1.9751265e-05,0
0.00072326354,0
0.00014603254,0
2.1031092e-05,0
0.00063564966,0
2.246997e-05,0
0.00025039777,0
2.6188942e-05,0
1.1811989e-05,0
0.00015648687,0
4.1647898e-05,0
1.4639692e-05,0
0.00021704126,0
0.00014663121,0
2.1976366e-05,0
0.0008265893,0
5.515646e-05,0
4.5189994e-05,0
0.0018440561,0
2.7102022e-05,0
5.797355e-05,0
3.1297375e-05,0
1.5991238e-05,0
1.5599373e-05,0
0.00043717332,0
3.191412e-05,0
0.0081243105,0
0.0003826507,0
2.8467544e-05,0
1.5488244e-05,0
0.0007603485,0
2.1446718e-05,0
0.00011533497,0
5.3281896e-05,0
9.7706514e-05,0
4.9191658e-05,0
0.01922872,0
0.00059962715,0
9.602818e-05,0
2.7237003e-05,0
0.00019247891,0
3.296536e-05,0
8.223387e-05,0
5.6067383e-05,0
3.347223e-05,0
2.6468308e-05,0
2.0140324e-05,0
2.5874053e-05,0
0.00015799385,0
0.0001925099,0
2.0473253e-05,0
4.470314e-05,0
1.5766236e-05,0
7.791718e-05,0
8.089331e-05,0
1.2201223e-05,0
2.7812888e-05,0
5.5514192e-05,0
2.5486102e-05,0
4.8200378e-05,0
1.5256055e-05,0
2.8416445e-05,0
0.00016923112,0
5.6864326e-05,0
1.417145e-05,0
0.00049682584,0
2.8600769e-05,0
2.0481006e-05,0
4.2961867e-05,0
1.2116824e-05,0
9.997958e-05,0
4.5355155e-05,0
0.00011827121,0
3.279367e-05,0
3.5220895e-05,0
1.860771e-05,0
4.4282864e-05,0
0.0003562027,0
4.9037822e-05,0
0.0031350586,0
0.0005496054,0
0.0053247088,0
0.021084964,0
3.8233164e-05,0
2.8009263e-05,0
0.00022026706,0
3.3662684e-05,0
2.2359929e-05,0
0.0019566368,0
0.00012561215,0
2.8077098e-05,0
2.1791073e-05,0
4.8179052e-05,0
2.7469136e-05,0
0.022051563,0
2.2046315e-05,0
0.0004072753,0
3.22375e-05,0
0.00049166934,0
0.0008480999,0
0.00012661587,0
1.4237502e-05,0
0.00014185053,0
1.9448516e-05,0
8.416382e-05,0
2.5095906e-05,0
0.0015299027,0
0.0018676262,0
2.4319088e-05,0
0.002129425,0
0.00074023375,0
1.6451337e-05,0
2.8409164e-05,0
2.0244313e-05,0
0.00020351305,0
0.0008297641,0
0.0009543786,0
1.4080131e-05,0
0.0005878333,0
0.00027768072,0
2.2856668e-05,0
0.00942567,0
5.618072e-05,0
0.00012449587,0
2.1832071e-05,0
8.3805775e-05,0
1.872904e-05,0
5.9251408e-05,0
8.2648556e-05,0
5.825661e-05,0
1.975091e-05,0
0.0051276283,0
3.649599e-05,0
7.3471245e-05,0
0.00017880273,0
1.97242e-05,0
2.2599079e-05,0
9.5532334e-05,0
2.7811715e-05,0
5.9376525e-05,0
8.219628e-05,0
4.4109904e-05,0
1.8537758e-05,0
3.41762e-05,0
4.9314418e-05,0
3.3000724e-05,0
0.014897748,0
8.779444e-05,0
2.693143e-05,0
2.8038581e-05,0
0.00022170904,0
2.8817247e-05,0
0.0003652651,0
5.758954e-05,0
3.0558924e-05,0
1.3649185e-05,0
5.135677e-05,0
2.122246e-05,0
2.2066119e-05,0
2.6078686e-05,0
0.009725714,0
4.8666592e-05,0
1.9567002e-05,0
1.698737e-05,0
0.00019823827,0
1.3863444e-05,0
0.0010412474,0
6.8104164e-05,0
6.3525535e-05,0
0.0024987145,0
7.709067e-05,0
2.6356973e-05,0
0.0010343742,0
1.9345449e-05,0
1.2052995e-05,0
6.1249724e-05,0
1.7240083e-05,0
1.9190193e-05,0
1.2190561e-05,0
0.00010520591,0
1.6618806e-05,0
0.0020036073,0
1.9246589e-05,0
0.00025783613,0
4.540005e-05,0
1.9709263e-05,0
4.8061796e-05,0
0.003216319,0
0.00015897026,0
1.364997e-05,0
4.9334132e-05,0
3.2049873e-05,0
8.818348e-05,0
5.5480254e-05,0
3.0366384e-05,0
5.5343604e-05,0
0.034218367,0
0.0014436201,0
2.7799017e-05,0
3.564244e-05,0
0.00017523572,0
2.376772e-05,0
0.00018612163,0
9.665625e-05,0
0.01179423,0
0.00011856518,0
0.00036813313,0
2.3618295e-05,0
0.010441756,0
0.00037285,0
3.6823007e-05,0
1.4359629e-05,0
5.3849573e-05,0
4.506001e-05,0
0.00018338716,0
2.223662e-05,0
0.00018926834,0
2.7920758e-05,0
0.00011359144,0
5.7944733e-05,0
5.1067003e-05,0
3.3405562e-05,0
0.0006724119,0
2.7771803e-05,0
4.009993e-05,0
0.00025657064,0
0.001466789,0
0.0014179638,0
0.0005438567,0
2.632167e-05,0
0.00016015208,0
1.9507117e-05,0
0.00032342985,0
5.0541123e-05,0
1.43623e-05,0
0.014791762,0
2.6938917e-05,0
0.000758829,0
9.096843e-05,0
1.8931736e-05,0
2.0217107e-05,0
2.9766945e-05,0
0.0067901975,0
2.6989994e-05,0
2.1016847e-05,0
0.000111311914,0
3.0535648e-05,0
0.008948235,0
0.0010088979,0
5.9475347e-05,0
5.0600545e-05,0
0.0003573239,0
0.00017975611,0
1.2801913e-05,0
0.00016108912,0
1.50433825e-05,0
3.2120017e-05,0
0.0022064408,0
3.5406796e-05,0
3.3363147e-05,0
3.8421473e-05,0
9.264928e-05,0
1.14412405e-05,0
1.105749e-05,0
7.002621e-05,0
1.9587005e-05,0
0.0001925916,0
2.0790685e-05,0
0.00026473505,0
1.76692e-05,0
6.971233e-05,0
0.0031504706,0
0.00044730474,0
4.6229874e-05,0
0.0012547154,0
0.0002662726,0
0.000141685,0
5.0823157e-05,0
2.15218e-05,0
0.0062967017,0
0.00014310589,0
0.00016197516,0
0.0002819645,0
2.1826758e-05,0
3.503879e-05,0
0.00030547174,0
2.2308266e-05,0
3.2088574e-05,0
2.2553602e-05,0
4.117743e-05,0
0.000107596155,0
3.9663875e-05,0
1.788024e-05,0
0.00012037419,0
1.2347794e-05,0
1.6619062e-05,0
1.9595724e-05,0
1.8282564e-05,0
2.7036756e-05,0
0.0002126525,0
0.0014454859,0
0.00021688297,0
2.6774542e-05,0
4.191975e-05,0
3.8420523e-05,0
2.3891405e-05,0
3.5249708e-05,0
4.6368525e-05,0
2.0308153e-05,0
4.84751e-05,0
2.1975904e-05,0
4.1638614e-05,0
9.6187585e-05,0
0.0035303088,0
0.00014893588,0
0.00012371453,0
0.0001619292,0
2.6969978e-05,0
2.5173993e-05,0
2.4071773e-05,0
4.884731e-05,0
0.00016138516,0
0.00011978512,0
0.000273943,0
9.9104174e-05,0
2.168382e-05,0
0.00010642196,0
4.5881e-05,0
7.9975e-05,0
5.7760717e-05,0
0.0001104996,0
5.1063733e-05,0
0.00043651287,0
3.9849616e-05,0
2.309818e-05,0
0.00040755252,0
2.100457e-05,0
2.7171369e-05,0
0.0050570862,0
0.0004759092,0
5.792166e-05,0
2.709784e-05,0
2.1149033e-05,0
0.0022089246,0
6.0869537e-05,0
0.000109221204,0
2.2333383e-05,0
2.1969376e-05,0
2.1175021e-05,0
2.0069216e-05,0
7.307683e-05,0
1.5425698e-05,0
1.8931885e-05,0
9.807223e-05,0
0.000113160975,0
2.5392425e-05,0
0.00039361065,0
0.00033206333,0
0.00010116593,0
2.7110525e-05,0
3.726647e-05,0
0.00020841074,0
2.658362e-05,0
4.7247024e-05,0
2.262856e-05,0
0.012352269,0
0.0010461902,0
8.287011e-05,0
9.576645e-05,0
2.220892e-05,0
2.0151749e-05,0
9.6209325e-05,0
8.4273655e-05,0
3.446824e-05,0
9.369309e-05,0
1.686825e-05,0
0.00033867842,0
6.7802204e-05,0
2.393795e-05,0
0.0006577412,0
2.8790553e-05,0
1.8392735e-05,0
0.00015506304,0
2.1972599e-05,0
6.785346e-05,0
4.975235e-05,0
1.7805325e-05,0
4.689545e-05,0
7.211526e-05,0
4.0576186e-05,0
0.00019442462,0
3.0244299e-05,0
5.889849e-05,0
0.0004994869,0
0.00026112358,0
2.4367791e-05,0
1.1984764e-05,0
9.975877e-06,0
5.658445e-05,0
1.2281219e-05,0
9.623039e-05,0
0.006032047,0
0.0001425536,0
8.8302535e-05,0
0.00012399947,0
1.47118335e-05,0
4.4604792e-05,0
0.00022799353,0
6.0388415e-05,0
2.0996964e-05,0
0.00020181946,0
1.3630924e-05,0
2.6302772e-05,0
2.1945349e-05,0
0.00058703485,0
2.3589004e-05,0
0.00080495264,0
2.1282587e-05,0
1.9881876e-05,0
2.7359485e-05,0
3.0941268e-05,0
1.7725954e-05,0
0.00036780382,0
2.4588599e-05,0
0.0018038206,0
2.5665524e-05,0
2.8347642e-05,0
2.1464864e-05,0
1.4276374e-05,0
1.7784823e-05,0
0.0004882515,0
3.4752837e-05,0
2.7880606e-05,0
4.481559e-05,0
0.00027697973,0
5.4168326e-05,0
0.00052018283,0
0.0022428746,0
1.9347424e-05,0
4.943496e-05,0
1.1614867e-05,0
0.0001197801,0
0.0011552357,0
4.073908e-05,0
1.2277429e-05,0
1.9879213e-05,0
8.41792e-05,0
2.1989294e-05,0
1.451303e-05,0
0.00022228602,0
5.967315e-05,0
1.3360187e-05,0
1.9622708e-05,0
9.1695045e-05,0
5.3318654e-05,0
2.6762631e-05,0
1.9948278e-05,0
2.2583845e-05,0
0.00045449872,0
0.009792351,0
2.1540469e-05,0
3.151344e-05,0
7.0808346e-05,0
0.008773655,0
1.7541386e-05,0
2.2955886e-05,0
0.000102848055,0
3.3195112e-05,0
2.9023186e-05,0
2.1507103e-05,0
0.007818481,0
0.00025347646,0
2.3350454e-05,0
2.6348016e-05,0
0.0005176596,0
1.1660117e-05,0
7.277572e-05,0
3.622036e-05,0
3.1541116e-05,0
3.9150043e-05,0
1.7975954e-05,0
9.588924e-05,0
0.00041136096,0
1.528397e-05,0
2.1130434e-05,0
0.008651829,0
0.002287188,0
4.2336276e-05,0
0.00024991218,0
4.923931e-05,0
0.015867503,0
2.3095667e-05,0
0.00011557521,0
1.9697693e-05,0
4.779072e-05,0
0.000241256,0
0.0059050852,0
1.19266015e-05,0
5.343479e-05,0
5.6226334e-05,0
0.0030554044,0
3.0409006e-05,0
0.0006259371,0
2.9252988e-05,0
4.8263475e-05,0
0.00014417179,0
9.61922e-05,0
6.085428e-05,0
2.1619959e-05,0
2.1455364e-05,0
0.000188975,0
0.00022903469,0
0.000344588,0
7.5222226e-05,0
0.00039377416,0
6.005271e-05,0
4.434142e-05,0
0.0006177374,0
2.0946281e-05,0
0.00012025601,0
1.944209e-05,0
1.45381255e-05,0
1.3112572e-05,0
1.9282028e-05,0
0.00014125434,0
0.0018775649,0
0.0003095441,0
4.316964e-05,0
2.6216056e-05,0
1.1883443e-05,0
2.0339723e-05,0
0.00045087145,0
0.015697671,0
2.652618e-05,0
4.1259565e-05,0
4.9110058e-05,0
2.1518525e-05,0
7.918973e-05,0
0.00032971817,0
0.000136048,0
1.9420606e-05,0
0.0013296382,0
0.0005702861,0
0.00012188182,0
9.719879e-05,0
0.000108488675,0
2.4160778e-05,0
0.00013187723,0
2.0895995e-05,0
6.791114e-05,0
5.1363015e-05,0
4.8961097e-05,0
4.8839658e-05,0
8.590954e-05,0
2.1840808e-05,0
0.00028940706,0
1.3493207e-05,0
6.894572e-05,0
0.00034038743,0
2.1464395e-05,0
0.0001427286,0
1.9730574e-05,0
1.6179167e-05,0
0.00010272368,0
2.714933e-05,0
2.6731834e-05,0
2.6730067e-05,0
2.0291374e-05,0
2.1218499e-05,0
0.00069518824,0
0.0006082946,0
9.773663e-05,0
0.00024990694,0
5.8925456e-05,0
2.7978716e-05,0
2.4285866e-05,0
9.5930365e-05,0
0.00014107012,0
2.0069576e-05,0
4.3648823e-05,0
1.3750398e-05,0
2.285568e-05,0
3.8653252e-05,0
0.00021691906,0
4.1460546e-05,0
0.0007937933,0
5.0383263e-05,0
9.410474e-05,0
0.00023546026,0
0.00011196422,0
0.00013996409,0
1.8889576e-05,0
2.5722034e-05,0
0.00012371717,0
0.00042251963,0
0.00025743066,0
4.9893657e-05,0
0.00019372608,0
5.7688037e-05,0
0.0077591445,0
4.413863e-05,0
2.6805035e-05,0
6.695407e-05,0
0.0001168455,0
0.00335207,0
2.5588262e-05,0
1.2113325e-05,0
0.009333668,0
4.6541332e-05,0
0.0013347117,0
4.42981e-05,0
0.00042252548,0
0.00043874615,0
7.191365e-05,0
1.0159677e-05,0
2.7429138e-05,0
0.00018529207,0
1.6420736e-05,0
3.5660058e-05,0
2.3538802e-05,0
2.2952976e-05,0
0.00010604417,0
0.00013148897,0
3.1458032e-05,0
0.0028925042,0
1.9281579e-05,0
3.7618258e-05,0
3.0622017e-05,0
0.00048296803,0
6.6502434e-05,0
0.000499174,0
0.000118160984,0
0.00012437736,0
5.9532915e-05,0
0.0062169144,0
0.00011979518,0
2.0150874e-05,0
3.409261e-05,0
0.00014161358,0
2.1811571e-05,0
2.014183e-05,0
8.278313e-05,0
1.1978269e-05,0
0.00010625918,0
6.552663e-05,0
5.233842e-05,0
0.00059577427,0
1.5580637e-05,0
4.536021e-05,0
1.9699859e-05,0
2.5766609e-05,0
1.609324e-05,0
0.00010579898,0
0.00025283278,0
0.00010843579,0
0.00015364093,0
2.0207988e-05,0
3.211849e-05,0
0.0028074277,0
1.26513605e-05,0
0.00010291673,0
0.0013195617,0
2.8345048e-05,0
3.018758e-05,0
4.790384e-05,0
3.3236756e-05,0
0.00056637987,0
2.0365524e-05,0
0.00022500427,0
0.00014244225,0
2.7684106e-05,0
7.31749e-05,0
2.2264183e-05,0
1.6457068e-05,0
0.00040125506,0
0.00013535198,0
3.1351476e-05,0
1.8886847e-05,0
0.00010942841,0
4.451317e-05,0
5.7725218e-05,0
0.00019385874,0
1.9448169e-05,0
0.00046419303,0
5.1988034e-05,0
0.013897008,0
1.533245e-05,0
2.9390574e-05,0
1.1966856e-05,0
5.1896317e-05,0
0.00372002,0
0.0009974057,0
6.896847e-05,0
2.157781e-05,0
4.9128404e-05,0
0.01962778,0
0.00019765513,0
1.42103345e-05,0
0.022172319,0
0.0005017254,0
1.8754881e-05,0
1.9432902e-05,0
0.009678924,0
3.9621318e-05,0
5.231659e-05,0
2.5196743e-05,0
0.00027120588,0
5.1169154e-05,0
1.2894123e-05,0
4.818484e-05,0
4.8366623e-05,0
5.55927e-05,0
0.00022819992,0
2.1246875e-05,0
0.0011465584,0
1.5959871e-05,0
2.2138966e-05,0
2.6103615e-05,0
0.00010777595,0
2.1680331e-05,0
4.852571e-05,0
0.0018858012,0
5.1587765e-05,0
0.00011368938,0
4.680923e-05,0
0.00011679187,0
0.000121446705,0
7.934066e-05,0
2.614353e-05,0
7.5699216e-05,0
8.718242e-05,0
5.658391e-05,0
1.2799748e-05,0
2.3788203e-05,0
1.986419e-05,0
4.8445134e-05,0
1.3366662e-05,0
8.3105486e-05,0
0.00014766981,0
2.6449095e-05,0
2.2082808e-05,0
0.00028229321,0
4.4649867e-05,0
2.4230454e-05,0
4.230057e-05,0
2.8968692e-05,0
0.00024799982,0
2.3902336e-05,0
4.1428913e-05,0
3.4496243e-05,0
1.3547936e-05,0
1.929831e-05,0
0.00044565048,0
0.00042870795,0
6.435824e-05,0
2.635285e-05,0
0.00034609277,0
2.0982397e-05,0
2.0593945e-05,0
2.5103625e-05,0
5.1406943e-05,0
1.4855106e-05,0
9.064093e-05,0
2.5797412e-05,0
1.923313e-05,0
0.00049642107,0
7.278277e-05,0
0.00038840657,0
5.1169427e-05,0
0.0002705502,0
6.0447765e-05,0
1.9199533e-05,0
2.4401346e-05,0
1.1360825e-05,0
2.9122704e-05,0
0.00011735348,0
6.442306e-05,0
2.112553e-05,0
3.8500115e-05,0
8.622043e-05,0
0.00014297878,0
7.106642e-05,0
5.2195606e-05,0
1.6943135e-05,0
2.2732202e-05,0
0.00014727966,0
4.5819572e-05,0
0.00025958862,0
8.813353e-05,0
5.777174e-05,0
8.550084e-05,0
0.00021040275,0
2.4272966e-05,0
2.321522e-05,0
6.9445276e-05,0
1.7781107e-05,0
0.004927168,0
6.328136e-05,0
0.009918996,0
2.3402512e-05,0
0.00093453657,0
2.4411329e-05,0
0.00027469482,0
6.055338e-05,0
2.4158411e-05,0
3.1769487e-05,0
0.00014215129,0
9.645203e-05,0
2.8244858e-05,0
4.0585128e-05,0
3.4138553e-05,0
5.108505e-05,0
2.811069e-05,0
3.07766e-05,0
9.77511e-06,0
4.747644e-05,0
0.00046767486,0
0.002761152,0
8.96548e-05,0
0.0009081143,0
3.2137417e-05,0
1.4583402e-05,0
0.0031495935,0
0.00046571455,0
2.0543199e-05,0
1.9561716e-05,0
9.488011e-05,0
4.312629e-05,0
6.0595543e-05,0
1.7496559e-05,0
3.1306703e-05,0
0.0009031395,0
0.0002823106,0
1.5680807e-05,0
0.003173004,0
9.0499234e-05,0
2.303457e-05,0
0.00073604786,0
2.1830272e-05,0
2.0557947e-05,0
0.00082626496,0
0.0037628815,0
2.2683811e-05,0
9.4827374e-05,0
3.1959913e-05,0
2.662149e-05,0
0.00019885728,0
9.420545e-05,0
0.0005709777,0
2.6440226e-05,0
0.00017200454,0
1.4121927e-05,0
2.3077695e-05,0
9.630482e-05,0
2.7088267e-05,0
2.062532e-05,0
2.1815014e-05,0
2.3308117e-05,0
1.1450121e-05,0
0.00017796466,0
7.63908e-05,0
1.7339164e-05,0
2.0887457e-05,0
0.0002583132,0
2.5741145e-05,0
5.4653206e-05,0
7.460787e-05,0
0.0006630739,0
0.00063292554,0
3.1425992e-05,0
0.000604597,0
0.0009585898,0
3.4673652e-05,0
6.147184e-05,0
5.9091173e-05,0
1.7928098e-05,0
5.378847e-05,0
4.972604e-05,0
0.00049061025,0
1.9579405e-05,0
5.2692394e-05,0
5.8701287e-05,0
0.00013529352,0
4.2036114e-05,0
1.7598415e-05,0
0.002830826,0
0.00017558476,0
4.2599626e-05,0
0.00012492348,0
1.5255511e-05,0
2.3175322e-05,0
2.6943912e-05,0
3.7155056e-05,0
7.513435e-05,0
0.000162533,0
2.2110118e-05,0
2.112866e-05,0
0.009841643,0
4.8238726e-05,0
5.5174743e-05,0
0.008530248,0
2.6985694e-05,0
3.078734e-05,0
0.0035793735,0
4.4722103e-05,0
0.00034417893,0
3.9595532e-05,0
0.00046731866,0
0.0009901795,0
9.440399e-05,0
9.849392e-05,0
9.078932e-05,0
3.7469264e-05,0
1.9228803e-05,0
8.254124e-05,0
1.9253015e-05,0
3.8884144e-05,0
1.9228979e-05,0
0.0012034009,0
0.0007712229,0
7.517996e-05,0
7.7266515e-05,0
5.382386e-05,0
2.2539094e-05,0
3.7718764e-05,0
0.00055958657,0
0.00015764119,0
5.5453642e-05,0
2.5644811e-05,0
6.811702e-05,0
0.00015997591,0
1.7933566e-05,0
3.8775106e-05,0
1.0720952e-05,0
2.351721e-05,0
2.3863471e-05,0
2.5464618e-05,0
8.382641e-05,0
2.6785576e-05,0
0.0044471663,0
4.4772758e-05,0
0.00022911452,0
4.2543255e-05,0
2.7670772e-05,0
0.000110003755,0
5.4415737e-05,0
0.0052552144,0
5.965645e-05,0
9.93804e-05,0
1.6088696e-05,0
2.0864874e-05,0
0.00013416869,0
2.30965e-05,0
4.5303565e-05,0
2.599722e-05,0
5.503525e-05,0
1.953875e-05,0
4.8825976e-05,0
2.663546e-05,0
0.00010643883,0
0.00017118364,0
4.997737e-05,0
6.027799e-05,0
2.3568447e-05,0
2.856029e-05,0
6.436172e-05,0
1.9737616e-05,0
6.664348e-05,0
2.7117096e-05,0
2.09749e-05,0
3.0645424e-05,0
0.00043440145,0
9.682728e-05,0
2.4515755e-05,0
0.011357477,0
2.1648773e-05,0
2.645423e-05,0
2.7879047e-05,0
0.0016703383,0
0.0005500861,0
2.5824102e-05,0
0.0006921548,0
1.1078878e-05,0
1.2971459e-05,0
2.630427e-05,0
0.00012679736,0
1.5742571e-05,0
1.9892446e-05,0
0.00011689806,0
0.00010947538,0
0.0049028774,0
1.2189197e-05,0
1.584994e-05,0
4.5678506e-05,0
4.650278e-05,0
9.776931e-05,0
8.922365e-05,0
4.8735226e-05,0
4.855071e-05,0
1.99678e-05,0
6.2410625e-05,0
1.9731198e-05,0
2.0574882e-05,0
2.3847682e-05,0
2.4868597e-05,0
2.624325e-05,0
2.4923424e-05,0
6.2209605e-05,0
2.5289863e-05,0
0.0004399576,0
1.5457283e-05,0
2.1478138e-05,0
0.016157998,0
8.18212e-05,0
1.5477077e-05,0
0.0023709538,0
1.6787404e-05,0
4.0806597e-05,0
2.0106852e-05,0
7.296148e-05,0
3.300673e-05,0
5.7683817e-05,0
2.72867e-05,0
7.530803e-05,0
0.004933212,0
0.00017742277,0
0.0001208795,0
2.4359459e-05,0
0.00037229885,0
5.3157957e-05,0
8.878855e-05,0
0.0068981075,0
0.00019997498,0
1.9971698e-05,0
1.8335739e-05,0
2.6161259e-05,0
2.0323469e-05,0
1.9867768e-05,0
7.932799e-05,0
8.4282525e-05,0
0.001412913,0
2.0791458e-05,0
8.541068e-05,0
0.00015853929,0
5.0934872e-05,0
2.300415e-05,0
2.3076176e-05,0
0.0005934859,0
1.2596884e-05,0
0.00010699501,0
2.3540266e-05,0
4.3379398e-05,0
4.7094072e-05,0
0.0051791295,0
0.0004060205,0
0.00025430653,0
0.00010448019,0
0.0008814244,0
2.1523254e-05,0
1.8993214e-05,0
1.534607e-05,0
5.940934e-05,0
0.00010427467,0
0.0006834694,0
2.8004473e-05,0
2.7489981e-05,0
2.0566426e-05,0
0.00026060673,0
2.830488e-05,0
6.5678745e-05,0
0.00017828957,0
0.00021220018,0
3.6364916e-05,0
0.00029596002,0
2.636856e-05,0
5.2771862e-05,0
3.678408e-05,0
3.9732757e-05,0
8.4547275e-05,0
7.570666e-05,0
3.0434188e-05,0
2.2054763e-05,0
1.9212634e-05,0
4.8888596e-05,0
1.9714107e-05,0
0.000121567,0
0.00299713,0
0.00010116653,0
1.7400545e-05,0
0.00010300559,0
2.309444e-05,0
1.6533215e-05,0
0.00018066274,0
2.7475102e-05,0
0.00035115684,0
2.0287867e-05,0
8.471707e-05,0
4.880567e-05,0
2.4935778e-05,0
0.00088722986,0
1.9458745e-05,0
3.1259136e-05,0
0.015284466,0
0.00012893579,0
2.5798603e-05,0
0.00025707134,0
1.9871168e-05,0
1.6025317e-05,0
2.6912163e-05,0
0.00015604036,0
0.00014536291,0
4.497592e-05,0
2.5625031e-05,0
3.287926e-05,0
0.0024383035,0
2.5565645e-05,0
2.2806043e-05,0
0.00021987634,0
6.185959e-05,0
2.7049875e-05,0
3.8420872e-05,0
3.4831384e-05,0
2.2645854e-05,0
4.5983223e-05,0
4.2201656e-05,0
2.0307396e-05,0
2.0818774e-05,0
7.104224e-05,0
9.7614444e-05,0
0.003445821,0
0.0031620848,0
9.072445e-05,0
0.0001232107,0
0.0006119748,0
8.1798076e-05,0
1.8184386e-05,0
2.7797212e-05,0
0.0001048841,0
5.339086e-05,0
0.0053230706,0
0.00022584229,0
1.4725187e-05,0
4.326616e-05,0
2.0293752e-05,0
2.5573749e-05,0
0.00010111895,0
5.4549415e-05,0
8.9665424e-05,0
1.924449e-05,0
2.9990624e-05,0
2.6133615e-05,0
0.00026371228,0
1.7258772e-05,0
1.9735007e-05,0
0.0004421227,0
0.00028281697,0
7.237385e-05,0
6.505304e-05,0
1.3299257e-05,0
1.989063e-05,0
0.0005593834,0
0.00015277766,0
5.2946958e-05,0
3.457221e-05,0
4.620053e-05,0
1.3743731e-05,0
9.015542e-05,0
2.8239521e-05,0
2.4421217e-05,0
5.9243575e-05,0
1.630722e-05,0
8.288915e-05,0
2.6481368e-05,0
6.0468254e-05,0
2.2329521e-05,0
0.00025279538,0
5.070773e-05,0
3.2870597e-05,0
0.00096996565,0
1.21312e-05,0
0.010255347,0
2.0130552e-05,0
0.004833845,0
0.0014385773,0
2.9349936e-05,0
2.6935128e-05,0
1.1230266e-05,0
2.5874548e-05,0
0.000102002414,0
2.605164e-05,0
0.00010534775,0
0.00054837007,0
8.51613e-05,0
0.00037167457,0
0.00012946053,0
6.514925e-05,0
6.300423e-05,0
2.1139662e-05,0
5.624176e-05,0
2.6158814e-05,0
0.0042894,0
1.247203e-05,0
2.7005442e-05,0
2.5303718e-05,0
4.491811e-05,0
5.1951727e-05,0
1.2874319e-05,0
1.8233315e-05,0
2.7444443e-05,0
0.005416195,0
0.0070503457,0
0.00020223435,0
7.8156794e-05,0
2.783505e-05,0
0.00043338697,0
2.0072739e-05,0
2.2764785e-05,0
1.1091763e-05,0
9.524837e-06,0
0.00013387029,0
2.5385616e-05,0
1.4570247e-05,0
0.00019608355,0
2.4829384e-05,0
0.00014445004,0
2.566918e-05,0
0.00034552504,0
2.305004e-05,0
1.7041873e-05,0
7.758526e-05,0
2.13742e-05,0
2.6307647e-05,0
4.748011e-05,0
0.003069813,0
0.00020973494,0
0.00013475558,0
2.3257242e-05,0
0.012327607,0
2.6703032e-05,0
9.193596e-05,0
2.8739514e-05,0
0.00046317396,0
2.2809732e-05,0
0.00014567153,0
1.9725001e-05,0
2.0843112e-05,0
5.3588494e-05,0
4.7379006e-05,0
2.5871062e-05,0
2.9334762e-05,0
1.4042804e-05,0
0.0030696853,0
2.7810725e-05,0
0.007947832,0
0.00033061273,0
8.951368e-05,0
0.00023345722,0
0.00017707243,0
3.919226e-05,0
6.3445266e-05,0
0.00018688098,0
2.6706168e-05,0
0.0019235666,0
0.004876944,0
0.00016359158,0
2.6706392e-05,0
1.9179228e-05,0
0.01267614,0
9.775302e-05,0
0.00013858014,0
2.111101e-05,0
0.00042314536,0
6.8011446e-05,0
0.0059103295,0
2.6218442e-05,0
1.4976978e-05,0
3.4840075e-05,0
5.2755153e-05,0
0.00027943024,0
4.7832997e-05,0
2.3659102e-05,0
3.3329736e-05,0
2.052733e-05,0
3.523307e-05,0
1.2306102e-05,0
4.824732e-05,0
9.8733304e-05,0
0.0003600748,0
0.0008776515,0
2.3377583e-05,0
1.8384422e-05,0
3.1356874e-05,0
0.0012608495,0
1.2470405e-05,0
2.8722116e-05,0
0.0002139104,0
2.384531e-05,0
3.8121318e-05,0
5.223036e-05,0
0.00072218693,0
0.00013084362,0
2.5465062e-05,0
0.0007437939,0
3.4900353e-05,0
0.00022268247,0
1.9247442e-05,0
0.004116417,0
4.0463325e-05,0
1.8043458e-05,0
2.6937802e-05,0
0.0007751054,0
3.950766e-05,0
0.0086223055,0
0.0001635172,0
0.0006401772,0
1.4191505e-05,0
4.4108576e-05,0
5.2491476e-05,0
4.8417696e-05,0
0.0005679602,0
2.0079468e-05,0
6.654994e-05,0
8.716526e-05,0
9.669659e-05,0
4.202388e-05,0
9.563852e-05,0
1.1937246e-05,0
0.00025898693,0
5.8555666e-05,0
0.00020355526,0
4.0607887e-05,0
2.0066067e-05,0
2.4061621e-05,0
3.0564926e-05,0
0.0005109687,0
0.00014113725,0
0.0006092287,0
2.3506622e-05,0
8.6368425e-05,0
2.0733425e-05,0
9.0817244e-05,0
2.9426817e-05,0
5.843064e-05,0
9.244098e-05,0
2.1968865e-05,0
1.899342e-05,0
0.00066087,0
2.6391752e-05,0
0.0019315981,0
2.0412754e-05,0
0.00010071629,0
1.855694e-05,0
2.2316204e-05,0
1.576409e-05,0
0.0034832533,0
1.7797307e-05,0
0.00021169356,0
2.711686e-05,0
2.6484764e-05,0
4.9677434e-05,0
0.00013162146,0
3.1135132e-05,0
0.01322304,0
0.00014203791,0
0.0001043845,0
0.00012111916,0
1.5473519e-05,0
1.5938205e-05,0
0.0015992386,0
4.889022e-05,0
1.772229e-05,0
3.8862298e-05,0
0.0022127533,0
0.013074337,0
0.00010301868,0
9.903397e-05,0
5.4870612e-05,0
2.1128832e-05,0
1.9573277e-05,0
1.8295617e-05,0
6.4214524e-05,0
1.8551249e-05,0
5.075707e-05,0
0.00018120695,0
0.0004458234,0
0.00012034331,0
2.2265687e-05,0
1.5221858e-05,0
2.6643564e-05,0
2.9802568e-05,0
2.235441e-05,0
9.671515e-05,0
0.0070402822,0
2.6138128e-05,0
1.4621817e-05,0
8.3934e-05,0
2.0882608e-05,0
0.0004817751,0
2.700815e-05,0
2.7888454e-05,0
2.7827682e-05,0
0.01181884,0
6.712282e-05,0
0.0049716127,0
2.4006244e-05,0
0.00054383895,0
2.0810368e-05,0
0.00010719934,0
0.009548159,0
2.8108128e-05,0
2.4942416e-05,0
7.543332e-05,0
2.784119e-05,0
0.00026297368,0
0.0019072794,0
2.8569037e-05,0
4.7279256e-05,0
2.5368072e-05,0
0.00014425679,0
8.0625956e-05,0
8.085496e-05,0
4.5027093e-05,0
0.00066784973,0
5.453364e-05,0
9.7747805e-05,0
5.1145093e-05,0
0.00012922294,0
5.9506972e-05,0
1.8199129e-05,0
8.449418e-05,0
2.9822788e-05,0
0.00011623518,0
1.9743826e-05,0
0.00018157004,0
2.3755092e-05,0
1.4948252e-05,0
5.3219468e-05,0
9.153461e-05,0
0.00011392639,0
6.005956e-05,0
7.25451e-05,0
0.00074731547,0
2.3253579e-05,0
2.4557543e-05,0
6.7664194e-05,0
2.4208875e-05,0
2.324654e-05,0
2.7233928e-05,0
0.00010891896,0
1.9880625e-05,0
0.0031712814,0
7.783845e-05,0
4.0344905e-05,0
0.0056835874,0
0.00020387761,0
2.0068599e-05,0
2.0069949e-05,0
3.8665403e-05,0
1.6196105e-05,0
0.00072342856,0
2.2028296e-05,0
0.0012559593,0
0.012369748,0
0.00014982892,0
8.416939e-05,0
0.012115,0
2.869332e-05,0
0.0009623372,0
5.094326e-05,0
1.8892615e-05,0
0.0008517768,0
2.6796146e-05,0
5.0650702e-05,0
1.953271e-05,0
1.6023412e-05,0
3.6763475e-05,0
2.0755253e-05,0
0.00015276675,0
0.0002152167,0
0.0055398475,0
1.50848555e-05,0
2.9168394e-05,0
0.0004301193,0
3.602309e-05,0
0.015761372,0
2.2716044e-05,0
0.0027207313,0
2.7317907e-05,0
1.2275044e-05,0
0.00044904384,0
1.939962e-05,0
0.00035034426,0
1.2771672e-05,0
0.0096009895,0
0.0024886078,0
0.0055194707,0
1.9429128e-05,0
0.00043162442,0
0.0005702478,0
7.92644e-05,0
5.1296553e-05,0
5.278852e-05,0
0.003695272,0
6.072496e-05,0
1.2171944e-05,0
1.8045233e-05,0
0.012340688,0
1.9205541e-05,0
1.9272898e-05,0
2.1328187e-05,0
2.7134585e-05,0
1.4965398e-05,0
0.00031673932,0
4.0458577e-05,0
3.158162e-05,0
1.29950595e-05,0
0.005882575,0
0.00012309417,0
5.5154975e-05,0
1.4718444e-05,0
2.0840213e-05,0
5.6942805e-05,0
0.00013760367,0
1.906078e-05,0
0.0005292464,0
2.0466972e-05,0
7.040798e-05,0
2.4920393e-05,0
0.00015995189,0
0.0002320624,0
3.8642553e-05,0
7.3706266e-05,0
1.3386461e-05,0
3.185572e-05,0
7.269207e-05,0
0.00011862329,0
2.0071635e-05,0
3.4148932e-05,0
0.0010926474,0
0.0014037556,0
1.9736151e-05,0
0.008577184,0
2.746248e-05,0
2.5543004e-05,0
7.5338154e-05,0
2.3887675e-05,0
2.4934332e-05,0
0.0040865075,0
0.00016730092,0
5.144721e-05,0
5.4617056e-05,0
4.2353175e-05,0
4.2303294e-05,0
3.958608e-05,0
1.4290862e-05,0
0.000104506085,0
7.534031e-05,0
0.0002500426,0
0.00093333295,0
9.0992056e-05,0
6.7694054e-05,0
2.1444515e-05,0
2.6184754e-05,0
1.9807068e-05,0
5.8191e-05,0
1.11494555e-05,0
2.1139944e-05,0
5.4768952e-05,0
2.4826502e-05,0
5.555593e-05,0
1.2462653e-05,0
1.2071384e-05,0
0.000120279685,0
2.1872826e-05,0
2.3918423e-05,0
2.835994e-05,0
4.4300938e-05,0
0.00010303056,0
6.4330896e-05,0
1.9995341e-05,0
5.329813e-05,0
5.5295728e-05,0
2.1966618e-05,0
0.013261933,0
1.666334e-05,0
5.5307282e-05,0
0.0020708123,0
0.000582717,0
0.003550459,0
2.7096368e-05,0
0.00026055513,0
4.2597414e-05,0
4.7985446e-05,0
0.00010803557,0
1.9973879e-05,0
4.981413e-05,0
6.8311776e-05,0
6.901818e-05,0
3.7726742e-05,0
0.00041291054,0
2.0875506e-05,0
2.0289923e-05,0
1.256529e-05,0
0.00047536576,0
0.0009700921,0
1.6456279e-05,0
3.8460028e-05,0
2.5630554e-05,0
1.9297036e-05,0
0.00017361174,0
0.002695912,0
0.0010083249,0
4.9976916e-05,0
2.6127538e-05,0
6.482513e-05,0
2.6140628e-05,0
4.1573483e-05,0
0.00034986588,0
9.951835e-05,0
2.6726624e-05,0
0.0005297072,0
0.011967642,0
4.8314592e-05,0
0.00026400565,0
2.904286e-05,0
1.2020762e-05,0
2.083912e-05,0
8.0389094e-05,0
2.729597e-05,0
0.0015821372,0
0.012451121,0
2.5628784e-05,0
0.00010639661,0
3.057968e-05,0
0.00012264447,0
0.0012996893,0
2.299933e-05,0
2.1862126e-05,0
3.9099967e-05,0
1.9344874e-05,0
5.6122706e-05,0
0.013472811,0
0.00039095903,0
2.0891863e-05,0
2.5688667e-05,0
0.0015756947,0
8.1444115e-05,0
2.5769774e-05,0
8.771793e-05,0
0.00028873276,0
2.0529502e-05,0
0.00044015815,0
2.7827462e-05,0
2.1120157e-05,0
0.000356069,0
4.569051e-05,0
3.9325845e-05,0
1.8477464e-05,0
0.0012144358,0
2.1878013e-05,0
1.6414959e-05,0
2.7261989e-05,0
0.00025122383,0
2.5245392e-05,0
6.800439e-05,0
9.3000905e-05,0
1.9196148e-05,0
2.468724e-05,0
0.00047126538,0
1.929028e-05,0
1.9945783e-05,0
1.2039738e-05,0
2.1024889e-05,0
1.734853e-05,0
4.589426e-05,0
2.2832975e-05,0
0.0012497794,0
2.2162669e-05,0
3.640519e-05,0
0.00059383694,0
9.7703405e-06,0
3.929946e-05,0
8.0142636e-05,0
0.00042028227,0
2.0335066e-05,0
1.793751e-05,0
1.6293334e-05,0
2.5140998e-05,0
1.330477e-05,0
2.614232e-05,0
1.9272553e-05,0
0.00011172685,0
3.781713e-05,0
6.358724e-05,0
2.8107243e-05,0
1.8370798e-05,0
2.7865623e-05,0
2.183607e-05,0
1.4964224e-05,0
5.7740555e-05,0
0.00010212244,0
0.0009381574,0
0.00010518409,0
1.8218123e-05,0
2.0546096e-05,0
0.0002476133,0
4.534473e-05,0
4.923467e-05,0
7.4738404e-05,0
0.00041793272,0
0.0007572397,0
0.00015393941,0
2.3643743e-05,0
5.5249344e-05,0
2.8407188e-05,0
5.5602166e-05,0
2.4475117e-05,0
8.232793e-05,0
2.607266e-05,0
7.53496e-05,0
0.0040481966,0
2.0591278e-05,0
0.00052167836,0
0.00017949803,0
6.233281e-05,0
3.4500066e-05,0
7.563085e-05,0
4.730802e-05,0
0.011252313,0
1.9205345e-05,0
0.0008480077,0
0.00011865214,0
0.009765625,0
3.9607097e-05,0
1.3348103e-05,0
9.611062e-05,0
5.095434e-05,0
2.1066799e-05,0
8.0573256e-05,0
9.1703165e-05,0
5.0858605e-05,0
2.7088938e-05,0
1.9778645e-05,0
5.3038042e-05,0
1.2480352e-05,0
0.003139836,0
3.684842e-05,0
1.6221633e-05,0
4.8838072e-05,0
1.5465941e-05,0
0.00014822281,0
5.50262e-05,0
4.2109757e-05,0
0.008050444,0
2.426133e-05,0
0.000112833404,0
0.0020575577,0
4.426809e-05,0
2.2926923e-05,0
2.4324794e-05,0
3.534749e-05,0
1.9707762e-05,0
0.0001501035,0
1.5665764e-05,0
6.753738e-05,0
0.00016763416,0
0.0003009189,0
1.9379167e-05,0
5.591712e-05,0
2.8268238e-05,0
0.001135882,0
0.00013978408,0
2.4028092e-05,0
0.0037186532,0
0.000850391,0
0.00024985653,0
1.275528e-05,0
4.958432e-05,0
4.1096566e-05,0
3.568717e-05,0
3.1928234e-05,0
0.00024717007,0
2.5526388e-05,0
2.2213095e-05,0
1.6717559e-05,0
3.5755158e-05,0
1.8582765e-05,0
0.00065557664,0
2.4572708e-05,0
0.0007812108,0
1.9447667e-05,0
2.1857384e-05,0
0.00048903824,0
6.496348e-05,0
0.00016483635,0
0.00011505051,0
7.48046e-05,0
0.00040102797,0
2.37455e-05,0
0.00035073867,0
9.678731e-06,0
0.013707649,0
3.683195e-05,0
2.5655107e-05,0
0.00048115492,0
1.603483e-05,0
0.0021859119,0
3.5670695e-05,0
1.893638e-05,0
0.00016678503,0
0.00023463422,0
1.607719e-05,0
0.00012987455,0
1.2409709e-05,0
0.00087914104,0
7.234951e-05,0
4.5907083e-05,0
2.580768e-05,0
2.0810372e-05,0
0.00010671328,0
7.088895e-05,0
4.900819e-05,0
0.00016377735,0
0.000102339385,0
2.11337e-05,0
1.8412138e-05,0
0.00081889343,0
2.4214012e-05,0
2.3945564e-05,0
1.9204548e-05,0
1.1701545e-05,0
6.629928e-05,0
0.0011715741,0
2.3213868e-05,0
3.4584853e-05,0
5.310204e-05,0
0.00010165868,0
8.917793e-05,0
2.056256e-05,0
6.5131506e-05,0
0.00019714756,0
1.9017994e-05,0
0.000107130734,0
0.00046526873,0
0.022091705,0
0.0001618015,0
1.924184e-05,0
1.0179105e-05,0
0.012368705,0
0.00020221222,0
0.0039413027,0
0.012664889,0
2.1116874e-05,0
2.4446856e-05,0
0.00017802877,0
1.784688e-05,0
9.599506e-05,0
1.0537254e-05,0
2.735174e-05,0
5.792253e-05,0
2.1490212e-05,0
3.8847378e-05,0
0.00010947344,0
0.004193352,0
0.00030762758,0
0.0001130898,0
3.885719e-05,0
3.1329117e-05,0
0.0006914805,0
0.023185404,0
1.972153e-05,0
2.6721234e-05,0
2.2340453e-05,0
1.7467577e-05,0
2.3000968e-05,0
2.7335145e-05,0
0.00023591708,0
0.0005231054,0
3.2392654e-05,0
1.0505283e-05,0
0.01360807,0
1.9391464e-05,0
1.37010675e-05,0
6.576276e-05,0
2.5428499e-05,0
2.0084339e-05,0
1.6215883e-05,0
0.00017714089,0
1.9796085e-05,0
0.00041888273,0
1.9889605e-05,0
2.9370987e-05,0
1.7759703e-05,0
2.5525293e-05,0
5.806775e-05,0
2.5774927e-05,0
9.980178e-05,0
1.2596161e-05,0
0.00013087917,0
3.7343118e-05,0
1.6822434e-05,0
1.9444336e-05,0
1.1302389e-05,0
0.008071019,0
0.00022929079,0
9.6675496e-05,0
3.5122823e-05,0
0.00013397144,0
1.19554325e-05,0
0.00011389589,0
8.063503e-05,0
0.00059798994,0
3.7061436e-05,0
5.1099214e-05,0
4.8298803e-05,0
4.956585e-05,0
1.9240324e-05,0
5.277048e-05,0
2.0260735e-05,0
5.8386977e-05,0
4.378802e-05,0
2.6229003e-05,0
0.00018160959,0
2.7875434e-05,0
0.00036932324,0
1.1317225e-05,0
1.245422e-05,0
2.082921e-05,0
4.8208793e-05,0
0.006774417,0
3.4461977e-05,0
7.0927956e-05,0
3.268504e-05,0
9.94042e-05,0
1.6006275e-05,0
2.756254e-05,0
4.8934144e-05,0
2.009783e-05,0
0.0024332162,0
0.000102662394,0
1.831838e-05,0
2.6821235e-05,0
0.00097056624,0
4.9956314e-05,0
1.802674e-05,0
0.0077629476,0
1.739912e-05,0
2.0539637e-05,0
1.5335154e-05,0
0.000120621065,0
3.2709453e-05,0
3.0337185e-05,0
0.00013709342,0
1.8505778e-05,0
4.1181713e-05,0
2.2372042e-05,0
1.605288e-05,0
3.158767e-05,0
2.5130239e-05,0
5.493029e-05,0
2.8533861e-05,0
2.0874693e-05,0
4.6396905e-05,0
1.9475301e-05,0
0.00011354592,0
0.01075842,0
0.00031927388,0
2.0253532e-05,0
1.3314342e-05,0
0.00023179593,0
0.0003477598,0
1.0422844e-05,0
6.1545936e-05,0
0.0001535404,0
1.5086139e-05,0
0.0003034649,0
1.9335144e-05,0
3.388478e-05,0
2.596123e-05,0
2.6479647e-05,0
5.6136818e-05,0
2.5763575e-05,0
2.112024e-05,0
0.0008101084,0
7.0180504e-05,0
2.4051798e-05,0
0.0004456488,0
0.0015280006,0
1.9327912e-05,0
3.8561495e-05,0
2.383496e-05,0
0.00018999474,0
4.240669e-05,0
0.021797754,0
0.00017155251,0
9.965884e-05,0
1.9640484e-05,0
0.00045048093,0
2.5667017e-05,0
0.00060680753,0
5.6150562e-05,0
1.3188014e-05,0
2.444347e-05,0
6.261315e-05,0
0.0001253678,0
0.00063417444,0
6.1924606e-05,0
0.00064320647,0
0.0001584554,0
3.8718743e-05,0
5.2745912e-05,0
4.2263106e-05,0
2.2219685e-05,0
2.4370025e-05,0
1.2407477e-05,0
0.000111895155,0
2.273458e-05,0
2.0058093e-05,0
4.8979036e-05,0
0.00044278297,0
1.5512209e-05,0
6.639414e-05,0
4.8785765e-05,0
0.00021203834,0
1.544864e-05,0
3.854114e-05,0
1.6871656e-05,0
1.8471355e-05,0
3.154487e-05,0
1.8181092e-05,0
2.7405782e-05,0
0.0024053878,0
3.585617e-05,0
2.3691731e-05,0
0.011207629,0
2.3402034e-05,0
2.1073876e-05,0
0.00018800523,0
0.00022050888,0
9.6430485e-05,0
2.6839165e-05,0
1.439657e-05,0
1.4829708e-05,0
0.00016050089,0
2.5567719e-05,0
0.000109400906,0
4.6057605e-05,0
0.000106894884,0
6.3561354e-05,0
0.00016213521,0
0.0017521323,0
9.60876e-05,0
2.7854703e-05,0
0.0012634405,0
2.6950147e-05,0
3.111559e-05,0
2.2177022e-05,0
0.00011086355,0
5.1980758e-05,0
0.00012510674,0
0.00017410227,0
3.901172e-05,0
0.00010788605,0
0.00044304345,0
4.817827e-05,0
1.9689202e-05,0
0.00012692851,0
0.00013934383,0
0.0002034033,0
0.00023334462,0
0.0028949478,0
3.8772505e-05,0
3.289916e-05,0
0.00014334827,0
2.4061957e-05,0
0.0005324421,0
9.6022566e-05,0
0.0006326318,0
0.0011338112,0
0.00015741895,0
1.970692e-05,0
0.0003410312,0
0.00025469757,0
0.0014694281,0
4.2089952e-05,0
0.00023720099,0
0.0027468128,0
0.00095264206,0
0.00025637602,0
0.0015953154,0
1.787225e-05,0
0.00014410238,0
0.00016309788,0
1.4986649e-05,0
9.885755e-05,0
6.0938426e-05,0
1.7905435e-05,0
6.021503e-05,0
2.7829288e-05,0
2.3966812e-05,0
0.00017340874,0
0.00020067782,0
0.00029947114,0
5.2304673e-05,0
3.4064633e-05,0
0.00017213554,0
1.5833497e-05,0
0.00010118109,0
2.0038957e-05,0
0.0006149792,0
2.9806833e-05,0
5.685694e-05,0
0.0006209143,0
0.0032505672,0
2.7001046e-05,0
5.042611e-05,0
2.0297819e-05,0
9.843951e-06,0
0.0011558936,0
2.0607835e-05,0
5.709787e-05,0
1.5764677e-05,0
0.00026595677,0
6.224273e-05,0
0.0023226081,0
0.00032796466,0
4.9315673e-05,0
3.5322006e-05,0
0.000113699316,0
2.0342764e-05,0
3.8965405e-05,0
0.00010687917,0
1.4841095e-05,0
0.0009797028,0
0.00018316516,0
0.0019698078,0
3.0466548e-05,0
1.5705851e-05,0
9.6962656e-05,0
0.0009654062,0
5.9832124e-05,0
0.00013287785,0
0.00033661933,0
0.000256584,0
3.086207e-05,0
2.6114863e-05,0
0.00017960127,0
1.4101112e-05,0
2.3588176e-05,0
0.00034708148,0
0.00011736671,0
0.00010865841,0
0.00012920971,0
0.000241954,0
1.9201216e-05,0
0.00023428518,0
0.0002753768,0
2.5996962e-05,0
2.4584126e-05,0
1.9208765e-05,0
0.0007596877,0
1.9964593e-05,0
7.467624e-05,0
2.9033752e-05,0
9.0159156e-05,0
5.3265874e-05,0
2.6549062e-05,0
2.6835498e-05,0
0.00028491326,0
4.8656777e-05,0
0.00013290031,0
9.924569e-05,0
0.00012589256,0
0.0012389092,0
2.7559e-05,0
3.824351e-05,0
8.1176106e-05,0
0.00027960565,0
0.00035693074,0
2.0830132e-05,0
2.5349249e-05,0
0.0008169021,0
6.185869e-05,0
2.0415519e-05,0
5.5325592e-05,0
0.00014277567,0
1.4175718e-05,0
2.5283267e-05,0
0.0003077147,0
9.711572e-05,0
1.37674615e-05,0
4.918742e-05,0
0.00014831468,0
3.0158402e-05,0
5.999384e-05,0
0.011462342,0
9.46127e-06,0
0.0075276787,0
1.45677595e-05,0
6.181777e-05,0
1.9226783e-05,0
3.998368e-05,0
0.0004484779,0
1.9511075e-05,0
8.477587e-05,0
0.00021892731,0
1.9351583e-05,0
0.0002616514,0
1.5419742e-05,0
2.7342125e-05,0
2.193514e-05,0
2.1806529e-05,0
3.639547e-05,0
8.888544e-05,0
0.0005876861,0
5.249303e-05,0
2.7328948e-05,0
4.8818667e-05,0
2.2879434e-05,0
2.111789e-05,0
2.6234356e-05,0
2.7318833e-05,0
1.0852602e-05,0
2.7187973e-05,0
0.00034509387,0
5.728881e-05,0
6.4969114e-05,0
2.3373168e-05,0
3.1005733e-05,0
8.39341e-05,0
0.00010079739,0
0.000121123834,0
5.3490647e-05,0
2.1618538e-05,0
0.0008511662,0
3.3580076e-05,0
2.0823805e-05,0
1.8885687e-05,0
6.460945e-05,0
2.7988934e-05,0
2.7841716e-05,0
3.5031866e-05,0
0.00018388065,0
0.00046617413,0
3.8848553e-05,0
8.4538646e-05,0
0.00051521946,0
4.476265e-05,0
1.592913e-05,0
0.00013891388,0
3.627248e-05,0
2.2563665e-05,0
9.6452226e-05,0
1.7083514e-05,0
4.9557162e-05,0
2.2253527e-05,0
5.7399666e-05,0
1.5047054e-05,0
2.9113651e-05,0
2.0067624e-05,0
5.742093e-05,0
0.00023406548,0
2.8851571e-05,0
4.758248e-05,0
0.00062053005,0
2.635206e-05,0
4.196945e-05,0
2.8574217e-05,0
0.011065852,0
0.0010319185,0
2.9136772e-05,0
2.8752169e-05,0
2.0148183e-05,0
2.315126e-05,0
7.8273806e-05,0
0.00010352462,0
1.4179253e-05,0
0.0035563475,0
5.3066302e-05,0
0.00010660217,0
0.0009903371,0
0.000101299294,0
0.0070926724,0
1.5076663e-05,0
1.2801159e-05,0
3.9300816e-05,0
0.0002708589,0
0.00022888115,0
9.9557554e-05,0
0.00037882742,0
2.6601056e-05,0
3.7236237e-05,0
1.7456985e-05,0
0.008041412,0
4.8529968e-05,0
2.3229284e-05,0
1.1646125e-05,0
1.9504856e-05,0
2.4394136e-05,0
1.919783e-05,0
0.00074443704,0
3.9672977e-05,0
5.3090575e-05,0
1.7311746e-05,0
0.0019942187,0
4.0389838e-05,0
1.9401425e-05,0
4.9570306e-05,0
5.4583375e-05,0
0.00011688691,0
6.8249356e-05,0
0.00021351906,0
9.1680515e-05,0
0.00014510256,0
0.0012525116,0
9.310889e-05,0
2.0754873e-05,0
2.1524713e-05,0
0.009901338,0
1.5690419e-05,0
2.72384e-05,0
1.1585073e-05,0
0.00021437224,0
9.90524e-05,0
1.7862558e-05,0
5.8584013e-05,0
0.00010440993,0
0.00012182643,0
0.00022468742,0
0.0001936951,0
0.00019170789,0
8.027331e-05,0
2.093053e-05,0
0.00018110062,0
1.9377518e-05,0
0.00010131975,0
3.0446716e-05,0
2.7380578e-05,0
3.5602614e-05,0
2.6297563e-05,0
2.8554587e-05,0
0.00022669605,0
1.4481751e-05,0
9.3914336e-05,0
2.1466803e-05,0
0.00020368937,0
4.8194986e-05,0
0.00011986932,0
2.3966e-05,0
2.5590878e-05,0
1.7641916e-05,0
2.665851e-05,0
2.2295724e-05,0
0.00084732793,0
1.970615e-05,0
1.2857602e-05,0
4.859853e-05,0
0.0001356031,0
5.5922188e-05,0
1.6452128e-05,0
3.284068e-05,0
0.00016732933,0
1.970473e-05,0
2.0447695e-05,0
0.00011898696,0
2.0148425e-05,0
7.9594756e-05,0
4.3909826e-05,0
5.527299e-05,0
0.008047143,0
0.00010283046,0
0.00022611184,0
4.454825e-05,0
0.0009862434,0
0.00017000012,0
4.935183e-05,0
0.012278829,0
2.028953e-05,0
3.2444565e-05,0
2.5475047e-05,0
1.8337341e-05,0
0.0019942182,0
2.6157071e-05,0
7.715569e-05,0
2.356891e-05,0
5.918313e-05,0
0.0015376534,0
2.2965003e-05,0
1.9347139e-05,0
0.00825801,0
5.1899948e-05,0
0.00012204621,0
0.00013463547,0
2.5988182e-05,0
7.4461466e-05,0
4.0331546e-05,0
0.0025769994,0
0.0065159374,0
2.3690302e-05,0
1.6053147e-05,0
2.0813219e-05,0
7.8512894e-05,0
1.72386e-05,0
0.006197979,0
5.218051e-05,0
0.004868107,0
8.223126e-05,0
6.490636e-05,0
0.0155663,0
0.007557773,0
4.8948703e-05,0
0.00023472492,0
1.9273855e-05,0
3.194547e-05,0
0.00014787457,0
1.70495e-05,0
0.0009199677,0
0.00023864316,0
1.049875e-05,0
0.012981705,0
2.6166024e-05,0
4.99073e-05,0
2.079513e-05,0
4.860665e-05,0
2.0085834e-05,0
0.004523096,0
2.5887448e-05,0
0.0065062526,0
0.0002204667,0
1.9569685e-05,0
3.0304374e-05,0
2.9227605e-05,0
2.1736043e-05,0
7.1030474e-05,0
1.2643751e-05,0
0.00035201552,0
6.012238e-05,0
0.00019608924,0
2.5412059e-05,0
0.0006538544,0
2.793409e-05,0
0.0001314651,0
0.00044340605,0
9.46998e-05,0
3.4022763e-05,0
0.005056216,0
0.009358563,0
2.0492786e-05,0
7.62308e-05,0
0.00014193187,0
6.226731e-05,0
0.001426395,0
5.7606198e-05,0
2.3385843e-05,0
0.0011987488,0
0.0039736195,0
5.0024428e-05,0
2.6443238e-05,0
1.7046243e-05,0
0.00019332324,0
0.00010694494,0
2.0382182e-05,0
0.0021187875,0
0.00042286844,0
1.9432533e-05,0
0.00015829038,0
4.5497884e-05,0
1.8445722e-05,0
4.827078e-05,0
1.8215538e-05,0
0.0074554123,0
3.2289994e-05,0
0.0012219984,0
5.762488e-05,0
3.84195e-05,0
7.3180796e-05,0
2.9074932e-05,0
5.3125765e-05,0
2.5982608e-05,0
2.2523038e-05,0
1.6687009e-05,0
2.8828637e-05,0
2.5036365e-05,0
0.00048639515,0
0.002688671,0
0.0118126245,0
0.007725934,0
0.0012808539,0
2.008967e-05,0
0.00030315688,0
0.00032663025,0
2.9639175e-05,0
2.5874886e-05,0
2.9972727e-05,0
5.3621443e-05,0
0.00051204214,0
0.003914309,0
5.294474e-05,0
2.4065139e-05,0
5.644197e-05,0
0.00017438138,0
1.5798245e-05,0
0.00029157524,0
3.7455335e-05,0
1.6441194e-05,0
0.00012993171,0
1.5255457e-05,0
0.0001407747,0
0.00095242076,0
2.7888696e-05,0
2.2204666e-05,0
0.00042808172,0
0.00022081804,0
2.0535676e-05,0
4.0728723e-05,0
2.81569e-05,0
5.1801057e-05,0
0.00027119362,0
0.00010161923,0
9.8039956e-05,0
1.1470484e-05,0
9.807239e-05,0
4.4909648e-05,0
2.0409814e-05,0
1.1788003e-05,0
2.2230095e-05,0
0.000411623,0
5.0327988e-05,0
0.00072269194,0
0.0007753457,0
1.9254068e-05,0
0.019114709,0
0.0010934945,0
5.8686543e-05,0
0.010192573,0
9.566561e-05,0
5.099159e-05,0
5.568835e-05,0
0.0016132275,0
2.2367401e-05,0
4.5965447e-05,0
1.9236415e-05,0
9.623914e-06,0
2.363872e-05,0
6.7570916e-05,0
0.0005301563,0
2.7773121e-05,0
8.563629e-05,0
0.0009645983,0
2.4071984e-05,0
2.1672728e-05,0
0.00012846099,0
6.8658715e-05,0
8.4373976e-05,0
0.0020345298,0
3.7194113e-05,0
7.035917e-05,0
2.6251331e-05,0
2.0573303e-05,0
0.0001035815,0
2.5049145e-05,0
4.1976993e-05,0
0.00011944639,0
4.7539554e-05,0
5.0080296e-05,0
0.0005106437,0
6.562724e-05,0
2.0521618e-05,0
0.0010185984,0
0.0010426106,0
2.223001e-05,0
0.00028476035,0
2.478352e-05,0
2.993914e-05,0
0.00075341674,0
0.00058827887,0
9.652599e-05,0
3.2980373e-05,0
9.017272e-05,0
1.00406505e-05,0
1.6534856e-05,0
2.4225095e-05,0
0.00020115844,0
5.4866843e-05,0
4.5408182e-05,0
4.2195028e-05,0
0.00040822988,0
0.0002134683,0
0.00018495118,0
2.4404846e-05,0
2.0373678e-05,0
2.0556716e-05,0
0.0002969957,0
1.6489405e-05,0
0.0016048923,0
0.014555048,0
2.259879e-05,0
2.1858048e-05,0
0.00018569571,0
4.1029576e-05,0
9.56984e-05,0
0.00029054805,0
3.8739396e-05,0
0.00011838369,0
0.0034463909,0
0.000113026974,0
1.8341017e-05,0
0.00011094543,0
6.918178e-05,0
0.00028978934,0
1.931132e-05,0
1.4986144e-05,0
3.181595e-05,0
1.698191e-05,0
3.5469453e-05,0
0.0033686324,0
0.0001785436,0
4.009588e-05,0
4.2478074e-05,0
0.0005829204,0
2.7516291e-05,0
5.2710144e-05,0
3.4982473e-05,0
1.2290603e-05,0
0.00010308662,0
0.0076808184,0
0.00017099638,0
4.8700902e-05,0
8.8437715e-05,0
2.7184462e-05,0
4.454137e-05,0
1.6039652e-05,0
2.772131e-05,0
0.0001143176,0
0.00011539636,0
1.2659908e-05,0
2.8163315e-05,0
0.0008886737,0
0.000112788024,0
0.00016353943,0
4.8280745e-05,0
8.883783e-05,0
0.0110431975,0
0.000121434,0
0.000100709265,0
2.3540388e-05,0
2.3354476e-05,0
0.0044349637,0
6.470083e-05,0
0.0010732698,0
2.088541e-05,0
2.28045e-05,0
0.0012805758,0
0.0003865434,0
0.0007533828,0
2.4814539e-05,0
2.1025837e-05,0
1.9942709e-05,0
4.4125816e-05,0
5.630988e-05,0
2.9060331e-05,0
0.0009942873,0
0.00015153094,0
0.00050095,0
1.4729259e-05,0
2.8156779e-05,0
2.7322762e-05,0
0.00020585256,0
3.3774486e-05,0
7.886344e-05,0
1.8132514e-05,0
1.3323378e-05,0
2.2611874e-05,0
2.679259e-05,0
2.6863881e-05,0
0.0012651872,0
2.644532e-05,0
9.781037e-06,0
2.7756198e-05,0
0.0018598025,0
2.6327572e-05,0
3.977199e-05,0
0.0002588349,0
2.6374326e-05,0
1.9875455e-05,0
3.984192e-05,0
8.077375e-05,0
3.0639283e-05,0
0.00011286558,0
2.50603e-05,0
4.8680755e-05,0
0.0001924691,0
2.7886465e-05,0
0.0032306893,0
5.882725e-05,0
0.00017385167,0
2.3478204e-05,0
1.8003679e-05,0
5.2228123e-05,0
3.0186786e-05,0
2.4455447e-05,0
3.194688e-05,0
0.00027316803,0
3.3698347e-05,0
1.9543408e-05,0
1.4462591e-05,0
0.00015886562,0
0.0010607303,0
1.4127082e-05,0
0.00063156034,0
2.856202e-05,0
2.5608697e-05,0
0.00013187017,0
2.0095476e-05,0
0.00023113203,0
3.1711148e-05,0
0.017889408,0
8.123846e-05,0
0.0003043175,0
6.8791815e-05,0
0.000110695655,0
2.5502752e-05,0
0.008642218,0
0.00012295827,0
6.188146e-05,0
1.7770251e-05,0
1.8011076e-05,0
6.419232e-05,0
9.844386e-05,0
1.932828e-05,0
2.0956442e-05,0
2.6611768e-05,0
0.02252654,0
0.00018356272,0
0.00061441,0
0.00012591199,0
4.0784522e-05,0
9.5498806e-05,0
1.3243821e-05,0
0.004501695,0
0.00020295754,0
0.00019142628,0
8.523752e-05,0
2.679442e-05,0
0.0002612392,0
5.118969e-05,0
2.5005389e-05,0
2.5440651e-05,0
0.00011684563,0
0.0037251315,0
1.97501e-05,0
6.2653584e-05,0
1.974057e-05,0
0.00021218856,0
2.5240606e-05,0
0.0006550873,0
2.36045e-05,0
0.00023621594,0
4.941637e-05,0
2.5110838e-05,0
1.6434373e-05,0
0.00010695905,0
0.00020345808,0
1.494438e-05,0
1.4783952e-05,0
0.021358386,0
2.5558144e-05,0
0.00010778346,0
1.6503649e-05,0
3.2131928e-05,0
2.1839187e-05,0
2.0097794e-05,0
0.00017249995,0
8.943595e-05,0
2.5937545e-05,0
9.306571e-05,0
0.0027592964,0
0.000109060755,0
0.00012689919,0
3.389883e-05,0
1.9546032e-05,0
1.9749174e-05,0
1.5550333e-05,0
2.6171903e-05,0
4.217121e-05,0
8.390444e-05,0
0.00014113508,0
4.920896e-05,0
4.1557043e-05,0
2.7218624e-05,0
3.871502e-05,0
0.012365332,0
9.8709934e-05,0
2.3407667e-05,0
2.0303325e-05,0
1.9671057e-05,0
2.0828451e-05,0
0.00013868404,0
0.0003193361,0
0.00014873048,0
0.0031492803,0
4.30618e-05,0
4.8307116e-05,0
1.912404e-05,0
0.00020844958,0
1.7276916e-05,0
3.2341923e-05,0
6.586283e-05,0
2.0040425e-05,0
2.7703738e-05,0
0.00012219194,0
7.914088e-05,0
2.0381121e-05,0
4.0065042e-05,0
4.3999127e-05,0
2.8827348e-05,0
3.2479376e-05,0
1.4318619e-05,0
2.1032107e-05,0
0.008971409,0
0.0001268046,0
0.0009193285,0
0.00083321595,0
0.00016684334,0
2.2485578e-05,0
1.3569987e-05,0
2.4700095e-05,0
2.1014584e-05,0
2.6164498e-05,0
1.2574713e-05,0
1.2418138e-05,0
5.9840397e-05,0
0.0003836557,0
3.2626565e-05,0
2.081026e-05,0
0.00025562724,0
0.010024051,0
9.842355e-05,0
8.247046e-05,0
1.9472423e-05,0
5.6021123e-05,0
2.220406e-05,0
1.2052353e-05,0
2.2374084e-05,0
1.9910658e-05,0
0.00018312922,0
5.2416915e-05,0
2.549335e-05,0
4.606576e-05,0
7.9456455e-05,0
5.0296163e-05,0
0.00011715793,0
1.9261743e-05,0
5.9248672e-05,0
5.34297e-05,0
1.4191231e-05,0
3.1287425e-05,0
7.162208e-05,0
2.7102367e-05,0
0.00017252626,0
0.00030843823,0
0.014060967,0
2.2103062e-05,0
9.935005e-05,0
1.7860777e-05,0
3.9335973e-05,0
4.9580096e-05,0
0.0035469544,0
0.0027894205,0
0.00015114929,0
4.8243193e-05,0
3.079956e-05,0
0.0001205289,0
4.760806e-05,0
0.0031716619,0
0.00023729121,0
0.0009773464,0
0.0006347167,0
2.9457382e-05,0
0.000314261,0
4.6802837e-05,0
2.7774802e-05,0
0.00021374514,0
0.00068105693,0
0.00020178189,0
0.0018008401,0
1.0813082e-05,0
3.9083552e-05,0
7.342819e-05,0
0.00031957094,0
0.00019474904,0
4.9567967e-05,0
3.8574446e-05,0
5.7955996e-05,0
4.417708e-05,0
2.1117557e-05,0
0.00023414622,0
0.00010130548,0
2.7385275e-05,0
0.00059652526,0
9.794152e-05,0
0.00011773513,0
0.0003739651,0
4.350841e-05,0
1.6572012e-05,0
1.875073e-05,0
5.143628e-05,0
2.8226763e-05,0
1.4254205e-05,0
0.000990672,0
8.167171e-05,0
1.45976755e-05,0
0.00010327177,0
0.00013913082,0
0.00043415543,0
0.0027968728,0
2.5553429e-05,0
0.00011143611,0
1.3592396e-05,0
0.000111241345,0
2.9494333e-05,0
1.9315292e-05,0
0.00011726038,0
0.00010730199,0
2.5861811e-05,0
1.05683175e-05,0
6.386024e-05,0
0.00053884066,0
0.000113013586,0
2.6955991e-05,0
1.944142e-05,0
3.5732064e-05,0
0.00022935306,0
2.4559713e-05,0
1.3842167e-05,0
2.0113705e-05,0
0.00012919398,0
0.000113023845,0
0.00042619088,0
0.00034912434,0
3.2522534e-05,0
0.00034801103,0
0.009296156,0
1.3070094e-05,0
0.00024169088,0
2.4309773e-05,0
1.997665e-05,0
6.393204e-05,0
0.00024976747,0
3.4641624e-05,0
0.00011806696,0
2.0305853e-05,0
9.2060975e-05,0
2.2553588e-05,0
0.00012976766,0
2.0159296e-05,0
2.8360853e-05,0
2.7684833e-05,0
4.5125293e-05,0
5.662232e-05,0
2.739758e-05,0
4.3129534e-05,0
3.365226e-05,0
9.968199e-05,0
0.00012973041,0
1.4192183e-05,0
1.2685968e-05,0
0.000132461,0
9.268532e-05,0
1.9543104e-05,0
2.5810332e-05,0
0.00017919597,0
0.008496167,0
0.0013284932,0
2.08105e-05,0
8.888291e-05,0
0.00010651739,0
5.665406e-05,0
5.8409685e-05,0
9.9409095e-05,0
2.0959646e-05,0
2.1825614e-05,0
1.9713016e-05,0
4.0453226e-05,0
0.000116384894,0
9.6133146e-05,0
2.427765e-05,0
2.0520045e-05,0
0.00020007124,0
0.00023395367,0
1.9277326e-05,0
1.2952604e-05,0
0.0005948447,0
2.0553207e-05,0
0.00011980473,0
0.0009828152,0
1.8682253e-05,0
9.206088e-05,0
4.3870856e-05,0
0.003782457,0
7.3661904e-05,0
0.00022401084,0
1.32121295e-05,0
0.000369409,0
0.012323412,0
2.8486395e-05,0
3.3114302e-05,0
3.6903504e-05,0
2.002311e-05,0
2.880489e-05,0
7.5442076e-05,0
3.7554568e-05,0
4.2264663e-05,0
0.0006921011,0
4.0169187e-05,0
0.00024165114,0
5.0896186e-05,0
3.6590354e-05,0
0.00011091144,0
1.635557e-05,0
0.00040254922,0
2.7170876e-05,0
2.0709927e-05,0
8.660518e-05,0
0.000246166,0
0.0013886361,0
1.5579428e-05,0
0.00013870056,0
2.7848335e-05,0
0.00043203082,0
3.4706733e-05,0
3.253073e-05,0
0.00018557171,0
2.0148276e-05,0
0.00011915589,0
1.5867708e-05,0
3.6047943e-05,0
4.120819e-05,0
0.00026329843,0
0.00011709778,0
0.00022277865,0
6.0616087e-05,0
1.32367e-05,0
2.043993e-05,0
5.7279743e-05,0
1.562378e-05,0
2.8440401e-05,0
0.0028108645,0
2.6342419e-05,0
2.1695778e-05,0
0.00089857116,0
2.7918559e-05,0
2.4553927e-05,0
2.265431e-05,0
5.7614685e-05,0
8.7420274e-05,0
0.0008262793,0
3.395259e-05,0
2.3295092e-05,0
2.0441368e-05,0
4.5313845e-05,0
0.0005969592,0
2.2645023e-05,0
1.5222056e-05,0
2.5474945e-05,0
1.9566136e-05,0
0.0003337836,0
7.726187e-05,0
4.3038955e-05,0
2.343645e-05,0
0.00010257251,0
2.0348518e-05,0
0.00011290571,0
5.5215358e-05,0
0.00056787423,0
5.1840547e-05,0
0.000121704994,0
3.309855e-05,0
0.00011254173,0
2.123156e-05,0
1.7189675e-05,0
8.21251e-05,0
2.7987591e-05,0
4.990143e-05,0
1.9650703e-05,0
1.6525611e-05,0
0.011187639,0
0.0016115605,0
9.1109e-05,0
9.66668e-05,0
4.5391254e-05,0
2.3171642e-05,0
2.0667541e-05,0
2.6789297e-05,0
4.045889e-05,0
1.2510435e-05,0
3.2487835e-05,0
0.00017949614,0
0.0002896784,0
4.884207e-05,0
1.5733873e-05,0
8.791093e-05,0
2.9811143e-05,0
2.2118757e-05,0
0.00018719208,0
2.1347412e-05,0
1.3410689e-05,0
3.7446698e-05,0
1.8800421e-05,0
0.010241444,0
1.5093401e-05,0
4.2148873e-05,0
0.000121327386,0
0.012525448,0
0.00036145514,0
1.7241919e-05,0
0.00010183832,0
0.00046171012,0
1.324965e-05,0
6.263664e-05,0
0.00054737565,0
3.4863824e-05,0
0.0013129829,0
2.026493e-05,0
2.1974765e-05,0
0.00023238924,0
0.00027605426,0
0.005280026,0
0.0015106851,0
1.2907697e-05,0
3.351937e-05,0
1.9930429e-05,0
2.7322869e-05,0
2.6268961e-05,0
2.173907e-05,0
0.00021686782,0
4.9888542e-05,0
2.1810647e-05,0
2.5106458e-05,0
1.9319494e-05,0
0.0008581861,0
1.7799173e-05,0
8.7855864e-05,0
7.508625e-05,0
1.7239914e-05,0
5.4069584e-05,0
3.33395e-05,0
4.831097e-05,0
3.7066904e-05,0
2.4785033e-05,0
0.00018186518,0
2.1223741e-05,0
0.0005980505,0
0.00044180994,0
1.29216305e-05,0
2.4889667e-05,0
0.0057645314,0
2.4394436e-05,0
1.1859613e-05,0
8.567002e-05,0
5.2262745e-05,0
3.9178874e-05,0
0.00012814214,0
1.2431054e-05,0
3.117566e-05,0
0.0018918001,0
3.9040613e-05,0
1.0795089e-05,0
0.00024229482,0
0.00012536839,0
0.00015279451,0
3.5366247e-05,0
2.1837737e-05,0
3.0181694e-05,0
2.3617942e-05,0
0.012959304,0
2.339634e-05,0
5.5505156e-05,0
4.1238094e-05,0
3.3757395e-05,0
1.5028961e-05,0
0.00024779735,0
4.4788816e-05,0
0.000120881436,0
3.2330718e-05,0
3.8502756e-05,0
2.3383453e-05,0
0.00018679273,0
5.357898e-05,0
2.2228547e-05,0
2.132832e-05,0
0.0003978006,0
2.653348e-05,0
6.600843e-05,0
4.927962e-05,0
1.7167325e-05,0
0.0002943659,0
5.9145248e-05,0
2.0877678e-05,0
0.00021532839,0
2.1799982e-05,0
2.007032e-05,0
4.842185e-05,0
0.00012237714,0
2.5878177e-05,0
0.00022876317,0
5.4806907e-05,0
0.007894192,0
4.445223e-05,0
0.008140027,0
8.271468e-05,0
9.82654e-05,0
0.00010652742,0
1.9313029e-05,0
0.003683639,0
2.4547147e-05,0
0.0001187586,0
0.00018551199,0
2.9538072e-05,0
5.5450342e-05,0
0.00056862476,0
0.00019360101,0
0.009712101,0
3.6962592e-05,0
1.2419404e-05,0
2.0598953e-05,0
0.0005094736,0
2.8477809e-05,0
6.0424776e-05,0
2.0084739e-05,0
4.6485256e-05,0
1.4959305e-05,0
1.925979e-05,0
3.2977074e-05,0
0.0029965534,0
2.6320819e-05,0
0.0015313049,0
1.3761323e-05,0
1.9196845e-05,0
5.0816503e-05,0
3.214456e-05,0
1.5705533e-05,0
2.4374951e-05,0
1.5406576e-05,0
2.307404e-05,0
0.00010229622,0
0.00015979179,0
8.667448e-05,0
1.5582775e-05,0
7.8442805e-05,0
2.8050381e-05,0
2.0493271e-05,0
0.00021428424,0
6.7526606e-05,0
3.6330675e-05,0
0.0002726811,0
0.00019955126,0
4.7648267e-05,0
1.47917945e-05,0
0.00046661633,0
2.2204571e-05,0
0.00017980741,0
0.00043528285,0
1.6074328e-05,0
0.0009612701,0
2.255216e-05,0
0.0006173008,0
1.6912556e-05,0
1.2182213e-05,0
4.239331e-05,0
1.4697564e-05,0
0.0019916724,0
2.5167954e-05,0
1.5970629e-05,0
0.00032255388,0
0.00016453875,0
3.1597167e-05,0
2.4334058e-05,0
5.8494617e-05,0
2.3373654e-05,0
6.946468e-05,0
1.5398751e-05,0
0.00025619808,0
0.0075904285,0
2.2107033e-05,0
0.0001555173,0
6.043502e-05,0
9.7203054e-05,0
8.890405e-05,0
2.5606914e-05,0
0.00027921807,0
0.007873194,0
0.00016795748,0
2.1840808e-05,0
2.6031676e-05,0
5.922301e-05,0
1.9194375e-05,0
1.7336763e-05,0
1.3521759e-05,0
2.6922202e-05,0
2.6969194e-05,0
5.167617e-05,0
5.3742817e-05,0
4.9051643e-05,0
3.3366374e-05,0
2.0702755e-05,0
0.00020840165,0
9.472474e-06,0
2.5085545e-05,0
2.4438676e-05,0
0.015904153,0
0.00024102445,0
2.6328144e-05,0
5.0572078e-05,0
6.243615e-05,0
0.0018629668,0
3.694606e-05,0
0.00019761758,0
9.837784e-05,0
5.1711373e-05,0
5.4588487e-05,0
0.00028508503,0
0.00015079742,0
0.0044042263,0
0.00013055048,0
1.9712115e-05,0
0.0003385168,0
1.22267975e-05,0
1.6092976e-05,0
2.0299918e-05,0
0.00016215329,0
0.00025249104,0
4.1397965e-05,0
0.00016808163,0
3.0782332e-05,0
4.5789948e-05,0
1.4805415e-05,0
2.081295e-05,0
6.409443e-05,0
2.388341e-05,0
4.6066532e-05,0
3.1693613e-05,0
9.000098e-05,0
0.00016675287,0
0.0001430706,0
0.00019515675,0
0.00013348894,0
6.5162596e-05,0
2.4341782e-05,0
5.936916e-05,0
0.00011784426,0
0.012196038,0
1.1080424e-05,0
0.011552931,0
1.9885338e-05,0
0.0016641339,0
2.4485678e-05,0
1.8845138e-05,0
3.6889338e-05,0
0.00014908458,0
9.940839e-05,0
2.6026124e-05,0
2.8715605e-05,0
0.0006180367,0
0.002349183,0
5.210623e-05,0
9.228103e-05,0
4.339858e-05,0
0.0005483714,0
4.9800405e-05,0
2.5908239e-05,0
1.7119983e-05,0
1.971547e-05,0
5.657381e-05,0
1.978452e-05,0
7.785369e-05,0
0.000548128,0
2.2000504e-05,0
5.8950685e-05,0
0.00014201856,0
4.6910012e-05,0
1.9742442e-05,0
0.00010690815,0
2.6958756e-05,0
0.00010608382,0
0.00061542203,0
0.00014885167,0
3.4813384e-05,0
0.00012707888,0
8.9182446e-05,0
0.010760049,0
0.00020679484,0
2.7799646e-05,0
0.00040578702,0
2.108946e-05,0
3.2011503e-05,0
2.8925395e-05,0
4.3824737e-05,0
2.8526438e-05,0
0.00039299598,0
4.539757e-05,0
1.4039695e-05,0
1.796256e-05,0
0.00018262817,0
6.432436e-05,0
5.747835e-05,0
2.44131e-05,0
3.9813e-05,0
0.00012256882,0
2.1453938e-05,0
2.2657174e-05,0
9.748238e-05,0
4.5588873e-05,0
1.7656026e-05,0
7.370005e-05,0
2.7569631e-05,0
7.678391e-05,0
0.0011661384,0
2.1611226e-05,0
1.9563231e-05,0
5.4069154e-05,0
4.4642293e-05,0
1.2966453e-05,0
2.8823288e-05,0
0.0028910202,0
8.479793e-05,0
2.2783634e-05,0
7.2008595e-05,0
2.4632192e-05,0
4.852481e-05,0
2.4935849e-05,0
2.1093363e-05,0
2.2146382e-05,0
0.00017565444,0
1.921181e-05,0
0.009734431,0
1.2653211e-05,0
3.088654e-05,0
0.015983585,0
1.8074888e-05,0
0.0001665767,0
0.00010120988,0
2.727752e-05,0
2.6178486e-05,0
0.00011734011,0
0.008147703,0
0.00013946115,0
0.004469289,0
3.8518418e-05,0
2.435838e-05,0
1.5382346e-05,0
9.617293e-05,0
1.5166219e-05,0
1.2834281e-05,0
0.0042988257,0
0.00012944662,0
0.00018435818,0
3.4852164e-05,0
2.193711e-05,0
0.00038702902,0
1.5135884e-05,0
0.00012800752,0
3.2420798e-05,0
7.7512814e-05,0
0.00010107586,0
0.00021175024,0
0.00015080608,0
1.1350551e-05,0
1.944101e-05,0
0.00014384835,0
6.576984e-05,0
0.00017471284,0
4.8181686e-05,0
1.6724654e-05,0
2.7150718e-05,0
2.7128166e-05,0
1.922448e-05,0
8.404069e-05,0
2.2001883e-05,0
5.6674824e-05,0
4.0688574e-05,0
0.0009471707,0
0.00042455207,0
0.005411167,0
9.873237e-05,0
5.1563315e-05,0
1.9720894e-05,0
4.765998e-05,0
6.8243855e-05,0
8.106871e-05,0
0.003245571,0
1.9350267e-05,0
1.0653356e-05,0
0.000433474,0
1.6034031e-05,0
2.7107066e-05,0
2.7845823e-05,0
1.2437115e-05,0
5.0993516e-05,0
3.9128005e-05,0
7.837325e-05,0
1.4513713e-05,0
4.5806242e-05,0
0.00022293875,0
4.8383667e-05,0
9.983045e-05,0
2.630075e-05,0
9.59299e-05,0
0.00019667947,0
0.0001827278,0
8.967471e-05,0
0.00010543353,0
0.009541275,0
2.5201807e-05,0
2.0111122e-05,0
8.7123524e-05,0
2.0550951e-05,0
0.00013506114,0
0.015119661,0
8.297448e-05,0
2.8590895e-05,0
0.0001460552,0
1.8550387e-05,0
2.0090778e-05,0
0.00010774368,0
0.0014177986,0
0.00014423298,0
0.0034553942,0
5.0379782e-05,0
3.8168633e-05,0
0.00014871707,0
1.9584691e-05,0
1.548836e-05,0
5.8475227e-05,0
1.4792322e-05,0
4.1330924e-05,0
2.5725703e-05,0
2.8972876e-05,0
2.1474018e-05,0
2.435581e-05,0
6.73062e-05,0
1.2990677e-05,0
8.867202e-05,0
2.5508967e-05,0
4.914445e-05,0
6.519444e-05,0
0.000647018,0
9.832495e-05,0
1.7443352e-05,0
0.0001467221,0
1.9975927e-05,0
0.00027582864,0
0.023170132,0
7.959638e-05,0
1.1419193e-05,0
0.000109012755,0
9.600025e-05,0
0.010008759,0
0.0013527082,0
0.005025912,0
2.4959485e-05,0
1.9353147e-05,0
4.817946e-05,0
3.390389e-05,0
0.00018695809,0
6.926253e-05,0
9.98409e-05,0
1.8672734e-05,0
6.736726e-05,0
0.0003322905,0
3.7455855e-05,0
2.0085927e-05,0
5.1661824e-05,0
2.4919347e-05,0
3.0010067e-05,0
2.019677e-05,0
1.966669e-05,0
2.1907565e-05,0
0.0010180819,0
9.563514e-05,0
7.657837e-05,0
5.583361e-05,0
3.7896763e-05,0
1.8593106e-05,0
1.5284426e-05,0
8.4462416e-05,0
2.1452812e-05,0
2.5818312e-05,0
2.1829042e-05,0
1.8547404e-05,0
0.008314151,0
0.00036493753,0
9.610688e-05,0
0.00014546268,0
4.9608756e-05,0
0.00043830546,0
1.5691216e-05,0
9.9782565e-06,0
0.001052057,0
0.0053202384,0
3.949749e-05,0
2.5110949e-05,0
1.9446294e-05,0
2.4294466e-05,0
0.00056577317,0
0.0014166002,0
2.405131e-05,0
1.927213e-05,0
1.5060272e-05,0
4.3278407e-05,0
7.924991e-05,0
0.0007874112,0
0.0016709192,0
3.5849174e-05,0
0.00084919675,0
1.487465e-05,0
3.1432868e-05,0
0.00010988398,0
2.6063062e-05,0
0.00021983143,0
0.00016447778,0
4.8827544e-05,0
0.00023304267,0
3.0241656e-05,0
1.5677386e-05,0
2.5755757e-05,0
2.4764735e-05,0
2.2650036e-05,0
0.00017865819,0
2.2367647e-05,0
1.648805e-05,0
0.0008521648,0
2.2640264e-05,0
1.7510734e-05,0
6.120112e-05,0
8.968041e-05,0
3.0023077e-05,0
8.3135994e-05,0
0.00033170357,0
0.0004713048,0
5.578517e-05,0
2.1095595e-05,0
2.1001926e-05,0
2.1114189e-05,0
2.2024597e-05,0
2.2569106e-05,0
1.2384807e-05,0
1.5294154e-05,0
2.4790412e-05,0
5.128787e-05,0
5.5569843e-05,0
0.0010431199,0
1.5234268e-05,0
1.7553311e-05,0
0.020522395,0
5.6588942e-05,0
1.2433288e-05,0
2.0175905e-05,0
4.8224894e-05,0
1.9737927e-05,0
2.7818807e-05,0
1.8607141e-05,0
0.0002098253,0
3.1984495e-05,0
1.2189409e-05,0
4.8383154e-05,0
0.00021439312,0
0.00060457434,0
1.8883917e-05,0
2.6914593e-05,0
1.5679652e-05,0
0.0010690228,0
5.0288763e-05,0
3.0979412e-05,0
5.6530833e-05,0
2.403281e-05,0
3.1453957e-05,0
2.6972804e-05,0
0.0001062618,0
0.00012012294,0
0.009498892,0
0.00085118896,0
6.8874586e-05,0
2.6650361e-05,0
0.01005144,0
5.305301e-05,0
0.000116384675,0
2.8708744e-05,0
0.00017951589,0
0.000106994885,0
2.0564323e-05,0
3.5828503e-05,0
9.820327e-05,0
1.1417032e-05,0
4.7342503e-05,0
9.6728254e-05,0
3.4646775e-05,0
2.7557096e-05,0
0.02045763,0
0.00018614723,0
0.00027118655,0
2.2140055e-05,0
0.00027230164,0
4.953953e-05,0
9.929255e-05,0
0.0013777167,0
9.815503e-05,0
9.836688e-05,0
0.00013232818,0
1.7445282e-05,0
0.0067342203,0
5.1792893e-05,0
0.00015666737,0
0.00028972657,0
0.014417852,0
0.00022852124,0
1.5103471e-05,0
0.00033609473,0
0.000495346,0
0.001921034,0
1.9607005e-05,0
1.5105436e-05,0
4.901093e-05,0
0.00028470496,0
3.405875e-05,0
9.57892e-05,0
0.0002597895,0
2.0258592e-05,0
8.815772e-05,0
3.795471e-05,0
5.8543712e-05,0
1.1397259e-05,0
1.2056693e-05,0
1.3193686e-05,0
7.0490176e-05,0
7.655456e-05,0
0.0003252111,0
9.1554044e-05,0
9.233726e-05,0
2.4948584e-05,0
3.1449894e-05,0
9.038946e-05,0
1.9562318e-05,0
0.013119414,0
0.0019492493,0
0.00013587828,0
3.2444874e-05,0
2.763077e-05,0
0.00065760774,0
0.0012847651,0
0.00065992435,0
0.0024563228,0
0.00036461436,0
1.920851e-05,0
0.007260332,0
2.520521e-05,0
0.00021081585,0
0.0020748924,0
5.822339e-05,0
3.268175e-05,0
2.0134814e-05,0
1.4065042e-05,0
0.0002522677,0
8.7404565e-05,0
3.5031077e-05,0
8.481155e-05,0
1.7765851e-05,0
0.00028180738,0
0.00017703067,0
0.004906964,0
0.00012553406,0
2.3526527e-05,0
9.8525765e-05,0
0.00014964842,0
1.9281217e-05,0
0.00289144,0
0.0015808453,0
4.8819453e-05,0
0.0006786166,0
0.00044210782,0
2.5373844e-05,0
2.3305369e-05,0
8.6518055e-05,0
2.3023194e-05,0
2.8983693e-05,0
1.5483307e-05,0
0.0005141996,0
0.00022139557,0
2.6827742e-05,0
0.0027939226,0
1.0679688e-05,0
0.00045438198,0
0.00015330722,0
0.00058073853,0
2.1533662e-05,0
8.864954e-05,0
0.010417083,0
1.4627337e-05,0
3.6823425e-05,0
7.661695e-05,0
1.7730714e-05,0
0.015422851,0
3.1910473e-05,0
6.237073e-05,0
2.7145894e-05,0
4.5010307e-05,0
5.085876e-05,0
5.6763583e-05,0
4.8200774e-05,0
0.011867607,0
0.00022509172,0
4.2802967e-05,0
3.4164103e-05,0
4.9300965e-05,0
1.4145287e-05,0
0.0013041181,0
1.9201343e-05,0
2.2357774e-05,0
5.12299e-05,0
0.0003417034,0
2.837579e-05,0
3.525827e-05,0
1.9604906e-05,0
0.00014259604,0
0.00040972896,0
0.0061392155,0
0.0002736977,0
0.0003231223,0
1.7881433e-05,0
3.448565e-05,0
1.1340476e-05,0
3.8421706e-05,0
2.1089938e-05,0
1.9256478e-05,0
0.0047791726,0
3.5443874e-05,0
0.000101313584,0
0.013393433,0
2.7885146e-05,0
2.0303714e-05,0
2.7874856e-05,0
2.7341257e-05,0
2.5198817e-05,0
1.3910622e-05,0
2.2024406e-05,0
0.00010398149,0
0.000113612165,0
0.00010556275,0
5.1025665e-05,0
2.376526e-05,0
2.8320277e-05,0
0.0017996349,0
6.883299e-05,0
0.00015067498,0
1.683593e-05,0
0.0002104505,0
2.048278e-05,0
2.1785036e-05,0
5.179135e-05,0
1.19338665e-05,0
0.00012313158,0
2.2526128e-05,0
0.00012042003,0
0.00019928791,0
1.8269655e-05,0
3.3724624e-05,0
0.0016908038,0
4.1384486e-05,0
2.6907155e-05,0
6.27067e-05,0
1.4905848e-05,0
7.823868e-05,0
2.986169e-05,0
9.742664e-05,0
1.7898088e-05,0
3.5748744e-05,0
3.4749242e-05,0
6.2951585e-05,0
3.159679e-05,0
5.917259e-05,0
1.9042729e-05,0
0.00019578001,0
1.9980404e-05,0
2.6666423e-05,0
1.9840696e-05,0
3.272671e-05,0
0.0019262818,0
2.2205904e-05,0
9.8364035e-05,0
0.00028125505,0
5.804295e-05,0
9.896176e-05,0
6.4133645e-05,0
9.5722826e-05,0
1.9753521e-05,0
0.00022462971,0
2.113715e-05,0
0.002491843,0
4.1059957e-05,0
6.8776964e-05,0
2.2741064e-05,0
3.2280775e-05,0
3.7474383e-05,0
2.5769868e-05,0
9.755999e-05,0
0.0005499436,0
7.963365e-05,0
2.2125194e-05,0
0.0048000757,0
9.344264e-05,0
0.0002463274,0
6.3409905e-05,0
5.569266e-05,0
3.193203e-05,0
1.3234141e-05,0
1.8942343e-05,0
2.565723e-05,0
2.518285e-05,0
3.7051082e-05,0
7.8683806e-05,0
2.090012e-05,0
0.009767334,0
1.6854712e-05,0
6.674888e-05,0
8.690975e-05,0
4.464622e-05,0
0.000111515044,0
2.5593348e-05,0
7.5516225e-05,0
2.6622536e-05,0
1.945984e-05,0
8.87313e-05,0
0.0003849626,0
9.8047094e-05,0
1.6789034e-05,0
2.2295297e-05,0
2.8615339e-05,0
2.2400307e-05,0
0.00019242668,0
8.682692e-05,0
2.78715e-05,0
5.1035287e-05,0
1.0612675e-05,0
0.00015798342,0
5.1255905e-05,0
0.00079356926,0
0.0014456704,0
0.00033543064,0
4.9580194e-05,0
0.00087234046,0
2.1447051e-05,0
0.00030386695,0
8.23238e-05,0
3.296542e-05,0
1.9379559e-05,0
0.003623133,0
4.787393e-05,0
0.00013066723,0
2.233293e-05,0
0.0001187998,0
0.00020727898,0
0.00017911852,0
0.00023794542,0
2.536803e-05,0
2.9277038e-05,0
2.4057399e-05,0
2.007321e-05,0
8.856579e-05,0
3.3713637e-05,0
0.012706405,0
0.00014902775,0
0.00011945892,0
0.0004270622,0
1.6248665e-05,0
0.010128597,0
3.1066767e-05,0
0.00030514336,0
0.0015067297,0
0.00095732376,0
2.2975097e-05,0
0.00024614605,0
1.7754053e-05,0
3.1482203e-05,0
0.0010924088,0
3.230672e-05,0
0.00019372768,0
4.8189326e-05,0
0.00026906445,0
3.0044586e-05,0
0.0007071783,0
2.7466378e-05,0
0.0026431337,0
0.00073656277,0
0.00032529677,0
0.00013579296,0
0.00011496558,0
5.1377534e-05,0
2.2061859e-05,0
0.00021404696,0
2.221143e-05,0
9.724551e-06,0
0.011543618,0
7.826918e-05,0
2.7149257e-05,0
1.7897053e-05,0
0.0022916226,0
9.604757e-05,0
0.00030315216,0
0.0003215351,0
1.3926662e-05,0
0.013323041,0
2.548495e-05,0
0.0010860162,0
2.1448377e-05,0
4.7468722e-05,0
2.7807275e-05,0
0.00016789867,0
9.9380624e-05,0
0.005249651,0
0.00019930207,0
0.00016827551,0
1.499123e-05,0
0.0037954596,0
7.932799e-05,0
0.0016528412,0
1.6368784e-05,0
3.647647e-05,0
1.7388757e-05,0
2.1838225e-05,0
6.048994e-05,0
2.5898296e-05,0
4.5454748e-05,0
8.944628e-05,0
2.2220815e-05,0
3.404162e-05,0
3.8637594e-05,0
0.0001897034,0
1.1077393e-05,0
7.0081325e-05,0
0.0015381216,0
4.0730753e-05,0
0.00018204185,0
3.176866e-05,0
1.9271438e-05,0
1.7235201e-05,0
3.3153392e-05,0
3.704058e-05,0
3.2013322e-05,0
2.1479882e-05,0
1.7469285e-05,0
2.1119631e-05,0
0.0008503957,0
5.157796e-05,0
2.030705e-05,0
6.437799e-05,0
0.000117879834,0
1.9703395e-05,0
4.905181e-05,0
0.00017914058,0
1.4279825e-05,0
6.985915e-05,0
1.9560639e-05,0
0.00014348912,0
9.6859716e-05,0
1.6354075e-05,0
2.0314388e-05,0
2.1913147e-05,0
3.7011574e-05,0
1.28084275e-05,0
0.000440819,0
8.822877e-05,0
9.7609285e-05,0
0.00014442281,0
0.00010496537,0
0.0008293973,0
0.0014740827,0
1.810093e-05,0
1.3315443e-05,0
2.4320858e-05,0
4.0254028e-05,0
1.9119205e-05,0
1.9126603e-05,0
6.857177e-05,0
9.584103e-05,0
0.00014382211,0
0.00020065077,0
0.0073297853,0
4.5224344e-05,0
0.000331648,0
5.7155543e-05,0
3.287755e-05,0
0.00011312398,0
1.7272154e-05,0
5.293592e-05,0
4.905462e-05,0
1.947256e-05,0
1.1148529e-05,0
4.9239567e-05,0
1.6306585e-05,0
0.040755227,0
6.1652114e-05,0
5.3714575e-05,0
2.64503e-05,0
0.00040262108,0
2.5018067e-05,0
3.808338e-05,0
2.9724279e-05,0
2.2236349e-05,0
8.372691e-05,0
1.4744416e-05,0
3.5677185e-05,0
0.00010237196,0
1.861674e-05,0
4.0719096e-05,0
2.7133281e-05,0
2.4753224e-05,0
2.1470223e-05,0
5.0350965e-05,0
0.00065174804,0
2.753385e-05,0
1.9205738e-05,0
0.00022215341,0
9.6539145e-05,0
2.5882104e-05,0
0.00016547862,0
4.855312e-05,0
0.0067588794,0
0.00016858676,0
2.7682718e-05,0
0.0017672611,0
0.00022358415,0
0.0015322497,0
0.0038884995,0
0.0002374718,0
2.3275472e-05,0
1.9444778e-05,0
9.680535e-05,0
1.4269439e-05,0
0.000109125715,0
2.3336064e-05,0
2.1705213e-05,0
0.010508318,0
9.8264994e-05,0
1.920221e-05,0
0.000109878696,0
3.5984416e-05,0
1.379431e-05,0
7.569921e-05,0
0.0001013308,0
0.00024350875,0
2.372996e-05,0
0.011509012,0
6.0584964e-05,0
1.12082325e-05,0
2.030706e-05,0
2.6216316e-05,0
1.9270312e-05,0
2.3980865e-05,0
1.51830345e-05,0
2.2373033e-05,0
2.410337e-05,0
1.2605138e-05,0
2.3262908e-05,0
2.6856147e-05,0
2.7385238e-05,0
0.010126641,0
1.715085e-05,0
3.1331572e-05,0
0.0003316986,0
1.095095e-05,0
9.956249e-05,0
9.612302e-06,0
2.660927e-05,0
5.7664674e-05,0
7.988188e-05,0
3.640802e-05,0
0.00014649935,0
3.4095392e-05,0
0.0032489856,0
4.9422655e-05,0
1.3364139e-05,0
0.00010057407,0
1.998194e-05,0
9.9118355e-05,0
4.2274336e-05,0
1.2486438e-05,0
8.373499e-05,0
1.0771252e-05,0
5.0527313e-05,0
0.015498347,0
0.00010710559,0
0.0006424123,0
0.00015163883,0
0.00043076547,0
4.9367252e-05,0
0.00018973244,0
0.00046078925,0
4.6895675e-05,0
1.704529e-05,0
5.5752913e-05,0
0.0007047162,0
9.8984725e-05,0
1.3550218e-05,0
1.1484597e-05,0
2.4645979e-05,0
4.1259125e-05,0
3.0889707e-05,0
2.7361299e-05,0
3.8280054e-05,0
0.001208871,0
4.262892e-05,0
0.01741287,0
1.6933265e-05,0
1.99019e-05,0
1.31588895e-05,0
2.08361e-05,0
5.99034e-05,0
1.2428018e-05,0
1.405632e-05,0
2.215367e-05,0
1.9200124e-05,0
9.780204e-05,0
1.9257606e-05,0
1.937453e-05,0
0.0001504282,0
7.328769e-05,0
1.6603824e-05,0
5.2646836e-05,0
2.8296328e-05,0
4.795483e-05,0
4.7580837e-05,0
5.4558328e-05,0
0.00030946193,0
0.0050559244,0
0.00021785384,0
1.9990013e-05,0
0.00047534544,0
0.00028312014,0
2.640721e-05,0
0.003870168,0
5.124701e-05,0
3.5865174e-05,0
5.079212e-05,0
4.380552e-05,0
7.852954e-05,0
3.5142588e-05,0
2.0546557e-05,0
5.399748e-05,0
5.6090685e-05,0
1.6418642e-05,0
2.7791304e-05,0
2.9195644e-05,0
9.786552e-05,0
0.00027867628,0
5.3939355e-05,0
0.0006657762,0
1.0981688e-05,0
3.565439e-05,0
3.423116e-05,0
4.83611e-05,0
0.00067498995,0
1.804984e-05,0
1.9446106e-05,0
2.0253492e-05,0
2.0053702e-05,0
2.030027e-05,0
0.00010710151,0
4.9858143e-05,0
0.0009262819,0
5.612355e-05,0
2.4069643e-05,0
4.9860377e-05,0
6.65064e-05,0
3.4648736e-05,0
2.0326439e-05,0
2.2873119e-05,0
2.0738991e-05,0
1.1808101e-05,0
2.1123415e-05,0
0.00015750247,0
9.63605e-05,0
0.00014884298,0
2.890677e-05,0
1.944729e-05,0
6.914787e-05,0
0.0004624815,0
0.00042423964,0
2.9159537e-05,0
0.00018106762,0
4.3193657e-05,0
0.0007874073,0
0.020069422,0
0.0038154419,0
0.00026038382,0
0.0005283393,0
2.2666523e-05,0
2.2809638e-05,0
0.00042619204,0
0.00018173447,0
4.3940167e-05,0
0.0005010015,0
2.0077814e-05,0
0.00017859181,0
0.0004257334,0
2.7764843e-05,0
0.00020568506,0
1.8703002e-05,0
1.9239265e-05,0
4.9338676e-05,0
0.00049537263,0
5.8222337e-05,0
3.6927482e-05,0
0.00012690977,0
5.622317e-05,0
9.445984e-05,0
7.729064e-05,0
0.0001197883,0
0.0004276911,0
1.970131e-05,0
1.3338342e-05,0
3.1131258e-05,0
3.0507561e-05,0
0.00011306972,0
0.00011940622,0
4.984653e-05,0
9.885769e-05,0
2.0057934e-05,0
0.00033860467,0
1.7985836e-05,0
2.0311028e-05,0
9.0113754e-05,0
5.578352e-05,0
5.7743586e-05,0
2.6149872e-05,0
2.9458017e-05,0
0.008304174,0
0.000108630054,0
1.42017425e-05,0
2.9154957e-05,0
4.256328e-05,0
5.5104018e-05,0
7.534869e-05,0
1.9567047e-05,0
3.3137156e-05,0
2.301518e-05,0
0.0045035514,0
2.6943026e-05,0
0.0012298648,0
0.00017992474,0
2.3959952e-05,0
8.647476e-05,0
0.00010557078,0
0.010855519,0
2.677162e-05,0
9.479505e-06,0
6.333438e-05,0
1.33962585e-05,0
0.006711921,0
4.8181857e-05,0
2.6334912e-05,0
2.1103258e-05,0
5.759359e-05,0
2.1133812e-05,0
3.5018766e-05,0
0.00014532007,0
4.5921995e-05,0
0.00017388414,0
0.00010259798,0
0.012847723,0
2.8499675e-05,0
0.00022096833,0
0.0032478787,0
0.00043422153,0
0.00043751358,0
3.5761368e-05,0
2.418854e-05,0
1.5504396e-05,0
0.000609007,0
1.4230052e-05,0
5.7808094e-05,0
1.9721481e-05,0
0.006721557,0
1.9441382e-05,0
1.9203759e-05,0
0.00018032888,0
2.5631007e-05,0
0.00010933883,0
2.1513046e-05,0
0.00015510611,0
6.6170745e-05,0
2.913115e-05,0
2.5482721e-05,0
2.0616304e-05,0
4.3546395e-05,0
2.7536902e-05,0
2.6209751e-05,0
2.8861574e-05,0
4.044547e-05,0
1.4342226e-05,0
5.073271e-05,0
1.3638589e-05,0
0.0010789026,0
6.17253e-05,0
0.00077229383,0
2.4330651e-05,0
2.1465105e-05,0
0.00023355761,0
0.00019528097,0
5.9422975e-05,0
9.216959e-05,0
4.2078078e-05,0
8.1933846e-05,0
1.4121532e-05,0
2.1463178e-05,0
0.00010088389,0
4.5705096e-05,0
9.799136e-05,0
8.9439935e-05,0
1.7521557e-05,0
1.4439844e-05,0
0.0017269882,0
3.9357576e-05,0
3.3091197e-05,0
9.1267706e-05,0
3.0724645e-05,0
0.00024300876,0
0.00052549876,0
0.00022051363,0
6.272127e-05,0
0.00027424778,0
1.602942e-05,0
2.09842e-05,0
2.5180436e-05,0
2.0815043e-05,0
2.0299263e-05,0
2.2202046e-05,0
2.067227e-05,0
0.00017786004,0
0.0001526731,0
0.0023843325,0
0.00014605343,0
9.135266e-06,0
6.434022e-05,0
3.637564e-05,0
2.2202106e-05,0
0.00029384822,0
0.00037091403,0
0.0027122116,0
1.0776018e-05,0
0.00032357403,0
0.00020838536,0
0.00015163915,0
2.8912425e-05,0
0.000751901,0
0.0004285149,0
2.820037e-05,0
0.00017889657,0
1.973064e-05,0
3.5941786e-05,0
7.0352e-05,0
0.000109841996,0
0.004149842,0
0.00045922035,0
3.0195226e-05,0
2.0566242e-05,0
3.57005e-05,0
1.6364336e-05,0
1.7513796e-05,0
1.918839e-05,0
2.1930073e-05,0
4.5826462e-05,0
2.6671993e-05,0
2.7929405e-05,0
1.8067401e-05,0
4.1446776e-05,0
1.1610976e-05,0
2.7081996e-05,0
0.006887645,0
4.7103476e-05,0
0.00011372416,0
1.8053235e-05,0
1.1526868e-05,0
0.000110342495,0
0.0060358546,0
2.5738036e-05,0
6.474118e-05,0
2.5518417e-05,0
5.429257e-05,0
1.920111e-05,0
1.4977802e-05,0
1.5065112e-05,0
0.00010603091,0
5.835355e-05,0
8.3489365e-05,0
2.0812084e-05,0
6.184929e-05,0
8.858255e-05,0
0.00010582257,0
0.00014384883,0
0.002324307,0
2.0289412e-05,0
6.537722e-05,0
0.008277798,0
1.0661081e-05,0
1.595564e-05,0
0.00090385607,0
0.0008743347,0
4.901067e-05,0
0.0009121714,0
4.1585605e-05,0
8.109144e-05,0
1.2273783e-05,0
1.6407717e-05,0
2.8383252e-05,0
0.0017595632,0
7.76556e-05,0
2.0061485e-05,0
0.00024153938,0
7.7413126e-05,0
4.9052105e-05,0
2.2856057e-05,0
2.9671352e-05,0
4.9180097e-05,0
0.0002891788,0
4.952988e-05,0
6.6454144e-05,0
5.639509e-05,0
0.00010239813,0
1.5792506e-05,0
1.7861155e-05,0
8.159172e-05,0
7.217087e-05,0
9.921905e-05,0
2.7493623e-05,0
0.0005852403,0
2.255657e-05,0
2.081937e-05,0
0.0012223753,0
5.3278225e-05,0
8.638106e-05,0
0.00013874595,0
0.0010211208,0
1.5248097e-05,0
0.001757794,0
5.8666737e-05,0
0.0009797438,0
2.8011613e-05,0
3.5173303e-05,0
0.004995975,0
4.2106214e-05,0
1.7482233e-05,0
2.0143534e-05,0
5.9371796e-05,0
0.00011438119,0
3.7957812e-05,0
7.7899385e-05,0
2.5936568e-05,0
1.4198969e-05,0
4.9723094e-05,0
1.3877839e-05,0
2.0936111e-05,0
2.0810552e-05,0
2.1665956e-05,0
4.137648e-05,0
2.7645978e-05,0
2.7671183e-05,0
5.608873e-05,0
2.318565e-05,0
4.8818823e-05,0
0.000121171426,0
0.00012998957,0
0.00041171457,0
1.8904058e-05,0
0.0001231796,0
4.0095183e-05,0
2.0896672e-05,0
2.6493708e-05,0
2.5397378e-05,0
0.00013840325,0
4.8951075e-05,0
0.001012844,0
9.720252e-05,0
9.939308e-05,0
0.00029167338,0
5.8722893e-05,0
1.944177e-05,0
4.811208e-05,0
0.00010728045,0
4.2395477e-05,0
0.000101877195,0
2.1120286e-05,0
0.00026765856,0
7.6267e-05,0
0.011372743,0
0.0009421211,0
6.035867e-05,0
1.5448952e-05,0
0.0001727578,0
2.5439185e-05,0
0.0016665753,0
8.8815344e-05,0
0.00619817,0
0.0005060593,0
1.4396023e-05,0
2.415391e-05,0
3.9450533e-05,0
1.0905561e-05,0
2.0686399e-05,0
9.68532e-05,0
9.115518e-05,0
3.7787973e-05,0
5.143443e-05,0
0.00081937574,0
2.2080558e-05,0
0.0001561792,0
0.0026398522,0
0.00018284997,0
4.0044953e-05,0
4.7176807e-05,0
9.837828e-05,0
2.1512547e-05,0
0.012090524,0
9.8072735e-05,0
0.010671858,0
1.1927594e-05,0
2.7247705e-05,0
0.00032418978,0
0.00024526654,0
2.2224722e-05,0
0.0046412284,0
6.8055895e-05,0
2.1827893e-05,0
1.7063006e-05,0
1.7389364e-05,0
9.927103e-05,0
3.944903e-05,0
6.5442975e-05,0
3.4225362e-05,0
0.0023579586,0
0.0006051165,0
2.2166736e-05,0
2.0638465e-05,0
2.539544e-05,0
2.9409171e-05,0
5.139633e-05,0
3.8969352e-05,0
2.0576823e-05,0
0.00010138019,0
0.0008200923,0
0.000414143,0
3.2078275e-05,0
8.685478e-05,0
9.657676e-05,0
0.0013210744,0
2.8367616e-05,0
4.7339472e-05,0
1.6494834e-05,0
0.00022191189,0
2.4375842e-05,0
0.00011023938,0
0.000104832936,0
0.00011196892,0
0.00023911637,0
5.552409e-05,0
2.0795433e-05,0
8.4146304e-05,0
2.6319305e-05,0
0.0016349867,0
3.2348795e-05,0
9.4097835e-05,0
8.864959e-05,0
2.1506212e-05,0
2.1717071e-05,0
4.9858383e-05,0
0.00010352861,0
2.8655286e-05,0
0.0046429075,0
0.0077417414,0
0.00024280562,0
0.0006107445,0
0.00014608537,0
0.00018706403,0
0.00053330767,0
1.5715208e-05,0
1.2596997e-05,0
1.6600352e-05,0
3.109802e-05,0
1.7481761e-05,0
0.00054239726,0
1.2476237e-05,0
0.00017360925,0
5.8237078e-05,0
0.010941485,0
1.9576444e-05,0
0.00011484383,0
2.1532773e-05,0
0.00032279748,0
0.00019350293,0
4.8240243e-05,0
2.2210526e-05,0
2.4986055e-05,0
3.090414e-05,0
0.00021124752,0
2.7610633e-05,0
5.096118e-05,0
6.458313e-05,0
4.6874775e-05,0
2.3788678e-05,0
5.622578e-05,0
2.6436705e-05,0
0.00012510459,0
2.7104003e-05,0
9.898439e-05,0
0.015813988,0
0.0009146606,0
2.6739202e-05,0
2.0475713e-05,0
0.00022221864,0
0.00014362895,0
2.8995843e-05,0
1.7127379e-05,0
2.8708357e-05,0
0.0027013614,0
0.00010550367,0
0.0015653466,0
2.623155e-05,0
0.00026578933,0
7.1966526e-05,0
1.9981806e-05,0
2.0121466e-05,0
0.0008921003,0
2.0069003e-05,0
2.8958088e-05,0
4.6078796e-05,0
1.925658e-05,0
1.2268132e-05,0
2.9379238e-05,0
5.4561115e-05,0
3.7203634e-05,0
0.00010972001,0
4.4186767e-05,0
8.862866e-05,0
0.006805517,0
2.0068199e-05,0
1.6455106e-05,0
0.00399191,0
6.708193e-05,0
7.5816366e-05,0
2.5426052e-05,0
4.1042054e-05,0
0.00013047423,0
2.5033483e-05,0
1.785854e-05,0
5.239924e-05,0
2.081239e-05,0
2.009208e-05,0
8.5941574e-05,0
0.0012204909,0
5.7633748e-05,0
2.2202235e-05,0
0.00056331576,0
0.000534566,0
0.0005154592,0
2.0810436e-05,0
2.978235e-05,0
4.2394448e-05,0
2.6540707e-05,0
0.003635806,0
0.0007631849,0
6.073477e-05,0
5.5409702e-05,0
0.00022267448,0
3.9596554e-05,0
9.708837e-05,0
6.98438e-05,0
4.6012923e-05,0
0.0012758455,0
1.059265e-05,0
2.6706652e-05,0
0.0016213802,0
0.0056517594,0
0.000110344576,0
4.881726e-05,0
0.00011581816,0
1.9273413e-05,0
2.2293705e-05,0
1.872361e-05,0
4.370832e-05,0
0.00020560932,0
0.0028580413,0
8.917102e-05,0
3.653753e-05,0
2.1278296e-05,0
2.9819885e-05,0
5.7357618e-05,0
1.1776426e-05,0
2.1695727e-05,0
1.4545531e-05,0
1.9672962e-05,0
0.0011557481,0
7.239135e-05,0
4.8530237e-05,0
0.00036986996,0
4.215031e-05,0
4.8414026e-05,0
2.0823723e-05,0
0.00044082303,0
2.3980348e-05,0
1.5585008e-05,0
9.7647186e-05,0
2.5202922e-05,0
8.415609e-05,0
9.819344e-05,0
0.00019110786,0
4.2220327e-05,0
1.5386973e-05,0
3.2839966e-05,0
0.00034438184,0
0.008934996,0
9.2893584e-05,0
0.0053303675,0
9.873357e-05,0
5.940322e-05,0
4.396363e-05,0
5.976057e-05,0
3.5155877e-05,0
0.00011922733,0
5.2210264e-05,0
2.0289563e-05,0
1.9386332e-05,0
0.00028216015,0
0.00011412237,0
5.5671288e-05,0
3.3805194e-05,0
0.00022897277,0
0.00052609044,0
4.890775e-05,0
0.020512054,0
6.663269e-05,0
5.7290483e-05,0
0.00015672806,0
2.724219e-05,0
7.836863e-05,0
0.00035828553,0
0.00012614463,0
2.7935796e-05,0
5.9410264e-05,0
3.7501686e-05,0
0.00017226601,0
2.4469557e-05,0
0.0004298139,0
0.002514611,0
2.1464173e-05,0
2.9801533e-05,0
2.4967476e-05,0
0.00041384256,0
0.023019077,0
2.0838621e-05,0
2.3222703e-05,0
2.0109273e-05,0
0.0005918503,0
0.00028514487,0
0.00043540032,0
0.00061452057,0
0.00013940947,0
3.1395786e-05,0
0.0001559129,0
0.0059768925,0
1.34879665e-05,0
3.671777e-05,0
0.00013299966,0
3.3347573e-05,0
0.0015584368,0
2.1810798e-05,0
3.5234105e-05,0
9.071489e-05,0
2.0477779e-05,0
1.9420091e-05,0
9.860838e-05,0
4.8814785e-05,0
0.00072021026,0
2.7072549e-05,0
0.02188771,0
0.0009013993,0
2.5974674e-05,0
0.000110950874,0
7.3652605e-05,0
0.00025998114,0
0.0001951536,0
0.0006134979,0
0.004553198,0
5.658081e-05,0
4.3263804e-05,0
1.8496026e-05,0
1.9873725e-05,0
0.002034255,0
0.00036903535,0
3.3727658e-05,0
1.393064e-05,0
2.084171e-05,0
1.6817496e-05,0
0.0006973017,0
0.0001643906,0
2.2773394e-05,0
2.6625987e-05,0
6.2536164e-05,0
2.0067664e-05,0
4.6617577e-05,0
2.6198775e-05,0
0.00011981374,0
0.0002360341,0
5.7028188e-05,0
4.2360447e-05,0
1.7129754e-05,0
0.00010133501,0
1.4978201e-05,0
1.3227906e-05,0
3.494436e-05,0
0.007296548,0
5.2607655e-05,0
0.00011869312,0
0.00016960337,0
4.611392e-05,0
2.0819667e-05,0
3.3168355e-05,0
8.495836e-05,0
2.6437254e-05,0
1.50792175e-05,0
0.0008482197,0
0.00013296168,0
0.00044598078,0
0.00016305275,0
8.097395e-05,0
0.000118148135,0
9.7717464e-05,0
1.4537534e-05,0
3.151606e-05,0
2.4623403e-05,0
6.5600565e-05,0
0.00016016971,0
2.3515626e-05,0
4.6253233e-05,0
2.4641071e-05,0
5.646239e-05,0
0.00011019622,0
0.00017493127,0
2.7054479e-05,0
0.000105172614,0
2.7562077e-05,0
2.711815e-05,0
2.0082682e-05,0
2.0550238e-05,0
8.437301e-05,0
0.00014884603,0
1.09679595e-05,0
0.015705269,0
1.9243742e-05,0
2.8695657e-05,0
6.401756e-05,0
5.2065945e-05,0
2.405772e-05,0
0.00010173791,0
0.010655615,0
2.9833687e-05,0
6.109861e-05,0
0.011055943,0
0.00048320778,0
0.0001333997,0
0.00012982653,0
2.5312394e-05,0
0.00068711775,0
9.4104325e-05,0
1.3034809e-05,0
4.81891e-05,0
2.6524696e-05,0
2.6928077e-05,0
3.541009e-05,0
2.1819218e-05,0
2.0143918e-05,0
0.00015975152,0
0.008862846,0
0.00019785324,0
0.0015470503,0
1.3637831e-05,0
1.2688175e-05,0
1.876908e-05,0
9.191074e-05,0
3.414279e-05,0
0.017821603,0
8.034278e-05,0
1.9896794e-05,0
5.0090894e-05,0
1.7595143e-05,0
0.00014345025,0
0.000120344295,0
2.7362275e-05,0
2.3195873e-05,0
1.9603465e-05,0
0.0010670953,0
2.0815425e-05,0
1.2738596e-05,0
2.05593e-05,0
0.00019776085,0
0.0009706545,0
2.3425377e-05,0
0.0010020721,0
0.007298562,0
3.0619256e-05,0
3.2091844e-05,0
4.716513e-05,0
3.756662e-05,0
2.8840623e-05,0
2.5488112e-05,0
2.264035e-05,0
0.00076101726,0
5.3638083e-05,0
0.00067544257,0
2.6860063e-05,0
7.0131464e-05,0
0.00067577325,0
0.00013714122,0
4.5335535e-05,0
3.836925e-05,0
1.9195422e-05,0
2.18102e-05,0
6.911469e-05,0
0.00013863893,0
6.5268345e-05,0
2.5167974e-05,0
0.0003582778,0
2.9083994e-05,0
1.3847406e-05,0
0.00031696062,0
0.022471456,0
6.163296e-05,0
0.0005615424,0
2.434946e-05,0
0.00013898761,0
3.2044594e-05,0
2.4739024e-05,0
6.227398e-05,0
2.2770251e-05,0
2.3674533e-05,0
0.00013369268,0
2.9262159e-05,0
3.145182e-05,0
2.5057096e-05,0
2.646427e-05,0
1.885772e-05,0
4.8421745e-05,0
2.7568947e-05,0
4.816383e-05,0
1.0204053e-05,0
0.0005326714,0
2.57332e-05,0
0.0006763867,0
4.442613e-05,0
2.6219957e-05,0
4.673997e-05,0
6.6545435e-05,0
2.1498601e-05,0
2.0756075e-05,0
2.0842543e-05,0
2.0277637e-05,0
2.0745743e-05,0
7.706767e-05,0
2.6863001e-05,0
9.249415e-05,0
9.544964e-05,0
0.00036998652,0
2.0884278e-05,0
1.529653e-05,0
0.00021072448,0
0.00069183036,0
0.000100599704,0
9.770718e-05,0
0.00017746308,0
1.2817857e-05,0
2.4238294e-05,0
0.00010757174,0
1.8690593e-05,0
3.149081e-05,0
2.4411462e-05,0
2.7885542e-05,0
2.5704781e-05,0
9.545118e-06,0
9.9557314e-05,0
7.0376016e-05,0
3.1389103e-05,0
6.0706254e-05,0
2.3507795e-05,0
2.2351527e-05,0
0.014224384,0
0.015740518,0
0.0014325448,0
8.097744e-05,0
2.1830607e-05,0
0.000111832116,0
5.2272906e-05,0
4.2568932e-05,0
0.00028169027,0
1.7629402e-05,0
2.7360522e-05,0
3.2633117e-05,0
1.7049711e-05,0
2.798315e-05,0
1.9588995e-05,0
1.8603543e-05,0
2.7464117e-05,0
2.9220017e-05,0
4.5000692e-05,0
1.9908146e-05,0
3.0632393e-05,0
1.5899965e-05,0
0.0036723204,0
2.1456975e-05,0
1.9193212e-05,0
0.00034818499,0
0.0042378,0
0.00024946098,0
4.8902697e-05,0
5.6565248e-05,0
7.452452e-05,0
6.144334e-05,0
3.4596193e-05,0
9.553205e-05,0
8.3763276e-05,0
2.323663e-05,0
0.00011521766,0
0.00013542872,0
5.1645544e-05,0
6.174796e-05,0
2.1222631e-05,0
0.00036941838,0
2.8689388e-05,0
0.0001172534,0
2.814272e-05,0
0.0004400491,0
6.271107e-05,0
1.6037697e-05,0
2.4913279e-05,0
6.0153543e-05,0
0.0048079016,0
2.9975812e-05,0
9.420896e-05,0
1.794333e-05,0
0.003353916,0
5.0695307e-05,0
6.847538e-05,0
3.3828535e-05,0
2.6718595e-05,0
0.000236719,0
2.0565129e-05,0
2.4542962e-05,0
0.00023025226,0
4.4309927e-05,0
1.4454258e-05,0
2.1445712e-05,0
9.2661925e-05,0
0.00026145097,0
2.4951576e-05,0
3.564531e-05,0
7.6639124e-05,0
0.00015395854,0
1.5524241e-05,0
0.00011174411,0
4.8674694e-05,0
1.9069303e-05,0
0.006139571,0
0.00010673368,0
0.00031922117,0
2.494024e-05,0
4.316656e-05,0
7.381987e-05,0
0.00012031819,0
2.1188527e-05,0
0.0003616893,0
1.5547452e-05,0
0.0005827149,0
3.0829066e-05,0
0.0001573239,0
0.000119764416,0
6.238326e-05,0
4.5120225e-05,0
3.8553357e-05,0
5.8943442e-05,0
5.0555787e-05,0
0.00010256517,0
1.737688e-05,0
0.0124511225,0
0.00018048602,0
7.928275e-05,0
9.884075e-05,0
3.9609673e-05,0
1.9224624e-05,0
1.3068921e-05,0
2.2304115e-05,0
3.394722e-05,0
5.5131743e-05,0
4.690789e-05,0
4.8667287e-05,0
1.5520938e-05,0
1.1278918e-05,0
2.8848544e-05,0
1.9873247e-05,0
1.700341e-05,0
2.3543878e-05,0
3.1878644e-05,0
2.010217e-05,0
8.3017774e-05,0
2.4036666e-05,0
3.1082418e-05,0
6.0548376e-05,0
1.5448702e-05,0
1.9575598e-05,0
0.00038627264,0
4.8458245e-05,0
1.9561423e-05,0
6.416599e-05,0
5.588689e-05,0
0.00015561079,0
5.8134778e-05,0
2.4213874e-05,0
2.2017106e-05,0
0.00014221131,0
1.5975333e-05,0
3.883349e-05,0
0.00014384897,0
3.4173645e-05,0
0.0010452522,0
4.7328587e-05,0
0.00046801165,0
0.00061199046,0
1.0836934e-05,0
0.00020370117,0
5.0142415e-05,0
0.010774614,0
2.7615148e-05,0
2.6018295e-05,0
0.00022069708,0
0.0075921547,0
0.00077092217,0
0.00012627711,0
0.00015872996,0
3.6090638e-05,0
0.00011318546,0
0.0001476083,0
0.0010302657,0
2.018825e-05,0
4.571818e-05,0
2.4709154e-05,0
2.174095e-05,0
3.7663453e-05,0
1.2955317e-05,0
1.4731558e-05,0
3.2868713e-05,0
0.0001763274,0
5.1893017e-05,0
5.2040672e-05,0
2.1114636e-05,0
0.0019313138,0
1.9238463e-05,0
1.1086242e-05,0
2.8200371e-05,0
0.0039405497,0
0.00012930723,0
0.00043145617,0
2.5058132e-05,0
2.9768762e-05,0
0.025199547,0
3.8299888e-05,0
2.6232648e-05,0
4.65722e-05,0
2.1813821e-05,0
0.0023859781,0
2.954924e-05,0
0.00011899576,0
1.4631779e-05,0
3.4516193e-05,0
1.9565754e-05,0
2.5483807e-05,0
0.0019810058,0
0.00035108166,0
0.00011288001,0
2.2056744e-05,0
0.00014551432,0
0.003167766,0
5.6214438e-05,0
3.726941e-05,0
1.9052934e-05,0
5.0081544e-05,0
9.086119e-05,0
3.3973753e-05,0
2.1026863e-05,0
2.0725533e-05,0
1.9049063e-05,0
2.00093e-05,0
6.334075e-05,0
1.1759571e-05,0
0.0016041206,0
5.6318793e-05,0
0.00016807384,0
2.1415106e-05,0
0.000119448516,0
1.683675e-05,0
1.9720319e-05,0
2.0280377e-05,0
9.3827024e-05,0
0.00010531732,0
0.00018130726,0
2.2686843e-05,0
0.00018251559,0
0.00067118264,0
0.00024261545,0
8.211806e-05,0
1.40493e-05,0
3.8471833e-05,0
9.137571e-05,0
0.00067581225,0
3.145234e-05,0
2.3453511e-05,0
0.0008744504,0
0.00048287323,0
7.789429e-05,0
0.007743674,0
3.1806678e-05,0
9.951798e-05,0
2.7445281e-05,0
2.598617e-05,0
0.0007382879,0
3.1251107e-05,0
0.00013340454,0
4.156797e-05,0
2.0705913e-05,0
2.214734e-05,0
2.8595628e-05,0
2.2747885e-05,0
2.342485e-05,0
2.328034e-05,0
0.006251089,0
0.0007138397,0
0.00025509816,0
0.00014364284,0
1.8311823e-05,0
9.356678e-05,0
0.00010519575,0
1.4774885e-05,0
9.95178e-05,0
1.38880005e-05,0
0.0037127985,0
0.00044515546,0
0.00022031243,0
2.0950858e-05,0
1.9455765e-05,0
2.9919252e-05,0
1.861693e-05,0
2.8691815e-05,0
0.00014210584,0
9.8137076e-05,0
2.4109404e-05,0
4.9116545e-05,0
0.00028763653,0
1.9813424e-05,0
1.9727153e-05,0
0.00019090403,0
2.247155e-05,0
0.00010732198,0
0.005234628,0
1.9756066e-05,0
0.0068253013,0
2.469452e-05,0
0.0012084773,0
5.528479e-05,0
2.0741345e-05,0
0.009133407,0
0.00011684495,0
1.8830502e-05,0
9.236577e-05,0
3.2340366e-05,0
1.6590167e-05,0
0.00016965055,0
5.6779725e-05,0
3.052081e-05,0
5.834178e-05,0
5.174987e-05,0
2.2641543e-05,0
2.6981825e-05,0
4.8769198e-05,0
1.9888586e-05,0
0.00034193232,0
1.6494949e-05,0
0.020176528,0
5.043645e-05,0
6.0610375e-05,0
2.0530964e-05,0
1.54369e-05,0
2.1684435e-05,0
1.9253963e-05,0
7.250112e-05,0
4.4181637e-05,0
2.2204613e-05,0
4.140985e-05,0
0.0009860928,0
0.0028552338,0
0.00056344084,0
0.0029646577,0
0.005147846,0
0.0066564414,0
2.1898217e-05,0
2.1397458e-05,0
0.00016111281,0
9.720795e-05,0
2.5302306e-05,0
2.8310718e-05,0
0.00012517802,0
5.251728e-05,0
0.000113999035,0
1.10092415e-05,0
6.303689e-05,0
2.9631412e-05,0
9.61638e-05,0
0.00049132266,0
7.247555e-05,0
5.584261e-05,0
2.0090454e-05,0
0.00016318688,0
0.00030279972,0
8.3951214e-05,0
5.768834e-05,0
9.606128e-05,0
2.5423198e-05,0
0.00036753248,0
0.00050627574,0
3.631276e-05,0
0.0008761639,0
5.581973e-05,0
0.0001105237,0
0.00679795,0
2.9307812e-05,0
4.2526677e-05,0
0.00013228036,0
2.357338e-05,0
2.398877e-05,0
7.312038e-05,0
7.838147e-05,0
4.9047347e-05,0
1.9890726e-05,0
5.6750196e-05,0
0.00017077787,0
0.0003338941,0
4.266605e-05,0
0.0002622921,0
4.8568087e-05,0
7.37728e-05,0
1.4152762e-05,0
3.6958023e-05,0
0.00017935153,0
3.4860146e-05,0
5.622389e-05,0
3.099739e-05,0
3.6763122e-05,0
0.00040380989,0
3.492894e-05,0
1.9817015e-05,0
0.0012750494,0
2.454588e-05,0
0.0001490337,0
2.0809108e-05,0
1.2737477e-05,0
1.926868e-05,0
2.5533642e-05,0
0.0035405422,0
4.829915e-05,0
0.00010737388,0
0.00012915506,0
2.7172975e-05,0
1.3230893e-05,0
4.989016e-05,0
5.7469468e-05,0
9.8234865e-05,0
2.0087136e-05,0
4.0313764e-05,0
2.949443e-05,0
4.972574e-05,0
3.6018206e-05,0
0.00027933612,0
0.00030459484,0
2.3884882e-05,0
0.00030492432,0
7.74982e-05,0
2.7039016e-05,0
5.9141392e-05,0
5.078535e-05,0
1.9402767e-05,0
1.8073699e-05,0
2.0343748e-05,0
0.00016192807,0
3.0447862e-05,0
4.9918697e-05,0
0.005605945,0
1.9248255e-05,0
9.861232e-05,0
0.012873524,0
0.0032496476,0
0.00016847563,0
2.7434828e-05,0
0.0011950633,0
3.510614e-05,0
5.480164e-05,0
4.904653e-05,0
0.00014975597,0
0.0007740868,0
2.6820893e-05,0
2.5031886e-05,0
7.924056e-05,0
4.7242112e-05,0
2.1129044e-05,0
2.7973305e-05,0
0.000118701915,0
9.5544805e-05,0
3.031152e-05,0
7.909613e-05,0
2.4498473e-05,0
0.0017205486,0
2.4948971e-05,0
0.000106659376,0
0.00013736481,0
3.1300566e-05,0
0.00020740525,0
5.565704e-05,0
0.00012456535,0
1.3978922e-05,0
0.004429203,0
0.0015512432,0
0.0001697745,0
2.5258862e-05,0
2.3988228e-05,0
0.0018136987,0
6.56457e-05,0
1.2014766e-05,0
3.301631e-05,0
5.448143e-05,0
1.9306162e-05,0
0.00973144,0
1.7127995e-05,0
1.4273052e-05,0
0.00030694559,0
1.528603e-05,0
0.0017544113,0
2.1640706e-05,0
2.3802655e-05,0
6.575537e-05,0
2.2934366e-05,0
0.005510441,0
5.6614408e-05,0
6.108063e-05,0
9.091398e-05,0
5.7918813e-05,0
5.8793223e-05,0
1.9082352e-05,0
3.280203e-05,0
5.50532e-05,0
0.00026868936,0
1.9456409e-05,0
6.603566e-05,0
0.00023961026,0
0.00010273631,0
2.7524806e-05,0
2.5520101e-05,0
5.064911e-05,0
0.0008338834,0
5.6499644e-05,0
3.335314e-05,0
0.005082569,0
2.4753079e-05,0
1.9268258e-05,0
9.173592e-05,0
1.4009561e-05,0
0.00015079184,0
2.5067364e-05,0
0.00017462266,0
2.317244e-05,0
4.881366e-05,0
2.4788535e-05,0
9.769785e-05,0
4.8918006e-05,0
3.6697194e-05,0
0.00027614433,0
0.00014561355,0
2.997134e-05,0
0.004070908,0
0.0013858298,0
0.011884272,0
2.1504939e-05,0
2.8517046e-05,0
2.1100783e-05,0
1.939885e-05,0
4.156277e-05,0
4.906757e-05,0
2.2479708e-05,0
3.5511315e-05,0
1.7537634e-05,0
4.2071806e-05,0
0.00013355985,0
0.00014255411,0
0.00020356885,0
2.7697355e-05,0
1.7617553e-05,0
0.00017082655,0
1.8622279e-05,0
1.9518317e-05,0
0.00063182536,0
1.5788932e-05,0
0.0001781619,0
2.0830366e-05,0
0.00020088445,0
4.5913042e-05,0
0.00019631787,0
2.3619414e-05,0
0.00057521806,0
1.9135634e-05,0
0.00022028763,0
5.1031602e-05,0
1.9449439e-05,0
3.555827e-05,0
2.4870067e-05,0
0.00035422106,0
2.3570623e-05,0
4.3341468e-05,0
0.00019465345,0
0.0020199125,0
2.0535666e-05,0
0.00021666536,0
6.269614e-05,0
3.8421505e-05,0
3.9500082e-05,0
2.0810563e-05,0
0.00011680383,0
2.2781875e-05,0
0.0001845489,0
5.14615e-05,0
8.844322e-05,0
0.00058379024,0
7.921843e-05,0
0.00010902045,0
5.853977e-05,0
2.4496063e-05,0
0.011749364,0
2.5171632e-05,0
0.0041356212,0
2.6742562e-05,0
0.00013254848,0
7.9755984e-05,0
1.9223497e-05,0
3.0765794e-05,0
0.0005063786,0
2.0635689e-05,0
2.285552e-05,0
1.9146315e-05,0
1.9501605e-05,0
3.7686757e-05,0
2.5790143e-05,0
1.25451725e-05,0
0.007619716,0
1.3307355e-05,0
0.0016415429,0
5.7209083e-05,0
2.9402781e-05,0
0.0005226856,0
0.0014195319,0
0.00028957907,0
0.00010174588,0
0.00031173142,0
1.928587e-05,0
0.00042870393,0
2.2430155e-05,0
5.5832432e-05,0
9.8705816e-05,0
2.2808072e-05,0
0.00010607505,0
0.0006547268,0
0.00016484255,0
4.2729545e-05,0
2.5558827e-05,0
0.00013609495,0
2.4044914e-05,0
2.6793854e-05,0
3.036716e-05,0
2.3192968e-05,0
3.556882e-05,0
1.8861338e-05,0
4.7653706e-05,0
0.0016436861,0
2.0957708e-05,0
0.000423177,0
2.4308689e-05,0
2.1194728e-05,0
1.7690423e-05,0
4.895118e-05,0
2.5577625e-05,0
4.847721e-05,0
0.007081528,0
9.69685e-05,0
2.5484824e-05,0
0.000109720975,0
5.5656885e-05,0
0.00050372776,0
2.7490238e-05,0
2.5865653e-05,0
0.00018831533,0
6.563479e-05,0
2.7855416e-05,0
9.9459394e-05,0
6.818099e-05,0
9.728878e-05,0
3.3092085e-05,0
3.2401822e-05,0
2.1492158e-05,0
3.0394021e-05,0
2.1338186e-05,0
2.2931092e-05,0
0.0006760183,0
0.0002265507,0
2.006917e-05,0
1.5367152e-05,0
2.6932072e-05,0
4.4019424e-05,0
1.1168033e-05,0
0.0013950057,0
2.4910463e-05,0
2.7788745e-05,0
0.0075148777,0
0.00018119928,0
0.00020344151,0
4.2276093e-05,0
2.0288871e-05,0
3.3762743e-05,0
3.148245e-05,0
2.0288235e-05,0
5.0709055e-05,0
4.7459813e-05,0
4.9369723e-05,0
0.002487292,0
1.4337383e-05,0
0.00015698602,0
2.6202975e-05,0
0.00040228642,0
2.4493747e-05,0
0.0015669484,0
9.876452e-05,0
2.122347e-05,0
6.5778986e-05,0
2.0362297e-05,0
5.1491475e-05,0
1.9638983e-05,0
0.00054224336,0
4.860202e-05,0
0.0009826588,0
3.6801437e-05,0
5.2184398e-05,0
0.000105667656,0
0.00089798035,0
1.9796838e-05,0
2.2678008e-05,0
6.969323e-05,0
4.489654e-05,0
0.00015426094,0
0.012755694,0
2.8289014e-05,0
0.00013087946,0
3.3341687e-05,0
1.9481104e-05,0
5.124998e-05,0
1.3051842e-05,0
8.576337e-05,0
7.8796686e-05,0
0.00020863736,0
8.021252e-05,0
0.00020433623,0
4.2753138e-05,0
5.0219813e-05,0
0.00046506868,0
5.9317343e-05,0
2.5918327e-05,0
3.2296586e-05,0
0.00068125274,0
2.8636938e-05,0
3.4926357e-05,0
5.9440543e-05,0
3.5334302e-05,0
0.0002914645,0
2.1580827e-05,0
4.89745e-05,0
0.0011893444,0
5.9461705e-05,0
1.8414215e-05,0
0.0021981478,0
0.0010380425,0
2.4589513e-05,0
2.4056473e-05,0
2.0817244e-05,0
5.6841192e-05,0
0.0001619157,0
9.745848e-05,0
3.355165e-05,0
2.0167303e-05,0
8.434827e-05,0
4.516269e-05,0
9.9014305e-06,0
2.6872225e-05,0
0.00018700396,0
0.00022429433,0
0.000116280644,0
9.6022886e-05,0
0.0006042094,0
1.3748243e-05,0
0.00017085855,0
9.7941964e-05,0
0.005466548,0
0.00010693813,0
0.00043175588,0
4.826382e-05,0
0.005191919,0
4.619475e-05,0
2.6432515e-05,0
0.0088482015,0
2.300897e-05,0
9.5683135e-05,0
0.00015237281,0
2.55765e-05,0
6.184995e-05,0
5.7751e-05,0
1.2638022e-05,0
1.8623348e-05,0
1.9205041e-05,0
0.008003335,0
0.00010195868,0
0.00036993297,0
0.00089226884,0
0.00017632499,0
2.6663205e-05,0
1.1471142e-05,0
0.004688817,0
2.1249178e-05,0
0.00043872,0
3.674262e-05,0
1.5869571e-05,0
2.5657942e-05,0
0.00015583418,0
0.018632945,0
0.0010226528,0
0.00011256723,0
4.8730406e-05,0
2.3953835e-05,0
2.7094145e-05,0
1.9874602e-05,0
2.3788543e-05,0
0.0001493259,0
0.000105174586,0
6.554726e-05,0
2.2568694e-05,0
9.3182214e-05,0
0.006881491,0
0.00011725516,0
2.4758965e-05,0
5.172262e-05,0
4.9559858e-05,0
2.7866145e-05,0
2.6673539e-05,0
1.8521432e-05,0
1.1606839e-05,0
0.00011359512,0
0.0059889993,0
4.9346367e-05,0
9.938055e-05,0
0.0001809536,0
1.3654517e-05,0
5.4662327e-05,0
5.1191782e-05,0
0.000107662134,0
8.384477e-05,0
1.6440576e-05,0
9.4565614e-05,0
6.3811116e-05,0
6.958228e-05,0
0.006211533,0
0.0009206755,0
7.378859e-05,0
4.5239405e-05,0
0.0047685797,0
0.000271664,0
0.00034992085,0
0.00049890415,0
4.951748e-05,0
4.7531445e-05,0
2.0801752e-05,0
0.00013184277,0
1.9309093e-05,0
4.2777447e-05,0
0.00023636766,0
3.014692e-05,0
1.0602792e-05,0
0.00035834528,0
5.9568923e-05,0
3.3194843e-05,0
4.3660642e-05,0
6.0672308e-05,0
0.0002696555,0
1.4311869e-05,0
2.2842556e-05,0
2.0815443e-05,0
2.04843e-05,0
2.0912494e-05,0
2.6496817e-05,0
2.095738e-05,0
4.933763e-05,0
5.958841e-05,0
0.00043752638,0
1.9198102e-05,0
0.00015684393,0
0.00012594815,0
3.0544124e-05,0
0.0011740766,0
0.00015928442,0
0.00015007386,0
7.626387e-05,0
4.82387e-05,0
1.6445994e-05,0
9.95181e-05,0
2.600648e-05,0
0.00042727494,0
9.6217496e-05,0
1.325533e-05,0
0.00029837788,0
0.0072740573,0
0.0022233936,0
2.4684636e-05,0
0.00018599455,0
0.00063311827,0
6.4444386e-05,0
0.00013634529,0
2.0654305e-05,0
0.00015968704,0
7.566095e-05,0
2.3160323e-05,0
0.0003016133,0
0.0010553666,0
3.8081056e-05,0
2.1463044e-05,0
2.9161554e-05,0
2.2518687e-05,0
1.9570589e-05,0
3.9458457e-05,0
3.0203635e-05,0
1.5382844e-05,0
2.052632e-05,0
1.0533622e-05,0
2.1118783e-05,0
5.839995e-05,0
2.6530906e-05,0
2.4630826e-05,0
0.00018151331,0
2.7083152e-05,0
2.5484418e-05,0
4.6571688e-05,0
0.0008195395,0
0.0001376509,0
2.7569902e-05,0
1.3104384e-05,0
0.00011940945,0
3.8420025e-05,0
0.0013869557,0
2.1858119e-05,0
5.1658088e-05,0
9.5771386e-05,0
2.1111733e-05,0
1.655488e-05,0
1.9198014e-05,0
1.8789382e-05,0
2.0235924e-05,0
2.1138098e-05,0
2.4894329e-05,0
3.120539e-05,0
5.1202882e-05,0
0.0012752267,0
7.1256836e-05,0
2.4792886e-05,0
0.0001310238,0
0.01994047,0
1.7000035e-05,0
2.6081087e-05,0
0.00012614625,0
0.0006142415,0
0.00020038246,0
2.0240328e-05,0
0.00030138326,0
0.00012599165,0
0.00010249049,0
3.9895305e-05,0
2.3441044e-05,0
2.0303085e-05,0
4.8185382e-05,0
1.8500936e-05,0
0.0015962605,0
0.020190513,0
0.0008498988,0
2.2072762e-05,0
6.172893e-05,0
0.00011189843,0
0.0073857508,0
0.00010195696,0
0.00012394384,0
1.9567091e-05,0
2.2390519e-05,0
0.00091681967,0
3.9659077e-05,0
0.00011056901,0
0.000112657086,0
4.845504e-05,0
0.0031240599,0
1.9232488e-05,0
0.00010898123,0
6.718353e-05,0
9.911409e-05,0
0.000101727164,0
2.8147135e-05,0
0.00011207056,0
4.850869e-05,0
1.9874826e-05,0
2.3278755e-05,0
1.4952532e-05,0
2.10253e-05,0
0.00012108751,0
9.589121e-05,0
6.79577e-05,0
6.0287075e-05,0
5.468814e-05,0
0.00015105175,0
4.8814618e-05,0
4.7438727e-05,0
1.9707168e-05,0
2.3561093e-05,0
0.00018156723,0
3.8420014e-05,0
4.9517395e-05,0
3.1456737e-05,0
5.0219343e-05,0
6.707068e-05,0
2.1530657e-05,0
0.0003019845,0
4.9047863e-05,0
4.9140373e-05,0
8.198345e-05,0
5.692873e-05,0
2.3498762e-05,0
1.9440638e-05,0
1.9358959e-05,0
2.610926e-05,0
1.5376214e-05,0
1.872406e-05,0
2.7314569e-05,0
6.035247e-05,0
5.1469753e-05,0
0.0012124842,0
0.0006363508,0
0.00023469077,0
2.1960246e-05,0
1.8520383e-05,0
0.00010295764,0
7.3469346e-05,0
1.4771468e-05,0
1.8362014e-05,0
0.00016737233,0
0.0001068025,0
0.00022192087,0
0.00052558596,0
2.2703463e-05,0
0.00011254177,0
3.3870634e-05,0
1.8197807e-05,0
0.0071894666,0
0.0019597737,0
2.278595e-05,0
1.804389e-05,0
0.00014614934,0
0.0001053171,0
1.4565394e-05,0
5.4359592e-05,0
1.0759512e-05,0
2.0319114e-05,0
7.14168e-05,0
0.00020082136,0
2.0144347e-05,0
1.6459402e-05,0
3.0985255e-05,0
0.0001420955,0
0.00019773013,0
2.0552914e-05,0
1.8295246e-05,0
0.00011196555,0
5.8423848e-05,0
3.0346766e-05,0
4.0767594e-05,0
6.819094e-05,0
3.383183e-05,0
3.68318e-05,0
0.0013923435,0
3.2159653e-05,0
9.32335e-05,0
0.00035184357,0
4.8968046e-05,0
0.00063230144,0
1.969326e-05,0
0.00011018627,0
2.3218474e-05,0
9.3097246e-05,0
8.747618e-05,0
4.833787e-05,0
9.4184405e-05,0
0.0003200413,0
1.3349011e-05,0
0.011799394,0
1.8149996e-05,0
2.6568794e-05,0
3.1682026e-05,0
2.3810746e-05,0
2.0447635e-05,0
6.0728085e-05,0
0.0003214963,0
0.00061684905,0
0.00017377904,0
0.00013427,0
0.00014311439,0
2.2680306e-05,0
0.0013853513,0
5.3186744e-05,0
0.0014343597,0
2.0277736e-05,0
0.000118979326,0
6.9833935e-05,0
0.0037815233,0
2.3255516e-05,0
4.89416e-05,0
1.9344829e-05,0
8.247374e-05,0
0.00016042433,0
0.0003065881,0
0.009656695,0
1.9301247e-05,0
0.001737268,0
0.012236469,0
8.282407e-05,0
1.578717e-05,0
4.7841877e-05,0
0.0026142315,0
4.8208054e-05,0
0.0006377581,0
0.00010689514,0
2.2396658e-05,0
2.3358256e-05,0
0.00013262889,0
9.781106e-05,0
0.00095176947,0
0.00043622908,0
1.9940142e-05,0
3.0979587e-05,0
0.0020843004,0
2.7417063e-05,0
1.9715091e-05,0
5.984587e-05,0
4.136595e-05,0
5.8182926e-05,0
2.9286293e-05,0
1.5815054e-05,0
0.013209657,0
2.9549547e-05,0
6.37085e-05,0
1.9598023e-05,0
5.1631356e-05,0
0.0077360356,0
7.513813e-05,0
1.9528174e-05,0
5.3052227e-05,0
1.4291305e-05,0
0.00057668966,0
4.5231718e-05,0
4.58092e-05,0
5.214867e-05,0
2.4927103e-05,0
3.222188e-05,0
5.6728895e-05,0
3.1453885e-05,0
6.0231807e-05,0
0.000116524636,0
0.0001336727,0
0.00017648235,0
2.053966e-05,0
0.00074213266,0
1.951499e-05,0
2.3024559e-05,0
2.1361064e-05,0
2.016365e-05,0
0.00017450555,0
1.427857e-05,0
9.7960285e-05,0
2.0067691e-05,0
2.4912799e-05,0
1.920065e-05,0
5.933899e-05,0
0.00012962334,0
0.00030427254,0
2.9934537e-05,0
7.124659e-05,0
0.0005717983,0
1.9286692e-05,0
1.9314324e-05,0
2.494152e-05,0
1.9466132e-05,0
0.00020205362,0
0.0006326935,0
2.1448472e-05,0
1.3909766e-05,0
2.7054488e-05,0
2.6641696e-05,0
2.2200258e-05,0
1.4561576e-05,0
4.910372e-05,0
2.1803125e-05,0
0.02990143,0
0.00013213416,0
0.00045290487,0
5.3177813e-05,0
0.00058623584,0
1.9589183e-05,0
0.010960328,0
9.320807e-05,0
0.00014403988,0
1.2859179e-05,0
0.0003811072,0
4.6276058e-05,0
3.1255033e-05,0
2.41354e-05,0
2.7187598e-05,0
0.00030822863,0
0.00010557263,0
5.6286288e-05,0
0.00032741847,0
8.675949e-05,0
0.00016035553,0
4.918038e-05,0
0.00010988744,0
0.00018451516,0
3.1764463e-05,0
0.012550849,0
2.193352e-05,0
2.0077554e-05,0
1.8571924e-05,0
0.00043387615,0
1.6565606e-05,0
0.0001294891,0
0.00018666802,0
0.00010707697,0
0.0007183137,0
3.924567e-05,0
2.1479025e-05,0
6.779637e-05,0
2.9560702e-05,0
6.92979e-05,0
2.185086e-05,0
0.000201576,0
0.0038533257,0
0.011434018,0
5.637951e-05,0
2.1463089e-05,0
1.9493133e-05,0
0.0077720587,0
0.0017625601,0
1.9462164e-05,0
1.9272731e-05,0
4.173424e-05,0
7.277816e-05,0
0.00044470502,0
1.924508e-05,0
1.7567587e-05,0
1.9291268e-05,0
0.00039239132,0
0.0046945163,0
0.00013963113,0
3.5917245e-05,0
1.970082e-05,0
6.945218e-05,0
1.7395945e-05,0
1.8329278e-05,0
0.00022122417,0
4.9681057e-05,0
3.2668046e-05,0
9.761477e-05,0
2.3238168e-05,0
4.900576e-05,0
0.0023542317,0
0.020927217,0
2.7657508e-05,0
2.0069385e-05,0
2.0545436e-05,0
4.9448252e-05,0
2.2059616e-05,0
0.0015708534,0
4.9337817e-05,0
1.5706077e-05,0
0.00017199744,0
9.494108e-05,0
5.909829e-05,0
4.3044667e-05,0
0.0007716195,0
2.1093387e-05,0
2.8284037e-05,0
0.0015539646,0
0.00012334333,0
2.3360599e-05,0
9.3469374e-05,0
9.8154465e-05,0
0.00025612945,0
2.590371e-05,0
2.1691525e-05,0
0.00014024707,0
0.000111242916,0
2.8567189e-05,0
0.00034730544,0
4.2234547e-05,0
0.00012358873,0
0.011884453,0
0.00031756205,0
3.269958e-05,0
2.031671e-05,0
2.774513e-05,0
4.697918e-05,0
0.0002628387,0
0.00015215907,0
0.00025068937,0
7.006977e-05,0
5.1007453e-05,0
1.6336084e-05,0
0.0005647241,0
0.0020409229,0
2.0273683e-05,0
0.00067926646,0
0.00012207236,0
0.002830052,0
6.250047e-05,0
9.593563e-06,0
8.974255e-05,0
6.722301e-05,0
0.00011821763,0
6.9881666e-05,0
4.469787e-05,0
3.1449727e-05,0
9.904245e-05,0
1.5184073e-05,0
0.00035157305,0
0.002818075,0
9.587247e-05,0
0.012519865,0
4.4904544e-05,0
1.7261218e-05,0
9.980411e-05,0
0.0077728233,0
1.0953634e-05,0
0.00031864434,0
8.7148655e-05,0
0.000101475955,0
0.012656567,0
2.0550808e-05,0
9.8494034e-05,0
2.1022857e-05,0
5.0799546e-05,0
2.0468216e-05,0
0.00061171077,0
2.1677886e-05,0
2.2147138e-05,0
0.0020878033,0
3.2048396e-05,0
1.9506198e-05,0
1.9591e-05,0
5.6316472e-05,0
5.4838438e-05,0
2.436634e-05,0
5.8946145e-05,0
6.832959e-05,0
1.3651217e-05,0
1.387194e-05,0
3.169041e-05,0
2.471037e-05,0
7.013834e-05,0
6.153891e-05,0
1.9242703e-05,0
1.2245089e-05,0
1.0960093e-05,0
2.6149204e-05,0
2.6987842e-05,0
5.012548e-05,0
4.2954198e-05,0
2.6939519e-05,0
0.00021534416,0
9.104608e-05,0
8.97669e-05,0
3.1296804e-05,0
0.013097431,0
2.2228038e-05,0
0.0005302341,0
0.0002622501,0
2.6632428e-05,0
3.4287455e-05,0
0.0034743827,0
0.0019342105,0
0.0014898602,0
0.00010517594,0
5.9202786e-05,0
1.7201613e-05,0
3.307056e-05,0
0.00010463619,0
2.076778e-05,0
1.5588517e-05,0
0.0011323326,0
0.00033689835,0
0.0013477097,0
8.355034e-05,0
5.9721857e-05,0
0.00019997782,0
1.966649e-05,0
1.3785608e-05,0
2.1812475e-05,0
7.045788e-05,0
0.00096658326,0
2.6840438e-05,0
0.0036020894,0
0.00010748783,0
3.178418e-05,0
2.278993e-05,0
3.4715842e-05,0
0.00048707615,0
9.965882e-05,0
1.9491055e-05,0
2.1760847e-05,0
0.001962787,0
2.6411783e-05,0
2.7165017e-05,0
2.9359675e-05,0
2.3743058e-05,0
0.0024665198,0
0.0001438913,0
0.00017875546,0
0.0053443657,0
4.4482214e-05,0
1.4251925e-05,0
2.132965e-05,0
2.359822e-05,0
5.799122e-05,0
1.784902e-05,0
0.00018114875,0
1.9228512e-05,0
2.694917e-05,0
5.4056876e-05,0
1.9195933e-05,0
1.1234784e-05,0
0.00024244741,0
2.268979e-05,0
6.344019e-05,0
5.615383e-05,0
2.0983627e-05,0
3.9494196e-05,0
5.4930202e-05,0
0.010171558,0
0.0011638805,0
5.6779176e-05,0
1.9196297e-05,0
2.8013448e-05,0
4.6930625e-05,0
2.5099609e-05,0
2.1123313e-05,0
0.005574684,0
4.4970693e-05,0
2.719928e-05,0
4.910726e-05,0
4.3693835e-05,0
3.843764e-05,0
0.000102072605,0
5.549911e-05,0
0.00012443548,0
8.7936794e-05,0
1.9358129e-05,0
2.3345949e-05,0
0.00047842815,0
3.5721605e-05,0
0.0014087228,0
2.1814767e-05,0
3.391514e-05,0
2.1943013e-05,0
5.982606e-05,0
5.538472e-05,0
0.005561551,0
0.0012170515,0
2.2834836e-05,0
0.00014794728,0
2.1843987e-05,0
0.009142131,0
0.00016111087,0
0.010731305,0
0.00011245543,0
3.055865e-05,0
2.3528186e-05,0
0.0015831644,0
1.2219649e-05,0
5.1680425e-05,0
2.057656e-05,0
4.676499e-05,0
4.6283974e-05,0
4.8337828e-05,0
0.00022987874,0
0.00023471707,0
0.0007923522,0
4.8583555e-05,0
0.009066798,0
4.043105e-05,0
0.010640968,0
9.657706e-05,0
0.00047381545,0
1.9708721e-05,0
1.7474244e-05,0
7.6634395e-05,0
0.0003813331,0
4.9078146e-05,0
0.00047047858,0
4.9647882e-05,0
1.929886e-05,0
0.00016580876,0
4.6787292e-05,0
0.00046302436,0
3.693961e-05,0
2.11167e-05,0
3.976528e-05,0
0.009871843,0
0.0035334697,0
2.4017845e-05,0
2.7279451e-05,0
7.509868e-05,0
7.275248e-05,0
2.4919911e-05,0
1.9855534e-05,0
0.0026537636,0
1.9479408e-05,0
0.010817073,0
0.01063968,0
0.00010916962,0
4.3503947e-05,0
2.1856982e-05,0
3.0311447e-05,0
6.8646776e-05,0
0.00018709408,0
1.3580475e-05,0
0.0002687285,0
4.7234338e-05,0
7.940085e-05,0
9.628469e-05,0
1.543681e-05,0
0.00039872396,0
1.9886711e-05,0
1.9217083e-05,0
2.4100847e-05,0
2.3682729e-05,0
8.684354e-05,0
2.0541629e-05,0
0.009143733,0
2.1141635e-05,0
2.015542e-05,0
2.8819088e-05,0
0.0008205174,0
1.5847763e-05,0
1.3877272e-05,0
0.00027838835,0
2.341081e-05,0
1.1012238e-05,0
0.0005306211,0
5.321236e-05,0
6.0368842e-05,0
2.7294882e-05,0
1.0345562e-05,0
5.6950492e-05,0
3.3518896e-05,0
8.4904685e-05,0
2.2233346e-05,0
7.2103016e-05,0
4.853877e-05,0
0.0002007028,0
5.5518816e-05,0
1.4136022e-05,0
4.1504925e-05,0
2.3800028e-05,0
4.7700418e-05,0
2.4488627e-05,0
7.069018e-05,0
2.2137283e-05,0
1.9996955e-05,0
0.00012022194,0
2.2210583e-05,0
2.693741e-05,0
0.007784423,0
1.9825919e-05,0
0.00026383833,0
1.6106873e-05,0
1.4961946e-05,0
8.4287305e-05,0
0.0005101756,0
0.00017062915,0
4.1969604e-05,0
2.0363783e-05,0
2.0253876e-05,0
0.00017702133,0
4.619037e-05,0
2.6872747e-05,0
4.5487486e-05,0
0.00015759996,0
2.4363631e-05,0
0.00010324129,0
2.9097278e-05,0
5.4497792e-05,0
1.1775871e-05,0
0.0007365083,0
2.7073378e-05,0
2.7779837e-05,0
2.2371738e-05,0
2.0651885e-05,0
7.21027e-05,0
5.2106272e-05,0
7.014553e-05,0
2.1684618e-05,0
9.924557e-05,0
3.4395194e-05,0
1.0367341e-05,0
1.6426233e-05,0
4.5943583e-05,0
0.0019249902,0
0.00013158728,0
2.8581633e-05,0
9.965854e-05,0
4.1615986e-05,0
0.0017463501,0
1.701216e-05,0
1.978511e-05,0
0.009220013,0
1.8726118e-05,0
7.134225e-05,0
0.00010927924,0
1.61104e-05,0
2.8143117e-05,0
0.00016216477,0
2.845557e-05,0
0.00010729413,0
3.3401837e-05,0
0.0005960555,0
4.9170743e-05,0
0.00042411356,0
0.00011294577,0
1.4396982e-05,0
0.00042115277,0
8.1646016e-05,0
2.3985065e-05,0
3.3321896e-05,0
1.095654e-05,0
0.0001868444,0
1.4697955e-05,0
2.0011244e-05,0
0.00011707296,0
1.1784645e-05,0
9.340653e-05,0
2.1670887e-05,0
2.6149315e-05,0
5.5036606e-05,0
9.89982e-05,0
3.053025e-05,0
4.7213645e-05,0
4.836033e-05,0
0.000110518464,0
0.0012161593,0
0.00029026085,0
3.506598e-05,0
0.00012285652,0
0.00037111418,0
0.0010607911,0
2.0578258e-05,0
0.0012626797,0
2.5423138e-05,0
2.951149e-05,0
2.0257301e-05,0
0.019712113,0
0.00014759295,0
0.012325757,0
6.206069e-05,0
2.0705946e-05,0
1.9480629e-05,0
5.405534e-05,0
1.5063273e-05,0
0.00010113067,0
3.6027446e-05,0
0.00010757903,0
5.0296505e-05,0
1.37638435e-05,0
0.0010134692,0
1.6757012e-05,0
2.1922859e-05,0
0.0001398833,0
0.0006390448,0
2.0176427e-05,0
5.373956e-05,0
9.9815195e-05,0
1.7510916e-05,0
9.658324e-05,0
5.0768813e-05,0
1.9460276e-05,0
2.0900707e-05,0
2.3679078e-05,0
2.7254551e-05,0
8.968179e-05,0
1.7894843e-05,0
1.500252e-05,0
0.00023389893,0
2.5215815e-05,0
5.665741e-05,0
5.2994503e-05,0
0.000101629295,0
2.6437134e-05,0
2.344515e-05,0
0.0001610825,0
1.9300478e-05,0
1.5336882e-05,0
2.2449107e-05,0
2.540045e-05,0
0.00026255831,0
9.0024034e-05,0
1.6829807e-05,0
1.9253097e-05,0
0.0001827725,0
3.8420665e-05,0
0.0001023974,0
0.000119926335,0
1.9892876e-05,0
7.208814e-05,0
2.608645e-05,0
1.9048526e-05,0
2.0290741e-05,0
0.00013508929,0
0.0020694393,0
2.4947514e-05,0
0.0033165975,0
3.1664607e-05,0
0.00016111677,0
0.009005281,0
0.0005121281,0
9.8282235e-06,0
1.2069617e-05,0
1.3373758e-05,0
5.6745284e-05,0
0.00017066153,0
6.170668e-05,0
1.9845475e-05,0
9.783849e-06,0
0.007586146,0
3.0024004e-05,0
5.44561e-05,0
0.008883973,0
3.8421276e-05,0
9.805477e-05,0
2.4094443e-05,0
7.2129755e-05,0
1.9039144e-05,0
4.2377564e-05,0
8.122694e-05,0
3.224498e-05,0
0.00012426203,0
4.461023e-05,0
0.0009638138,0
1.936136e-05,0
2.7116977e-05,0
0.0044813156,0
0.00010163941,0
0.00014984765,0
0.00037147483,0
5.461775e-05,0
0.00017293425,0
6.680751e-05,0
1.4967175e-05,0
3.310619e-05,0
1.5258582e-05,0
4.285014e-05,0
0.0075895637,0
0.000113621696,0
1.4233294e-05,0
5.6310713e-05,0
3.0983723e-05,0
7.651282e-05,0
2.0886244e-05,0
9.109873e-05,0
2.0215019e-05,0
1.5176938e-05,0
2.9904673e-05,0
2.392723e-05,0
0.0002782036,0
4.8826816e-05,0
4.7752546e-05,0
3.003977e-05,0
1.3182253e-05,0
6.3083884e-05,0
0.022013918,0
9.996453e-05,0
0.0035057566,0
0.00011059394,0
2.3873932e-05,0
6.383006e-05,0
2.9487184e-05,0
5.3091047e-05,0
2.9258043e-05,0
9.5840995e-05,0
0.0012042667,0
2.6455424e-05,0
1.777154e-05,0
2.7391708e-05,0
1.5335636e-05,0
0.0022450848,0
1.6710783e-05,0
0.006719345,0
0.010838772,0
3.194666e-05,0
6.075178e-05,0
2.2671618e-05,0
3.6674523e-05,0
1.8619607e-05,0
4.530171e-05,0
2.0801157e-05,0
1.4983801e-05,0
1.3116847e-05,0
2.6886457e-05,0
9.3295275e-05,0
1.9591804e-05,0
0.00014317737,0
2.892623e-05,0
0.009786428,0
1.9340074e-05,0
5.508006e-05,0
2.601222e-05,0
2.0761927e-05,0
0.00033656944,0
2.7089147e-05,0
6.148597e-05,0
7.2737166e-05,0
5.754781e-05,0
6.608986e-05,0
8.437687e-05,0
4.5384557e-05,0
9.8921046e-05,0
0.0032141814,0
0.000118190495,0
2.4866218e-05,0
0.0015473012,0
2.695128e-05,0
1.091842e-05,0
2.1111657e-05,0
2.7859474e-05,0
0.00090293685,0
3.157546e-05,0
2.1992799e-05,0
5.31027e-05,0
2.6023656e-05,0
4.7083224e-05,0
0.00016052587,0
0.00036390993,0
5.6710698e-05,0
0.0002491479,0
2.153209e-05,0
1.3212424e-05,0
1.9379291e-05,0
3.255615e-05,0
7.163653e-05,0
1.0773904e-05,0
0.0001222397,0
2.0020912e-05,0
9.4309755e-05,0
6.0867365e-05,0
5.9611943e-05,0
0.011973612,0
2.3881488e-05,0
0.00017179953,0
3.855418e-05,0
0.00011725428,0
1.4228095e-05,0
2.5343039e-05,0
3.1703097e-05,0
0.0026576682,0
2.7712837e-05,0
9.5450305e-05,0
3.0994477e-05,0
1.06936495e-05,0
2.5697791e-05,0
1.8147834e-05,0
4.286112e-05,0
9.362126e-05,0
4.201927e-05,0
6.609512e-05,0
0.000116666866,0
5.4532797e-05,0
4.7194837e-05,0
8.220102e-05,0
0.008480748,0
2.0811496e-05,0
1.1855746e-05,0
0.00036946562,0
0.0006365438,0
0.00011725674,0
0.0008332702,0
5.92619e-05,0
0.00033895607,0
4.9790313e-05,0
0.00017167743,0
4.7258334e-05,0
3.400959e-05,0
2.2202637e-05,0
8.853501e-05,0
2.0834297e-05,0
4.2077536e-05,0
6.9047484e-05,0
9.6364965e-05,0
0.00015203866,0
3.0455376e-05,0
0.0010636181,0
2.0864323e-05,0
0.00082424266,0
2.1254664e-05,0
0.00025574854,0
1.6776055e-05,0
3.92151e-05,0
1.8113446e-05,0
5.1199586e-05,0
4.6628462e-05,0
0.00014263192,0
4.7782534e-05,0
5.6885987e-05,0
9.6007e-05,0
1.9963574e-05,0
2.4829691e-05,0
2.1967091e-05,0
0.00019546962,0
1.8886481e-05,0
4.243627e-05,0
2.8973436e-05,0
1.2153519e-05,0
0.0012413845,0
9.608017e-05,0
1.7254726e-05,0
0.000122052144,0
1.3057234e-05,0
0.000108862565,0
0.0005964038,0
0.018648531,0
1.2691293e-05,0
4.848479e-05,0
0.0007606698,0
2.914379e-05,0
9.414928e-05,0
0.01868589,0
0.01263596,0
0.00093883614,0
0.0004288262,0
5.0858533e-05,0
0.00030968085,0
8.040363e-05,0
5.207417e-05,0
7.572034e-05,0
0.0002700091,0
9.8154276e-05,0
2.1579152e-05,0
3.501618e-05,0
0.00048013037,0
2.082564e-05,0
1.6301705e-05,0
5.2975123e-05,0
9.9947756e-05,0
2.219808e-05,0
0.013064601,0
0.00051230146,0
4.1223637e-05,0
0.0009975082,0
2.5356168e-05,0
0.00010815955,0
4.951795e-05,0
0.0013057861,0
2.6989257e-05,0
0.012101672,0
2.5533847e-05,0
3.9166905e-05,0
4.3312677e-05,0
0.0046280874,0
9.79401e-05,0
1.9713221e-05,0
4.4565575e-05,0
0.015817871,0
1.3413396e-05,0
2.2868595e-05,0
2.0288859e-05,0
2.2177843e-05,0
1.989695e-05,0
4.1646297e-05,0
0.00023757521,0
0.00015826793,0
0.00022881942,0
3.116e-05,0
2.1102678e-05,0
4.0833685e-05,0
0.00032660287,0
0.0015901481,0
2.6191316e-05,0
4.5992867e-05,0
1.9374454e-05,0
0.00016643318,0
2.2625922e-05,0
0.00011369725,0
0.00050454185,0
0.000118118456,0
1.7246448e-05,0
9.861277e-05,0
1.9220004e-05,0
0.014941644,0
4.986148e-05,0
4.575286e-05,0
5.5511635e-05,0
2.6105017e-05,0
1.9887018e-05,0
0.000108193664,0
2.1575022e-05,0
0.00065342657,0
0.00019575449,0
0.0002824638,0
0.0003259627,0
0.0002538601,0
2.4476729e-05,0
0.00014466963,0
1.9065576e-05,0
0.00012831835,0
0.0005102291,0
1.136647e-05,0
0.00028528954,0
7.747311e-05,0
0.00545674,0
1.988204e-05,0
4.136016e-05,0
0.0003385317,0
1.9737541e-05,0
0.018318625,0
0.013121458,0
5.8907113e-05,0
0.0001491284,0
5.1884508e-05,0
2.7976843e-05,0
4.9226393e-05,0
4.592195e-05,0
0.00021547469,0
5.123934e-05,0
0.0012875856,0
2.4741628e-05,0
0.0008574641,0
0.00013796458,0
0.00021008182,0
0.0069157234,0
2.749836e-05,0
0.004598628,0
5.4159875e-05,0
5.5744375e-05,0
0.0001551882,0
1.4714823e-05,0
2.4132052e-05,0
3.6453413e-05,0
1.9212419e-05,0
5.532974e-05,0
4.7833062e-05,0
1.8372692e-05,0
4.7714584e-05,0
9.9486744e-05,0
2.1120719e-05,0
2.6863894e-05,0
4.3549873e-05,0
0.00016285815,0
1.2491917e-05,0
0.00011837764,0
0.0069293967,0
0.000344938,0
5.462258e-05,0
0.00041089125,0
5.27522e-05,0
2.6693635e-05,0
0.00045643168,0
3.9825383e-05,0
2.3509232e-05,0
0.00026590307,0
3.0091269e-05,0
0.0022253087,0
1.9705456e-05,0
5.6727244e-05,0
0.00037034755,0
4.4106946e-05,0
5.3528205e-05,0
9.831766e-05,0
2.639922e-05,0
2.7668508e-05,0
0.0153686255,0
0.000461623,0
9.444713e-05,0
0.0004817527,0
5.9307615e-05,0
9.399382e-05,0
0.00105727,0
3.971394e-05,0
0.0018874134,0
3.2481807e-05,0
1.36300205e-05,0
0.0004346942,0
9.796488e-05,0
0.00033820787,0
6.5534165e-05,0
3.7576356e-05,0
5.595261e-05,0
4.839732e-05,0
0.00015463635,0
6.42297e-05,0
0.0019277326,0
0.010853021,0
0.00023939929,0
8.966998e-05,0
0.00055535865,0
0.0035284657,0
2.290889e-05,0
0.0027101538,0
0.00011905747,0
0.00025834853,0
9.278662e-05,0
2.165606e-05,0
4.813654e-05,0
2.9933519e-05,0
3.88943e-05,0
0.00044529448,0
6.742165e-05,0
2.0883366e-05,0
0.00010908627,0
0.00015185236,0
0.000111623114,0
0.00013667987,0
1.9278388e-05,0
1.9320196e-05,0
0.00013178043,0
2.0846679e-05,0
0.000108046115,0
0.00014264071,0
8.348112e-05,0
1.6969336e-05,0
1.5384268e-05,0
0.00059900305,0
0.0008323304,0
0.00011266353,0
0.00063976867,0
2.5944159e-05,0
2.0078567e-05,0
1.4014307e-05,0
0.00010603149,0
4.8284768e-05,0
0.00014543152,0
1.3882152e-05,0
4.8601956e-05,0
1.9428244e-05,0
2.3374132e-05,0
1.5644742e-05,0
0.00025099784,0
1.354861e-05,0
4.9841623e-05,0
5.6365778e-05,0
1.8795723e-05,0
0.0006279225,0
1.1006565e-05,0
5.564562e-05,0
0.0015326418,0
0.00068708934,0
2.084147e-05,0
1.7359567e-05,0
0.00018637195,0
0.00013162388,0
0.0004271583,0
2.1747972e-05,0
2.544601e-05,0
3.7293034e-05,0
4.8400267e-05,0
8.807764e-05,0
2.3146567e-05,0
3.144873e-05,0
5.345198e-05,0
0.0003023946,0
2.987492e-05,0
0.00011804623,0
4.5053042e-05,0
5.4536817e-05,0
2.2404447e-05,0
1.9441577e-05,0
1.4823004e-05,0
2.6783659e-05,0
3.1680327e-05,0
2.5045785e-05,0
3.1257325e-05,0
1.5027079e-05,0
4.8982372e-05,0
9.168024e-06,0
8.370386e-05,0
0.0003505547,0
0.00021496427,0
4.8899274e-05,0
7.045687e-05,0
9.8193166e-05,0
0.0009470335,0
0.0005988992,0
0.00012957396,0
7.7229495e-05,0
5.836275e-05,0
0.0003559671,0
3.0314559e-05,0
1.832877e-05,0
2.6951566e-05,0
0.000187313,0
5.273391e-05,0
0.004769032,0
2.6950029e-05,0
4.1402272e-05,0
2.1411817e-05,0
3.1306223e-05,0
2.0703585e-05,0
2.4979341e-05,0
0.0046885055,0
0.0001021477,0
4.7610643e-05,0
2.7394612e-05,0
0.00017459173,0
0.0031716577,0
2.4074863e-05,0
3.5280595e-05,0
2.0098552e-05,0
0.0038268385,0
2.268079e-05,0
3.4643035e-05,0
0.0005533539,0
0.0014256143,0
6.712788e-05,0
1.0670414e-05,0
0.0002971854,0
1.1545092e-05,0
9.460029e-05,0
3.145013e-05,0
3.289835e-05,0
1.7458866e-05,0
2.0535648e-05,0
4.8680977e-05,0
1.8924435e-05,0
6.0607214e-05,0
1.0621566e-05,0
5.415135e-05,0
1.8116361e-05,0
2.8433229e-05,0
0.0072172238,0
4.5639692e-05,0
3.3218083e-05,0
0.00017032544,0
9.547786e-05,0
9.64254e-05,0
4.1216113e-05,0
5.1505518e-05,0
0.000106339015,0
0.00034484567,0
5.679981e-05,0
1.0651154e-05,0
0.00021097637,0
0.000104574174,0
5.5538007e-05,0
0.0003771034,0
7.1933915e-05,0
0.0005848462,0
2.0812138e-05,0
7.386016e-05,0
0.000113456495,0
6.2986765e-05,0
0.0005078374,0
3.5225934e-05,0
0.00048706966,0
2.7383683e-05,0
0.00018086804,0
4.679967e-05,0
1.5483522e-05,0
0.015887272,0
1.8526562e-05,0
0.00023725095,0
3.0307963e-05,0
0.00011424343,0
2.057403e-05,0
2.2788716e-05,0
9.055586e-05,0
0.00015508378,0
3.4452023e-05,0
0.011830911,0
2.6157755e-05,0
0.00043788634,0
3.572892e-05,0
0.00019626305,0
8.633538e-05,0
1.6607975e-05,0
1.6293394e-05,0
4.9878377e-05,0
3.5319976e-05,0
1.5811294e-05,0
0.008553882,0
2.3125469e-05,0
1.7812288e-05,0
4.242125e-05,0
0.012650538,0
7.835186e-05,0
2.0329266e-05,0
2.4715371e-05,0
1.9342795e-05,0
0.00017446103,0
1.9128376e-05,0
3.319334e-05,0
2.040726e-05,0
0.0005581298,0
6.228239e-05,0
6.188405e-05,0
2.7796017e-05,0
0.00017716535,0
1.4264936e-05,0
0.00015005424,0
9.544679e-05,0
2.2490336e-05,0
5.45478e-05,0
0.00036828447,0
5.2462816e-05,0
0.00024525376,0
1.7813723e-05,0
2.7321243e-05,0
1.6558675e-05,0
1.9730016e-05,0
1.5597561e-05,0
2.8556207e-05,0
2.2048469e-05,0
0.00036815167,0
2.2312395e-05,0
2.4363015e-05,0
1.9346566e-05,0
0.003468208,0
2.0784018e-05,0
0.0070857345,0
4.918013e-05,0
6.5005566e-05,0
2.2475155e-05,0
2.0527541e-05,0
0.000115773735,0
0.0003445354,0
4.1995416e-05,0
2.4367375e-05,0
0.0017493907,0
5.192947e-05,0
7.992293e-05,0
5.535553e-05,0
3.216061e-05,0
0.0010487157,0
2.6036616e-05,0
0.00013187049,0
0.00014163493,0
0.00044283213,0
3.8906812e-05,0
9.711181e-05,0
2.1819547e-05,0
2.2146203e-05,0
5.2019695e-05,0
4.39247e-05,0
2.9017223e-05,0
3.1943422e-05,0
2.524346e-05,0
2.4390918e-05,0
2.6455136e-05,0
3.7743004e-05,0
0.00016570454,0
5.0444825e-05,0
9.068585e-05,0
2.1510923e-05,0
1.45586355e-05,0
5.6625857e-05,0
0.00021549377,0
0.0015806259,0
1.4793397e-05,0
0.00041184408,0
0.0002212,0
2.4589388e-05,0
1.6205966e-05,0
3.723507e-05,0
0.00019116713,0
3.2955424e-05,0
4.539905e-05,0
9.9346435e-06,0
1.3653107e-05,0
1.9214236e-05,0
0.0217851,0
6.9251524e-05,0
4.8436006e-05,0
2.1481972e-05,0
0.0005373814,0
4.6440466e-05,0
0.000642567,0
2.7016724e-05,0
2.2272725e-05,0
2.3201797e-05,0
9.151682e-05,0
9.090408e-05,0
6.287865e-05,0
7.017969e-05,0
5.1042065e-05,0
0.00039207327,0
2.0075066e-05,0
1.3765642e-05,0
0.00029782744,0
0.00022651821,0
0.0003987828,0
1.9482923e-05,0
8.7873996e-05,0
0.00018059774,0
8.867049e-05,0
0.00011054516,0
0.00030771122,0
1.5456717e-05,0
0.00025164417,0
1.4342208e-05,0
1.5700569e-05,0
1.9271634e-05,0
5.2260097e-05,0
1.9376665e-05,0
7.169595e-05,0
1.6660162e-05,0
2.2006387e-05,0
0.0012619004,0
2.162785e-05,0
8.580941e-05,0
1.5918571e-05,0
1.9280938e-05,0
0.011553023,0
2.7511553e-05,0
9.570424e-05,0
5.8012072e-05,0
0.002436559,0
5.5175104e-05,0
3.8420683e-05,0
2.7132324e-05,0
2.0585327e-05,0
9.709511e-05,0
5.8885948e-05,0
5.9436625e-05,0
0.00019996346,0
7.984928e-05,0
6.588553e-05,0
0.0028822205,0
2.3185932e-05,0
5.7971673e-05,0
3.527326e-05,0
7.961143e-05,0
0.000615378,0
1.4823254e-05,0
1.710403e-05,0
0.00012923534,0
1.9202165e-05,0
3.5321085e-05,0
2.3254306e-05,0
2.8286475e-05,0
0.00014201368,0
2.053827e-05,0
2.8433722e-05,0
0.00877205,0
0.011460696,0
2.4040248e-05,0
0.00032379857,0
0.0003097564,0
1.4426575e-05,0
8.425096e-05,0
0.00017572107,0
1.2316893e-05,0
2.3156901e-05,0
4.1927557e-05,0
0.0010339562,0
1.9712996e-05,0
1.9238496e-05,0
0.00014559789,0
1.2179513e-05,0
3.531858e-05,0
2.6253902e-05,0
4.981441e-05,0
0.00010664531,0
3.0478539e-05,0
2.2857828e-05,0
2.6754862e-05,0
2.6493675e-05,0
1.9882875e-05,0
3.7175625e-05,0
5.9371367e-05,0
0.00016550443,0
2.4940837e-05,0
4.82844e-05,0
1.2432871e-05,0
0.00019658053,0
1.1684281e-05,0
5.1056475e-05,0
0.0027108944,0
5.7944802e-05,0
0.011291634,0
4.890442e-05,0
3.446034e-05,0
9.761439e-05,0
0.00022685538,0
3.9926577e-05,0
0.0019700949,0
0.0006145961,0
1.6667636e-05,0
4.4250857e-05,0
2.2168057e-05,0
0.0001048999,0
2.6846783e-05,0
4.3508797e-05,0
6.5618966e-05,0
1.1043453e-05,0
1.9350382e-05,0
0.00012029463,0
0.0003243291,0
1.921537e-05,0
2.148498e-05,0
0.00010708562,0
0.00011141224,0
0.00016107441,0
5.1957344e-05,0
3.3546377e-05,0
0.000273108,0
0.00017757797,0
0.000102150094,0
7.752869e-05,0
0.00039860734,0
1.5371352e-05,0
0.00035980667,0
2.0355566e-05,0
0.0031951102,0
2.3033052e-05,0
4.822778e-05,0
1.9371351e-05,0
1.1453444e-05,0
0.0026921176,0
9.689005e-05,0
0.00025930087,0
4.959867e-05,0
2.1503187e-05,0
3.4116918e-05,0
1.9483668e-05,0
1.917202e-05,0
3.2318912e-05,0
0.0011234713,0
9.57536e-05,0
0.0011128907,0
5.581616e-05,0
6.34338e-05,0
2.5874859e-05,0
7.856098e-05,0
0.0016633857,0
0.00012025953,0
4.1042564e-05,0
2.1507734e-05,0
5.7818932e-05,0
1.3692772e-05,0
3.101708e-05,0
1.9570256e-05,0
1.9222718e-05,0
9.005192e-05,0
0.00016437369,0
0.0005103184,0
1.7346845e-05,0
3.429006e-05,0
6.180729e-05,0
2.16936e-05,0
2.6153884e-05,0
0.00014129646,0
3.36172e-05,0
2.1896956e-05,0
0.00017924515,0
2.0881771e-05,0
2.4669722e-05,0
0.0019997386,0
6.156832e-05,0
1.9606621e-05,0
9.8840734e-05,0
0.00044408895,0
3.0164807e-05,0
9.951819e-05,0
5.3152955e-05,0
2.0558165e-05,0
0.0014536043,0
4.9282884e-05,0
5.1938547e-05,0
1.5467924e-05,0
2.1559365e-05,0
2.8514334e-05,0
9.8612705e-05,0
7.411517e-05,0
0.00017218161,0
2.9849762e-05,0
1.7548291e-05,0
1.4484632e-05,0
2.670962e-05,0
0.00019680578,0
6.161875e-05,0
0.0001283932,0
0.0035572082,0
4.2374344e-05,0
0.0004639188,0
2.1859543e-05,0
2.804536e-05,0
0.00045530705,0
4.8262234e-05,0
8.622447e-05,0
0.030532345,0
0.0012525977,0
0.00068768463,0
2.2893686e-05,0
8.590733e-05,0
9.569863e-05,0
2.7601844e-05,0
0.0048720124,0
3.5858204e-05,0
2.2918697e-05,0
0.0012330901,0
0.0001821055,0
2.259362e-05,0
2.1095737e-05,0
8.894347e-05,0
2.3528524e-05,0
0.00023596511,0
9.04762e-05,0
2.0296462e-05,0
4.593814e-05,0
2.5728983e-05,0
0.009735901,0
0.00054125657,0
7.315186e-05,0
0.013175373,0
0.00019585548,0
0.008944875,0
2.4621862e-05,0
2.0257548e-05,0
0.0002987432,0
0.00017981099,0
0.00012052317,0
2.5133431e-05,0
0.002172939,0
3.323496e-05,0
1.4025682e-05,0
2.3341685e-05,0
2.0811114e-05,0
6.3398904e-05,0
4.3291562e-05,0
0.00011726336,0
1.5910553e-05,0
0.004240305,0
4.5552002e-05,0
3.4462453e-05,0
2.6732958e-05,0
0.0002270549,0
5.270418e-05,0
9.7752934e-05,0
0.00010816477,0
0.0012057509,0
6.0868086e-05,0
2.6789201e-05,0
0.00011271687,0
2.8540217e-05,0
2.687251e-05,0
3.9982067e-05,0
0.0004954468,0
0.00012926201,0
0.0002414937,0
0.0002207496,0
9.980169e-05,0
2.1095622e-05,0
2.9756458e-05,0
3.8019185e-05,0
4.713999e-05,0
0.000102984995,0
4.1577423e-05,0
1.7204704e-05,0
1.2282913e-05,0
1.3451219e-05,0
2.367946e-05,0
5.1001836e-05,0
1.9442985e-05,0
0.00014818573,0
2.2804377e-05,0
0.00011906549,0
1.6794633e-05,0
1.0089095e-05,0
4.6120265e-05,0
2.7815528e-05,0
2.57746e-05,0
0.0028030667,0
1.6299322e-05,0
2.1129732e-05,0
9.9262565e-05,0
0.00022510937,0
2.7748336e-05,0
6.2725165e-05,0
0.007879209,0
4.6019755e-05,0
2.0683368e-05,0
1.8761153e-05,0
4.841451e-05,0
5.3044438e-05,0
5.8181868e-05,0
5.8444948e-05,0
2.3974986e-05,0
0.00013835763,0
0.00084686436,0
0.004386461,0
4.773011e-05,0
0.0019380853,0
0.00010000433,0
4.8212238e-05,0
0.0007049099,0
2.8886174e-05,0
1.02275535e-05,0
0.0044538355,0
9.181946e-05,0
0.0035804585,0
4.8096223e-05,0
2.0211804e-05,0
4.618307e-05,0
0.00010585146,0
3.158546e-05,0
1.3723111e-05,0
5.6831002e-05,0
5.1001865e-05,0
8.4832594e-05,0
8.087034e-05,0
2.9606364e-05,0
0.0016317932,0
2.2204482e-05,0
0.00010906298,0
2.0668005e-05,0
0.00010940807,0
5.2717187e-05,0
4.1566454e-05,0
0.00027724798,0
0.00011502602,0
0.020916972,0
2.5437643e-05,0
0.00013369789,0
2.9841392e-05,0
0.009548261,0
4.8796705e-05,0
6.247611e-05,0
8.6754684e-05,0
0.00041237735,0
4.6264606e-05,0
1.784933e-05,0
0.007860672,0
3.238984e-05,0
0.028287461,0
2.3912678e-05,0
0.0001844283,0
3.39194e-05,0
0.00015410465,0
0.0005473719,0
0.0004863728,0
3.1703126e-05,0
6.8803194e-05,0
2.1452393e-05,0
6.746173e-05,0
5.962757e-05,0
1.1680667e-05,0
8.711824e-05,0
7.2783754e-05,0
4.354205e-05,0
2.7507256e-05,0
2.0272451e-05,0
0.000120357756,0
4.1991032e-05,0
2.1121088e-05,0
4.8181864e-05,0
0.00013872786,0
2.4683244e-05,0
3.6470272e-05,0
4.6920508e-05,0
0.002500218,0
2.9996603e-05,0
4.354609e-05,0
0.0006023865,0
0.00018625773,0
0.00093777827,0
2.2737584e-05,0
2.222935e-05,0
3.888714e-05,0
0.00020858893,0
9.8530385e-05,0
1.4580674e-05,0
0.0017261832,0
0.00065179466,0
2.1396245e-05,0
0.017362276,0
3.0521143e-05,0
2.286048e-05,0
0.00020353368,0
2.0268879e-05,0
9.885779e-05,0
2.5351892e-05,0
1.6609596e-05,0
1.6910279e-05,0
0.00013123096,0
9.762754e-05,0
1.4827687e-05,0
0.00022320967,0
0.0011937039,0
2.1170037e-05,0
3.6471927e-05,0
2.6746635e-05,0
2.830115e-05,0
3.2081338e-05,0
0.00010331589,0
0.00044816412,0
2.0382107e-05,0
5.1588962e-05,0
4.4988414e-05,0
4.6884426e-05,0
0.00010330594,0
0.0011834637,0
2.012651e-05,0
2.8947286e-05,0
4.7513095e-05,0
1.7179083e-05,0
1.4405778e-05,0
0.0014052634,0
2.0332569e-05,0
0.0010913272,0
4.5107903e-05,0
3.5102225e-05,0
7.422409e-05,0
4.8618753e-05,0
0.00020514884,0
2.2206725e-05,0
0.0009804517,0
2.5128516e-05,0
0.010971249,0
1.6039718e-05,0
2.8433551e-05,0
5.8804002e-05,0
2.112039e-05,0
1.5513962e-05,0
1.5406658e-05,0
0.00010126411,0
2.863979e-05,0
6.660183e-05,0
1.4473912e-05,0
0.00014405951,0
5.6614965e-05,0
3.942128e-05,0
2.323149e-05,0
2.2696046e-05,0
4.3069576e-05,0
2.2364431e-05,0
2.4473873e-05,0
0.030107245,0
2.7884995e-05,0
1.5099982e-05,0
1.3125731e-05,0
0.00010669933,0
1.9297184e-05,0
9.984252e-05,0
2.3425127e-05,0
4.765088e-05,0
0.00028311196,0
0.0031415294,0
1.9453279e-05,0
0.00012001433,0
2.1893942e-05,0
5.0961276e-05,0
9.484409e-05,0
1.6972514e-05,0
2.8553775e-05,0
0.0007062031,0
4.858082e-05,0
1.46135335e-05,0
5.719452e-05,0
0.012859709,0
0.00010736554,0
0.00032875346,0
1.8138884e-05,0
5.3593805e-05,0
6.43498e-05,0
2.7220638e-05,0
5.9803984e-05,0
2.385234e-05,0
2.8951737e-05,0
1.4851009e-05,0
1.8043815e-05,0
9.667456e-05,0
9.535327e-05,0
3.7378933e-05,0
2.4819508e-05,0
2.8694885e-05,0
5.8014986e-05,0
2.8743952e-05,0
5.0936113e-05,0
0.00018008142,0
4.486965e-05,0
2.0980284e-05,0
9.379042e-05,0
1.9242247e-05,0
8.5323205e-05,0
0.004176346,0
1.9274241e-05,0
0.0013322599,0
1.8201306e-05,0
2.524447e-05,0
0.0013262026,0
1.930768e-05,0
1.9593834e-05,0
9.850353e-06,0
1.9194416e-05,0
3.1906486e-05,0
3.0418283e-05,0
6.432972e-05,0
5.2980933e-05,0
0.004370625,0
1.4389162e-05,0
4.095096e-05,0
4.9526454e-05,0
8.579399e-05,0
1.7049524e-05,0
5.68474e-05,0
2.1114844e-05,0
3.4406818e-05,0
2.3757517e-05,0
0.00010486144,0
4.512433e-05,0
9.794184e-05,0
0.00010023866,0
5.099507e-05,0
1.9802224e-05,0
0.00013323054,0
4.6534875e-05,0
5.6918685e-05,0
2.3035685e-05,0
2.1282875e-05,0
1.9175877e-05,0
1.19502065e-05,0
1.6928778e-05,0
0.00016603463,0
9.447629e-05,0
5.5346758e-05,0
0.00012290778,0
1.9249175e-05,0
0.0001959823,0
1.5418838e-05,0
0.0003830845,0
0.00071947096,0
1.687607e-05,0
1.458793e-05,0
7.5438686e-05,0
0.00015179739,0
5.6846333e-05,0
5.774396e-05,0
1.940021e-05,0
4.8239093e-05,0
7.422409e-05,0
0.0029457286,0
0.0004916411,0
0.00052209786,0
1.9982988e-05,0
6.350414e-05,0
2.1327864e-05,0
4.137797e-05,0
0.00039247356,0
0.010205704,0
2.7502403e-05,0
3.3035507e-05,0
3.0477508e-05,0
1.4301885e-05,0
1.9909112e-05,0
1.96564e-05,0
0.00020205663,0
6.7457986e-05,0
0.0022386673,0
0.015361611,0
4.190709e-05,0
3.0279522e-05,0
2.5070502e-05,0
0.008433895,0
0.00029099835,0
2.5599826e-05,0
2.3125562e-05,0
0.00029088935,0
0.00013700225,0
0.00024137313,0
0.00016716913,0
2.7050373e-05,0
0.0014071503,0
0.0021490618,0
0.001023677,0
0.0002473984,0
2.1802143e-05,0
5.720396e-05,0
0.0001241841,0
0.0005127622,0
0.00010295188,0
0.0015445303,0
2.0845282e-05,0
4.520406e-05,0
0.001385197,0
8.217218e-05,0
3.2310603e-05,0
5.2232645e-05,0
1.9966548e-05,0
2.131048e-05,0
3.9972565e-05,0
9.616742e-05,0
8.994861e-05,0
4.34264e-05,0
2.1824395e-05,0
4.4686953e-05,0
0.00070004887,0
5.5862434e-05,0
3.5185247e-05,0
5.9414444e-05,0
5.4531058e-05,0
5.5826982e-05,0
1.969114e-05,0
0.000101324666,0
8.179475e-05,0
4.2106498e-05,0
0.0068798964,0
0.00045022392,0
4.9008366e-05,0
0.0073652035,0
2.1725851e-05,0
2.2669015e-05,0
2.8929408e-05,0
0.0010732327,0
0.021541636,0
0.0026247369,0
1.47862975e-05,0
3.5568708e-05,0
2.4933635e-05,0
0.000113678856,0
4.805772e-05,0
2.7579657e-05,0
5.6559038e-05,0
1.9092857e-05,0
0.00050061295,0
3.8627353e-05,0
1.23780765e-05,0
0.00045800515,0
2.7339549e-05,0
1.6354108e-05,0
0.00020226013,0
0.00094940135,0
0.00050160056,0
1.29467235e-05,0
6.709755e-05,0
0.00018422249,0
2.8331528e-05,0
1.8157578e-05,0
2.4171852e-05,0
2.396135e-05,0
1.5407591e-05,0
0.0015290511,0
5.4353273e-05,0
2.118435e-05,0
2.0929581e-05,0
0.00024525484,0
1.974773e-05,0
2.424949e-05,0
0.00067308353,0
8.862461e-05,0
8.0751415e-05,0
0.0001965859,0
0.0005822585,0
2.0375168e-05,0
9.4970885e-05,0
7.502842e-05,0
0.00018603477,0
0.0007591997,0
0.00012840597,0
4.2187407e-05,0
5.2140476e-05,0
1.922279e-05,0
2.3052235e-05,0
2.366691e-05,0
0.00031616475,0
0.00015045551,0
0.0144235175,0
0.0019921905,0
0.00018333434,0
0.00012030717,0
0.00050492847,0
5.247897e-05,0
6.9876296e-05,0
2.2488804e-05,0
3.777163e-05,0
2.0525897e-05,0
2.6173388e-05,0
5.854512e-05,0
5.5715635e-05,0
7.7168916e-05,0
2.1177284e-05,0
9.80722e-05,0
4.1064053e-05,0
4.5815836e-05,0
2.7627482e-05,0
0.011674662,0
0.00012726271,0
0.00011243845,0
0.010661918,0
2.6775671e-05,0
2.6927635e-05,0
8.8428525e-05,0
5.0931045e-05,0
0.00043104932,0
0.0004297101,0
1.573709e-05,0
0.00023260248,0
0.000101921134,0
0.012981704,0
2.6959086e-05,0
1.3540156e-05,0
4.8487385e-05,0
8.110322e-05,0
0.00017500493,0
6.359753e-05,0
4.9744034e-05,0
2.4908997e-05,0
0.00013454062,0
1.9441572e-05,0
2.2148755e-05,0
1.799821e-05,0
1.3245758e-05,0
1.7258453e-05,0
1.553148e-05,0
0.00026596562,0
6.0770377e-05,0
0.00075279514,0
0.000114750095,0
1.9272722e-05,0
0.0001127378,0
0.00010356509,0
8.3862695e-05,0
6.224914e-05,0
0.000105986925,0
0.00010168262,0
4.8627142e-05,0
0.000116796546,0
2.6309173e-05,0
1.5736185e-05,0
0.00013411514,0
0.0009081178,0
2.2280481e-05,0
0.002261329,0
5.385904e-05,0
1.7601742e-05,0
1.3922208e-05,0
8.720782e-05,0
0.00044740847,0
4.8735637e-05,0
0.00012153652,0
0.0006151219,0
9.791629e-05,0
2.0715295e-05,0
0.0001245001,0
3.787841e-05,0
0.00062127155,0
2.2321257e-05,0
1.925659e-05,0
1.800567e-05,0
4.9347516e-05,0
2.0684101e-05,0
1.502381e-05,0
1.9500905e-05,0
3.4131328e-05,0
2.720202e-05,0
0.0003524117,0
2.4981258e-05,0
5.1665833e-05,0
2.851918e-05,0
1.2331872e-05,0
0.00022903136,0
4.860382e-05,0
3.410169e-05,0
0.00029188793,0
3.4764867e-05,0
3.571663e-05,0
1.935861e-05,0
7.4743155e-05,0
9.849383e-05,0
5.16104e-05,0
7.6137374e-05,0
3.9148184e-05,0
0.013133675,0
0.0003467091,0
6.6416455e-05,0
5.782444e-05,0
0.00059202616,0
0.00024976226,0
5.5317796e-05,0
1.6568036e-05,0
6.765996e-05,0
2.4904253e-05,0
0.00022759821,0
0.0005625282,0
5.2166055e-05,0
1.4346681e-05,0
2.047087e-05,0
5.3997544e-05,0
0.00020066986,0
1.7655795e-05,0
2.7427992e-05,0
0.0019707326,0
0.0061810873,0
0.00013794005,0
2.6416987e-05,0
3.1495638e-05,0
0.0007401567,0
0.0002008415,0
1.3396071e-05,0
0.00013788216,0
9.684782e-05,0
4.685365e-05,0
0.0008663944,0
0.00043806003,0
3.0754873e-05,0
1.9725465e-05,0
2.4361907e-05,0
1.5276846e-05,0
2.0376874e-05,0
0.00059900264,0
5.0795046e-05,0
2.2233611e-05,0
2.6396294e-05,0
0.001338832,0
0.0009650939,0
3.2267275e-05,0
0.00036992767,0
0.00024891342,0
5.3789314e-05,0
5.3506283e-05,0
2.264418e-05,0
2.6754627e-05,0
0.00017953051,0
2.0848312e-05,0
3.301801e-05,0
0.0008441826,0
8.458795e-05,0
2.7171967e-05,0
0.0001043708,0
0.014320518,0
9.8064425e-05,0
1.5385773e-05,0
9.742976e-05,0
2.1054622e-05,0
2.6709244e-05,0
0.0026540572,0
0.0009650347,0
0.00035043544,0
4.8239082e-05,0
0.0099484585,0
0.007866889,0
5.818909e-05,0
2.0923859e-05,0
3.1092106e-05,0
0.0015433303,0
0.00013557024,0
0.00026679048,0
1.3865327e-05,0
0.00014812702,0
0.00020783942,0
4.6875277e-05,0
0.0001457734,0
2.7165821e-05,0
0.0001876894,0
2.2502647e-05,0
5.658736e-05,0
0.00043956185,0
4.9239043e-05,0
0.00013468471,0
2.3033383e-05,0
6.589825e-05,0
2.6417085e-05,0
0.0035892315,0
9.442833e-05,0
1.7321832e-05,0
5.139208e-05,0
2.5854419e-05,0
3.3311357e-05,0
8.650288e-05,0
1.8403292e-05,0
0.0001505226,0
2.4626645e-05,0
4.8201975e-05,0
5.818711e-05,0
0.00014732039,0
0.0019964771,0
0.0057690735,0
5.5407374e-05,0
0.008984522,0
2.174451e-05,0
1.1942549e-05,0
2.1806398e-05,0
0.00043295833,0
4.6405337e-05,0
8.8179906e-05,0
6.529839e-05,0
5.148194e-05,0
0.00028715603,0
0.004331425,0
3.145152e-05,0
0.00017209632,0
4.3879663e-05,0
0.00018960173,0
1.4832355e-05,0
3.912452e-05,0
0.002823482,0
0.00021721672,0
0.010772002,0
4.847474e-05,0
1.919845e-05,0
5.441685e-05,0
1.6388954e-05,0
0.0029492723,0
2.5388512e-05,0
3.0523373e-05,0
0.00023717638,0
3.3089324e-05,0
1.9280487e-05,0
0.0004657648,0
5.0301278e-05,0
1.5033267e-05,0
2.2145981e-05,0
9.137077e-05,0
0.00016704088,0
2.073693e-05,0
0.0020622178,0
1.5382071e-05,0
2.3264487e-05,0
6.545087e-05,0
6.786836e-05,0
3.1711523e-05,0
0.0005082777,0
3.6390156e-05,0
0.00018129068,0
0.0013818102,0
3.885031e-05,0
0.0001522158,0
0.00061310356,0
3.8151225e-05,0
1.0895102e-05,0
4.6346257e-05,0
1.2163011e-05,0
2.4938685e-05,0
2.4920684e-05,0
3.1329942e-05,0
2.3119603e-05,0
0.00017037049,0
9.584109e-05,0
2.86033e-05,0
1.9554784e-05,0
2.1822263e-05,0
2.1864884e-05,0
0.0021074703,0
1.9347928e-05,0
7.402659e-05,0
2.9489764e-05,0
4.3730804e-05,0
0.00012248318,0
0.0003205314,0
3.361502e-05,0
3.9671544e-05,0
1.6408672e-05,0
1.3941666e-05,0
6.106039e-05,0
2.0375242e-05,0
0.00012895012,0
2.7691201e-05,0
9.8857694e-05,0
0.004218955,0
1.932119e-05,0
6.2465835e-05,0
5.2406176e-05,0
1.9561938e-05,0
1.9267974e-05,0
1.3698458e-05,0
3.991915e-05,0
0.0007019491,0
2.7322178e-05,0
8.244309e-05,0
6.023749e-05,0
0.0031450933,0
1.931881e-05,0
5.7592908e-05,0
2.3459936e-05,0
1.391641e-05,0
3.705191e-05,0
6.1726154e-05,0
0.0015412277,0
0.0004714754,0
2.8594804e-05,0
2.081476e-05,0
4.8189147e-05,0
0.0007369732,0
9.8965334e-05,0
2.3967377e-05,0
3.5856196e-05,0
0.00026362838,0
4.8266043e-05,0
2.8328668e-05,0
7.8322475e-05,0
2.2219832e-05,0
0.00047730433,0
2.6991307e-05,0
2.0067888e-05,0
4.291442e-05,0
1.7551129e-05,0
0.002188484,0
6.0798873e-05,0
0.0004916011,0
4.8958103e-05,0
0.00043507942,0
0.0006224698,0
7.4771e-05,0
0.00010334951,0
3.6464568e-05,0
5.1662453e-05,0
0.0015498516,0
0.00019667883,0
0.00059021084,0
7.602623e-05,0
2.5236539e-05,0
5.5027005e-05,0
6.730748e-05,0
9.772496e-05,0
2.4921937e-05,0
0.000103770275,0
0.00011725647,0
1.9443558e-05,0
0.012051941,0
2.2097405e-05,0
0.00010948696,0
4.9164842e-05,0
0.004957965,0
3.6116733e-05,0
3.2576965e-05,0
1.9707328e-05,0
0.00018874237,0
1.9441513e-05,0
4.775321e-05,0
4.742335e-05,0
1.0613727e-05,0
1.645e-05,0
0.00014448789,0
0.0022724357,0
2.3171004e-05,0
2.506776e-05,0
0.00011931258,0
2.8891265e-05,0
1.9210964e-05,0
0.0003792178,0
2.4392579e-05,0
1.762727e-05,0
5.451501e-05,0
2.1179247e-05,0
2.0810365e-05,0
2.8583021e-05,0
0.011423923,0
1.9710207e-05,0
0.00022414622,0
2.6817306e-05,0
0.0012060632,0
4.8487396e-05,0
1.0753792e-05,0
0.00016286243,0
2.1907752e-05,0
5.4341395e-05,0
0.00010710124,0
0.00044272075,0
0.00015279405,0
1.7737026e-05,0
1.9284571e-05,0
0.0024860806,0
3.144992e-05,0
0.0009697096,0
4.748937e-05,0
9.5544805e-05,0
0.002687847,0
2.6490457e-05,0
1.8021527e-05,0
0.00023557268,0
0.00012138349,0
5.396598e-05,0
4.4222743e-05,0
1.9886338e-05,0
0.00016038891,0
0.00010258104,0
0.00039523546,0
0.0009215826,0
3.439532e-05,0
6.766685e-05,0
0.00011304097,0
5.4155305e-05,0
0.00015629738,0
2.2581073e-05,0
2.1220974e-05,0
1.6728492e-05,0
0.00043971062,0
2.6419375e-05,0
0.00069091615,0
3.5844103e-05,0
1.7232567e-05,0
6.533598e-05,0
1.6633783e-05,0
1.4559097e-05,0
2.0323067e-05,0
0.00017110638,0
1.989064e-05,0
0.0018082501,0
2.6552352e-05,0
0.00089659134,0
0.00016076688,0
1.0238046e-05,0
2.7033346e-05,0
1.8919158e-05,0
1.9713043e-05,0
1.4883916e-05,0
0.0021574635,0
6.895982e-05,0
5.684847e-05,0
0.00057592907,0
2.4386636e-05,0
7.651144e-05,0
1.212841e-05,0
2.1437892e-05,0
1.1017051e-05,0
1.5013068e-05,0
2.1115027e-05,0
0.00044048714,0
1.7058832e-05,0
1.9403089e-05,0
2.8753324e-05,0
0.0030455268,0
3.4680907e-05,0
0.0021212865,0
0.0011714349,0
2.375935e-05,0
2.9465526e-05,0
0.0008095,0
0.00022030153,0
9.5919175e-05,0
4.1726467e-05,0
4.9972437e-05,0
5.549566e-05,0
4.5847828e-05,0
0.00011080828,0
0.0017437035,0
4.570354e-05,0
1.9203893e-05,0
2.5154111e-05,0
5.0248105e-05,0
3.3015895e-05,0
1.645453e-05,0
8.293958e-05,0
2.1505504e-05,0
0.0031378106,0
1.1286478e-05,0
0.02179712,0
5.2301377e-05,0
6.8020396e-05,0
2.8375549e-05,0
4.0374896e-05,0
1.9184317e-05,0
1.2126592e-05,0
2.0027166e-05,0
3.360847e-05,0
2.1869859e-05,0
0.00017143054,0
2.9352013e-05,0
2.2234095e-05,0
6.782377e-05,0
4.934671e-05,0
4.9164704e-05,0
0.0019693254,0
1.9513682e-05,0
1.9072555e-05,0
4.857198e-05,0
0.0003622157,0
1.9278457e-05,0
0.00018491049,0
2.5522999e-05,0
1.1556407e-05,0
5.09394e-05,0
8.519713e-05,0
0.0002282035,0
3.4804292e-05,0
0.0021931785,0
3.094713e-05,0
0.00016544409,0
0.00013400396,0
0.0008374629,0
0.00012722974,0
2.8277107e-05,0
4.8602276e-05,0
1.177953e-05,0
1.4024524e-05,0
1.9584759e-05,0
0.00036682052,0
2.0305377e-05,0
2.8256829e-05,0
2.2340988e-05,0
0.0006266811,0
3.1180538e-05,0
5.9931255e-05,0
0.00010517271,0
0.00019487033,0
0.00010432429,0
4.729429e-05,0
0.0013583832,0
8.272274e-05,0
1.2622443e-05,0
2.5033216e-05,0
4.5335233e-05,0
2.4336148e-05,0
0.0047633587,0
9.1064634e-05,0
5.4294098e-05,0
0.00039968904,0
5.7616562e-05,0
1.8259583e-05,0
0.00012798308,0
5.291126e-05,0
6.227882e-05,0
1.728861e-05,0
7.015171e-05,0
2.1825159e-05,0
9.602072e-06,0
6.706627e-05,0
5.6701403e-05,0
0.0005760226,0
0.00027069257,0
0.00046530226,0
5.378582e-05,0
4.078316e-05,0
0.00013673911,0
7.535296e-05,0
0.00014586952,0
2.0957956e-05,0
1.9466688e-05,0
3.8454786e-05,0
3.186512e-05,0
3.1326395e-05,0
5.408824e-05,0
2.751497e-05,0
9.8354365e-05,0
4.826061e-05,0
3.1455078e-05,0
2.8463619e-05,0
0.013219845,0
6.5940105e-05,0
8.914491e-05,0
0.00022126647,0
5.2510823e-05,0
0.00021933443,0
3.92903e-05,0
2.8396496e-05,0
5.6511988e-05,0
3.087162e-05,0
0.0019441796,0
0.00015385078,0
6.686748e-05,0
0.0002439755,0
5.4204917e-05,0
2.4736803e-05,0
5.096735e-05,0
1.9366018e-05,0
0.000500251,0
4.519427e-05,0
1.2422133e-05,0
2.8579007e-05,0
0.00030541507,0
8.466646e-05,0
0.0033987071,0
0.00063803286,0
1.293713e-05,0
0.00034714054,0
0.000149354,0
2.4686864e-05,0
7.5931865e-05,0
9.738247e-05,0
2.0732008e-05,0
3.0012536e-05,0
0.0001521947,0
0.005981124,0
2.0291725e-05,0
1.0520228e-05,0
1.5096006e-05,0
1.3350087e-05,0
3.297977e-05,0
0.00030620693,0
9.782933e-05,0
0.006713278,0
1.2457165e-05,0
0.0003563227,0
9.951077e-05,0
2.1861351e-05,0
1.9379435e-05,0
2.1116177e-05,0
1.37931365e-05,0
0.006917305,0
0.009083415,0
4.9861144e-05,0
2.5918425e-05,0
1.7834831e-05,0
2.6745356e-05,0
2.0074545e-05,0
4.876831e-05,0
6.004483e-05,0
1.6395888e-05,0
2.298997e-05,0
0.0056027146,0
1.2196148e-05,0
2.8069386e-05,0
0.00015236837,0
2.517651e-05,0
8.7834625e-05,0
0.00092168455,0
0.00022869039,0
0.00021374565,0
2.2070662e-05,0
1.0990279e-05,0
2.0071848e-05,0
2.7557908e-05,0
4.1197458e-05,0
2.5900505e-05,0
4.24303e-05,0
1.8253451e-05,0
0.00019285969,0
2.4568302e-05,0
0.019092955,0
2.247501e-05,0
0.000114393326,0
2.054567e-05,0
0.0006659112,0
0.0001015035,0
7.826425e-05,0
0.0001390026,0
2.3154958e-05,0
1.2083048e-05,0
2.2992579e-05,0
0.0003821613,0
2.7920392e-05,0
1.9871084e-05,0
9.918759e-05,0
6.6900866e-05,0
1.9553941e-05,0
0.0008204102,0
2.7000147e-05,0
0.00014924482,0
0.0009915062,0
1.9883464e-05,0
8.302454e-05,0
5.3007218e-05,0
0.00015471352,0
0.000112714624,0
4.492811e-05,0
3.1466367e-05,0
3.426942e-05,0
0.00011643722,0
4.244121e-05,0
3.052571e-05,0
6.6250635e-05,0
2.5656636e-05,0
1.9280636e-05,0
0.000112553294,0
7.2764604e-05,0
9.411671e-05,0
2.775123e-05,0
2.5291358e-05,0
7.085611e-05,0
7.059746e-05,0
7.173204e-05,0
3.0496865e-05,0
0.004198412,0
2.072613e-05,0
8.5236956e-05,0
1.5719801e-05,0
1.0315754e-05,0
3.47944e-05,0
0.0030947472,0
1.9564737e-05,0
0.0006961661,0
2.1246346e-05,0
6.052536e-05,0
9.8046825e-05,0
0.00021093208,0
0.0001905975,0
6.280893e-05,0
1.04632545e-05,0
1.1867458e-05,0
0.0002106143,0
5.5386587e-05,0
4.4165205e-05,0
2.006954e-05,0
2.1021982e-05,0
1.9352858e-05,0
2.6951782e-05,0
0.00016017497,0
1.177733e-05,0
1.9117597e-05,0
2.496547e-05,0
0.00017634459,0
2.2103093e-05,0
2.7757655e-05,0
2.3072307e-05,0
2.0749487e-05,0
0.0032066673,0
0.0012950633,0
0.00011756255,0
0.0011149098,0
1.9931966e-05,0
3.4029676e-05,0
0.006714111,0
1.3889932e-05,0
1.5412574e-05,0
2.7013713e-05,0
1.2286052e-05,0
2.5008158e-05,0
8.0446975e-05,0
0.000110362824,0
2.043028e-05,0
1.9269954e-05,0
1.9967001e-05,0
0.00011271386,0
1.9891324e-05,0
0.012355119,0
5.2070034e-05,0
1.9878642e-05,0
0.004200315,0
2.8573058e-05,0
2.0416835e-05,0
0.00013507105,0
0.0002813568,0
1.575372e-05,0
4.4379445e-05,0
6.517254e-05,0
2.182502e-05,0
0.0002497616,0
9.9852776e-05,0
0.00083966507,0
4.7969937e-05,0
0.0014230452,0
3.150454e-05,0
0.00021539052,0
1.4801069e-05,0
2.8826707e-05,0
0.00083468796,0
0.00018903907,0
0.00024316982,0
5.3216463e-05,0
4.870826e-05,0
0.0019350478,0
3.4410572e-05,0
4.8727277e-05,0
9.6510244e-05,0
4.734612e-05,0
0.00015867084,0
1.2093063e-05,0
2.1697815e-05,0
1.688673e-05,0
7.28336e-05,0
0.00010720843,0
2.8421086e-05,0
9.244318e-05,0
5.1077786e-05,0
2.0107851e-05,0
4.42777e-05,0
0.0019505895,0
7.930181e-05,0
1.635991e-05,0
4.842214e-05,0
1.8341738e-05,0
5.1441108e-05,0
0.0006936761,0
1.5292539e-05,0
0.0010440557,0
2.1386113e-05,0
2.107143e-05,0
1.0429832e-05,0
9.451712e-05,0
6.469278e-05,0
0.00049866654,0
9.603659e-05,0
0.0015347574,0
0.00011733138,0
0.0001308346,0
4.538832e-05,0
5.644041e-05,0
1.5199321e-05,0
5.010229e-05,0
1.3075639e-05,0
5.461957e-05,0
2.0013402e-05,0
0.00022691781,0
0.00038991208,0
0.000121307254,0
1.4526329e-05,0
1.8618552e-05,0
7.7268356e-05,0
0.00035544552,0
1.7491413e-05,0
2.7738804e-05,0
3.032301e-05,0
0.00013187209,0
1.9682937e-05,0
5.7017925e-05,0
5.2925967e-05,0
1.7716613e-05,0
2.4067733e-05,0
9.569458e-05,0
2.1447167e-05,0
1.5611307e-05,0
3.9975297e-05,0
2.2210532e-05,0
1.6848691e-05,0
0.0007799948,0
0.0010571675,0
0.00034083077,0
5.172394e-05,0
4.984874e-05,0
6.7241504e-05,0
2.0245738e-05,0
0.00018073608,0
3.0243997e-05,0
2.2982922e-05,0
2.8338507e-05,0
2.2431168e-05,0
0.0020678742,0
2.2890767e-05,0
0.00012212644,0
4.785713e-05,0
1.9189985e-05,0
0.00021546849,0
4.8274695e-05,0
5.1009403e-05,0
0.011710509,0
5.254498e-05,0
5.369879e-05,0
0.0006981383,0
5.58547e-05,0
2.69404e-05,0
0.00042989705,0
2.57649e-05,0
5.6826608e-05,0
0.000116146024,0
3.3709457e-05,0
0.0036833151,0
1.8800167e-05,0
0.000105414554,0
3.5524903e-05,0
3.7080747e-05,0
3.3474375e-05,0
7.492938e-05,0
0.00038368706,0
5.2332158e-05,0
1.8002691e-05,0
1.9742574e-05,0
2.6773507e-05,0
0.00020662852,0
1.9905829e-05,0
0.0007729359,0
0.00014599613,0
2.4234008e-05,0
0.00052494125,0
5.3971908e-05,0
6.4754255e-05,0
3.7091093e-05,0
0.00017136565,0
9.106105e-06,0
2.3408922e-05,0
2.134334e-05,0
1.3060057e-05,0
2.4069768e-05,0
0.00011560882,0
0.0001676445,0
3.402907e-05,0
0.001307616,0
4.6949797e-05,0
0.00019387697,0
5.2881216e-05,0
0.0014959308,0
0.00085923116,0
1.9723455e-05,0
2.854007e-05,0
5.535557e-05,0
9.821062e-05,0
7.664457e-05,0
6.160241e-05,0
9.485648e-05,0
0.00013145334,0
4.4141994e-05,0
2.0364098e-05,0
1.074868e-05,0
2.2525706e-05,0
2.3563782e-05,0
0.0001775675,0
1.9415465e-05,0
0.000183586,0
0.00020393667,0
5.0683324e-05,0
1.9432258e-05,0
1.9375697e-05,0
0.0015280341,0
0.00017295354,0
0.0058559044,0
1.36270755e-05,0
2.85985e-05,0
1.0361443e-05,0
2.1814503e-05,0
2.3146378e-05,0
1.2028625e-05,0
2.3642044e-05,0
0.01079901,0
0.0010601291,0
5.3767442e-05,0
6.6873945e-05,0
2.559504e-05,0
1.1609375e-05,0
2.2161876e-05,0
2.587046e-05,0
0.00052867655,0
3.7940445e-05,0
3.4443303e-05,0
0.00011807063,0
5.3783224e-05,0
0.001617437,0
2.0535623e-05,0
9.599017e-05,0
2.9294912e-05,0
0.008199216,0
1.6417893e-05,0
2.3858114e-05,0
5.412905e-05,0
1.4095688e-05,0
0.0002913768,0
1.9205263e-05,0
6.750371e-05,0
0.00043616927,0
1.7901068e-05,0
1.9880683e-05,0
7.734661e-05,0
0.00023788841,0
1.7779541e-05,0
1.9270841e-05,0
2.0814974e-05,0
1.3897743e-05,0
3.3524862e-05,0
2.7852037e-05,0
6.6424655e-05,0
9.497875e-05,0
0.00033644203,0
0.0013859661,0
4.2854066e-05,0
0.009683135,0
2.189383e-05,0
5.2557567e-05,0
1.9393909e-05,0
0.013398765,0
2.7096867e-05,0
0.003567178,0
0.00013134682,0
0.0011717839,0
9.6499265e-05,0
2.2053371e-05,0
1.1608618e-05,0
2.847059e-05,0
0.0001843785,0
4.950542e-05,0
0.00016164001,0
5.411249e-05,0
0.00019311866,0
2.1448981e-05,0
1.3207743e-05,0
1.9445504e-05,0
2.4063214e-05,0
2.4649127e-05,0
7.716292e-05,0
2.985821e-05,0
1.4226841e-05,0
6.7221765e-05,0
0.00013531798,0
5.12341e-05,0
2.0537103e-05,0
6.291745e-05,0
2.6835518e-05,0
2.5714708e-05,0
4.8264606e-05,0
1.8339442e-05,0
0.0002130392,0
2.245252e-05,0
9.2975526e-05,0
2.3202503e-05,0
0.0002712037,0
0.00044057268,0
0.00021082156,0
4.496096e-05,0
2.094942e-05,0
4.5564655e-05,0
5.5258482e-05,0
3.924729e-05,0
2.0156664e-05,0
1.4074024e-05,0
4.5315846e-05,0
0.0027717997,0
9.9466604e-05,0
8.532916e-05,0
5.7836503e-05,0
0.0063277194,0
2.0883297e-05,0
1.9892732e-05,0
0.00149897,0
4.919862e-05,0
0.00030903795,0
0.00018846612,0
4.8987997e-05,0
3.3612854e-05,0
3.1810083e-05,0
5.537968e-05,0
5.1207793e-05,0
0.000112096284,0
4.5154484e-05,0
0.00013613915,0
7.659805e-05,0
3.1132655e-05,0
1.9878351e-05,0
0.0005214494,0
0.00972174,0
1.6341715e-05,0
2.2259877e-05,0
4.0303257e-05,0
2.502048e-05,0
1.3951067e-05,0
0.00052989635,0
0.009120097,0
0.00019329133,0
2.8723596e-05,0
0.0016042008,0
0.00074230955,0
0.0013042449,0
6.7413275e-05,0
1.4306073e-05,0
0.00053146225,0
2.2807235e-05,0
0.0001870288,0
9.8984885e-05,0
2.6947815e-05,0
0.000106461055,0
0.00023356543,0
2.5099152e-05,0
0.001229889,0
0.00016117492,0
1.930466e-05,0
1.8067503e-05,0
3.8349423e-05,0
2.586731e-05,0
3.269515e-05,0
2.2151278e-05,0
0.00017582747,0
0.0034715913,0
4.747354e-05,0
2.4726573e-05,0
0.00042295296,0
0.0003053111,0
1.39957465e-05,0
1.7590637e-05,0
2.1347416e-05,0
2.4924982e-05,0
0.00016129034,0
0.00015728902,0
2.181011e-05,0
0.0001460596,0
0.000102104124,0
0.0001728353,0
3.8829374e-05,0
0.00023892325,0
0.00038248484,0
2.097233e-05,0
3.1906875e-05,0
2.6246204e-05,0
1.9271502e-05,0
1.3390207e-05,0
0.000104157734,0
0.0004657834,0
2.1492e-05,0
0.00011361228,0
1.7080729e-05,0
4.8434336e-05,0
2.3952705e-05,0
2.718421e-05,0
0.00024538522,0
2.7647557e-05,0
8.927495e-05,0
1.2729705e-05,0
3.902056e-05,0
6.501969e-05,0
4.6076388e-05,0
1.8669838e-05,0
1.9507983e-05,0
0.00012715394,0
0.0004877327,0
3.7169048e-05,0
1.3805938e-05,0
9.592338e-05,0
0.00018211601,0
0.00829432,0
1.20292625e-05,0
2.0937496e-05,0
3.7503985e-05,0
4.9765447e-05,0
1.8833147e-05,0
0.00021376369,0
0.0036202178,0
1.5720001e-05,0
1.7754513e-05,0
3.8361413e-05,0
2.0112317e-05,0
2.2613573e-05,0
6.409959e-05,0
1.8854078e-05,0
2.401169e-05,0
5.845151e-05,0
0.00010880211,0
0.00026547033,0
2.0770458e-05,0
5.298371e-05,0
1.8279667e-05,0
2.8262411e-05,0
2.1711605e-05,0
0.00011443947,0
0.00019779574,0
9.297692e-05,0
2.4769173e-05,0
1.9400843e-05,0
2.2209357e-05,0
2.412085e-05,0
6.951016e-05,0
1.0650764e-05,0
0.0050919885,0
1.5136994e-05,0
0.003775152,0
1.9873898e-05,0
4.8251546e-05,0
3.933606e-05,0
2.8456963e-05,0
0.0003932964,0
2.5355366e-05,0
2.2510187e-05,0
0.0007429998,0
7.963199e-05,0
2.5701038e-05,0
0.0006345671,0
2.0938138e-05,0
3.732176e-05,0
2.0853726e-05,0
5.734405e-05,0
0.0006096588,0
0.00017999209,0
9.951775e-05,0
4.0172465e-05,0
0.00426315,0
2.245809e-05,0
2.8536719e-05,0
2.863108e-05,0
4.7695205e-05,0
0.00018673926,0
0.00019984311,0
3.2071053e-05,0
0.00012988217,0
4.8246522e-05,0
9.550601e-05,0
5.460922e-05,0
2.5668409e-05,0
0.00048236456,0
5.1821946e-05,0
2.176436e-05,0
3.1437645e-05,0
0.0078063863,0
5.1841147e-05,0
0.0002595767,0
1.4839101e-05,0
2.0766534e-05,0
0.0057611275,0
3.033966e-05,0
2.0467001e-05,0
4.9176568e-05,0
2.8831597e-05,0
9.7953016e-05,0
2.573657e-05,0
2.5792011e-05,0
0.00027519788,0
0.00012218286,0
1.9407866e-05,0
0.0028381706,0
3.4450044e-05,0
3.1444033e-05,0
2.0812236e-05,0
5.2776773e-05,0
3.5361263e-05,0
2.7813707e-05,0
8.000442e-05,0
3.98514e-05,0
0.0021214657,0
0.00015639584,0
9.8383105e-05,0
0.001044749,0
6.134057e-05,0
9.6364514e-05,0
0.00018134611,0
4.170544e-05,0
0.00014039996,0
6.75552e-05,0
0.010226461,0
5.670118e-05,0
2.152449e-05,0
2.852111e-05,0
1.9397197e-05,0
5.7171965e-05,0
2.0986974e-05,0
1.972816e-05,0
1.227689e-05,0
1.969933e-05,0
1.9345112e-05,0
2.6367823e-05,0
2.2457918e-05,0
4.6059125e-05,0
1.3061506e-05,0
1.35190185e-05,0
0.015892854,0
2.1849242e-05,0
1.242744e-05,0
2.2226277e-05,0
0.000110317575,0
5.8113197e-05,0
9.698841e-05,0
0.00015295892,0
0.00012065211,0
1.9197842e-05,0
1.08530985e-05,0
2.3705077e-05,0
0.000104127925,0
3.6998317e-05,0
0.00017375313,0
2.3271808e-05,0
1.027886e-05,0
8.8997345e-05,0
2.4826018e-05,0
0.0102981515,0
4.8892685e-05,0
3.2437903e-05,0
1.5371692e-05,0
0.00010054476,0
0.0013275327,0
0.00011786442,0
1.9407133e-05,0
5.6635396e-05,0
1.9210125e-05,0
6.949878e-05,0
2.1259846e-05,0
0.009885021,0
1.3918009e-05,0
1.2147023e-05,0
1.5321202e-05,0
0.00040844682,0
2.32943e-05,0
0.0008889479,0
7.618438e-05,0
0.00014876087,0
0.00021752909,0
0.0009001321,0
2.7117812e-05,0
0.003861483,0
9.981584e-05,0
2.2204482e-05,0
5.967475e-05,0
5.5012068e-05,0
5.204416e-05,0
1.74295e-05,0
7.729979e-05,0
1.8436785e-05,0
2.2202468e-05,0
9.784504e-06,0
0.0002667909,0
1.8069202e-05,0
1.8966866e-05,0
1.6830347e-05,0
0.006780568,0
0.0007761489,0
0.00014908511,0
2.4274195e-05,0
1.5528023e-05,0
3.4315897e-05,0
0.0002493364,0
2.2030837e-05,0
0.01014326,0
8.167849e-05,0
0.000107030966,0
0.00017228875,0
0.00011211267,0
1.9455792e-05,0
0.00018793851,0
2.4774496e-05,0
7.0934846e-05,0
0.0031969724,0
8.4249885e-05,0
3.4298384e-05,0
0.00021642644,0
2.9482353e-05,0
2.7241575e-05,0
9.342683e-05,0
0.007920722,0
0.0044782916,0
1.0308251e-05,0
0.0002314159,0
0.02797411,0
9.1078815e-05,0
1.1947367e-05,0
0.0033252258,0
0.00015563089,0
2.9778514e-05,0
1.9250278e-05,0
2.665684e-05,0
0.000103781385,0
1.6554392e-05,0
5.273842e-05,0
0.0005109557,0
7.83832e-05,0
5.383047e-05,0
4.139966e-05,0
9.590336e-05,0
5.8502763e-05,0
0.00039979536,0
0.0002526805,0
2.8056607e-05,0
0.00012294525,0
6.0139526e-05,0
6.136148e-05,0
0.00015863795,0
0.0002307587,0
0.0002856969,0
0.00015592045,0
1.1788004e-05,0
0.00022449325,0
1.9247082e-05,0
0.007912611,0
0.00011667571,0
2.0607748e-05,0
2.2887121e-05,0
9.933756e-06,0
4.029259e-05,0
2.4871659e-05,0
0.00011950214,0
0.0002901591,0
6.400052e-05,0
1.275184e-05,0
4.383652e-05,0
0.0001673181,0
1.2704262e-05,0
0.00063459616,0
0.0012157118,0
2.4199862e-05,0
5.773737e-05,0
1.9548084e-05,0
2.8979637e-05,0
0.00017041388,0
0.0053723087,0
0.00072185695,0
0.0004384005,0
2.7504873e-05,0
1.9080757e-05,0
0.0002232268,0
0.0005982922,0
0.00028728243,0
0.010666531,0
9.535384e-05,0
1.592806e-05,0
2.9850113e-05,0
3.1391734e-05,0
2.4805906e-05,0
0.0010737682,0
9.940928e-05,0
7.827883e-05,0
2.1614322e-05,0
7.522104e-05,0
0.0005337001,0
4.841746e-05,0
0.007827577,0
2.728902e-05,0
2.823172e-05,0
0.00065798615,0
0.00013250459,0
0.008728347,0
1.9274168e-05,0
0.00024375148,0
0.00082476233,0
1.1528965e-05,0
4.2013868e-05,0
1.0595986e-05,0
2.1371336e-05,0
0.00015812382,0
2.260024e-05,0
1.9726309e-05,0
0.0013343215,0
0.00013837696,0
2.3792236e-05,0
2.0260564e-05,0
0.000114524395,0
0.0001610831,0
2.5254705e-05,0
4.3344447e-05,0
2.4663688e-05,0
1.1163455e-05,0
3.4559147e-05,0
0.0016182972,0
0.0067506325,0
8.862495e-05,0
0.00019996703,0
0.01265152,0
0.0052990005,0
3.725649e-05,0
0.0022263718,0
2.902768e-05,0
0.0002933442,0
4.955119e-05,0
3.2313845e-05,0
0.00017566004,0
0.0015015826,0
8.063714e-05,0
2.7963677e-05,0
4.4864213e-05,0
2.1432845e-05,0
1.8598132e-05,0
2.2824652e-05,0
0.0037086108,0
0.000201329,0
1.2555515e-05,0
2.5823494e-05,0
2.346664e-05,0
0.00013902696,0
2.1446867e-05,0
7.4057534e-05,0
2.6985728e-05,0
0.0009270292,0
4.27143e-05,0
0.022040373,0
5.3214786e-05,0
0.00010155189,0
1.8139237e-05,0
8.885484e-05,0
2.0096562e-05,0
5.1031548e-05,0
0.00022072795,0
9.303595e-05,0
9.5196614e-05,0
2.0553782e-05,0
4.776034e-05,0
0.00010107437,0
0.010780873,0
2.7504444e-05,0
2.286835e-05,0
2.6066122e-05,0
2.6112966e-05,0
2.7870028e-05,0
3.3374985e-05,0
2.9247483e-05,0
2.349536e-05,0
0.00024526243,0
2.382298e-05,0
2.6536141e-05,0
0.00016337066,0
2.3952683e-05,0
0.001624964,0
2.1787586e-05,0
0.00021926413,0
4.9366827e-05,0
0.0017853015,0
0.0013001381,0
0.0010405363,0
0.005677276,0
6.19662e-05,0
0.0005536191,0
1.4743919e-05,0
7.352849e-05,0
0.0003639139,0
2.5042345e-05,0
8.350032e-05,0
1.9573536e-05,0
5.20094e-05,0
9.624214e-05,0
0.00024368899,0
2.238599e-05,0
1.1161712e-05,0
8.712878e-05,0
0.00011485718,0
1.2494909e-05,0
0.001017514,0
4.2007734e-05,0
7.146559e-05,0
0.0004513179,0
0.00013273982,0
0.0003462046,0
9.849363e-05,0
0.00016542892,0
7.8420395e-05,0
5.9683687e-05,0
0.0072022327,0
0.0013274415,0
0.00074699306,0
0.0012996309,0
0.0011876975,0
2.3040033e-05,0
2.6012944e-05,0
5.8446232e-05,0
2.801197e-05,0
1.4706517e-05,0
2.029343e-05,0
0.0062397895,0
2.6778052e-05,0
2.940493e-05,0
5.1026662e-05,0
4.267501e-05,0
0.009386569,0
7.8654746e-05,0
0.00088963204,0
6.408968e-05,0
0.00020428399,0
0.0006177658,0
1.2288858e-05,0
1.9845857e-05,0
7.04846e-05,0
1.6692355e-05,0
0.00011091455,0
1.9711708e-05,0
9.703906e-05,0
0.000251546,0
2.5259124e-05,0
0.0021900695,0
1.0512628e-05,0
5.202796e-05,0
0.0002780089,0
0.00019308006,0
5.3368974e-05,0
2.7275544e-05,0
9.980187e-05,0
2.2201302e-05,0
4.4404103e-05,0
2.4952402e-05,0
0.00026457082,0
2.2545004e-05,0
7.808321e-05,0
5.747386e-05,0
1.4839372e-05,0
9.121377e-05,0
3.472597e-05,0
9.924562e-05,0
4.435831e-05,0
0.00018135046,0
9.8612705e-05,0
0.0016064517,0
2.364817e-05,0
5.653014e-05,0
0.007295272,0
3.0333898e-05,0
1.6837079e-05,0
5.1044066e-05,0
0.0005044645,0
5.7789563e-05,0
3.996168e-05,0
0.00076497503,0
2.7289938e-05,0
2.4036071e-05,0
0.00019885895,0
0.0067455275,0
2.2316484e-05,0
1.7876553e-05,0
7.68922e-05,0
0.00011977984,0
0.0008060128,0
2.7963668e-05,0
0.00010523091,0
9.870544e-05,0
1.6725431e-05,0
0.0011118335,0
5.819279e-05,0
1.4673042e-05,0
0.00090762944,0
1.6490105e-05,0
0.00074698153,0
2.5852753e-05,0
2.7510665e-05,0
0.00014559958,0
9.229399e-05,0
1.4537446e-05,0
0.011769012,0
8.9948335e-05,0
0.000685361,0
0.00013569635,0
6.0947477e-05,0
2.752839e-05,0
3.849155e-05,0
0.00017456462,0
5.5417553e-05,0
2.188534e-05,0
2.3955967e-05,0
9.774523e-05,0
1.0507078e-05,0
2.661133e-05,0
1.8253424e-05,0
2.302983e-05,0
0.0002505556,0
7.375188e-05,0
0.009798368,0
2.223001e-05,0
1.9290157e-05,0
1.4258471e-05,0
1.934231e-05,0
5.029876e-05,0
5.724653e-05,0
0.00042318544,0
0.000733692,0
2.8165106e-05,0
0.0010489435,0
4.108542e-05,0
0.00071708066,0
0.00056134694,0
0.00047082518,0
0.00051351625,0
9.581099e-05,0
7.792381e-05,0
0.0012722432,0
0.00056325126,0
0.010510043,0
0.00016720797,0
0.00013540543,0
2.3096212e-05,0
0.0009110295,0
3.2334006e-05,0
3.1389267e-05,0
0.000115278264,0
2.3894267e-05,0
0.00046988548,0
0.00017596243,0
2.0217938e-05,0
5.803857e-05,0
2.3268678e-05,0
0.00013187074,0
1.26002915e-05,0
1.4446477e-05,0
5.2761385e-05,0
2.0211437e-05,0
3.8596703e-05,0
3.4568213e-05,0
2.904917e-05,0
0.0008764964,0
2.0127942e-05,0
0.00280592,0
2.11148e-05,0
1.3872801e-05,0
1.7470658e-05,0
4.533568e-05,0
0.00084377883,0
0.0014258482,0
0.00019911726,0
2.7135306e-05,0
4.896541e-05,0
1.5646e-05,0
2.336096e-05,0
2.248482e-05,0
1.9704514e-05,0
0.00019650061,0
3.1137388e-05,0
1.6739265e-05,0
5.8998525e-05,0
4.438004e-05,0
3.678149e-05,0
0.0001597852,0
2.0297102e-05,0
2.4769262e-05,0
0.00013178455,0
0.0012937869,0
3.3112912e-05,0
2.1949721e-05,0
4.463164e-05,0
4.452453e-05,0
0.002062061,0
2.4453087e-05,0
2.9773446e-05,0
0.000116531395,0
0.0013045205,0
1.5673222e-05,0
1.0785485e-05,0
4.8347436e-05,0
0.00034611142,0
2.5449324e-05,0
9.687697e-05,0
2.3532059e-05,0
9.8377786e-05,0
1.909097e-05,0
1.1517677e-05,0
0.00035129298,0
3.2593984e-05,0
9.58536e-05,0
5.5548808e-05,0
0.0020906164,0
3.1960335e-05,0
0.00040965062,0
9.179694e-05,0
0.00015614617,0
2.3433005e-05,0
3.550836e-05,0
7.317925e-05,0
1.7247328e-05,0
9.292097e-05,0
7.005533e-05,0
4.174148e-05,0
2.4515106e-05,0
1.9668476e-05,0
2.9417344e-05,0
2.1944523e-05,0
0.00093493465,0
2.0346042e-05,0
0.00017513141,0
2.9881436e-05,0
0.00040088972,0
0.007910965,0
0.0001062272,0
0.0013142822,0
0.00010372535,0
0.0001494038,0
1.5553323e-05,0
2.7398379e-05,0
3.5473837e-05,0
0.00027103632,0
8.250179e-05,0
2.4045366e-05,0
1.5236073e-05,0
2.5792446e-05,0
2.4910421e-05,0
1.1808187e-05,0
2.48769e-05,0
4.4268454e-05,0
5.351848e-05,0
5.605319e-05,0
1.9135463e-05,0
5.870688e-05,0
0.000107648564,0
9.929774e-05,0
0.00035852977,0
0.0011912673,0
4.4936613e-05,0
2.7258384e-05,0
6.5338136e-05,0
2.6448894e-05,0
2.1985805e-05,0
3.145018e-05,0
2.0819434e-05,0
1.6003947e-05,0
0.0018827991,0
2.5821735e-05,0
0.0005479335,0
0.0006267284,0
2.2703902e-05,0
0.002702375,0
5.122123e-05,0
6.7231995e-05,0
1.734122e-05,0
1.3678268e-05,0
6.0179005e-05,0
0.00023815942,0
5.063433e-05,0
0.00055412995,0
0.00040089575,0
3.6787707e-05,0
9.2469105e-05,0
3.2974873e-05,0
4.116097e-05,0
0.000117767384,0
2.5260577e-05,0
1.6935535e-05,0
2.1213262e-05,0
1.8343835e-05,0
5.884627e-05,0
1.9561347e-05,0
3.5317666e-05,0
5.992259e-05,0
2.054044e-05,0
0.00041695306,0
2.0289324e-05,0
1.9342257e-05,0
1.704618e-05,0
5.0444407e-05,0
0.00012513196,0
4.9155744e-05,0
1.0890306e-05,0
0.00035102837,0
0.0007774792,0
8.280953e-05,0
4.1822146e-05,0
0.0001806506,0
0.00088766625,0
1.3124839e-05,0
2.5428406e-05,0
3.5467434e-05,0
1.3025071e-05,0
1.9231247e-05,0
1.714119e-05,0
9.1785325e-05,0
0.00014343523,0
0.008602818,0
1.988204e-05,0
0.00016574757,0
2.4014627e-05,0
1.5268733e-05,0
1.9194393e-05,0
2.8723458e-05,0
4.5157994e-05,0
2.1480462e-05,0
0.00075767573,0
2.0193525e-05,0
2.6269077e-05,0
5.426558e-05,0
5.255616e-05,0
4.6590514e-05,0
3.733182e-05,0
1.9008e-05,0
1.9389667e-05,0
0.00010399478,0
1.1121886e-05,0
1.4036086e-05,0
2.9061432e-05,0
9.7339165e-05,0
2.1455113e-05,0
8.2368766e-05,0
3.3597742e-05,0
0.0001326569,0
0.00073113426,0
0.00011545321,0
2.7174961e-05,0
6.776628e-05,0
1.920672e-05,0
1.9452022e-05,0
1.0563606e-05,0
0.0001364898,0
9.13704e-05,0
2.051088e-05,0
9.884084e-05,0
0.0021356463,0
8.585133e-05,0
9.938049e-05,0
0.0003706205,0
2.210062e-05,0
0.00035122776,0
2.4431694e-05,0
2.7879852e-05,0
1.9628083e-05,0
0.00016313922,0
4.54435e-05,0
0.00014390536,0
9.0311136e-05,0
6.752696e-05,0
3.3853743e-05,0
3.8069098e-05,0
3.0538926e-05,0
9.9154306e-05,0
4.6191526e-05,0
4.8820086e-05,0
0.0017506982,0
6.552717e-05,0
0.0025336854,0
0.00018267301,0
0.00013807467,0
3.483325e-05,0
1.493857e-05,0
2.0394174e-05,0
3.5151563e-05,0
3.413646e-05,0
6.096746e-05,0
0.0016708531,0
0.000114010225,0
9.932871e-05,0
9.965829e-05,0
0.0005681797,0
4.2326083e-05,0
2.9310178e-05,0
9.3149814e-05,0
1.0265923e-05,0
0.00097372517,0
1.925204e-05,0
0.0017189314,0
0.0011768322,0
6.0900973e-05,0
0.00042598636,0
0.0060044634,0
5.5407603e-05,0
0.00018872095,0
0.00067181763,0
0.0007065459,0
9.3359056e-05,0
3.584205e-05,0
2.1142718e-05,0
0.000103795275,0
0.012651521,0
2.7272315e-05,0
2.028959e-05,0
0.0075549916,0
3.776249e-05,0
0.0010319005,0
6.680722e-05,0
2.1163392e-05,0
1.2343391e-05,0
0.00022896634,0
7.523775e-05,0
0.00016982864,0
5.4457443e-05,0
0.00016138228,0
1.8784034e-05,0
2.5491941e-05,0
9.898463e-05,0
0.0036057013,0
2.8477949e-05,0
1.9932018e-05,0
0.00012528505,0
0.0053444495,0
5.5432985e-05,0
7.256062e-05,0
1.8918106e-05,0
2.8042776e-05,0
0.00010222123,0
0.00011902858,0
7.583475e-05,0
2.0837027e-05,0
0.00022033452,0
1.17227355e-05,0
0.00077728037,0
0.00010098318,0
0.00013793731,0
0.00016989009,0
9.924561e-05,0
1.7366798e-05,0
4.5887802e-05,0
0.00010548059,0
4.49684e-05,0
0.006915165,0
0.0022474076,0
9.563865e-05,0
1.703041e-05,0
0.0008029456,0
1.5841542e-05,0
0.00018456188,0
2.7538103e-05,0
9.837792e-05,0
9.936641e-05,0
0.000113006005,0
2.4419583e-05,0
2.054312e-05,0
2.0445163e-05,0
2.6971362e-05,0
2.7481197e-05,0
3.1092786e-05,0
8.714406e-05,0
0.00034047483,0
0.00036014235,0
0.0015063272,0
0.00084632897,0
2.7669224e-05,0
2.3010027e-05,0
0.00035738072,0
0.00015487547,0
1.9927693e-05,0
0.00056943455,0
2.0839687e-05,0
2.4381767e-05,0
0.00027631884,0
2.015074e-05,0
2.3743694e-05,0
5.7536745e-05,0
1.9360987e-05,0
0.00023648312,0
0.0006890128,0
0.0003683402,0
5.4760436e-05,0
3.854608e-05,0
1.7034674e-05,0
0.00044570366,0
2.589352e-05,0
8.521199e-05,0
0.0001051076,0
1.937503e-05,0
3.209541e-05,0
4.942972e-05,0
1.8771017e-05,0
0.0014780016,0
3.1648367e-05,0
1.51122085e-05,0
1.6148473e-05,0
2.7251708e-05,0
2.533462e-05,0
3.7036603e-05,0
0.000443097,0
0.005910589,0
3.1859683e-05,0
1.9469702e-05,0
0.0004475827,0
0.00022339303,0
9.456738e-05,0
2.3491057e-05,0
3.5611567e-05,0
1.9710613e-05,0
1.7529932e-05,0
5.5352746e-05,0
0.00016704857,0
5.2544656e-05,0
0.0002259836,0
2.1482363e-05,0
5.5441233e-05,0
0.00075714564,0
1.873046e-05,0
0.0006325007,0
1.2947315e-05,0
8.451324e-05,0
1.3694799e-05,0
2.439422e-05,0
9.979615e-05,0
1.976385e-05,0
0.00030206423,0
1.431397e-05,0
1.3574034e-05,0
4.2756314e-05,0
3.4292145e-05,0
9.8048e-05,0
0.00045017758,0
0.0006426368,0
1.9726327e-05,0
0.0001483278,0
2.7547421e-05,0
5.8225145e-05,0
1.3479333e-05,0
7.8209756e-05,0
9.590728e-05,0
4.699649e-05,0
0.00023127432,0
0.00048445252,0
0.00011193237,0
0.00015541428,0
1.1396656e-05,0
0.005261204,0
0.0005380749,0
1.8213459e-05,0
3.71123e-05,0
2.1453183e-05,0
2.162704e-05,0
1.92224e-05,0
9.756163e-05,0
4.0875973e-05,0
0.00028871713,0
2.0535206e-05,0
3.7986443e-05,0
3.9155802e-05,0
0.0012521587,0
5.9183447e-05,0
0.00015614738,0
2.3411381e-05,0
5.3055996e-05,0
5.5696968e-05,0
1.44889145e-05,0
2.0565058e-05,0
5.9678758e-05,0
2.7216938e-05,0
3.4907214e-05,0
0.0006217683,0
8.398141e-05,0
0.0045104814,0
0.0025322977,0
4.8383892e-05,0
2.4373812e-05,0
0.00027515134,0
0.003051396,0
1.1638334e-05,0
0.0013243713,0
7.963712e-05,0
5.516008e-05,0
2.8158565e-05,0
2.256122e-05,0
0.001264486,0
0.0011172979,0
1.974258e-05,0
0.0033336931,0
1.4249471e-05,0
1.9391848e-05,0
2.6894008e-05,0
7.949767e-05,0
3.6646765e-05,0
9.804672e-05,0
6.397993e-05,0
1.956205e-05,0
2.3225994e-05,0
2.1948474e-05,0
4.919553e-05,0
2.9465307e-05,0
1.92983e-05,0
1.8994773e-05,0
0.0020040402,0
3.223514e-05,0
0.00012263165,0
0.000117253054,0
2.6361899e-05,0
3.8915416e-05,0
1.3998602e-05,0
3.8040143e-05,0
0.00033324468,0
0.0002777441,0
8.1867176e-05,0
0.00015185478,0
2.5838057e-05,0
8.234486e-05,0
4.9440754e-05,0
1.1350387e-05,0
0.00060308486,0
2.1633703e-05,0
0.00014965885,0
0.00021227146,0
0.00012831936,0
1.4291798e-05,0
5.1121555e-05,0
0.011911581,0
1.9119489e-05,0
1.9406063e-05,0
9.772479e-05,0
1.2430852e-05,0
4.932758e-05,0
5.3298932e-05,0
8.710077e-05,0
9.8984616e-05,0
7.6927514e-05,0
9.2441216e-05,0
1.953887e-05,0
2.2296452e-05,0
0.00041050187,0
3.0013363e-05,0
2.0099224e-05,0
5.9421487e-05,0
3.115823e-05,0
2.6563192e-05,0
1.7976354e-05,0
0.00010164009,0
3.8307884e-05,0
2.0342295e-05,0
2.133735e-05,0
0.0044742343,0
2.1621712e-05,0
2.3979555e-05,0
8.589694e-05,0
5.628234e-05,0
2.7003774e-05,0
2.7363923e-05,0
9.861325e-05,0
6.319767e-05,0
2.6687885e-05,0
0.00035255108,0
0.00034666067,0
4.0010957e-05,0
0.007488487,0
2.2201797e-05,0
2.4231782e-05,0
1.1315855e-05,0
1.1972472e-05,0
7.740424e-05,0
8.48411e-05,0
2.0464573e-05,0
2.4228357e-05,0
7.22975e-05,0
0.0097287055,0
2.6065494e-05,0
1.6861442e-05,0
5.9132017e-05,0
1.21842795e-05,0
5.2981242e-05,0
5.2969146e-05,0
0.00040882506,0
0.00016632919,0
2.8839795e-05,0
0.000101129,0
8.976773e-05,0
5.8070822e-05,0
9.896252e-05,0
0.0004867097,0
1.4063931e-05,0
3.2751683e-05,0
0.00010874919,0
0.0010882659,0
0.001188958,0
2.0012802e-05,0
2.7711087e-05,0
0.0076459013,0
0.0046281037,0
0.00030498358,0
2.2224463e-05,0
5.1914387e-05,0
1.23080945e-05,0
0.0002668395,0
0.00013587791,0
7.995722e-05,0
0.00044370172,0
6.7541456e-05,0
2.0218557e-05,0
5.490554e-05,0
1.9240168e-05,0
0.00015385007,0
0.00039303678,0
9.589339e-05,0
0.006702721,0
3.8501224e-05,0
2.0133626e-05,0
0.0003370074,0
2.5511465e-05,0
0.00018163065,0
0.0009230171,0
0.00894425,0
4.135172e-05,0
0.0027034138,0
2.932702e-05,0
0.00018327053,0
0.00010932255,0
2.8818484e-05,0
3.5533438e-05,0
0.00011463558,0
2.0723373e-05,0
2.1827082e-05,0
2.3444296e-05,0
2.8558248e-05,0
3.3540196e-05,0
5.7859655e-05,0
0.0005316301,0
1.0722824e-05,0
4.9597707e-05,0
0.00055578985,0
0.00011285057,0
8.2239116e-05,0
4.4296376e-05,0
4.761708e-05,0
0.001230645,0
1.9624234e-05,0
2.7040884e-05,0
2.9402945e-05,0
0.00011271297,0
2.6903106e-05,0
3.2426677e-05,0
0.000115126095,0
2.0313824e-05,0
5.104654e-05,0
2.619741e-05,0
3.145369e-05,0
0.0061757406,0
0.0007332045,0
1.2826894e-05,0
4.8367972e-05,0
5.091203e-05,0
0.0076582213,0
1.9406556e-05,0
0.00043462982,0
0.00013544943,0
2.4672298e-05,0
7.4763266e-05,0
0.00037750183,0
0.0069676824,0
0.00044104166,0
9.7839504e-05,0
1.9227053e-05,0
0.00069990987,0
0.0007510849,0
2.6976151e-05,0
0.004333002,0
2.7465117e-05,0
3.319862e-05,0
9.6921605e-05,0
0.0010702279,0
0.00010241873,0
5.9462214e-05,0
1.179809e-05,0
0.0007435211,0
0.0019822894,0
5.6921916e-05,0
1.3367229e-05,0
0.0004521257,0
2.2118646e-05,0
0.0037189184,0
3.1606764e-05,0
3.6234745e-05,0
6.038525e-05,0
0.00029633983,0
3.7631977e-05,0
1.9507332e-05,0
0.0004167171,0
0.00012744436,0
2.7820659e-05,0
0.00013053107,0
0.00011692985,0
8.873435e-05,0
1.5571493e-05,0
3.1093314e-05,0
0.014779191,0
4.5172335e-05,0
1.9882094e-05,0
3.2588876e-05,0
6.284005e-05,0
0.00012131778,0
7.0682916e-05,0
1.7740877e-05,0
5.094372e-05,0
2.1809068e-05,0
0.00014907938,0
2.1456015e-05,0
2.2965705e-05,0
0.0006450792,0
0.00013706372,0
0.00010745735,0
6.31832e-05,0
0.00063382584,0
0.00011527053,0
7.8502366e-05,0
0.00052660744,0
0.0006125187,0
2.393562e-05,0
0.00030930864,0
2.8143719e-05,0
4.4094886e-05,0
6.811697e-05,0
2.0588925e-05,0
0.0008658815,0
3.3464887e-05,0
1.554952e-05,0
0.00024923836,0
0.000111764806,0
3.663136e-05,0
3.4583027e-05,0
0.00014920396,0
7.29932e-05,0
0.00014918625,0
1.9444773e-05,0
0.00019421827,0
5.5848755e-05,0
0.0004259218,0
2.555435e-05,0
0.00026803341,0
2.6619646e-05,0
1.1949836e-05,0
8.642857e-05,0
1.7161958e-05,0
0.00011706082,0
0.00010487731,0
1.9297026e-05,0
2.587805e-05,0
2.4399746e-05,0
5.3164284e-05,0
0.0002801707,0
2.0831429e-05,0
0.00018717331,0
3.1296946e-05,0
4.854259e-05,0
0.00026629187,0
0.00018647703,0
2.1168806e-05,0
2.355823e-05,0
0.00047851435,0
1.026097e-05,0
4.8060076e-05,0
0.00010264208,0
0.0015941921,0
0.0065620365,0
2.5741869e-05,0
9.181782e-05,0
6.9131354e-05,0
2.3054545e-05,0
7.979883e-05,0
3.9786926e-05,0
1.9441122e-05,0
1.3068503e-05,0
0.010452361,0
0.00014344271,0
1.9246108e-05,0
0.00027127622,0
0.0001372724,0
3.244995e-05,0
2.381186e-05,0
2.2104561e-05,0
0.0001544764,0
2.1239099e-05,0
1.9968755e-05,0
1.8563765e-05,0
4.2443364e-05,0
0.0008653874,0
0.000864884,0
1.2498257e-05,0
0.01275296,0
2.0909254e-05,0
3.319007e-05,0
0.0004841691,0
1.0247539e-05,0
1.5754033e-05,0
3.0348836e-05,0
1.6590788e-05,0
1.9018138e-05,0
1.7017697e-05,0
5.476365e-05,0
6.989802e-05,0
2.5865906e-05,0
9.7017466e-05,0
2.6945696e-05,0
0.0004058309,0
5.0948303e-05,0
3.7155845e-05,0
0.00011600404,0
0.00020319034,0
3.530623e-05,0
3.714886e-05,0
0.00020822002,0
4.8654318e-05,0
0.00013846438,0
0.0001360342,0
0.004459341,0
0.000758087,0
4.8383456e-05,0
1.8239043e-05,0
2.1020734e-05,0
2.6420348e-05,0
2.0538953e-05,0
7.3576164e-05,0
0.00029452343,0
0.00010055638,0
0.00015607322,0
8.740817e-05,0
2.4914118e-05,0
3.1765543e-05,0
2.1299504e-05,0
2.0230007e-05,0
2.3206983e-05,0
1.5265172e-05,0
0.0034337656,0
0.00014406166,0
0.0068465867,0
1.9531657e-05,0
9.7953474e-05,0
5.1709383e-05,0
2.0124486e-05,0
1.999957e-05,0
3.0449362e-05,0
7.751885e-05,0
0.010648397,0
2.5007188e-05,0
2.714642e-05,0
7.519673e-05,0
0.0010508583,0
1.2052474e-05,0
5.1487696e-05,0
1.6319122e-05,0
2.5926476e-05,0
1.2080977e-05,0
0.00012510462,0
1.8290124e-05,0
1.9516263e-05,0
3.9512677e-05,0
0.00057895464,0
2.684214e-05,0
3.471535e-05,0
4.6164696e-05,0
0.01335027,0
1.1715165e-05,0
2.255055e-05,0
2.05353e-05,0
1.0938342e-05,0
1.9439523e-05,0
2.5336622e-05,0
0.0032450082,0
4.8868063e-05,0
2.1787915e-05,0
4.7436853e-05,0
1.5255948e-05,0
1.8791565e-05,0
0.00011329315,0
3.5056306e-05,0
5.8124035e-05,0
1.4312819e-05,0
2.1462169e-05,0
2.7172642e-05,0
5.5061024e-05,0
2.6116504e-05,0
0.0037395773,0
0.0001474088,0
9.837788e-05,0
0.001380207,0
0.027506828,0
1.9672083e-05,0
0.00019376542,0
1.6124208e-05,0
0.00013375141,0
0.0009320678,0
4.9937098e-05,0
5.5651835e-05,0
0.0008561724,0
0.0071988623,0
0.00010136732,0
3.5293924e-05,0
0.008962862,0
1.9222618e-05,0
0.00012869117,0
5.1682895e-05,0
0.0039059834,0
0.00010638138,0
2.9038276e-05,0
7.503743e-05,0
1.3481282e-05,0
5.6496603e-05,0
2.972417e-05,0
0.0018370227,0
2.6479962e-05,0
5.685965e-05,0
1.8452267e-05,0
1.3571062e-05,0
1.46823695e-05,0
0.0012335064,0
2.6139101e-05,0
4.9182236e-05,0
0.00011270723,0
2.16756e-05,0
1.6961672e-05,0
2.2501608e-05,0
1.9358182e-05,0
3.116552e-05,0
2.9264122e-05,0
2.0095862e-05,0
0.0026330168,0
4.457803e-05,0
0.00015752511,0
2.3598905e-05,0
0.00013187347,0
4.997908e-05,0
1.9302972e-05,0
0.00011484177,0
1.6451755e-05,0
0.012979296,0
0.00039056508,0
0.0061906464,0
2.9213266e-05,0
1.7412745e-05,0
0.00018538603,0
0.0081826495,0
0.00012015166,0
2.7717178e-05,0
2.1327418e-05,0
2.053918e-05,0
2.2075823e-05,0
1.35235005e-05,0
0.00073828,0
2.8786335e-05,0
0.00016107643,0
1.9965268e-05,0
0.00026447535,0
1.6614566e-05,0
1.898174e-05,0
2.1236685e-05,0
6.0222843e-05,0
0.0010103561,0
0.0002254909,0
1.8819104e-05,0
5.119105e-05,0
0.00092522317,0
3.62011e-05,0
6.094342e-05,0
0.00018334064,0
3.59673e-05,0
5.7225636e-05,0
5.6369932e-05,0
4.426038e-05,0
1.8152557e-05,0
2.444458e-05,0
0.00018961991,0
3.018604e-05,0
0.00017578395,0
2.288829e-05,0
6.5463944e-05,0
0.0003746529,0
2.1946442e-05,0
1.9291063e-05,0
1.6310156e-05,0
2.5370482e-05,0
2.496972e-05,0
0.0006318684,0
5.4502376e-05,0
9.724505e-05,0
2.523338e-05,0
1.4144902e-05,0
3.1147258e-05,0
0.001259216,0
0.0004409329,0
0.0002131469,0
6.540226e-05,0
2.9235667e-05,0
0.00060173456,0
8.000873e-05,0
2.006823e-05,0
2.0194268e-05,0
6.7047695e-05,0
1.6846263e-05,0
3.1112308e-05,0
8.5117914e-05,0
2.195367e-05,0
0.0003036518,0
4.7224512e-05,0
9.36269e-05,0
8.743203e-05,0
0.00079377135,0
2.375149e-05,0
1.9591631e-05,0
3.8921968e-05,0
0.00035711433,0
1.6370961e-05,0
0.00011432778,0
2.3614966e-05,0
2.728929e-05,0
0.0004350316,0
2.9009763e-05,0
3.9670773e-05,0
0.00043685187,0
4.816127e-05,0
0.00015643737,0
9.826265e-05,0
2.2328948e-05,0
2.5176274e-05,0
4.03915e-05,0
3.5513684e-05,0
2.9300227e-05,0
0.0001958629,0
2.6863341e-05,0
3.2700147e-05,0
0.0002949359,0
0.0003079552,0
0.0004225738,0
0.01774641,0
1.2368472e-05,0
0.000102686856,0
2.736239e-05,0
0.00026106782,0
1.8707015e-05,0
5.124386e-05,0
2.564862e-05,0
0.00025633158,0
0.00010746946,0
2.4662932e-05,0
0.001127882,0
3.7359365e-05,0
7.9610974e-05,0
2.214344e-05,0
0.00047926686,0
9.047018e-05,0
3.631963e-05,0
2.8219672e-05,0
2.7285132e-05,0
0.00087407365,0
2.2045127e-05,0
7.571999e-05,0
0.00044491494,0
2.2203834e-05,0
5.504198e-05,0
6.1780986e-05,0
6.343831e-05,0
0.00021731145,0
1.751863e-05,0
0.0019750667,0
2.7493656e-05,0
2.1120959e-05,0
2.3879928e-05,0
0.0041375677,0
2.4825276e-05,0
2.822621e-05,0
2.874118e-05,0
2.2205964e-05,0
4.571824e-05,0
1.9278794e-05,0
2.1633015e-05,0
9.423965e-05,0
5.142101e-05,0
1.9222427e-05,0
2.1119586e-05,0
1.9101164e-05,0
2.0833055e-05,0
0.0002959158,0
2.7779486e-05,0
0.00031521122,0
1.0904585e-05,0
0.0028184291,0
0.00061335164,0
0.0005475722,0
1.3816536e-05,0
0.00010450575,0
0.00015203164,0
0.00011494031,0
7.3300835e-05,0
1.9273102e-05,0
1.9381258e-05,0
2.8580349e-05,0
7.5699965e-05,0
9.714851e-05,0
0.000368127,0
0.0003303721,0
0.000105673316,0
0.00013988056,0
0.0007039264,0
0.00019185353,0
6.410511e-05,0
3.895568e-05,0
3.482437e-05,0
3.417049e-05,0
0.0001361997,0
5.9864164e-05,0
5.558672e-05,0
1.5319158e-05,0
0.00012605875,0
1.3592682e-05,0
2.5938654e-05,0
0.00043496635,0
1.9392532e-05,0
3.544573e-05,0
1.3286107e-05,0
2.2098067e-05,0
0.000107882894,0
5.361154e-05,0
3.8518825e-05,0
0.0018445298,0
0.0006783987,0
0.0017815001,0
2.0301124e-05,0
1.8730732e-05,0
3.326322e-05,0
9.7839686e-05,0
2.026324e-05,0
4.8870254e-05,0
4.9320402e-05,0
2.675297e-05,0
3.7083286e-05,0
2.0160574e-05,0
0.000112334244,0
3.6969162e-05,0
2.056754e-05,0
2.5310675e-05,0
0.0030358324,0
2.4396764e-05,0
0.00041812996,0
2.1375017e-05,0
1.9298177e-05,0
6.0184495e-05,0
5.9183552e-05,0
1.6724513e-05,0
5.6429602e-05,0
1.06832495e-05,0
0.00031968637,0
4.883535e-05,0
6.0718696e-05,0
2.6131502e-05,0
0.0011947256,0
0.002109402,0
1.9456584e-05,0
3.0319703e-05,0
8.504045e-05,0
2.6791704e-05,0
1.2284993e-05,0
1.5880189e-05,0
0.00051291863,0
0.0001588593,0
2.694434e-05,0
0.00016266746,0
2.779479e-05,0
0.0006376188,0
4.457636e-05,0
5.2631305e-05,0
9.55595e-05,0
6.634763e-05,0
5.210834e-05,0
0.00036641333,0
0.00020410675,0
4.5012555e-05,0
2.3867706e-05,0
5.758489e-05,0
3.1623524e-05,0
2.0908841e-05,0
2.523371e-05,0
3.803801e-05,0
1.9301737e-05,0
1.9446308e-05,0
9.767421e-05,0
1.1871856e-05,0
4.0274088e-05,0
1.9705938e-05,0
2.498531e-05,0
4.907326e-05,0
3.576552e-05,0
0.00090663036,0
1.9561507e-05,0
0.0010505978,0
8.008965e-05,0
2.340895e-05,0
2.0502901e-05,0
0.00012932556,0
0.0001186246,0
2.875894e-05,0
8.136461e-05,0
0.00010437759,0
3.519878e-05,0
8.4315e-05,0
0.00028062842,0
0.0012070828,0
6.0123282e-05,0
0.00012457828,0
9.882879e-05,0
0.0004630966,0
1.9335266e-05,0
1.8515411e-05,0
1.9048824e-05,0
1.6826918e-05,0
2.8267252e-05,0
1.7522523e-05,0
0.0006470755,0
1.1296837e-05,0
4.826736e-05,0
0.00028209752,0
7.3806594e-05,0
4.238009e-05,0
0.00019982964,0
0.017024688,0
2.1880282e-05,0
2.9729666e-05,0
9.927479e-05,0
0.0017046969,0
0.0012916736,0
2.5300691e-05,0
0.00013017794,0
2.3391285e-05,0
2.38966e-05,0
2.3711593e-05,0
0.00012006671,0
2.2974746e-05,0
0.003480458,0
5.0092825e-05,0
0.0015525793,0
5.2876105e-05,0
2.1434806e-05,0
2.0326568e-05,0
2.7918393e-05,0
2.5387018e-05,0
1.2600924e-05,0
1.363761e-05,0
0.0008984774,0
1.6681937e-05,0
2.4672685e-05,0
2.0085696e-05,0
2.4661214e-05,0
1.5254332e-05,0
0.00020531376,0
9.463793e-05,0
2.3247074e-05,0
8.111198e-05,0
2.873356e-05,0
2.2530516e-05,0
5.970002e-05,0
0.000321557,0
7.301796e-05,0
0.00270275,0
9.8494114e-05,0
2.4697398e-05,0
5.1011597e-05,0
2.87627e-05,0
1.4301072e-05,0
2.380032e-05,0
3.3008466e-05,0
1.6129545e-05,0
0.0061427546,0
0.0009901008,0
5.3405634e-05,0
6.540194e-05,0
1.0291448e-05,0
1.92108e-05,0
1.7786791e-05,0
4.9848422e-05,0
1.545073e-05,0
3.9262814e-05,0
0.0006884024,0
1.243722e-05,0
3.9121176e-05,0
2.765061e-05,0
2.7952676e-05,0
2.1897673e-05,0
7.293683e-05,0
6.470359e-05,0
5.4993172e-05,0
4.2100375e-05,0
0.00057607354,0
8.381516e-05,0
1.6564607e-05,0
4.165604e-05,0
0.00015934893,0
1.7398315e-05,0
2.9128048e-05,0
2.6715197e-05,0
0.00020183693,0
2.0591118e-05,0
5.571306e-05,0
5.0084782e-05,0
1.2275778e-05,0
4.9089485e-05,0
2.2515274e-05,0
0.00020972957,0
0.0024449986,0
1.6433056e-05,0
9.795362e-05,0
4.8856356e-05,0
2.0607917e-05,0
0.0011732492,0
5.927365e-05,0
5.2269574e-05,0
0.0013733322,0
2.6698553e-05,0
0.0008929779,0
4.9170976e-05,0
6.1171755e-05,0
2.0099147e-05,0
2.2313134e-05,0
0.0014286417,0
6.0468592e-05,0
0.00024860667,0
0.00015611315,0
0.0007812054,0
0.018633954,0
3.429724e-05,0
0.0007537437,0
0.00013046777,0
4.4585246e-05,0
0.012981706,0
3.7751463e-05,0
0.00010354514,0
2.014034e-05,0
0.007604685,0
0.00016743681,0
3.053249e-05,0
2.2557295e-05,0
2.7074557e-05,0
0.00020800509,0
8.680444e-05,0
0.00071863417,0
2.837897e-05,0
6.7876776e-05,0
8.4567575e-05,0
1.9752846e-05,0
0.000105913816,0
0.00095125096,0
1.9613362e-05,0
2.8474306e-05,0
5.335494e-05,0
0.00012380419,0
0.00017150288,0
0.007577986,0
0.002078689,0
2.0817166e-05,0
3.12937e-05,0
0.00018481413,0
0.00017077847,0
2.1615639e-05,0
1.60142e-05,0
2.2820035e-05,0
0.00055984035,0
0.00010188291,0
0.00023579871,0
0.00066658243,0
2.609696e-05,0
1.8916058e-05,0
8.1503866e-05,0
1.3139604e-05,0
9.896188e-05,0
0.0020683005,0
0.012554716,0
9.5929325e-05,0
1.2921863e-05,0
7.9170015e-05,0
2.1262946e-05,0
1.5785336e-05,0
0.00015772761,0
2.1803931e-05,0
1.6400962e-05,0
0.006803689,0
9.9438e-06,0
2.482351e-05,0
1.1692222e-05,0
5.013638e-05,0
0.000116169576,0
2.3985183e-05,0
1.364973e-05,0
1.9706535e-05,0
0.0002157619,0
1.8741737e-05,0
2.1740865e-05,0
2.183823e-05,0
2.3759154e-05,0
1.9588932e-05,0
5.68429e-05,0
1.2418191e-05,0
0.000583782,0
2.8860792e-05,0
9.5541945e-05,0
7.306256e-05,0
5.7823043e-05,0
2.0870222e-05,0
4.6539786e-05,0
6.6005174e-05,0
1.9189749e-05,0
6.3016276e-05,0
6.464246e-05,0
2.2328366e-05,0
3.3676642e-05,0
0.0002248721,0
0.00023182544,0
5.0134255e-05,0
0.00017838753,0
0.004660153,0
8.869646e-05,0
2.6762453e-05,0
6.4207336e-05,0
5.1088595e-05,0
8.89161e-05,0
3.4564542e-05,0
7.240611e-05,0
6.2319064e-05,0
1.7126407e-05,0
0.00023800062,0
5.35676e-05,0
3.063878e-05,0
0.0009929888,0
2.1943071e-05,0
0.012062409,0
0.00010276534,0
2.4338004e-05,0
3.5855588e-05,0
2.0819049e-05,0
4.404319e-05,0
2.6663312e-05,0
0.0001437618,0
2.1618323e-05,0
2.3317665e-05,0
0.006953885,0
1.9215126e-05,0
4.101839e-05,0
2.693726e-05,0
9.5308875e-05,0
0.00012306191,0
1.9348457e-05,0
1.8983581e-05,0
5.1617277e-05,0
9.507842e-05,0
0.017207623,0
5.5885208e-05,0
8.535649e-05,0
2.183754e-05,0
2.4387904e-05,0
6.549074e-05,0
1.1896217e-05,0
0.018695278,0
0.00012670225,0
5.699959e-05,0
0.0022024976,0
0.0015674618,0
0.00017615077,0
0.01160275,0
9.701449e-05,0
2.5826264e-05,0
2.3687771e-05,0
5.4158118e-05,0
5.2842475e-05,0
0.0017002103,0
4.8059417e-05,0
0.0010959979,0
0.0002452522,0
2.2276408e-05,0
0.0006335131,0
2.0846694e-05,0
2.007521e-05,0
1.07520755e-05,0
2.4451592e-05,0
0.00044136605,0
5.1197196e-05,0
8.1680446e-05,0
2.3821189e-05,0
9.5802105e-05,0
2.756368e-05,0
1.2049836e-05,0
4.7020087e-05,0
3.8732982e-05,0
2.1455187e-05,0
0.0005510323,0
8.503023e-05,0
0.00016377952,0
0.000110464185,0
1.3818207e-05,0
4.4792916e-05,0
2.0543133e-05,0
9.3548064e-05,0
2.6690317e-05,0
0.008648368,0
2.7040138e-05,0
0.000108888315,0
2.201958e-05,0
0.00071408413,0
0.00011808964,0
0.00020778566,0
3.3228578e-05,0
2.0568432e-05,0
2.7815968e-05,0
0.00011263755,0
0.0043352703,0
2.6114412e-05,0
0.00017980105,0
2.645896e-05,0
4.5982502e-05,0
1.9268988e-05,0
0.0001259986,0
2.6231864e-05,0
2.0683012e-05,0
1.5774152e-05,0
4.8823884e-05,0
7.55257e-05,0
2.7964823e-05,0
1.7731822e-05,0
2.7869994e-05,0
8.348771e-05,0
2.0145193e-05,0
2.4550916e-05,0
0.0009374849,0
1.7607857e-05,0
1.9457919e-05,0
0.00011176751,0
1.9901037e-05,0
5.937164e-05,0
0.00014256196,0
2.6863785e-05,0
2.7470081e-05,0
4.619202e-05,0
1.1412761e-05,0
0.00026263157,0
2.8667131e-05,0
2.2741546e-05,0
3.8344802e-05,0
2.2477861e-05,0
2.0643687e-05,0
1.8698438e-05,0
0.010201369,0
0.010234389,0
0.00012692256,0
0.00062358484,0
1.9738987e-05,0
0.0005870875,0
1.4666386e-05,0
0.00015779349,0
0.00018228071,0
0.00036625663,0
5.297846e-05,0
0.00014803353,0
4.5145065e-05,0
2.6779495e-05,0
2.1660679e-05,0
3.0013363e-05,0
7.462593e-05,0
9.1674e-05,0
2.2765274e-05,0
2.2604743e-05,0
5.7881807e-05,0
0.00055376143,0
0.00051095523,0
1.9272718e-05,0
0.00022328722,0
5.982749e-05,0
8.476012e-05,0
2.2365939e-05,0
2.1996006e-05,0
1.0777701e-05,0
3.131342e-05,0
0.000111537716,0
0.00031048135,0
0.014928584,0
0.006408449,0
2.0627689e-05,0
0.014399575,0
2.1819134e-05,0
2.4034416e-05,0
0.0004018042,0
0.0031871155,0
2.3396959e-05,0
0.0005782385,0
4.954687e-05,0
2.0322697e-05,0
0.000685181,0
1.9811829e-05,0
1.9590607e-05,0
1.1819051e-05,0
2.9552257e-05,0
2.5348661e-05,0
2.7013628e-05,0
1.8071505e-05,0
1.8242747e-05,0
1.5739412e-05,0
0.00040378314,0
0.00063253794,0
2.1447464e-05,0
4.070662e-05,0
3.359736e-05,0
3.1092375e-05,0
1.987814e-05,0
0.00022722901,0
9.647666e-06,0
5.1138108e-05,0
0.00029919282,0
2.030363e-05,0
2.1324788e-05,0
2.8306044e-05,0
0.00022901186,0
2.1220063e-05,0
1.6444465e-05,0
2.1450409e-05,0
0.002685347,0
0.00012640045,0
5.7829016e-05,0
0.002088184,0
5.2876385e-05,0
3.859636e-05,0
4.7656733e-05,0
3.1721484e-05,0
0.00011647564,0
0.0006586681,0
2.1766207e-05,0
1.7879795e-05,0
0.000204265,0
0.00010777499,0
0.00015152112,0
1.9276853e-05,0
6.5063505e-05,0
2.2253958e-05,0
4.9103688e-05,0
2.6620464e-05,0
0.0001833618,0
0.00017714822,0
0.000116408475,0
7.255535e-05,0
1.0532298e-05,0
2.2564136e-05,0
0.00019227856,0
3.188683e-05,0
0.00015204013,0
0.012710218,0
5.1056904e-05,0
2.4002604e-05,0
1.6169959e-05,0
0.00010263454,0
4.927064e-05,0
2.3440842e-05,0
2.1726944e-05,0
9.355495e-05,0
2.0267376e-05,0
7.9565296e-05,0
0.00013146087,0
2.4465173e-05,0
9.8020646e-05,0
8.0928156e-05,0
6.7234985e-05,0
5.712372e-05,0
4.88808e-05,0
2.3185778e-05,0
1.116033e-05,0
1.3957104e-05,0
0.00058989535,0
2.8835144e-05,0
4.3778313e-05,0
5.489208e-05,0
2.0150923e-05,0
0.0023233488,0
0.0001730687,0
0.00013986997,0
4.61463e-05,0
0.00018078617,0
0.0006288775,0
5.326387e-05,0
0.00015771567,0
2.1121397e-05,0
4.630578e-05,0
2.8166682e-05,0
9.3149945e-05,0
4.8822083e-05,0
0.00017292434,0
2.6131082e-05,0
0.00016108005,0
5.476596e-05,0
2.8544462e-05,0
0.00018186001,0
8.5056156e-05,0
0.0004235471,0
2.3558394e-05,0
0.00036067108,0
5.721488e-05,0
0.00024340981,0
0.00014545923,0
1.9347548e-05,0
1.5412528e-05,0
0.00018123817,0
4.187354e-05,0
1.0359394e-05,0
2.2208724e-05,0
3.267938e-05,0
5.4693308e-05,0
0.0010761805,0
1.9903182e-05,0
3.8187918e-05,0
8.021269e-05,0
3.5502617e-05,0
0.010622627,0
2.2429933e-05,0
0.00087144924,0
2.522727e-05,0
7.432887e-05,0
3.1145202e-05,0
2.7792172e-05,0
0.00026172164,0
0.0006884524,0
0.00015511086,0
0.0013368091,0
2.8552602e-05,0
0.0005657843,0
0.0001587156,0
4.085061e-05,0
4.651667e-05,0
3.3511307e-05,0
2.0692627e-05,0
0.00043685126,0
1.7232845e-05,0
0.002667344,0
2.8638662e-05,0
0.00010185866,0
0.0006831068,0
6.287779e-05,0
8.511385e-05,0
0.009274553,0
0.0006284918,0
4.3991473e-05,0
2.7598771e-05,0
6.117624e-05,0
1.8885641e-05,0
4.7913145e-05,0
0.0023568391,0
0.00016800176,0
0.0061034663,0
2.4457142e-05,0
0.0018188386,0
2.6223164e-05,0
0.00017433621,0
2.6399433e-05,0
2.0020756e-05,0
6.107815e-05,0
0.00015671019,0
0.00013526359,0
3.842022e-05,0
1.4998994e-05,0
0.00014452027,0
0.00018270386,0
5.740811e-05,0
4.1386244e-05,0
0.00010736135,0
1.7458742e-05,0
0.00017421141,0
9.204199e-05,0
5.027496e-05,0
2.0276877e-05,0
5.7401983e-05,0
0.00010263608,0
6.672582e-05,0
0.0011781912,0
0.00014624292,0
4.444304e-05,0
7.9469275e-05,0
0.0007270808,0
2.1289716e-05,0
9.620947e-05,0
0.0006200589,0
0.0010759278,0
0.014418464,0
4.239136e-05,0
0.0004008373,0
2.108576e-05,0
0.00016975388,0
6.0907903e-05,0
1.3849801e-05,0
3.4752422e-05,0
1.918844e-05,0
1.939326e-05,0
2.5036741e-05,0
3.9691702e-05,0
2.7546961e-05,0
7.571504e-05,0
3.084828e-05,0
5.982966e-05,0
1.9223418e-05,0
0.00010245134,0
1.9440178e-05,0
2.48506e-05,0
0.010874154,0
5.661646e-05,0
9.87059e-05,0
9.137271e-05,0
1.4477699e-05,0
1.9735766e-05,0
2.5699816e-05,0
2.1118803e-05,0
5.716784e-05,0
2.358259e-05,0
2.329706e-05,0
7.115174e-05,0
1.9239033e-05,0
0.0065964996,0
2.0090483e-05,0
8.442423e-05,0
1.7328524e-05,0
2.0148542e-05,0
7.0002156e-05,0
0.00075056544,0
9.550617e-05,0
2.7135135e-05,0
8.554735e-05,0
2.512115e-05,0
5.1542196e-05,0
0.00012912283,0
0.00010082313,0
0.000111036454,0
3.6552592e-05,0
2.5392317e-05,0
5.2434258e-05,0
3.0372223e-05,0
0.01048242,0
0.0005746227,0
8.663434e-05,0
2.7193611e-05,0
2.01938e-05,0
2.7645887e-05,0
1.9563304e-05,0
0.00053056853,0
0.0004390059,0
0.00027135343,0
0.011978993,0
0.00020458436,0
0.0011794568,0
1.3832919e-05,0
2.164885e-05,0
4.9638405e-05,0
5.30889e-05,0
0.00013413293,0
4.5267836e-05,0
2.5261204e-05,0
0.0015277357,0
0.00018758266,0
0.00019199862,0
0.012755693,0
1.9567204e-05,0
0.00065801997,0
3.6976453e-05,0
2.1093188e-05,0
0.00055474805,0
2.5395933e-05,0
5.635171e-05,0
2.7547974e-05,0
2.7465023e-05,0
0.00018455084,0
0.00031230305,0
0.0012444461,0
1.9353127e-05,0
2.7577289e-05,0
5.50476e-05,0
2.951259e-05,0
1.9453713e-05,0
0.0005652328,0
2.8377408e-05,0
5.4753094e-05,0
5.006879e-05,0
8.245202e-05,0
8.178794e-05,0
2.8329647e-05,0
1.9456094e-05,0
0.0022119787,0
1.2274692e-05,0
2.281656e-05,0
3.9870745e-05,0
0.00017119583,0
9.787558e-06,0
0.00013253879,0
1.6531696e-05,0
4.7827365e-05,0
0.0003484326,0
0.00013489982,0
0.0014977388,0
2.2078713e-05,0
0.0011541222,0
2.883009e-05,0
2.4790716e-05,0
0.00010391436,0
0.00015603294,0
0.00019602066,0
1.661488e-05,0
9.961254e-05,0
2.102771e-05,0
2.7169492e-05,0
1.9354351e-05,0
5.4954042e-05,0
0.0012140276,0
4.2564836e-05,0
0.0006228929,0
2.380766e-05,0
1.9209114e-05,0
2.345959e-05,0
2.0472811e-05,0
1.8070203e-05,0
1.8041657e-05,0
2.1176824e-05,0
0.00010754174,0
3.4977573e-05,0
3.0731106e-05,0
1.3131834e-05,0
0.00013187023,0
2.220148e-05,0
4.829039e-05,0
0.0028763933,0
1.7899363e-05,0
2.7555378e-05,0
2.5834715e-05,0
2.1231534e-05,0
4.3487005e-05,0
0.000924149,0
4.638162e-05,0
2.1021384e-05,0
0.00014093828,0
1.3784997e-05,0
2.030467e-05,0
2.4145103e-05,0
9.5658375e-05,0
4.385041e-05,0
0.00010778096,0
1.2668683e-05,0
0.0002142874,0
0.0014534722,0
3.154231e-05,0
3.876094e-05,0
4.4769415e-05,0
6.3017826e-05,0
1.5456377e-05,0
2.5526962e-05,0
0.0009269254,0
9.5270414e-05,0
1.9979001e-05,0
2.2538588e-05,0
2.3604922e-05,0
0.0022526195,0
0.013588506,0
0.00013855132,0
5.826997e-05,0
0.0004480579,0
1.5164015e-05,0
8.0189806e-05,0
0.012578002,0
2.9113002e-05,0
8.0739665e-05,0
0.0010317687,0
3.2783068e-05,0
1.203825e-05,0
5.103614e-05,0
2.5474288e-05,0
2.2710643e-05,0
1.6833092e-05,0
0.00043835855,0
5.743638e-05,0
2.6660045e-05,0
0.00034759007,0
4.907859e-05,0
1.6943082e-05,0
7.7882054e-05,0
0.00043718395,0
2.0289659e-05,0
2.5007987e-05,0
0.000119785596,0
3.5771525e-05,0
1.6148722e-05,0
2.7720973e-05,0
5.9506372e-05,0
0.00013146937,0
4.1947544e-05,0
5.37425e-05,0
1.4239902e-05,0
2.025237e-05,0
5.5465156e-05,0
5.1943345e-05,0
4.862701e-05,0
2.1349011e-05,0
3.7948703e-05,0
0.00055906887,0
7.9108344e-05,0
0.00013715848,0
7.014118e-05,0
0.00010642753,0
0.003510852,0
4.0388495e-05,0
4.6169185e-05,0
5.529547e-05,0
4.8389826e-05,0
0.01045314,0
2.494001e-05,0
1.9336803e-05,0
5.411049e-05,0
2.6106633e-05,0
0.00044032003,0
2.1425145e-05,0
8.280974e-05,0
1.5114487e-05,0
4.0666757e-05,0
7.114837e-05,0
0.01826515,0
0.0002111172,0
0.00011633616,0
1.9901818e-05,0
0.00015226218,0
0.0019943283,0
1.3349005e-05,0
0.00024657417,0
0.00013199856,0
1.4645614e-05,0
0.0006037953,0
1.923618e-05,0
4.5158715e-05,0
3.360346e-05,0
0.000510139,0
0.00015615571,0
2.8421431e-05,0
3.769495e-05,0
4.746237e-05,0
8.022842e-05,0
2.1840824e-05,0
0.00014841802,0
0.001656494,0
4.4716526e-05,0
2.006944e-05,0
3.4715074e-05,0
0.00033244927,0
5.019238e-05,0
0.0013362955,0
5.677357e-05,0
1.227995e-05,0
4.6459576e-05,0
7.244612e-05,0
1.9942287e-05,0
0.017012842,0
0.00017045761,0
0.00037154552,0
0.0002956743,0
1.6419526e-05,0
1.3466433e-05,0
0.00012859025,0
1.361523e-05,0
0.00014116279,0
4.4586395e-05,0
0.00018228986,0
1.11258805e-05,0
4.9669456e-05,0
0.0010042893,0
0.00011508614,0
1.806625e-05,0
5.6635934e-05,0
1.8785637e-05,0
2.0827596e-05,0
3.1837662e-05,0
2.0324222e-05,0
2.2685339e-05,0
5.4148517e-05,0
6.812344e-05,0
5.9751677e-05,0
1.0368122e-05,0
0.000101606434,0
1.8859439e-05,0
1.8740047e-05,0
4.3034812e-05,0
2.6324997e-05,0
0.00012931653,0
0.00019203032,0
2.0540845e-05,0
1.6416629e-05,0
3.2856078e-05,0
1.9705885e-05,0
0.00060877955,0
2.676788e-05,0
3.579889e-05,0
0.00012817404,0
9.318749e-05,0
0.0039252965,0
2.487213e-05,0
8.3924366e-05,0
0.00075527834,0
1.9409017e-05,0
0.011200117,0
8.380164e-05,0
0.00024472686,0
0.00023222332,0
0.009275179,0
4.7244677e-05,0
9.2597365e-05,0
2.3799625e-05,0
6.991054e-05,0
5.2405852e-05,0
1.9747073e-05,0
2.1947113e-05,0
0.0042217155,0
0.006039205,0
1.5467225e-05,0
2.0839376e-05,0
0.012157224,0
2.2772612e-05,0
0.00026651606,0
2.0226e-05,0
0.00015587156,0
0.00027226753,0
1.6052854e-05,0
3.7479687e-05,0
0.0032486985,0
1.959986e-05,0
2.0823076e-05,0
0.0003234212,0
2.7802069e-05,0
0.00019519418,0
1.0863508e-05,0
0.00024525422,0
5.7130186e-05,0
2.069163e-05,0
8.247457e-05,0
2.0903532e-05,0
1.9207513e-05,0
1.786432e-05,0
0.00011963258,0
9.683375e-05,0
0.00018079062,0
0.015784709,0
2.7083555e-05,0
2.9195447e-05,0
3.8421655e-05,0
8.4060805e-05,0
0.0004433842,0
1.651056e-05,0
2.2491562e-05,0
0.00020723986,0
0.0001610726,0
3.5496916e-05,0
2.6226591e-05,0
2.6486738e-05,0
7.265496e-05,0
9.955761e-05,0
3.9187427e-05,0
0.00024857797,0
6.584661e-05,0
1.9723231e-05,0
0.0003999833,0
2.3105285e-05,0
4.301938e-05,0
0.00059808616,0
9.683239e-05,0
0.001435732,0
5.7947054e-05,0
6.467021e-05,0
2.0819509e-05,0
2.619799e-05,0
0.00047997336,0
3.9258783e-05,0
9.128816e-05,0
2.6353666e-05,0
2.1719547e-05,0
0.010992612,0
9.994753e-05,0
0.0005560316,0
2.9246205e-05,0
0.00053767377,0
0.00038546397,0
2.008795e-05,0
1.960362e-05,0
0.00083707203,0
6.854223e-05,0
5.6613448e-05,0
0.0005399687,0
2.6179598e-05,0
1.2885115e-05,0
0.00010915975,0
2.5027015e-05,0
6.879843e-05,0
5.0637398e-05,0
2.1465108e-05,0
0.00014627234,0
2.1425867e-05,0
3.416606e-05,0
7.35175e-05,0
0.00014905217,0
9.90189e-05,0
0.002016015,0
1.32056775e-05,0
0.00015698829,0
4.687222e-05,0
1.22210495e-05,0
2.9634975e-05,0
1.0749068e-05,0
0.00062846066,0
8.7227796e-05,0
1.0320632e-05,0
2.8588458e-05,0
3.8963608e-05,0
5.0075418e-05,0
0.00013831268,0
1.6620404e-05,0
0.0077993227,0
7.378367e-05,0
2.8027349e-05,0
2.8523531e-05,0
4.8194514e-05,0
2.3328274e-05,0
0.00010692343,0
1.1961104e-05,0
0.000372787,0
1.8595123e-05,0
2.0304447e-05,0
3.787944e-05,0
2.0483658e-05,0
0.000438255,0
1.6109694e-05,0
0.00023577425,0
2.1455102e-05,0
2.3360317e-05,0
0.003181638,0
0.00019236306,0
2.2181754e-05,0
3.7016005e-05,0
2.339231e-05,0
2.451549e-05,0
3.681628e-05,0
1.989625e-05,0
0.00010262235,0
0.005296718,0
0.00058683596,0
3.5005367e-05,0
4.156014e-05,0
1.9883488e-05,0
2.836084e-05,0
2.4028266e-05,0
2.1113678e-05,0
8.170319e-05,0
0.000108844084,0
5.263615e-05,0
0.009461853,0
8.402004e-05,0
2.0810496e-05,0
5.2833275e-05,0
0.00019765506,0
2.4161794e-05,0
9.839904e-06,0
2.6936405e-05,0
9.5449745e-05,0
1.4460977e-05,0
0.0064457525,0
0.00014225712,0
0.0006770774,0
2.7130221e-05,0
2.1792877e-05,0
4.0581635e-05,0
4.083392e-05,0
2.0943744e-05,0
1.7616429e-05,0
1.0582023e-05,0
0.0013153593,0
5.3299827e-05,0
2.1609821e-05,0
8.708064e-05,0
0.011266389,0
9.5302545e-05,0
0.00041055467,0
3.1184518e-05,0
0.00016396704,0
7.995893e-05,0
0.0009399103,0
2.7810982e-05,0
2.0544425e-05,0
0.0008907388,0
6.3871725e-05,0
1.9773124e-05,0
1.4236008e-05,0
0.00012759182,0
0.0016604662,0
5.4255623e-05,0
5.3460088e-05,0
1.4240028e-05,0
1.9756177e-05,0
0.00027402063,0
1.992265e-05,0
1.936668e-05,0
0.00021836348,0
2.098246e-05,0
2.2895496e-05,0
0.00011813256,0
0.000732271,0
0.0013123679,0
1.8086734e-05,0
0.00028576996,0
2.1496588e-05,0
1.5423117e-05,0
2.7987377e-05,0
1.5156068e-05,0
3.709476e-05,0
2.1839563e-05,0
1.9583662e-05,0
1.9485155e-05,0
2.1165873e-05,0
2.4922692e-05,0
0.00019459422,0
2.4706174e-05,0
5.9963433e-05,0
5.6455352e-05,0
2.313832e-05,0
3.1497515e-05,0
4.88479e-05,0
0.00022816315,0
9.794219e-05,0
0.0011263221,0
0.001031897,0
0.00010043019,0
0.003080787,0
4.892601e-05,0
6.9739435e-05,0
2.0067406e-05,0
1.9722009e-05,0
5.59541e-05,0
0.00019937073,0
5.6596244e-05,0
0.000384263,0
1.6767779e-05,0
2.6552254e-05,0
9.293431e-05,0
2.5441652e-05,0
2.7896132e-05,0
1.8945873e-05,0
2.4405697e-05,0
1.9412142e-05,0
0.000116888856,0
6.057717e-05,0
0.00012036488,0
0.004693313,0
3.0510615e-05,0
0.00994473,0
8.034185e-05,0
0.0068317256,0
3.3077227e-05,0
0.00034941945,0
1.8524068e-05,0
4.887084e-05,0
0.00051023427,0
2.2167398e-05,0
5.123843e-05,0
0.00010525262,0
5.724964e-05,0
0.00011376662,0
8.0975646e-05,0
1.584159e-05,0
1.530765e-05,0
9.429737e-05,0
4.7285765e-05,0
1.9240133e-05,0
2.0815338e-05,0
5.6840952e-05,0
3.8146234e-05,0
0.0002583094,0
4.392807e-05,0
9.13446e-05,0
0.00011981235,0
5.7999292e-05,0
5.654914e-05,0
0.00029180865,0
2.0304218e-05,0
1.9318284e-05,0
0.00047772905,0
9.804696e-05,0
7.022782e-05,0
5.355167e-05,0
9.52502e-05,0
2.0091838e-05,0
0.00023329751,0
9.353487e-05,0
2.2249453e-05,0
0.00010457301,0
5.0670762e-05,0
0.00011317273,0
0.000109164444,0
3.8157563e-05,0
2.7598257e-05,0
9.855905e-05,0
0.00085736165,0
0.0005527903,0
5.530893e-05,0
6.498284e-05,0
2.1075617e-05,0
1.9582754e-05,0
1.95916e-05,0
2.419389e-05,0
2.6088683e-05,0
1.959599e-05,0
1.5559584e-05,0
2.083939e-05,0
0.00013263928,0
0.00012098283,0
7.35229e-05,0
2.0124031e-05,0
0.00013187279,0
9.827771e-05,0
1.750679e-05,0
2.9578774e-05,0
0.00056211464,0
2.154065e-05,0
1.5330863e-05,0
9.804706e-05,0
1.68305e-05,0
2.415945e-05,0
4.0273528e-05,0
1.1479724e-05,0
0.0022240356,0
5.2888794e-05,0
0.00014658095,0
5.4075892e-05,0
4.999697e-05,0
2.0075102e-05,0
3.1450363e-05,0
6.0023354e-05,0
2.0891954e-05,0
0.0054172347,0
1.5061476e-05,0
0.014290725,0
3.321193e-05,0
2.7221131e-05,0
0.00039596116,0
2.906095e-05,0
2.9505738e-05,0
0.0049902475,0
0.00011948914,0
2.6216736e-05,0
0.00035296404,0
1.930265e-05,0
0.00012448327,0
4.0389084e-05,0
2.7069818e-05,0
0.00012842636,0
1.9520146e-05,0
2.5740901e-05,0
0.00044470618,0
2.8754506e-05,0
0.004275917,0
0.00010320582,0
0.00010361977,0
5.0883355e-05,0
2.0064106e-05,0
0.0002713421,0
5.189396e-05,0
0.00022512181,0
2.8047136e-05,0
0.0016319678,0
2.5478681e-05,0
0.000111058136,0
2.8474864e-05,0
0.0005377704,0
5.8859452e-05,0
0.00023226824,0
4.857769e-05,0
0.00023044259,0
0.00011646531,0
3.5121433e-05,0
4.9514198e-05,0
9.5651005e-05,0
5.0170678e-05,0
2.2796663e-05,0
6.305571e-05,0
2.212771e-05,0
1.3887335e-05,0
0.006387407,0
0.00019065797,0
0.00019375897,0
1.1155252e-05,0
7.616308e-05,0
5.0290902e-05,0
9.775147e-05,0
4.7286918e-05,0
1.2897661e-05,0
1.4489649e-05,0
2.6606645e-05,0
2.3861348e-05,0
4.8086924e-05,0
2.4779243e-05,0
3.1324438e-05,0
0.022254819,0
0.0011422156,0
0.0010813003,0
5.5045864e-05,0
1.6022508e-05,0
1.1053529e-05,0
0.00035936665,0
0.00017249455,0
0.0003234378,0
5.846196e-05,0
1.9581516e-05,0
3.0292957e-05,0
3.9382983e-05,0
2.3223938e-05,0
1.8935405e-05,0
5.160832e-05,0
0.00058742857,0
1.7626066e-05,0
2.5433932e-05,0
2.6758253e-05,0
2.9489205e-05,0
0.0019402294,0
3.0159821e-05,0
2.4899673e-05,0
0.0031428023,0
7.3903255e-05,0
2.7757509e-05,0
1.05365825e-05,0
2.172913e-05,0
2.261431e-05,0
0.0003664145,0
2.0098862e-05,0
0.0011189524,0
0.0013661877,0
3.1692744e-05,0
4.9971357e-05,0
0.00044426045,0
5.5497603e-05,0
4.1811425e-05,0
1.598774e-05,0
5.1058963e-05,0
6.446896e-05,0
6.473803e-05,0
3.0995976e-05,0
2.7624072e-05,0
0.00012261746,0
1.7023829e-05,0
2.8100445e-05,0
1.8131037e-05,0
9.544994e-05,0
0.0021432221,0
5.1014922e-05,0
4.9573533e-05,0
0.006473575,0
2.7496857e-05,0
3.15282e-05,0
0.00022310653,0
2.5815061e-05,0
5.9786773e-05,0
0.01167942,0
0.00061601645,0
3.3897442e-05,0
2.8967808e-05,0
9.563162e-05,0
7.1064744e-05,0
0.0003772029,0
0.00010307762,0
1.7334327e-05,0
1.9288607e-05,0
0.0003374787,0
0.007876438,0
2.082448e-05,0
0.00070378126,0
1.0887506e-05,0
1.9292547e-05,0
8.744032e-05,0
2.1149086e-05,0
5.1966512e-05,0
1.058757e-05,0
2.006849e-05,0
0.00015089428,0
3.6513236e-05,0
1.9887086e-05,0
0.00019061219,0
0.001007854,0
9.9518125e-05,0
2.1852195e-05,0
1.5789536e-05,0
1.457311e-05,0
5.4666656e-05,0
9.5506104e-05,0
0.00038942212,0
3.0526997e-05,0
0.006745528,0
1.3655602e-05,0
0.0011892801,0
4.8841284e-05,0
0.00090803136,0
0.0001510492,0
9.924565e-05,0
3.15519e-05,0
0.00020368923,0
6.396996e-05,0
0.00037118376,0
1.9377965e-05,0
1.6884353e-05,0
2.6055688e-05,0
0.0010073676,0
0.0013979189,0
2.0322936e-05,0
4.240012e-05,0
4.843672e-05,0
5.1732895e-05,0
0.01823181,0
2.3800729e-05,0
1.8911156e-05,0
7.142766e-05,0
0.00074403296,0
4.9918235e-05,0
4.575683e-05,0
0.00027919834,0
9.927195e-05,0
2.7913025e-05,0
2.7346161e-05,0
6.0311064e-05,0
0.00060993276,0
2.7233165e-05,0
6.327025e-05,0
0.0005699197,0
1.3289731e-05,0
2.1486565e-05,0
2.6841524e-05,0
0.00010698486,0
4.5258468e-05,0
0.00013366001,0
0.0008342208,0
3.7777285e-05,0
6.608094e-05,0
1.303752e-05,0
0.00042807727,0
4.9217688e-05,0
2.7255484e-05,0
5.633401e-05,0
0.00056117814,0
2.2246912e-05,0
7.341375e-05,0
0.00010467251,0
6.1213694e-05,0
2.1445374e-05,0
1.7214414e-05,0
2.7081682e-05,0
0.00011004422,0
0.000111208625,0
2.2497868e-05,0
3.1096763e-05,0
7.004936e-05,0
0.00030456026,0
0.00010616458,0
2.2348997e-05,0
2.6830403e-05,0
4.573785e-05,0
1.2099672e-05,0
2.5246072e-05,0
0.00022779734,0
0.0045741936,0
5.7300644e-05,0
1.2434978e-05,0
4.683089e-05,0
4.9457893e-05,0
2.0743719e-05,0
0.0047349934,0
0.011384776,0
2.9687235e-05,0
1.3726985e-05,0
6.483379e-05,0
4.1700157e-05,0
0.00070487167,0
2.1778747e-05,0
0.0005862089,0
2.2280536e-05,0
5.238674e-05,0
2.7692508e-05,0
1.6553826e-05,0
0.0018401844,0
8.821356e-05,0
0.00010520667,0
1.922414e-05,0
0.0011235276,0
0.00016825553,0
2.1474678e-05,0
2.8311835e-05,0
1.7157474e-05,0
2.0149375e-05,0
5.8445265e-05,0
3.4662677e-05,0
4.7122063e-05,0
0.0054290043,0
0.00014634221,0
0.00031579952,0
0.0005312588,0
2.0287729e-05,0
1.8335722e-05,0
2.1824448e-05,0
3.0537165e-05,0
2.1901302e-05,0
1.622527e-05,0
1.7080021e-05,0
1.9439001e-05,0
7.311855e-05,0
0.00011727727,0
0.0002325648,0
2.4599136e-05,0
0.00033015799,0
2.6848518e-05,0
2.8179493e-05,0
2.1482285e-05,0
1.5972855e-05,0
1.1531544e-05,0
1.540597e-05,0
2.1046004e-05,0
2.2008742e-05,0
0.0002450997,0
0.00014201306,0
2.831285e-05,0
1.4430532e-05,0
1.9360192e-05,0
2.9244227e-05,0
0.0015960787,0
0.00017597256,0
7.85225e-05,0
5.9942067e-05,0
0.0010286907,0
0.00032446044,0
2.362375e-05,0
0.00017730838,0
8.121603e-05,0
1.9957e-05,0
2.6943211e-05,0
1.5668284e-05,0
0.008130982,0
2.6934202e-05,0
0.00017956964,0
5.9491187e-05,0
1.7329106e-05,0
2.0814827e-05,0
2.4858073e-05,0
1.9274967e-05,0
4.599555e-05,0
1.2442583e-05,0
3.4749068e-05,0
0.0047797896,0
3.645511e-05,0
2.6867701e-05,0
2.9676508e-05,0
4.1676067e-05,0
2.4584853e-05,0
4.851388e-05,0
0.0001622847,0
0.013823879,0
2.0351752e-05,0
9.578939e-05,0
0.00015515962,0
2.4029003e-05,0
2.2503875e-05,0
0.011087828,0
5.680801e-05,0
1.5529122e-05,0
4.866269e-05,0
9.5560565e-05,0
9.395204e-05,0
2.1296946e-05,0
1.4246942e-05,0
1.3252631e-05,0
1.6299466e-05,0
0.00037520286,0
4.239012e-05,0
1.9447001e-05,0
1.3724378e-05,0
1.15033135e-05,0
0.000115681134,0
0.00014787632,0
2.9577242e-05,0
2.623334e-05,0
1.6417127e-05,0
2.0068826e-05,0
0.00011726787,0
2.8114986e-05,0
4.904753e-05,0
6.314143e-05,0
1.7574292e-05,0
4.298469e-05,0
0.00074343476,0
0.0013368774,0
0.0158754,0
4.202136e-05,0
4.188402e-05,0
0.0009431785,0
5.219883e-05,0
5.7150566e-05,0
3.6929494e-05,0
0.00014057601,0
0.01698628,0
2.5058387e-05,0
0.011479618,0
5.092659e-05,0
2.5158799e-05,0
0.00012604943,0
0.00019124831,0
2.693389e-05,0
3.8742903e-05,0
0.000908305,0
2.2915416e-05,0
0.00014733076,0
0.0003038384,0
1.7358543e-05,0
4.6058925e-05,0
1.9511612e-05,0
4.091163e-05,0
0.00010208963,0
2.8374701e-05,0
5.089096e-05,0
1.9721421e-05,0
7.165906e-05,0
3.8420938e-05,0
2.768776e-05,0
0.00069506175,0
0.00012452749,0
0.000469703,0
1.94428e-05,0
5.3608095e-05,0
2.2356135e-05,0
4.8295304e-05,0
5.0346956e-05,0
2.1114889e-05,0
2.9444887e-05,0
0.00013541052,0
0.000106559826,0
8.143712e-05,0
2.0405661e-05,0
0.00025743054,0
5.079764e-05,0
5.2418927e-05,0
1.9405223e-05,0
0.00088730204,0
6.155602e-05,0
0.0004258212,0
4.031368e-05,0
3.8666145e-05,0
2.666093e-05,0
3.145149e-05,0
1.6104374e-05,0
1.302765e-05,0
2.8647582e-05,0
1.5120385e-05,0
2.8612401e-05,0
0.00045062022,0
4.0780695e-05,0
4.9274648e-05,0
1.8209843e-05,0
2.8702001e-05,0
0.000119779885,0
5.3693675e-05,0
0.00011492355,0
2.2033786e-05,0
2.252666e-05,0
3.403462e-05,0
1.3574052e-05,0
4.2455e-05,0
0.00025946472,0
4.822509e-05,0
1.4221374e-05,0
1.9976376e-05,0
4.528263e-05,0
5.662989e-05,0
1.9224617e-05,0
4.895852e-05,0
0.0001885602,0
0.011920436,0
7.5944896e-05,0
0.010749899,0
0.00011636929,0
1.793669e-05,0
4.4760392e-05,0
0.0004367659,0
0.00047214242,0
2.8225584e-05,0
1.9704203e-05,0
2.1833714e-05,0
0.00015353225,0
2.1173928e-05,0
2.486211e-05,0
0.000101401005,0
0.00010839607,0
3.4216533e-05,0
8.1716236e-05,0
3.8067636e-05,0
1.539351e-05,0
2.2144062e-05,0
2.0534355e-05,0
5.44075e-05,0
0.00011904625,0
4.8240585e-05,0
0.00063628546,0
0.00022857796,0
0.00062279927,0
9.794195e-05,0
2.624592e-05,0
0.00021026409,0
2.3873179e-05,0
1.8974968e-05,0
2.214322e-05,0
2.8719376e-05,0
0.00013085983,0
5.3426407e-05,0
0.00011282713,0
2.3643284e-05,0
2.0535686e-05,0
1.9442692e-05,0
3.1285e-05,0
5.6893903e-05,0
1.9618847e-05,0
3.462319e-05,0
2.2146394e-05,0
2.3702234e-05,0
0.00020506329,0
1.2654547e-05,0
5.3757365e-05,0
9.048988e-05,0
0.0008919241,0
4.8274593e-05,0
5.1709365e-05,0
2.1207177e-05,0
1.8784167e-05,0
0.00018736444,0
0.0054768175,0
0.00044940953,0
5.8210673e-05,0
1.919599e-05,0
4.133621e-05,0
9.9380864e-05,0
5.1461873e-05,0
0.001046798,0
3.285697e-05,0
0.00014318088,0
0.0050492175,0
2.1840393e-05,0
2.0078722e-05,0
2.8469874e-05,0
6.2062136e-05,0
0.00022332883,0
0.0014333611,0
4.8832575e-05,0
2.0684512e-05,0
2.749644e-05,0
4.653832e-05,0
5.2925272e-05,0
0.009226788,0
3.605085e-05,0
0.0001909273,0
8.3822735e-05,0
2.8214687e-05,0
2.0189003e-05,0
0.00016653967,0
2.6079082e-05,0
1.9225126e-05,0
8.305412e-05,0
2.6629972e-05,0
5.014712e-05,0
5.774869e-05,0
1.9533632e-05,0
4.4702454e-05,0
1.8337832e-05,0
3.1154723e-05,0
2.532686e-05,0
1.2173265e-05,0
1.9335726e-05,0
0.011068462,0
0.001632254,0
1.8435578e-05,0
2.2244905e-05,0
0.0002833003,0
2.3886181e-05,0
0.0004168342,0
2.0857357e-05,0
0.00043705865,0
0.0016828945,0
0.00040581537,0
6.3482454e-05,0
0.0019927386,0
6.5337954e-05,0
0.00017415945,0
2.8749517e-05,0
0.009662744,0
5.7444522e-05,0
0.011364763,0
2.111703e-05,0
2.9523217e-05,0
1.9240899e-05,0
4.2413765e-05,0
2.6466823e-05,0
0.00021994805,0
0.001539978,0
2.6434745e-05,0
0.00016918166,0
2.0102123e-05,0
5.7209138e-05,0
1.9892152e-05,0
0.013283197,0
3.850455e-05,0
2.6125766e-05,0
4.2410207e-05,0
0.00021262771,0
0.0001416714,0
0.00019580036,0
2.4577157e-05,0
2.6034197e-05,0
0.00019249353,0
0.0014750969,0
0.0002745381,0
1.5277164e-05,0
5.0359453e-05,0
0.00025161493,0
0.00056967215,0
1.3559692e-05,0
2.4111388e-05,0
0.00011894184,0
0.00011279273,0
0.011522672,0
1.0629844e-05,0
0.000136955,0
2.8606117e-05,0
1.839645e-05,0
0.0006349887,0
0.00023071228,0
1.5268113e-05,0
0.0035041221,0
9.7724835e-05,0
0.0001122419,0
1.13258975e-05,0
3.4767072e-05,0
1.9218687e-05,0
4.9266007e-05,0
8.67744e-05,0
3.7592647e-05,0
5.040222e-05,0
0.00014603506,0
2.3614884e-05,0
1.2466198e-05,0
1.4786987e-05,0
3.8283815e-05,0
1.4645084e-05,0
0.00037328765,0
1.661375e-05,0
3.8167003e-05,0
0.000121308614,0
7.577457e-05,0
2.8253027e-05,0
0.00014359844,0
0.00010260381,0
0.0005524585,0
7.9769175e-05,0
0.0024951382,0
4.4954966e-05,0
1.9894209e-05,0
9.60404e-05,0
2.2460747e-05,0
0.011450642,0
3.106377e-05,0
2.0421636e-05,0
0.0017661189,0
3.262371e-05,0
3.9095474e-05,0
4.0037048e-05,0
3.2940432e-05,0
6.995544e-05,0
4.8934337e-05,0
2.1458494e-05,0
6.7079454e-05,0
3.9022045e-05,0
0.00011402882,0
0.00014944923,0
3.9813298e-05,0
1.9267602e-05,0
0.00015536581,0
2.105243e-05,0
2.733313e-05,0
0.013007918,0
9.914565e-05,0
3.4861383e-05,0
6.773849e-05,0
2.2542677e-05,0
4.0134095e-05,0
2.818642e-05,0
3.0443045e-05,0
0.001143214,0
0.00017756734,0
1.6340453e-05,0
0.00014013605,0
0.00043940404,0
2.3745537e-05,0
0.00070292456,0
3.776715e-05,0
9.66668e-05,0
1.7660692e-05,0
9.969763e-06,0
2.6593916e-05,0
9.633173e-05,0
0.000111409536,0
0.0049448647,0
0.021756433,0
2.4177385e-05,0
0.00023323868,0
2.8981083e-05,0
2.2451157e-05,0
2.0115505e-05,0
2.9506673e-05,0
8.311429e-05,0
0.00014781,0
3.308311e-05,0
0.000108738175,0
7.977224e-05,0
2.094143e-05,0
9.994755e-05,0
6.060364e-05,0
0.007883743,0
5.0858413e-05,0
7.0657356e-05,0
1.4611625e-05,0
4.9852766e-05,0
0.000113935705,0
0.009910972,0
0.00016218549,0
0.018931039,0
1.19410215e-05,0
9.60071e-05,0
3.7298585e-05,0
4.868802e-05,0
1.147541e-05,0
0.00026891232,0
2.084987e-05,0
2.2204445e-05,0
9.4368654e-05,0
6.121609e-05,0
0.0003414275,0
5.9290058e-05,0
0.0001028192,0
9.2316965e-05,0
0.00064747233,0
0.00010224371,0
4.217572e-05,0
3.190814e-05,0
0.014934717,0
0.010612976,0
0.006437598,0
7.0875045e-05,0
0.003708088,0
0.0041646715,0
5.7314515e-05,0
4.262359e-05,0
8.01649e-05,0
2.2232687e-05,0
9.5911884e-05,0
2.6285366e-05,0
2.1061218e-05,0
0.00014668358,0
3.776293e-05,0
0.007576275,0
0.00034896252,0
0.0004928845,0
4.1148753e-05,0
7.413731e-05,0
5.7343175e-05,0
0.00028836966,0
2.7463926e-05,0
2.5272735e-05,0
6.3972526e-05,0
0.00017458046,0
2.775774e-05,0
4.1422263e-05,0
0.00016742252,0
2.8002341e-05,0
1.3883591e-05,0
9.0914175e-05,0
0.0015290942,0
0.00040127494,0
5.829861e-05,0
1.4439097e-05,0
3.88098e-05,0
0.00029925417,0
4.782132e-05,0
1.4388438e-05,0
6.393567e-05,0
2.9469495e-05,0
1.9228732e-05,0
2.4260615e-05,0
3.346003e-05,0
2.7978684e-05,0
2.2369617e-05,0
1.11354275e-05,0
1.9153244e-05,0
2.7168167e-05,0
0.00024525585,0
9.981181e-05,0
0.00012029846,0
1.9203928e-05,0
0.0013301023,0
0.00017915707,0
9.146603e-05,0
7.2602845e-05,0
1.9422767e-05,0
2.6938835e-05,0
0.00014299632,0
0.00014187052,0
2.0490668e-05,0
0.00010860645,0
2.7679349e-05,0
0.00090099056,0
0.00026539696,0
1.9266688e-05,0
0.0052662296,0
1.238494e-05,0
2.7453147e-05,0
4.128399e-05,0
5.9775197e-05,0
4.818467e-05,0
0.00014346988,0
0.00326036,0
1.549617e-05,0
0.00017961647,0
0.00013910509,0
1.7746446e-05,0
4.9358805e-05,0
0.0018109448,0
1.9587917e-05,0
7.925258e-05,0
2.4906463e-05,0
0.00014607754,0
2.1931355e-05,0
0.003544267,0
0.0007670586,0
2.0810694e-05,0
2.3086479e-05,0
5.2658448e-05,0
4.3822874e-05,0
0.0001859156,0
5.8058802e-05,0
2.1275282e-05,0
9.994738e-05,0
0.004492549,0
0.0007814789,0
1.793826e-05,0
0.000104049774,0
2.0305746e-05,0
5.665405e-05,0
1.6788541e-05,0
1.5216131e-05,0
1.9723188e-05,0
1.9346815e-05,0
0.00032676084,0
2.0550162e-05,0
0.00015875435,0
0.00017726747,0
4.679904e-05,0
2.5200128e-05,0
3.0356381e-05,0
5.120722e-05,0
1.9393394e-05,0
1.8481405e-05,0
0.00024348483,0
5.526576e-05,0
0.000111707195,0
0.00010638567,0
0.00017273164,0
9.924565e-05,0
2.6903883e-05,0
0.00044123133,0
0.00010673306,0
2.4642097e-05,0
0.0004034309,0
4.324149e-05,0
2.7114087e-05,0
2.3093742e-05,0
2.2201868e-05,0
0.0010699187,0
4.0675295e-05,0
7.224708e-05,0
4.923608e-05,0
1.9326944e-05,0
7.889122e-05,0
3.7277056e-05,0
1.963992e-05,0
2.6584223e-05,0
0.00082848355,0
1.883781e-05,0
1.5776388e-05,0
1.6407537e-05,0
4.934684e-05,0
0.009727501,0
0.0006213723,0
1.39580025e-05,0
1.712478e-05,0
1.7760723e-05,0
9.539627e-05,0
2.9997771e-05,0
4.9632166e-05,0
0.00010290597,0
0.00041469047,0
1.987749e-05,0
1.9345422e-05,0
1.9346717e-05,0
4.6256107e-05,0
1.1788443e-05,0
0.00043308304,0
6.692272e-05,0
0.00054598454,0
7.635647e-05,0
2.0363139e-05,0
0.00014180708,0
2.0638417e-05,0
2.3406656e-05,0
0.000120194614,0
4.4415978e-05,0
4.8266233e-05,0
2.00781e-05,0
2.3234123e-05,0
1.8174138e-05,0
2.979306e-05,0
3.8035643e-05,0
0.00035811795,0
7.358505e-05,0
0.0014103487,0
2.6762906e-05,0
0.0005936545,0
4.6659872e-05,0
0.013956939,0
8.095906e-05,0
2.065004e-05,0
0.009554255,0
5.9782556e-05,0
0.001513234,0
2.0296407e-05,0
0.00011243376,0
5.243974e-05,0
5.2431427e-05,0
0.0001651151,0
5.2911277e-05,0
3.0861025e-05,0
0.00038082962,0
7.334662e-05,0
5.0280232e-05,0
0.00022153331,0
1.8593535e-05,0
1.9769765e-05,0
2.6496526e-05,0
0.0002257176,0
4.8257585e-05,0
2.1226091e-05,0
4.820776e-05,0
1.44514215e-05,0
5.8028352e-05,0
0.00023456854,0
2.1732649e-05,0
2.7429925e-05,0
7.3070296e-05,0
2.6869551e-05,0
9.636644e-05,0
2.6393485e-05,0
6.343217e-05,0
1.8767689e-05,0
8.066261e-05,0
0.00024057513,0
1.4005747e-05,0
6.855458e-05,0
0.000338976,0
2.2264467e-05,0
0.015871575,0
4.5458106e-05,0
1.9608102e-05,0
0.0003277253,0
0.00020462662,0
0.00062614714,0
3.213968e-05,0
0.00032462043,0
5.312463e-05,0
0.00023541179,0
0.0005205107,0
2.69781e-05,0
7.0953734e-05,0
2.8509852e-05,0
0.00075607473,0
4.561846e-05,0
5.1042272e-05,0
0.00044622514,0
0.0054551763,0
1.9888479e-05,0
9.5920994e-05,0
9.795309e-05,0
0.000399769,0
6.869822e-05,0
2.7600452e-05,0
3.0656534e-05,0
1.620964e-05,0
0.00041226964,0
2.4704814e-05,0
5.7925998e-05,0
8.4216794e-05,0
0.00015487708,0
1.9325887e-05,0
3.0260566e-05,0
2.0955264e-05,0
2.8340624e-05,0
1.2110639e-05,0
0.0004743816,0
2.410925e-05,0
2.522925e-05,0
3.5874567e-05,0
4.9308295e-05,0
5.5180597e-05,0
5.7123485e-05,0
5.451596e-05,0
4.8507678e-05,0
5.550008e-05,0
0.0075746877,0
0.009997138,0
1.9922214e-05,0
9.920693e-05,0
0.00015566828,0
0.0014901164,0
0.0006265667,0
1.9399056e-05,0
0.0004718699,0
4.9397484e-05,0
0.033627916,0
1.5111081e-05,0
2.0838714e-05,0
2.02913e-05,0
0.02987333,0
0.00013860501,0
1.4042258e-05,0
4.3134514e-05,0
5.3275897e-05,0
2.348393e-05,0
2.111536e-05,0
0.00023845561,0
0.00013065833,0
0.00010071664,0
9.5263575e-05,0
0.000195606,0
4.9744525e-05,0
4.4276432e-05,0
3.6594854e-05,0
5.7861664e-05,0
1.2155571e-05,0
2.344177e-05,0
5.965267e-05,0
5.20059e-05,0
0.00010140052,0
8.384801e-05,0
0.0052514896,0
0.0002509471,0
2.1591552e-05,0
0.0002038839,0
6.503177e-05,0
4.9172286e-05,0
3.19194e-05,0
4.6526602e-05,0
0.000109242224,0
2.0715255e-05,0
4.738386e-05,0
5.2636187e-05,0
5.8032034e-05,0
1.6043165e-05,0
1.4210227e-05,0
3.028236e-05,0
1.4108441e-05,0
6.114152e-05,0
0.00020030592,0
7.0490656e-05,0
0.0023144584,0
0.0075272056,0
0.0097842105,0
0.00027237253,0
0.009740984,0
0.00559444,0
0.00011561084,0
0.0016766543,0
0.0009539434,0
1.4350101e-05,0
0.00022110471,0
1.4916334e-05,0
9.4205825e-05,0
6.0813247e-05,0
4.828424e-05,0
1.8231014e-05,0
1.9290845e-05,0
2.9468512e-05,0
0.00011311269,0
7.202237e-05,0
0.0003107925,0
5.98855e-05,0
0.0002729897,0
7.876024e-05,0
4.43107e-05,0
1.8308292e-05,0
1.9979587e-05,0
0.011712166,0
2.0908326e-05,0
4.2460288e-05,0
1.5420275e-05,0
0.0031842531,0
9.716571e-05,0
4.65216e-05,0
2.5468376e-05,0
4.9768543e-05,0
1.1867632e-05,0
4.0664727e-05,0
5.9658632e-05,0
9.056222e-05,0
0.004271112,0
4.171487e-05,0
7.284141e-05,0
2.1659565e-05,0
8.994092e-05,0
0.00016972946,0
0.0032328556,0
3.9186623e-05,0
0.0001720366,0
0.00020816922,0
1.664395e-05,0
3.5105193e-05,0
0.00043523926,0
4.2118572e-05,0
1.6442515e-05,0
5.355198e-05,0
0.00016980073,0
1.2444547e-05,0
0.00012536028,0
3.948373e-05,0
0.009183427,0
1.2068746e-05,0
0.0001312449,0
0.002058734,0
1.5280464e-05,0
0.000736707,0
2.7961152e-05,0
2.7199678e-05,0
1.5352925e-05,0
0.0037141507,0
2.1471826e-05,0
0.0014264381,0
0.0011530351,0
0.00010958347,0
2.7104108e-05,0
0.00010637207,0
5.540891e-05,0
2.4153942e-05,0
0.00030479778,0
2.0525415e-05,0
7.801165e-05,0
2.405099e-05,0
2.6713062e-05,0
0.00014465564,0
4.8856724e-05,0
5.1911407e-05,0
0.00030693522,0
0.00021802419,0
0.00048114476,0
4.860174e-05,0
1.4791313e-05,0
8.888588e-05,0
5.9943126e-05,0
3.314188e-05,0
0.00042251966,0
5.2928623e-05,0
0.00021969106,0
2.1635537e-05,0
0.012393547,0
0.0001365123,0
6.19454e-05,0
0.011013042,0
2.056941e-05,0
1.8324e-05,0
5.7685527e-05,0
3.0838994e-05,0
0.00010078526,0
5.170965e-05,0
2.0306747e-05,0
0.0018588076,0
1.6402964e-05,0
3.590467e-05,0
2.7045617e-05,0
2.936946e-05,0
0.00013158706,0
0.00028044073,0
0.0013662856,0
2.4931933e-05,0
5.9825186e-05,0
4.5480374e-05,0
6.183344e-05,0
0.00011328528,0
1.9725878e-05,0
0.00031228943,0
0.0017756224,0
7.594897e-05,0
0.00020763505,0
0.0005431538,0
0.00030915925,0
2.801125e-05,0
0.00012614352,0
4.927256e-05,0
8.64326e-05,0
2.7556602e-05,0
1.8178149e-05,0
0.000104810955,0
1.3844779e-05,0
2.1287524e-05,0
0.00079516537,0
2.207783e-05,0
0.00019940891,0
0.00014661731,0
0.00027179165,0
6.382262e-05,0
5.09462e-05,0
0.00018585996,0
0.0002875555,0
2.4000952e-05,0
6.2353116e-05,0
9.645337e-05,0
1.4731987e-05,0
3.6110247e-05,0
0.0053858794,0
3.145009e-05,0
0.0010874452,0
0.00016069876,0
0.00044708303,0
9.2590584e-05,0
5.9333037e-05,0
2.5565365e-05,0
0.0030478789,0
2.7671014e-05,0
3.8960963e-05,0
2.7146509e-05,0
2.4949692e-05,0
5.2956537e-05,0
2.033439e-05,0
0.0017872114,0
4.8863974e-05,0
0.00011373256,0
0.00096631737,0
0.00011173064,0
1.3043451e-05,0
2.536286e-05,0
2.3516608e-05,0
0.00017565685,0
3.2178163e-05,0
1.2532053e-05,0
2.4640649e-05,0
1.9602465e-05,0
6.4299704e-05,0
4.8194375e-05,0
2.2203998e-05,0
7.818049e-05,0
0.0010731459,0
1.8946295e-05,0
0.00032923464,0
0.00010203694,0
0.0004454214,0
3.0430729e-05,0
3.3900476e-05,0
0.002434592,0
0.0003468908,0
9.563632e-05,0
1.4556312e-05,0
1.9363688e-05,0
5.7576734e-05,0
5.2020438e-05,0
5.31301e-05,0
1.1779906e-05,0
0.0007303496,0
0.00018077019,0
4.940504e-05,0
0.0017231662,0
0.004756988,0
0.00010361531,0
0.0016528864,0
1.320079e-05,0
2.1642107e-05,0
0.0023542796,0
2.2803062e-05,0
0.0018186601,0
9.10498e-05,0
2.7617982e-05,0
5.3803782e-05,0
9.546177e-06,0
4.9442056e-05,0
9.905495e-05,0
1.3162598e-05,0
2.4128745e-05,0
0.00014176746,0
0.007333079,0
1.5471429e-05,0
1.944267e-05,0
0.00012711727,0
4.277457e-05,0
1.7201648e-05,0
4.8821534e-05,0
9.596669e-05,0
2.056738e-05,0
1.51060585e-05,0
0.012469598,0
0.0006504979,0
8.731259e-05,0
7.107178e-05,0
6.3741514e-05,0
0.0015727818,0
9.655025e-05,0
5.31492e-05,0
2.2972852e-05,0
0.00033000606,0
0.0016678185,0
9.873346e-05,0
0.016774168,0
0.00014046775,0
1.928768e-05,0
0.00871372,0
0.00014634822,0
8.025757e-05,0
5.2261625e-05,0
2.2223941e-05,0
2.799165e-05,0
1.5395392e-05,0
0.00018074227,0
2.4055636e-05,0
1.9213896e-05,0
0.00012210311,0
5.6898614e-05,0
0.00018382177,0
1.53856e-05,0
0.0009989035,0
2.395385e-05,0
2.1451093e-05,0
3.675718e-05,0
1.9563524e-05,0
9.5659045e-05,0
1.9730935e-05,0
0.00012448135,0
1.4925389e-05,0
3.0096484e-05,0
0.00026793903,0
6.619109e-05,0
1.45687045e-05,0
0.00013781077,0
1.2664202e-05,0
3.713722e-05,0
5.6469427e-05,0
0.00020639617,0
3.709185e-05,0
5.7406807e-05,0
0.00013651856,0
0.00022010817,0
7.875905e-05,0
2.8206388e-05,0
1.1557004e-05,0
1.3237075e-05,0
2.5235882e-05,0
0.008274847,0
1.795045e-05,0
0.00013274947,0
2.2484335e-05,0
2.1466623e-05,0
0.0017488201,0
5.4830878e-05,0
1.7634968e-05,0
0.000114450035,0
0.0035706584,0
0.00015823374,0
1.8061213e-05,0
0.00027048436,0
6.7510286e-05,0
0.00011018637,0
0.00047590735,0
4.5510642e-05,0
0.0008047215,0
7.286475e-05,0
4.9109163e-05,0
2.2246595e-05,0
9.435666e-06,0
4.233623e-05,0
2.1143835e-05,0
1.9875753e-05,0
2.2204707e-05,0
0.00011879211,0
3.278316e-05,0
0.00027012886,0
0.00023471666,0
1.9752442e-05,0
0.008243353,0
0.00017257706,0
1.26162395e-05,0
2.5156814e-05,0
1.8038718e-05,0
4.3976626e-05,0
8.1418744e-05,0
0.00019924025,0
2.4173605e-05,0
2.8954795e-05,0
9.3792034e-05,0
0.00022101033,0
1.4242423e-05,0
0.0004020848,0
0.0006575336,0
4.8294583e-05,0
2.9518771e-05,0
1.9373063e-05,0
0.00011980189,0
2.5386798e-05,0
2.462601e-05,0
4.9720056e-05,0
1.3611629e-05,0
1.1733286e-05,0
4.045459e-05,0
4.947892e-05,0
9.5997886e-05,0
0.0001366619,0
6.943548e-05,0
0.00024956636,0
0.0017108456,0
1.9456971e-05,0
2.4065603e-05,0
0.00028754614,0
3.6909518e-05,0
9.562943e-05,0
4.162376e-05,0
4.4575943e-05,0
0.0001423162,0
0.00039407876,0
0.00024606122,0
0.001702995,0
4.997657e-05,0
1.856923e-05,0
2.6839378e-05,0
0.00015814485,0
1.9256864e-05,0
7.76434e-05,0
0.0051910984,0
6.2801424e-05,0
2.5505795e-05,0
4.945924e-05,0
4.5286455e-05,0
0.00016904948,0
0.00041392524,0
2.5943675e-05,0
1.9474548e-05,0
0.00011336329,0
0.0002591815,0
1.7749388e-05,0
2.091794e-05,0
1.7050175e-05,0
2.3236376e-05,0
9.4642055e-05,0
0.00024588243,0
1.07263e-05,0
4.959717e-05,0
9.203782e-06,0
3.204538e-05,0
4.60663e-05,0
0.0015626969,0
2.0288096e-05,0
2.182511e-05,0
3.0093403e-05,0
1.974086e-05,0
0.007970871,0
0.0004030783,0
1.7223936e-05,0
8.839378e-05,0
2.6861553e-05,0
3.6891648e-05,0
6.109436e-05,0
6.704359e-05,0
0.00022450116,0
0.00011862397,0
0.00019472987,0
0.000114856484,0
0.0004225278,0
0.0001233902,0
4.0726114e-05,0
1.20557315e-05,0
0.0024773441,0
1.5381025e-05,0
2.9534518e-05,0
0.006832207,0
2.3497068e-05,0
2.2310456e-05,0
9.431447e-05,0
0.00108887,0
2.7490072e-05,0
2.1939934e-05,0
0.00012089856,0
1.3344458e-05,0
1.959484e-05,0
9.738258e-05,0
0.00019410237,0
0.00656758,0
0.0002531506,0
2.2389346e-05,0
1.679711e-05,0
4.576911e-05,0
1.9878902e-05,0
9.4506286e-05,0
0.00025503358,0
2.3692694e-05,0
0.0008439163,0
1.7247175e-05,0
5.093835e-05,0
0.0008007525,0
0.00048038282,0
2.4240167e-05,0
2.7504786e-05,0
0.00014134243,0
1.9193432e-05,0
2.2586122e-05,0
4.9176397e-05,0
1.6144491e-05,0
1.8238195e-05,0
2.6020249e-05,0
0.0010063548,0
0.00020570995,0
0.00023178759,0
5.1268205e-05,0
1.9440975e-05,0
2.0786367e-05,0
4.931337e-05,0
1.9517407e-05,0
1.8671628e-05,0
2.0801972e-05,0
8.980495e-05,0
2.964145e-05,0
1.3495632e-05,0
8.6788896e-05,0
2.2768907e-05,0
5.770165e-05,0
0.0014519956,0
0.0044822902,0
4.8247926e-05,0
9.926313e-05,0
5.405282e-05,0
4.098198e-05,0
0.00021933,0
0.00036825213,0
2.0981568e-05,0
5.6670466e-05,0
9.7786775e-05,0
7.8792065e-05,0
0.0001832329,0
6.621361e-05,0
1.0294274e-05,0
0.00010486621,0
0.0005541187,0
2.3742243e-05,0
2.7348597e-05,0
5.5603028e-05,0
4.543693e-05,0
3.320164e-05,0
0.00010858325,0
2.1405089e-05,0
9.1106354e-05,0
3.4748384e-05,0
3.566514e-05,0
5.1219005e-05,0
0.00015406456,0
1.9217076e-05,0
0.0015292893,0
2.441228e-05,0
1.780996e-05,0
2.902722e-05,0
1.018021e-05,0
6.178067e-05,0
0.0005688862,0
0.00016232279,0
3.3586824e-05,0
0.00034300302,0
0.0001949907,0
0.00014284404,0
0.0097002145,0
2.7234164e-05,0
5.902644e-05,0
2.3341932e-05,0
6.375362e-05,0
5.4868586e-05,0
9.007705e-05,0
1.5390271e-05,0
5.6233752e-05,0
8.7599794e-05,0
2.013837e-05,0
1.1777436e-05,0
5.474481e-05,0
1.9727217e-05,0
4.8822665e-05,0
1.3625991e-05,0
0.00022720284,0
0.00018738587,0
0.0007306667,0
2.3782715e-05,0
8.863177e-05,0
0.00025559863,0
0.0011107547,0
4.1175404e-05,0
0.010751054,0
0.00015998699,0
1.4416405e-05,0
4.993723e-05,0
0.0012387161,0
1.5563859e-05,0
1.6621996e-05,0
6.5723376e-05,0
1.797898e-05,0
0.010831131,0
7.997802e-05,0
0.0020666954,0
5.2741685e-05,0
5.8154794e-05,0
7.960512e-05,0
0.00011258098,0
2.7065955e-05,0
6.201149e-05,0
3.4343873e-05,0
4.5828405e-05,0
1.5724088e-05,0
5.0445e-05,0
0.00012987763,0
0.00028374096,0
1.9700468e-05,0
9.951803e-05,0
0.00025081405,0
5.4749988e-05,0
3.4594523e-05,0
0.0005812202,0
0.0001166281,0
0.00064143154,0
0.00015669155,0
6.512534e-05,0
1.42269455e-05,0
0.0006981201,0
0.0008093098,0
0.00023463456,0
2.7870781e-05,0
1.8148543e-05,0
2.8328195e-05,0
1.3144155e-05,0
0.0002891251,0
5.5639804e-05,0
0.00010111518,0
5.305709e-05,0
4.452078e-05,0
4.9099694e-05,0
6.272564e-05,0
0.0011596011,0
0.00072239456,0
0.00051201595,0
0.00096771534,0
0.001073566,0
3.1018673e-05,0
0.0004588413,0
0.00018576761,0
1.9888908e-05,0
5.7423425e-05,0
0.00014323961,0
2.6804408e-05,0
8.485514e-05,0
0.0001087632,0
6.0646136e-05,0
2.6078396e-05,0
1.8322417e-05,0
2.5315512e-05,0
9.675476e-05,0
2.692438e-05,0
0.0003443775,0
2.8227945e-05,0
1.3802176e-05,0
9.677191e-05,0
2.8553164e-05,0
0.00011660368,0
5.213561e-05,0
0.00014185609,0
0.0001273251,0
2.3754234e-05,0
2.6260028e-05,0
9.6364754e-05,0
0.0009081764,0
3.243427e-05,0
2.8723454e-05,0
4.887083e-05,0
2.5594625e-05,0
1.5441168e-05,0
0.000538098,0
2.8337503e-05,0
5.085871e-05,0
0.0031375112,0
0.0013619681,0
2.1147309e-05,0
1.9562487e-05,0
0.00017805988,0
1.7803508e-05,0
1.6727654e-05,0
0.00014549137,0
1.2623178e-05,0
0.0007205407,0
9.4590985e-05,0
4.6463287e-05,0
0.00038887732,0
0.00010418633,0
0.015793901,0
0.00082404166,0
0.0010664841,0
0.000115718416,0
1.4028174e-05,0
3.8289472e-05,0
4.7600155e-05,0
0.0038112348,0
0.00022734927,0
2.057455e-05,0
0.00064694637,0
0.0024018167,0
2.2855278e-05,0
0.0007215885,0
2.8123932e-05,0
1.5776555e-05,0
4.655953e-05,0
0.00010059691,0
0.0010469191,0
0.00022433995,0
6.686883e-05,0
0.000868222,0
1.5435253e-05,0
1.1480789e-05,0
0.00048655344,0
7.390942e-05,0
5.7770303e-05,0
2.2204804e-05,0
9.8794684e-05,0
4.846127e-05,0
0.00022741016,0
2.048676e-05,0
6.4183136e-05,0
0.00016998604,0
0.000716658,0
0.0073758652,0
0.0006209733,0
2.5780213e-05,0
0.00078358426,0
6.6436594e-05,0
2.5038227e-05,0
0.0001168402,0
0.0020272853,0
4.046275e-05,0
0.00025833058,0
0.00058974273,0
0.00058879174,0
0.0004039281,0
0.0002685464,0
1.4535049e-05,0
0.00010998233,0
0.0001202414,0
8.7564076e-05,0
0.00013374032,0
2.662996e-05,0
0.00012376114,0
7.144179e-05,0
0.0064833495,0
0.0001480094,0
0.0005767652,0
0.0002927829,0
0.00085100066,0
4.8270995e-05,0
1.5102752e-05,0
4.4668217e-05,0
9.857709e-05,0
1.9442048e-05,0
0.00022658512,0
5.4660097e-05,0
3.3848264e-05,0
0.00028951364,0
2.5300431e-05,0
5.6224493e-05,0
3.074877e-05,0
0.00024230474,0
2.7495675e-05,0
6.106741e-05,0
2.7142818e-05,0
3.5486104e-05,0
4.9115824e-05,0
2.1824988e-05,0
0.000532887,0
2.4772095e-05,0
9.849422e-05,0
0.00014113115,0
4.2954667e-05,0
4.8786373e-05,0
1.7474751e-05,0
2.7142534e-05,0
4.9728296e-05,0
5.9746068e-05,0
2.8440587e-05,0
6.431701e-05,0
2.0288668e-05,0
0.00010276851,0
0.00012523313,0
4.826386e-05,0
2.8078986e-05,0
2.4787487e-05,0
1.7111071e-05,0
9.096283e-05,0
2.0315167e-05,0
4.7832717e-05,0
0.0001545264,0
2.7702272e-05,0
0.0001864186,0
2.2196271e-05,0
7.386548e-05,0
2.1805083e-05,0
2.1699872e-05,0
3.3004846e-05,0
3.304492e-05,0
4.9621965e-05,0
2.070162e-05,0
0.00011819577,0
2.216312e-05,0
2.717553e-05,0
2.9887182e-05,0
2.468323e-05,0
2.7481055e-05,0
4.4203694e-05,0
0.00015857111,0
2.163479e-05,0
0.00028735615,0
0.00028734497,0
1.6106005e-05,0
2.150135e-05,0
1.5429023e-05,0
0.0049604326,0
4.878872e-05,0
0.00029135117,0
5.1075018e-05,0
2.7093996e-05,0
0.00017550276,0
0.002997536,0
0.00010873111,0
2.0596524e-05,0
5.7963698e-05,0
5.557858e-05,0
2.287896e-05,0
0.0004169512,0
5.9186215e-05,0
0.00027350368,0
6.2905805e-05,0
0.0045707677,0
0.0007313407,0
0.00033092036,0
0.00016323778,0
8.94083e-05,0
5.0696446e-05,0
0.012223383,0
2.2729202e-05,0
0.009575837,0
2.2390699e-05,0
1.0606333e-05,0
2.4995585e-05,0
0.0002562805,0
8.185671e-05,0
0.00021762389,0
6.0081227e-05,0
1.9426083e-05,0
0.013162276,0
0.00020759185,0
2.253028e-05,0
0.00093301345,0
0.013023418,0
1.3275175e-05,0
2.1142985e-05,0
0.00036621818,0
6.350436e-05,0
2.5512198e-05,0
1.16109295e-05,0
3.8412032e-05,0
0.00011752777,0
0.00011274661,0
1.9705058e-05,0
0.00010047119,0
2.5964466e-05,0
8.2056606e-05,0
0.0002845537,0
0.0051321923,0
1.3971932e-05,0
3.8069105e-05,0
1.2831753e-05,0
2.7030761e-05,0
1.5276211e-05,0
0.00011709145,0
4.0351028e-05,0
2.3584611e-05,0
2.237787e-05,0
5.0099832e-05,0
1.7608516e-05,0
2.0392925e-05,0
0.00048175492,0
2.3504208e-05,0
0.0004003697,0
1.9222944e-05,0
1.6811506e-05,0
0.004103457,0
0.00010097666,0
9.8831486e-05,0
2.7127719e-05,0
4.9574377e-05,0
0.00040631933,0
8.877791e-05,0
1.2526241e-05,0
2.405369e-05,0
0.00016197759,0
2.2050497e-05,0
2.8534967e-05,0
2.949182e-05,0
0.00065222825,0
1.3631846e-05,0
2.0245177e-05,0
1.9112482e-05,0
2.2204893e-05,0
0.00020494827,0
3.16775e-05,0
0.00024065327,0
5.0902476e-05,0
0.00013771426,0
1.4202284e-05,0
0.0001559572,0
0.004038869,0
0.00024525193,0
5.6619712e-05,0
1.7935618e-05,0
3.215153e-05,0
5.2373616e-05,0
4.0843985e-05,0
2.111464e-05,0
2.6325079e-05,0
0.004591761,0
0.0001045543,0
4.859716e-05,0
1.6611084e-05,0
0.0001398592,0
2.3734832e-05,0
2.7843345e-05,0
0.0006439386,0
0.0022333653,0
2.746063e-05,0
1.8650355e-05,0
2.5763597e-05,0
9.647542e-05,0
2.2737448e-05,0
3.2522807e-05,0
0.000394605,0
6.4836684e-05,0
0.0001144102,0
0.0013492454,0
1.5286507e-05,0
0.005017475,0
0.000110348905,0
0.00023684278,0
1.4554895e-05,0
2.1283111e-05,0
2.445781e-05,0
4.9257946e-05,0
0.0001673778,0
6.30563e-05,0
1.9223426e-05,0
3.2508815e-05,0
0.0032959634,0
2.8753353e-05,0
2.844781e-05,0
0.00012989566,0
0.0052111754,0
7.053805e-05,0
0.0005401981,0
0.0008300648,0
1.4361296e-05,0
1.9218596e-05,0
9.109028e-05,0
2.0272519e-05,0
5.615865e-05,0
0.00018504623,0
1.9885478e-05,0
4.8258793e-05,0
0.00010252588,0
3.537065e-05,0
2.443054e-05,0
0.00012089279,0
1.12250045e-05,0
0.00022114386,0
8.518652e-05,0
3.6918394e-05,0
2.0496767e-05,0
2.6862821e-05,0
0.007846651,0
9.5912095e-05,0
2.1114072e-05,0
5.0574614e-05,0
0.009814817,0
3.2783908e-05,0
1.8078352e-05,0
2.5100415e-05,0
1.592791e-05,0
1.3930166e-05,0
4.123565e-05,0
2.6823605e-05,0
1.2605052e-05,0
0.00016107611,0
2.0460498e-05,0
1.4764072e-05,0
2.5015086e-05,0
0.0002849747,0
0.00017647508,0
2.1190004e-05,0
7.320868e-05,0
1.2272054e-05,0
0.00017019147,0
8.010547e-05,0
1.6464332e-05,0
2.2208715e-05,0
0.00013407372,0
2.0300231e-05,0
0.0008451175,0
0.00014874115,0
0.0004327765,0
2.3389126e-05,0
1.8078812e-05,0
1.7043567e-05,0
2.3949953e-05,0
0.0055635804,0
0.00039199318,0
1.3789322e-05,0
1.6686661e-05,0
1.9743351e-05,0
0.0012891405,0
8.906096e-05,0
0.0022095065,0
1.6088148e-05,0
2.3838138e-05,0
2.4735888e-05,0
2.894998e-05,0
8.420126e-05,0
0.0002619054,0
2.9463901e-05,0
0.0034981994,0
0.0020604627,0
9.986402e-05,0
5.050677e-05,0
3.0763647e-05,0
1.9273954e-05,0
0.00010477939,0
0.00012839229,0
0.00011713237,0
4.6107252e-05,0
2.3554916e-05,0
2.3980283e-05,0
0.00042704903,0
0.0008200314,0
0.0066185966,0
0.00030220585,0
1.8260178e-05,0
0.0004868048,0
2.5323077e-05,0
0.00028876378,0
4.7756177e-05,0
5.8068483e-05,0
1.2800335e-05,0
0.00013285507,0
0.00025795848,0
0.0003790327,0
1.9456567e-05,0
0.008503861,0
0.0035527344,0
9.9380406e-05,0
0.013376215,0
1.7173099e-05,0
1.695823e-05,0
1.9383586e-05,0
0.00016185046,0
0.0015963258,0
0.0018292964,0
0.00045306372,0
3.0418565e-05,0
1.4037166e-05,0
6.5901855e-05,0
2.5836645e-05,0
0.00033548597,0
3.8116537e-05,0
9.861233e-05,0
4.3947377e-05,0
2.1743223e-05,0
0.0010980417,0
2.3545286e-05,0
0.0006425801,0
1.8656654e-05,0
5.080447e-05,0
0.0009853614,0
5.1065e-05,0
0.00027120364,0
0.0069061774,0
0.0006497886,0
0.0056870384,0
2.8228593e-05,0
0.0018302968,0
1.1772585e-05,0
2.776503e-05,0
0.00047044375,0
2.1822569e-05,0
0.0008011661,0
1.854428e-05,0
2.061388e-05,0
0.0003632275,0
2.287666e-05,0
2.1652362e-05,0
1.3379005e-05,0
0.00016935138,0
1.4848414e-05,0
3.6145717e-05,0
1.927514e-05,0
2.8623588e-05,0
0.00033859696,0
0.0005430367,0
0.00010186658,0
4.710344e-05,0
1.990922e-05,0
9.563865e-05,0
2.3114964e-05,0
2.8929011e-05,0
7.362805e-05,0
2.1466276e-05,0
9.835431e-05,0
1.5386686e-05,0
0.0001410334,0
7.142923e-05,0
0.011255094,0
0.0003302267,0
1.4671058e-05,0
2.3026652e-05,0
4.4345394e-05,0
1.4260181e-05,0
9.6549586e-05,0
2.0837962e-05,0
0.0006665087,0
0.00068326556,0
0.00021862151,0
0.00030017394,0
0.00056802866,0
5.6727135e-05,0
0.00085229153,0
2.5294483e-05,0
7.14605e-05,0
3.3365155e-05,0
2.5676412e-05,0
8.027111e-05,0
2.2202807e-05,0
3.0916523e-05,0
2.6586795e-05,0
9.9344015e-06,0
0.00025950442,0
0.00067783485,0
0.015229875,0
8.839876e-05,0
0.012352269,0
4.3080985e-05,0
5.7818324e-05,0
2.0068082e-05,0
2.1515687e-05,0
4.9284685e-05,0
3.5643232e-05,0
2.6139283e-05,0
0.00031999606,0
1.52310795e-05,0
1.46219745e-05,0
2.8534501e-05,0
2.2220753e-05,0
0.000101660065,0
2.666067e-05,0
1.361393e-05,0
2.0944783e-05,0
0.00066563557,0
0.004442521,0
0.00085249264,0
0.00015662602,0
2.260331e-05,0
0.00037849677,0
1.4798433e-05,0
1.9193201e-05,0
2.344764e-05,0
2.4300176e-05,0
2.0061467e-05,0
2.3496126e-05,0
2.0276437e-05,0
5.2328698e-05,0
0.00017858221,0
0.009573968,0
0.00043616976,0
1.97076e-05,0
4.0293835e-05,0
3.429206e-05,0
9.7951386e-05,0
2.0436779e-05,0
2.337339e-05,0
5.2884203e-05,0
2.365892e-05,0
5.4117783e-05,0
3.2593143e-05,0
0.00013694854,0
2.3876464e-05,0
0.00032392456,0
0.00081653584,0
2.4363015e-05,0
1.6429936e-05,0
4.8813192e-05,0
1.4250272e-05,0
2.7590468e-05,0
2.8633207e-05,0
3.5332563e-05,0
3.1543557e-05,0
0.0006588511,0
0.00053971173,0
0.00044917164,0
0.00016697153,0
2.715251e-05,0
4.3406333e-05,0
7.002676e-05,0
4.5568504e-05,0
2.0067875e-05,0
1.9406818e-05,0
7.416923e-05,0
0.0017818306,0
9.176898e-05,0
0.00016799493,0
0.0025151218,0
0.00013184815,0
0.0001859801,0
2.1838783e-05,0
1.1835146e-05,0
3.309581e-05,0
0.0064104414,0
2.0067358e-05,0
3.600747e-05,0
0.000104835846,0
1.9311366e-05,0
1.4003442e-05,0
2.531873e-05,0
7.491848e-05,0
2.1379168e-05,0
0.004082583,0
4.105162e-05,0
2.1580167e-05,0
0.0002174766,0
0.000114773,0
2.4849018e-05,0
9.446872e-05,0
0.0020420752,0
0.018029591,0
2.0551954e-05,0
0.00016186397,0
0.0003184576,0
0.000117037096,0
0.011415372,0
0.00011622954,0
5.3937063e-05,0
0.0014708544,0
2.7199747e-05,0
3.1619486e-05,0
1.6095786e-05,0
5.034935e-05,0
3.8145547e-05,0
9.8141965e-05,0
1.599099e-05,0
1.8058192e-05,0
0.0003206941,0
1.243146e-05,0
5.172097e-05,0
0.00010754285,0
2.1769225e-05,0
1.9720794e-05,0
2.1747326e-05,0
6.87239e-05,0
5.288174e-05,0
0.00011818303,0
0.0032375609,0
0.00034274047,0
4.4186858e-05,0
7.508068e-05,0
2.524067e-05,0
1.7927672e-05,0
2.6755652e-05,0
2.3014707e-05,0
0.000101441154,0
5.7597837e-05,0
1.2108195e-05,0
0.010196179,0
0.000102058584,0
0.000107469474,0
7.13422e-05,0
0.008025137,0
2.7256978e-05,0
2.2902002e-05,0
0.000108118686,0
2.49377e-05,0
0.00011296287,0
0.00013918406,0
0.0027857716,0
3.1047308e-05,0
0.0017543383,0
0.00013395367,0
0.0002953711,0
5.5275592e-05,0
9.591217e-05,0
0.00014861337,0
7.095304e-05,0
0.00054233655,0
5.872187e-05,0
2.0647383e-05,0
4.9401115e-05,0
2.1132122e-05,0
3.266185e-05,0
1.4532091e-05,0
4.6077123e-05,0
9.994749e-05,0
1.1732827e-05,0
3.058271e-05,0
5.2774943e-05,0
5.2288648e-05,0
1.9185683e-05,0
2.8365232e-05,0
3.7538604e-05,0
4.365705e-05,0
6.047072e-05,0
1.2176265e-05,0
3.851859e-05,0
0.0009402981,0
1.3351413e-05,0
7.92964e-05,0
1.8428716e-05,0
0.00015377907,0
4.8258335e-05,0
2.7705253e-05,0
1.727654e-05,0
0.0016039052,0
9.599011e-05,0
9.580721e-05,0
4.886714e-05,0
2.0003148e-05,0
0.00016276399,0
1.6267972e-05,0
0.0117319105,0
0.000106171654,0
2.2700126e-05,0
0.00043317728,0
5.7067184e-05,0
1.970598e-05,0
1.9875954e-05,0
0.00014422229,0
0.00021852093,0
0.0021635673,0
3.0684398e-05,0
1.14019795e-05,0
4.9324888e-05,0
0.0015599926,0
3.554624e-05,0
9.897854e-05,0
0.00015294713,0
0.0017938976,0
0.00011559269,0
0.010940286,0
0.00012735707,0
5.985604e-05,0
2.6729853e-05,0
4.7033103e-05,0
5.487162e-05,0
0.004275984,0
2.4901221e-05,0
3.7437938e-05,0
5.136278e-05,0
0.00095715735,0
2.7690512e-05,0
0.0057866084,0
0.0016027618,0
0.000120052195,0
4.4445576e-05,0
2.8485536e-05,0
0.011946914,0
0.0014222267,0
0.0006726897,0
5.294645e-05,0
2.0096611e-05,0
0.00035799848,0
3.680971e-05,0
0.00385463,0
5.566769e-05,0
2.4453164e-05,0
6.039153e-05,0
4.4573953e-05,0
0.00088274054,0
3.5501056e-05,0
0.00045432348,0
2.182124e-05,0
5.321097e-05,0
9.615782e-05,0
2.610456e-05,0
0.0008509096,0
4.866792e-05,0
1.9378165e-05,0
0.00016091777,0
3.842009e-05,0
0.00012204524,0
2.398499e-05,0
0.007206542,0
2.2874661e-05,0
0.00041884262,0
1.7679187e-05,0
9.702892e-05,0
7.839449e-05,0
0.0008012889,0
3.175497e-05,0
1.9742054e-05,0
0.0024689287,0
1.82641e-05,0
1.9189001e-05,0
2.5041345e-05,0
0.00038067502,0
0.00041760257,0
3.1235777e-05,0
4.66809e-05,0
2.0418234e-05,0
1.579487e-05,0
1.8840688e-05,0
0.00033414422,0
6.0187107e-05,0
0.00036020853,0
1.4565958e-05,0
0.0010817943,0
0.00010327453,0
2.9336818e-05,0
6.1194325e-05,0
0.00067845517,0
0.0007044061,0
9.569286e-05,0
0.0002080792,0
2.3944021e-05,0
0.00010052209,0
6.981824e-05,0
2.3475091e-05,0
0.00012081287,0
1.596598e-05,0
0.0003797038,0
0.0019409761,0
0.000425209,0
2.6871401e-05,0
0.0076124775,0
0.0004907907,0
4.6787925e-05,0
3.5446523e-05,0
1.8898778e-05,0
0.0007873296,0
0.00044131148,0
4.8818973e-05,0
2.0072477e-05,0
3.8290134e-05,0
0.00059178437,0
2.6933287e-05,0
0.011264265,0
6.73244e-05,0
1.9359422e-05,0
7.855625e-05,0
6.623566e-05,0
9.761469e-05,0
2.5432082e-05,0
2.0482976e-05,0
3.1346735e-05,0
0.00022483556,0
2.131433e-05,0
1.2622579e-05,0
6.4426386e-05,0
3.935284e-05,0
3.992681e-05,0
4.027917e-05,0
1.7000926e-05,0
0.0007404692,0
1.7259814e-05,0
2.8479191e-05,0
2.659446e-05,0
1.9587902e-05,0
0.001157174,0
0.0008089872,0
1.7813249e-05,0
0.001357275,0
1.9273844e-05,0
3.0280471e-05,0
2.6957334e-05,0
5.0102684e-05,0
4.463752e-05,0
0.00016959517,0
0.00015803316,0
9.396702e-05,0
2.8811583e-05,0
0.00010175126,0
0.010334074,0
4.8583308e-05,0
0.00013835118,0
3.4394583e-05,0
1.8931461e-05,0
1.9721785e-05,0
2.0347212e-05,0
7.936743e-05,0
0.0002197994,0
1.6872551e-05,0
2.9413253e-05,0
5.598304e-05,0
5.464632e-05,0
0.00010921958,0
0.00019652573,0
0.00042252103,0
0.0001441288,0
1.7824916e-05,0
2.061867e-05,0
2.4206867e-05,0
1.1716937e-05,0
2.7797103e-05,0
2.0078549e-05,0
2.8687027e-05,0
1.5444019e-05,0
1.8430466e-05,0
7.3885094e-05,0
0.00018525154,0
4.274471e-05,0
2.2808093e-05,0
0.00010002263,0
0.012979297,0
9.321017e-05,0
0.0014916235,0
7.177203e-05,0
5.453701e-05,0
0.0047826963,0
2.1513995e-05,0
6.295359e-05,0
1.7764118e-05,0
8.650676e-05,0
2.5838359e-05,0
1.4200168e-05,0
5.3667674e-05,0
1.4902613e-05,0
2.0812226e-05,0
0.00015618147,0
4.9539893e-05,0
0.00017340212,0
2.1886637e-05,0
9.46468e-05,0
3.5613946e-05,0
6.4884975e-05,0
2.3816196e-05,0
0.015371081,0
0.00023211887,0
8.843913e-05,0
3.068307e-05,0
4.5337383e-05,0
2.7171349e-05,0
4.9427137e-05,0
2.3783037e-05,0
1.7375693e-05,0
0.00016221972,0
1.9199644e-05,0
3.5201592e-05,0
0.0020037845,0
1.9874617e-05,0
0.0020293493,0
9.661637e-05,0
2.5582149e-05,0
1.9252619e-05,0
9.1560905e-05,0
5.5346765e-05,0
0.0010330052,0
2.6570135e-05,0
4.6669033e-05,0
0.00011191873,0
2.0017547e-05,0
0.00016067814,0
1.9366738e-05,0
8.166512e-05,0
1.4803541e-05,0
0.007587074,0
4.22381e-05,0
3.0697534e-05,0
5.7374e-05,0
0.020663863,0
6.313205e-05,0
3.0040594e-05,0
0.0006081737,0
1.9940577e-05,0
2.6013475e-05,0
5.504017e-05,0
2.0164696e-05,0
2.0309644e-05,0
8.771569e-05,0
0.001850594,0
2.7466771e-05,0
3.834537e-05,0
0.00011209368,0
2.2906795e-05,0
0.00010108847,0
4.3282882e-05,0
0.0003806415,0
3.511773e-05,0
4.228979e-05,0
0.0017543888,0
0.00016012945,0
1.1508733e-05,0
3.183597e-05,0
0.00081105257,0
4.896898e-05,0
3.0706226e-05,0
0.0022986983,0
0.0002331302,0
1.3664991e-05,0
0.000116402305,0
0.01774308,0
0.0005348251,0
0.0020813365,0
5.333624e-05,0
1.442883e-05,0
0.0002773767,0
0.00018081538,0
1.7550841e-05,0
5.2982054e-05,0
0.0002148373,0
4.6516598e-05,0
2.0520172e-05,0
2.7148848e-05,0
7.765546e-05,0
1.090005e-05,0
0.00020469009,0
0.0032476904,0
3.419382e-05,0
1.8554734e-05,0
9.550582e-05,0
0.00024873926,0
5.788696e-05,0
2.060913e-05,0
4.163624e-05,0
3.4579403e-05,0
2.529566e-05,0
5.6137073e-05,0
0.009573191,0
5.608305e-05,0
0.00042022238,0
1.9622228e-05,0
0.00011611085,0
1.944817e-05,0
0.0001231955,0
2.5630377e-05,0
0.00016111619,0
0.0026336364,0
2.4031211e-05,0
0.0014348543,0
2.5601506e-05,0
1.3274204e-05,0
2.0943717e-05,0
2.886491e-05,0
0.00011717395,0
1.9644374e-05,0
0.012243713,0
0.00014072804,0
2.0822381e-05,0
2.7578284e-05,0
9.6872296e-05,0
6.180355e-05,0
5.0936746e-05,0
2.4957419e-05,0
8.264633e-05,0
0.0045612724,0
1.9704756e-05,0
2.0277197e-05,0
0.0009056205,0
4.4458106e-05,0
1.9194375e-05,0
3.663745e-05,0
5.1769675e-05,0
0.0004285569,0
5.3104086e-05,0
2.7017511e-05,0
0.0016745956,0
4.2375985e-05,0
0.00044527111,0
1.9701845e-05,0
1.9118786e-05,0
2.1327856e-05,0
3.3249264e-05,0
0.0018109942,0
1.3175822e-05,0
2.7727989e-05,0
5.1740375e-05,0
0.017847937,0
2.8600723e-05,0
0.00013889119,0
6.1876555e-05,0
8.181727e-05,0
9.5780655e-05,0
2.2397178e-05,0
3.846721e-05,0
0.00052771217,0
0.00010639538,0
1.9893387e-05,0
1.94324e-05,0
2.2626911e-05,0
2.0307245e-05,0
9.7237906e-05,0
0.00017520679,0
2.1235188e-05,0
0.00026678023,0
2.9824248e-05,0
2.1815145e-05,0
0.009485328,0
6.7559806e-05,0
1.9280715e-05,0
6.501362e-05,0
2.3069184e-05,0
2.853876e-05,0
7.7218654e-05,0
0.00013111133,0
1.8708002e-05,0
2.814125e-05,0
3.352728e-05,0
5.6535337e-05,0
2.0311394e-05,0
2.1162643e-05,0
2.4793568e-05,0
1.7645778e-05,0
4.4327688e-05,0
0.0037894908,0
0.0026809522,0
0.0001468822,0
3.7281272e-05,0
6.256125e-05,0
4.2466985e-05,0
3.1739364e-05,0
2.725993e-05,0
0.00020055132,0
0.0003510009,0
1.1281395e-05,0
1.9543633e-05,0
5.3629232e-05,0
0.00042870757,0
1.6016507e-05,0
8.068658e-05,0
9.5781514e-05,0
1.8617062e-05,0
0.0005180838,0
1.9189776e-05,0
4.6105917e-05,0
2.1796439e-05,0
2.8616969e-05,0
1.5544474e-05,0
0.0010330416,0
2.2415798e-05,0
2.1984632e-05,0
2.0400827e-05,0
0.0003746569,0
5.4955617e-05,0
1.488109e-05,0
0.003527248,0
2.6902931e-05,0
0.0002452648,0
0.00012572556,0
2.0893374e-05,0
7.478463e-05,0
1.9198847e-05,0
2.4513098e-05,0
6.4892265e-05,0
0.011034694,0
4.020389e-05,0
1.976024e-05,0
1.8758386e-05,0
4.0796545e-05,0
0.000102524355,0
2.0539928e-05,0
0.0004074794,0
3.3295164e-05,0
1.404634e-05,0
5.8952766e-05,0
0.004211987,0
0.00053576066,0
2.5410072e-05,0
2.3223885e-05,0
3.0026478e-05,0
2.874203e-05,0
0.00010858571,0
7.614383e-05,0
2.9407109e-05,0
0.004535841,0
0.000692324,0
5.68455e-05,0
2.3602257e-05,0
2.681914e-05,0
2.8560207e-05,0
0.00078061625,0
0.00047474433,0
0.00011497551,0
0.00015620243,0
0.00036806593,0
2.1192684e-05,0
2.729936e-05,0
0.00040341335,0
2.8085533e-05,0
2.3603485e-05,0
3.197444e-05,0
5.673379e-05,0
8.2099505e-05,0
0.0011162101,0
0.00013898345,0
4.7011334e-05,0
5.1747753e-05,0
8.088955e-05,0
1.9887102e-05,0
0.00020128945,0
2.1161193e-05,0
9.141306e-05,0
3.9478127e-05,0
3.0401025e-05,0
2.2528402e-05,0
1.9447652e-05,0
8.905604e-05,0
4.831086e-05,0
0.00027226607,0
4.8725426e-05,0
2.0922751e-05,0
0.00015722931,0
1.9903522e-05,0
1.9883688e-05,0
3.7426336e-05,0
2.6581198e-05,0
1.9195852e-05,0
5.187378e-05,0
0.0053075165,0
2.231485e-05,0
3.3264754e-05,0
2.2234924e-05,0
0.0005603506,0
5.4319542e-05,0
3.8814112e-05,0
1.9906727e-05,0
2.8118591e-05,0
2.5595547e-05,0
0.00011064914,0
2.6151525e-05,0
3.5633082e-05,0
0.0012412956,0
2.5935635e-05,0
0.012308549,0
0.0017862417,0
1.156061e-05,0
0.00028841433,0
9.796787e-05,0
2.026186e-05,0
0.0005988642,0
4.21418e-05,0
0.00028401776,0
0.00017598855,0
0.00010860854,0
1.2887135e-05,0
0.00014156716,0
9.409609e-05,0
0.003520947,0
2.4311634e-05,0
4.3708384e-05,0
0.00047172475,0
0.0019347548,0
5.8087673e-05,0
0.00011277611,0
0.000116010946,0
0.0002310539,0
0.0010444792,0
0.0010189546,0
0.00032997754,0
0.0015459807,0
1.2868344e-05,0
2.6145735e-05,0
0.0003399622,0
1.6449836e-05,0
0.0006169078,0
9.7578195e-05,0
0.000116433606,0
0.00012872179,0
5.301702e-05,0
1.9222762e-05,0
2.0531137e-05,0
2.8416542e-05,0
0.00026659187,0
1.6574806e-05,0
2.3891185e-05,0
0.00013101265,0
2.5062032e-05,0
1.8952474e-05,0
4.9010876e-05,0
2.4108082e-05,0
1.1797393e-05,0
1.6481257e-05,0
0.00030544057,0
0.0001400239,0
0.00022302278,0
1.904522e-05,0
4.8553342e-05,0
4.8422186e-05,0
0.00010252671,0
0.0008802728,0
4.8707483e-05,0
2.3930012e-05,0
4.7002006e-05,0
0.00012713006,0
7.291858e-05,0
9.6941636e-05,0
1.9720519e-05,0
2.2262924e-05,0
6.935518e-05,0
9.4862415e-05,0
4.913393e-05,0
0.00024149663,0
2.6515196e-05,0
0.00011074058,0
6.0094375e-05,0
1.9228884e-05,0
2.0751062e-05,0
7.89625e-05,0
3.9683684e-05,0
2.2826367e-05,0
0.0021113523,0
4.532037e-05,0
1.9258465e-05,0
1.8101946e-05,0
6.4143496e-05,0
0.0001679952,0
1.1912188e-05,0
0.00028131515,0
5.46514e-05,0
0.00011235768,0
2.1817863e-05,0
1.1439725e-05,0
0.0011584435,0
0.0001186458,0
6.087403e-05,0
2.8901173e-05,0
5.7959565e-05,0
2.5484971e-05,0
0.00040225126,0
0.000342705,0
1.1831232e-05,0
9.5418894e-05,0
0.00093450415,0
2.5545854e-05,0
1.6475971e-05,0
9.800302e-05,0
2.089016e-05,0
6.202806e-05,0
2.3124925e-05,0
7.850241e-05,0
0.0003641448,0
7.172995e-05,0
3.0015075e-05,0
3.1950134e-05,0
2.1456235e-05,0
0.00031679374,0
5.6751785e-05,0
2.5388797e-05,0
0.00035983542,0
1.4865529e-05,0
2.0570587e-05,0
5.250297e-05,0
0.000156968,0
2.7136457e-05,0
2.1687349e-05,0
0.00045483006,0
1.1734059e-05,0
5.5988894e-05,0
2.4874778e-05,0
6.013597e-05,0
2.1981716e-05,0
0.0015543383,0
0.00025386063,0
4.8324888e-05,0
0.00016420482,0
4.6994097e-05,0
6.7163426e-05,0
0.00012297688,0
3.641385e-05,0
0.018970264,0
2.3129145e-05,0
0.0016929372,0
1.9789464e-05,0
0.000112884896,0
4.898824e-05,0
1.9167263e-05,0
6.187939e-05,0
8.862665e-05,0
1.9345285e-05,0
0.011747685,0
2.3602608e-05,0
2.0716652e-05,0
0.0006876889,0
1.1921625e-05,0
1.9998812e-05,0
0.013790248,0
4.157476e-05,0
3.417434e-05,0
2.61156e-05,0
0.00064649055,0
0.0015452387,0
2.7213959e-05,0
4.4009576e-05,0
0.00017026045,0
2.4819832e-05,0
0.00024670715,0
2.4490386e-05,0
2.1780997e-05,0
2.8436934e-05,0
2.9920171e-05,0
5.5297398e-05,0
6.033756e-05,0
6.254362e-05,0
0.00029832934,0
2.6105241e-05,0
6.0935567e-05,0
0.001348616,0
2.960001e-05,0
0.00016268657,0
7.1899434e-05,0
0.00069316407,0
0.006255223,0
0.000100723395,0
1.03184975e-05,0
4.6622627e-05,0
6.3194275e-05,0
0.0004826224,0
2.0204594e-05,0
1.603379e-05,0
6.9988375e-05,0
1.6273621e-05,0
1.6615631e-05,0
0.00020084348,0
8.42039e-05,0
2.0815596e-05,0
6.5280896e-05,0
2.9923409e-05,0
9.884916e-05,0
1.5916181e-05,0
4.3028635e-05,0
0.000542391,0
5.968283e-05,0
4.873233e-05,0
1.8416496e-05,0
1.5328136e-05,0
1.47706505e-05,0
0.011601145,0
5.2349038e-05,0
4.4005483e-05,0
2.8391822e-05,0
0.000114127884,0
2.8482518e-05,0
4.920162e-05,0
1.9290497e-05,0
9.139371e-05,0
1.4222789e-05,0
2.6950634e-05,0
0.00010789392,0
5.307033e-05,0
0.00020643951,0
0.0001105413,0
3.312768e-05,0
7.757793e-05,0
2.247545e-05,0
3.843839e-05,0
2.9714354e-05,0
8.3260675e-05,0
0.0005418971,0
2.0639456e-05,0
1.0398204e-05,0
7.0434944e-05,0
3.13029e-05,0
0.000154552,0
2.6392925e-05,0
4.3074717e-05,0
2.0289439e-05,0
4.2912558e-05,0
2.9237448e-05,0
2.9046458e-05,0
2.9903942e-05,0
8.958394e-05,0
2.050942e-05,0
2.9350449e-05,0
0.00041897155,0
1.9836669e-05,0
2.0538197e-05,0
2.3216688e-05,0
2.9518142e-05,0
1.2472592e-05,0
0.00012977446,0
0.000732991,0
1.4446898e-05,0
2.0067502e-05,0
0.00015141397,0
3.184329e-05,0
5.3595213e-05,0
1.9173447e-05,0
0.0001167632,0
2.0256053e-05,0
5.3517182e-05,0
2.1062266e-05,0
4.3316344e-05,0
0.0053195916,0
2.4632152e-05,0
0.00046197383,0
0.0031680586,0
4.6897603e-05,0
0.0024840601,0
9.965829e-05,0
0.0007724261,0
1.9230118e-05,0
3.147768e-05,0
0.00020293551,0
1.876155e-05,0
4.7492587e-05,0
2.1657892e-05,0
3.0221825e-05,0
0.00029397834,0
2.3038989e-05,0
4.823879e-05,0
4.0453684e-05,0
1.2455348e-05,0
1.2382212e-05,0
0.0003537703,0
1.3303229e-05,0
5.8572256e-05,0
3.4912457e-05,0
2.1446871e-05,0
3.989237e-05,0
0.0001361683,0
0.00026280203,0
6.585175e-05,0
0.0009085117,0
0.0006986189,0
0.001785969,0
1.101265e-05,0
0.00014044461,0
2.0801512e-05,0
1.9208908e-05,0
4.566063e-05,0
0.000995897,0
7.895801e-05,0
7.933624e-05,0
4.837328e-05,0
1.8704164e-05,0
4.7807265e-05,0
1.9253728e-05,0
2.7438451e-05,0
0.000101452046,0
0.00015300006,0
0.00011931236,0
0.00026367567,0
2.8462455e-05,0
5.8272926e-05,0
0.0008875738,0
2.5804293e-05,0
1.6834825e-05,0
9.674409e-05,0
1.7812938e-05,0
0.00033730414,0
0.00032738803,0
2.0812426e-05,0
9.7187396e-05,0
2.2703553e-05,0
1.7045553e-05,0
1.6936723e-05,0
7.656291e-05,0
3.493123e-05,0
2.0994608e-05,0
0.00011691873,0
0.0097151855,0
0.00016904445,0
2.6955082e-05,0
2.7608501e-05,0
0.00023888412,0
5.183008e-05,0
5.9246122e-05,0
1.9494006e-05,0
2.2906424e-05,0
4.3830976e-05,0
1.1606768e-05,0
1.920138e-05,0
2.7597525e-05,0
6.700635e-05,0
7.979925e-05,0
0.00023104528,0
0.0001243136,0
0.00012459871,0
0.00996375,0
1.9187253e-05,0
8.366394e-05,0
1.31198585e-05,0
2.6245127e-05,0
0.00014514086,0
2.4434667e-05,0
0.000110575835,0
1.9570052e-05,0
9.8317236e-05,0
0.00010947952,0
2.6094403e-05,0
0.0007468008,0
4.1420724e-05,0
2.6131893e-05,0
1.7585398e-05,0
0.00016765589,0
0.0022817077,0
3.415064e-05,0
0.0007689461,0
2.8161798e-05,0
3.600281e-05,0
0.015020553,0
7.178333e-05,0
3.870033e-05,0
5.306749e-05,0
4.3135216e-05,0
2.9698625e-05,0
1.7972225e-05,0
1.0021578e-05,0
0.00023367658,0
2.2853807e-05,0
0.000101920035,0
1.5468611e-05,0
9.4549505e-05,0
7.906915e-05,0
3.9430794e-05,0
5.605056e-05,0
1.46884995e-05,0
0.00023556559,0
0.00010965969,0
0.012913262,0
1.360569e-05,0
0.00012370548,0
0.004426139,0
2.0089607e-05,0
9.5802236e-05,0
2.5380454e-05,0
1.9349558e-05,0
4.3815053e-05,0
0.00058532425,0
1.272939e-05,0
2.8562754e-05,0
0.00012102825,0
2.043859e-05,0
8.191391e-05,0
0.00024320386,0
2.7031267e-05,0
6.2853374e-05,0
2.5520116e-05,0
1.1298559e-05,0
0.00027619998,0
2.3511919e-05,0
5.1109102e-05,0
3.4118093e-05,0
7.774683e-05,0
2.308297e-05,0
7.850504e-05,0
0.00083023583,0
2.6045449e-05,0
0.00082771364,0
0.0013503062,0
0.000119387514,0
8.34697e-05,0
2.6150712e-05,0
2.263153e-05,0
1.6559688e-05,0
1.9679612e-05,0
7.442209e-05,0
1.9728972e-05,0
0.00016445993,0
1.2211756e-05,0
5.0276845e-05,0
0.000118235184,0
1.4198513e-05,0
1.8014289e-05,0
7.9235e-05,0
5.8093563e-05,0
4.443645e-05,0
0.00041178806,0
2.2995267e-05,0
0.00017054153,0
0.00042612047,0
2.2480017e-05,0
2.1202257e-05,0
2.9587365e-05,0
1.851725e-05,0
0.0021842022,0
0.00011080904,0
6.2357554e-05,0
1.25375e-05,0
1.23185655e-05,0
0.00094110955,0
7.423495e-05,0
4.075695e-05,0
2.2097869e-05,0
1.6166616e-05,0
2.377166e-05,0
0.00063301495,0
1.388591e-05,0
0.0004360304,0
1.9564719e-05,0
0.00029341498,0
1.6536076e-05,0
2.700131e-05,0
0.0014588117,0
9.750541e-06,0
0.000113815695,0
0.0012470885,0
9.460356e-05,0
0.00015323792,0
5.077338e-05,0
0.0003988292,0
1.8862767e-05,0
4.3543918e-05,0
1.4365899e-05,0
7.80779e-05,0
0.00011357999,0
2.037779e-05,0
0.0092800995,0
1.4071467e-05,0
3.1806303e-05,0
0.0008684272,0
3.3853074e-05,0
1.9890209e-05,0
1.3913397e-05,0
1.1906737e-05,0
0.0051227715,0
3.572461e-05,0
0.0033243166,0
0.00010087822,0
2.6969745e-05,0
1.609609e-05,0
0.00015497768,0
1.9445115e-05,0
8.582413e-05,0
1.3910478e-05,0
4.6548645e-05,0
1.4247749e-05,0
2.1955446e-05,0
0.00010203102,0
1.2816353e-05,0
0.0001665347,0
2.2263079e-05,0
4.218143e-05,0
0.001468433,0
2.0542011e-05,0
0.00012489464,0
2.3925777e-05,0
6.17554e-05,0
4.550767e-05,0
2.0630008e-05,0
0.00011872183,0
1.9472302e-05,0
2.7510861e-05,0
0.00010687655,0
1.5017572e-05,0
2.7405065e-05,0
1.2502111e-05,0
0.0005795885,0
3.3098084e-05,0
0.00012048496,0
2.0447229e-05,0
0.00038886376,0
2.0331285e-05,0
2.7174705e-05,0
3.7070095e-05,0
3.9860668e-05,0
0.00020341684,0
1.9272777e-05,0
2.2210763e-05,0
2.8375893e-05,0
1.8097277e-05,0
2.1811355e-05,0
0.00010054427,0
1.9942536e-05,0
0.0013519443,0
1.6569225e-05,0
0.00012283005,0
0.00027097497,0
3.1107687e-05,0
0.00016371807,0
6.0653074e-05,0
1.5270642e-05,0
0.019248424,0
1.455607e-05,0
2.5357102e-05,0
1.924191e-05,0
5.327525e-05,0
9.139204e-05,0
3.9632192e-05,0
3.0018553e-05,0
6.219046e-05,0
2.7957569e-05,0
0.0005533416,0
2.2259028e-05,0
0.0010866624,0
2.4628389e-05,0
0.005267071,0
1.1358728e-05,0
2.1453756e-05,0
4.913123e-05,0
1.50746e-05,0
0.0015503888,0
1.833758e-05,0
5.3372005e-05,0
2.1724309e-05,0
1.804543e-05,0
2.1019687e-05,0
0.0034545362,0
1.9596398e-05,0
4.464131e-05,0
1.7010105e-05,0
2.0742493e-05,0
3.015571e-05,0
5.7771525e-05,0
8.821693e-05,0
2.1400687e-05,0
2.4364132e-05,0
2.957869e-05,0
0.01331955,0
4.2399202e-05,0
0.0013031209,0
5.9344224e-05,0
0.00016179947,0
2.9785439e-05,0
9.7244985e-05,0
4.3062042e-05,0
0.00033358092,0
2.9644956e-05,0
0.00013511637,0
8.386182e-05,0
0.00014539261,0
2.487283e-05,0
2.6113317e-05,0
9.9439276e-05,0
0.0001126458,0
1.8505509e-05,0
0.0052695475,0
6.242303e-05,0
2.6956926e-05,0
8.5614316e-05,0
1.9194995e-05,0
0.0025357981,0
1.0384185e-05,0
5.98871e-05,0
5.399508e-05,0
9.513295e-05,0
1.1785992e-05,0
6.0089482e-05,0
0.0011193217,0
4.884117e-05,0
5.181611e-05,0
3.07476e-05,0
1.7780945e-05,0
3.028124e-05,0
5.1855757e-05,0
3.4436267e-05,0
0.00036160997,0
4.619867e-05,0
0.0013894803,0
7.9369514e-05,0
6.468272e-05,0
4.9955255e-05,0
2.0389212e-05,0
4.2983076e-05,0
0.00012410412,0
2.6853317e-05,0
1.6295997e-05,0
0.00049727864,0
0.00011477553,0
1.4814603e-05,0
0.00017150716,0
0.010053017,0
5.1653304e-05,0
5.5190096e-05,0
2.2863645e-05,0
1.37443285e-05,0
2.1532762e-05,0
2.3554188e-05,0
1.6695672e-05,0
0.00024367629,0
2.5124835e-05,0
2.6781121e-05,0
1.9730887e-05,0
9.810606e-05,0
0.0009714257,0
0.00010517119,0
2.4920742e-05,0
2.6947773e-05,0
6.7101704e-05,0
0.00012201136,0
2.6932219e-05,0
0.001224229,0
2.8927545e-05,0
0.00010257034,0
1.5816004e-05,0
2.1744727e-05,0
0.00018865266,0
1.920786e-05,0
7.94348e-05,0
1.7191764e-05,0
0.00013223277,0
0.0001071625,0
2.4124662e-05,0
5.2452397e-05,0
3.7363614e-05,0
0.00014221393,0
1.5330565e-05,0
0.00016587612,0
0.00019103543,0
3.3721528e-05,0
1.49930975e-05,0
4.645886e-05,0
0.00267357,0
2.6565014e-05,0
2.125899e-05,0
3.609423e-05,0
0.00032856283,0
3.1206593e-05,0
2.0156212e-05,0
5.324447e-05,0
5.1323517e-05,0
2.1681588e-05,0
9.5619725e-05,0
0.00018516413,0
2.461811e-05,0
0.00046246272,0
6.007071e-05,0
0.001436306,0
0.00046215227,0
1.3942725e-05,0
5.7575147e-05,0
2.181178e-05,0
0.00023106496,0
0.010637902,0
2.6675954e-05,0
5.5499175e-05,0
2.0867277e-05,0
4.730909e-05,0
0.00017005575,0
2.3182234e-05,0
3.255346e-05,0
0.021734167,0
3.120555e-05,0
2.8315702e-05,0
3.4661185e-05,0
0.0004176064,0
8.04905e-05,0
4.90471e-05,0
0.00046488966,0
2.624908e-05,0
3.2066197e-05,0
4.5079218e-05,0
2.0089668e-05,0
0.0010311257,0
7.5162e-05,0
0.000113952214,0
1.2575284e-05,0
2.3011455e-05,0
5.5337543e-05,0
2.7705051e-05,0
4.9687347e-05,0
0.0030235003,0
3.2951823e-05,0
0.0001133967,0
0.014125059,0
8.895224e-05,0
2.1333046e-05,0
0.0026936382,0
6.435488e-05,0
6.831686e-05,0
0.0067033847,0
5.2747517e-05,0
0.0026033423,0
7.538173e-05,0
3.604116e-05,0
1.8295845e-05,0
1.9313764e-05,0
0.009081384,0
1.250627e-05,0
2.032075e-05,0
1.6058719e-05,0
8.75128e-05,0
2.9903005e-05,0
0.0009713718,0
0.00045474086,0
5.344224e-05,0
1.5975455e-05,0
3.3328713e-05,0
2.3960605e-05,0
2.5377663e-05,0
1.4788681e-05,0
2.4831543e-05,0
0.0033985153,0
0.0005238086,0
1.9992769e-05,0
0.00024015797,0
2.5831701e-05,0
3.7524132e-05,0
0.00044363723,0
0.0001483515,0
2.3565448e-05,0
2.8121663e-05,0
5.2130606e-05,0
0.0008239244,0
2.664598e-05,0
1.9204039e-05,0
3.9326347e-05,0
2.2607772e-05,0
0.00027253828,0
4.126265e-05,0
1.2662383e-05,0
0.00023492715,0
0.0011774523,0
0.0005426537,0
0.0023551274,0
1.7072178e-05,0
1.4836078e-05,0
0.0011260106,0
4.804681e-05,0
6.206186e-05,0
2.5894245e-05,0
0.00021887184,0
1.9190216e-05,0
2.782091e-05,0
5.559151e-05,0
0.014083196,0
0.00010355231,0
3.446112e-05,0
0.00018177477,0
0.00022340858,0
5.2467785e-05,0
2.9503446e-05,0
5.7935726e-05,0
2.0557902e-05,0
1.6949429e-05,0
0.00097233144,0
6.4050946e-05,0
1.5701662e-05,0
0.007654384,0
3.1954063e-05,0
2.1177942e-05,0
0.0011490223,0
1.1945195e-05,0
6.648093e-05,0
6.0044706e-05,0
0.00014328616,0
0.0005110054,0
9.418421e-05,0
4.8866757e-05,0
1.4565392e-05,0
0.0128593715,0
0.009633511,0
2.2530066e-05,0
9.568292e-05,0
1.4295647e-05,0
2.8150725e-05,0
3.6566395e-05,0
2.7799006e-05,0
1.7751005e-05,0
2.1224318e-05,0
2.5227599e-05,0
0.00031433764,0
9.824187e-05,0
1.9468906e-05,0
7.108914e-05,0
3.7060578e-05,0
0.002393114,0
2.213636e-05,0
1.29911805e-05,0
1.5106426e-05,0
1.7850007e-05,0
8.7232314e-05,0
2.975843e-05,0
2.3065435e-05,0
1.2659407e-05,0
3.09587e-05,0
0.00018531426,0
0.00017109171,0
9.030928e-05,0
0.00010418615,0
0.00043689972,0
3.1833053e-05,0
1.6806614e-05,0
1.1342437e-05,0
0.00051999604,0
2.4760593e-05,0
4.471858e-05,0
9.170904e-06,0
2.7550808e-05,0
0.0010239468,0
4.1662493e-05,0
2.9413117e-05,0
5.6164925e-05,0
0.00180204,0
0.0003524472,0
2.2384993e-05,0
5.2339197e-05,0
2.8964498e-05,0
0.00024981084,0
2.0946387e-05,0
0.000100044424,0
1.2279558e-05,0
6.4376894e-05,0
0.00041043837,0
3.2055774e-05,0
2.4090565e-05,0
2.6596577e-05,0
0.00013757551,0
7.522277e-05,0
2.6125823e-05,0
2.3504099e-05,0
0.0016014321,0
2.3374683e-05,0
4.8863083e-05,0
7.562581e-05,0
8.7356544e-05,0
2.594373e-05,0
9.9006764e-05,0
4.024249e-05,0
0.0069857873,0
2.7125532e-05,0
3.2056872e-05,0
3.224777e-05,0
5.7855064e-05,0
0.00015474885,0
0.00026539052,0
0.00015762929,0
1.9738112e-05,0
2.0085094e-05,0
1.9279129e-05,0
0.0009202544,0
2.7107171e-05,0
7.582999e-05,0
9.911398e-05,0
3.55102e-05,0
1.937286e-05,0
4.9225182e-05,0
0.0061677177,0
5.945146e-05,0
3.1104257e-05,0
0.00043356186,0
5.0933995e-05,0
1.4045717e-05,0
0.00043739093,0
2.0079871e-05,0
2.3823786e-05,0
2.8616396e-05,0
0.00447538,0
2.9495146e-05,0
0.0001399137,0
1.432924e-05,0
0.00011271525,0
5.5883764e-05,0
0.00012687147,0
4.6687255e-05,0
0.00074301235,0
1.9454723e-05,0
1.7347318e-05,0
0.0141776055,0
6.735855e-05,0
2.3477718e-05,0
1.4363619e-05,0
2.2771012e-05,0
2.0430483e-05,0
0.00097503135,0
0.00013935192,0
2.7008766e-05,0
1.5801963e-05,0
0.00020838203,0
0.0021094868,0
4.933632e-05,0
1.994734e-05,0
1.9625737e-05,0
2.0140025e-05,0
1.9280898e-05,0
6.585827e-05,0
0.00014221172,0
1.6625414e-05,0
1.2004679e-05,0
2.5579824e-05,0
1.956506e-05,0
0.0009070743,0
1.6814909e-05,0
0.007341608,0
3.380695e-05,0
4.822751e-05,0
2.1385611e-05,0
3.3336248e-05,0
2.0553247e-05,0
0.00020282892,0
0.00043651264,0
2.6261827e-05,0
2.1400307e-05,0
2.111894e-05,0
0.0049445457,0
4.9838443e-05,0
0.00018363463,0
1.9387999e-05,0
0.0017426593,0
0.0012495789,0
2.0071782e-05,0
2.224756e-05,0
3.6998983e-05,0
0.0003428631,0
0.00017346171,0
2.4275736e-05,0
2.0057272e-05,0
0.011654842,0
1.485586e-05,0
2.2486085e-05,0
0.00016066582,0
0.00036836512,0
1.5150466e-05,0
1.8848947e-05,0
3.1975276e-05,0
0.0070061237,0
2.1850294e-05,0
0.00022255132,0
3.065022e-05,0
1.9712697e-05,0
0.0010619413,0
0.000102302365,0
6.497433e-05,0
3.3100896e-05,0
0.00022571036,0
4.233053e-05,0
0.0008638387,0
0.00022893953,0
0.00021372366,0
6.571083e-05,0
9.965871e-05,0
0.006551169,0
2.9655306e-05,0
2.9578612e-05,0
0.00972257,0
2.5966774e-05,0
0.00021460101,0
2.6682834e-05,0
2.771417e-05,0
1.44228225e-05,0
0.005009019,0
2.2205308e-05,0
2.0434329e-05,0
1.7611463e-05,0
0.00030054292,0
4.0040093e-05,0
0.0016601682,0
9.873378e-05,0
0.00017102201,0
5.1313637e-05,0
0.00042931654,0
6.705521e-05,0
0.0002554669,0
0.0001794515,0
2.8727667e-05,0
2.9259973e-05,0
0.0005116035,0
2.6439358e-05,0
7.228439e-05,0
2.3267121e-05,0
0.012020925,0
1.8213119e-05,0
0.00058739394,0
4.118687e-05,0
2.3982797e-05,0
0.002981597,0
0.0005810846,0
1.9221485e-05,0
0.004761538,0
1.53913e-05,0
2.0279325e-05,0
1.6322605e-05,0
7.4653675e-05,0
0.00016587476,0
4.9110036e-05,0
3.5282683e-05,0
0.00010571231,0
2.266472e-05,0
3.5165547e-05,0
1.921791e-05,0
1.7004599e-05,0
5.885807e-05,0
1.3167488e-05,0
3.125258e-05,0
0.0009195194,0
0.000254015,0
0.0014521764,0
0.00017659158,0
0.00032972477,0
9.586814e-05,0
2.9207167e-05,0
9.282574e-05,0
5.356532e-05,0
8.614817e-05,0
0.00020279016,0
0.00018662773,0
2.2211136e-05,0
1.9212835e-05,0
2.122626e-05,0
3.7944224e-05,0
0.001982613,0
5.0379924e-05,0
3.9568156e-05,0
0.0018789517,0
2.1452117e-05,0
0.00012722888,0
2.8596547e-05,0
2.470552e-05,0
0.00049347675,0
0.00028694008,0
0.00021114007,0
0.00017510392,0
0.0026850274,0
0.00033008138,0
9.849383e-05,0
2.5497435e-05,0
5.0708404e-05,0
0.00094599614,0
2.616236e-05,0
2.568174e-05,0
2.1950118e-05,0
1.9343732e-05,0
2.6768666e-05,0
7.596083e-05,0
0.00042820716,0
1.9222583e-05,0
4.2173942e-05,0
2.3653869e-05,0
1.7087403e-05,0
1.9195253e-05,0
3.0169034e-05,0
2.1225278e-05,0
0.00021158255,0
5.8015263e-05,0
6.650128e-05,0
0.0012484412,0
2.083821e-05,0
2.6010306e-05,0
1.9224992e-05,0
2.323255e-05,0
2.8719469e-05,0
0.001804279,0
8.55623e-05,0
1.9193525e-05,0
0.0001863948,0
0.0002795682,0
2.41035e-05,0
7.894068e-05,0
2.4929775e-05,0
1.7154285e-05,0
2.1812124e-05,0
0.00027671581,0
1.4766106e-05,0
0.00017701129,0
2.3686223e-05,0
1.8770148e-05,0
2.338794e-05,0
7.9582234e-05,0
0.0040738126,0
4.968103e-05,0
0.011856187,0
3.0794556e-05,0
3.1037085e-05,0
2.2618973e-05,0
0.00047450938,0
1.2693116e-05,0
2.2835133e-05,0
0.00044990113,0
4.398552e-05,0
0.008526084,0
0.0020901174,0
1.980774e-05,0
2.6184382e-05,0
5.4150783e-05,0
4.4791952e-05,0
0.0044314796,0
0.00010329549,0
2.2430098e-05,0
9.279268e-05,0
1.9886453e-05,0
2.4934821e-05,0
2.234521e-05,0
9.3896924e-05,0
0.0012004903,0
2.537682e-05,0
4.7908434e-05,0
2.707022e-05,0
4.1480253e-05,0
2.627623e-05,0
6.147047e-05,0
9.667522e-05,0
2.6942796e-05,0
0.00011630526,0
1.5020656e-05,0
2.0516887e-05,0
3.8838363e-05,0
2.3239741e-05,0
1.2778775e-05,0
2.9066445e-05,0
3.8420345e-05,0
0.00050642417,0
1.3971215e-05,0
2.0199965e-05,0
2.7625236e-05,0
2.5246854e-05,0
0.00055892894,0
0.00019801204,0
0.00011416987,0
5.6094224e-05,0
4.257087e-05,0
1.2944973e-05,0
0.0003189865,0
2.1031541e-05,0
1.9845986e-05,0
2.453565e-05,0
0.0002923808,0
0.006712356,0
0.020658426,0
6.296139e-05,0
0.00014350757,0
1.9442052e-05,0
4.898752e-05,0
1.8966186e-05,0
6.050151e-05,0
7.621149e-05,0
2.1235193e-05,0
7.092693e-05,0
0.00018274994,0
5.250794e-05,0
2.3706427e-05,0
3.2034157e-05,0
0.00011102437,0
2.4055431e-05,0
5.4299875e-05,0
0.00011690814,0
3.284651e-05,0
0.00016121066,0
4.778392e-05,0
0.0010554639,0
5.4729448e-05,0
2.756808e-05,0
2.1463266e-05,0
2.083855e-05,0
6.381709e-05,0
0.0019554417,0
8.5522355e-05,0
1.9359612e-05,0
0.016176134,0
2.0364378e-05,0
1.9506475e-05,0
0.00042288558,0
1.755961e-05,0
5.206747e-05,0
2.3680494e-05,0
4.8826656e-05,0
0.0003536151,0
0.00010552284,0
2.0203426e-05,0
1.9197894e-05,0
1.7512235e-05,0
0.00014288799,0
1.6456346e-05,0
2.0656695e-05,0
0.00010765097,0
7.679115e-05,0
2.0094772e-05,0
9.298761e-05,0
2.904323e-05,0
0.001233808,0
0.0008445657,0
0.000103759885,0
0.00081710186,0
0.00044408647,0
9.429405e-05,0
3.7250753e-05,0
8.673853e-05,0
0.00041916632,0
0.00011389717,0
0.00022327983,0
7.0275615e-05,0
0.00012896975,0
0.0012555058,0
1.674244e-05,0
9.567073e-05,0
0.0006825699,0
2.0947997e-05,0
0.00011433478,0
0.00011271145,0
0.00027179567,0
1.9474011e-05,0
0.0005273184,0
2.95799e-05,0
1.980239e-05,0
2.1464644e-05,0
4.8183076e-05,0
0.0017710038,0
5.474643e-05,0
5.728703e-05,0
2.0249356e-05,0
1.46010725e-05,0
4.7668356e-05,0
2.748483e-05,0
5.2446274e-05,0
0.0002576046,0
2.764017e-05,0
2.0085656e-05,0
5.574456e-05,0
0.0047468795,0
5.907468e-05,0
6.912535e-05,0
2.483051e-05,0
0.012427709,0
9.950434e-05,0
0.0012470799,0
1.611849e-05,0
2.416141e-05,0
1.9396508e-05,0
0.00010021831,0
0.0014355454,0
1.150162e-05,0
0.0005139282,0
1.8560177e-05,0
2.053083e-05,0
0.0008636441,0
2.0153297e-05,0
4.757888e-05,0
0.00015907825,0
0.0006068861,0
1.9327055e-05,0
6.264345e-05,0
2.3234417e-05,0
2.5577972e-05,0
1.9539737e-05,0
0.00010483741,0
0.00017862994,0
0.00070395495,0
5.771039e-05,0
2.2621001e-05,0
0.00013586617,0
0.0008039646,0
2.3561892e-05,0
9.2930575e-05,0
1.08497225e-05,0
1.6370846e-05,0
1.789861e-05,0
6.892082e-05,0
0.001771309,0
8.382872e-05,0
0.00010391108,0
7.045224e-05,0
4.436673e-05,0
0.00015899987,0
5.6802095e-05,0
0.007887957,0
0.0014398549,0
7.624184e-05,0
8.9842135e-05,0
1.2729556e-05,0
2.9479765e-05,0
4.7818325e-05,0
0.011119504,0
0.00015551754,0
0.00038825872,0
5.9189886e-05,0
1.3039438e-05,0
1.2746137e-05,0
2.6677986e-05,0
5.8294565e-05,0
1.4458393e-05,0
2.530791e-05,0
2.494191e-05,0
1.2332178e-05,0
0.00011856861,0
0.00032684728,0
2.111436e-05,0
0.000103170525,0
3.1286465e-05,0
0.000344353,0
4.2289386e-05,0
5.6763656e-05,0
9.022224e-05,0
3.28419e-05,0
0.00012419361,0
1.5058137e-05,0
1.9424653e-05,0
9.650967e-05,0
6.217363e-05,0
1.8597051e-05,0
2.1541216e-05,0
5.676598e-05,0
0.000107148095,0
0.0004261415,0
2.3268805e-05,0
4.397049e-05,0
1.8946295e-05,0
0.0003863598,0
3.1415584e-05,0
0.001728559,0
0.0011460203,0
2.1386337e-05,0
2.618381e-05,0
3.4692912e-05,0
7.921837e-05,0
9.371972e-05,0
0.00010471711,0
0.00016219245,0
0.00018746732,0
0.00010631281,0
0.0015316202,0
0.0001119317,0
1.957011e-05,0
2.7284765e-05,0
1.35398e-05,0
2.3042407e-05,0
2.5562891e-05,0
0.0019803643,0
3.5681915e-05,0
4.8036414e-05,0
0.00056987774,0
2.1170265e-05,0
8.015154e-05,0
2.7394593e-05,0
0.00027913938,0
0.00044579108,0
0.0014438106,0
5.773975e-05,0
1.8966688e-05,0
0.00054250914,0
0.0012390639,0
1.07164005e-05,0
0.000104367275,0
0.002138601,0
6.337502e-05,0
1.4641593e-05,0
2.1338288e-05,0
1.5861324e-05,0
4.8841288e-05,0
0.00012859523,0
8.67442e-05,0
1.984217e-05,0
0.00015801087,0
1.6714956e-05,0
7.085149e-05,0
1.1541085e-05,0
8.5104664e-05,0
0.0003203948,0
3.8361937e-05,0
0.0016486469,0
0.0001997623,0
2.6278482e-05,0
0.0002387853,0
2.1124668e-05,0
9.6941374e-05,0
0.0082913805,0
4.533278e-05,0
1.0373751e-05,0
2.335582e-05,0
4.771275e-05,0
2.6098069e-05,0
4.554496e-05,0
3.3267053e-05,0
0.00023900831,0
1.6836142e-05,0
0.00014395255,0
1.1803504e-05,0
0.004463452,0
5.504636e-05,0
3.4175122e-05,0
0.0042181006,0
7.719755e-05,0
0.00046992666,0
2.1816855e-05,0
1.645747e-05,0
2.0537063e-05,0
0.000653814,0
3.1642405e-05,0
4.0481573e-05,0
5.7329762e-05,0
1.727295e-05,0
0.00063604733,0
6.120138e-05,0
4.646228e-05,0
2.1758853e-05,0
3.186691e-05,0
0.00023597755,0
0.00010569123,0
2.5154428e-05,0
0.0003023141,0
2.1901946e-05,0
5.1616164e-05,0
2.0405576e-05,0
4.8490976e-05,0
0.000310563,0
2.6931886e-05,0
0.011190468,0
0.0004742876,0
7.432665e-05,0
9.3214694e-05,0
3.5318622e-05,0
1.1424297e-05,0
1.3809775e-05,0
1.0790568e-05,0
9.068435e-05,0
4.604952e-05,0
6.088842e-05,0
8.075876e-05,0
0.0006259916,0
1.9245086e-05,0
0.00019016664,0
5.1487372e-05,0
0.000154373,0
5.4588796e-05,0
2.2387605e-05,0
4.439389e-05,0
5.686461e-05,0
0.000952238,0
0.006262039,0
2.7415634e-05,0
1.7179875e-05,0
3.5873476e-05,0
0.0009937888,0
1.9365658e-05,0
1.8195386e-05,0
4.8717757e-05,0
5.988184e-05,0
1.9142857e-05,0
1.8337747e-05,0
0.00028681566,0
5.3485244e-05,0
2.5482826e-05,0
2.7494125e-05,0
0.0001613632,0
1.6601643e-05,0
2.4794404e-05,0
1.2672174e-05,0
0.018879153,0
7.25587e-05,0
2.441248e-05,0
1.680826e-05,0
2.1953907e-05,0
1.988781e-05,0
5.7040077e-05,0
0.0001248868,0
3.952832e-05,0
6.783676e-05,0
1.9196494e-05,0
2.4492463e-05,0
2.7721753e-05,0
5.0975857e-05,0
0.0005159556,0
0.0008561198,0
0.00048562532,0
1.8008737e-05,0
4.8235193e-05,0
2.6488413e-05,0
4.1247145e-05,0
5.303128e-05,0
1.7005928e-05,0
1.9948287e-05,0
0.0007257853,0
0.00052487495,0
0.0005049721,0
9.630041e-05,0
0.00013765521,0
0.005025684,0
7.9589314e-05,0
2.4356741e-05,0
9.567395e-05,0
9.219954e-05,0
0.0011629133,0
0.0009436058,0
2.1631746e-05,0
7.6676115e-05,0
0.00018064765,0
8.396122e-05,0
4.7574078e-05,0
1.894434e-05,0
9.082909e-05,0
0.00012479658,0
0.00015595312,0
0.00032283526,0
0.00016468919,0
2.3235729e-05,0
3.830594e-05,0
0.00027345037,0
0.0006780765,0
0.0010402285,0
0.00013710748,0
4.20383e-05,0
0.0006050253,0
0.0014204293,0
3.212163e-05,0
0.0003749725,0
0.0002711003,0
2.9344668e-05,0
0.00042694202,0
0.00035074216,0
2.8053957e-05,0
1.7094071e-05,0
2.2211449e-05,0
0.001585818,0
0.00052790175,0
9.817318e-05,0
2.0821586e-05,0
0.00014272815,0
0.00010733358,0
3.8420694e-05,0
9.46148e-06,0
0.00010222263,0
2.8471288e-05,0
5.5065488e-05,0
1.3035393e-05,0
3.145462e-05,0
0.0012089566,0
1.9877938e-05,0
0.00055619696,0
3.604917e-05,0
4.3809847e-05,0
5.1923835e-05,0
8.440091e-05,0
1.6391694e-05,0
5.1941795e-05,0
5.5291195e-05,0
0.0004416968,0
7.126502e-05,0
2.5604322e-05,0
1.5377404e-05,0
1.6552982e-05,0
2.3878403e-05,0
2.4045903e-05,0
1.9315374e-05,0
0.000102037506,0
2.9347832e-05,0
0.0027209504,0
5.6179084e-05,0
3.3020115e-05,0
2.2347636e-05,0
0.00012577257,0
7.9546306e-05,0
6.154532e-05,0
3.697708e-05,0
2.6587231e-05,0
0.00013487546,0
0.012006834,0
2.7958482e-05,0
1.9874957e-05,0
0.0041097943,0
0.0005007668,0
4.834836e-05,0
1.3648322e-05,0
5.229902e-05,0
0.004113439,0
2.36663e-05,0
7.712266e-05,0
8.566369e-05,0
0.0002564267,0
4.9265433e-05,0
6.374608e-05,0
1.4564632e-05,0
2.216154e-05,0
2.3161567e-05,0
0.0003290634,0
1.9456613e-05,0
3.179058e-05,0
2.3883604e-05,0
2.6999362e-05,0
0.00042848953,0
0.00010309025,0
3.2653206e-05,0
4.4561864e-05,0
9.994797e-05,0
2.6019385e-05,0
3.0122648e-05,0
1.4580148e-05,0
1.9874997e-05,0
4.646826e-05,0
5.4848966e-05,0
0.0007924557,0
3.8969567e-05,0
8.544357e-05,0
2.0406604e-05,0
6.348467e-05,0
5.756818e-05,0
0.0002806255,0
0.004893845,0
0.0022754217,0
4.8832524e-05,0
8.853815e-05,0
2.663513e-05,0
2.9300203e-05,0
0.00011893488,0
5.5118617e-05,0
1.3804728e-05,0
0.00065225584,0
4.268387e-05,0
0.0016997854,0
0.00038670722,0
0.00012256598,0
2.1630794e-05,0
0.010996673,0
0.00017257882,0
0.00017173954,0
0.0065232413,0
1.9736906e-05,0
1.9236668e-05,0
0.00050141336,0
2.2354723e-05,0
2.2803739e-05,0
0.000104654995,0
3.3514538e-05,0
4.5066674e-05,0
0.00014487415,0
0.00014460999,0
2.7243499e-05,0
2.102914e-05,0
0.00019925537,0
2.5927582e-05,0
1.5730939e-05,0
1.5935151e-05,0
1.2640148e-05,0
4.0419643e-05,0
8.5320105e-05,0
0.0016491519,0
0.00017068187,0
9.5677344e-05,0
1.1381911e-05,0
3.698388e-05,0
4.9887243e-05,0
0.00058950204,0
2.8176175e-05,0
1.9458146e-05,0
4.9100607e-05,0
5.035098e-05,0
0.000111186746,0
9.663715e-05,0
4.5561548e-05,0
6.545412e-05,0
2.117901e-05,0
2.5200437e-05,0
1.957886e-05,0
1.5339609e-05,0
1.9474828e-05,0
2.0823658e-05,0
2.1461905e-05,0
2.9655812e-05,0
2.1329608e-05,0
1.578608e-05,0
0.0002646697,0
6.5319575e-05,0
0.00014293399,0
2.3009748e-05,0
0.0009862696,0
2.0557716e-05,0
0.00012433162,0
0.000111245245,0
1.2169156e-05,0
7.128026e-05,0
0.019961307,0
5.0387884e-05,0
0.0017083044,0
9.563073e-05,0
2.0298443e-05,0
1.6290285e-05,0
2.1451486e-05,0
4.720125e-05,0
2.650961e-05,0
9.827846e-05,0
0.0055935783,0
2.285654e-05,0
4.311705e-05,0
1.9221641e-05,0
0.00014214708,0
9.554189e-05,0
9.509995e-06,0
6.0353646e-05,0
1.7522749e-05,0
5.1419564e-05,0
6.186638e-05,0
4.994121e-05,0
0.00030323633,0
4.299876e-05,0
0.00011928425,0
2.3494254e-05,0
2.4921206e-05,0
1.0063165e-05,0
0.0001814526,0
0.00048733322,0
2.006582e-05,0
9.525018e-05,0
4.482596e-05,0
0.00015165939,0
4.958752e-05,0
1.9195997e-05,0
0.00019914721,0
2.7471944e-05,0
2.7304564e-05,0
2.8102535e-05,0
2.2858067e-05,0
1.5096931e-05,0
5.029596e-05,0
9.843911e-05,0
1.7454484e-05,0
2.0553034e-05,0
9.813629e-05,0
8.7134424e-05,0
4.0299965e-05,0
4.9638205e-05,0
1.9942092e-05,0
0.00017131919,0
1.968678e-05,0
2.1625852e-05,0
2.5910402e-05,0
1.9561054e-05,0
4.1403808e-05,0
3.842109e-05,0
2.7992284e-05,0
1.7231343e-05,0
2.8729595e-05,0
0.00012572917,0
0.00016114011,0
0.00031080778,0
0.0003717137,0
0.0081690205,0
1.961836e-05,0
0.00013404488,0
0.00018300743,0
0.000103503706,0
2.4667326e-05,0
2.007353e-05,0
5.307545e-05,0
2.1926411e-05,0
2.7157417e-05,0
9.5246505e-06,0
2.8873656e-05,0
2.3546821e-05,0
0.00019844042,0
4.1254556e-05,0
0.00096137996,0
0.0003792021,0
3.116298e-05,0
1.5045977e-05,0
7.078123e-05,0
2.1592681e-05,0
4.4494176e-05,0
0.00018430469,0
8.155078e-05,0
2.7159078e-05,0
0.00010055677,0
5.005805e-05,0
1.9193825e-05,0
0.00016942374,0
0.0002579078,0
2.052157e-05,0
0.0037694748,0
2.111905e-05,0
5.1225426e-05,0
1.919947e-05,0
2.1833419e-05,0
2.4129462e-05,0
0.00010169349,0
1.2035914e-05,0
5.5147542e-05,0
1.1659417e-05,0
1.5656587e-05,0
2.221068e-05,0
4.139372e-05,0
1.887225e-05,0
2.1253083e-05,0
0.00021784876,0
0.00011987283,0
5.1688305e-05,0
3.6197813e-05,0
1.7143682e-05,0
4.87067e-05,0
0.00013620773,0
0.00089697144,0
0.00018828093,0
2.2806438e-05,0
0.0013282303,0
1.2048523e-05,0
8.1831924e-05,0
1.7942273e-05,0
6.988221e-05,0
1.551502e-05,0
0.0036091192,0
0.00013680359,0
0.000116921525,0
0.00019556156,0
3.1418833e-05,0
2.0463209e-05,0
8.962317e-05,0
0.000106675354,0
7.227699e-05,0
1.8274184e-05,0
0.00019625625,0
4.9604743e-05,0
0.00014636188,0
2.0896246e-05,0
2.65298e-05,0
1.8799572e-05,0
0.00017830875,0
0.00035341992,0
2.1732616e-05,0
2.752964e-05,0
1.5270085e-05,0
8.941286e-05,0
5.2033833e-05,0
2.836244e-05,0
1.649753e-05,0
1.1417305e-05,0
2.5279514e-05,0
9.861256e-05,0
2.0790332e-05,0
2.17901e-05,0
0.01449299,0
4.614788e-05,0
0.00010855618,0
0.0002581018,0
2.0361047e-05,0
4.8185044e-05,0
0.00010131214,0
0.003713934,0
1.5242685e-05,0
2.6092028e-05,0
2.6444339e-05,0
1.20527475e-05,0
1.4230116e-05,0
1.6568261e-05,0
2.9980169e-05,0
0.0031220734,0
8.940902e-05,0
9.783758e-05,0
4.6936442e-05,0
0.000102466525,0
2.69707e-05,0
3.6001402e-05,0
0.00026391726,0
0.000105599815,0
9.532868e-05,0
2.940883e-05,0
0.00022060714,0
1.7269716e-05,0
3.3037508e-05,0
1.4585705e-05,0
4.6815545e-05,0
5.569181e-05,0
1.4363212e-05,0
2.3762736e-05,0
0.00022651222,0
0.00024535457,0
1.4397174e-05,0
1.889082e-05,0
9.523635e-05,0
2.0039191e-05,0
0.010789654,0
5.128042e-05,0
2.3977862e-05,0
1.8085053e-05,0
0.031011656,0
1.957032e-05,0
0.00025112706,0
9.846389e-05,0
2.1127425e-05,0
5.034872e-05,0
0.00040298377,0
2.71794e-05,0
0.009843237,0
0.004715438,0
2.6894853e-05,0
4.91429e-05,0
0.00027271354,0
5.6063847e-05,0
2.7183516e-05,0
2.8454104e-05,0
1.9257346e-05,0
4.8384118e-05,0
1.7814324e-05,0
5.8521335e-05,0
4.9686874e-05,0
9.296375e-05,0
3.422545e-05,0
0.011655685,0
1.3239389e-05,0
0.0014424168,0
5.553993e-05,0
4.909883e-05,0
2.2669044e-05,0
1.7604012e-05,0
8.6652224e-05,0
9.8573495e-05,0
7.725972e-05,0
7.9575446e-05,0
1.4281028e-05,0
0.00012482781,0
1.9215964e-05,0
2.5938978e-05,0
0.008264452,0
3.6549547e-05,0
0.00029531904,0
0.0006079566,0
9.807211e-05,0
0.000115667615,0
0.0005257438,0
0.0004416204,0
0.0066903336,0
7.03374e-05,0
2.0372077e-05,0
4.931511e-05,0
5.4795193e-05,0
1.6938511e-05,0
2.0511854e-05,0
2.5519032e-05,0
7.070791e-05,0
0.00018805392,0
1.6394173e-05,0
6.211725e-05,0
0.00040183507,0
0.00015524312,0
0.015780674,0
2.3610633e-05,0
3.1286378e-05,0
4.429258e-05,0
0.00024299213,0
0.00045040206,0
2.0930243e-05,0
2.0282609e-05,0
4.7632126e-05,0
2.5918622e-05,0
0.00040075576,0
5.8618458e-05,0
0.00014323925,0
6.484365e-05,0
0.00064382324,0
8.7197965e-05,0
0.004901916,0
9.954725e-05,0
2.5967847e-05,0
0.00017857709,0
6.575916e-05,0
0.00047377503,0
1.9253926e-05,0
6.5781824e-05,0
2.2868093e-05,0
0.00011829588,0
1.9206575e-05,0
4.9269816e-05,0
4.918059e-05,0
0.00030850084,0
2.3327057e-05,0
2.7834574e-05,0
0.00012053023,0
8.799997e-05,0
5.1331186e-05,0
0.011665746,0
3.041291e-05,0
1.5250279e-05,0
0.000102723185,0
5.4469205e-05,0
0.0018411902,0
4.3689823e-05,0
2.3436043e-05,0
6.702339e-05,0
2.9680328e-05,0
0.0005641488,0
0.00042251914,0
3.7031365e-05,0
0.011771259,0
3.8420974e-05,0
1.656528e-05,0
0.0010882263,0
2.4718265e-05,0
2.6542082e-05,0
1.8359056e-05,0
0.00084293005,0
4.7147245e-05,0
5.6749977e-05,0
2.1120617e-05,0
0.0003390267,0
9.783979e-06,0
4.6690486e-05,0
2.5703448e-05,0
0.0011604379,0
0.00078295876,0
4.3060736e-05,0
4.4773944e-05,0
2.0961488e-05,0
2.6101361e-05,0
3.348616e-05,0
2.7871007e-05,0
0.00041384454,0
0.0004225249,0
1.6089443e-05,0
2.011516e-05,0
2.2555438e-05,0
4.8817023e-05,0
0.00028369908,0
7.499041e-05,0
0.0012194433,0
3.0009232e-05,0
3.1826738e-05,0
2.1823425e-05,0
2.4332467e-05,0
5.4942633e-05,0
5.5537173e-05,0
2.3734794e-05,0
9.837792e-05,0
0.0010130093,0
2.361979e-05,0
9.6234675e-05,0
9.81549e-05,0
1.26721725e-05,0
0.0004240891,0
1.9562522e-05,0
9.5622556e-05,0
0.007944401,0
0.00012778577,0
2.7711128e-05,0
0.01863289,0
0.00045181977,0
1.5294534e-05,0
1.6853293e-05,0
1.6965034e-05,0
0.00043959133,0
0.0010674173,0
2.7158545e-05,0
2.2630284e-05,0
3.027312e-05,0
2.4359524e-05,0
1.7265653e-05,0
0.0001440241,0
0.0022280843,0
1.24744365e-05,0
8.733199e-05,0
2.6920345e-05,0
6.29529e-05,0
2.029037e-05,0
1.4317614e-05,0
9.595533e-05,0
2.2990529e-05,0
0.00072462996,0
2.7955237e-05,0
5.4444125e-05,0
2.0440977e-05,0
0.00030602244,0
3.531231e-05,0
0.00028669953,0
2.6980653e-05,0
0.0001053164,0
4.952101e-05,0
0.0015690257,0
0.00014032764,0
4.550912e-05,0
0.0021801712,0
2.7250915e-05,0
2.8306778e-05,0
0.00012515516,0
0.002600634,0
0.00013620718,0
1.4787243e-05,0
2.8800894e-05,0
3.1640942e-05,0
7.387912e-05,0
0.0005929741,0
3.9844384e-05,0
9.1210626e-05,0
4.0677467e-05,0
4.089349e-05,0
5.2253934e-05,0
0.00023630116,0
5.06007e-05,0
0.00018589625,0
1.0875044e-05,0
3.261476e-05,0
1.9228797e-05,0
0.00014542032,0
0.00011151213,0
0.008291694,0
1.4330649e-05,0
0.0044769133,0
4.430864e-05,0
1.9804236e-05,0
0.00013075472,0
0.0001047264,0
7.339817e-05,0
2.2955008e-05,0
2.0287956e-05,0
0.00038183262,0
1.732314e-05,0
2.8135875e-05,0
0.0007653312,0
2.1492595e-05,0
1.9210127e-05,0
1.9317149e-05,0
0.0001743985,0
2.4075733e-05,0
2.465482e-05,0
0.00062666193,0
0.00011894916,0
2.2995597e-05,0
0.000110834895,0
2.0056916e-05,0
0.00036814762,0
3.0102574e-05,0
1.9374416e-05,0
2.0545156e-05,0
5.3956057e-05,0
2.6106583e-05,0
9.427438e-06,0
0.00092465343,0
1.1313821e-05,0
2.749262e-05,0
2.0994838e-05,0
1.2741652e-05,0
4.9564333e-05,0
1.7457509e-05,0
3.5879388e-05,0
2.3678242e-05,0
2.082993e-05,0
4.8520644e-05,0
2.6660187e-05,0
2.6973881e-05,0
4.92878e-05,0
0.0010700952,0
9.569817e-05,0
3.1372303e-05,0
1.0564829e-05,0
2.9647457e-05,0
1.9568948e-05,0
6.20671e-05,0
5.4274497e-05,0
5.6883848e-05,0
0.0001500335,0
1.5104731e-05,0
3.825506e-05,0
2.5662357e-05,0
0.00090814545,0
1.39325975e-05,0
2.7681861e-05,0
5.5613582e-05,0
3.3895987e-05,0
3.686027e-05,0
4.1355237e-05,0
6.8037276e-05,0
5.4513024e-05,0
2.0471683e-05,0
1.5459584e-05,0
1.2565635e-05,0
2.6144055e-05,0
1.8708197e-05,0
0.0001712957,0
0.0014443268,0
2.396798e-05,0
0.00011935717,0
0.006838926,0
0.00022257076,0
3.6727655e-05,0
7.8144396e-05,0
0.00017678442,0
1.9459507e-05,0
0.000245259,0
2.7494478e-05,0
0.00018053198,0
9.56391e-05,0
4.5457036e-05,0
5.2688472e-05,0
0.0005638346,0
2.0428386e-05,0
2.3803192e-05,0
1.873929e-05,0
9.598778e-05,0
1.1643604e-05,0
0.010491644,0
1.9032152e-05,0
0.0051630046,0
2.1598686e-05,0
1.47946275e-05,0
3.973547e-05,0
2.3427341e-05,0
2.0570713e-05,0
0.00019427155,0
0.00014650646,0
3.1795564e-05,0
9.698393e-05,0
0.00013865533,0
1.5372698e-05,0
2.5213503e-05,0
9.2413655e-05,0
2.2833976e-05,0
0.00011757275,0
2.7117576e-05,0
0.0010704064,0
3.580847e-05,0
1.6277947e-05,0
0.0005367078,0
1.11397385e-05,0
0.0052510276,0
1.956102e-05,0
6.7181296e-05,0
0.00013612228,0
2.7451839e-05,0
2.006341e-05,0
2.881329e-05,0
3.2982593e-05,0
0.00036792862,0
1.6532122e-05,0
0.0015171197,0
2.4628967e-05,0
0.0004546516,0
2.7565533e-05,0
4.8280413e-05,0
2.7002672e-05,0
2.0037938e-05,0
1.7869783e-05,0
4.919525e-05,0
5.2410098e-05,0
0.00046550226,0
1.408115e-05,0
2.8777617e-05,0
5.156369e-05,0
1.988651e-05,0
6.003737e-05,0
5.083123e-05,0
0.0004908673,0
0.00015047783,0
6.0803843e-05,0
3.167986e-05,0
9.608224e-05,0
0.009431133,0
0.0003219054,0
0.0001973447,0
4.6340185e-05,0
0.00010477574,0
5.1913554e-05,0
9.141749e-05,0
0.0005955351,0
0.011747464,0
5.3241747e-05,0
0.012266772,0
0.012777156,0
2.5555582e-05,0
1.9627641e-05,0
1.702427e-05,0
2.702207e-05,0
2.6951087e-05,0
3.731664e-05,0
0.00022882968,0
0.0057078293,0
0.00031393903,0
1.3376261e-05,0
2.0394795e-05,0
0.00045811135,0
0.00013598778,0
0.00021241988,0
5.645037e-05,0
0.0005377729,0
0.00010649164,0
2.2902874e-05,0
0.00011162712,0
0.01479863,0
0.00016858573,0
8.254665e-05,0
0.00045785255,0
4.763727e-05,0
0.00013726499,0
2.7020465e-05,0
3.453977e-05,0
0.00011423309,0
2.6179796e-05,0
0.00017055508,0
1.9347535e-05,0
2.6139283e-05,0
0.0001787611,0
1.4317635e-05,0
0.00042374205,0
4.2684027e-05,0
0.00012756235,0
0.002948386,0
2.4947189e-05,0
1.9272777e-05,0
0.000449769,0
0.00013980462,0
2.9667952e-05,0
3.1541775e-05,0
1.9548086e-05,0
1.4278285e-05,0
2.9746087e-05,0
0.00026951652,0
6.0470127e-05,0
5.9071812e-05,0
0.000111313704,0
0.0028979955,0
1.8695218e-05,0
6.162219e-05,0
0.00017801755,0
0.00047115822,0
1.2106314e-05,0
0.00057292025,0
2.4268023e-05,0
0.000110683766,0
0.0067838663,0
0.00013723341,0
5.1026873e-05,0
4.8348844e-05,0
3.536878e-05,0
4.977905e-05,0
0.00011650392,0
0.0012913621,0
6.163042e-05,0
1.9902294e-05,0
9.384776e-05,0
0.000120792334,0
1.6854287e-05,0
1.7399687e-05,0
2.4003888e-05,0
0.0004994129,0
2.0402917e-05,0
0.0002948931,0
2.0609097e-05,0
2.1649083e-05,0
0.0006864091,0
2.5329939e-05,0
1.9470212e-05,0
0.00013831405,0
5.1084247e-05,0
0.00012016108,0
2.7098602e-05,0
2.5142403e-05,0
2.070378e-05,0
1.792835e-05,0
5.0489783e-05,0
1.93192e-05,0
0.00040828457,0
9.5427196e-05,0
2.8499006e-05,0
1.5452386e-05,0
0.010135631,0
0.0007966045,0
0.0002766123,0
0.01328376,0
1.6507283e-05,0
0.00022878304,0
8.350774e-05,0
5.493503e-05,0
0.0044907085,0
1.3072112e-05,0
2.4129502e-05,0
2.9020925e-05,0
1.9479132e-05,0
3.1783064e-05,0
0.0012398602,0
9.9113975e-05,0
8.911525e-05,0
0.0026472567,0
3.7470505e-05,0
0.00016974125,0
6.109348e-05,0
5.1688174e-05,0
0.000157274,0
1.36738545e-05,0
0.00020930274,0
6.186495e-05,0
4.1013285e-05,0
9.3812465e-05,0
2.8582595e-05,0
4.0407987e-05,0
5.557442e-05,0
0.0032462305,0
1.9361738e-05,0
4.9632046e-05,0
1.5652788e-05,0
3.7947942e-05,0
0.0007769046,0
2.4944136e-05,0
4.9139682e-05,0
0.00013903985,0
9.348416e-05,0
5.2997886e-05,0
3.933481e-05,0
0.00018589162,0
1.990361e-05,0
4.777537e-05,0
0.00010396529,0
4.705331e-05,0
6.362482e-05,0
1.9201958e-05,0
2.081052e-05,0
6.471045e-05,0
0.00040098463,0
6.237728e-05,0
0.0043467064,0
6.549157e-05,0
0.0009378668,0
1.3038313e-05,0
2.8194632e-05,0
0.00010231203,0
0.00013153824,0
0.012654999,0
4.7471916e-05,0
1.9258601e-05,0
0.0002496945,0
1.6670778e-05,0
8.18236e-05,0
4.470311e-05,0
2.220892e-05,0
5.099674e-05,0
1.2967855e-05,0
0.003636347,0
1.0892151e-05,0
5.1029358e-05,0
0.00035732583,0
1.2279492e-05,0
2.112248e-05,0
0.00035175803,0
9.779069e-05,0
0.00011335731,0
0.00064799545,0
1.4613403e-05,0
2.030531e-05,0
1.9873616e-05,0
2.8465989e-05,0
2.7778522e-05,0
5.28109e-05,0
0.0049667493,0
0.00037325034,0
1.8376804e-05,0
1.9742596e-05,0
2.276889e-05,0
1.4766272e-05,0
3.77231e-05,0
7.825912e-05,0
2.3107748e-05,0
9.4986506e-05,0
0.0013303475,0
2.9523757e-05,0
4.155856e-05,0
0.00036785315,0
1.2282978e-05,0
2.1841273e-05,0
0.00016676566,0
0.0006088608,0
1.5645654e-05,0
1.907948e-05,0
2.121178e-05,0
5.2960662e-05,0
0.000116515555,0
0.0007920073,0
6.458444e-05,0
2.0291274e-05,0
5.2010422e-05,0
8.5797146e-05,0
1.9244479e-05,0
0.0001550507,0
6.526346e-05,0
0.0018901051,0
1.800093e-05,0
2.0461412e-05,0
0.004776528,0
0.00011494126,0
0.009369134,0
0.00010525791,0
0.00014215306,0
0.006644282,0
0.0002387754,0
0.0001739322,0
0.000117971875,0
0.007823411,0
1.3690198e-05,0
6.465483e-05,0
2.5224428e-05,0
3.4561126e-05,0
4.9649523e-05,0
0.00016031986,0
0.00011234688,0
3.2323176e-05,0
1.7966307e-05,0
5.6082838e-05,0
1.972886e-05,0
0.000114850896,0
1.921001e-05,0
0.0026220146,0
0.007674977,0
9.253819e-05,0
4.96384e-05,0
5.289853e-05,0
2.048055e-05,0
1.4187547e-05,0
5.5449822e-05,0
4.8234495e-05,0
2.952357e-05,0
4.9204253e-05,0
5.3530595e-05,0
0.0009917137,0
9.0541296e-05,0
5.0043403e-05,0
3.83179e-05,0
4.2561216e-05,0
0.00016278791,0
2.6937427e-05,0
6.7829424e-05,0
2.8193139e-05,0
1.5457237e-05,0
1.4553705e-05,0
1.9457602e-05,0
0.00039312892,0
9.438197e-05,0
3.437235e-05,0
2.3082703e-05,0
0.0039053746,0
7.0715425e-05,0
9.725939e-05,0
0.00012200881,0
3.3800345e-05,0
5.7723384e-05,0
0.00043680583,0
0.00014555779,0
9.4191295e-05,0
4.6667967e-05,0
0.00012085848,0
2.2777558e-05,0
2.084044e-05,0
0.00011449875,0
0.0014464532,0
7.161571e-05,0
9.507867e-05,0
0.00035915623,0
0.0006230134,0
9.281241e-05,0
0.00011915948,0
2.0813344e-05,0
2.283599e-05,0
3.5631816e-05,0
0.010319906,0
2.79619e-05,0
0.00012502568,0
1.9839983e-05,0
4.0447667e-05,0
2.1187834e-05,0
8.4202875e-05,0
4.7363457e-05,0
0.00010223705,0
1.9742825e-05,0
1.919523e-05,0
1.17816135e-05,0
0.00023817022,0
0.0040361043,0
1.6938544e-05,0
0.00016652969,0
1.9382496e-05,0
9.548756e-05,0
3.6005225e-05,0
0.0002940791,0
4.0082807e-05,0
1.8347784e-05,0
0.00058193284,0
0.0048581692,0
1.9187699e-05,0
7.6798926e-05,0
3.4194803e-05,0
0.000270681,0
0.0039419914,0
4.257997e-05,0
3.488223e-05,0
0.0009346494,0
4.8814807e-05,0
5.0970793e-05,0
1.29233285e-05,0
2.1382106e-05,0
2.0070187e-05,0
0.00013082643,0
1.1280447e-05,0
2.697776e-05,0
3.8647908e-05,0
0.00018418634,0
2.6273692e-05,0
0.0047020637,0
1.956593e-05,0
2.236606e-05,0
2.2730947e-05,0
1.5376843e-05,0
1.9394276e-05,0
5.5287976e-05,0
0.001418812,0
6.852647e-05,0
0.00021137067,0
3.4972767e-05,0
0.00027049327,0
2.1113723e-05,0
3.1416064e-05,0
4.832315e-05,0
1.9261179e-05,0
8.120705e-05,0
9.783975e-05,0
2.030454e-05,0
1.5285605e-05,0
0.00023657817,0
0.00043921996,0
5.8642778e-05,0
6.0164726e-05,0
0.014938481,0
3.324382e-05,0
0.000106369785,0
2.2282153e-05,0
5.886301e-05,0
4.2250136e-05,0
8.608614e-05,0
0.015499686,0
0.00024635854,0
8.440082e-05,0
2.604924e-05,0
2.5333251e-05,0
0.00011484614,0
0.00027119616,0
0.0001238589,0
0.0009842498,0
0.00010594709,0
1.4253774e-05,0
0.00018135161,0
3.3877404e-05,0
7.649778e-05,0
7.586204e-05,0
3.1839034e-05,0
2.8458711e-05,0
3.6044366e-05,0
2.2202217e-05,0
0.011269231,0
1.6729657e-05,0
0.00017388524,0
0.0048101926,0
0.00014803834,0
7.384531e-05,0
9.915876e-05,0
5.6792214e-05,0
1.7292668e-05,0
0.00017969588,0
0.000107633095,0
0.0002196505,0
9.6344695e-05,0
2.5200328e-05,0
1.4065036e-05,0
0.00045792724,0
9.545953e-05,0
6.2913794e-05,0
3.120449e-05,0
2.6202524e-05,0
0.007157134,0
5.270253e-05,0
4.3275093e-05,0
1.3412734e-05,0
5.6983165e-05,0
2.4664378e-05,0
1.9236177e-05,0
6.338243e-05,0
1.0057847e-05,0
6.4228436e-05,0
2.2418662e-05,0
5.549813e-05,0
1.922759e-05,0
2.2875316e-05,0
0.00010539767,0
0.014069548,0
0.00055293634,0
0.018219475,0
2.151121e-05,0
2.0389378e-05,0
0.0050814766,0
1.9269462e-05,0
2.8337052e-05,0
5.9373557e-05,0
2.7903236e-05,0
1.9617986e-05,0
9.9231336e-05,0
0.00038654628,0
0.00013934544,0
0.005422208,0
5.9971713e-05,0
2.0292571e-05,0
5.820953e-05,0
0.0005161172,0
2.8113696e-05,0
9.497594e-05,0
3.142955e-05,0
4.3285178e-05,0
2.6470292e-05,0
9.752893e-06,0
2.0812411e-05,0
2.3547063e-05,0
9.1109105e-05,0
2.669853e-05,0
0.018901695,0
1.2339733e-05,0
0.0046772263,0
1.9265684e-05,0
2.0739095e-05,0
5.6694727e-05,0
0.007257498,0
5.8731897e-05,0
2.6111044e-05,0
0.0006473014,0
1.872732e-05,0
0.0002667576,0
2.3546743e-05,0
0.00011999947,0
1.8202856e-05,0
0.0008372976,0
2.678307e-05,0
9.944613e-05,0
4.3267984e-05,0
2.4405343e-05,0
0.00014672721,0
6.7039626e-05,0
1.8966479e-05,0
0.00011127703,0
2.6387937e-05,0
4.816949e-05,0
2.0833217e-05,0
9.911866e-05,0
5.8471574e-05,0
2.7084656e-05,0
0.00011294664,0
0.00024187964,0
1.704317e-05,0
2.6515234e-05,0
5.6683915e-05,0
2.2520015e-05,0
0.00019500549,0
5.378363e-05,0
0.00039331775,0
2.5633906e-05,0
2.748163e-05,0
0.00032844997,0
4.996019e-05,0
1.9719335e-05,0
2.297088e-05,0
5.9718695e-05,0
2.3481143e-05,0
1.3741165e-05,0
6.509896e-05,0
5.28711e-05,0
3.33643e-05,0
6.0967963e-05,0
5.9650225e-05,0
7.862388e-05,0
1.685356e-05,0
2.0568326e-05,0
3.5493504e-05,0
0.0044742813,0
1.9598505e-05,0
0.00017679008,0
6.430723e-05,0
2.4418792e-05,0
3.094533e-05,0
0.00055265235,0
5.1542524e-05,0
0.000104911574,0
3.1227122e-05,0
0.00025229662,0
2.5957326e-05,0
1.9250354e-05,0
3.32932e-05,0
2.6552834e-05,0
3.919197e-05,0
3.5509285e-05,0
9.2059716e-05,0
0.0002013601,0
0.0024678886,0
0.00014653582,0
0.018451998,0
1.3504622e-05,0
1.7574981e-05,0
4.626014e-05,0
2.1238442e-05,0
1.3365675e-05,0
9.801611e-05,0
6.658452e-05,0
0.00010762869,0
6.0637354e-05,0
0.0010516504,0
5.555575e-05,0
0.00032959753,0
0.00013249382,0
6.4886015e-05,0
2.7064436e-05,0
0.0009250157,0
1.7095019e-05,0
2.1354399e-05,0
1.6351683e-05,0
6.52205e-05,0
5.6687106e-05,0
9.994106e-05,0
3.0514439e-05,0
8.8079614e-05,0
0.0001080651,0
5.2502324e-05,0
0.00037488434,0
1.8046218e-05,0
0.0077576926,0
3.631919e-05,0
0.0001307485,0
0.011954651,0
1.7038396e-05,0
7.053538e-05,0
2.6106507e-05,0
6.5989414e-05,0
9.793741e-06,0
5.937246e-05,0
0.0001222159,0
3.590156e-05,0
0.0002880723,0
0.00038376346,0
2.6107095e-05,0
4.1689837e-05,0
4.933726e-05,0
2.3201497e-05,0
2.5589265e-05,0
5.113054e-05,0
1.7348653e-05,0
0.001555248,0
2.7610733e-05,0
2.8566785e-05,0
0.00012593264,0
0.00016048411,0
2.5943473e-05,0
2.3576687e-05,0
0.00019339797,0
0.0001240466,0
1.2924369e-05,0
4.1017214e-05,0
1.17121335e-05,0
4.6424742e-05,0
2.0810712e-05,0
5.6757053e-05,0
0.002209015,0
1.6863358e-05,0
3.81485e-05,0
9.380484e-05,0
5.3301435e-05,0
1.8564591e-05,0
1.9768058e-05,0
4.7878602e-05,0
3.3903038e-05,0
1.9189569e-05,0
1.806986e-05,0
0.0032620167,0
5.6107645e-05,0
0.0001345606,0
5.1590414e-05,0
1.934519e-05,0
9.617297e-05,0
1.6756434e-05,0
2.252231e-05,0
1.5189844e-05,0
0.0006504672,0
7.850475e-05,0
6.562567e-05,0
6.838054e-05,0
1.599495e-05,0
0.00018582832,0
1.5570342e-05,0
0.006806174,0
0.0005988714,0
9.6859534e-05,0
2.1689448e-05,0
2.3944192e-05,0
1.6378113e-05,0
1.6210313e-05,0
2.0811758e-05,0
8.629935e-05,0
2.2271528e-05,0
6.793586e-05,0
0.017010856,0
2.1453898e-05,0
3.4216042e-05,0
1.9590238e-05,0
4.963538e-05,0
1.2024002e-05,0
2.6848182e-05,0
0.00065914926,0
0.00011484995,0
1.9710178e-05,0
1.0874408e-05,0
5.2213032e-05,0
0.0007659733,0
4.776863e-05,0
2.8319519e-05,0
1.9332321e-05,0
9.74034e-05,0
0.00028455202,0
3.7038913e-05,0
2.0812191e-05,0
9.938045e-05,0
0.0036375013,0
0.00010955675,0
0.00066878216,0
8.101692e-05,0
4.489435e-05,0
6.8404275e-05,0
1.40718985e-05,0
5.9976097e-05,0
2.0625976e-05,0
1.928037e-05,0
2.3306207e-05,0
7.118143e-05,0
1.412481e-05,0
0.00020243177,0
1.9704585e-05,0
2.2208353e-05,0
5.4456366e-05,0
0.001683255,0
2.0429523e-05,0
9.6038035e-05,0
8.960084e-05,0
0.0025540844,0
0.002053073,0
0.000113321854,0
1.8584278e-05,0
3.559004e-05,0
6.431973e-05,0
0.00023994471,0
3.8910508e-05,0
2.1039465e-05,0
0.00032082121,0
0.00087871595,0
2.1947588e-05,0
1.2736857e-05,0
0.00079571136,0
0.01938041,0
8.988385e-05,0
2.1812271e-05,0
5.9160127e-05,0
7.35652e-05,0
0.00015945932,0
1.6879989e-05,0
1.8697236e-05,0
3.6970796e-05,0
3.0057783e-05,0
9.5633506e-05,0
0.0003777681,0
8.080099e-05,0
0.00071198086,0
0.0001130106,0
5.6512752e-05,0
1.8316725e-05,0
2.9359158e-05,0
2.6481965e-05,0
5.7970876e-05,0
2.3242592e-05,0
2.250632e-05,0
5.6789155e-05,0
5.1880692e-05,0
5.4885513e-05,0
1.9792276e-05,0
0.00023872496,0
1.780133e-05,0
0.012757009,0
2.1451971e-05,0
4.583579e-05,0
3.831743e-05,0
1.7471746e-05,0
9.304716e-05,0
2.863171e-05,0
3.1944826e-05,0
3.0461571e-05,0
1.9450963e-05,0
5.231029e-05,0
2.6467955e-05,0
0.0013202506,0
4.827114e-05,0
9.586707e-05,0
5.2727155e-05,0
2.465489e-05,0
0.00022246134,0
2.0094889e-05,0
0.00054310163,0
6.750613e-05,0
5.356982e-05,0
1.8195808e-05,0
1.4001431e-05,0
0.00095971307,0
5.2638843e-05,0
0.00010788861,0
1.5340203e-05,0
0.0001837017,0
4.4442775e-05,0
1.4180407e-05,0
1.2469114e-05,0
0.00013910454,0
1.2983573e-05,0
6.173517e-05,0
4.0159342e-05,0
1.2046679e-05,0
0.0035413338,0
2.0529265e-05,0
7.679481e-05,0
0.00011572483,0
0.00019158104,0
2.3710521e-05,0
3.5848567e-05,0
1.7029664e-05,0
0.009487853,0
2.9108127e-05,0
0.00013799702,0
1.2815021e-05,0
0.036891177,0
2.3883851e-05,0
2.8537317e-05,0
9.0206704e-05,0
2.064816e-05,0
1.6232152e-05,0
0.0008324262,0
0.00080992776,0
2.1818341e-05,0
4.7149762e-05,0
2.261397e-05,0
4.7568436e-05,0
0.00018905547,0
1.4911323e-05,0
0.0015840732,0
1.7033311e-05,0
0.00020632516,0
0.00014555917,0
3.7960002e-05,0
4.268554e-05,0
3.882199e-05,0
0.00025994505,0
1.5782663e-05,0
0.011152242,0
0.0001463725,0
2.5678626e-05,0
0.00038742225,0
4.617004e-05,0
1.8905266e-05,0
9.722198e-05,0
9.235924e-05,0
1.7144592e-05,0
0.00042206663,0
5.1649076e-05,0
0.00010281184,0
0.008944289,0
1.9478579e-05,0
2.9785253e-05,0
2.4047833e-05,0
1.9394922e-05,0
0.0033481647,0
4.0288254e-05,0
4.8655667e-05,0
3.1945212e-05,0
0.0002786521,0
3.4926485e-05,0
2.8217235e-05,0
0.00045170166,0
2.2520931e-05,0
1.8390487e-05,0
0.00011875189,0
0.011979395,0
1.1823447e-05,0
2.0156824e-05,0
1.19993365e-05,0
2.1428968e-05,0
1.5020605e-05,0
3.08475e-05,0
0.0009572079,0
0.000117989635,0
9.826518e-05,0
6.114174e-05,0
0.0004559358,0
0.0045971433,0
0.00030680062,0
2.2796426e-05,0
4.44614e-05,0
2.9237946e-05,0
5.2664833e-05,0
3.4945504e-05,0
0.0004981156,0
2.6827092e-05,0
0.00011374654,0
2.4645207e-05,0
1.919068e-05,0
0.020007545,0
1.924396e-05,0
5.0936087e-05,0
0.00029896986,0
1.7864357e-05,0
0.0017041974,0
5.865171e-05,0
5.2507905e-05,0
0.00028999013,0
0.0004676956,0
1.717311e-05,0
0.011764721,0
4.491982e-05,0
2.85043e-05,0
1.0532864e-05,0
9.26492e-05,0
2.5462661e-05,0
0.00012758595,0
4.3667147e-05,0
0.00014097837,0
8.699448e-05,0
1.9559337e-05,0
2.652156e-05,0
4.8827045e-05,0
2.253792e-05,0
1.6393722e-05,0
3.5371508e-05,0
4.3556713e-05,0
0.0006219979,0
0.00012627004,0
0.01878215,0
4.021913e-05,0
0.0053351126,0
0.00020812887,0
0.00014419886,0
0.00071133743,0
0.0001952176,0
0.0001829086,0
2.8216393e-05,0
8.676692e-05,0
0.00059220265,0
0.000601803,0
0.000110693276,0
0.00019677209,0
0.009608717,0
0.001111557,0
2.2848799e-05,0
0.00013820789,0
2.4637857e-05,0
0.00011731136,0
2.3112745e-05,0
1.993407e-05,0
1.9847792e-05,0
0.00013267262,0
6.336296e-05,0
0.00016316315,0
4.1645977e-05,0
7.5735275e-05,0
7.292534e-05,0
2.6544318e-05,0
0.00014903568,0
2.7837013e-05,0
1.9379746e-05,0
0.00057564344,0
2.7800115e-05,0
0.0014481685,0
0.00019724236,0
2.4800062e-05,0
1.3274443e-05,0
0.0074402774,0
1.9138515e-05,0
1.185841e-05,0
2.1842394e-05,0
2.6709593e-05,0
0.00010242505,0
6.121232e-05,0
0.00019372173,0
7.806346e-05,0
0.0016574287,0
0.00053267763,0
3.3519926e-05,0
3.3996424e-05,0
0.00027792403,0
3.084768e-05,0
0.00031181914,0
0.019299474,0
7.883975e-05,0
9.154032e-05,0
2.7047077e-05,0
1.1060997e-05,0
0.00046685294,0
2.0761478e-05,0
6.696569e-05,0
1.3751708e-05,0
2.7076552e-05,0
7.280992e-05,0
7.6532524e-05,0
0.00017144791,0
0.00012125359,0
0.006615351,0
1.040764e-05,0
0.005652015,0
5.642029e-05,0
0.00021942717,0
2.7354637e-05,0
2.3424373e-05,0
1.1536898e-05,0
1.99053e-05,0
2.7907328e-05,0
0.00031866657,0
4.765014e-05,0
1.1778213e-05,0
1.4042509e-05,0
3.151601e-05,0
2.6828217e-05,0
0.0002475114,0
0.014540358,0
9.8072574e-05,0
0.0014272064,0
5.6086235e-05,0
4.3493994e-05,0
1.946443e-05,0
4.126608e-05,0
0.00015281497,0
2.9784345e-05,0
0.0077789472,0
1.3344164e-05,0
9.898524e-05,0
0.00019984503,0
2.0960686e-05,0
5.543958e-05,0
1.2608955e-05,0
7.954532e-05,0
2.0808631e-05,0
3.2598866e-05,0
2.1130812e-05,0
1.9207986e-05,0
6.4707616e-05,0
2.6846446e-05,0
8.554932e-05,0
4.846349e-05,0
2.6353859e-05,0
0.00029406606,0
2.0185176e-05,0
3.89088e-05,0
0.00020200068,0
0.0004704992,0
0.000260709,0
1.5523729e-05,0
0.0001610726,0
2.845091e-05,0
2.016099e-05,0
0.00013833531,0
2.5066993e-05,0
1.92225e-05,0
2.2537659e-05,0
0.00010154655,0
0.0060790083,0
0.00045114887,0
3.615136e-05,0
0.0037785592,0
2.5937572e-05,0
0.00035092107,0
4.881631e-05,0
9.3311086e-05,0
7.0198264e-05,0
0.00015142965,0
2.535292e-05,0
9.797379e-05,0
3.126164e-05,0
0.00011148864,0
6.47987e-05,0
7.8411824e-05,0
6.041224e-05,0
2.0895503e-05,0
0.0003400925,0
0.00053861237,0
0.00018500803,0
9.723853e-05,0
2.562199e-05,0
0.008023228,0
8.902387e-05,0
9.3417344e-05,0
3.094888e-05,0
8.642919e-05,0
4.5250246e-05,0
0.00012146661,0
4.7409234e-05,0
4.9352057e-05,0
5.4817363e-05,0
0.00010911423,0
2.2140548e-05,0
0.0010383375,0
1.94943e-05,0
9.877123e-06,0
3.6738937e-05,0
0.00044074364,0
2.281957e-05,0
5.406625e-05,0
2.0818925e-05,0
5.5411576e-05,0
5.3718286e-05,0
1.5099244e-05,0
4.980936e-05,0
2.6974374e-05,0
1.9719506e-05,0
3.778937e-05,0
3.535488e-05,0
4.824606e-05,0
9.592335e-05,0
3.5680274e-05,0
0.01158834,0
0.0012090672,0
8.52187e-05,0
0.022079252,0
2.6192201e-05,0
1.4712831e-05,0
0.0003101921,0
2.575162e-05,0
0.0016124446,0
2.2253975e-05,0
3.7304642e-05,0
5.9702623e-05,0
9.538376e-06,0
0.00055456866,0
0.00049243536,0
2.2630671e-05,0
2.7011825e-05,0
4.058776e-05,0
1.7410195e-05,0
2.7020553e-05,0
8.4009735e-05,0
0.0004833362,0
2.1326923e-05,0
3.8577953e-05,0
1.921963e-05,0
4.317659e-05,0
5.4333843e-05,0
2.5707068e-05,0
5.1166095e-05,0
2.4052873e-05,0
8.1402286e-05,0
3.8621263e-05,0
0.006230697,0
0.00018378989,0
1.0095085e-05,0
8.0787155e-05,0
2.1515454e-05,0
0.00018235572,0
3.9162875e-05,0
5.1158346e-05,0
0.00054940174,0
1.9904695e-05,0
1.32115965e-05,0
4.226027e-05,0
0.0034553595,0
0.00012339796,0
1.9542045e-05,0
2.7814804e-05,0
1.1953049e-05,0
0.009934077,0
1.1999781e-05,0
5.2445183e-05,0
0.0001820187,0
0.0003498318,0
7.191929e-05,0
1.7794902e-05,0
0.00030770665,0
0.00014902548,0
2.6729464e-05,0
2.4733274e-05,0
4.2419422e-05,0
1.6695838e-05,0
7.439788e-05,0
0.007676695,0
0.012550742,0
9.702739e-05,0
3.8376285e-05,0
2.0535654e-05,0
2.0914658e-05,0
4.294084e-05,0
1.0582047e-05,0
3.796786e-05,0
2.1826223e-05,0
4.9443053e-05,0
0.00014880471,0
6.014685e-05,0
2.855571e-05,0
1.2373119e-05,0
2.7134312e-05,0
0.00018110266,0
2.615715e-05,0
2.3639908e-05,0
9.656337e-05,0
1.4156835e-05,0
1.4111844e-05,0
6.8366506e-05,0
0.0014712749,0
9.947928e-05,0
0.0005589445,0
2.0540409e-05,0
0.000111282934,0
3.939166e-05,0
1.7476656e-05,0
7.486967e-05,0
4.5644265e-05,0
1.1391732e-05,0
0.0003448443,0
4.5562843e-05,0
0.00026923962,0
0.00010777664,0
0.0019113282,0
2.4186686e-05,0
0.0005495932,0
0.00011272367,0
0.00023723776,0
3.9732822e-05,0
0.00032923263,0
1.9498217e-05,0
4.3532677e-05,0
1.940721e-05,0
0.00044118505,0
0.00037243808,0
0.00016051352,0
0.0010423807,0
4.25674e-05,0
3.5402823e-05,0
0.00033957834,0
0.008036829,0
2.435109e-05,0
3.629388e-05,0
0.00020087567,0
0.010006803,0
1.4201724e-05,0
0.0005980088,0
1.975314e-05,0
2.3312936e-05,0
0.00042761568,0
0.0003503053,0
3.4773846e-05,0
0.0009797447,0
2.7963933e-05,0
5.7089645e-05,0
0.00022313526,0
4.902954e-05,0
4.886581e-05,0
2.014688e-05,0
2.1021317e-05,0
0.0007138219,0
4.2278323e-05,0
4.1930096e-05,0
2.4027679e-05,0
1.1692587e-05,0
0.0048508802,0
1.8308696e-05,0
3.4249082e-05,0
2.6501657e-05,0
1.6901735e-05,0
4.882697e-05,0
5.96988e-05,0
3.006033e-05,0
0.00017731186,0
1.7747054e-05,0
4.8272817e-05,0
1.9944026e-05,0
0.00034870976,0
4.642879e-05,0
3.6091158e-05,0
0.0062902174,0
8.59868e-05,0
3.333752e-05,0
0.00010520603,0
2.8433937e-05,0
7.2961404e-05,0
1.08247605e-05,0
0.00024850186,0
0.0001725947,0
8.850224e-05,0
1.1320583e-05,0
4.9468374e-05,0
0.012550847,0
0.00028546053,0
6.5342865e-05,0
2.7826176e-05,0
0.00010928044,0
9.0883506e-05,0
0.0002996709,0
3.7283004e-05,0
0.00019030499,0
2.095642e-05,0
1.2712588e-05,0
2.3288203e-05,0
2.3750854e-05,0
0.00020893349,0
6.126656e-05,0
0.00021206372,0
1.7307022e-05,0
3.864615e-05,0
0.00016833725,0
9.60892e-05,0
0.0005193943,0
2.4939302e-05,0
1.8889012e-05,0
5.8109643e-05,0
0.00045065605,0
2.0575742e-05,0
0.0001996189,0
4.5312347e-05,0
0.013504933,0
2.5721612e-05,0
5.230416e-05,0
2.0343186e-05,0
1.7785549e-05,0
0.00012464657,0
5.5152366e-05,0
1.0441777e-05,0
6.6589855e-05,0
1.9300644e-05,0
0.00011898194,0
8.873063e-05,0
2.280385e-05,0
2.3010656e-05,0
0.00011447332,0
0.000105826206,0
0.0005792176,0
0.00045819872,0
5.743449e-05,0
2.1878224e-05,0
4.9280727e-05,0
0.00061999937,0
6.0756105e-05,0
0.00018127549,0
2.8716528e-05,0
0.0010723402,0
2.077327e-05,0
1.42755425e-05,0
5.1023897e-05,0
8.652513e-05,0
0.000736386,0
0.00033197616,0
1.4207337e-05,0
1.9417525e-05,0
0.00010596318,0
1.9268116e-05,0
2.7089403e-05,0
2.185454e-05,0
2.0946756e-05,0
2.7759963e-05,0
2.2718052e-05,0
2.6750608e-05,0
1.1060851e-05,0
1.7253245e-05,0
4.8130278e-05,0
2.0510826e-05,0
1.3211911e-05,0
4.4746375e-05,0
2.4883146e-05,0
5.652224e-05,0
1.7231398e-05,0
1.14494715e-05,0
6.897721e-05,0
2.769346e-05,0
0.000112700145,0
3.0037158e-05,0
2.7790036e-05,0
0.0006972917,0
2.241668e-05,0
0.0002724695,0
0.012223412,0
0.0002587391,0
1.935958e-05,0
9.849383e-05,0
1.6614687e-05,0
2.5485948e-05,0
4.401214e-05,0
0.00024016059,0
0.00020360432,0
1.7509481e-05,0
1.4525469e-05,0
0.0003059814,0
4.395887e-05,0
3.1483523e-05,0
8.5975924e-05,0
2.74253e-05,0
2.0067802e-05,0
4.520268e-05,0
3.178978e-05,0
0.00013499575,0
7.946056e-05,0
7.05588e-05,0
3.1370644e-05,0
2.1093038e-05,0
0.000105179366,0
0.00015647107,0
5.0320934e-05,0
0.0003745745,0
0.00022539313,0
2.3000553e-05,0
1.7530558e-05,0
0.00017468749,0
1.068497e-05,0
9.88575e-05,0
5.454307e-05,0
0.00018188142,0
1.8028017e-05,0
1.9271612e-05,0
6.425904e-05,0
0.00030129668,0
1.4951962e-05,0
5.7096557e-05,0
9.8978795e-05,0
2.4394703e-05,0
0.006110548,0
4.8271515e-05,0
1.6453232e-05,0
0.0020518138,0
1.7437816e-05,0
0.00027207003,0
2.1149384e-05,0
2.4135084e-05,0
6.4690976e-05,0
9.965876e-05,0
0.015681861,0
1.4657298e-05,0
5.6087458e-05,0
0.0001402033,0
1.5487445e-05,0
0.0005596785,0
4.9223967e-05,0
1.7382104e-05,0
1.9918663e-05,0
0.0001784897,0
1.624047e-05,0
2.3161454e-05,0
0.00023319582,0
5.416776e-05,0
0.00011138618,0
0.00040081135,0
5.028799e-05,0
2.779288e-05,0
0.0032795111,0
0.0004142726,0
6.641036e-05,0
4.843725e-05,0
4.5049892e-05,0
4.8878308e-05,0
0.009976836,0
4.123052e-05,0
0.00019367604,0
0.00015588976,0
3.6632187e-05,0
3.3571894e-05,0
0.0002460381,0
0.00032923341,0
2.690501e-05,0
0.0005113963,0
8.036528e-05,0
1.0578475e-05,0
3.4658253e-05,0
0.00022278262,0
0.00013418084,0
0.00017907488,0
2.0386497e-05,0
7.853406e-05,0
0.0046662968,0
0.0006135021,0
9.796366e-05,0
4.2085478e-05,0
0.012980226,0
2.8196586e-05,0
6.284225e-05,0
0.0053135147,0
0.00043189817,0
4.943106e-05,0
7.497327e-05,0
0.0034028608,0
4.8870574e-05,0
0.00026755684,0
0.00044137723,0
1.9359315e-05,0
0.0037153235,0
6.599814e-05,0
0.00010300132,0
1.7834453e-05,0
7.282064e-05,0
4.2570184e-05,0
0.00043564997,0
4.163635e-05,0
9.9262645e-05,0
0.00015622501,0
0.0023096018,0
2.818959e-05,0
0.00018348283,0
9.528336e-05,0
0.0005329911,0
0.0024970255,0
8.927069e-05,0
2.137207e-05,0
0.00020743592,0
0.029501732,0
1.3326292e-05,0
0.000109939385,0
0.011813376,0
0.00014997406,0
4.048336e-05,0
5.1880605e-05,0
1.8402407e-05,0
9.6985685e-05,0
1.1606612e-05,0
2.6735053e-05,0
0.00013888703,0
0.0007968408,0
4.1571424e-05,0
1.7783414e-05,0
0.000532925,0
7.569124e-05,0
2.0276222e-05,0
0.013631872,0
2.7112506e-05,0
3.338078e-05,0
5.137494e-05,0
4.920333e-05,0
0.00023615515,0
1.671974e-05,0
1.9643725e-05,0
0.00044048714,0
0.003488508,0
0.013251251,0
3.0211808e-05,0
0.012268559,0
5.1577637e-05,0
1.5353255e-05,0
3.4762634e-05,0
1.9019235e-05,0
0.0013937403,0
1.929496e-05,0
1.820838e-05,0
2.7147458e-05,0
7.287695e-05,0
1.1232022e-05,0
5.519466e-05,0
3.2702446e-05,0
1.1100179e-05,0
2.1588237e-05,0
2.4916026e-05,0
0.00011066492,0
0.00012401682,0
0.00024146795,0
1.9370304e-05,0
2.3692268e-05,0
2.9574756e-05,0
1.726033e-05,0
0.001110191,0
9.324916e-05,0
2.6126512e-05,0
0.00011271932,0
6.142833e-05,0
1.6686437e-05,0
0.00640647,0
0.00033170352,0
0.00012367823,0
2.7094593e-05,0
5.7281224e-05,0
9.845973e-05,0
9.136344e-05,0
0.003986583,0
0.0001458003,0
0.00018621642,0
7.352883e-05,0
3.690516e-05,0
4.4513054e-05,0
0.00018249055,0
6.253557e-05,0
5.1298874e-05,0
3.018391e-05,0
0.00038332536,0
1.9881405e-05,0
4.1300314e-05,0
1.4459571e-05,0
0.00090419885,0
0.00055911625,0
1.6679072e-05,0
0.0002960625,0
5.70377e-05,0
0.0002144681,0
9.885765e-05,0
0.00011173724,0
1.51377835e-05,0
4.6615372e-05,0
0.00023217061,0
0.00071864243,0
0.00699432,0
0.00049435877,0
6.6258224e-05,0
0.000105253144,0
0.0049004946,0
1.957674e-05,0
0.0078492155,0
0.00011188972,0
1.9265379e-05,0
2.2169126e-05,0
1.5542733e-05,0
2.4382052e-05,0
2.6699718e-05,0
2.6356118e-05,0
2.3231176e-05,0
8.694362e-05,0
5.612492e-05,0
0.00016515155,0
1.919882e-05,0
2.6146967e-05,0
2.463611e-05,0
0.00010646938,0
0.00010640642,0
1.6697984e-05,0
0.00022076281,0
2.6189335e-05,0
0.00017165508,0
2.2440297e-05,0
3.1255124e-05,0
9.8358156e-05,0
1.7892535e-05,0
1.9726116e-05,0
4.2378506e-05,0
2.4909348e-05,0
2.0541132e-05,0
1.7028591e-05,0
2.7910262e-05,0
9.90895e-06,0
1.5598127e-05,0
1.9252553e-05,0
0.0005906097,0
4.5981484e-05,0
0.021640945,0
2.152718e-05,0
0.0005541493,0
0.00021776596,0
2.8001767e-05,0
2.0478385e-05,0
4.8215887e-05,0
0.00032016932,0
9.823771e-05,0
0.00011963894,0
4.008394e-05,0
0.007950519,0
0.00011171582,0
3.9935137e-05,0
0.00011905411,0
6.7513756e-05,0
5.7941328e-05,0
2.2428958e-05,0
5.105512e-05,0
0.00014516797,0
0.0052323714,0
2.730356e-05,0
5.3436495e-05,0
0.0015180173,0
9.341576e-05,0
0.018575165,0
1.1564441e-05,0
3.0121475e-05,0
2.4812853e-05,0
1.888092e-05,0
0.00010970043,0
8.137119e-05,0
0.00015504139,0
8.7940156e-05,0
2.697526e-05,0
0.00026805061,0
2.4606035e-05,0
5.2781546e-05,0
3.2096043e-05,0
0.00012510442,0
4.2359665e-05,0
4.972426e-05,0
0.00017327232,0
1.9883073e-05,0
0.00022159125,0
7.696196e-05,0
2.719367e-05,0
0.00010689529,0
2.4130784e-05,0
2.4197047e-05,0
1.9931986e-05,0
6.427006e-05,0
0.00026568546,0
1.5096908e-05,0
5.0608294e-05,0
0.00010232353,0
9.372809e-05,0
0.00011090868,0
1.8189578e-05,0
0.0035595035,0
2.650297e-05,0
0.00011584228,0
3.4721685e-05,0
0.00057902926,0
0.00018747564,0
2.2403936e-05,0
0.00039289755,0
2.3605002e-05,0
0.0024956104,0
0.0017772174,0
1.6291478e-05,0
2.0087065e-05,0
9.227712e-06,0
0.00023967712,0
2.1068094e-05,0
3.9833965e-05,0
0.00015069505,0
0.00026329554,0
9.784478e-05,0
0.00022295486,0
2.9155173e-05,0
0.0005865246,0
0.0033585867,0
0.0004397938,0
1.4011896e-05,0
2.573924e-05,0
0.0018323697,0
0.0005444326,0
6.13619e-05,0
5.611139e-05,0
0.00021701412,0
2.0393549e-05,0
1.3529065e-05,0
8.249041e-05,0
1.6067548e-05,0
5.0549894e-05,0
0.0006533087,0
0.00010102358,0
0.0002847062,0
0.0005469927,0
5.8188678e-05,0
4.359215e-05,0
0.0002032877,0
9.893388e-05,0
0.0035244846,0
3.612273e-05,0
9.850462e-05,0
6.858003e-05,0
3.1450774e-05,0
2.8489127e-05,0
4.3289674e-05,0
5.032807e-05,0
1.68215e-05,0
1.8060542e-05,0
1.9573186e-05,0
0.0031110588,0
1.7982586e-05,0
3.410975e-05,0
1.9468462e-05,0
5.0341376e-05,0
0.00088974455,0
0.00019387045,0
2.0826259e-05,0
1.5525105e-05,0
0.00015720456,0
0.0009265073,0
2.1151718e-05,0
8.95614e-05,0
2.1694243e-05,0
0.0003931229,0
0.008605194,0
0.00010187732,0
2.4825105e-05,0
0.000114861345,0
1.9296858e-05,0
4.7607624e-05,0
2.227297e-05,0
1.9721629e-05,0
2.4340234e-05,0
0.00016596528,0
2.82105e-05,0
0.0012920793,0
4.1216488e-05,0
5.2787855e-05,0
2.5881267e-05,0
3.6278536e-05,0
5.9148988e-05,0
3.2828317e-05,0
2.2304635e-05,0
9.401654e-05,0
4.7325433e-05,0
4.1923013e-05,0
0.0012040022,0
0.00024117266,0
9.811234e-05,0
0.011375708,0
0.00031804084,0
2.0325646e-05,0
0.00016743834,0
0.004520409,0
6.654253e-05,0
4.802799e-05,0
0.00012300482,0
2.4215391e-05,0
2.1809989e-05,0
6.067335e-05,0
1.9764564e-05,0
1.259858e-05,0
0.00011841553,0
4.0550385e-05,0
0.0016328334,0
0.0003207757,0
1.9300509e-05,0
2.7646305e-05,0
0.0047548064,0
1.9407558e-05,0
0.0012402969,0
0.00037498277,0
0.0029962156,0
0.00018648026,0
0.00065472705,0
0.0016451697,0
2.6883956e-05,0
7.223508e-05,0
1.9779294e-05,0
0.000119765486,0
2.1448439e-05,0
3.5073197e-05,0
1.5918245e-05,0
0.012626024,0
6.404153e-05,0
0.005326168,0
2.4414307e-05,0
3.2260003e-05,0
0.00016701364,0
4.697337e-05,0
0.00018599475,0
2.2895532e-05,0
6.41877e-05,0
3.1666234e-05,0
5.832035e-05,0
2.516426e-05,0
1.8073542e-05,0
9.0477486e-05,0
3.7240377e-05,0
0.001186251,0
0.0020426416,0
8.276007e-05,0
0.003620105,0
2.6391965e-05,0
2.1594858e-05,0
4.4326236e-05,0
0.00849472,0
0.02117066,0
2.4157993e-05,0
2.4380242e-05,0
2.2781382e-05,0
0.00046497167,0
0.00028248676,0
0.00039711586,0
0.00056261313,0
3.9178423e-05,0
0.00073207077,0
4.1277915e-05,0
2.2606257e-05,0
4.321789e-05,0
1.9216526e-05,0
0.0065567703,0
3.1495376e-05,0
1.650844e-05,0
0.00012140576,0
0.0009251392,0
2.7565962e-05,0
4.856615e-05,0
1.5784e-05,0
0.0001757365,0
8.2238046e-05,0
1.5104445e-05,0
0.0012961695,0
2.1495482e-05,0
1.930591e-05,0
2.0364148e-05,0
8.584995e-05,0
2.510315e-05,0
8.174238e-05,0
3.044508e-05,0
0.0071562505,0
3.4484754e-05,0
0.0004410405,0
0.00017856053,0
0.00010131661,0
4.362286e-05,0
3.2986594e-05,0
1.998942e-05,0
4.6488032e-05,0
2.2164993e-05,0
1.6146823e-05,0
6.1556035e-05,0
0.00018079492,0
2.0067506e-05,0
0.00028258326,0
2.2250882e-05,0
4.2270687e-05,0
1.7119148e-05,0
0.000743058,0
3.9300656e-05,0
4.4806035e-05,0
1.7624152e-05,0
0.00071434147,0
1.6467366e-05,0
9.302421e-05,0
2.0548663e-05,0
1.1505871e-05,0
7.211455e-05,0
0.00053718267,0
2.2220001e-05,0
2.1761689e-05,0
4.8631293e-05,0
2.1447135e-05,0
2.2013626e-05,0
6.0808816e-05,0
3.0279862e-05,0
5.1786446e-05,0
2.2933787e-05,0
2.393823e-05,0
2.4202818e-05,0
1.7698183e-05,0
2.08353e-05,0
6.9548216e-05,0
1.9441644e-05,0
0.00085815886,0
0.000102226804,0
0.010253157,0
2.027545e-05,0
3.7541395e-05,0
0.0025215289,0
0.00015526987,0
1.0425674e-05,0
0.0013748509,0
8.641867e-05,0
2.1258002e-05,0
2.2747405e-05,0
2.1527992e-05,0
2.4505958e-05,0
2.0238187e-05,0
1.9345634e-05,0
0.00011544827,0
2.7441505e-05,0
2.094903e-05,0
6.619334e-05,0
1.92738e-05,0
0.0038774146,0
2.1581574e-05,0
0.00013796678,0
0.00020940682,0
2.7317403e-05,0
1.4683713e-05,0
2.2216795e-05,0
2.222087e-05,0
2.475438e-05,0
2.149912e-05,0
2.1887266e-05,0
1.9589248e-05,0
9.6541e-05,0
0.00029894518,0
1.577856e-05,0
0.00010769422,0
5.5558095e-05,0
1.8972083e-05,0
4.8915994e-05,0
1.7176742e-05,0
3.9526905e-05,0
0.00047175508,0
1.947773e-05,0
9.7710574e-05,0
1.3853759e-05,0
0.00016333042,0
4.2961205e-05,0
1.0300429e-05,0
1.985144e-05,0
2.055901e-05,0
1.9421079e-05,0
2.1131036e-05,0
2.3649622e-05,0
2.437105e-05,0
3.2894397e-05,0
1.9568659e-05,0
0.0012738501,0
3.7685746e-05,0
0.017577866,0
0.00062027434,0
2.1737374e-05,0
3.8421455e-05,0
2.0813686e-05,0
4.956279e-05,0
1.7372215e-05,0
0.0005422428,0
0.00040934366,0
1.8920153e-05,0
4.1509913e-05,0
0.00010765371,0
5.094199e-05,0
0.00033924176,0
2.6579517e-05,0
2.6963935e-05,0
0.00013810823,0
2.4359468e-05,0
5.568866e-05,0
1.816044e-05,0
0.00016966696,0
0.007504779,0
2.338012e-05,0
9.428469e-05,0
0.00037508152,0
0.0010926365,0
2.2175811e-05,0
0.00036785664,0
0.0001382905,0
0.0018102912,0
2.5259576e-05,0
1.6280763e-05,0
7.299966e-05,0
6.848677e-05,0
5.1226438e-05,0
9.8265155e-05,0
6.2268904e-05,0
2.4493249e-05,0
4.8251663e-05,0
2.4050905e-05,0
0.00024169205,0
0.0005154759,0
0.0015377232,0
2.4377314e-05,0
4.3626467e-05,0
0.00012282263,0
9.5629184e-05,0
2.2204085e-05,0
0.0009117746,0
0.00043259008,0
4.2390115e-05,0
0.00027538577,0
5.7549205e-05,0
0.00084227737,0
3.7676546e-05,0
0.0016881608,0
5.0379684e-05,0
3.258946e-05,0
2.4614e-05,0
5.1825864e-05,0
0.00030177063,0
1.9807534e-05,0
0.00015011012,0
5.8467725e-05,0
1.9354822e-05,0
0.0007604108,0
0.00017884515,0
0.00043739093,0
9.890993e-05,0
1.9899782e-05,0
0.007587462,0
0.00015012539,0
1.276308e-05,0
0.00055411644,0
1.9386576e-05,0
0.0023930548,0
2.6256363e-05,0
1.9655163e-05,0
7.553189e-05,0
0.0072166123,0
9.9408724e-05,0
3.61754e-05,0
2.0384377e-05,0
2.9413051e-05,0
0.001973758,0
0.00022615696,0
3.4962773e-05,0
1.5438209e-05,0
4.101469e-05,0
0.00013388503,0
2.0880472e-05,0
1.0518903e-05,0
0.00011311115,0
5.4214506e-05,0
0.0007414516,0
5.834334e-05,0
1.2429986e-05,0
1.8165118e-05,0
2.670914e-05,0
2.36609e-05,0
0.0026226433,0
5.6366134e-05,0
1.7207301e-05,0
0.00038776945,0
0.0001559261,0
4.069369e-05,0
7.183057e-05,0
0.00010311304,0
1.9235264e-05,0
3.4989065e-05,0
0.00016541273,0
7.078471e-05,0
2.3807317e-05,0
1.3713864e-05,0
1.3198894e-05,0
2.0125733e-05,0
2.4462184e-05,0
2.2774986e-05,0
1.9741492e-05,0
2.6189093e-05,0
3.547776e-05,0
0.00038233126,0
3.8421156e-05,0
6.1210754e-05,0
0.00011874745,0
6.071408e-05,0
2.706396e-05,0
1.9708823e-05,0
2.7243865e-05,0
0.00012643679,0
0.00010073778,0
1.970777e-05,0
2.3408758e-05,0
0.010606655,0
5.4260534e-05,0
2.2207982e-05,0
8.30142e-05,0
2.5116631e-05,0
3.5836354e-05,0
2.4670286e-05,0
9.602293e-05,0
5.9524526e-05,0
2.7847213e-05,0
0.00014173517,0
1.9730589e-05,0
2.1864635e-05,0
9.642903e-05,0
0.00010960548,0
0.0008934346,0
1.8258175e-05,0
7.249643e-05,0
5.7409045e-05,0
1.36253475e-05,0
9.8347664e-05,0
0.007621639,0
0.0015255031,0
4.9273767e-05,0
0.00032885285,0
4.898809e-05,0
2.6343518e-05,0
5.450591e-05,0
0.00018411169,0
5.8098365e-05,0
0.00018358904,0
6.520965e-05,0
6.1169114e-05,0
1.1809654e-05,0
0.00054990774,0
1.252516e-05,0
0.00016113005,0
0.0002520576,0
0.00022785658,0
9.446878e-05,0
4.237117e-05,0
0.013280215,0
2.90278e-05,0
2.7024804e-05,0
6.937672e-05,0
2.0079391e-05,0
0.013258298,0
0.0009884142,0
0.0067584002,0
0.00015021642,0
0.006321493,0
8.57507e-05,0
9.671654e-05,0
0.0001651373,0
4.9204282e-05,0
3.2776195e-05,0
0.0002564598,0
2.326505e-05,0
2.3627768e-05,0
6.7526715e-05,0
2.1462185e-05,0
2.115481e-05,0
2.7889066e-05,0
2.2211581e-05,0
2.5607558e-05,0
2.6412208e-05,0
1.999108e-05,0
3.1758194e-05,0
2.3774091e-05,0
1.919514e-05,0
0.0015790388,0
0.0012803879,0
2.0081568e-05,0
0.00022320132,0
3.235743e-05,0
1.5261698e-05,0
0.0001251539,0
3.4108212e-05,0
0.0004174344,0
0.00014607978,0
0.00010780833,0
1.9874627e-05,0
1.8743473e-05,0
1.4275527e-05,0
8.78505e-05,0
9.844365e-05,0
9.735779e-05,0
2.9278139e-05,0
1.8065672e-05,0
2.1919654e-05,0
2.1810278e-05,0
2.8949295e-05,0
4.0525178e-05,0
4.8888836e-05,0
0.0006697364,0
2.498145e-05,0
2.0016945e-05,0
7.0198534e-05,0
0.0002198161,0
3.148518e-05,0
2.6934626e-05,0
6.299183e-05,0
0.00011211778,0
2.8119613e-05,0
2.5673646e-05,0
4.2670243e-05,0
1.6710688e-05,0
3.6394995e-05,0
2.2103302e-05,0
5.468709e-05,0
6.001148e-05,0
2.7448372e-05,0
5.7060926e-05,0
1.9347404e-05,0
0.002254126,0
2.7496222e-05,0
1.7523995e-05,0
1.9045088e-05,0
7.469273e-05,0
3.8640188e-05,0
3.2382737e-05,0
0.00013454662,0
3.5898687e-05,0
1.6350119e-05,0
2.0809986e-05,0
0.00024262276,0
4.544931e-05,0
0.00010661217,0
0.001100319,0
5.8053363e-05,0
0.00014214315,0
0.0003096636,0
0.000166534,0
7.069418e-05,0
0.00085098855,0
9.5459196e-05,0
0.00010882168,0
5.280507e-05,0
2.5621037e-05,0
1.19333035e-05,0
2.7067292e-05,0
5.3510335e-05,0
1.2273493e-05,0
2.5787072e-05,0
2.1041375e-05,0
2.003004e-05,0
1.9580102e-05,0
0.00023785778,0
8.9811736e-05,0
1.4591536e-05,0
0.0010052453,0
4.9199694e-05,0
5.156559e-05,0
4.8823524e-05,0
0.001566607,0
2.7478576e-05,0
1.324516e-05,0
8.234919e-05,0
0.00010176016,0
3.695944e-05,0
4.9829025e-05,0
4.1544798e-05,0
1.5936488e-05,0
0.003719234,0
0.00019768729,0
0.0010920322,0
4.420635e-05,0
7.35885e-05,0
0.00013790856,0
5.175712e-05,0
0.00018710279,0
0.0016398662,0
6.8195164e-05,0
0.000101458805,0
3.842199e-05,0
1.4052793e-05,0
0.004875007,0
2.9673412e-05,0
0.0005957988,0
2.2222308e-05,0
9.3593575e-05,0
0.005540961,0
0.00072598935,0
1.9485602e-05,0
4.8235546e-05,0
6.648156e-05,0
9.951805e-05,0
4.764044e-05,0
6.0472674e-05,0
5.5386994e-05,0
0.00012466157,0
1.4746573e-05,0
8.170055e-05,0
3.1757765e-05,0
2.2204173e-05,0
0.00075772597,0
0.00025992582,0
8.708494e-05,0
1.5271753e-05,0
3.940296e-05,0
0.013857273,0
4.033765e-05,0
2.0082658e-05,0
2.2748674e-05,0
0.00014568039,0
0.00043803672,0
0.00014913006,0
0.00018329575,0
2.0379457e-05,0
0.0009207446,0
1.4846142e-05,0
2.3079143e-05,0
2.6988444e-05,0
9.9896366e-05,0
2.999811e-05,0
0.00014610493,0
2.6281845e-05,0
0.000120931014,0
4.7533693e-05,0
9.6364514e-05,0
1.545444e-05,0
0.0023213304,0
2.1001755e-05,0
2.2316044e-05,0
2.6737222e-05,0
1.9002164e-05,0
3.353659e-05,0
0.00011486427,0
0.00043298712,0
9.2963746e-05,0
0.015887184,0
5.9082486e-05,0
2.66042e-05,0
8.29188e-05,0
1.4682231e-05,0
2.6405925e-05,0
0.00035346096,0
0.00036350804,0
1.852017e-05,0
0.00012722876,0
2.279002e-05,0
5.5571418e-05,0
1.111207e-05,0
2.2258564e-05,0
6.717039e-05,0
1.2606878e-05,0
0.0012676459,0
0.007765106,0
3.8513033e-05,0
2.5809113e-05,0
2.7554213e-05,0
0.00026091174,0
2.2529814e-05,0
4.065159e-05,0
3.5310368e-05,0
0.006552498,0
1.9228846e-05,0
3.1714604e-05,0
0.00024669612,0
2.98648e-05,0
0.00010628574,0
0.0005742704,0
1.9929097e-05,0
0.0022943919,0
5.8151272e-05,0
1.4980974e-05,0
1.3416583e-05,0
2.0854583e-05,0
5.764402e-05,0
3.2973865e-05,0
0.0007030808,0
4.6567067e-05,0
2.1173208e-05,0
0.000297486,0
8.587462e-05,0
0.00010369181,0
0.030042605,0
2.4626568e-05,0
0.00038677847,0
4.1917316e-05,0
2.8579687e-05,0
2.9049632e-05,0
3.024491e-05,0
4.96135e-05,0
0.0022020664,0
0.00080020254,0
1.971306e-05,0
9.142848e-05,0
7.779299e-05,0
2.2651855e-05,0
3.0220783e-05,0
1.9445564e-05,0
1.8949027e-05,0
6.177631e-05,0
0.00032310144,0
6.709104e-05,0
0.0011409874,0
9.873347e-05,0
6.0017603e-05,0
2.3402526e-05,0
0.00037268928,0
5.3591946e-05,0
6.5364715e-05,0
0.00011271612,0
2.3236189e-05,0
0.0001049299,0
4.2914187e-05,0
0.00017545043,0
0.0031716577,0
1.9197178e-05,0
0.0011088955,0
9.648006e-05,0
8.1396225e-05,0
1.35885675e-05,0
0.002259139,0
2.0298312e-05,0
2.8039649e-05,0
4.4720757e-05,0
0.0010872715,0
9.5593365e-05,0
0.00015873207,0
1.9352388e-05,0
2.800819e-05,0
1.7266972e-05,0
1.1251932e-05,0
1.4571332e-05,0
0.0001850438,0
6.0325263e-05,0
1.9490475e-05,0
0.00017539422,0
5.822782e-05,0
5.5743534e-05,0
9.8687946e-05,0
0.0004265397,0
2.0248557e-05,0
0.011073554,0
1.6498278e-05,0
0.008048208,0
2.9698183e-05,0
0.00040512145,0
0.0013405421,0
0.00017530376,0
9.2042006e-05,0
0.0110258665,0
0.0004350124,0
0.0018015591,0
1.0920373e-05,0
0.0001343764,0
0.00014162615,0
0.00048804277,0
5.255613e-05,0
1.6636439e-05,0
3.240276e-05,0
0.0002140291,0
0.00939185,0
2.1341653e-05,0
5.140663e-05,0
0.00015161342,0
0.0006261547,0
1.4212708e-05,0
3.8692877e-05,0
2.0984915e-05,0
9.946684e-06,0
8.329288e-05,0
2.2220736e-05,0
0.00011353323,0
0.0003036507,0
5.556299e-05,0
0.010300624,0
4.7003377e-05,0
4.7744237e-05,0
0.00030655903,0
0.00537854,0
2.7147915e-05,0
3.6635516e-05,0
8.418966e-05,0
4.261815e-05,0
8.866084e-06,0
1.5297874e-05,0
2.0746224e-05,0
0.00017589745,0
1.4849406e-05,0
1.879201e-05,0
0.0003853816,0
9.9114084e-05,0
9.9461475e-05,0
3.0291094e-05,0
8.4915264e-05,0
0.0010046412,0
0.00059971615,0
4.2836127e-05,0
5.0880142e-05,0
4.9110433e-05,0
2.856249e-05,0
6.0748684e-05,0
1.9268075e-05,0
7.495951e-05,0
1.1773108e-05,0
0.00014994203,0
0.00025856373,0
0.0024714633,0
0.0005775251,0
1.7379396e-05,0
3.6338657e-05,0
2.1819083e-05,0
1.5937527e-05,0
4.2497253e-05,0
5.904744e-05,0
0.0007011915,0
0.00010662155,0
2.7187501e-05,0
0.00036139233,0
3.6897494e-05,0
0.00012091591,0
0.00011714908,0
2.5561898e-05,0
1.9573466e-05,0
2.0540905e-05,0
8.200412e-05,0
4.9431066e-05,0
2.1903612e-05,0
0.0068553262,0
0.0018810089,0
0.008687412,0
0.00042631858,0
1.2602391e-05,0
4.8731534e-05,0
2.3406288e-05,0
5.4286822e-05,0
0.00029814316,0
0.0010320642,0
9.801303e-06,0
6.189927e-05,0
2.7088809e-05,0
4.8789556e-05,0
2.7042317e-05,0
1.6419252e-05,0
1.4575856e-05,0
0.005158199,0
2.0298636e-05,0
0.00044525063,0
0.007587372,0
0.00037125414,0
3.0251987e-05,0
0.00020323445,0
4.0473016e-05,0
0.00015794089,0
0.00534328,0
1.54796e-05,0
3.026242e-05,0
5.758705e-05,0
1.5390004e-05,0
2.226202e-05,0
2.8834593e-05,0
4.635288e-05,0
1.4078093e-05,0
0.0011293677,0
8.0525475e-05,0
5.2305073e-05,0
0.00012391731,0
2.4689833e-05,0
2.3096474e-05,0
1.9474426e-05,0
0.00022481887,0
2.2955643e-05,0
5.9308313e-05,0
2.1139465e-05,0
1.6513315e-05,0
2.2203818e-05,0
3.2635693e-05,0
0.000239073,0
0.0004418937,0
0.0055314293,0
5.223675e-05,0
0.00013283602,0
9.137505e-05,0
3.1045012e-05,0
5.195657e-05,0
2.9542443e-05,0
2.2868344e-05,0
2.313412e-05,0
5.7120615e-05,0
4.178153e-05,0
0.00025495235,0
1.934966e-05,0
0.000129694,0
0.00042222097,0
2.7020827e-05,0
1.481027e-05,0
4.8856484e-05,0
0.0006078669,0
1.696761e-05,0
2.9632727e-05,0
0.00014009359,0
2.3149158e-05,0
5.0511626e-05,0
2.955207e-05,0
4.716137e-05,0
5.8684735e-05,0
4.8814123e-05,0
9.956071e-05,0
5.312495e-05,0
2.2925478e-05,0
5.5314642e-05,0
0.003347146,0
8.5274696e-05,0
0.00036606958,0
0.000101306134,0
5.6723908e-05,0
4.7051606e-05,0
2.679983e-05,0
4.106741e-05,0
0.00021688345,0
2.641959e-05,0
1.9047468e-05,0
2.7775777e-05,0
5.0326867e-05,0
1.9765708e-05,0
5.5720728e-05,0
4.7573532e-05,0
1.1849436e-05,0
9.3547256e-05,0
0.0009928552,0
1.293062e-05,0
3.52354e-05,0
4.1488074e-05,0
2.7208003e-05,0
9.316896e-05,0
1.0490808e-05,0
7.462516e-05,0
4.5782886e-05,0
2.3413839e-05,0
3.2332806e-05,0
0.00010723904,0
2.047883e-05,0
1.3871675e-05,0
5.2818636e-05,0
0.001685582,0
3.7281116e-05,0
0.00027260036,0
1.9199495e-05,0
4.9392056e-05,0
6.1332146e-05,0
2.4945874e-05,0
2.674605e-05,0
2.5320502e-05,0
2.2224292e-05,0
0.00056689786,0
2.2626966e-05,0
9.9031335e-05,0
0.000120857076,0
2.3677241e-05,0
0.0002811804,0
2.1140771e-05,0
2.8147992e-05,0
0.00064390176,0
0.0009945205,0
9.897844e-05,0
0.0001055588,0
2.504202e-05,0
1.8507846e-05,0
1.561185e-05,0
5.1146737e-05,0
0.0001811262,0
2.7201111e-05,0
6.130007e-05,0
3.0048757e-05,0
0.00042745264,0
2.7173131e-05,0
0.000103974184,0
9.232074e-05,0
5.0824987e-05,0
1.9301793e-05,0
4.878597e-05,0
1.9327796e-05,0
9.6773714e-05,0
9.794182e-05,0
0.00046659188,0
1.93532e-05,0
2.0400174e-05,0
1.9737712e-05,0
0.00013633759,0
3.707182e-05,0
0.000669514,0
2.394446e-05,0
0.000115525,0
7.857918e-05,0
2.0820185e-05,0
3.8568578e-05,0
9.873357e-05,0
3.145781e-05,0
1.2444694e-05,0
0.00012119419,0
2.9800176e-05,0
9.843505e-05,0
4.514207e-05,0
6.0137096e-05,0
0.0003364396,0
0.00037756923,0
0.013937563,0
5.3482105e-05,0
0.0009156977,0
0.006755664,0
2.9395858e-05,0
2.1466525e-05,0
2.6630289e-05,0
2.8583254e-05,0
5.3885295e-05,0
2.6974552e-05,0
1.6320653e-05,0
2.633992e-05,0
0.0001708397,0
1.6633343e-05,0
9.727408e-05,0
5.73014e-05,0
2.3450302e-05,0
5.484032e-05,0
0.0008677948,0
0.00035490992,0
3.3267523e-05,0
2.1341275e-05,0
1.9883471e-05,0
4.3807344e-05,0
9.6587195e-05,0
0.0001752162,0
0.00033759035,0
0.0003965066,0
0.0007830783,0
3.36715e-05,0
5.36256e-05,0
0.00033896975,0
9.837583e-05,0
2.608539e-05,0
2.205207e-05,0
2.095008e-05,0
9.7287346e-05,0
1.7565128e-05,0
2.6852531e-05,0
0.0044682557,0
0.014338683,0
4.0393166e-05,0
9.6338044e-05,0
0.0010184275,0
1.8452813e-05,0
1.414565e-05,0
0.00014276283,0
1.9685514e-05,0
2.249099e-05,0
5.538218e-05,0
1.783539e-05,0
0.008340557,0
0.0007685395,0
0.00012160091,0
9.8493874e-05,0
0.00013024168,0
1.9589275e-05,0
1.4239338e-05,0
0.00023178215,0
0.00060829933,0
0.00016856924,0
2.600087e-05,0
0.00049583707,0
0.00011797649,0
4.081149e-05,0
9.924798e-05,0
2.884122e-05,0
4.498664e-05,0
1.681484e-05,0
2.1403679e-05,0
3.813149e-05,0
0.00015591348,0
5.091744e-05,0
0.0009446175,0
0.00084959454,0
0.00038829396,0
0.011571958,0
5.8799826e-05,0
0.00014318014,0
9.898489e-05,0
9.1523085e-05,0
0.00021477194,0
2.1447555e-05,0
0.00020859839,0
4.610438e-05,0
2.0698119e-05,0
2.8127837e-05,0
3.0738625e-05,0
0.00011664935,0
2.2518543e-05,0
5.5934943e-05,0
0.008535698,0
5.5211396e-05,0
2.0872276e-05,0
0.0003171434,0
0.0022420213,0
1.9245928e-05,0
0.001216977,0
2.143692e-05,0
0.00013188986,0
0.00058026914,0
0.0007337438,0
2.0328222e-05,0
0.00043837648,0
2.0726015e-05,0
4.2946624e-05,0
0.0025893427,0
0.00078828505,0
1.9209298e-05,0
0.0003672606,0
1.67834e-05,0
9.173586e-05,0
2.4940671e-05,0
3.3707922e-05,0
2.1068581e-05,0
9.6221185e-05,0
0.0013163283,0
7.389377e-05,0
5.9387785e-05,0
2.2553795e-05,0
0.010479162,0
0.0005816218,0
2.5560916e-05,0
5.996237e-05,0
0.00010496172,0
1.8162867e-05,0
2.394287e-05,0
1.9560814e-05,0
7.6719145e-05,0
7.044221e-05,0
0.0004459272,0
5.28461e-05,0
4.827884e-05,0
5.1160747e-05,0
0.0003293805,0
0.0013627367,0
0.0016958371,0
2.757795e-05,0
0.009910981,0
1.5291405e-05,0
0.0011002972,0
0.000101006306,0
4.347383e-05,0
2.7494829e-05,0
1.6072196e-05,0
2.5008008e-05,0
5.3127453e-05,0
4.846333e-05,0
0.0001617181,0
2.531158e-05,0
1.9220037e-05,0
2.181225e-05,0
1.9706213e-05,0
4.962257e-05,0
0.00047473464,0
0.00011861953,0
0.009039709,0
1.8876548e-05,0
0.00010384791,0
5.608816e-05,0
0.00013048024,0
0.00031774535,0
9.8264674e-05,0
0.00014459615,0
8.725922e-05,0
0.0011321653,0
0.00012775249,0
1.9383833e-05,0
1.9194666e-05,0
1.7051158e-05,0
4.8669906e-05,0
2.9142566e-05,0
3.943423e-05,0
6.626179e-05,0
1.8968922e-05,0
2.0319956e-05,0
2.3398168e-05,0
1.9100167e-05,0
0.0010589476,0
3.726932e-05,0
0.00021380899,0
0.000101360296,0
0.0055989833,0
3.8905342e-05,0
2.6019281e-05,0
1.570907e-05,0
0.000101769016,0
1.6404518e-05,0
0.00039603855,0
1.9263553e-05,0
0.00010468785,0
0.0003387693,0
2.365738e-05,0
0.0006395836,0
2.6930647e-05,0
2.1969858e-05,0
0.0016120789,0
1.5291937e-05,0
2.6797898e-05,0
2.332189e-05,0
0.0017435518,0
1.7246384e-05,0
7.508649e-05,0
5.997239e-05,0
2.41005e-05,0
2.4823512e-05,0
6.0056434e-05,0
0.00014522218,0
4.8258116e-05,0
0.000113537775,0
2.0550846e-05,0
0.008255482,0
0.00016892556,0
6.136841e-05,0
0.00077443494,0
0.0002321809,0
0.0015466296,0
0.00020129309,0
5.179427e-05,0
5.0773615e-05,0
1.21251505e-05,0
5.6330773e-05,0
2.5204325e-05,0
8.581494e-05,0
9.1166294e-05,0
5.8034675e-05,0
2.0110378e-05,0
4.4187756e-05,0
0.000436524,0
0.0001338782,0
0.013115431,0
1.933587e-05,0
3.6737267e-05,0
2.6745744e-05,0
1.3648096e-05,0
5.114483e-05,0
0.00016107327,0
0.00027875142,0
2.1148964e-05,0
2.2510338e-05,0
3.699413e-05,0
0.011941018,0
0.00019210143,0
2.0875277e-05,0
2.3480692e-05,0
4.049542e-05,0
0.00020231251,0
1.600537e-05,0
4.7795344e-05,0
2.4307594e-05,0
0.00023415244,0
3.903385e-05,0
0.00011422081,0
0.0021439972,0
4.6863533e-05,0
0.00064613705,0
0.0012710483,0
0.00012057912,0
6.947593e-05,0
0.00015382415,0
2.1641548e-05,0
0.011463784,0
9.9833174e-05,0
0.00038176702,0
2.4824563e-05,0
7.633838e-05,0
1.94009e-05,0
2.7086491e-05,0
0.00016731805,0
5.2571933e-05,0
1.8585693e-05,0
0.00033669095,0
1.2898222e-05,0
0.016690258,0
0.0071911686,0
2.0942054e-05,0
2.3019546e-05,0
4.547312e-05,0
0.0002750064,0
1.9604275e-05,0
0.000101607424,0
3.0171514e-05,0
2.4797338e-05,0
0.00016784456,0
3.1909185e-05,0
6.345154e-05,0
2.6755264e-05,0
0.0001856356,0
1.1516724e-05,0
2.5778598e-05,0
0.00014410673,0
2.246147e-05,0
3.1450574e-05,0
0.0001531708,0
0.013364499,0
2.770382e-05,0
5.3572887e-05,0
0.00013721976,0
5.4377033e-05,0
0.0005408554,0
7.4314456e-05,0
5.0083083e-05,0
0.00031877335,0
0.00025517526,0
5.67301e-05,0
2.520073e-05,0
3.8843336e-05,0
5.5152686e-05,0
1.1298835e-05,0
5.104181e-05,0
4.603073e-05,0
4.1025258e-05,0
0.00010204279,0
1.5538544e-05,0
0.00013981738,0
1.9318857e-05,0
0.00028978474,0
0.00026341734,0
2.535537e-05,0
9.0209825e-05,0
1.0243478e-05,0
1.4985461e-05,0
1.7970142e-05,0
2.0542428e-05,0
2.4130824e-05,0
1.2813293e-05,0
0.0013541805,0
6.7289235e-05,0
0.00043539863,0
5.5133474e-05,0
4.23153e-05,0
1.617693e-05,0
5.6349665e-05,0
1.9550067e-05,0
1.725211e-05,0
9.977626e-05,0
2.6476651e-05,0
0.0006205822,0
6.232203e-05,0
0.00016245036,0
1.9295074e-05,0
0.0011118237,0
2.0008789e-05,0
0.0010448021,0
1.5933438e-05,0
5.10119e-05,0
3.436617e-05,0
0.000115679555,0
0.00110762,0
0.011272245,0
1.6708047e-05,0
2.7834558e-05,0
9.57226e-05,0
3.772762e-05,0
4.6309986e-05,0
3.1207383e-05,0
9.921948e-05,0
0.004659963,0
1.7732324e-05,0
2.0810037e-05,0
3.4817203e-05,0
0.00047739025,0
0.00025518078,0
4.8258255e-05,0
3.133409e-05,0
2.3196297e-05,0
2.006352e-05,0
0.00091506983,0
0.000118630735,0
2.7963773e-05,0
0.0002736667,0
0.0010547538,0
2.4338486e-05,0
0.001213275,0
6.323672e-05,0
2.5386898e-05,0
5.1047144e-05,0
0.0010476685,0
1.781299e-05,0
3.8880506e-05,0
2.2097007e-05,0
3.6027417e-05,0
2.4051249e-05,0
4.052914e-05,0
1.8356332e-05,0
2.013562e-05,0
0.00019259861,0
0.0063471915,0
3.5259047e-05,0
2.2963568e-05,0
6.729685e-05,0
3.961397e-05,0
9.303306e-05,0
0.0068621123,0
0.00011694236,0
0.0004280401,0
9.393752e-05,0
2.3043742e-05,0
6.236383e-05,0
1.3411029e-05,0
7.955657e-05,0
2.2522298e-05,0
2.0188038e-05,0
0.00021724674,0
5.1697614e-05,0
0.00076123525,0
9.629693e-05,0
0.0002539394,0
3.3043136e-05,0
0.00012632334,0
0.00019346995,0
5.477278e-05,0
0.0006121548,0
2.1832739e-05,0
0.0001416036,0
1.9873667e-05,0
4.371483e-05,0
0.0019683996,0
1.7508923e-05,0
2.5253803e-05,0
3.920473e-05,0
1.545523e-05,0
2.6955051e-05,0
2.0305317e-05,0
1.9933332e-05,0
3.4742294e-05,0
0.00026170097,0
1.7872468e-05,0
5.8940062e-05,0
1.1590813e-05,0
2.3261187e-05,0
8.021367e-05,0
0.00015179391,0
0.000597849,0
1.3095815e-05,0
5.5793746e-05,0
0.0009571732,0
2.0270787e-05,0
0.00063279073,0
2.2308557e-05,0
2.0067544e-05,0
0.0001204176,0
0.00012563478,0
2.2977918e-05,0
3.1839652e-05,0
1.1644266e-05,0
1.6186035e-05,0
2.286967e-05,0
2.2208511e-05,0
1.948097e-05,0
1.9390669e-05,0
5.3244043e-05,0
0.00014577383,0
0.0001233401,0
0.0044749593,0
0.008767754,0
2.2787326e-05,0
2.6741543e-05,0
4.8423302e-05,0
0.00041290524,0
0.00018263125,0
2.9740157e-05,0
1.9376592e-05,0
3.4026787e-05,0
2.2873564e-05,0
9.911348e-05,0
0.0002132622,0
1.244182e-05,0
0.0026498763,0
5.0505954e-05,0
2.4303085e-05,0
0.0006463011,0
1.832976e-05,0
0.00014700148,0
5.3981363e-05,0
0.00044672447,0
4.2551215e-05,0
2.0309357e-05,0
1.5546464e-05,0
3.2228338e-05,0
8.349712e-05,0
3.3075245e-05,0
5.2297797e-05,0
9.435026e-05,0
4.3324624e-05,0
0.00010163103,0
0.00010828665,0
0.00044489812,0
0.00020341364,0
0.003088622,0
0.0006699836,0
0.00020374075,0
0.00031084227,0
2.0291536e-05,0
2.5285208e-05,0
2.0713935e-05,0
2.422382e-05,0
0.000107816275,0
0.00014597795,0
0.0001567649,0
2.1943351e-05,0
0.019018976,0
0.0001350404,0
2.7623826e-05,0
8.6285356e-05,0
7.514661e-05,0
2.2280474e-05,0
1.32559235e-05,0
9.60551e-05,0
4.092489e-05,0
1.5890655e-05,0
7.722643e-05,0
0.00014703418,0
2.1125179e-05,0
1.622617e-05,0
0.00011869558,0
8.110589e-05,0
0.00053958606,0
1.4495632e-05,0
1.7896515e-05,0
0.00012761593,0
1.4712763e-05,0
1.4256375e-05,0
1.7383207e-05,0
5.487338e-05,0
3.3278677e-05,0
0.00011483465,0
0.00016849722,0
0.00043731777,0
0.0001355973,0
0.0002648598,0
0.00038028436,0
2.6581503e-05,0
1.3892411e-05,0
0.0008641005,0
0.00024175976,0
2.67334e-05,0
0.00024121537,0
7.413885e-05,0
0.00021472987,0
9.86564e-05,0
0.0005763502,0
0.00021897131,0
0.00028977543,0
1.2883342e-05,0
3.377639e-05,0
1.9593514e-05,0
1.7963876e-05,0
4.7997095e-05,0
0.00050347624,0
2.4465196e-05,0
2.51006e-05,0
3.7771588e-05,0
3.619685e-05,0
0.00014323907,0
2.458151e-05,0
4.164218e-05,0
0.0001466559,0
9.932602e-06,0
4.1104417e-05,0
0.004103112,0
1.37420475e-05,0
5.6188033e-05,0
2.144012e-05,0
0.0002399078,0
6.141223e-05,0
3.692278e-05,0
0.011630837,0
1.5486985e-05,0
2.6191923e-05,0
1.8025834e-05,0
0.020232476,0
9.560119e-06,0
0.0009923654,0
1.5538622e-05,0
4.6783516e-05,0
1.3874511e-05,0
0.011675425,0
0.00043755048,0
1.5548096e-05,0
0.00011725735,0
0.00011319996,0
2.4035497e-05,0
9.010964e-05,0
2.1453969e-05,0
0.000104467494,0
2.7508864e-05,0
0.00011227172,0
4.454333e-05,0
0.0010377676,0
0.00011835729,0
1.9771782e-05,0
5.109463e-05,0
6.371908e-05,0
1.6384967e-05,0
0.0012138635,0
1.44486685e-05,0
0.00042356286,0
4.7886573e-05,0
5.3472195e-05,0
1.7494112e-05,0
7.7130615e-05,0
0.00020237421,0
0.000120008524,0
2.4851586e-05,0
0.00011066703,0
2.3763525e-05,0
4.290675e-05,0
2.6120959e-05,0
0.00015311853,0
4.6520818e-05,0
9.901219e-05,0
2.1148577e-05,0
1.964896e-05,0
0.00010243096,0
1.9082885e-05,0
1.256752e-05,0
1.549822e-05,0
5.9229642e-05,0
4.0856256e-05,0
2.4331039e-05,0
0.00010186301,0
1.9690591e-05,0
2.0832576e-05,0
2.2738071e-05,0
4.3315384e-05,0
0.0002201465,0
2.3695524e-05,0
1.3085765e-05,0
8.901128e-05,0
2.0287705e-05,0
5.4539483e-05,0
2.3969238e-05,0
0.00059439725,0
6.249295e-05,0
1.642396e-05,0
2.7927219e-05,0
5.506663e-05,0
3.549952e-05,0
0.00033496486,0
2.7611624e-05,0
0.00011981304,0
7.075872e-05,0
2.3145916e-05,0
0.0015585384,0
9.177771e-05,0
3.729576e-05,0
3.0207335e-05,0
0.00035993502,0
1.9805175e-05,0
0.00013171782,0
6.718996e-05,0
0.0015466436,0
0.00058259885,0
0.00025895995,0
0.010184619,0
4.547243e-05,0
0.0013787133,0
5.688985e-05,0
0.00013055875,0
5.301005e-05,0
2.5795563e-05,0
0.0033823259,0
2.4375e-05,0
3.1927484e-05,0
1.17852505e-05,0
2.111431e-05,0
0.00023717641,0
0.0006622934,0
2.4280398e-05,0
1.5445172e-05,0
1.9882116e-05,0
0.00043329466,0
0.0024091883,0
6.2535895e-05,0
0.00022348101,0
1.935186e-05,0
2.181059e-05,0
2.170189e-05,0
4.8217535e-05,0
1.7266942e-05,0
5.07518e-05,0
2.037852e-05,0
0.0012030674,0
0.0003032066,0
5.3148906e-05,0
2.2513892e-05,0
2.907636e-05,0
2.1827096e-05,0
3.2367738e-05,0
2.8036011e-05,0
3.8432565e-05,0
2.0060994e-05,0
1.9735126e-05,0
5.421013e-05,0
2.1820528e-05,0
2.7135753e-05,0
3.3867822e-05,0
5.0425897e-05,0
1.9287645e-05,0
2.8415883e-05,0
2.007887e-05,0
0.004161865,0
1.96498e-05,0
0.0018044596,0
2.6611748e-05,0
0.001725371,0
3.8629758e-05,0
4.5096305e-05,0
4.0539097e-05,0
4.206125e-05,0
4.820911e-05,0
0.00027752426,0
3.9346694e-05,0
0.00035603324,0
0.00044308385,0
2.4155504e-05,0
4.470273e-05,0
4.3883556e-05,0
0.0015456063,0
0.00010212051,0
3.7759295e-05,0
3.8018745e-05,0
9.936093e-06,0
2.5056239e-05,0
0.00034532422,0
2.3905175e-05,0
0.00010517298,0
1.5518295e-05,0
0.000105143765,0
0.0006676028,0
2.4906189e-05,0
3.0137704e-05,0
0.0004103894,0
2.7574299e-05,0
4.036687e-05,0
1.8445638e-05,0
0.009456131,0
0.00030836358,0
3.8274986e-05,0
0.00040393943,0
2.1446285e-05,0
0.00042828624,0
2.235589e-05,0
0.00010519714,0
2.2205197e-05,0
0.0006459112,0
1.4261076e-05,0
0.00053068704,0
3.103869e-05,0
0.0002058988,0
2.742016e-05,0
2.0298841e-05,0
1.7390106e-05,0
9.670825e-05,0
0.00012203215,0
0.0003413223,0
0.00016385883,0
3.2796303e-05,0
6.007153e-05,0
5.653139e-05,0
0.0008827895,0
0.000554206,0
2.6241009e-05,0
5.5084507e-05,0
5.6431865e-05,0
2.094808e-05,0
1.8975927e-05,0
0.00012874084,0
0.0011341742,0
0.0039399816,0
9.536155e-05,0
9.193844e-05,0
0.0002630352,0
2.0711883e-05,0
1.920878e-05,0
1.8899758e-05,0
0.0004384002,0
2.0293408e-05,0
5.961345e-05,0
8.6762215e-05,0
1.4561544e-05,0
8.345665e-05,0
0.00034127405,0
0.00045397785,0
4.3925527e-05,0
2.8367209e-05,0
2.0688476e-05,0
1.095181e-05,0
0.0001558146,0
0.0009301464,0
2.0074534e-05,0
1.0228633e-05,0
0.000416293,0
2.0801785e-05,0
3.123984e-05,0
2.2382896e-05,0
9.761438e-05,0
2.1448692e-05,0
0.00013638039,0
0.0002616131,0
0.0007782855,0
3.149299e-05,0
0.010952482,0
9.0030066e-05,0
1.6147473e-05,0
0.00017209479,0
0.00017911514,0
3.3515887e-05,0
0.000310047,0
0.00021356753,0
0.0027449732,0
1.5179912e-05,0
0.001173382,0
6.237115e-05,0
3.063856e-05,0
0.0010232155,0
9.769432e-05,0
4.2354724e-05,0
9.899161e-05,0
0.00033964546,0
7.0637616e-05,0
2.1330265e-05,0
0.00121491,0
0.0020495022,0
4.8866885e-05,0
2.122002e-05,0
0.0018057668,0
5.3187247e-05,0
0.0003068129,0
2.0216303e-05,0
2.055431e-05,0
2.5316052e-05,0
0.0010319161,0
2.374086e-05,0
2.6738893e-05,0
0.00048216278,0
5.2082672e-05,0
0.0031117995,0
2.2291311e-05,0
0.0023213213,0
2.6652835e-05,0
4.9907736e-05,0
0.00022111608,0
2.3743485e-05,0
1.1315656e-05,0
2.7506561e-05,0
0.0025455223,0
0.00014902507,0
1.03431e-05,0
0.0023607577,0
0.0001441657,0
4.6771787e-05,0
0.0001456855,0
0.020150961,0
4.8928163e-05,0
2.7407636e-05,0
0.0010958402,0
0.006042285,0
0.00018442387,0
2.0888976e-05,0
1.2294871e-05,0
6.625912e-05,0
8.562259e-05,0
0.00018089058,0
2.9575578e-05,0
3.642742e-05,0
3.0499235e-05,0
4.208404e-05,0
5.8432037e-05,0
4.8263068e-05,0
0.0069443234,0
1.5544518e-05,0
4.301366e-05,0
0.0001051831,0
9.367245e-05,0
0.00018256006,0
4.7820187e-05,0
0.0002352614,0
4.8720587e-05,0
0.00050384324,0
2.3082628e-05,0
1.5457335e-05,0
0.000757179,0
0.0031509385,0
1.709315e-05,0
0.00051532517,0
0.00010090926,0
2.9270725e-05,0
1.947696e-05,0
5.5176828e-05,0
7.03409e-05,0
1.973086e-05,0
2.2212971e-05,0
0.00045711803,0
6.3424355e-05,0
1.6654909e-05,0
0.0017788524,0
4.8918548e-05,0
0.00013593525,0
1.4477633e-05,0
1.33948315e-05,0
2.0207948e-05,0
4.1752777e-05,0
3.5647994e-05,0
0.00016918252,0
4.2501495e-05,0
0.00084298005,0
2.2335298e-05,0
0.00020882269,0
8.584952e-05,0
0.00017294497,0
0.00017245414,0
5.4011205e-05,0
1.9726276e-05,0
2.1362077e-05,0
1.1668735e-05,0
1.9477684e-05,0
0.0011995282,0
0.00010199904,0
4.285295e-05,0
3.261497e-05,0
0.00018545224,0
0.00018922548,0
7.3541334e-05,0
1.8165249e-05,0
0.00024049824,0
2.7014816e-05,0
0.0002512354,0
9.262633e-05,0
6.0664235e-05,0
3.1302243e-05,0
2.1544576e-05,0
2.5242496e-05,0
0.00043596435,0
2.811394e-05,0
5.0297338e-05,0
1.9581816e-05,0
2.6867108e-05,0
4.4470416e-05,0
4.4424778e-05,0
1.7594512e-05,0
1.9004827e-05,0
0.0091724,0
0.0016262075,0
1.920825e-05,0
1.2893269e-05,0
0.0006376448,0
2.570269e-05,0
1.4348438e-05,0
1.1139737e-05,0
3.178183e-05,0
0.009876653,0
7.780784e-05,0
2.6665743e-05,0
2.028894e-05,0
2.018712e-05,0
3.7369526e-05,0
2.1450676e-05,0
3.005488e-05,0
1.9466483e-05,0
5.006705e-05,0
1.2622455e-05,0
1.759502e-05,0
0.0001310882,0
0.0107873315,0
7.9681806e-05,0
5.1593885e-05,0
5.4879398e-05,0
1.9420228e-05,0
0.0051785316,0
0.0002311169,0
0.00074244343,0
6.6684246e-05,0
2.3423121e-05,0
0.00018960162,0
2.6758344e-05,0
9.5811425e-05,0
6.631699e-05,0
1.930605e-05,0
0.0005555587,0
0.00016518214,0
0.00019280185,0
2.7232685e-05,0
1.8212348e-05,0
0.0014127246,0
4.950456e-05,0
3.3494936e-05,0
2.1412556e-05,0
3.5705612e-05,0
2.745723e-05,0
2.5395751e-05,0
3.6155496e-05,0
2.5783807e-05,0
2.1693184e-05,0
2.3834447e-05,0
1.9505678e-05,0
0.00010439512,0
6.995521e-05,0
0.00020507212,0
0.009629838,0
4.3201417e-05,0
2.5306777e-05,0
2.592703e-05,0
8.842421e-05,0
7.2761046e-05,0
3.3655197e-05,0
0.00015901012,0
1.9273417e-05,0
3.5820784e-05,0
2.1468843e-05,0
2.3473585e-05,0
0.000120915014,0
1.5544401e-05,0
0.010699641,0
6.016575e-05,0
2.099957e-05,0
2.6442654e-05,0
9.1733215e-05,0
0.0009105108,0
7.200935e-05,0
5.077578e-05,0
2.4084295e-05,0
9.084594e-05,0
2.0313464e-05,0
1.7847447e-05,0
5.315558e-05,0
0.0008872968,0
0.021673473,0
0.009255395,0
1.995056e-05,0
0.000111881556,0
1.6797496e-05,0
0.0015081665,0
0.00010930937,0
4.9683425e-05,0
2.0305293e-05,0
0.011162086,0
0.00055019493,0
0.00027412482,0
2.0881214e-05,0
9.944693e-05,0
0.0001569165,0
1.7649718e-05,0
0.0023155818,0
0.000113298636,0
6.724761e-05,0
1.4329226e-05,0
0.0003046579,0
5.7354613e-05,0
3.287709e-05,0
1.8201023e-05,0
5.0444647e-05,0
2.2577713e-05,0
2.0468342e-05,0
2.06449e-05,0
1.4452277e-05,0
9.4869276e-05,0
0.00023589353,0
2.354323e-05,0
3.2963257e-05,0
5.515723e-05,0
1.8295364e-05,0
2.1115147e-05,0
3.8541166e-05,0
0.0004870779,0
6.0399692e-05,0
0.007013286,0
9.265211e-05,0
5.7358055e-05,0
2.892319e-05,0
1.4426404e-05,0
0.00041698045,0
0.0077003916,0
2.0306312e-05,0
0.004195342,0
1.3265547e-05,0
2.1274005e-05,0
5.1125473e-05,0
2.1312222e-05,0
2.081066e-05,0
0.0009336952,0
7.8725505e-05,0
0.00016603888,0
1.9391788e-05,0
6.250293e-05,0
2.1813716e-05,0
2.228908e-05,0
0.0004410405,0
6.6024164e-05,0
2.891437e-05,0
0.00012216251,0
2.0541653e-05,0
4.2894437e-05,0
1.3100987e-05,0
5.6536373e-05,0
6.316232e-05,0
9.77205e-05,0
3.482174e-05,0
2.1850887e-05,0
2.2627695e-05,0
3.9650808e-05,0
9.1026224e-05,0
2.6313122e-05,0
5.1982883e-05,0
8.755713e-05,0
6.1238854e-05,0
1.9975252e-05,0
0.000584574,0
4.972734e-05,0
0.00026649068,0
1.9392328e-05,0
5.2811112e-05,0
4.5457055e-05,0
9.017685e-05,0
0.000102246915,0
2.8576847e-05,0
1.8769488e-05,0
9.6229356e-05,0
0.012086916,0
0.017054947,0
3.0128791e-05,0
2.0392241e-05,0
1.1437091e-05,0
1.7807251e-05,0
1.5145914e-05,0
0.0013377229,0
2.7294704e-05,0
0.010244995,0
1.939607e-05,0
0.00011296938,0
2.5943333e-05,0
0.00034128295,0
3.9474853e-05,0
1.9212386e-05,0
1.9448213e-05,0
1.9735115e-05,0
5.6505833e-05,0
2.053304e-05,0
2.415159e-05,0
1.2625423e-05,0
0.0013040139,0
0.003220484,0
2.0882248e-05,0
7.678333e-05,0
0.006276061,0
2.6986652e-05,0
4.696113e-05,0
2.1901735e-05,0
3.2346255e-05,0
3.2895936e-05,0
0.00035327248,0
9.36703e-05,0
0.0041876924,0
3.187182e-05,0
0.00018613962,0
2.2185197e-05,0
9.632e-05,0
0.010366598,0
0.00026635046,0
0.0001611031,0
2.22559e-05,0
4.92736e-05,0
2.127974e-05,0
2.2651378e-05,0
1.7222148e-05,0
2.9642326e-05,0
0.011868489,0
0.000487269,0
4.523668e-05,0
1.1492675e-05,0
0.000135229,0
1.4042399e-05,0
5.026847e-05,0
0.001932564,0
2.9336694e-05,0
0.0028297035,0
1.9208834e-05,0
5.195455e-05,0
0.00014089711,0
0.002087823,0
7.123843e-05,0
2.3486082e-05,0
0.00019548823,0
1.1825092e-05,0
0.000106975145,0
2.515259e-05,0
2.3324983e-05,0
9.826562e-05,0
0.0028389033,0
4.6528716e-05,0
2.8012819e-05,0
5.8470174e-05,0
1.3826509e-05,0
2.2048842e-05,0
2.8596807e-05,0
5.107133e-05,0
7.649505e-05,0
2.6512198e-05,0
0.006262751,0
4.706156e-05,0
3.198979e-05,0
1.579821e-05,0
0.00023005692,0
0.00011472331,0
2.6950966e-05,0
1.7739449e-05,0
1.2816818e-05,0
2.7565244e-05,0
0.0001369568,0
2.4397292e-05,0
9.62305e-05,0
2.0603155e-05,0
2.8103774e-05,0
2.3499855e-05,0
7.961911e-05,0
0.00015970632,0
5.5401284e-05,0
6.6419314e-05,0
1.9559802e-05,0
0.0018391081,0
4.2059073e-05,0
5.615101e-05,0
0.000106328254,0
1.8691086e-05,0
3.99797e-05,0
2.2257764e-05,0
0.00014277748,0
0.00036600864,0
2.0403557e-05,0
1.9330651e-05,0
4.6838173e-05,0
0.0021847845,0
2.1222562e-05,0
2.750453e-05,0
5.5609245e-05,0
1.5647214e-05,0
2.5532847e-05,0
5.2911422e-05,0
0.00013968172,0
5.549062e-05,0
2.8681996e-05,0
0.001541415,0
1.9443005e-05,0
2.220924e-05,0
8.266093e-05,0
2.632144e-05,0
2.7439466e-05,0
3.777247e-05,0
8.383455e-05,0
3.552483e-05,0
2.386314e-05,0
8.379985e-05,0
1.6341646e-05,0
0.0026473822,0
0.0016278371,0
6.087412e-05,0
0.0007513494,0
1.9262025e-05,0
1.3763478e-05,0
2.6950083e-05,0
2.1858199e-05,0
3.354469e-05,0
2.9953575e-05,0
1.9842155e-05,0
9.63572e-05,0
1.4433187e-05,0
5.0807343e-05,0
0.00017783514,0
0.000317075,0
0.0015573491,0
4.2647127e-05,0
4.0412637e-05,0
5.866884e-05,0
3.1944695e-05,0
4.8700495e-05,0
1.1588212e-05,0
5.191076e-05,0
0.0001109373,0
1.8935003e-05,0
3.0969783e-05,0
5.8883736e-05,0
2.5794929e-05,0
2.0298015e-05,0
5.5701872e-05,0
9.772524e-05,0
2.6382104e-05,0
4.6020526e-05,0
0.00038525724,0
0.0012677814,0
1.528834e-05,0
1.9930916e-05,0
2.3235763e-05,0
4.9356237e-05,0
2.0566376e-05,0
0.005106077,0
0.0021490671,0
0.00022751382,0
0.0012042943,0
1.9714478e-05,0
0.001029876,0
1.4130672e-05,0
2.2780847e-05,0
2.2529046e-05,0
3.9776234e-05,0
2.6276495e-05,0
4.1068295e-05,0
0.00017735778,0
2.2627373e-05,0
0.00010895348,0
2.4922161e-05,0
7.32567e-05,0
7.1421695e-05,0
2.1448852e-05,0
1.9211308e-05,0
3.9008926e-05,0
3.4111166e-05,0
1.9891018e-05,0
0.001259818,0
6.074778e-05,0
2.6901434e-05,0
7.178723e-05,0
5.0009054e-05,0
1.605769e-05,0
1.3130732e-05,0
2.188518e-05,0
3.7500413e-05,0
2.0903311e-05,0
0.0054517044,0
0.004190744,0
0.0005144275,0
2.03455e-05,0
5.5521974e-05,0
0.00021498588,0
3.239156e-05,0
1.5980457e-05,0
7.421163e-05,0
2.7409804e-05,0
1.3497749e-05,0
0.0014125868,0
4.0722553e-05,0
9.861251e-05,0
8.0805556e-05,0
1.4234403e-05,0
0.000109363,0
0.008090329,0
3.783091e-05,0
2.1835218e-05,0
5.3138236e-05,0
9.844344e-05,0
2.35606e-05,0
2.0951062e-05,0
1.8939292e-05,0
6.346846e-05,0
0.0005536184,0
0.005641306,0
2.2863995e-05,0
0.0002289235,0
1.9236737e-05,0
4.8352525e-05,0
0.00040171068,0
1.960544e-05,0
2.087195e-05,0
5.5119297e-05,0
0.00023640768,0
2.351707e-05,0
0.000105029336,0
4.82396e-05,0
0.0019864761,0
5.4287157e-05,0
1.965131e-05,0
0.00013055916,0
0.00016529905,0
0.00019219167,0
0.0012021244,0
0.011595817,0
8.979185e-05,0
4.9043454e-05,0
4.5615478e-05,0
1.9739082e-05,0
0.0002493058,0
0.0009529341,0
2.1115764e-05,0
2.0854444e-05,0
8.27838e-05,0
1.6954393e-05,0
5.0762785e-05,0
3.6329075e-05,0
0.00015768877,0
7.1207614e-05,0
9.027409e-05,0
3.9100218e-05,0
2.043538e-05,0
0.00058820256,0
1.2686975e-05,0
0.00043713878,0
3.174964e-05,0
3.6178444e-05,0
0.00017137027,0
2.3065139e-05,0
0.0010882975,0
1.9432282e-05,0
3.376281e-05,0
0.00012724445,0
0.00037408638,0
1.6936714e-05,0
5.634318e-05,0
4.4027638e-05,0
0.0005220452,0
2.1829643e-05,0
3.2881995e-05,0
1.1195356e-05,0
1.6625092e-05,0
2.2235356e-05,0
4.5090026e-05,0
0.00047460257,0
1.5424846e-05,0
2.6364556e-05,0
3.4259076e-05,0
6.0602866e-05,0
2.4483492e-05,0
2.1418511e-05,0
2.8662562e-05,0
0.0001694895,0
1.7626864e-05,0
2.0289472e-05,0
6.661738e-05,0
6.56333e-05,0
0.0002861763,0
8.690058e-05,0
0.00058308145,0
0.0008377638,0
3.6784128e-05,0
2.4921084e-05,0
0.009164427,0
1.17438985e-05,0
4.7462985e-05,0
2.0804577e-05,0
8.327258e-05,0
2.351008e-05,0
2.3234765e-05,0
0.011640354,0
1.7522012e-05,0
0.00014603641,0
1.764845e-05,0
9.965882e-05,0
9.182734e-05,0
1.0897896e-05,0
1.5081605e-05,0
2.574208e-05,0
0.0008515701,0
8.210696e-05,0
2.0604724e-05,0
1.9045709e-05,0
0.00025645134,0
0.0004533044,0
0.00043670804,0
5.587864e-05,0
0.00017670059,0
0.0018839248,0
2.5864005e-05,0
1.8078867e-05,0
1.7797855e-05,0
3.0115945e-05,0
0.004297648,0
3.109378e-05,0
6.4171894e-05,0
7.0888134e-05,0
0.00012912096,0
0.000383004,0
0.00015473532,0
0.000858494,0
0.00015158782,0
0.000117203344,0
3.2219257e-05,0
0.006228066,0
0.011826049,0
4.016806e-05,0
2.932892e-05,0
3.816955e-05,0
9.973864e-05,0
0.0008819387,0
0.00015471604,0
3.2623662e-05,0
6.2347746e-05,0
1.5680807e-05,0
0.00028082405,0
0.00090669066,0
0.00021795287,0
5.5934062e-05,0
2.7276013e-05,0
3.4377208e-05,0
2.9473698e-05,0
0.0011636162,0
0.00015818038,0
2.7711678e-05,0
4.894287e-05,0
1.9189076e-05,0
2.776747e-05,0
0.00015933487,0
2.1093994e-05,0
2.5013096e-05,0
1.6671924e-05,0
5.312296e-05,0
1.6434804e-05,0
4.073342e-05,0
0.001351011,0
0.00014028978,0
2.7719452e-05,0
1.4074886e-05,0
1.6880289e-05,0
3.2324388e-05,0
2.199462e-05,0
2.83922e-05,0
1.9451207e-05,0
9.965827e-05,0
2.125481e-05,0
0.00012847413,0
0.019901626,0
2.0069645e-05,0
2.997127e-05,0
2.611528e-05,0
0.002489089,0
1.994581e-05,0
8.32882e-05,0
3.4312932e-05,0
9.073884e-05,0
8.332916e-05,0
2.0978916e-05,0
0.0017517592,0
0.0006259009,0
3.942148e-05,0
3.7769758e-05,0
1.5998412e-05,0
0.0019760942,0
9.642548e-05,0
6.274234e-05,0
2.383732e-05,0
3.8419577e-05,0
2.2127566e-05,0
0.000108278444,0
9.497739e-05,0
1.9345394e-05,0
5.881654e-05,0
2.1420725e-05,0
1.899916e-05,0
9.4125135e-05,0
2.1710053e-05,0
1.3547881e-05,0
4.6411256e-05,0
0.0036526124,0
1.9701034e-05,0
3.8631435e-05,0
0.0002364517,0
0.008730797,0
4.7372825e-05,0
1.904245e-05,0
0.0007488003,0
2.4011484e-05,0
1.6277354e-05,0
1.9788074e-05,0
4.878235e-05,0
2.3132656e-05,0
0.00021512517,0
1.9214634e-05,0
5.948385e-05,0
0.00017990253,0
1.2281729e-05,0
0.00018507017,0
1.5899082e-05,0
0.00042957492,0
1.3282131e-05,0
3.642873e-05,0
9.628711e-05,0
2.9839795e-05,0
8.166268e-05,0
2.1409267e-05,0
2.7994845e-05,0
0.00011860411,0
0.000101990336,0
2.506897e-05,0
0.00042126115,0
0.00010309942,0
1.3216938e-05,0
1.9297213e-05,0
7.936274e-05,0
0.00081519224,0
1.9020921e-05,0
8.1598875e-05,0
7.5643286e-05,0
0.00019036999,0
0.008620479,0
3.0004237e-05,0
8.7364875e-05,0
7.35999e-05,0
4.3343403e-05,0
0.0004293438,0
0.0004652209,0
0.0017704797,0
1.987321e-05,0
2.6745636e-05,0
0.0010733583,0
6.0282648e-05,0
2.1487976e-05,0
5.319174e-05,0
0.00020951497,0
6.702605e-05,0
2.4944155e-05,0
3.798404e-05,0
1.7658942e-05,0
0.000101652586,0
5.4952394e-05,0
2.5357507e-05,0
0.00054984953,0
4.044537e-05,0
1.9873729e-05,0
7.99304e-05,0
0.000107815365,0
1.9959558e-05,0
4.9479022e-05,0
0.000112843976,0
0.00037144986,0
2.1236881e-05,0
0.0001224591,0
1.53917e-05,0
4.5123834e-05,0
2.8526843e-05,0
2.4386798e-05,0
1.9560859e-05,0
2.1438393e-05,0
0.008855842,0
1.6826907e-05,0
0.00017128674,0
1.4171221e-05,0
0.0012892857,0
3.376701e-05,0
3.5523575e-05,0
2.797657e-05,0
0.0123649305,0
1.6263633e-05,0
2.0821111e-05,0
8.8881716e-05,0
2.7092716e-05,0
8.420678e-05,0
1.8380711e-05,0
0.0001301159,0
2.1142156e-05,0
5.3477128e-05,0
3.0574716e-05,0
0.00061614095,0
1.1936476e-05,0
3.971711e-05,0
2.2769604e-05,0
0.00025129673,0
1.971338e-05,0
2.688222e-05,0
2.0962078e-05,0
0.011031121,0
7.028407e-05,0
2.317595e-05,0
0.003692301,0
4.5914876e-05,0
5.331694e-05,0
0.0006523008,0
2.4467063e-05,0
3.746943e-05,0
0.00030852074,0
6.650137e-05,0
1.9462042e-05,0
2.0812035e-05,0
0.000541022,0
1.9444173e-05,0
0.00044852847,0
0.00019980165,0
5.3097734e-05,0
0.0037796309,0
1.9228593e-05,0
2.2340822e-05,0
0.00010615956,0
0.0046280683,0
2.7256798e-05,0
6.7541245e-05,0
3.7743946e-05,0
2.4178073e-05,0
5.8143967e-05,0
1.4565817e-05,0
3.7701615e-05,0
0.00042800044,0
0.00084158004,0
4.8958616e-05,0
3.945637e-05,0
4.5958393e-05,0
1.9362064e-05,0
1.8729861e-05,0
9.814778e-05,0
1.6341055e-05,0
1.7145725e-05,0
3.9487008e-05,0
0.0001497461,0
5.0442144e-05,0
0.0002626061,0
2.490566e-05,0
0.00048773276,0
2.6271213e-05,0
0.00012476412,0
1.9194895e-05,0
0.00012567054,0
8.6777596e-05,0
0.009397811,0
4.07002e-05,0
2.4952391e-05,0
0.00013766202,0
4.840393e-05,0
8.8873516e-05,0
9.6568365e-05,0
3.4392913e-05,0
0.00011342336,0
0.00018223826,0
2.2230424e-05,0
0.004984023,0
3.067777e-05,0
0.0004495389,0
3.327686e-05,0
5.253794e-05,0
1.9754109e-05,0
0.0002988186,0
5.8790385e-05,0
8.116035e-05,0
0.00014606467,0
2.755547e-05,0
1.9625086e-05,0
0.0016581293,0
0.00032364522,0
2.0825111e-05,0
1.439268e-05,0
1.9472522e-05,0
2.532637e-05,0
0.0001060322,0
1.6377744e-05,0
1.7384009e-05,0
3.4081782e-05,0
4.0522176e-05,0
8.540889e-05,0
2.9841725e-05,0
2.5520796e-05,0
7.996581e-05,0
1.2324726e-05,0
2.4988512e-05,0
1.8062061e-05,0
0.005270684,0
1.8744768e-05,0
1.7346681e-05,0
2.1811433e-05,0
0.00055811653,0
2.000733e-05,0
5.0169445e-05,0
5.117192e-05,0
0.0044503133,0
2.0238063e-05,0
0.011386727,0
9.5122545e-05,0
2.0991096e-05,0
3.2265347e-05,0
4.714052e-05,0
5.0443392e-05,0
6.645274e-05,0
2.6696174e-05,0
4.8941263e-05,0
0.0004056617,0
1.6146267e-05,0
0.00016855726,0
2.4801338e-05,0
2.3093507e-05,0
2.5538257e-05,0
2.0467649e-05,0
2.2036218e-05,0
2.4683914e-05,0
0.005142792,0
2.1344518e-05,0
0.00025313342,0
0.00013673812,0
1.7131726e-05,0
2.4760318e-05,0
0.00013619664,0
5.0657305e-05,0
0.0010158307,0
0.0030997768,0
4.9254908e-05,0
0.00015007691,0
3.6718888e-05,0
3.0200188e-05,0
2.6200052e-05,0
1.19973e-05,0
1.9856545e-05,0
9.702706e-06,0
9.6550546e-05,0
1.9351468e-05,0
0.003519119,0
1.8526509e-05,0
1.9446023e-05,0
3.2083415e-05,0
3.243077e-05,0
2.6110054e-05,0
1.2761895e-05,0
1.5958543e-05,0
1.8912076e-05,0
1.8273679e-05,0
0.00013001639,0
2.1635715e-05,0
5.4150663e-05,0
0.009839859,0
0.0028144564,0
9.820399e-06,0
1.5292822e-05,0
2.081164e-05,0
0.00023758141,0
0.0003540833,0
0.00010464598,0
0.00095188484,0
1.5537813e-05,0
8.297844e-05,0
3.16036e-05,0
2.804646e-05,0
0.0002014013,0
0.0005057334,0
2.7078295e-05,0
0.000120448036,0
1.8986797e-05,0
9.686104e-05,0
1.7474475e-05,0
1.0954559e-05,0
1.9716139e-05,0
2.7773405e-05,0
1.2120215e-05,0
2.0086154e-05,0
2.1469112e-05,0
9.774052e-05,0
1.791945e-05,0
3.4656372e-05,0
0.00023506954,0
2.4747475e-05,0
0.00056770357,0
2.1636963e-05,0
0.00034445542,0
8.5292384e-05,0
4.5070003e-05,0
9.86124e-05,0
0.0010633258,0
0.00033347504,0
2.57218e-05,0
0.0004789386,0
1.2650776e-05,0
1.5646474e-05,0
0.02105037,0
4.4658776e-05,0
0.0001965809,0
1.8209645e-05,0
0.00015852295,0
1.1130252e-05,0
6.194674e-05,0
0.0002047584,0
1.990946e-05,0
0.028019067,0
0.0002577839,0
0.00019312212,0
8.842462e-05,0
7.5481206e-05,0
0.00071879977,0
1.5162376e-05,0
0.00012067023,0
0.00067426835,0
3.5310306e-05,0
0.012319469,0
0.0002639877,0
2.3487415e-05,0
0.00014396204,0
5.1018425e-05,0
3.632338e-05,0
5.6937555e-05,0
0.00016464356,0
0.009918852,0
5.6403824e-05,0
0.00013740436,0
5.67727e-05,0
2.1207949e-05,0
1.69315e-05,0
0.00018589152,0
9.637796e-06,0
0.00046090645,0
0.012286066,0
1.4563872e-05,0
1.4739203e-05,0
0.00018659154,0
0.00026284964,0
0.000104739294,0
0.00012617011,0
3.3116175e-05,0
1.9449963e-05,0
5.8322497e-05,0
8.635895e-05,0
4.29608e-05,0
5.4933997e-05,0
2.1843049e-05,0
1.3303665e-05,0
4.8976428e-05,0
0.0014629358,0
0.00043057094,0
0.0031503283,0
1.2840339e-05,0
0.0005385735,0
5.56185e-05,0
7.271268e-05,0
0.00010152532,0
0.001301247,0
1.9998464e-05,0
0.0015360327,0
1.991825e-05,0
0.0005570952,0
3.3621523e-05,0
8.15742e-05,0
0.0019920703,0
6.267956e-05,0
5.174216e-05,0
0.0021793172,0
5.924854e-05,0
0.000120710945,0
0.00015512112,0
2.1812222e-05,0
7.919987e-05,0
4.9448452e-05,0
0.003724204,0
1.0331016e-05,0
9.406291e-05,0
1.7562097e-05,0
0.0005192639,0
1.8921102e-05,0
2.211898e-05,0
0.00014655526,0
1.0331491e-05,0
5.7997877e-05,0
0.00819743,0
0.0005727049,0
0.00014268876,0
2.523512e-05,0
1.9860485e-05,0
1.5834628e-05,0
0.00011356434,0
2.5136409e-05,0
4.397908e-05,0
5.2124415e-05,0
0.006227021,0
2.7174188e-05,0
0.00020158103,0
0.00013568619,0
2.1858594e-05,0
2.7283118e-05,0
1.6444848e-05,0
0.00069596706,0
2.0874906e-05,0
8.306635e-05,0
1.5963995e-05,0
1.3093078e-05,0
5.3784035e-05,0
0.00012970038,0
2.280479e-05,0
0.00026961492,0
5.0220486e-05,0
0.0004920067,0
3.841924e-05,0
0.00034566296,0
0.0104591865,0
4.8312155e-05,0
2.2194155e-05,0
1.9722394e-05,0
2.4586167e-05,0
4.1949617e-05,0
2.0461885e-05,0
2.0665768e-05,0
0.00021629741,0
2.0557096e-05,0
2.4181367e-05,0
3.415313e-05,0
1.1693293e-05,0
0.00015359282,0
2.3963004e-05,0
2.2811002e-05,0
3.1747786e-05,0
9.069034e-05,0
0.00020225109,0
0.0010408548,0
2.5303105e-05,0
7.148532e-05,0
5.501727e-05,0
2.0279886e-05,0
2.809291e-05,0
3.4620236e-05,0
0.0039667967,0
6.57417e-05,0
0.012327651,0
3.7479866e-05,0
0.0024146496,0
3.4869714e-05,0
2.2600121e-05,0
2.1127482e-05,0
2.6141275e-05,0
1.8930443e-05,0
2.2181026e-05,0
4.9054343e-05,0
0.0006138509,0
1.9281122e-05,0
0.00017100867,0
8.467046e-05,0
4.7183283e-05,0
0.0014852504,0
8.408546e-05,0
6.119257e-05,0
0.0129801445,0
0.0047300616,0
5.398699e-05,0
4.9249473e-05,0
0.00090565096,0
9.5586445e-05,0
2.4194946e-05,0
9.6730546e-05,0
1.4763035e-05,0
0.00019658812,0
9.743786e-05,0
1.7490822e-05,0
3.094802e-05,0
0.0026140017,0
0.0014298653,0
0.0003883869,0
1.9369201e-05,0
1.2847664e-05,0
2.153304e-05,0
3.289755e-05,0
9.697304e-05,0
2.4942066e-05,0
5.1064053e-05,0
0.013195109,0
1.5279766e-05,0
4.9133996e-05,0
1.646348e-05,0
9.82652e-05,0
2.4568993e-05,0
4.8899637e-05,0
2.419633e-05,0
3.8419177e-05,0
0.00012462109,0
0.00012375748,0
3.883394e-05,0
4.9860333e-05,0
3.762374e-05,0
0.010812136,0
0.00011327979,0
2.354143e-05,0
2.7573582e-05,0
2.4117899e-05,0
7.757626e-05,0
0.00011294797,0
1.7877484e-05,0
0.0003580733,0
0.0001451503,0
5.776527e-05,0
7.818709e-05,0
0.009968617,0
0.0026869848,0
2.8734881e-05,0
5.563333e-05,0
2.4096964e-05,0
1.9301264e-05,0
0.00018006648,0
0.0010562477,0
0.0039188443,0
0.0006103055,0
2.4035286e-05,0
4.84674e-05,0
2.2314998e-05,0
0.0004378801,0
0.0005291588,0
1.9194858e-05,0
2.115534e-05,0
0.00013368574,0
2.4820058e-05,0
5.6366465e-05,0
1.0322964e-05,0
4.8441914e-05,0
5.7568097e-05,0
2.4753705e-05,0
0.0027837753,0
1.1241406e-05,0
0.0035572501,0
2.0674375e-05,0
1.8316336e-05,0
5.125875e-05,0
4.873542e-05,0
0.0054645985,0
0.00057071954,0
1.2515754e-05,0
2.9536399e-05,0
0.00026031,0
3.940338e-05,0
1.9125942e-05,0
5.8750258e-05,0
3.1248586e-05,0
5.218613e-05,0
4.832519e-05,0
2.7794145e-05,0
1.33440635e-05,0
3.217998e-05,0
0.011798454,0
0.0006593617,0
0.00025248295,0
0.0014242186,0
2.3663e-05,0
5.1868312e-05,0
1.3194664e-05,0
0.00027798658,0
6.70002e-05,0
2.4430727e-05,0
2.0447926e-05,0
5.480964e-05,0
6.196648e-05,0
3.4159933e-05,0
1.9704707e-05,0
0.00011689817,0
0.00045237728,0
0.0002605458,0
1.3101786e-05,0
1.3269123e-05,0
2.0060164e-05,0
0.007356888,0
1.2161731e-05,0
1.7358881e-05,0
7.6415534e-05,0
2.5908728e-05,0
1.17856125e-05,0
0.00015419738,0
0.00052956154,0
4.9234728e-05,0
5.299704e-05,0
4.3110173e-05,0
0.00019637759,0
2.0834615e-05,0
0.0016550057,0
0.0006788152,0
0.00010879616,0
0.0016950181,0
9.912569e-05,0
1.957951e-05,0
2.8556573e-05,0
0.0016276223,0
0.0004945124,0
1.9620133e-05,0
7.137859e-05,0
0.00010725345,0
2.054235e-05,0
0.00010187113,0
2.3899147e-05,0
4.7150326e-05,0
1.1550738e-05,0
2.5960255e-05,0
2.5213212e-05,0
0.013586362,0
5.682045e-05,0
4.5733363e-05,0
0.0037739447,0
2.22049e-05,0
0.0006038044,0
3.778639e-05,0
2.4940007e-05,0
0.00020806564,0
2.7232665e-05,0
3.3481087e-05,0
0.00017693055,0
2.1959131e-05,0
0.00013386337,0
1.3587439e-05,0
6.1504994e-05,0
0.00062451925,0
2.7694356e-05,0
4.801041e-05,0
0.00010669628,0
0.0102993,0
1.7903141e-05,0
2.3201177e-05,0
0.000763607,0
1.4495637e-05,0
1.4162748e-05,0
6.393444e-05,0
2.6614569e-05,0
4.9302307e-05,0
1.8917617e-05,0
0.00081230624,0
0.0013135587,0
9.774445e-06,0
0.00052826194,0
0.00037561345,0
6.116888e-05,0
2.3446728e-05,0
2.3148084e-05,0
0.00013778084,0
0.0013117836,0
0.00016265933,0
5.010769e-05,0
2.4478519e-05,0
1.3010579e-05,0
1.9715306e-05,0
0.0011450591,0
3.448853e-05,0
5.260399e-05,0
0.00018455222,0
0.00035365592,0
1.7231825e-05,0
4.9336017e-05,0
3.6617494e-05,0
2.805438e-05,0
0.0014497577,0
3.7856153e-05,0
1.7663393e-05,0
0.00023677507,0
8.479443e-05,0
4.670992e-05,0
3.5294855e-05,0
0.00011796052,0
4.7880145e-05,0
1.0478771e-05,0
4.875941e-05,0
0.00019538174,0
1.2521737e-05,0
0.00038978635,0
0.00034507917,0
0.003774665,0
1.4126045e-05,0
0.018255329,0
6.0978913e-05,0
0.00040530937,0
0.0010946826,0
0.00016605694,0
2.731404e-05,0
0.0005642064,0
5.4484535e-05,0
0.00080370903,0
3.4058456e-05,0
0.0001491305,0
2.6942203e-05,0
2.4035267e-05,0
5.67056e-05,0
1.9842513e-05,0
8.68247e-05,0
0.0011481568,0
0.0008670584,0
9.608961e-05,0
2.0529822e-05,0
0.0019611206,0
1.2554743e-05,0
2.9669696e-05,0
2.6431966e-05,0
5.388637e-05,0
4.8471527e-05,0
6.712522e-05,0
6.276423e-05,0
2.66112e-05,0
9.262472e-05,0
2.7228178e-05,0
8.649551e-05,0
2.2052001e-05,0
2.3312321e-05,0
0.0050581703,0
0.00039062084,0
4.0426927e-05,0
2.4422683e-05,0
5.504293e-05,0
2.2373626e-05,0
0.001076953,0
1.8863439e-05,0
2.0295682e-05,0
4.589795e-05,0
0.0021025315,0
0.0002985235,0
2.5211873e-05,0
2.940064e-05,0
3.8207956e-05,0
3.1783595e-05,0
0.0033499137,0
0.0004502974,0
1.609435e-05,0
9.873352e-05,0
0.0005453741,0
0.009329036,0
0.00012614181,0
2.0278005e-05,0
2.7103542e-05,0
3.196475e-05,0
3.10224e-05,0
0.00014255503,0
0.008897064,0
2.0747e-05,0
1.748314e-05,0
9.4507905e-06,0
0.0013537357,0
1.645771e-05,0
2.6896889e-05,0
0.00011043349,0
2.5123882e-05,0
0.000105175204,0
2.0119744e-05,0
6.0599737e-05,0
2.4934863e-05,0
9.56323e-05,0
4.9140228e-05,0
0.00010495629,0
0.0002671894,0
2.2315915e-05,0
2.7724478e-05,0
8.095372e-05,0
0.0001865186,0
6.328233e-05,0
1.5138325e-05,0
4.3599364e-05,0
0.0001172665,0
4.5347213e-05,0
9.094064e-05,0
1.3186859e-05,0
1.9563431e-05,0
3.9153725e-05,0
1.562022e-05,0
3.9419752e-05,0
4.730321e-05,0
5.0893683e-05,0
0.00015336317,0
6.190797e-05,0
4.8627186e-05,0
4.3486576e-05,0
4.6515506e-05,0
2.9914443e-05,0
0.0011475667,0
0.0004926001,0
1.7419605e-05,0
0.00011074216,0
1.9565905e-05,0
4.314236e-05,0
2.0111926e-05,0
5.2645435e-05,0
6.7499175e-05,0
2.1728898e-05,0
2.1400852e-05,0
4.6661575e-05,0
2.1968706e-05,0
0.011925833,0
2.8954275e-05,0
1.4194948e-05,0
0.00015222529,0
3.772561e-05,0
0.00016981564,0
0.00013321392,0
0.0001429993,0
4.4253145e-05,0
0.0019080288,0
1.7415185e-05,0
2.6861653e-05,0
2.9799041e-05,0
1.4489779e-05,0
2.7784627e-05,0
1.9256546e-05,0
2.1451988e-05,0
0.00021434213,0
3.9100774e-05,0
9.831047e-05,0
2.4110534e-05,0
2.0017023e-05,0
2.0764053e-05,0
3.6291753e-05,0
1.5071128e-05,0
0.0008430864,0
2.012074e-05,0
2.1085132e-05,0
1.8530991e-05,0
1.9707966e-05,0
2.0114083e-05,0
2.2729666e-05,0
5.9465154e-05,0
4.7533693e-05,0
0.00013051278,0
0.0004946189,0
1.1444677e-05,0
0.0016016961,0
0.007656939,0
0.00015872435,0
5.1872787e-05,0
1.9195788e-05,0
6.515574e-05,0
5.155653e-05,0
2.2413551e-05,0
0.00015284902,0
1.49738435e-05,0
5.6984252e-05,0
3.961521e-05,0
0.00012433129,0
1.4792851e-05,0
2.6716294e-05,0
4.2191536e-05,0
0.00010965043,0
8.935715e-05,0
0.00015263887,0
0.00020889427,0
2.1451388e-05,0
0.00039287156,0
4.390297e-05,0
8.957362e-05,0
9.395506e-06,0
0.003116547,0
2.4401066e-05,0
2.9666084e-05,0
9.500528e-06,0
2.0139478e-05,0
0.0012251389,0
0.00018363858,0
1.9637093e-05,0
5.9893846e-05,0
5.304421e-05,0
3.1443342e-05,0
4.1569274e-05,0
0.0002936696,0
2.814581e-05,0
0.00012418341,0
9.3109105e-05,0
1.9322419e-05,0
7.952082e-05,0
0.00015329222,0
0.00012685102,0
0.00013194034,0
2.4052726e-05,0
0.00032253374,0
5.1195788e-05,0
0.0004189878,0
2.626032e-05,0
0.0037171186,0
9.227417e-05,0
4.971695e-05,0
1.4406859e-05,0
4.3561766e-05,0
2.258186e-05,0
0.0015079776,0
0.0013367089,0
1.8456336e-05,0
6.734357e-05,0
6.114373e-05,0
1.4851996e-05,0
5.327952e-05,0
5.930041e-05,0
4.6564597e-05,0
7.915174e-05,0
0.0031716074,0
8.622076e-05,0
5.3756434e-05,0
0.0009524174,0
0.00033356244,0
0.0010796153,0
3.940079e-05,0
1.3214493e-05,0
0.0005901812,0
3.8263464e-05,0
9.47967e-05,0
0.00012129008,0
8.326875e-05,0
3.988192e-05,0
2.6987664e-05,0
0.00010357219,0
0.0006263674,0
0.000498959,0
1.3446017e-05,0
6.94118e-05,0
2.0071735e-05,0
1.7896895e-05,0
0.00015457859,0
0.0004012608,0
0.00011537423,0
1.8344119e-05,0
1.9237943e-05,0
3.1449992e-05,0
4.3498123e-05,0
3.579383e-05,0
5.4270018e-05,0
3.9868737e-05,0
0.0002112086,0
0.0026528654,0
9.6914795e-05,0
1.4600816e-05,0
0.003111469,0
2.7424063e-05,0
0.00034407046,0
5.4387223e-05,0
0.002729081,0
9.5834075e-05,0
2.1826485e-05,0
0.00011161384,0
0.00044527111,0
3.711356e-05,0
0.00033537607,0
2.250223e-05,0
4.923931e-05,0
0.00018376067,0
1.2253961e-05,0
2.1114654e-05,0
3.9792827e-05,0
0.0015998394,0
2.7110435e-05,0
0.00015352611,0
6.6946865e-05,0
1.8738827e-05,0
8.421508e-05,0
2.5784797e-05,0
9.505729e-05,0
2.2332497e-05,0
3.1451633e-05,0
0.00076986547,0
0.0013282113,0
0.00016489546,0
2.4405465e-05,0
2.1859334e-05,0
2.2265807e-05,0
1.9588979e-05,0
1.7563161e-05,0
0.00023487392,0
1.9228526e-05,0
0.0005988115,0
2.2027089e-05,0
0.00018390625,0
6.0898783e-05,0
0.0012973001,0
1.2493345e-05,0
8.1780345e-05,0
0.00042252446,0
2.0353844e-05,0
2.8299059e-05,0
0.0007670332,0
0.0012585187,0
2.0449237e-05,0
7.58493e-05,0
0.00016030898,0
5.25245e-05,0
3.5601348e-05,0
0.0193035,0
0.016064536,0
2.0251986e-05,0
0.0020719545,0
5.5874076e-05,0
0.00026406502,0
7.904423e-05,0
3.1588464e-05,0
3.3703163e-05,0
5.577751e-05,0
9.64878e-05,0
6.477187e-05,0
0.00013451492,0
4.945786e-05,0
0.0026463317,0
5.842978e-05,0
2.8379558e-05,0
4.9534432e-05,0
0.0001682482,0
3.749194e-05,0
4.6924382e-05,0
2.6978933e-05,0
0.0002181731,0
0.00017176838,0
3.222377e-05,0
3.20334e-05,0
2.247088e-05,0
2.7085522e-05,0
0.00011775322,0
2.5978463e-05,0
2.7310385e-05,0
9.609774e-05,0
2.8889923e-05,0
1.1738134e-05,0
4.099224e-05,0
1.587612e-05,0
0.0004089322,0
4.4221804e-05,0
5.3989974e-05,0
6.989565e-05,0
2.1511627e-05,0
2.1335083e-05,0
1.4614029e-05,0
0.000671063,0
0.00017153916,0
1.9380943e-05,0
5.7164223e-05,0
0.00043616927,0
7.812061e-05,0
2.6331894e-05,0
2.875827e-05,0
0.003998782,0
6.105301e-05,0
0.00015803294,0
0.0027874296,0
0.00018010374,0
0.00021895664,0
9.826532e-05,0
1.4600964e-05,0
2.1096113e-05,0
0.00022347305,0
2.1659578e-05,0
6.693548e-05,0
7.031641e-05,0
0.00012872211,0
9.898457e-05,0
2.8750279e-05,0
0.00052374596,0
1.3872039e-05,0
0.00019310297,0
5.028875e-05,0
0.00017598232,0
0.00012619799,0
8.6540305e-05,0
1.526306e-05,0
0.0001050457,0
0.000111295696,0
4.948761e-05,0
0.00012820339,0
2.671278e-05,0
8.438637e-05,0
1.7845954e-05,0
0.0005855642,0
0.012265001,0
4.7444286e-05,0
0.00010072732,0
1.5878913e-05,0
2.1952499e-05,0
3.265204e-05,0
3.268588e-05,0
9.545992e-05,0
4.9510014e-05,0
0.0002242138,0
0.00015144591,0
0.0016770395,0
3.7123165e-05,0
2.0091224e-05,0
1.9224542e-05,0
4.0978273e-05,0
1.7778082e-05,0
4.9131384e-05,0
3.1093507e-05,0
2.1833665e-05,0
2.042103e-05,0
5.31173e-05,0
0.0001034703,0
2.3755407e-05,0
0.01487486,0
1.9550238e-05,0
4.027946e-05,0
2.8924018e-05,0
1.16182055e-05,0
3.1842912e-05,0
0.00020233984,0
0.00017115279,0
9.3863135e-05,0
0.0001712268,0
0.00017097402,0
0.0013035712,0
0.0010605021,0
3.8019447e-05,0
2.2215929e-05,0
0.0002731267,0
0.0012355434,0
3.4156175e-05,0
2.1392376e-05,0
0.00022140228,0
5.8287318e-05,0
1.7730978e-05,0
1.8412235e-05,0
2.1677972e-05,0
2.0829237e-05,0
0.00011651791,0
5.5617733e-05,0
5.615067e-05,0
0.00039648914,0
1.228477e-05,0
7.1539886e-05,0
2.7697071e-05,0
1.4318854e-05,0
6.3650186e-05,0
4.8548725e-05,0
2.7750057e-05,0
5.4069376e-05,0
6.723541e-05,0
9.926233e-05,0
0.00012703055,0
4.6463825e-05,0
0.000120259945,0
0.000250756,0
1.9469408e-05,0
1.8802648e-05,0
1.782212e-05,0
4.3965418e-05,0
3.9357317e-05,0
1.9345587e-05,0
0.00010553307,0
6.5837645e-05,0
0.00039480833,0
4.9067137e-05,0
0.011100753,0
0.0004566943,0
0.00014345704,0
0.0004020046,0
0.00034927076,0
0.00047521957,0
9.685981e-05,0
2.671381e-05,0
0.0037178562,0
3.4365312e-05,0
8.882006e-05,0
0.01291438,0
7.823153e-05,0
0.00023829027,0
0.00014459151,0
4.9702685e-05,0
2.8652157e-05,0
2.2598439e-05,0
4.0981547e-05,0
1.6150434e-05,0
1.9297404e-05,0
0.00012527624,0
0.0026373635,0
0.00024902401,0
2.4968727e-05,0
0.00049694185,0
2.3840585e-05,0
9.325015e-05,0
2.1632794e-05,0
3.3043558e-05,0
5.5342924e-05,0
1.8188854e-05,0
1.9458304e-05,0
2.5052175e-05,0
7.115908e-05,0
0.00019673843,0
8.811502e-05,0
0.0016969884,0
5.775999e-05,0
5.7045418e-05,0
1.7659258e-05,0
8.51605e-05,0
0.00016455776,0
0.00012569636,0
2.3640885e-05,0
1.6298523e-05,0
8.6949534e-05,0
1.9589166e-05,0
1.5567106e-05,0
0.00023130514,0
4.9930866e-05,0
3.707845e-05,0
6.0761377e-05,0
0.00013311509,0
2.7084297e-05,0
0.00045858376,0
0.010965333,0
2.8429886e-05,0
8.0803664e-05,0
1.184622e-05,0
0.00017467311,0
2.181879e-05,0
7.4703974e-05,0
1.6463127e-05,0
2.1125881e-05,0
8.00558e-05,0
2.5556337e-05,0
5.161577e-05,0
2.7464077e-05,0
1.0590684e-05,0
4.849448e-05,0
0.00014094774,0
5.5312445e-05,0
2.0053922e-05,0
9.712072e-05,0
2.3161572e-05,0
3.701091e-05,0
3.757488e-05,0
6.3668806e-05,0
2.181475e-05,0
3.3421235e-05,0
2.6740485e-05,0
2.9767129e-05,0
1.0091077e-05,0
2.9789335e-05,0
0.00013950608,0
0.00018562212,0
6.691936e-05,0
5.3918062e-05,0
0.00023957247,0
8.223294e-05,0
9.431954e-06,0
3.3014774e-05,0
0.001972177,0
3.470449e-05,0
0.000106306565,0
0.00018218673,0
1.8711735e-05,0
0.00011098827,0
3.9476163e-05,0
2.227169e-05,0
1.9297288e-05,0
0.000328188,0
0.0035375438,0
5.281632e-05,0
1.6018186e-05,0
3.2219057e-05,0
0.002757573,0
0.0011073285,0
0.00055680575,0
0.0025916002,0
0.0014565738,0
2.9767174e-05,0
1.9442909e-05,0
5.287348e-05,0
1.0377493e-05,0
3.8145692e-05,0
0.00069429394,0
1.4245273e-05,0
0.0019906468,0
2.115779e-05,0
0.0036024575,0
0.00019462866,0
6.165469e-05,0
0.00011404167,0
0.002645917,0
3.451467e-05,0
7.206107e-05,0
2.7725495e-05,0
4.204367e-05,0
0.017882714,0
0.0002916744,0
5.6684774e-05,0
0.00016609265,0
2.9447776e-05,0
0.00012348055,0
7.793705e-05,0
1.8480323e-05,0
2.4925383e-05,0
1.924138e-05,0
1.5267584e-05,0
1.9076875e-05,0
2.2881517e-05,0
2.1244494e-05,0
0.03388831,0
0.013412002,0
0.010061534,0
1.9594094e-05,0
1.6758657e-05,0
6.575976e-05,0
2.710108e-05,0
4.366738e-05,0
0.000100701385,0
3.31316e-05,0
4.296885e-05,0
0.0001655311,0
1.9583367e-05,0
3.817466e-05,0
0.009525813,0
2.6832056e-05,0
5.802338e-05,0
0.00071546383,0
2.6820306e-05,0
0.00063179445,0
0.00044562115,0
0.00011371438,0
0.018242083,0
2.8471974e-05,0
0.00019107292,0
1.8114497e-05,0
2.7191127e-05,0
6.8847636e-05,0
5.6903416e-05,0
5.623363e-05,0
2.111503e-05,0
5.6037723e-05,0
1.5530064e-05,0
3.1953314e-05,0
2.2301392e-05,0
2.3170862e-05,0
0.0001424847,0
0.00043501414,0
1.1834945e-05,0
9.921833e-05,0
2.7374004e-05,0
2.3773566e-05,0
2.4855484e-05,0
7.114644e-05,0
1.6046462e-05,0
5.9778955e-05,0
1.3574045e-05,0
4.2046857e-05,0
9.4165945e-05,0
2.5086225e-05,0
0.009531246,0
0.00016269731,0
1.861783e-05,0
3.118137e-05,0
0.00012059521,0
6.947746e-05,0
0.0014617753,0
4.005301e-05,0
7.509111e-05,0
2.5294525e-05,0
0.00013864515,0
3.7177313e-05,0
1.5821712e-05,0
0.00014142867,0
0.0017655991,0
0.0031658956,0
6.0274702e-05,0
7.982613e-05,0
1.9344649e-05,0
2.0893545e-05,0
9.807239e-05,0
3.3149357e-05,0
2.0289086e-05,0
5.128799e-05,0
2.690044e-05,0
2.920503e-05,0
0.00013667007,0
1.9441022e-05,0
0.0006559969,0
2.3288472e-05,0
2.0441734e-05,0
0.0003439614,0
2.039676e-05,0
0.00014891598,0
4.9668426e-05,0
1.3405566e-05,0
0.0006001457,0
7.9033474e-05,0
1.7689646e-05,0
1.9276358e-05,0
1.9869087e-05,0
1.157913e-05,0
5.685422e-05,0
0.00047153942,0
2.6383866e-05,0
4.8963608e-05,0
7.698799e-05,0
5.110675e-05,0
1.3376383e-05,0
6.565181e-05,0
3.8912513e-05,0
2.2916462e-05,0
1.0431536e-05,0
1.8730012e-05,0
2.684452e-05,0
0.00018575318,0
0.00012855648,0
4.6607063e-05,0
5.1916213e-05,0
9.4868694e-05,0
5.6441535e-05,0
0.00016331876,0
2.124267e-05,0
0.003689351,0
0.00043528533,0
0.000113626316,0
6.0072405e-05,0
0.0017793222,0
0.0007960524,0
0.00033140773,0
2.5462665e-05,0
7.0144015e-05,0
2.2891141e-05,0
1.778694e-05,0
4.4923927e-05,0
6.191975e-05,0
2.3332352e-05,0
2.9307097e-05,0
2.4784991e-05,0
8.8795074e-05,0
0.00017503535,0
1.947312e-05,0
5.679381e-05,0
0.01062591,0
2.1753034e-05,0
3.5086312e-05,0
1.1688672e-05,0
2.718357e-05,0
4.932011e-05,0
0.00019493897,0
0.0002818243,0
5.558469e-05,0
2.4240962e-05,0
0.00016683173,0
1.9723357e-05,0
5.720375e-05,0
0.00011675522,0
0.00041100493,0
0.0037579862,0
0.011468074,0
0.00020677691,0
4.340484e-05,0
3.4012926e-05,0
2.2502018e-05,0
1.9044666e-05,0
2.990868e-05,0
2.05508e-05,0
0.000429912,0
0.00019816663,0
0.000118750184,0
2.1149393e-05,0
0.00048328505,0
2.768396e-05,0
2.2656373e-05,0
0.006859917,0
1.8536299e-05,0
4.3025662e-05,0
0.00076443475,0
5.2288815e-05,0
1.9651485e-05,0
0.0001058007,0
6.0387458e-05,0
8.2926235e-05,0
0.012863638,0
1.9656372e-05,0
9.898449e-05,0
9.254192e-05,0
0.008022531,0
1.6754426e-05,0
4.614862e-05,0
0.012278133,0
2.5378444e-05,0
2.731801e-05,0
2.389732e-05,0
9.604028e-05,0
0.008407791,0
4.589298e-05,0
0.00016613523,0
2.6421023e-05,0
5.5499702e-05,0
3.866545e-05,0
2.8428763e-05,0
6.073529e-05,0
5.355157e-05,0
2.0698306e-05,0
2.6944672e-05,0
0.0009940556,0
6.784572e-05,0
2.7588578e-05,0
0.002654508,0
2.0435986e-05,0
2.4135084e-05,0
2.015478e-05,0
0.0001667947,0
0.0001635314,0
0.009938323,0
9.6056625e-05,0
1.726851e-05,0
0.0014094844,0
2.6728958e-05,0
5.0975752e-05,0
2.0568124e-05,0
2.4359579e-05,0
0.00069297594,0
0.001155367,0
0.0010025653,0
0.00017055531,0
0.002038689,0
0.00086932327,0
0.00058712607,0
3.0358386e-05,0
5.3701722e-05,0
0.00017260946,0
9.589295e-05,0
0.00028898846,0
5.7149406e-05,0
2.2227816e-05,0
8.501326e-05,0
0.00045133376,0
2.3518049e-05,0
2.6689477e-05,0
0.00011878941,0
2.3154418e-05,0
0.00035029478,0
1.8903824e-05,0
0.00020532876,0
1.4269815e-05,0
0.00028276563,0
2.3643894e-05,0
2.2347433e-05,0
1.2321111e-05,0
2.007956e-05,0
1.7237624e-05,0
9.885772e-05,0
4.9405466e-05,0
2.3428438e-05,0
0.00035591412,0
0.0010281064,0
2.5454558e-05,0
5.569792e-05,0
2.904008e-05,0
7.864497e-05,0
3.5229023e-05,0
0.00014738615,0
3.3046043e-05,0
2.4823947e-05,0
3.815158e-05,0
2.014885e-05,0
0.0007025933,0
3.3444852e-05,0
0.00026075853,0
0.0002183575,0
0.00011893901,0
0.00087857526,0
2.4965855e-05,0
0.000113611735,0
2.6909307e-05,0
0.00044444276,0
1.91962e-05,0
2.0873202e-05,0
2.9366125e-05,0
2.1108151e-05,0
0.00012903959,0
0.00013347482,0
4.1829448e-05,0
0.0062192255,0
0.00019583304,0
2.2976335e-05,0
2.5218522e-05,0
2.21846e-05,0
1.6338143e-05,0
0.00014186467,0
1.944817e-05,0
2.2865945e-05,0
7.226028e-05,0
2.1115957e-05,0
1.9208679e-05,0
0.0001916538,0
5.8296933e-05,0
4.4614906e-05,0
2.7845024e-05,0
2.876131e-05,0
1.9274305e-05,0
2.0251977e-05,0
0.000100495934,0
2.7837685e-05,0
2.2802707e-05,0
4.7783476e-05,0
2.5428299e-05,0
8.416552e-05,0
0.00015191577,0
0.00024414636,0
1.9345474e-05,0
0.00018062402,0
0.00034698192,0
7.994977e-05,0
0.00012301307,0
1.2813326e-05,0
7.1532035e-05,0
7.7882556e-05,0
0.00016228447,0
4.8389826e-05,0
0.00010920616,0
0.00013522693,0
0.010208904,0
2.1191356e-05,0
0.0002421474,0
6.0010512e-05,0
2.1423873e-05,0
7.246646e-05,0
3.0189882e-05,0
0.0024550995,0
0.0063189226,0
4.1513253e-05,0
5.5214958e-05,0
5.1911207e-05,0
9.926293e-05,0
5.604272e-05,0
0.009067368,0
9.417822e-05,0
0.0007174735,0
4.823548e-05,0
1.9157986e-05,0
1.1888364e-05,0
2.182556e-05,0
2.0125743e-05,0
2.5982037e-05,0
0.00018452996,0
2.0813426e-05,0
0.00031079404,0
4.6244182e-05,0
1.949119e-05,0
2.9764358e-05,0
0.0007028746,0
0.010206799,0
6.8575515e-05,0
2.2171656e-05,0
0.0037342696,0
2.3857649e-05,0
2.4785759e-05,0
0.00017891104,0
1.7138516e-05,0
1.7795375e-05,0
0.0004775097,0
1.914057e-05,0
9.644806e-05,0
5.073731e-05,0
9.4909534e-05,0
1.5934953e-05,0
0.00022573619,0
2.5838815e-05,0
7.263691e-05,0
1.7216938e-05,0
0.0007451854,0
0.00020035545,0
0.00019000776,0
5.884758e-05,0
0.00013754076,0
0.009800313,0
0.0147857275,0
1.3026713e-05,0
0.00015523266,0
4.898743e-05,0
0.0033237801,0
5.7066423e-05,0
4.1321302e-05,0
0.00026833286,0
8.633231e-05,0
1.3981183e-05,0
9.389902e-05,0
2.5993368e-05,0
0.00024616066,0
1.5478021e-05,0
2.4392022e-05,0
1.2719464e-05,0
2.0653917e-05,0
0.0035843065,0
0.007838846,0
5.200939e-05,0
6.281608e-05,0
8.2244296e-05,0
3.593848e-05,0
5.4906468e-05,0
2.1144233e-05,0
6.183643e-05,0
1.4161268e-05,0
0.001040846,0
5.9242608e-05,0
0.0008713062,0
6.3404026e-05,0
4.6987512e-05,0
0.00010314123,0
1.5890328e-05,0
2.3095423e-05,0
5.975342e-05,0
7.833642e-05,0
1.2782838e-05,0
6.130578e-05,0
0.0005046112,0
0.0006719394,0
3.8421695e-05,0
0.00015436274,0
0.00021778536,0
5.8445785e-05,0
2.0646166e-05,0
2.1552516e-05,0
0.0006697295,0
4.638078e-05,0
9.030453e-05,0
6.309916e-05,0
5.9895337e-05,0
1.21411995e-05,0
0.00012250443,0
0.00087090436,0
6.949833e-05,0
8.086227e-05,0
0.0028270744,0
2.1522248e-05,0
5.997626e-05,0
1.6623237e-05,0
0.00013133713,0
0.00010812754,0
1.9569441e-05,0
0.00014288304,0
0.0021048018,0
2.7291728e-05,0
0.0018674501,0
1.9400466e-05,0
1.9685827e-05,0
5.1829225e-05,0
8.418638e-05,0
2.2751865e-05,0
8.338724e-05,0
0.00078511355,0
2.6238886e-05,0
7.285442e-05,0
2.6752836e-05,0
4.222077e-05,0
0.00011976184,0
4.369411e-05,0
2.1772765e-05,0
7.238753e-05,0
3.229981e-05,0
1.93181e-05,0
0.00018205383,0
0.0004913536,0
0.00011694388,0
0.009925267,0
0.0005790405,0
1.6516518e-05,0
3.2255073e-05,0
3.954184e-05,0
3.4366312e-05,0
5.4168533e-05,0
3.5409186e-05,0
8.928713e-05,0
5.9791793e-05,0
4.401643e-05,0
5.458027e-05,0
9.7175965e-05,0
0.00073146686,0
2.5243342e-05,0
6.764846e-05,0
2.7797701e-05,0
2.0301542e-05,0
2.456206e-05,0
2.252652e-05,0
7.567366e-05,0
2.5573989e-05,0
6.699483e-05,0
0.00014781047,0
2.5944333e-05,0
9.861256e-05,0
5.0562085e-05,0
0.0006299833,0
0.00013930329,0
0.010966372,0
3.7501602e-05,0
2.2225659e-05,0
0.00047283297,0
9.596309e-05,0
2.1411146e-05,0
2.8939292e-05,0
7.172436e-05,0
0.00022555544,0
6.406841e-05,0
0.003451431,0
2.2301043e-05,0
0.00012723057,0
0.0012400622,0
1.923622e-05,0
0.0013257171,0
2.2037417e-05,0
1.7624383e-05,0
1.3816394e-05,0
9.1490474e-05,0
1.7600398e-05,0
8.582533e-05,0
0.00084750383,0
0.00040015686,0
0.00057690655,0
9.141156e-05,0
3.3907418e-05,0
2.0985792e-05,0
1.2396015e-05,0
3.218155e-05,0
0.00010342045,0
0.00018712236,0
0.009652442,0
9.098361e-05,0
2.0537787e-05,0
0.00014814443,0
6.262174e-05,0
2.6913702e-05,0
0.00012577862,0
5.5419136e-05,0
9.64463e-05,0
1.018523e-05,0
0.00034837404,0
9.8510005e-05,0
4.257003e-05,0
2.6162154e-05,0
6.796346e-05,0
3.5828347e-05,0
1.4802836e-05,0
1.5050812e-05,0
0.009783619,0
2.4114262e-05,0
3.951932e-05,0
2.0287804e-05,0
0.0005183888,0
2.255244e-05,0
2.7201066e-05,0
0.0031525067,0
0.010778133,0
1.4790645e-05,0
2.242384e-05,0
1.7646455e-05,0
2.4474439e-05,0
0.0053246007,0
0.0001543597,0
2.56456e-05,0
9.442924e-05,0
2.7133663e-05,0
2.1097381e-05,0
0.00013962312,0
2.010207e-05,0
2.0533282e-05,0
0.00014064398,0
2.0033078e-05,0
9.5637064e-05,0
0.0069512106,0
2.3061313e-05,0
4.8281177e-05,0
6.1040795e-05,0
0.0041315877,0
5.0107647e-05,0
5.372767e-05,0
1.9741326e-05,0
1.5570622e-05,0
0.0001890487,0
2.8253071e-05,0
4.0204577e-05,0
9.472629e-05,0
3.5768917e-05,0
5.7282632e-05,0
2.2080872e-05,0
1.9239455e-05,0
4.476235e-05,0
9.813803e-05,0
2.3583449e-05,0
3.2669774e-05,0
3.0596373e-05,0
0.00021689662,0
1.4420888e-05,0
3.345982e-05,0
5.5902947e-05,0
5.4625594e-05,0
3.1426862e-05,0
1.5371563e-05,0
2.7835096e-05,0
0.009645973,0
4.0627343e-05,0
5.689498e-05,0
0.00079468975,0
4.0896703e-05,0
0.00027188796,0
2.4350327e-05,0
3.841931e-05,0
7.883647e-05,0
0.00018435388,0
2.1459768e-05,0
0.0006169911,0
0.0014331476,0
5.0095474e-05,0
1.7366376e-05,0
2.2658012e-05,0
0.0012816653,0
1.8337156e-05,0
1.6039035e-05,0
7.773909e-05,0
3.1451455e-05,0
1.1909408e-05,0
0.0006597929,0
5.5495522e-05,0
0.0003915697,0
0.00025693624,0
1.516144e-05,0
1.9706513e-05,0
0.0002124926,0
0.00032054516,0
8.354116e-05,0
3.357767e-05,0
0.001521074,0
0.00043317836,0
0.00013348284,0
0.00014871749,0
1.9200339e-05,0
0.0016183765,0
1.7617322e-05,0
1.5524736e-05,0
4.999054e-05,0
0.0001253245,0
0.0002097083,0
2.2518947e-05,0
2.1846763e-05,0
5.818407e-05,0
0.0004305645,0
8.9941306e-05,0
0.00028994208,0
0.00040212282,0
5.544934e-05,0
5.529316e-05,0
7.3810006e-05,0
1.8159255e-05,0
6.1123435e-05,0
5.5560376e-05,0
4.692304e-05,0
2.9675273e-05,0
1.4431932e-05,0
3.387769e-05,0
0.012439637,0
1.9363242e-05,0
0.009815629,0
0.00050645106,0
2.5340662e-05,0
0.00012504133,0
2.08631e-05,0
1.864263e-05,0
2.693582e-05,0
3.3694756e-05,0
0.00012150724,0
2.1432574e-05,0
6.197921e-05,0
2.6380461e-05,0
0.00014147644,0
0.0007518512,0
7.34875e-05,0
2.0520114e-05,0
0.0010681201,0
5.1516956e-05,0
2.2869173e-05,0
2.1797723e-05,0
1.9274092e-05,0
0.00012873448,0
8.656443e-05,0
0.00013685916,0
0.00012920283,0
4.846028e-05,0
0.015752586,0
0.000113487906,0
0.012882388,0
0.0004927767,0
2.0293666e-05,0
1.9284114e-05,0
0.00055318285,0
1.7539405e-05,0
1.9902538e-05,0
0.00013979417,0
7.3883595e-05,0
2.0488815e-05,0
2.4107094e-05,0
9.674413e-05,0
2.542601e-05,0
2.7323586e-05,0
0.0016417039,0
2.030073e-05,0
0.0047498792,0
1.3414145e-05,0
8.4851636e-05,0
1.5986938e-05,0
5.597585e-05,0
5.2158583e-05,0
1.4358892e-05,0
2.2475126e-05,0
2.3936187e-05,0
0.0033433374,0
0.0003223334,0
0.000101555415,0
1.1985638e-05,0
2.1873278e-05,0
2.1245944e-05,0
2.8294971e-05,0
2.7292414e-05,0
0.00056405104,0
0.0039252494,0
9.980177e-05,0
2.0427882e-05,0
0.00035724603,0
0.001967743,0
9.005848e-05,0
0.00042226719,0
2.2281945e-05,0
1.6218286e-05,0
0.00014380446,0
1.765934e-05,0
5.2630498e-05,0
0.00024028456,0
3.3108583e-05,0
3.2017284e-05,0
2.6844793e-05,0
4.0917846e-05,0
1.1674995e-05,0
1.2428096e-05,0
2.4469777e-05,0
0.00058921264,0
3.4154073e-05,0
1.8532488e-05,0
2.7605141e-05,0
0.000119153265,0
8.3126564e-05,0
9.804108e-05,0
8.14113e-05,0
1.0856185e-05,0
0.00011640495,0
1.4097172e-05,0
2.5800133e-05,0
1.5144688e-05,0
0.00022989894,0
0.00012367302,0
5.6731773e-05,0
0.00061849185,0
1.8982748e-05,0
2.8753357e-05,0
3.4071578e-05,0
0.0008488869,0
0.004783274,0
0.00011898743,0
1.5765438e-05,0
3.2991764e-05,0
4.2891836e-05,0
0.0009855367,0
2.517252e-05,0
0.0005176926,0
1.1323503e-05,0
0.002118254,0
3.6554084e-05,0
0.00018564264,0
0.00065814366,0
0.00015653014,0
4.1986335e-05,0
2.135508e-05,0
5.616559e-05,0
2.0725325e-05,0
6.274795e-05,0
2.7976834e-05,0
0.00016802043,0
4.9936985e-05,0
0.00016232094,0
4.833035e-05,0
0.0003634078,0
2.6274209e-05,0
0.00021355464,0
0.00016384707,0
8.52862e-05,0
2.8628569e-05,0
2.6899475e-05,0
2.1130605e-05,0
2.0292086e-05,0
1.639575e-05,0
6.592086e-05,0
0.00017621774,0
0.0068783034,0
1.2916524e-05,0
2.1065594e-05,0
1.9363508e-05,0
0.013771478,0
5.1323408e-05,0
0.00011982809,0
2.8743814e-05,0
3.3640124e-05,0
0.0009360773,0
4.5160552e-05,0
1.6317432e-05,0
3.3493423e-05,0
0.00010241566,0
2.0850357e-05,0
3.841921e-05,0
0.00011986076,0
0.00015179593,0
2.0076279e-05,0
8.0257305e-05,0
0.00025534967,0
4.9751354e-05,0
2.1020245e-05,0
2.5009034e-05,0
1.2157756e-05,0
2.5716301e-05,0
1.48116105e-05,0
4.8823404e-05,0
6.4967375e-05,0
3.2950884e-05,0
1.9221618e-05,0
3.590451e-05,0
0.008967091,0
0.00027226558,0
9.795326e-05,0
1.4245135e-05,0
0.00037483405,0
8.8741246e-05,0
2.7766402e-05,0
2.5880601e-05,0
2.0329237e-05,0
2.1991402e-05,0
3.2425796e-05,0
1.9614201e-05,0
2.6694082e-05,0
2.0123127e-05,0
0.0001198389,0
2.125429e-05,0
7.49281e-05,0
3.9423496e-05,0
0.0007255354,0
1.9506386e-05,0
4.3937885e-05,0
0.0004494923,0
0.00078158977,0
4.883959e-05,0
1.946004e-05,0
1.9571155e-05,0
1.2910293e-05,0
5.493774e-05,0
2.842662e-05,0
1.8563402e-05,0
5.200413e-05,0
3.2561646e-05,0
4.4313627e-05,0
0.0005459498,0
0.0001190058,0
2.8590775e-05,0
0.029644925,0
2.3228324e-05,0
2.935189e-05,0
2.4407334e-05,0
2.1830489e-05,0
2.0836698e-05,0
3.323864e-05,0
6.0082588e-05,0
3.3795823e-05,0
2.8148504e-05,0
1.8183653e-05,0
0.0008221131,0
0.00013945802,0
1.737579e-05,0
2.2573224e-05,0
0.00018022841,0
0.0024113182,0
0.0011092414,0
0.00017957971,0
0.00047982097,0
0.00053543,0
2.3801786e-05,0
0.0013199995,0
0.010290759,0
1.6748516e-05,0
0.00028398092,0
3.409141e-05,0
0.00021967365,0
2.5319094e-05,0
0.00021163413,0
8.519266e-05,0
1.2630217e-05,0
3.0613606e-05,0
3.4325003e-05,0
2.14224e-05,0
0.00017685747,0
7.685484e-05,0
0.0047234744,0
9.857306e-05,0
0.00018842744,0
0.00011886343,0
0.00026669714,0
0.00027166444,0
0.006732431,0
1.7881468e-05,0
2.7345723e-05,0
1.9220242e-05,0
1.4490496e-05,0
4.01618e-05,0
1.5568878e-05,0
0.00014668446,0
5.5891807e-05,0
4.0640203e-05,0
1.9844018e-05,0
2.6427948e-05,0
0.0122378655,0
0.000587287,0
7.2544724e-05,0
8.588289e-05,0
4.8125494e-05,0
3.7384845e-05,0
0.000113399394,0
2.6144882e-05,0
1.5189645e-05,0
0.0044624307,0
2.3975192e-05,0
9.562858e-05,0
1.962578e-05,0
0.00019545978,0
0.0010273473,0
0.011334668,0
1.3538128e-05,0
0.008594835,0
3.9717142e-05,0
2.679158e-05,0
0.01389701,0
0.00074016023,0
1.2488948e-05,0
1.9892366e-05,0
2.2213044e-05,0
4.6705092e-05,0
2.1116723e-05,0
4.8842066e-05,0
1.588344e-05,0
2.055441e-05,0
2.4872912e-05,0
2.398524e-05,0
1.9189043e-05,0
0.0044917124,0
5.546531e-05,0
3.2319935e-05,0
2.125785e-05,0
2.0719675e-05,0
2.06226e-05,0
2.5654843e-05,0
2.567309e-05,0
1.7665703e-05,0
2.243185e-05,0
1.7525756e-05,0
0.014041059,0
1.4406581e-05,0
0.00040776806,0
4.9204078e-05,0
4.8252514e-05,0
5.1505085e-05,0
9.6184136e-05,0
1.9297118e-05,0
1.4196481e-05,0
2.1155302e-05,0
3.4964713e-05,0
2.6996157e-05,0
1.8499852e-05,0
0.000100434205,0
2.919548e-05,0
8.740747e-05,0
2.7070686e-05,0
2.2204375e-05,0
2.8959581e-05,0
0.00012352326,0
0.0035667215,0
1.7390657e-05,0
0.00070418464,0
0.00022118622,0
0.007063459,0
9.764353e-05,0
0.0006448733,0
3.510699e-05,0
2.8217517e-05,0
2.1859662e-05,0
5.2459025e-05,0
0.0004524287,0
3.510182e-05,0
0.00021392659,0
0.00025939275,0
2.2227272e-05,0
2.3865174e-05,0
0.00017674483,0
0.00024700214,0
1.38868545e-05,0
2.1455158e-05,0
2.6099988e-05,0
1.9262974e-05,0
0.000109934284,0
0.0019132884,0
0.00011654514,0
0.00011580951,0
2.9936127e-05,0
2.501017e-05,0
4.883961e-05,0
1.9299247e-05,0
4.085112e-05,0
1.9891137e-05,0
2.4825184e-05,0
0.0005742355,0
1.9752308e-05,0
5.3856165e-05,0
1.640892e-05,0
2.1338177e-05,0
1.9170619e-05,0
5.500729e-05,0
3.5530407e-05,0
5.159277e-05,0
0.00014902776,0
1.8775701e-05,0
1.9381012e-05,0
1.0596375e-05,0
0.0014644521,0
2.4005582e-05,0
0.00046853116,0
3.2557047e-05,0
1.5390506e-05,0
1.9913226e-05,0
1.7279315e-05,0
4.900821e-05,0
3.2970907e-05,0
0.0010118505,0
8.0340156e-05,0
2.890913e-05,0
4.441553e-05,0
0.0004705363,0
2.5866611e-05,0
0.00913497,0
0.0011297564,0
1.932842e-05,0
5.903969e-05,0
0.00075222366,0
2.628783e-05,0
0.00094080553,0
4.876841e-05,0
4.1025625e-05,0
3.609043e-05,0
0.0008388007,0
0.00018061665,0
5.208277e-05,0
0.0065853363,0
2.049993e-05,0
2.7053975e-05,0
2.4994784e-05,0
8.279209e-05,0
6.2156236e-05,0
0.00067749864,0
0.00017666402,0
1.6580314e-05,0
8.701402e-05,0
1.7373752e-05,0
2.0307332e-05,0
1.9973677e-05,0
2.7051818e-05,0
0.00061849,0
0.0002455347,0
2.7105623e-05,0
0.00014200537,0
0.0005547039,0
0.0001760711,0
0.0007204035,0
8.632816e-05,0
0.015095201,0
0.00010843708,0
1.5829371e-05,0
0.00010146639,0
3.0542502e-05,0
2.1743886e-05,0
0.00027520975,0
5.920551e-05,0
8.563929e-05,0
0.013267543,0
2.3509967e-05,0
5.1764047e-05,0
8.995185e-05,0
1.2532228e-05,0
0.00063246867,0
4.037745e-05,0
1.8204799e-05,0
0.0003468935,0
4.5197212e-05,0
3.158633e-05,0
0.0019770742,0
0.0005718421,0
0.0002799608,0
1.3379661e-05,0
0.00022733043,0
0.0004047252,0
2.6663276e-05,0
0.0003683098,0
1.269891e-05,0
0.00044533747,0
9.951827e-05,0
1.5042281e-05,0
2.3320967e-05,0
2.0810558e-05,0
0.00012595218,0
0.00029703754,0
7.941249e-05,0
4.4423683e-05,0
0.0005627562,0
1.3781615e-05,0
6.600805e-05,0
6.5899665e-05,0
0.008568224,0
5.4044678e-05,0
0.007850813,0
0.00043095904,0
6.657676e-05,0
0.00045978825,0
0.00020990813,0
0.0013512317,0
2.6453834e-05,0
3.84217e-05,0
2.1114705e-05,0
2.8289818e-05,0
1.9531066e-05,0
0.00017748246,0
0.0003591977,0
1.4834377e-05,0
0.003046621,0
0.00043605868,0
4.1620635e-05,0
1.7167536e-05,0
5.9863167e-05,0
0.00044169513,0
5.2188458e-05,0
1.9345995e-05,0
0.000120708224,0
0.0007492864,0
1.9719715e-05,0
5.5775603e-05,0
9.394132e-05,0
0.00011004729,0
1.9922807e-05,0
5.0117324e-05,0
9.301422e-05,0
1.595223e-05,0
2.6136198e-05,0
1.1815858e-05,0
2.1135864e-05,0
2.8670203e-05,0
0.000103312275,0
1.663473e-05,0
0.00011271538,0
0.00026420222,0
0.0011793965,0
7.733171e-05,0
4.2450716e-05,0
2.6173204e-05,0
2.244769e-05,0
1.8999175e-05,0
3.246276e-05,0
0.0016387593,0
5.0536528e-05,0
0.0053962306,0
3.1570948e-05,0
1.9011719e-05,0
1.4087586e-05,0
0.0054523004,0
2.865103e-05,0
0.00018545083,0
1.6921884e-05,0
1.8463274e-05,0
0.00017002912,0
0.002900465,0
2.5967103e-05,0
1.4255056e-05,0
0.00018604287,0
0.00055393105,0
0.00043492895,0
4.5632383e-05,0
2.063971e-05,0
2.2268867e-05,0
0.00020784469,0
4.925305e-05,0
0.00040386448,0
0.00023308017,0
7.707072e-05,0
8.779406e-05,0
0.004666808,0
7.069754e-05,0
4.2013136e-05,0
4.730681e-05,0
1.5302849e-05,0
5.675277e-05,0
0.0005040704,0
1.7307622e-05,0
2.00914e-05,0
1.6685493e-05,0
4.1204483e-05,0
2.697143e-05,0
5.821829e-05,0
0.00041638402,0
0.0001053597,0
2.8988898e-05,0
0.00015644691,0
2.0467358e-05,0
0.0006010428,0
5.7636844e-05,0
2.8322178e-05,0
6.2991734e-05,0
3.4010805e-05,0
3.1884054e-05,0
0.00011036806,0
5.192615e-05,0
2.2200647e-05,0
1.1711936e-05,0
3.5066805e-05,0
3.2330816e-05,0
2.4995205e-05,0
0.000106817875,0
6.346319e-05,0
3.0184716e-05,0
0.00050736364,0
2.4683697e-05,0
0.012101586,0
0.00029564096,0
1.9888214e-05,0
7.679824e-05,0
0.0024755686,0
1.578277e-05,0
1.5251968e-05,0
2.1231348e-05,0
6.694961e-05,0
1.3658083e-05,0
5.8364534e-05,0
4.881543e-05,0
3.672305e-05,0
2.8081462e-05,0
2.45166e-05,0
2.4279088e-05,0
0.00046019643,0
2.313817e-05,0
0.00011924137,0
0.00048408724,0
2.8598844e-05,0
6.287006e-05,0
9.6234595e-05,0
0.00012923399,0
3.194505e-05,0
8.603755e-05,0
1.02611175e-05,0
2.0831641e-05,0
2.6529216e-05,0
1.21954445e-05,0
1.8401071e-05,0
2.5701695e-05,0
0.00075241266,0
0.0020164717,0
2.304516e-05,0
6.4896965e-05,0
4.4350658e-05,0
1.46763205e-05,0
1.9589923e-05,0
3.9874154e-05,0
1.6284785e-05,0
0.0029980508,0
0.00019841512,0
1.19919105e-05,0
1.5723883e-05,0
0.0005074963,0
6.628694e-05,0
7.02202e-05,0
1.1394387e-05,0
2.4051249e-05,0
5.572285e-05,0
1.9886e-05,0
2.9802077e-05,0
3.9397728e-05,0
5.964427e-05,0
2.0754162e-05,0
0.00045482867,0
2.183651e-05,0
1.9901048e-05,0
9.57839e-05,0
2.1257782e-05,0
8.356965e-05,0
0.00045828483,0
5.4150656e-05,0
2.144925e-05,0
9.858135e-05,0
2.5304033e-05,0
1.3390494e-05,0
4.098808e-05,0
2.012288e-05,0
8.646954e-05,0
7.1560644e-05,0
0.0077237217,0
1.8500496e-05,0
2.4107709e-05,0
3.014892e-05,0
0.00089203945,0
1.55316e-05,0
9.636809e-05,0
2.0980631e-05,0
4.315157e-05,0
0.00032094933,0
5.282151e-05,0
1.7169375e-05,0
8.862564e-05,0
0.00010797874,0
3.360519e-05,0
0.0003203151,0
0.01705773,0
2.6310954e-05,0
1.2152566e-05,0
9.6861244e-05,0
0.00016401765,0
5.685509e-05,0
7.711426e-05,0
1.9306213e-05,0
0.00025561452,0
2.0071266e-05,0
0.00040699242,0
3.4961184e-05,0
2.5018544e-05,0
6.583258e-05,0
1.9504814e-05,0
2.0466094e-05,0
3.0160627e-05,0
5.3862557e-05,0
2.3158722e-05,0
9.994735e-05,0
1.8850931e-05,0
3.1362655e-05,0
2.127955e-05,0
0.00010223966,0
2.6816248e-05,0
3.1535536e-05,0
1.9158884e-05,0
9.873307e-05,0
5.3122785e-05,0
1.9351595e-05,0
0.00012208411,0
1.5725807e-05,0
0.00016262823,0
4.8268128e-05,0
9.9113866e-05,0
6.9757836e-05,0
4.8948743e-05,0
9.630783e-05,0
5.0084273e-05,0
0.0006753643,0
0.00013010876,0
9.774513e-06,0
0.0024555011,0
0.00018311733,0
5.7849724e-05,0
3.0257144e-05,0
0.0036096852,0
6.647949e-05,0
2.7095195e-05,0
2.0679327e-05,0
0.00016802466,0
0.00012310142,0
0.00032917268,0
4.3148484e-05,0
0.00015414337,0
5.7144218e-05,0
2.6796155e-05,0
0.0013233857,0
0.01930472,0
4.6725778e-05,0
5.3297546e-05,0
8.363736e-05,0
2.455942e-05,0
3.1182804e-05,0
5.2533862e-05,0
5.215118e-05,0
0.00015969122,0
3.582277e-05,0
1.1766524e-05,0
0.00013045329,0
4.4620458e-05,0
0.0022282405,0
4.5742483e-05,0
0.0005752519,0
0.0001662535,0
9.617851e-05,0
4.6521294e-05,0
6.5063075e-05,0
1.9197347e-05,0
0.00031752227,0
4.5015575e-05,0
2.2466114e-05,0
1.4633285e-05,0
2.2930195e-05,0
3.0887306e-05,0
9.837794e-05,0
0.000116808,0
2.0256697e-05,0
0.0002273617,0
0.00022333759,0
2.6378462e-05,0
2.3389886e-05,0
0.0003169343,0
1.2736843e-05,0
0.00014034507,0
4.9270162e-05,0
1.9804687e-05,0
0.00021594831,0
0.0004866458,0
2.1114452e-05,0
2.3617988e-05,0
1.9670368e-05,0
2.4426423e-05,0
2.0077076e-05,0
2.084069e-05,0
8.994951e-05,0
0.0003058745,0
0.00010740879,0
8.5234606e-05,0
2.3322018e-05,0
9.568924e-05,0
6.041134e-05,0
0.0007000404,0
3.138412e-05,0
9.493989e-05,0
2.3489889e-05,0
0.000116628114,0
3.1056185e-05,0
2.2909058e-05,0
2.8671102e-05,0
4.968116e-05,0
9.297333e-05,0
2.2212667e-05,0
1.613762e-05,0
6.987312e-05,0
0.0003622727,0
4.8826063e-05,0
0.00020228406,0
0.0013347131,0
5.8452315e-05,0
2.755469e-05,0
0.0009189524,0
2.1631464e-05,0
1.9391917e-05,0
6.0820486e-05,0
5.7294186e-05,0
1.9708887e-05,0
5.1708867e-05,0
3.1842752e-05,0
9.3052746e-05,0
3.0842617e-05,0
2.2544802e-05,0
4.1552426e-05,0
0.00013946868,0
2.3504697e-05,0
0.0003134024,0
7.31472e-05,0
0.0013757884,0
1.9350397e-05,0
2.6518977e-05,0
0.00019463972,0
0.00035081286,0
0.00059451774,0
2.8556346e-05,0
4.6416437e-05,0
9.10991e-05,0
4.763545e-05,0
2.3146746e-05,0
2.1178052e-05,0
0.0075879167,0
0.00032289288,0
4.8506565e-05,0
3.08668e-05,0
0.00025815994,0
9.276585e-06,0
1.7623546e-05,0
5.9296268e-05,0
2.4824285e-05,0
5.1205287e-05,0
4.905395e-05,0
4.0675895e-05,0
6.4359825e-05,0
2.0072988e-05,0
1.946489e-05,0
4.646116e-05,0
1.4784135e-05,0
2.6857366e-05,0
9.207379e-05,0
2.574475e-05,0
0.00024525973,0
0.0004290628,0
1.8352099e-05,0
2.0588708e-05,0
0.00017395982,0
0.000111668756,0
1.9211744e-05,0
2.473398e-05,0
0.0001339188,0
2.7325483e-05,0
0.00021429505,0
2.1506641e-05,0
8.306135e-05,0
1.9477513e-05,0
0.0003942437,0
6.253165e-05,0
0.000117259064,0
2.0064428e-05,0
2.5317106e-05,0
8.7205604e-05,0
1.6398597e-05,0
0.013257059,0
0.0001120174,0
3.677432e-05,0
0.0013692079,0
4.374378e-05,0
0.00018610922,0
1.958563e-05,0
2.195571e-05,0
0.0006349853,0
2.1419675e-05,0
2.535378e-05,0
0.0010263646,0
1.5962685e-05,0
5.1456365e-05,0
9.266264e-05,0
0.00074376765,0
2.8716715e-05,0
0.00015679203,0
1.1558339e-05,0
0.00047151942,0
7.252502e-05,0
0.0012433142,0
0.00096340175,0
0.00012129814,0
0.00024449974,0
0.00065358286,0
0.00037473967,0
1.14894765e-05,0
4.5712542e-05,0
0.00044162586,0
4.6925405e-05,0
2.62138e-05,0
6.605532e-05,0
0.0005717011,0
2.1191532e-05,0
4.3274176e-05,0
7.286017e-05,0
0.0003761783,0
0.00013187001,0
4.089094e-05,0
1.3153507e-05,0
1.1652238e-05,0
0.00024070773,0
5.297235e-05,0
0.000102729515,0
2.0844129e-05,0
6.862765e-05,0
5.725699e-05,0
0.00011978445,0
4.881469e-05,0
2.1284719e-05,0
4.8900547e-05,0
0.00034385576,0
5.220559e-05,0
2.1114276e-05,0
0.00016797712,0
1.937065e-05,0
2.8534309e-05,0
4.8423382e-05,0
5.9108672e-05,0
0.00016918176,0
4.882833e-05,0
1.5301306e-05,0
4.1559826e-05,0
0.00025269692,0
0.0006088588,0
5.2166994e-05,0
5.2541767e-05,0
0.00052615505,0
0.0003373605,0
1.5337722e-05,0
3.5682835e-05,0
1.1796633e-05,0
1.0434728e-05,0
1.903902e-05,0
0.012873524,0
1.2005304e-05,0
2.0650425e-05,0
0.00063774234,0
2.8615968e-05,0
2.3296989e-05,0
0.00017472543,0
2.206368e-05,0
2.0653704e-05,0
2.0156165e-05,0
0.0011705204,0
1.9378602e-05,0
5.092584e-05,0
0.011023363,0
0.0005697894,0
4.8329563e-05,0
6.941016e-05,0
0.000107598724,0
1.4015583e-05,0
3.136131e-05,0
0.000108787586,0
2.2950679e-05,0
0.0038720183,0
1.9858231e-05,0
4.9320686e-05,0
2.113804e-05,0
0.0001473722,0
2.6195576e-05,0
0.0003529124,0
1.4358492e-05,0
0.007975114,0
1.962489e-05,0
3.550247e-05,0
3.2004216e-05,0
0.00013054686,0
1.1374511e-05,0
2.8334316e-05,0
0.006806389,0
0.00010232561,0
0.00011528088,0
0.00020667691,0
0.0015489238,0
2.7011427e-05,0
0.00018591012,0
4.1224186e-05,0
3.2180724e-05,0
0.00015206591,0
2.4815301e-05,0
2.6960479e-05,0
0.0015355672,0
2.2977752e-05,0
0.00013801458,0
1.5173106e-05,0
0.0005431091,0
4.938808e-05,0
0.0019223492,0
9.804646e-05,0
1.769872e-05,0
3.949674e-05,0
1.7033168e-05,0
0.0067169173,0
0.00048817636,0
1.7670654e-05,0
0.00031746554,0
2.2202164e-05,0
0.00019053518,0
5.4511333e-05,0
0.0037992732,0
0.003430107,0
9.5459116e-05,0
6.082412e-05,0
0.0005630453,0
0.00018102235,0
5.812482e-05,0
1.9285613e-05,0
2.7799786e-05,0
4.3142463e-05,0
1.9577794e-05,0
2.0724963e-05,0
0.00032851612,0
9.83065e-05,0
8.3655956e-05,0
0.0001893984,0
0.00017088949,0
4.687403e-05,0
4.74096e-05,0
3.3746266e-05,0
7.080217e-05,0
0.0014767111,0
0.00021138258,0
7.172404e-05,0
0.00019346997,0
0.00013408718,0
0.00027488623,0
1.8475643e-05,0
0.0021764769,0
1.5654801e-05,0
2.7809205e-05,0
0.00087335665,0
0.011289264,0
5.851821e-05,0
0.020118434,0
3.6853948e-05,0
4.9768278e-05,0
5.1264724e-05,0
7.589289e-05,0
1.9482906e-05,0
0.007124203,0
9.9293975e-05,0
1.7886929e-05,0
0.00019349917,0
3.521207e-05,0
2.7994703e-05,0
0.0018687943,0
1.3769239e-05,0
7.6450815e-05,0
5.449993e-05,0
2.2205048e-05,0
1.4817344e-05,0
0.0004678428,0
0.0008354403,0
2.0639527e-05,0
7.1089904e-05,0
5.8076126e-05,0
0.0001655836,0
0.0014211148,0
2.9284995e-05,0
4.2308435e-05,0
2.0507337e-05,0
1.1683249e-05,0
0.00012615824,0
4.9428192e-05,0
1.8226487e-05,0
3.104681e-05,0
0.00096794905,0
0.00010116723,0
4.4430308e-05,0
0.007987707,0
1.6025295e-05,0
2.2781318e-05,0
0.00020301882,0
9.848787e-05,0
5.320719e-05,0
9.924549e-05,0
9.266037e-05,0
1.9220532e-05,0
1.5214908e-05,0
1.811212e-05,0
2.1811104e-05,0
4.3482392e-05,0
0.0035505213,0
3.5619607e-05,0
3.4694647e-05,0
4.222747e-05,0
3.195108e-05,0
2.1607513e-05,0
1.883847e-05,0
0.005314829,0
0.000105708175,0
7.4483985e-05,0
5.097429e-05,0
6.738092e-05,0
0.0036446482,0
3.9724346e-05,0
0.00016875098,0
0.009397011,0
1.4637125e-05,0
2.6023508e-05,0
0.0002900101,0
3.5459412e-05,0
0.00010689141,0
2.437877e-05,0
4.9249767e-05,0
2.3998746e-05,0
4.5120963e-05,0
5.634017e-05,0
1.8704373e-05,0
2.5975934e-05,0
0.0001441033,0
2.0560135e-05,0
1.9226776e-05,0
0.00017212062,0
9.815415e-05,0
0.00013586349,0
0.00038844065,0
0.0020031,0
1.5671447e-05,0
2.0543252e-05,0
2.3224715e-05,0
1.4423925e-05,0
1.9394285e-05,0
0.00416613,0
2.91491e-05,0
9.994738e-05,0
0.00018691593,0
4.001137e-05,0
3.7239803e-05,0
8.335199e-05,0
6.997609e-05,0
1.9960718e-05,0
6.332039e-05,0
1.538178e-05,0
2.0275029e-05,0
2.0184285e-05,0
5.1928335e-05,0
0.0011802731,0
0.00037059133,0
4.5632423e-05,0
2.0181515e-05,0
2.5565412e-05,0
2.3664015e-05,0
0.000115103634,0
2.6680382e-05,0
2.7555301e-05,0
1.9443485e-05,0
2.5569503e-05,0
7.2450304e-05,0
0.0023194358,0
2.329141e-05,0
2.4761586e-05,0
0.0037214002,0
9.702064e-06,0
2.8286026e-05,0
1.8015126e-05,0
9.17014e-06,0
0.003490933,0
0.00014455811,0
2.2542325e-05,0
0.007065552,0
0.006180818,0
9.325153e-05,0
3.5012956e-05,0
2.1313224e-05,0
9.068156e-05,0
2.4189478e-05,0
2.1488877e-05,0
9.5148374e-05,0
0.00034359994,0
0.00016794182,0
2.1739323e-05,0
2.4302708e-05,0
0.00011505299,0
0.00064359524,0
8.749849e-05,0
0.0004082222,0
4.837669e-05,0
0.014259002,0
6.220855e-05,0
2.0074087e-05,0
0.00018661354,0
5.2938514e-05,0
6.334576e-05,0
4.3413023e-05,0
2.5636877e-05,0
4.2024367e-05,0
0.00017880804,0
0.00018193043,0
0.0005295181,0
6.0297825e-05,0
3.4113084e-05,0
3.360837e-05,0
2.7823631e-05,0
2.1460484e-05,0
4.605889e-05,0
2.0811634e-05,0
7.586091e-05,0
2.7305e-05,0
0.0045390115,0
2.1759073e-05,0
4.8347774e-05,0
0.00043969185,0
2.7011309e-05,0
0.00012953274,0
0.009642302,0
6.535394e-05,0
5.4144075e-05,0
1.7232998e-05,0
8.090622e-05,0
3.1037118e-05,0
0.00011232382,0
0.00019337785,0
1.5504113e-05,0
2.8547278e-05,0
0.00019488229,0
5.6070952e-05,0
2.2541117e-05,0
1.4250137e-05,0
0.00066863454,0
2.1612008e-05,0
1.8968494e-05,0
1.4822046e-05,0
2.04887e-05,0
3.776272e-05,0
0.00011615776,0
1.4770486e-05,0
0.00014539887,0
2.88431e-05,0
0.007602235,0
1.8416386e-05,0
1.4807924e-05,0
4.2366693e-05,0
1.3766374e-05,0
2.4739184e-05,0
2.1482218e-05,0
0.00012563549,0
0.0001467645,0
0.0003979777,0
1.1389401e-05,0
4.827904e-05,0
3.7014008e-05,0
7.316765e-05,0
2.4379222e-05,0
5.6277597e-05,0
0.00014699409,0
4.8631417e-05,0
2.0817e-05,0
1.546587e-05,0
4.9648068e-05,0
7.276679e-05,0
2.6250445e-05,0
5.012533e-05,0
0.000117430776,0
3.34618e-05,0
2.9419933e-05,0
2.2636248e-05,0
0.00015876479,0
9.938097e-05,0
2.101476e-05,0
0.00016337124,0
1.2836179e-05,0
1.3049868e-05,0
1.5433052e-05,0
2.273958e-05,0
4.9836006e-05,0
0.00015675061,0
1.1199927e-05,0
1.9217016e-05,0
0.00014192215,0
0.00012041955,0
1.5212159e-05,0
0.0043837484,0
6.7429864e-05,0
1.6313059e-05,0
2.0078824e-05,0
2.0537113e-05,0
1.5245694e-05,0
0.00015731696,0
5.4617172e-05,0
8.619754e-05,0
3.753e-05,0
4.571286e-05,0
2.085643e-05,0
4.967865e-05,0
7.991034e-05,0
3.9145994e-05,0
3.992417e-05,0
0.010544614,0
6.668913e-05,0
0.0007280457,0
0.00025635678,0
2.8717743e-05,0
3.9429666e-05,0
5.2776966e-05,0
5.3396376e-05,0
1.5687208e-05,0
2.2296534e-05,0
2.489133e-05,0
0.00018139537,0
2.4334513e-05,0
4.9539794e-05,0
0.00037159296,0
6.812649e-05,0
0.0003351683,0
9.8104974e-05,0
9.2985916e-05,0
0.006340013,0
0.00012884653,0
8.9910114e-05,0
9.513295e-05,0
0.00054786593,0
0.0001830578,0
3.5823665e-05,0
0.0011454468,0
0.00019147038,0
0.0023183634,0
5.2572446e-05,0
7.5313736e-05,0
0.00011698736,0
6.0065213e-05,0
1.9945008e-05,0
1.7639162e-05,0
0.00021870207,0
2.4948959e-05,0
6.236309e-05,0
2.6311734e-05,0
1.313665e-05,0
0.00016899788,0
0.00017159195,0
3.1451164e-05,0
2.1612934e-05,0
0.0001171278,0
2.875301e-05,0
9.547791e-05,0
2.7069565e-05,0
2.3269613e-05,0
0.00017616077,0
1.2347364e-05,0
8.598312e-05,0
5.0351202e-05,0
0.00033602747,0
5.399529e-05,0
0.00018355178,0
3.923544e-05,0
2.2442682e-05,0
4.9156148e-05,0
1.2001969e-05,0
2.147747e-05,0
1.2916484e-05,0
2.0863821e-05,0
9.8984456e-05,0
1.4479902e-05,0
3.5326855e-05,0
1.9283112e-05,0
7.7057135e-05,0
2.7643604e-05,0
1.98746e-05,0
0.0002776962,0
4.1506937e-05,0
1.9441344e-05,0
3.729393e-05,0
7.9099394e-05,0
5.4517506e-05,0
1.8124156e-05,0
2.0830292e-05,0
0.00033107406,0
3.4484394e-05,0
2.7477754e-05,0
2.0069325e-05,0
4.600585e-05,0
1.9390047e-05,0
9.87336e-05,0
8.7952845e-05,0
0.00013632314,0
0.00081441796,0
2.1949367e-05,0
4.708086e-05,0
0.00021669565,0
6.722174e-05,0
2.4538229e-05,0
0.0001031321,0
2.3840885e-05,0
0.0021512231,0
1.2928248e-05,0
1.9326753e-05,0
0.0013933985,0
2.17555e-05,0
2.8272972e-05,0
0.0016096189,0
2.8771603e-05,0
0.0027240405,0
3.940741e-05,0
0.00016182037,0
0.00053905766,0
0.007461244,0
6.654866e-05,0
7.99753e-05,0
2.514753e-05,0
0.00014169225,0
1.5532954e-05,0
1.9581537e-05,0
2.4772844e-05,0
0.02184245,0
2.999666e-05,0
3.9396946e-05,0
4.8435923e-05,0
0.00014603895,0
0.00042254763,0
0.012538146,0
4.6611676e-05,0
8.724313e-05,0
0.00012525186,0
1.4258264e-05,0
5.5750832e-05,0
5.9947437e-05,0
4.8890328e-05,0
8.7780565e-05,0
0.00030614075,0
0.00016179837,0
5.9757956e-05,0
4.9125727e-05,0
1.7971854e-05,0
1.546775e-05,0
0.0053997077,0
0.0020986807,0
2.7685646e-05,0
5.561929e-05,0
5.3142445e-05,0
8.932144e-05,0
9.2845534e-05,0
0.00011438055,0
0.00021851339,0
0.000118723285,0
0.00010480386,0
5.0321607e-05,0
8.027307e-05,0
0.0071994215,0
5.9958536e-05,0
0.00040899613,0
2.5599009e-05,0
0.011847724,0
4.1419335e-05,0
0.0010875979,0
2.0289384e-05,0
1.2432716e-05,0
0.00010827859,0
0.00043689972,0
1.9704925e-05,0
2.7179292e-05,0
2.6951484e-05,0
2.5602536e-05,0
2.8739958e-05,0
5.787761e-05,0
1.1453795e-05,0
3.4872905e-05,0
0.009018432,0
6.283171e-05,0
1.3467082e-05,0
9.550575e-05,0
1.5656675e-05,0
2.6539645e-05,0
0.0008407059,0
3.4778364e-05,0
1.3893537e-05,0
1.5482488e-05,0
4.303289e-05,0
0.012105888,0
2.3320174e-05,0
4.4744385e-05,0
1.9638992e-05,0
0.00013060767,0
4.653739e-05,0
9.595437e-05,0
1.1965667e-05,0
1.7738868e-05,0
0.00016369762,0
2.1196729e-05,0
2.2602022e-05,0
5.7710673e-05,0
1.3376472e-05,0
2.0648695e-05,0
2.9104447e-05,0
0.00011637236,0
1.6402042e-05,0
2.8004551e-05,0
4.719215e-05,0
0.00011857185,0
0.00010954015,0
1.2867194e-05,0
1.7659026e-05,0
6.960013e-05,0
2.1229862e-05,0
5.30615e-05,0
8.744161e-05,0
4.0951298e-05,0
0.012656717,0
0.0050589973,0
0.010696638,0
3.8983755e-05,0
4.4199413e-05,0
2.513396e-05,0
0.0013349887,0
2.5193502e-05,0
0.00011330202,0
2.7493916e-05,0
0.0005908585,0
1.9561101e-05,0
1.45509475e-05,0
2.2878494e-05,0
6.001787e-05,0
2.8387743e-05,0
2.4962292e-05,0
0.00014126497,0
2.875176e-05,0
0.0035622744,0
9.826518e-05,0
1.856333e-05,0
4.7314697e-05,0
2.6986669e-05,0
5.4672022e-05,0
0.0002315176,0
0.0012635292,0
1.0869814e-05,0
0.0009536542,0
0.00018958688,0
1.1132722e-05,0
0.006034845,0
0.00012368175,0
9.9333665e-05,0
5.5831493e-05,0
9.752554e-05,0
2.3564524e-05,0
0.010773757,0
4.260557e-05,0
0.00010944718,0
0.0028888984,0
1.3715238e-05,0
2.0090789e-05,0
1.2573361e-05,0
2.162569e-05,0
2.991309e-05,0
0.00011121664,0
2.707004e-05,0
2.2228467e-05,0
1.5285135e-05,0
1.4831963e-05,0
2.1014366e-05,0
1.1976839e-05,0
6.3443425e-05,0
2.8462888e-05,0
3.4036773e-05,0
0.00010817411,0
2.3115368e-05,0
2.446417e-05,0
0.000108729175,0
6.2999155e-05,0
9.752259e-05,0
8.072133e-05,0
4.335999e-05,0
0.00016662531,0
5.3990923e-05,0
2.5865955e-05,0
3.0701576e-05,0
4.0892184e-05,0
0.00012711683,0
2.478703e-05,0
0.00023079122,0
0.0009977168,0
2.1170717e-05,0
0.00036010946,0
2.222071e-05,0
2.326352e-05,0
0.00011616378,0
1.9563337e-05,0
1.9427618e-05,0
1.698055e-05,0
0.00016472199,0
4.289856e-05,0
1.5414105e-05,0
0.00010086827,0
0.0002397793,0
4.0836843e-05,0
3.9314058e-05,0
3.465523e-05,0
0.000121170815,0
0.0034946634,0
2.2484697e-05,0
3.449884e-05,0
0.0005695395,0
0.009744449,0
0.005837087,0
0.007586138,0
0.00020343128,0
2.0318543e-05,0
0.00019155083,0
5.2513235e-05,0
0.00013859344,0
2.6066149e-05,0
9.718789e-06,0
0.00011560529,0
0.0004339001,0
3.8283157e-05,0
2.6513357e-05,0
0.002840818,0
1.9364705e-05,0
1.2494045e-05,0
1.8975266e-05,0
2.5283742e-05,0
2.7176275e-05,0
1.49017615e-05,0
2.44093e-05,0
2.934738e-05,0
0.00010382927,0
1.9358462e-05,0
4.873238e-05,0
2.4456927e-05,0
1.3669286e-05,0
3.9798004e-05,0
2.0624051e-05,0
2.1186233e-05,0
2.512895e-05,0
2.327298e-05,0
2.2914839e-05,0
0.00036689977,0
1.6934608e-05,0
0.0003511471,0
2.5334195e-05,0
0.0001396755,0
2.7221893e-05,0
0.0013507127,0
0.00027940565,0
0.00024934066,0
0.0036781144,0
0.00010166136,0
5.9506674e-05,0
0.000330166,0
5.0377963e-05,0
4.346237e-05,0
0.0006225916,0
1.903367e-05,0
3.9093888e-05,0
8.124796e-05,0
1.694268e-05,0
3.6017864e-05,0
0.00013778152,0
5.2748605e-05,0
2.456378e-05,0
3.0421443e-05,0
2.6672347e-05,0
1.8057779e-05,0
2.777096e-05,0
0.002225631,0
7.4802614e-05,0
2.0250935e-05,0
5.4425178e-05,0
3.1456115e-05,0
0.006539062,0
7.153257e-05,0
8.440027e-05,0
0.000110544286,0
0.009349041,0
2.1447548e-05,0
0.00089849666,0
0.00040510463,0
0.000107452695,0
2.1510914e-05,0
8.119929e-05,0
2.788326e-05,0
0.00010114415,0
2.2705435e-05,0
1.665653e-05,0
0.00017977958,0
0.0004543936,0
0.00040004353,0
0.011915864,0
9.887963e-05,0
9.885792e-05,0
0.00013138932,0
4.1686577e-05,0
0.00058335747,0
9.795326e-05,0
7.925342e-05,0
0.0008016425,0
1.879626e-05,0
2.0524556e-05,0
0.00036752148,0
1.9715066e-05,0
0.00017415333,0
0.0011200844,0
5.694172e-05,0
6.8800895e-05,0
0.0003046996,0
0.00036460435,0
0.00018124105,0
9.57665e-05,0
6.083107e-05,0
0.00021760214,0
0.006400412,0
0.00094090897,0
7.71026e-05,0
2.868133e-05,0
5.259167e-05,0
3.195365e-05,0
0.00017138716,0
0.00091007526,0
0.0006676712,0
1.9691854e-05,0
0.00019279018,0
3.2584976e-05,0
1.7657383e-05,0
0.0018839035,0
4.9955353e-05,0
0.00014761928,0
2.9507435e-05,0
0.00043471172,0
2.7852539e-05,0
2.309937e-05,0
1.9270947e-05,0
2.4796185e-05,0
0.010268136,0
0.000110048524,0
0.0009264975,0
1.9924022e-05,0
0.00013581889,0
4.9899816e-05,0
0.00027683686,0
2.970794e-05,0
3.824823e-05,0
2.8811262e-05,0
9.940893e-05,0
4.3494132e-05,0
0.00044293466,0
0.0004920052,0
2.5744162e-05,0
3.2400858e-05,0
1.6967288e-05,0
4.8401642e-05,0
1.9327908e-05,0
0.0005499696,0
2.1881708e-05,0
1.8038018e-05,0
2.33232e-05,0
2.1842425e-05,0
0.00010455993,0
2.0111718e-05,0
9.2997565e-05,0
2.5522293e-05,0
1.8383142e-05,0
3.6799847e-05,0
8.345273e-05,0
1.5867969e-05,0
4.7890433e-05,0
5.4099022e-05,0
7.928646e-05,0
1.3411913e-05,0
2.2668995e-05,0
2.0925829e-05,0
9.615568e-05,0
3.5106503e-05,0
0.00017919183,0
1.5052843e-05,0
2.9804993e-05,0
4.553881e-05,0
2.660053e-05,0
2.5067993e-05,0
5.3871307e-05,0
2.6832558e-05,0
0.00020350369,0
1.921573e-05,0
0.00025474784,0
0.00012540218,0
0.0018146017,0
2.1373018e-05,0
0.00036258847,0
0.0024602562,0
0.012979296,0
0.00021298928,0
2.849785e-05,0
1.9197147e-05,0
2.9614192e-05,0
9.873345e-05,0
0.0007687811,0
2.576402e-05,0
1.38853775e-05,0
1.9655048e-05,0
1.2710421e-05,0
0.00074654276,0
0.00014723734,0
4.1169853e-05,0
0.012235485,0
2.3923372e-05,0
3.2910026e-05,0
2.7744902e-05,0
2.5444522e-05,0
0.00056099566,0
2.0892632e-05,0
5.3256394e-05,0
0.00013969949,0
7.9890284e-05,0
5.8254504e-05,0
1.3741893e-05,0
8.170076e-05,0
2.09984e-05,0
5.668432e-05,0
1.1314838e-05,0
6.374599e-05,0
3.4058405e-05,0
0.00011621611,0
1.7104769e-05,0
0.00017160078,0
4.039969e-05,0
0.010211339,0
5.252949e-05,0
0.00015637382,0
9.6781805e-05,0
7.75033e-05,0
1.9293067e-05,0
2.2383514e-05,0
7.2427254e-05,0
9.780658e-06,0
6.690773e-05,0
4.8569265e-05,0
5.481518e-05,0
2.2033353e-05,0
2.2373935e-05,0
0.000108622175,0
4.3683714e-05,0
0.000104573504,0
9.5869065e-05,0
4.9195478e-05,0
0.0012786071,0
2.028938e-05,0
0.0031869086,0
2.8953482e-05,0
0.00013062083,0
0.00011694293,0
1.9724226e-05,0
0.00027630336,0
2.246109e-05,0
2.716566e-05,0
3.0787407e-05,0
9.7614524e-05,0
2.6164196e-05,0
0.000111395835,0
2.958804e-05,0
3.365116e-05,0
6.903042e-05,0
1.3830298e-05,0
3.8413225e-05,0
0.0029298575,0
0.00012003039,0
2.13802e-05,0
0.00027322283,0
2.182527e-05,0
0.001970732,0
5.0112823e-05,0
9.980178e-05,0
0.0001972667,0
1.5396812e-05,0
1.2798489e-05,0
6.192855e-05,0
0.0005988354,0
2.2693264e-05,0
0.00010969404,0
2.6091204e-05,0
1.1209948e-05,0
3.485241e-05,0
0.010805414,0
9.837803e-05,0
2.4881105e-05,0
2.3175076e-05,0
2.4953664e-05,0
0.00019768743,0
0.0014931788,0
3.26024e-05,0
0.000131768,0
5.83622e-05,0
2.4040772e-05,0
3.2002634e-05,0
2.3051283e-05,0
0.00014332248,0
1.9476942e-05,0
1.9353376e-05,0
8.507649e-05,0
1.1344635e-05,0
0.000100166486,0
2.1143853e-05,0
9.948174e-05,0
0.000362699,0
0.00010787365,0
0.00034493976,0
4.0788666e-05,0
1.3090569e-05,0
9.838482e-06,0
1.0896004e-05,0
1.5599146e-05,0
2.0252635e-05,0
1.9311807e-05,0
0.00014533228,0
1.9350671e-05,0
6.685867e-05,0
1.2245797e-05,0
1.600053e-05,0
0.0028444924,0
2.1238438e-05,0
0.00042747773,0
0.00017712798,0
0.00011099934,0
2.8535258e-05,0
4.1513587e-05,0
1.5328635e-05,0
2.5921976e-05,0
2.5068024e-05,0
6.0032133e-05,0
1.9242147e-05,0
0.00014861148,0
0.00094330497,0
0.012219014,0
3.7992995e-05,0
2.5739755e-05,0
1.5552925e-05,0
0.00023010303,0
0.007829522,0
1.7633622e-05,0
2.6199587e-05,0
0.0005770367,0
1.3814134e-05,0
1.6927284e-05,0
0.00021405375,0
0.0045137177,0
3.8261922e-05,0
0.00010517272,0
3.9323244e-05,0
4.4010096e-05,0
5.0572206e-05,0
2.680639e-05,0
0.00016259566,0
0.0001524904,0
0.00022782933,0
2.7391325e-05,0
0.0041550794,0
0.021340868,0
1.9189061e-05,0
6.803829e-05,0
0.0014821352,0
4.909867e-05,0
4.820876e-05,0
0.00107621,0
1.9289831e-05,0
2.101028e-05,0
5.326151e-05,0
0.00035588822,0
1.8318475e-05,0
2.615581e-05,0
2.856113e-05,0
1.9449493e-05,0
0.00019712729,0
1.7113422e-05,0
6.3759544e-05,0
3.692396e-05,0
0.00038084766,0
3.6635185e-05,0
2.1885267e-05,0
2.2471871e-05,0
0.0005283498,0
1.6908343e-05,0
3.1093896e-05,0
1.8892624e-05,0
0.00010239643,0
6.790029e-05,0
4.428622e-05,0
0.0025673257,0
2.6393303e-05,0
3.7769976e-05,0
5.532993e-05,0
0.00021459373,0
0.00014496678,0
0.0037870426,0
0.00086642243,0
6.69567e-05,0
2.6440157e-05,0
8.267675e-05,0
0.00013605099,0
7.5816446e-05,0
0.00010628125,0
8.689572e-05,0
4.8150545e-05,0
5.8474932e-05,0
9.774178e-05,0
2.4009805e-05,0
6.545458e-05,0
2.4936942e-05,0
2.647662e-05,0
2.5086265e-05,0
0.000102262966,0
0.0007333002,0
3.1275693e-05,0
0.00010478228,0
2.5786167e-05,0
2.2589464e-05,0
9.5638236e-05,0
6.0033024e-05,0
2.305432e-05,0
5.5764827e-05,0
3.1819378e-05,0
0.0011583583,0
0.003847259,0
0.00021887336,0
0.0001005306,0
6.47199e-05,0
3.0611503e-05,0
2.146805e-05,0
0.00020771887,0
0.00012444079,0
2.5165507e-05,0
0.00023429256,0
1.6086473e-05,0
1.3426757e-05,0
3.6027755e-05,0
0.003496403,0
9.917637e-05,0
0.0073041506,0
1.996468e-05,0
2.049022e-05,0
5.665366e-05,0
0.006989196,0
4.766185e-05,0
7.620407e-05,0
3.0279825e-05,0
1.6410822e-05,0
1.578565e-05,0
1.9350058e-05,0
2.7088292e-05,0
2.147126e-05,0
0.000763591,0
0.00016274703,0
4.8897506e-05,0
0.00066220155,0
4.6645586e-05,0
1.993032e-05,0
2.2258295e-05,0
2.553601e-05,0
3.0323283e-05,0
1.9382807e-05,0
4.985201e-05,0
2.4916775e-05,0
3.034174e-05,0
7.9949365e-05,0
0.00024549552,0
0.0003037944,0
0.00015075522,0
0.009908444,0
7.256869e-05,0
0.0002199709,0
8.5837295e-05,0
2.2032262e-05,0
0.00042383207,0
0.0003769056,0
2.8634708e-05,0
0.0012801958,0
2.8929615e-05,0
2.8530892e-05,0
1.23512455e-05,0
0.0006640308,0
1.9873278e-05,0
5.555061e-05,0
0.00011029023,0
1.9199344e-05,0
0.0007341365,0
9.911365e-05,0
1.996072e-05,0
1.9572914e-05,0
2.4232713e-05,0
1.7570677e-05,0
0.022027202,0
0.00021326162,0
7.2031624e-05,0
2.1967575e-05,0
0.00048237672,0
1.7589056e-05,0
4.805353e-05,0
1.8442914e-05,0
2.5342984e-05,0
0.000107518455,0
0.00096293207,0
3.4715562e-05,0
2.760908e-05,0
1.6883518e-05,0
0.012662009,0
1.50683245e-05,0
2.86607e-05,0
2.22015e-05,0
2.4511333e-05,0
0.00017606987,0
2.6799766e-05,0
0.00015654038,0
8.387537e-05,0
6.858527e-05,0
5.9797654e-05,0
3.1768803e-05,0
2.893016e-05,0
2.416677e-05,0
3.2710635e-05,0
0.00018716922,0
2.1809967e-05,0
4.885675e-05,0
0.00022017978,0
3.1794123e-05,0
2.7834909e-05,0
0.0025831745,0
1.3167972e-05,0
2.9951942e-05,0
1.950252e-05,0
0.000991547,0
0.00012617896,0
6.0023365e-05,0
0.0005811453,0
5.737804e-05,0
3.4038483e-05,0
0.0001612795,0
0.0002902312,0
1.839872e-05,0
2.0536976e-05,0
1.7747065e-05,0
7.108543e-05,0
1.669003e-05,0
2.4387875e-05,0
0.0002454722,0
2.0467141e-05,0
2.0259888e-05,0
2.682788e-05,0
0.0001127172,0
4.4134365e-05,0
4.8102283e-05,0
2.6977654e-05,0
0.00015006556,0
0.00011409896,0
0.0002642108,0
6.155572e-05,0
2.1506887e-05,0
0.00012058874,0
2.2904369e-05,0
1.2397828e-05,0
0.0014850402,0
9.591035e-05,0
4.1091775e-05,0
0.00037661797,0
4.6730405e-05,0
0.00010862619,0
0.0013201874,0
2.5335721e-05,0
1.4813927e-05,0
1.9468698e-05,0
1.3328904e-05,0
0.00019038668,0
0.00021669042,0
6.4099826e-05,0
2.7154367e-05,0
0.00018444259,0
5.7607176e-05,0
9.761458e-05,0
2.342896e-05,0
1.36515655e-05,0
2.4478155e-05,0
1.94413e-05,0
5.551185e-05,0
6.7423534e-05,0
2.5008714e-05,0
9.794177e-05,0
0.00026003885,0
2.2795599e-05,0
4.944172e-05,0
2.1488662e-05,0
0.00045156686,0
2.0972746e-05,0
2.0813675e-05,0
0.00012144417,0
4.1641284e-05,0
1.4608616e-05,0
0.0005746161,0
0.0016420234,0
1.9899091e-05,0
3.2225842e-05,0
5.2368312e-05,0
0.0015403285,0
6.502933e-05,0
0.00057557464,0
2.1791406e-05,0
4.981607e-05,0
2.7514634e-05,0
8.075346e-05,0
0.00017700577,0
0.0029967395,0
8.3081904e-05,0
0.00019209692,0
0.00016980682,0
5.9987855e-05,0
0.00045037855,0
9.6550335e-05,0
0.00017514937,0
6.320563e-05,0
4.3111093e-05,0
1.5543079e-05,0
3.6794558e-05,0
1.1299356e-05,0
3.5210054e-05,0
3.4289355e-05,0
1.3839408e-05,0
1.1179149e-05,0
9.280259e-05,0
0.00021303141,0
0.00021601374,0
2.0202013e-05,0
3.465175e-05,0
1.3027874e-05,0
7.8378245e-05,0
9.6675576e-05,0
9.152355e-05,0
2.8128356e-05,0
0.00011124306,0
0.001427849,0
1.8252978e-05,0
0.0022131673,0
5.6847e-05,0
1.7274919e-05,0
0.00021848116,0
0.001268052,0
0.00035757213,0
5.568708e-05,0
8.148112e-05,0
9.90552e-05,0
0.0009068842,0
0.00018674135,0
2.2404294e-05,0
0.0052431216,0
0.00021430507,0
1.544679e-05,0
0.0003731669,0
1.9726482e-05,0
0.00031094922,0
3.3895132e-05,0
0.00073770306,0
8.64576e-05,0
5.298106e-05,0
3.205384e-05,0
1.9989504e-05,0
2.5424644e-05,0
1.5820344e-05,0
9.903474e-06,0
8.917084e-05,0
3.522415e-05,0
5.832437e-05,0
1.9624078e-05,0
3.253928e-05,0
3.9317314e-05,0
0.012157272,0
1.9873385e-05,0
4.7873644e-05,0
2.7802727e-05,0
0.00069390296,0
9.741303e-05,0
1.4143286e-05,0
0.001925238,0
1.2755494e-05,0
2.7163927e-05,0
2.4883131e-05,0
0.005389527,0
2.0711246e-05,0
0.0005436026,0
3.0763742e-05,0
0.00010382373,0
1.6953636e-05,0
4.2394975e-05,0
1.9205627e-05,0
8.109751e-05,0
5.808435e-05,0
7.216119e-05,0
3.688616e-05,0
2.122499e-05,0
0.00014375402,0
1.7111055e-05,0
2.5980256e-05,0
1.1440156e-05,0
0.00021200451,0
0.002749497,0
0.0005870218,0
0.0032545854,0
3.7177957e-05,0
1.927954e-05,0
2.009229e-05,0
2.5880769e-05,0
3.4326105e-05,0
2.3785326e-05,0
0.0005072169,0
0.0004225184,0
0.0013159586,0
0.0007355928,0
2.9495826e-05,0
0.0019522218,0
0.00047403463,0
1.217137e-05,0
0.00030776422,0
3.5133424e-05,0
1.2764883e-05,0
0.0005442567,0
3.518556e-05,0
0.00016567006,0
0.012846571,0
3.2401967e-05,0
5.032344e-05,0
5.025261e-05,0
0.0018971574,0
3.2112886e-05,0
0.0027389345,0
2.1915423e-05,0
1.4114603e-05,0
9.815716e-05,0
4.611507e-05,0
4.0828556e-05,0
8.003848e-05,0
6.857221e-05,0
2.6295234e-05,0
0.006656419,0
9.711608e-05,0
5.952834e-05,0
0.0010661741,0
0.0062090466,0
0.00014824996,0
3.1189076e-05,0
2.0321046e-05,0
0.00015975305,0
5.7947294e-05,0
4.538455e-05,0
2.2687364e-05,0
3.2332213e-05,0
0.00019314997,0
0.0002724826,0
7.570651e-05,0
4.5028686e-05,0
3.069341e-05,0
9.760658e-06,0
0.00063097733,0
2.8364826e-05,0
5.8066777e-05,0
0.0003170222,0
8.245119e-05,0
2.666267e-05,0
0.0003741534,0
5.0785686e-05,0
0.0006213326,0
0.0026031253,0
2.180998e-05,0
5.1251853e-05,0
0.00013637847,0
9.5513155e-05,0
2.620402e-05,0
9.792396e-05,0
2.0305326e-05,0
7.878829e-05,0
0.00029755133,0
0.006134221,0
2.5834634e-05,0
1.5245096e-05,0
1.5414362e-05,0
3.0549418e-05,0
4.8814396e-05,0
4.167313e-05,0
4.0660903e-05,0
0.0001217539,0
1.6074124e-05,0
1.965325e-05,0
0.00026627738,0
2.2478313e-05,0
0.000105179,0
0.0007448717,0
2.4414816e-05,0
5.272931e-05,0
2.2155951e-05,0
9.164459e-05,0
9.911869e-05,0
2.7048045e-05,0
7.824093e-05,0
2.1531036e-05,0
5.9849663e-05,0
2.9015779e-05,0
2.0979709e-05,0
2.4995288e-05,0
0.0060636653,0
2.6870592e-05,0
3.368111e-05,0
0.0003718501,0
0.00089433277,0
2.3240835e-05,0
2.6456193e-05,0
2.0814177e-05,0
5.150411e-05,0
3.8022084e-05,0
1.9175515e-05,0
0.0001723992,0
0.00014399258,0
4.6152953e-05,0
7.0943046e-05,0
7.29696e-05,0
0.0001993693,0
0.00073788,0
5.366403e-05,0
2.7128715e-05,0
2.0069394e-05,0
2.6858854e-05,0
9.277296e-05,0
1.9546012e-05,0
2.8438939e-05,0
0.0002601302,0
0.0005392237,0
2.4673218e-05,0
3.2703185e-05,0
3.572961e-05,0
0.00012128325,0
9.558015e-05,0
5.6266814e-05,0
2.1949589e-05,0
2.3112847e-05,0
8.2117236e-05,0
1.3475462e-05,0
1.758933e-05,0
2.1274986e-05,0
0.00044601507,0
3.955208e-05,0
1.7398745e-05,0
0.0034249495,0
4.9478476e-05,0
2.1697022e-05,0
9.3174254e-05,0
9.411543e-05,0
3.0723222e-05,0
0.00019343372,0
2.6885102e-05,0
7.688639e-05,0
4.9663176e-05,0
0.00018491512,0
3.8709084e-05,0
2.4256606e-05,0
0.00013265332,0
0.0008909644,0
6.360713e-05,0
2.0557069e-05,0
4.9353173e-05,0
0.00035788378,0
0.005472998,0
7.304468e-05,0
1.2971408e-05,0
0.000133634,0
0.01020171,0
9.750734e-05,0
0.00014360205,0
0.00095901627,0
4.501583e-05,0
5.7901947e-05,0
0.0013844545,0
1.5469805e-05,0
0.00023198783,0
0.0023258766,0
4.804106e-05,0
5.7537436e-05,0
9.615967e-05,0
1.3271717e-05,0
2.5779082e-05,0
0.00035868515,0
1.8064658e-05,0
2.182255e-05,0
1.640716e-05,0
4.8424692e-05,0
4.4952023e-05,0
0.0018324866,0
5.2336403e-05,0
1.3409603e-05,0
0.0007282706,0
0.0005534499,0
8.7117434e-05,0
3.489408e-05,0
1.9881141e-05,0
0.00059631,0
2.7889624e-05,0
0.006176866,0
0.0007509238,0
0.0011211871,0
0.0004600434,0
1.3035683e-05,0
2.692086e-05,0
0.0068600588,0
1.6972284e-05,0
6.480538e-05,0
2.6724809e-05,0
1.9240848e-05,0
0.0001272906,0
1.9360894e-05,0
2.3968305e-05,0
1.8059478e-05,0
9.179923e-05,0
0.00021501999,0
1.17283e-05,0
6.138415e-05,0
0.00023695009,0
0.0006711289,0
2.0071153e-05,0
1.6960454e-05,0
3.8353133e-05,0
1.296869e-05,0
3.4402838e-05,0
0.0066382056,0
1.6230857e-05,0
1.4609497e-05,0
1.7125307e-05,0
2.6463616e-05,0
9.190476e-05,0
0.00015876329,0
0.00045194113,0
0.0006484769,0
2.1868556e-05,0
2.6461403e-05,0
3.6002744e-05,0
2.5153222e-05,0
5.688528e-05,0
1.4793354e-05,0
0.002580203,0
0.0005173353,0
4.9010934e-05,0
4.7295016e-05,0
3.1401327e-05,0
0.00010615801,0
2.1026593e-05,0
9.6817756e-05,0
0.00014708596,0
3.507273e-05,0
1.9299674e-05,0
0.00011655708,0
1.8132867e-05,0
5.3102016e-05,0
0.00013161117,0
2.2458e-05,0
4.8817015e-05,0
8.168077e-05,0
1.461173e-05,0
5.110945e-05,0
2.875027e-05,0
0.00011952057,0
6.0743394e-05,0
1.5328984e-05,0
2.298284e-05,0
4.6772926e-05,0
2.9974284e-05,0
4.8840622e-05,0
2.1138168e-05,0
3.6528352e-05,0
6.11352e-05,0
2.0178963e-05,0
0.020870809,0
2.6618027e-05,0
0.0002506101,0
5.2646134e-05,0
2.2991013e-05,0
1.4938122e-05,0
2.6752443e-05,0
5.2286778e-05,0
1.0949056e-05,0
0.00024302676,0
7.35691e-05,0
7.9230274e-05,0
0.00014719792,0
3.6210025e-05,0
0.00020235033,0
2.6178364e-05,0
7.1474155e-05,0
2.1478894e-05,0
0.0053760433,0
6.1533356e-05,0
3.9074628e-05,0
0.00054388784,0
0.00012940908,0
4.2622807e-05,0
7.771228e-05,0
9.5633855e-05,0
1.645315e-05,0
6.936274e-05,0
2.6097303e-05,0
1.1430323e-05,0
0.0001729069,0
3.4605277e-05,0
1.4748739e-05,0
5.24926e-05,0
0.0005178733,0
5.6725934e-05,0
2.1561906e-05,0
0.0008768627,0
7.141166e-05,0
3.9832794e-05,0
3.9455386e-05,0
0.008398025,0
0.00018164213,0
2.2795335e-05,0
0.0012095051,0
1.49177395e-05,0
2.1052338e-05,0
0.0006011102,0
2.3155086e-05,0
1.260505e-05,0
5.8484966e-05,0
1.9347106e-05,0
9.578941e-05,0
2.7492268e-05,0
4.825801e-05,0
0.0004098157,0
1.960941e-05,0
2.0811998e-05,0
7.8270445e-05,0
1.899203e-05,0
2.0930322e-05,0
0.00041504359,0
0.00013973938,0
0.00013555594,0
1.7414271e-05,0
9.790505e-06,0
0.00025096803,0
2.2074893e-05,0
2.0222426e-05,0
2.2227941e-05,0
0.00029126627,0
1.3419542e-05,0
3.5495428e-05,0
4.843485e-05,0
1.5789332e-05,0
2.6563936e-05,0
5.9007092e-05,0
0.0003209016,0
7.490113e-05,0
1.23294585e-05,0
0.011059245,0
0.00622393,0
4.9420014e-05,0
4.3265933e-05,0
0.0016171747,0
0.0006317163,0
9.416924e-06,0
2.4234101e-05,0
0.00017803804,0
2.5540854e-05,0
0.0024178228,0
0.00032161886,0
5.5681212e-05,0
1.1964587e-05,0
4.972049e-05,0
0.0018186762,0
4.735083e-05,0
0.0005982048,0
2.82096e-05,0
1.7969805e-05,0
1.8898343e-05,0
1.6992402e-05,0
1.9269037e-05,0
0.00028947066,0
2.6282562e-05,0
0.004713942,0
0.00012857963,0
7.860056e-05,0
7.99102e-05,0
5.4488148e-05,0
0.0035230007,0
0.000167018,0
0.01442638,0
2.214109e-05,0
0.0010566735,0
1.9364366e-05,0
2.5331718e-05,0
1.9715664e-05,0
4.9962164e-05,0
4.5845594e-05,0
6.994331e-05,0
0.00160933,0
0.0002997352,0
2.5898651e-05,0
3.907286e-05,0
2.618017e-05,0
1.606973e-05,0
4.4318138e-05,0
4.114355e-05,0
0.0001645655,0
4.73529e-05,0
0.0008701738,0
0.006716617,0
3.566463e-05,0
2.0595071e-05,0
3.560581e-05,0
3.9791295e-05,0
0.008532947,0
0.00013086875,0
1.6328711e-05,0
0.010182282,0
3.203672e-05,0
0.0012019938,0
2.8830063e-05,0
3.7456673e-05,0
0.0011121066,0
5.978413e-05,0
1.6176016e-05,0
4.892867e-05,0
0.00016921693,0
0.0019069036,0
1.9616811e-05,0
9.9947334e-05,0
0.00010932513,0
2.1558644e-05,0
0.00011370919,0
2.3188093e-05,0
2.5169256e-05,0
2.619558e-05,0
0.00017257694,0
2.1095411e-05,0
2.0913543e-05,0
3.3605047e-05,0
2.47216e-05,0
0.00015054621,0
7.2082636e-05,0
0.00026786208,0
2.0438352e-05,0
2.3450526e-05,0
1.234985e-05,0
7.096471e-05,0
3.0504374e-05,0
2.7927306e-05,0
2.7236183e-05,0
9.9832716e-05,0
0.00071806356,0
6.127039e-05,0
0.00020763812,0
8.548259e-05,0
1.595069e-05,0
2.7113885e-05,0
2.7182712e-05,0
1.8589195e-05,0
0.0060003046,0
1.937037e-05,0
3.1448282e-05,0
0.00010299759,0
2.8013203e-05,0
3.8419304e-05,0
2.2462616e-05,0
2.581907e-05,0
0.00017287144,0
2.2473167e-05,0
2.6996904e-05,0
4.868855e-05,0
5.3156124e-05,0
0.0039291796,0
3.0320178e-05,0
1.5239068e-05,0
2.3441778e-05,0
2.0479094e-05,0
9.660273e-05,0
2.053606e-05,0
0.00021898492,0
8.064821e-05,0
1.9229114e-05,0
0.00045937323,0
2.2640388e-05,0
0.0001211629,0
3.6810114e-05,0
3.3829245e-05,0
2.7705131e-05,0
1.2959104e-05,0
5.1654828e-05,0
6.068383e-05,0
0.0018773841,0
7.746321e-05,0
1.8707697e-05,0
1.9312509e-05,0
4.2996897e-05,0
4.853041e-05,0
6.949716e-05,0
3.2092645e-05,0
0.000323312,0
0.000102520666,0
1.4131266e-05,0
1.4190857e-05,0
2.534852e-05,0
1.9196641e-05,0
1.7469303e-05,0
2.6369642e-05,0
1.1791495e-05,0
3.4393208e-05,0
5.0323848e-05,0
0.008426973,0
9.752925e-05,0
1.895583e-05,0
2.051492e-05,0
0.0028614614,0
0.0017283137,0
7.3920055e-05,0
5.807121e-05,0
1.9426316e-05,0
0.00048903876,0
3.7506874e-05,0
2.1823402e-05,0
0.00017636453,0
0.000120220975,0
2.2868488e-05,0
4.7485308e-05,0
5.9007994e-05,0
4.5419674e-05,0
1.8163239e-05,0
4.672745e-05,0
0.0010067736,0
4.3053984e-05,0
2.1882897e-05,0
4.38262e-05,0
2.901639e-05,0
0.00010942074,0
8.213985e-05,0
0.00043861332,0
5.7942874e-05,0
2.1814747e-05,0
0.0045921304,0
2.2057306e-05,0
1.9444515e-05,0
0.00014170632,0
1.5722755e-05,0
2.6469159e-05,0
1.9891959e-05,0
0.00025077883,0
7.651292e-05,0
4.925968e-05,0
4.5312612e-05,0
3.1213916e-05,0
1.1668356e-05,0
5.313878e-05,0
1.6653528e-05,0
0.00020684178,0
0.010300775,0
9.217248e-05,0
0.0008636754,0
1.300726e-05,0
5.827269e-05,0
9.201166e-05,0
9.4046925e-05,0
1.2157128e-05,0
0.000100322155,0
2.611351e-05,0
2.035085e-05,0
5.4848755e-05,0
3.7562262e-05,0
0.00033357737,0
4.9494487e-05,0
1.9739191e-05,0
2.0560867e-05,0
5.2308143e-05,0
0.00017848167,0
0.007589568,0
2.3657823e-05,0
4.88204e-05,0
1.9363426e-05,0
0.006475023,0
6.056678e-05,0
2.9964134e-05,0
0.00048497043,0
5.4478875e-05,0
0.004856952,0
5.578553e-05,0
4.7326655e-05,0
2.1796126e-05,0
2.3600107e-05,0
5.6475965e-05,0
8.029265e-05,0
0.00035618874,0
2.2756301e-05,0
2.3738028e-05,0
0.0011290603,0
4.1348227e-05,0
0.00027023486,0
0.00010491604,0
0.00044939463,0
0.0014237184,0
4.1545434e-05,0
2.4149595e-05,0
7.878415e-05,0
0.0019299964,0
9.5698626e-05,0
0.00049529655,0
2.95058e-05,0
0.0001029557,0
1.775916e-05,0
5.4599517e-05,0
4.0779203e-05,0
2.699039e-05,0
0.00017286168,0
2.1527694e-05,0
1.5552541e-05,0
1.8150944e-05,0
8.3115905e-05,0
3.3493394e-05,0
0.0002633529,0
1.8990517e-05,0
0.00014305556,0
0.00066668936,0
1.329623e-05,0
0.00011271991,0
1.5269907e-05,0
0.00010208723,0
0.0009997634,0
1.9557026e-05,0
0.00017165286,0
0.00017037093,0
6.7570785e-05,0
2.4915618e-05,0
1.9216126e-05,0
1.5222511e-05,0
2.0086916e-05,0
9.9801706e-05,0
2.7625987e-05,0
2.618102e-05,0
2.053585e-05,0
5.5815606e-05,0
3.3385622e-05,0
1.5942916e-05,0
0.0037679046,0
0.0024903314,0
0.00014335879,0
7.859506e-05,0
2.8323446e-05,0
5.224371e-05,0
1.9395791e-05,0
5.9836446e-05,0
1.4348878e-05,0
0.0018069127,0
1.697744e-05,0
0.00018161276,0
0.0002269907,0
9.924595e-05,0
0.00054198,0
2.2711363e-05,0
5.4113072e-05,0
4.5080356e-05,0
1.6932225e-05,0
2.2072034e-05,0
6.260573e-05,0
2.138704e-05,0
1.8101004e-05,0
1.806417e-05,0
6.5558495e-05,0
2.0733645e-05,0
4.9479022e-05,0
1.5392296e-05,0
5.2056337e-05,0
4.2649735e-05,0
0.0007009087,0
9.8734075e-05,0
0.0002595988,0
2.8217764e-05,0
1.7458187e-05,0
0.000106278574,0
5.6922865e-05,0
5.701111e-05,0
0.00015755174,0
2.8963581e-05,0
0.0001383647,0
1.119408e-05,0
7.370677e-05,0
8.85357e-05,0
2.1463586e-05,0
5.567995e-05,0
4.2904045e-05,0
2.0550595e-05,0
2.0473488e-05,0
0.00019575286,0
2.2071761e-05,0
0.00010550385,0
2.6972082e-05,0
9.93221e-05,0
4.981417e-05,0
1.0821559e-05,0
3.1808828e-05,0
4.982834e-05,0
1.51407e-05,0
4.1630658e-05,0
0.00028953454,0
0.002788866,0
2.4660883e-05,0
2.4829662e-05,0
4.9660925e-05,0
0.014269208,0
0.00030381227,0
0.00010044261,0
1.945956e-05,0
5.6930272e-05,0
5.0162773e-05,0
5.10644e-05,0
4.8814956e-05,0
0.00015126832,0
9.799476e-05,0
3.3648485e-05,0
0.001992774,0
0.00099308,0
1.465967e-05,0
0.00018188404,0
2.1076998e-05,0
6.108557e-05,0
2.5081723e-05,0
0.0002558228,0
8.33799e-05,0
2.3347757e-05,0
0.012149423,0
0.00020345334,0
2.162741e-05,0
1.6343265e-05,0
0.011605074,0
6.103556e-05,0
1.353033e-05,0
2.6106069e-05,0
0.001657571,0
9.777159e-05,0
2.5575802e-05,0
0.000119114135,0
1.5474468e-05,0
0.0010285382,0
2.564373e-05,0
2.4547096e-05,0
7.140395e-05,0
0.0016256702,0
0.00024882003,0
0.00012936332,0
9.976757e-05,0
2.1771368e-05,0
5.0333667e-05,0
5.242905e-05,0
2.914733e-05,0
0.0013518622,0
0.0046644006,0
2.147178e-05,0
1.1429848e-05,0
0.00010612421,0
1.6711145e-05,0
2.0115067e-05,0
0.000103480874,0
0.00011875687,0
1.1094507e-05,0
1.5507792e-05,0
4.6382404e-05,0
0.001823351,0
0.00015880557,0
0.002107474,0
3.4158358e-05,0
2.0287926e-05,0
4.7967773e-05,0
0.0002447125,0
0.00016667544,0
1.8482882e-05,0
2.6452313e-05,0
1.7270773e-05,0
2.0712298e-05,0
6.0218714e-05,0
7.91936e-05,0
4.9337472e-05,0
0.003554927,0
1.9435676e-05,0
3.043002e-05,0
0.00042900752,0
7.253576e-05,0
0.008730051,0
0.010219933,0
0.00021534786,0
0.0001581724,0
0.0011012789,0
0.00015991944,0
2.2522681e-05,0
2.8176855e-05,0
1.993348e-05,0
0.00056277576,0
4.1224357e-05,0
8.8040644e-05,0
5.5565928e-05,0
1.3801847e-05,0
5.336806e-05,0
2.6643567e-05,0
1.26261575e-05,0
3.090541e-05,0
0.010088979,0
0.0004864468,0
0.0006709793,0
4.229743e-05,0
5.0171395e-05,0
3.6050118e-05,0
9.584053e-05,0
7.172357e-05,0
0.003595324,0
0.0014722553,0
2.172228e-05,0
2.6797616e-05,0
2.174619e-05,0
0.001001692,0
1.7592527e-05,0
8.749629e-05,0
1.5476866e-05,0
2.4991212e-05,0
0.0007865038,0
0.00011308993,0
3.9606293e-05,0
2.7581496e-05,0
2.3962968e-05,0
2.3771101e-05,0
0.00025156524,0
3.419026e-05,0
6.237562e-05,0
7.3746916e-05,0
1.9112911e-05,0
1.3529585e-05,0
4.655264e-05,0
1.9232588e-05,0
0.00014818711,0
1.1391757e-05,0
0.00021901596,0
3.125833e-05,0
0.00019865688,0
5.838011e-05,0
2.0216241e-05,0
3.2647862e-05,0
3.6677804e-05,0
0.00085041684,0
1.922259e-05,0
2.6354963e-05,0
3.418411e-05,0
4.3677283e-05,0
3.0344894e-05,0
1.5734404e-05,0
5.2335232e-05,0
3.5063156e-05,0
1.820173e-05,0
0.0001663497,0
5.9068716e-05,0
0.00020532307,0
2.0552121e-05,0
4.7635545e-05,0
4.9267055e-05,0
1.1652635e-05,0
0.00014606076,0
1.4773236e-05,0
0.0005236556,0
2.0072193e-05,0
3.371294e-05,0
3.258145e-05,0
1.36672115e-05,0
0.00021239677,0
0.00015268574,0
0.0011901299,0
1.4247733e-05,0
2.0540729e-05,0
3.618118e-05,0
2.2624256e-05,0
8.034039e-05,0
0.00012704711,0
0.005946132,0
1.033392e-05,0
1.2419545e-05,0
0.000106208005,0
2.5421654e-05,0
0.0011360537,0
4.1401745e-05,0
8.8760375e-05,0
7.997019e-05,0
0.0052640163,0
7.575331e-05,0
2.360438e-05,0
1.751091e-05,0
4.7998405e-05,0
2.5077943e-05,0
0.00012089489,0
2.26541e-05,0
0.00018699892,0
2.162819e-05,0
0.000113127666,0
2.2356053e-05,0
2.2842643e-05,0
0.0001891388,0
6.080986e-05,0
3.304677e-05,0
0.00020034154,0
4.850739e-05,0
0.0003144971,0
0.0002107091,0
2.6980768e-05,0
4.1305746e-05,0
0.0001027526,0
4.8097045e-05,0
1.6129108e-05,0
1.9489162e-05,0
3.454705e-05,0
8.291189e-05,0
0.0017848929,0
0.00017672876,0
2.4512925e-05,0
1.0541722e-05,0
5.273481e-05,0
0.00087268226,0
0.00022591912,0
2.5924606e-05,0
4.7137073e-05,0
2.9774657e-05,0
5.704756e-05,0
2.4626142e-05,0
8.6907254e-05,0
0.00010892783,0
1.5504587e-05,0
3.429208e-05,0
0.0008322158,0
4.1293388e-05,0
0.00011266289,0
1.9345514e-05,0
1.568471e-05,0
4.8928974e-05,0
2.0371204e-05,0
0.0012272925,0
0.0010765399,0
0.0001251872,0
0.00014630625,0
0.000119782504,0
0.00014660755,0
1.9316485e-05,0
1.4909094e-05,0
2.4581772e-05,0
3.5678157e-05,0
0.00012628676,0
2.666274e-05,0
0.00014080982,0
0.00025049853,0
2.5738556e-05,0
4.933569e-05,0
1.2364798e-05,0
1.335563e-05,0
0.0015845575,0
0.001678329,0
0.0015404978,0
4.9377675e-05,0
0.00018871966,0
1.941349e-05,0
7.909954e-05,0
0.00042631986,0
0.008855326,0
0.00035130844,0
3.314304e-05,0
7.996623e-05,0
5.616668e-05,0
0.00045951921,0
7.797895e-05,0
5.8820606e-05,0
1.9223819e-05,0
1.3756308e-05,0
0.00043523926,0
0.00011220306,0
0.0015681388,0
2.7448048e-05,0
3.6561552e-05,0
1.6625796e-05,0
5.7348643e-05,0
3.981786e-05,0
9.496228e-05,0
2.4816241e-05,0
2.5041094e-05,0
0.0001083959,0
2.8715016e-05,0
1.9255162e-05,0
2.0067328e-05,0
1.9322915e-05,0
0.00014902418,0
3.2991615e-05,0
3.367266e-05,0
3.296552e-05,0
6.0368016e-05,0
6.4421154e-05,0
4.021198e-05,0
0.00024654876,0
2.615498e-05,0
1.9313164e-05,0
0.00017855699,0
7.791926e-05,0
1.7595998e-05,0
5.0792874e-05,0
1.924597e-05,0
2.6641825e-05,0
0.0010545579,0
2.849149e-05,0
0.005338998,0
2.1884796e-05,0
0.0015574148,0
0.00078109495,0
5.0031293e-05,0
1.4285226e-05,0
3.7010876e-05,0
2.1824932e-05,0
0.00016022717,0
0.008195781,0
3.0648152e-05,0
0.00010112462,0
0.00043336157,0
0.007908632,0
2.6315469e-05,0
0.0071071596,0
0.000118908494,0
0.00016662145,0
4.6055688e-05,0
0.0005243125,0
4.758599e-05,0
0.00015178208,0
2.536221e-05,0
0.005511371,0
1.6834287e-05,0
0.0010125996,0
0.0004651632,0
0.0022677567,0
2.3777493e-05,0
2.4027258e-05,0
2.2660273e-05,0
1.5474723e-05,0
1.194854e-05,0
3.4943387e-05,0
0.00011276061,0
1.3346989e-05,0
0.00021208513,0
1.2580661e-05,0
0.0041082334,0
2.0810909e-05,0
0.00011283192,0
6.546427e-05,0
7.268608e-05,0
4.9901526e-05,0
1.11163445e-05,0
2.2081713e-05,0
2.0305355e-05,0
4.6359757e-05,0
0.016354572,0
0.00020740816,0
4.072999e-05,0
0.00018650894,0
4.88639e-05,0
4.0081108e-05,0
0.00090668554,0
1.702318e-05,0
9.8493794e-05,0
2.8387638e-05,0
6.9456146e-05,0
0.00056982687,0
0.000109601184,0
2.5204623e-05,0
1.5057402e-05,0
9.588021e-05,0
1.9793877e-05,0
3.7742604e-05,0
0.0004289784,0
1.6076527e-05,0
0.0001884778,0
0.00028874035,0
2.764231e-05,0
0.0003669415,0
3.1221523e-05,0
0.00038446274,0
0.009509242,0
0.0001812714,0
1.3525682e-05,0
9.807267e-05,0
2.0795143e-05,0
1.2796995e-05,0
0.0037452606,0
0.00018919147,0
0.00011326073,0
1.9279454e-05,0
4.2085452e-05,0
1.6124415e-05,0
2.7660677e-05,0
0.00017443801,0
0.00016358438,0
5.6269695e-05,0
0.00012428148,0
5.5478795e-05,0
0.0016459145,0
0.0009977649,0
2.250065e-05,0
2.4705569e-05,0
1.4753563e-05,0
3.062247e-05,0
0.0015666187,0
0.00016582238,0
2.436903e-05,0
0.00028651938,0
0.000105363906,0
2.3504232e-05,0
6.0370276e-05,0
1.9710838e-05,0
9.567045e-05,0
5.8877347e-05,0
0.00027104554,0
1.4657824e-05,0
0.0010882543,0
5.0407485e-05,0
2.1260164e-05,0
5.7709734e-05,0
0.0001260116,0
2.6270054e-05,0
3.3699307e-05,0
2.7216724e-05,0
1.9225954e-05,0
3.2426462e-05,0
0.002238656,0
0.00016571106,0
0.0028430643,0
1.9709829e-05,0
2.040498e-05,0
1.5031952e-05,0
8.6061424e-05,0
8.742819e-05,0
4.8271166e-05,0
5.9628102e-05,0
0.00023106382,0
1.5283957e-05,0
2.502388e-05,0
2.6061236e-05,0
4.818913e-05,0
9.6503616e-05,0
1.1781831e-05,0
0.004989557,0
1.9641255e-05,0
2.3147879e-05,0
8.8894005e-05,0
1.5438667e-05,0
0.00080528413,0
9.9804216e-05,0
0.00013349966,0
2.1730448e-05,0
2.6011958e-05,0
4.4635475e-05,0
1.0475514e-05,0
1.8034769e-05,0
1.5467742e-05,0
0.00014906026,0
0.00016766408,0
5.3274784e-05,0
9.8193785e-05,0
2.055129e-05,0
2.7180105e-05,0
0.00010713884,0
2.6917663e-05,0
7.287244e-05,0
1.0366935e-05,0
1.2666739e-05,0
1.3683055e-05,0
6.224339e-05,0
0.00049980235,0
0.00057980116,0
0.000274485,0
9.9031386e-05,0
2.8202448e-05,0
0.00010071661,0
4.892846e-05,0
1.9253173e-05,0
0.00021200995,0
0.001752458,0
6.3201755e-05,0
2.2203652e-05,0
0.0007237396,0
3.367809e-05,0
2.0336269e-05,0
1.9704325e-05,0
0.0015245869,0
0.000114312636,0
5.9201157e-05,0
2.2849457e-05,0
1.6968788e-05,0
2.8689461e-05,0
1.8573666e-05,0
0.00015174897,0
4.959721e-05,0
0.0077111823,0
0.003997911,0
0.0020533863,0
2.3366772e-05,0
5.2814044e-05,0
0.0029551487,0
2.3089067e-05,0
3.3789715e-05,0
8.3123974e-05,0
0.0023969566,0
1.2690321e-05,0
0.00029337103,0
2.2264336e-05,0
2.5574698e-05,0
2.073958e-05,0
2.9407742e-05,0
0.00019033786,0
2.1459184e-05,0
0.0032054055,0
2.570495e-05,0
0.00097040675,0
0.00014913226,0
5.9527483e-05,0
2.9933748e-05,0
2.3445418e-05,0
8.7023254e-05,0
5.543093e-05,0
4.3171425e-05,0
1.9561474e-05,0
0.0013732967,0
6.611533e-05,0
0.00011141678,0
2.2372447e-05,0
0.00023456739,0
6.36062e-05,0
2.0722533e-05,0
1.919038e-05,0
6.5148764e-05,0
8.9515524e-05,0
0.00036372954,0
5.562863e-05,0
1.777303e-05,0
0.00012110734,0
5.125091e-05,0
2.201903e-05,0
6.580692e-05,0
0.00018529755,0
7.465348e-05,0
0.00010056291,0
5.883959e-05,0
9.1517475e-05,0
0.00012470891,0
2.2146767e-05,0
1.4633559e-05,0
1.9944044e-05,0
1.7940163e-05,0
0.0027024613,0
1.938705e-05,0
0.00026100533,0
9.658726e-05,0
3.022187e-05,0
1.1638957e-05,0
0.0012393832,0
1.9495765e-05,0
9.249477e-06,0
5.2894673e-05,0
1.5242852e-05,0
0.0022365823,0
1.4488729e-05,0
2.6365857e-05,0
3.392078e-05,0
5.1002276e-05,0
1.1167763e-05,0
9.3417584e-05,0
0.000102636695,0
0.0005925904,0
0.0001551389,0
9.6562275e-05,0
3.0337094e-05,0
8.9694935e-05,0
1.3079358e-05,0
6.495978e-05,0
0.00017423762,0
0.00010020136,0
0.00014199213,0
8.05254e-05,0
1.7307702e-05,0
0.00020662756,0
0.0039034847,0
1.8695024e-05,0
1.6716485e-05,0
0.0005729124,0
3.31697e-05,0
0.00014818365,0
4.8788166e-05,0
1.6230244e-05,0
0.00012652564,0
5.9252987e-05,0
2.295421e-05,0
1.8413055e-05,0
0.000113895636,0
3.4345307e-05,0
9.857546e-05,0
9.898426e-05,0
7.365111e-05,0
1.5090994e-05,0
0.00010975502,0
2.2940061e-05,0
0.007938085,0
1.9317105e-05,0
2.2216982e-05,0
1.225793e-05,0
2.0653535e-05,0
0.00024761842,0
0.009798484,0
1.539981e-05,0
1.6093605e-05,0
0.00024131725,0
2.030035e-05,0
0.0019083865,0
1.3770456e-05,0
2.191381e-05,0
0.00011082613,0
1.874621e-05,0
0.00020217556,0
5.165893e-05,0
2.7599699e-05,0
3.2297045e-05,0
2.0664536e-05,0
2.0825408e-05,0
0.0001536278,0
9.515454e-06,0
7.764521e-05,0
6.4685206e-05,0
2.0737245e-05,0
2.1464031e-05,0
1.803742e-05,0
0.000347385,0
2.3944129e-05,0
3.4437446e-05,0
4.874545e-05,0
0.0009978977,0
1.7354098e-05,0
9.6472766e-05,0
2.7559057e-05,0
2.0590061e-05,0
0.0045138616,0
9.859141e-05,0
1.5057418e-05,0
0.004365496,0
0.00031192478,0
4.8178823e-05,0
8.680913e-05,0
1.973518e-05,0
0.00020417455,0
3.687947e-05,0
2.7869815e-05,0
2.0082005e-05,0
2.778609e-05,0
4.8191647e-05,0
0.0001230355,0
2.0538524e-05,0
5.8271904e-05,0
0.00015861308,0
0.0037213808,0
7.091752e-05,0
4.6661575e-05,0
2.057103e-05,0
6.0807048e-05,0
0.0012146832,0
0.00016430211,0
2.3589062e-05,0
3.3196924e-05,0
8.9445486e-05,0
0.00011267993,0
9.343784e-05,0
0.00011271381,0
2.5849726e-05,0
0.00046443814,0
9.8072225e-05,0
2.5609559e-05,0
5.0359362e-05,0
0.0028229551,0
0.00012630492,0
0.0070320987,0
2.8732693e-05,0
4.8888734e-05,0
2.2216596e-05,0
2.5659303e-05,0
1.9356445e-05,0
1.6417958e-05,0
2.024302e-05,0
0.00012746849,0
2.0330057e-05,0
2.2204948e-05,0
6.1091116e-05,0
7.907582e-05,0
7.816475e-05,0
2.6450529e-05,0
2.1947699e-05,0
2.3905886e-05,0
0.0002128739,0
2.4890478e-05,0
0.0015624209,0
2.669319e-05,0
0.0005396348,0
2.4642663e-05,0
4.4491993e-05,0
2.2464168e-05,0
0.00010528298,0
0.003185113,0
1.9624471e-05,0
0.0034001668,0
0.0035944504,0
0.000180599,0
1.4841751e-05,0
2.0836638e-05,0
2.550337e-05,0
0.00010180609,0
2.9544497e-05,0
1.153944e-05,0
0.0003103157,0
5.0775754e-05,0
7.428077e-05,0
0.00012400527,0
0.010784415,0
1.6156115e-05,0
1.52109105e-05,0
0.0014559975,0
0.000109002336,0
7.2914496e-05,0
1.9274352e-05,0
3.76304e-05,0
4.7678615e-05,0
0.0016175511,0
6.0566676e-05,0
2.5803081e-05,0
3.1450487e-05,0
0.00013187515,0
0.011517747,0
2.4485138e-05,0
2.0099633e-05,0
0.0016493549,0
3.1415828e-05,0
8.475003e-05,0
0.000559288,0
0.007849173,0
0.00032994896,0
2.2423976e-05,0
1.9198336e-05,0
1.9707364e-05,0
0.0062297257,0
0.00011829464,0
6.112621e-05,0
0.00013740192,0
4.3745295e-05,0
0.0019442494,0
5.40246e-05,0
2.5733512e-05,0
0.009732389,0
0.0010319113,0
2.3239842e-05,0
5.174513e-05,0
0.00012224454,0
2.5259496e-05,0
0.00022431737,0
2.6610263e-05,0
9.788009e-05,0
0.0002550926,0
8.6670094e-05,0
2.1220656e-05,0
0.0013808119,0
4.9242626e-05,0
0.0002885388,0
0.0006778095,0
0.004562835,0
1.0636243e-05,0
8.2693354e-05,0
2.3950128e-05,0
0.00010528673,0
6.037439e-05,0
4.6819663e-05,0
2.7931263e-05,0
0.00015617414,0
6.399087e-05,0
2.2614378e-05,0
5.204392e-05,0
2.8094217e-05,0
0.00046087385,0
3.78123e-05,0
0.007458454,0
2.7239437e-05,0
0.000516381,0
0.00044238576,0
0.0012349816,0
3.5924688e-05,0
1.9357522e-05,0
0.0028261142,0
4.0751518e-05,0
3.0089248e-05,0
2.7604898e-05,0
1.7268618e-05,0
0.00038115005,0
1.5016801e-05,0
0.000105719635,0
1.2668438e-05,0
1.607671e-05,0
1.2924011e-05,0
2.0975607e-05,0
2.4881636e-05,0
8.3856045e-05,0
1.9687643e-05,0
1.1161718e-05,0
1.5342011e-05,0
1.9042072e-05,0
9.81544e-05,0
4.3037322e-05,0
0.0012675349,0
0.0015248307,0
0.00071314746,0
1.93346e-05,0
2.8441573e-05,0
5.8251422e-05,0
2.9218565e-05,0
1.4694111e-05,0
8.303162e-05,0
1.3665992e-05,0
1.3745607e-05,0
5.794858e-05,0
2.5234369e-05,0
3.3421846e-05,0
0.00028305696,0
1.68963e-05,0
0.0058818925,0
7.989163e-05,0
0.0012465381,0
1.9253363e-05,0
0.0016774158,0
2.3628087e-05,0
2.9460016e-05,0
9.854123e-05,0
3.836516e-05,0
0.00013658064,0
0.00038925052,0
2.6151774e-05,0
1.0784886e-05,0
1.386603e-05,0
0.0015843859,0
4.017987e-05,0
0.0013482025,0
1.9629468e-05,0
9.610674e-05,0
5.1100138e-05,0
7.541676e-05,0
0.00086301507,0
0.0015591762,0
4.966055e-05,0
0.00120653,0
2.210212e-05,0
2.0482688e-05,0
0.0032978414,0
1.9231811e-05,0
3.3834152e-05,0
0.00020381811,0
6.955169e-05,0
0.00011480386,0
0.00020073881,0
6.501753e-05,0
2.7325346e-05,0
6.800479e-05,0
5.2361436e-05,0
5.097783e-05,0
2.772247e-05,0
0.0005543136,0
1.4455402e-05,0
0.00018998777,0
9.373416e-05,0
2.6743133e-05,0
9.845978e-05,0
2.4028834e-05,0
1.94139e-05,0
2.4940178e-05,0
1.8683526e-05,0
0.0004220111,0
2.9425484e-05,0
0.0002166131,0
1.4268501e-05,0
3.278547e-05,0
2.6152442e-05,0
0.00024340989,0
0.00018625143,0
3.4001252e-05,0
1.7854145e-05,0
5.771384e-05,0
1.3788456e-05,0
9.321582e-05,0
1.1950994e-05,0
0.000100433936,0
4.9087528e-05,0
1.575609e-05,0
0.00077056687,0
4.4404136e-05,0
0.005441683,0
3.3378685e-05,0
4.0842326e-05,0
3.490419e-05,0
1.9447474e-05,0
5.2906737e-05,0
1.9561036e-05,0
0.0011804603,0
0.00018666027,0
4.3762993e-05,0
6.5674954e-05,0
2.829983e-05,0
2.5014613e-05,0
8.237344e-05,0
0.00038913958,0
2.8912114e-05,0
0.0007231155,0
0.00011812453,0
1.8493089e-05,0
0.00010517689,0
2.7098551e-05,0
9.66799e-05,0
1.938348e-05,0
5.2532163e-05,0
0.0012845852,0
2.3067687e-05,0
4.375633e-05,0
0.007580349,0
0.00021081026,0
2.0311218e-05,0
4.867784e-05,0
0.003218186,0
4.7683105e-05,0
0.0018468441,0
1.947198e-05,0
0.008823533,0
3.1965385e-05,0
5.384635e-05,0
0.0075879754,0
9.875058e-05,0
0.0005088459,0
8.748298e-05,0
0.00011307092,0
2.1478576e-05,0
2.7586724e-05,0
7.968135e-05,0
0.00018993467,0
9.5277e-06,0
2.2915629e-05,0
0.000117537,0
5.7690148e-05,0
0.00013927225,0
4.7522415e-05,0
0.0013839572,0
0.00022674393,0
4.7163816e-05,0
0.0031605598,0
6.166397e-05,0
1.7890514e-05,0
7.1757735e-05,0
4.7148107e-05,0
0.0001548196,0
0.00042893743,0
4.0281917e-05,0
0.0001259948,0
0.00011399774,0
1.6437578e-05,0
0.0009151415,0
0.0010423119,0
1.9341816e-05,0
3.1112264e-05,0
2.1457527e-05,0
0.00026082786,0
0.0005855581,0
2.4533854e-05,0
2.211766e-05,0
5.1334937e-05,0
4.3155476e-05,0
0.00083488884,0
3.080739e-05,0
0.00091317965,0
0.00010609702,0
2.0570382e-05,0
0.0009420034,0
0.00013368971,0
3.376315e-05,0
1.7611274e-05,0
5.371334e-05,0
2.7610376e-05,0
0.000117031734,0
5.9979677e-05,0
0.0003776741,0
0.017104685,0
2.8568997e-05,0
2.5641442e-05,0
6.3389256e-05,0
0.0005857103,0
2.1448297e-05,0
0.0003967849,0
4.8957583e-05,0
1.147308e-05,0
1.9449819e-05,0
0.0006641091,0
8.158791e-05,0
3.0207228e-05,0
9.221614e-05,0
0.00030669186,0
6.0213937e-05,0
2.394883e-05,0
0.0002862963,0
5.176101e-05,0
1.971022e-05,0
7.3865594e-05,0
9.885768e-05,0
2.1735e-05,0
0.00019206844,0
2.0323572e-05,0
2.7465072e-05,0
8.756201e-05,0
0.00013610166,0
2.8634628e-05,0
3.4468274e-05,0
0.007555681,0
3.5148045e-05,0
1.5086818e-05,0
1.9565083e-05,0
2.1328276e-05,0
0.00013901408,0
0.0013851417,0
1.7877635e-05,0
4.2071657e-05,0
1.9304998e-05,0
5.3122327e-05,0
0.00092132785,0
2.7257269e-05,0
2.5763107e-05,0
0.00020904186,0
2.6600375e-05,0
4.8816255e-05,0
5.52462e-05,0
0.0001199679,0
7.700672e-05,0
0.0013648057,0
1.9902249e-05,0
3.710195e-05,0
0.010304664,0
2.7233571e-05,0
1.083325e-05,0
0.00039921975,0
2.2261589e-05,0
0.00023617806,0
0.0001228782,0
0.00018745581,0
4.497467e-05,0
9.787732e-05,0
0.00010871718,0
2.0581234e-05,0
9.5544936e-05,0
9.746047e-05,0
5.8944814e-05,0
1.4378564e-05,0
1.50327405e-05,0
2.1029127e-05,0
1.3612684e-05,0
2.0003763e-05,0
0.0001310835,0
1.9883446e-05,0
2.3340272e-05,0
5.7602883e-05,0
2.4960473e-05,0
0.000121438454,0
2.1795178e-05,0
1.6126663e-05,0
4.0322422e-05,0
5.9552127e-05,0
8.927825e-05,0
3.0192214e-05,0
2.0817288e-05,0
1.5590882e-05,0
0.00023794743,0
0.00013890637,0
5.1841533e-05,0
0.00029022055,0
0.00017581324,0
0.00010112439,0
6.669434e-05,0
0.00046162802,0
0.00054238405,0
0.0001256726,0
2.5588353e-05,0
2.6984082e-05,0
3.8419366e-05,0
1.9279325e-05,0
0.0013968603,0
2.561622e-05,0
1.2016012e-05,0
6.520965e-05,0
4.4054035e-05,0
0.011452948,0
7.932824e-05,0
2.758728e-05,0
0.0035380623,0
0.00011065422,0
1.2704619e-05,0
1.5109948e-05,0
7.667032e-05,0
0.0012490964,0
2.5591586e-05,0
3.790745e-05,0
0.00029297703,0
2.516384e-05,0
0.008538837,0
2.7495738e-05,0
4.029699e-05,0
3.1575946e-05,0
9.694197e-05,0
9.565156e-05,0
3.605573e-05,0
0.000396867,0
0.0002976518,0
4.5144137e-05,0
4.9125672e-05,0
8.846889e-05,0
1.9620305e-05,0
1.9196112e-05,0
5.656225e-05,0
1.9442745e-05,0
6.718249e-05,0
4.623806e-05,0
8.4022715e-05,0
6.6933404e-05,0
1.9190282e-05,0
9.76455e-05,0
0.0005453233,0
0.00010934434,0
2.9332452e-05,0
0.00021015308,0
1.8862089e-05,0
1.7519498e-05,0
1.3093127e-05,0
0.000108306995,0
2.4096213e-05,0
4.736754e-05,0
2.3884419e-05,0
2.8356977e-05,0
1.673894e-05,0
9.7624186e-05,0
2.399187e-05,0
1.8801626e-05,0
0.00017545553,0
0.00014273514,0
7.0082795e-05,0
0.00013418493,0
1.2212803e-05,0
9.005527e-05,0
0.00014255497,0
5.6449844e-05,0
2.7140708e-05,0
1.7878301e-05,0
9.456035e-05,0
2.861567e-05,0
3.172311e-05,0
5.520548e-05,0
2.2305063e-05,0
8.782899e-05,0
2.7372365e-05,0
1.9739844e-05,0
1.50299375e-05,0
0.0055122254,0
2.2224538e-05,0
5.0240436e-05,0
0.00064081803,0
2.299468e-05,0
0.00035596464,0
1.6686845e-05,0
1.9246436e-05,0
1.9714176e-05,0
0.0009713885,0
3.4891127e-05,0
4.9415816e-05,0
1.543173e-05,0
2.3457123e-05,0
1.9564002e-05,0
1.7309367e-05,0
0.019308103,0
1.9473111e-05,0
0.00020465467,0
6.670651e-05,0
2.3236207e-05,0
4.922659e-05,0
0.00017950217,0
0.00015172685,0
0.00043875133,0
2.45655e-05,0
4.287471e-05,0
2.3892735e-05,0
5.470398e-05,0
4.36163e-05,0
2.494612e-05,0
2.8475251e-05,0
1.9359548e-05,0
2.5395984e-05,0
1.9955329e-05,0
1.9452933e-05,0
1.3776169e-05,0
2.1133417e-05,0
0.00017247947,0
0.00014102888,0
0.00020416055,0
9.525303e-05,0
0.00011283236,0
6.198354e-05,0
3.5085683e-05,0
2.4104887e-05,0
0.013195372,0
1.3593102e-05,0
0.00017965566,0
0.00017355544,0
5.423409e-05,0
2.4920435e-05,0
0.0038553658,0
2.496275e-05,0
0.000117578835,0
1.9571578e-05,0
4.931603e-05,0
0.0012491902,0
5.3473774e-05,0
0.015800094,0
5.2068946e-05,0
2.690838e-05,0
8.4923544e-05,0
2.5585738e-05,0
3.854728e-05,0
2.7810886e-05,0
2.8073999e-05,0
0.006222043,0
0.00022201882,0
4.1475047e-05,0
1.9442787e-05,0
5.2892596e-05,0
0.0004296941,0
1.9596302e-05,0
0.00018478425,0
2.99099e-05,0
1.722525e-05,0
0.0001244853,0
3.939371e-05,0
3.670231e-05,0
2.5128162e-05,0
0.00052284537,0
0.00011198283,0
0.0003520021,0
1.1717175e-05,0
1.8173509e-05,0
8.323923e-05,0
0.0047292584,0
3.1341286e-05,0
2.3243509e-05,0
0.0012384886,0
0.00034742005,0
2.3379678e-05,0
2.7534852e-05,0
1.604448e-05,0
2.7754622e-05,0
0.0002711753,0
5.5236505e-05,0
6.4037435e-05,0
2.5e-05,0
2.6184398e-05,0
6.325553e-05,0
2.0790447e-05,0
5.3579966e-05,0
3.4291108e-05,0
0.00060301175,0
2.0027403e-05,0
8.031932e-05,0
2.5658936e-05,0
5.8375954e-05,0
8.231657e-05,0
0.014294072,0
1.5356985e-05,0
4.877141e-05,0
2.338834e-05,0
3.4863664e-05,0
0.00039310174,0
9.3866016e-05,0
5.0709146e-05,0
0.0005108038,0
1.6447331e-05,0
2.3270148e-05,0
3.2967368e-05,0
5.4729717e-05,0
1.5889684e-05,0
1.9350991e-05,0
0.0018227007,0
8.106324e-05,0
2.889273e-05,0
1.950759e-05,0
0.00014607135,0
3.5274967e-05,0
0.00021031595,0
5.01004e-05,0
4.3679407e-05,0
2.1810863e-05,0
5.1748746e-05,0
8.5927066e-05,0
7.851846e-05,0
2.1067946e-05,0
2.3033626e-05,0
0.00012207462,0
1.5293615e-05,0
2.6145215e-05,0
0.0015714619,0
0.013457512,0
8.843072e-05,0
9.121748e-05,0
2.2169557e-05,0
5.6116707e-05,0
1.1413471e-05,0
3.512718e-05,0
7.2214774e-05,0
6.0073227e-05,0
1.984982e-05,0
2.2553806e-05,0
0.0002844509,0
0.00013922087,0
0.00058695243,0
2.5423815e-05,0
3.444675e-05,0
5.499701e-05,0
0.0009042546,0
0.0040881718,0
1.2091982e-05,0
3.7714308e-05,0
9.866415e-05,0
0.00010467821,0
4.3572367e-05,0
0.0007462862,0
0.00017821605,0
0.0071181688,0
1.6854849e-05,0
2.6625796e-05,0
2.250221e-05,0
4.9597646e-05,0
0.00012282236,0
0.0004856003,0
0.0006781549,0
2.6254642e-05,0
5.8425343e-05,0
0.0005834045,0
6.4685184e-05,0
3.236459e-05,0
2.7518687e-05,0
0.0003462221,0
2.731316e-05,0
0.00014512203,0
3.508614e-05,0
4.6266035e-05,0
1.9743617e-05,0
3.669199e-05,0
1.9336638e-05,0
1.1321816e-05,0
0.0031674872,0
2.112447e-05,0
2.8476836e-05,0
1.4246519e-05,0
0.0009124722,0
2.5515046e-05,0
1.4703736e-05,0
0.00013803277,0
2.0904079e-05,0
4.0994408e-05,0
5.703227e-05,0
2.732458e-05,0
2.9651022e-05,0
1.2627485e-05,0
2.7369846e-05,0
6.2418716e-05,0
2.1821677e-05,0
2.0305744e-05,0
0.00018540885,0
3.4681816e-05,0
1.7640581e-05,0
4.9156188e-05,0
0.0014057148,0
0.000105973406,0
0.00043523926,0
2.3869377e-05,0
1.5251153e-05,0
0.00030429297,0
2.3676048e-05,0
0.0074501424,0
2.7634182e-05,0
1.8967728e-05,0
2.26237e-05,0
0.0002382551,0
2.0835287e-05,0
0.012085262,0
6.946783e-05,0
4.8392754e-05,0
0.00020649565,0
2.0127469e-05,0
6.1415696e-05,0
5.680297e-05,0
0.00012320091,0
3.9576407e-05,0
9.664471e-05,0
0.00781455,0
0.0013027185,0
1.6754006e-05,0
1.9964367e-05,0
2.2921566e-05,0
0.00021940199,0
0.00016002955,0
0.00012385762,0
0.000100174766,0
2.9808316e-05,0
2.156636e-05,0
1.7408156e-05,0
2.4291892e-05,0
4.8952865e-05,0
0.00011397456,0
0.0002066176,0
0.0002916766,0
2.1534914e-05,0
0.00033285876,0
1.961903e-05,0
3.501396e-05,0
9.6425705e-05,0
0.00029608046,0
0.0021896088,0
4.5208555e-05,0
2.4181796e-05,0
0.00015067517,0
0.00023786032,0
1.9527677e-05,0
1.8269244e-05,0
6.554277e-05,0
0.00053922716,0
2.015595e-05,0
2.5291563e-05,0
1.15554185e-05,0
3.8377882e-05,0
5.4038337e-05,0
1.9140702e-05,0
3.4521436e-05,0
1.9736515e-05,0
5.1884675e-05,0
4.1924468e-05,0
9.547795e-05,0
1.0850535e-05,0
5.2617208e-05,0
2.6608974e-05,0
0.00011760424,0
2.5829386e-05,0
2.000069e-05,0
0.013251251,0
3.9166294e-05,0
6.297057e-05,0
3.0778865e-05,0
5.857254e-05,0
0.00015870128,0
1.336805e-05,0
0.0004999505,0
2.0276115e-05,0
0.00027351794,0
2.1810109e-05,0
0.00023856196,0
0.001749257,0
9.630737e-05,0
2.2588654e-05,0
0.0015316596,0
0.0006588415,0
1.8877241e-05,0
0.00017028154,0
0.0010413001,0
0.00015120907,0
0.0003957528,0
3.530125e-05,0
8.234923e-05,0
8.6678505e-05,0
5.2422405e-05,0
0.00030939368,0
1.7372939e-05,0
2.5591351e-05,0
0.0003082033,0
6.458046e-05,0
0.00014378017,0
4.909989e-05,0
0.00090542337,0
4.645209e-05,0
0.0015310476,0
2.6186162e-05,0
0.00020379934,0
1.1870702e-05,0
0.005649515,0
4.911108e-05,0
0.0001942582,0
0.00017513748,0
0.0005384572,0
0.00014604632,0
2.487397e-05,0
9.9114084e-05,0
2.1504067e-05,0
3.6739017e-05,0
5.4763655e-05,0
0.00014639352,0
0.0002173971,0
2.3418423e-05,0
1.7450944e-05,0
8.986495e-05,0
2.758198e-05,0
7.7891586e-05,0
9.6107535e-05,0
7.951627e-05,0
0.00051490194,0
0.002312402,0
9.766524e-05,0
4.8298687e-05,0
0.00017088132,0
5.2532163e-05,0
4.957296e-05,0
3.2068012e-05,0
1.4111171e-05,0
1.9577676e-05,0
0.0034781122,0
2.0325084e-05,0
0.0006511102,0
5.325646e-05,0
5.2978667e-05,0
9.3150236e-05,0
2.4412215e-05,0
0.00047203447,0
0.00016275207,0
9.217222e-05,0
0.017072624,0
1.937677e-05,0
2.1829868e-05,0
9.745875e-05,0
1.8651504e-05,0
8.7419976e-05,0
0.00088749325,0
7.144772e-05,0
3.1997275e-05,0
0.00011291764,0
1.4843746e-05,0
2.8111539e-05,0
0.00014246078,0
5.195404e-05,0
6.4051994e-05,0
0.000109704626,0
5.8616777e-05,0
0.00012219773,0
2.3683977e-05,0
4.954682e-05,0
2.867309e-05,0
2.9064204e-05,0
0.00053553376,0
1.6041538e-05,0
1.47925e-05,0
2.0717021e-05,0
2.2281989e-05,0
0.00018106827,0
0.00014976607,0
0.0011126295,0
1.9581352e-05,0
9.544999e-05,0
0.00045293334,0
2.0211084e-05,0
4.3829645e-05,0
3.975981e-05,0
6.957315e-05,0
4.8679147e-05,0
0.0073112426,0
4.8484693e-05,0
0.00305404,0
2.0318828e-05,0
2.4905612e-05,0
0.014424955,0
2.4493904e-05,0
8.741217e-05,0
2.0344034e-05,0
3.575636e-05,0
1.1781998e-05,0
0.00021148802,0
5.9209826e-05,0
7.474033e-05,0
4.4715816e-05,0
4.9513525e-05,0
2.1689048e-05,0
2.0996076e-05,0
2.7777582e-05,0
5.583579e-05,0
0.00011593211,0
4.4234206e-05,0
2.700993e-05,0
4.5486388e-05,0
3.359803e-05,0
2.3135735e-05,0
0.00014522296,0
4.2876472e-05,0
4.0228933e-05,0
2.1277652e-05,0
0.0004891284,0
2.6028201e-05,0
0.0014602728,0
0.00027635356,0
0.0003346698,0
0.0052387766,0
9.870566e-05,0
0.0012528268,0
1.9722245e-05,0
3.9874274e-05,0
6.2480794e-05,0
2.191773e-05,0
2.7246555e-05,0
3.4320274e-05,0
4.8530117e-05,0
3.0122126e-05,0
2.3897634e-05,0
9.831706e-05,0
1.7811639e-05,0
0.000389369,0
2.8607357e-05,0
0.00014068892,0
0.00028797716,0
6.494795e-05,0
3.1456664e-05,0
2.0449328e-05,0
2.6533206e-05,0
3.110477e-05,0
0.000725749,0
3.787349e-05,0
6.0035538e-05,0
0.007149194,0
1.3079963e-05,0
1.5570371e-05,0
4.8418413e-05,0
2.8147973e-05,0
2.3185814e-05,0
0.00011266284,0
4.9202063e-05,0
4.8330476e-05,0
3.3270055e-05,0
0.00059959036,0
3.433565e-05,0
9.346698e-05,0
1.5569747e-05,0
0.0002941786,0
0.008624624,0
0.00020267558,0
4.832939e-05,0
1.4389947e-05,0
8.592168e-05,0
2.8873397e-05,0
0.00023841464,0
2.5555648e-05,0
0.00022888469,0
0.0001409092,0
0.0006765792,0
1.8212797e-05,0
9.973916e-05,0
5.2632582e-05,0
2.1698896e-05,0
2.687534e-05,0
1.6485794e-05,0
0.0052082287,0
2.3201042e-05,0
4.923943e-05,0
2.7678148e-05,0
3.440636e-05,0
0.003422657,0
6.272473e-05,0
1.4772977e-05,0
4.623037e-05,0
0.00022221835,0
3.3952994e-05,0
0.0028784152,0
6.7302055e-05,0
0.004972539,0
0.0006131867,0
0.00017545906,0
0.00079016807,0
0.00043225224,0
4.8198042e-05,0
1.117442e-05,0
0.005611586,0
0.00025067045,0
2.625034e-05,0
6.690979e-05,0
0.0019135916,0
6.526174e-05,0
3.7744423e-05,0
2.2140586e-05,0
0.00012078299,0
0.008949644,0
1.9706295e-05,0
2.7480155e-05,0
0.0044873194,0
8.420555e-05,0
0.000117821146,0
0.00014323986,0
0.010789132,0
2.2422557e-05,0
0.0020748526,0
0.0013518403,0
3.5393285e-05,0
0.00011412328,0
1.566597e-05,0
2.4173058e-05,0
1.533387e-05,0
1.5187162e-05,0
0.00044859192,0
2.3314098e-05,0
0.00049006206,0
2.0727646e-05,0
2.146031e-05,0
0.00016949551,0
5.5812397e-05,0
2.0846071e-05,0
0.0004334948,0
0.002438101,0
9.492099e-05,0
2.2321676e-05,0
0.00030204526,0
4.9701866e-05,0
0.00016095593,0
3.9246792e-05,0
2.084782e-05,0
2.102476e-05,0
6.252989e-05,0
0.00012592554,0
3.808455e-05,0
0.0014240823,0
0.0003033912,0
3.529755e-05,0
4.9431776e-05,0
2.4704237e-05,0
2.284882e-05,0
1.09561615e-05,0
2.068617e-05,0
0.0013314907,0
2.156652e-05,0
1.6195507e-05,0
1.2662819e-05,0
2.3720311e-05,0
0.00055284385,0
1.9561468e-05,0
0.0025953474,0
0.00025939549,0
0.00011494989,0
4.6071713e-05,0
0.003528903,0
0.008576348,0
2.1763213e-05,0
1.6569335e-05,0
8.080295e-05,0
5.419912e-05,0
0.011844655,0
0.0061240545,0
1.5261176e-05,0
0.0058915946,0
1.8541341e-05,0
1.9175739e-05,0
2.2780201e-05,0
3.459701e-05,0
4.5195873e-05,0
0.00012781686,0
1.8968565e-05,0
0.008491011,0
6.096261e-05,0
0.00010563535,0
2.8255015e-05,0
4.8763828e-05,0
0.00021042832,0
0.005973817,0
2.7320193e-05,0
0.0096087055,0
0.000527124,0
2.6533655e-05,0
4.511753e-05,0
0.002127746,0
2.3273147e-05,0
1.7595585e-05,0
0.00014398032,0
1.5297488e-05,0
7.74463e-05,0
2.4035486e-05,0
0.000103607905,0
9.938077e-05,0
1.6823884e-05,0
5.245617e-05,0
0.00040614884,0
9.580226e-05,0
4.8934402e-05,0
1.3617509e-05,0
4.8538237e-05,0
0.00023914421,0
1.0240572e-05,0
0.0010331543,0
0.0101292115,0
0.00010062792,0
9.940878e-05,0
2.1119009e-05,0
0.0006779253,0
1.9429346e-05,0
2.0288284e-05,0
2.2418093e-05,0
0.00024416804,0
7.3948264e-05,0
2.373276e-05,0
2.2282651e-05,0
5.3915886e-05,0
9.673789e-05,0
0.0002915639,0
0.0001725779,0
2.9588293e-05,0
1.4411713e-05,0
2.1605154e-05,0
2.2236454e-05,0
0.00045241692,0
0.0001577662,0
1.986083e-05,0
7.897959e-05,0
0.0019715754,0
2.263795e-05,0
2.4937857e-05,0
0.00019952127,0
0.008966661,0
3.312931e-05,0
6.149122e-05,0
1.544247e-05,0
4.7776906e-05,0
1.5860955e-05,0
0.005423058,0
2.6182573e-05,0
0.0010078538,0
0.00042826025,0
1.7912991e-05,0
0.00011273905,0
6.057246e-05,0
0.019730387,0
2.0587247e-05,0
2.2481374e-05,0
9.25651e-05,0
0.00060426886,0
1.823448e-05,0
8.375409e-05,0
2.0413512e-05,0
5.469431e-05,0
2.7175067e-05,0
6.277061e-05,0
4.8873022e-05,0
3.62058e-05,0
9.805018e-05,0
2.657272e-05,0
0.029736212,0
0.00028999182,0
4.307972e-05,0
3.6857055e-05,0
1.8145303e-05,0
4.4131786e-05,0
9.911409e-05,0
0.00020158831,0
1.780759e-05,0
2.7347474e-05,0
4.968711e-05,0
1.6582679e-05,0
1.8053917e-05,0
2.0083291e-05,0
0.0007431499,0
9.849398e-05,0
1.241768e-05,0
0.00011086157,0
1.5041821e-05,0
2.2165306e-05,0
1.1443272e-05,0
0.00017362142,0
0.00014612476,0
6.136789e-05,0
0.0033891161,0
3.533018e-05,0
0.00017032976,0
2.0884705e-05,0
5.7273006e-05,0
0.0011333,0
1.9396002e-05,0
0.0012043635,0
9.1019494e-05,0
2.1015343e-05,0
7.350537e-05,0
1.36525205e-05,0
0.0032594823,0
0.000109406865,0
6.3068146e-05,0
0.002350316,0
4.4277465e-05,0
2.8194476e-05,0
2.2504451e-05,0
2.2869453e-05,0
0.00044938747,0
0.00015285227,0
0.00042911284,0
0.00024168397,0
2.125e-05,0
7.706899e-05,0
8.378876e-05,0
0.0036131437,0
2.1114132e-05,0
9.563079e-05,0
0.0002833695,0
1.9922574e-05,0
2.7394903e-05,0
0.00011271161,0
1.4435139e-05,0
4.7145437e-05,0
0.0018843577,0
1.07320975e-05,0
3.4935118e-05,0
3.8245038e-05,0
0.001364232,0
1.5031566e-05,0
2.1954755e-05,0
1.1138768e-05,0
1.9346175e-05,0
3.31785e-05,0
5.2194686e-05,0
0.00014910448,0
0.00013959163,0
3.4780383e-05,0
9.794497e-06,0
2.9943609e-05,0
1.3871055e-05,0
2.1917936e-05,0
0.0010124973,0
3.561467e-05,0
2.5572657e-05,0
0.00013188047,0
0.00010976633,0
0.00044915694,0
1.7041802e-05,0
0.002590954,0
2.4235773e-05,0
1.2379359e-05,0
0.001969378,0
0.00014028107,0
0.00082131376,0
3.657181e-05,0
0.0051138108,0
9.715687e-05,0
3.0463028e-05,0
2.1508686e-05,0
0.00012776979,0
8.655979e-05,0
4.0136616e-05,0
2.3544619e-05,0
0.000112475995,0
2.0332966e-05,0
4.6245692e-05,0
0.00020560583,0
5.1152845e-05,0
6.963091e-05,0
0.00017074936,0
1.9202345e-05,0
1.0221814e-05,0
7.1481205e-05,0
2.4497243e-05,0
0.00018042244,0
0.0022051262,0
3.3121072e-05,0
2.168117e-05,0
0.01370765,0
1.9308023e-05,0
0.0010283617,0
4.6533452e-05,0
0.00060920336,0
5.1459316e-05,0
5.9757913e-05,0
0.0004145799,0
7.561975e-05,0
2.5482383e-05,0
3.6558184e-05,0
1.9344103e-05,0
2.085853e-05,0
4.275927e-05,0
0.00020952206,0
0.00010116112,0
0.00010335298,0
0.0033436595,0
1.0181174e-05,0
2.1853906e-05,0
1.9408035e-05,0
2.2784448e-05,0
4.9544506e-05,0
0.00015097419,0
1.4959148e-05,0
4.203357e-05,0
1.4875093e-05,0
0.00022725454,0
2.6643098e-05,0
2.4928484e-05,0
0.00022617464,0
2.0552341e-05,0
2.744991e-05,0
5.6359626e-05,0
1.9972485e-05,0
5.653433e-05,0
2.1833654e-05,0
0.00018711666,0
0.00024474165,0
0.0008246797,0
2.043203e-05,0
0.0028347536,0
5.2574647e-05,0
1.3629758e-05,0
2.4280009e-05,0
2.4932784e-05,0
4.1408894e-05,0
1.1602119e-05,0
2.4663948e-05,0
0.00011620922,0
0.00010426628,0
0.0011286612,0
0.0048889276,0
4.836479e-05,0
0.01226544,0
2.8019305e-05,0
2.05371e-05,0
2.4951974e-05,0
6.438479e-05,0
1.9314144e-05,0
0.00062868453,0
2.4244782e-05,0
0.007714269,0
5.3786243e-05,0
0.00010534735,0
3.638218e-05,0
4.563542e-05,0
2.9119303e-05,0
0.0037201333,0
5.2251344e-05,0
4.5476754e-05,0
1.5929672e-05,0
6.971556e-05,0
3.3393953e-05,0
1.9203682e-05,0
4.3299893e-05,0
2.8725386e-05,0
0.000119822886,0
1.7646355e-05,0
0.0001873759,0
4.9849416e-05,0
2.504723e-05,0
2.1828253e-05,0
0.0034995829,0
0.00019327282,0
5.051207e-05,0
0.0001068943,0
0.00019421836,0
1.8968187e-05,0
0.00038058724,0
0.0004008307,0
0.00010225354,0
0.00017329885,0
1.9346653e-05,0
0.0019373043,0
1.9565236e-05,0
1.966932e-05,0
0.00010839696,0
5.573498e-05,0
4.294711e-05,0
0.0002754998,0
2.5581898e-05,0
0.000114212125,0
0.0005324705,0
2.2380307e-05,0
1.6385236e-05,0
0.0008873305,0
5.1850937e-05,0
0.0025182073,0
4.7160607e-05,0
1.9690851e-05,0
1.688497e-05,0
7.2459654e-05,0
4.1524483e-05,0
2.478002e-05,0
0.003143722,0
3.2092164e-05,0
1.7026296e-05,0
3.2930682e-05,0
2.772029e-05,0
0.00015613025,0
1.4337109e-05,0
0.00014118207,0
8.0032405e-05,0
0.00011307821,0
3.4259712e-05,0
0.00032231837,0
3.6614176e-05,0
1.4643138e-05,0
4.4787877e-05,0
6.0186765e-05,0
9.298991e-05,0
0.00023748873,0
1.7485498e-05,0
6.867948e-05,0
2.7133845e-05,0
3.3849126e-05,0
7.731818e-05,0
1.2714624e-05,0
0.00014382684,0
1.737023e-05,0
2.0304145e-05,0
2.0918396e-05,0
9.990619e-05,0
9.092994e-05,0
9.504136e-05,0
4.8463706e-05,0
2.0818077e-05,0
2.8201794e-05,0
2.0895273e-05,0
2.7297274e-05,0
0.00020630662,0
0.0003899626,0
2.7055066e-05,0
0.00034511596,0
0.00018061705,0
0.00022644027,0
2.2563938e-05,0
0.00022932814,0
2.0128362e-05,0
2.0141475e-05,0
0.0055047763,0
0.0003667337,0
0.00037506266,0
8.509296e-05,0
0.00019250631,0
0.00038321916,0
0.0009027785,0
2.6960222e-05,0
2.6643642e-05,0
2.350102e-05,0
6.8797e-05,0
0.0006312015,0
1.9806017e-05,0
2.4568104e-05,0
3.8328537e-05,0
3.8639617e-05,0
2.71808e-05,0
4.1222047e-05,0
7.4391624e-05,0
9.419659e-06,0
5.349651e-05,0
2.2809401e-05,0
2.4536994e-05,0
0.00071853295,0
0.0001379123,0
0.0026891949,0
5.7939174e-05,0
1.9221581e-05,0
1.8786744e-05,0
5.4710792e-05,0
0.0018033835,0
1.2990626e-05,0
1.7675906e-05,0
7.312138e-05,0
0.000121584744,0
6.889851e-05,0
2.2093143e-05,0
2.1460832e-05,0
5.3389223e-05,0
4.843253e-05,0
4.4521803e-05,0
0.0010887175,0
0.002586316,0
6.864494e-05,0
2.0944619e-05,0
0.0001283105,0
2.7548247e-05,0
2.4348301e-05,0
0.00015431804,0
1.9443805e-05,0
0.00012844657,0
9.5918804e-05,0
6.916261e-05,0
0.00011695134,0
2.703243e-05,0
0.000819184,0
3.06945e-05,0
0.0042788903,0
1.8254299e-05,0
2.7695392e-05,0
3.7005746e-05,0
2.0290576e-05,0
2.1114492e-05,0
1.9561481e-05,0
1.9951298e-05,0
9.80466e-05,0
3.4658933e-05,0
0.00010171674,0
1.3879699e-05,0
2.0541875e-05,0
1.4257055e-05,0
6.257522e-05,0
5.0806906e-05,0
1.6381062e-05,0
1.9228373e-05,0
6.3672414e-05,0
2.222772e-05,0
3.557994e-05,0
2.441857e-05,0
1.9718607e-05,0
9.3299604e-05,0
0.0026068515,0
8.1028316e-05,0
0.0007791495,0
1.5678826e-05,0
3.970972e-05,0
0.0003263998,0
0.000108492975,0
1.9104637e-05,0
0.010430581,0
1.8020959e-05,0
2.202576e-05,0
3.828006e-05,0
0.00029811068,0
5.5333436e-05,0
0.00018023352,0
1.4549464e-05,0
0.00019022831,0
0.0002042317,0
0.0009883122,0
2.9755178e-05,0
0.0009892784,0
2.0074263e-05,0
0.0003550075,0
2.731738e-05,0
0.00072913035,0
6.108173e-05,0
0.00011725246,0
0.00027316005,0
0.000107520515,0
6.225123e-05,0
0.00048546903,0
0.00028212872,0
3.7983686e-05,0
9.926274e-05,0
2.5273663e-05,0
9.994738e-05,0
4.1724514e-05,0
3.2138967e-05,0
5.8235793e-05,0
8.114972e-05,0
0.00021750297,0
2.032625e-05,0
0.0001602767,0
5.129261e-05,0
3.7142294e-05,0
8.386694e-05,0
4.5621884e-05,0
0.0028645482,0
4.836785e-05,0
2.688789e-05,0
5.760547e-05,0
2.3007788e-05,0
2.7848897e-05,0
0.0009907087,0
3.026944e-05,0
9.158629e-05,0
5.433515e-05,0
0.0043195933,0
6.0578925e-05,0
1.9531497e-05,0
3.8910952e-05,0
1.7257556e-05,0
4.2012365e-05,0
0.0015242086,0
0.00097222073,0
1.6643586e-05,0
5.107908e-05,0
2.8044742e-05,0
4.4547316e-05,0
9.6337906e-05,0
2.729743e-05,0
2.1171441e-05,0
4.754053e-05,0
2.7072794e-05,0
4.9723974e-05,0
0.00069180026,0
0.00786898,0
0.0016058073,0
2.0708938e-05,0
3.6718735e-05,0
0.000113711496,0
1.49220205e-05,0
6.1931525e-05,0
5.5948425e-05,0
5.3690128e-05,0
5.3203417e-05,0
2.0150119e-05,0
4.8984457e-05,0
7.109476e-05,0
9.403921e-05,0
3.913797e-05,0
2.4696468e-05,0
0.012736687,0
1.7118e-05,0
2.0810883e-05,0
4.180174e-05,0
0.000112733294,0
0.00019753666,0
7.280865e-05,0
1.5381944e-05,0
0.00011688586,0
1.945955e-05,0
5.306872e-05,0
4.0025658e-05,0
1.92583e-05,0
0.0037327104,0
0.00013932394,0
4.075629e-05,0
0.00025815255,0
0.00010924565,0
4.8904312e-05,0
9.815425e-05,0
4.7645433e-05,0
4.510634e-05,0
0.0002619633,0
0.00015399331,0
1.935811e-05,0
1.9218693e-05,0
8.112252e-05,0
8.788206e-05,0
1.9311768e-05,0
1.9279516e-05,0
7.944532e-05,0
0.0001252655,0
9.262665e-05,0
0.003417202,0
0.0006725287,0
9.870539e-05,0
4.418831e-05,0
0.000165365,0
4.8755493e-05,0
8.565798e-05,0
5.721847e-05,0
0.0008319758,0
1.9874218e-05,0
2.1449177e-05,0
0.011518929,0
1.94469e-05,0
2.1024965e-05,0
2.0059919e-05,0
1.9232148e-05,0
2.712535e-05,0
5.684727e-05,0
1.1462053e-05,0
2.0102834e-05,0
1.4996553e-05,0
6.546863e-05,0
0.00024004227,0
7.471486e-05,0
9.6433205e-06,0
9.0024485e-05,0
0.001959688,0
2.0727592e-05,0
7.933093e-05,0
2.8147353e-05,0
0.000106973916,0
5.62148e-05,0
6.235992e-05,0
0.0007460057,0
2.057846e-05,0
5.4936052e-05,0
2.3041008e-05,0
1.9226827e-05,0
1.3368234e-05,0
7.32343e-05,0
1.2372372e-05,0
2.1338192e-05,0
0.011218235,0
0.008022423,0
0.000104406085,0
0.0011291394,0
3.2282187e-05,0
3.627862e-05,0
7.256628e-05,0
2.3284465e-05,0
1.9206249e-05,0
0.00022638834,0
0.00019639822,0
0.00011624743,0
1.8105373e-05,0
9.653802e-05,0
0.000103982165,0
0.0049792537,0
6.463077e-05,0
1.5646516e-05,0
0.00014255385,0
1.3513497e-05,0
2.8409908e-05,0
4.1463987e-05,0
0.00016231695,0
1.9202114e-05,0
7.826305e-05,0
6.7322115e-05,0
2.0400827e-05,0
5.895429e-05,0
0.0010724225,0
2.709536e-05,0
4.892838e-05,0
0.00010882639,0
0.00051259133,0
2.5498297e-05,0
1.8860497e-05,0
2.0879028e-05,0
9.719367e-05,0
1.3944988e-05,0
8.935294e-05,0
0.0001078448,0
0.00011272774,0
0.00040275397,0
8.270133e-05,0
0.00043001177,0
0.007275048,0
0.00784099,0
0.00034503406,0
6.240622e-05,0
9.8049395e-06,0
1.9280098e-05,0
0.0056231273,0
1.9638024e-05,0
8.5233616e-05,0
1.9874391e-05,0
0.004909996,0
0.00017047458,0
0.0005084682,0
2.5990226e-05,0
0.00063285313,0
0.000115641524,0
6.0938324e-05,0
1.940032e-05,0
1.9251533e-05,0
2.7982016e-05,0
1.9954306e-05,0
0.00012372743,0
3.0900577e-05,0
3.4650224e-05,0
5.6625224e-05,0
1.7070366e-05,0
2.9024288e-05,0
1.2956797e-05,0
0.010255313,0
0.00020845517,0
1.4194959e-05,0
0.01685881,0
1.9728497e-05,0
2.3258935e-05,0
2.065506e-05,0
2.96035e-05,0
4.5457975e-05,0
0.00016514232,0
2.4421946e-05,0
0.000305754,0
0.0132727735,0
1.6707483e-05,0
0.001260499,0
5.073531e-05,0
0.00014127247,0
2.2308688e-05,0
0.0019992955,0
0.00036135505,0
2.7928041e-05,0
4.0684798e-05,0
1.6279982e-05,0
0.00025347207,0
0.00018768717,0
0.0013015668,0
1.9268733e-05,0
2.3535333e-05,0
1.3448287e-05,0
1.9196155e-05,0
8.6948035e-05,0
2.1622407e-05,0
0.00027069118,0
5.237612e-05,0
2.9589643e-05,0
1.1163248e-05,0
6.33618e-05,0
0.0006334969,0
4.8951202e-05,0
2.280562e-05,0
6.267081e-05,0
5.977138e-05,0
0.00030630658,0
2.9940938e-05,0
0.00051479763,0
2.26518e-05,0
0.0003756034,0
9.872447e-05,0
1.8973169e-05,0
2.320855e-05,0
0.00011739183,0
0.00024525536,0
5.2883894e-05,0
0.00035060386,0
3.3994023e-05,0
4.7142745e-05,0
5.094522e-05,0
0.004222214,0
0.00030414853,0
2.7873124e-05,0
2.7716269e-05,0
0.00019903744,0
3.512718e-05,0
3.2918615e-05,0
9.558393e-05,0
0.0004713222,0
0.00019908213,0
0.0013034102,0
1.3740449e-05,0
0.0007150549,0
1.0697439e-05,0
9.429126e-05,0
1.42244235e-05,0
2.4455281e-05,0
0.000105829065,0
1.7753351e-05,0
2.5783702e-05,0
0.0072647952,0
0.0002500374,0
4.7343845e-05,0
5.5004504e-05,0
0.002656198,0
9.965871e-05,0
3.040886e-05,0
0.0035732319,0
1.8994462e-05,0
3.181358e-05,0
5.002189e-05,0
0.0009920762,0
0.00022717183,0
0.00047962397,0
0.0001031551,0
1.963795e-05,0
1.7588683e-05,0
1.6649108e-05,0
1.7368024e-05,0
0.00010208455,0
0.009981709,0
8.877645e-05,0
4.6791523e-05,0
2.0254354e-05,0
6.447076e-05,0
0.0001806527,0
5.7127363e-05,0
3.681159e-05,0
0.0065117306,0
0.00010562659,0
2.686758e-05,0
2.1514468e-05,0
4.9201404e-05,0
2.498421e-05,0
1.9304971e-05,0
5.6927165e-05,0
5.27002e-05,0
0.00024431825,0
5.7755642e-05,0
2.1928228e-05,0
0.00017612109,0
1.9778397e-05,0
0.0009795028,0
0.00014780236,0
0.0012112956,0
0.000105341205,0
0.011711255,0
7.660028e-05,0
1.639072e-05,0
0.0005964095,0
3.2101198e-05,0
1.971472e-05,0
2.5869867e-05,0
1.4565055e-05,0
0.00014429873,0
0.00010854474,0
0.00046418386,0
2.1313832e-05,0
8.0519014e-05,0
2.6021005e-05,0
2.784538e-05,0
1.4811886e-05,0
1.5125356e-05,0
5.0448605e-05,0
9.329316e-05,0
2.1218408e-05,0
0.0001808248,0
3.8421476e-05,0
2.0769223e-05,0
3.150377e-05,0
0.00032075122,0
1.7408567e-05,0
0.0018232666,0
5.5686487e-05,0
2.0444713e-05,0
0.00011614306,0
2.8791957e-05,0
0.0036259259,0
0.0003129262,0
0.00022054672,0
2.7388895e-05,0
4.4101565e-05,0
0.00013346996,0
8.391818e-05,0
2.2210525e-05,0
2.815647e-05,0
0.0006785715,0
1.915728e-05,0
2.187874e-05,0
1.8926392e-05,0
1.9286002e-05,0
2.0491381e-05,0
3.2009077e-05,0
4.963103e-05,0
2.8268905e-05,0
0.00015142097,0
8.7192704e-05,0
0.00017386432,0
0.00024577742,0
2.5569343e-05,0
0.00044184976,0
2.4145125e-05,0
0.004005776,0
2.5022327e-05,0
1.5509064e-05,0
5.298565e-05,0
7.383301e-05,0
8.794274e-05,0
9.451387e-05,0
1.9345407e-05,0
2.5873986e-05,0
0.0013943707,0
9.380097e-05,0
2.2636636e-05,0
0.0033590999,0
4.9161914e-05,0
7.903437e-05,0
0.0011925468,0
0.00033308318,0
6.10308e-05,0
1.9594718e-05,0
2.1002292e-05,0
1.27624e-05,0
0.0004494727,0
0.00054940884,0
0.00011398607,0
2.1114174e-05,0
9.955742e-05,0
0.0001780091,0
4.360024e-05,0
0.00048447525,0
4.9440663e-05,0
0.00015973835,0
9.656303e-05,0
1.4869669e-05,0
5.058023e-05,0
0.00028737026,0
0.00032881225,0
5.565952e-05,0
0.0003307879,0
1.43485195e-05,0
1.1597765e-05,0
0.00083837676,0
0.00019089351,0
5.6723133e-05,0
0.00011514315,0
2.7200624e-05,0
9.584092e-05,0
5.959966e-05,0
4.2491083e-05,0
0.00036420676,0
0.002144819,0
0.00017443778,0
3.331629e-05,0
3.400208e-05,0
0.002180684,0
0.0005709686,0
0.0006464062,0
9.568274e-06,0
0.0071090073,0
9.40214e-05,0
5.676717e-05,0
1.942378e-05,0
0.0071528284,0
0.00083854736,0
0.00014584084,0
9.5994976e-05,0
5.547443e-05,0
1.9611394e-05,0
5.988101e-05,0
1.819755e-05,0
1.9351366e-05,0
5.6221314e-05,0
0.0044851555,0
1.3779271e-05,0
4.026974e-05,0
0.00051294063,0
9.939018e-06,0
5.478886e-05,0
9.7197015e-05,0
0.00032623246,0
1.671034e-05,0
9.924733e-05,0
2.3912055e-05,0
1.9712359e-05,0
4.4599332e-05,0
2.1494458e-05,0
0.00052473636,0
0.00055315153,0
1.9262932e-05,0
3.3884542e-05,0
1.5382235e-05,0
2.6159925e-05,0
2.3666233e-05,0
2.5497206e-05,0
0.00014701868,0
0.00015404112,0
1.524844e-05,0
2.488565e-05,0
0.0035185544,0
4.9140857e-05,0
6.433825e-05,0
2.6066888e-05,0
4.9721348e-05,0
9.994716e-05,0
1.8794724e-05,0
5.773885e-05,0
2.2202368e-05,0
5.5425124e-05,0
5.0863306e-05,0
4.882846e-05,0
0.00013572986,0
0.00011526231,0
2.3639364e-05,0
7.235049e-05,0
0.00061296084,0
3.280576e-05,0
0.016922927,0
5.9767564e-05,0
0.02198426,0
0.00014776434,0
1.4040587e-05,0
3.20084e-05,0
2.3858034e-05,0
0.01496875,0
1.2010315e-05,0
2.450596e-05,0
1.9240206e-05,0
0.00015186815,0
2.6005102e-05,0
1.4812699e-05,0
0.00014012912,0
0.0001559537,0
1.7685843e-05,0
6.8360576e-05,0
5.1190866e-05,0
1.5865908e-05,0
0.00018759992,0
1.5261929e-05,0
5.1440606e-05,0
7.15912e-05,0
5.506705e-05,0
1.9393054e-05,0
9.5698495e-05,0
2.2899687e-05,0
5.570024e-05,0
5.4839296e-05,0
0.00023009026,0
5.311663e-05,0
0.00017032976,0
1.9353696e-05,0
2.5637073e-05,0
3.4717e-05,0
0.0016917073,0
0.00018349875,0
1.8611981e-05,0
0.00020226488,0
0.00019433333,0
2.3883182e-05,0
0.000112716,0
2.8277333e-05,0
2.8026085e-05,0
0.00016468654,0
0.00013782723,0
0.00010226948,0
0.00037233267,0
1.3868373e-05,0
2.4096373e-05,0
0.0017932879,0
1.3736186e-05,0
2.1058095e-05,0
1.7575156e-05,0
1.4809341e-05,0
2.3956101e-05,0
0.00010593506,0
0.00040909648,0
2.5039364e-05,0
2.5204787e-05,0
0.0008173698,0
2.82219e-05,0
0.00012307045,0
2.9975188e-05,0
0.00018181397,0
4.06896e-05,0
1.6746722e-05,0
2.1160913e-05,0
7.958745e-05,0
2.0181322e-05,0
2.6008925e-05,0
2.249546e-05,0
2.0402202e-05,0
0.0015634989,0
4.0014816e-05,0
4.436181e-05,0
0.0002113031,0
3.923808e-05,0
9.69919e-06,0
1.778298e-05,0
4.4059176e-05,0
1.5473943e-05,0
3.224784e-05,0
0.0004450106,0
2.6480291e-05,0
0.00019058544,0
0.00016271138,0
0.00010517309,0
0.000685645,0
2.521026e-05,0
1.9222682e-05,0
1.5851603e-05,0
1.4070079e-05,0
3.812053e-05,0
1.601203e-05,0
0.0018932237,0
1.495883e-05,0
0.004880464,0
0.00016018875,0
1.9087753e-05,0
0.00011456376,0
1.0708375e-05,0
2.0200214e-05,0
3.2860113e-05,0
2.7233e-05,0
0.00010423291,0
2.2202294e-05,0
1.9940337e-05,0
3.942246e-05,0
4.8314327e-05,0
1.2442382e-05,0
0.00043043977,0
1.98736e-05,0
2.3641462e-05,0
0.0011772513,0
2.624214e-05,0
0.00016568085,0
9.798397e-05,0
2.3520968e-05,0
5.1096784e-05,0
5.537698e-05,0
0.00010617448,0
7.6600154e-05,0
1.9195137e-05,0
0.0001391281,0
1.3848833e-05,0
2.796196e-05,0
2.8358096e-05,0
0.00033768782,0
4.3376658e-05,0
2.2203601e-05,0
9.793741e-06,0
1.7845241e-05,0
0.00013097918,0
1.8907424e-05,0
1.8894481e-05,0
3.6434307e-05,0
3.1552278e-05,0
1.9292862e-05,0
4.4311797e-05,0
8.4433515e-05,0
4.5066896e-05,0
1.7913442e-05,0
1.6030956e-05,0
2.1006057e-05,0
0.00021542967,0
0.004114794,0
1.768911e-05,0
6.8605186e-05,0
2.3388478e-05,0
0.012425248,0
2.992424e-05,0
1.5887932e-05,0
2.6218031e-05,0
1.5447096e-05,0
3.841887e-05,0
0.016606461,0
1.582998e-05,0
2.0695506e-05,0
0.00020325859,0
2.0693311e-05,0
3.7507973e-05,0
6.508535e-05,0
2.4314126e-05,0
1.40874245e-05,0
0.010034359,0
6.857439e-05,0
0.000605823,0
0.000117266514,0
2.698214e-05,0
5.775503e-05,0
2.1992188e-05,0
9.545912e-05,0
0.00020191805,0
9.750756e-05,0
1.9286832e-05,0
0.00010264111,0
4.8607162e-05,0
4.8410693e-05,0
2.35514e-05,0
9.87321e-05,0
0.00011017396,0
0.0044576856,0
6.995438e-05,0
0.000517272,0
0.00025299317,0
0.00051050744,0
0.00027638968,0
0.00019721311,0
0.0002909855,0
2.0656114e-05,0
2.2393362e-05,0
0.0001069541,0
5.5312317e-05,0
0.00021736327,0
2.3620489e-05,0
0.000103066086,0
0.000602251,0
0.000202459,0
1.4611289e-05,0
6.639505e-05,0
7.044212e-05,0
0.0008677523,0
5.9718834e-05,0
0.0017460976,0
0.000104044164,0
3.5744702e-05,0
4.368627e-05,0
7.925765e-05,0
1.5434685e-05,0
3.0484745e-05,0
7.384061e-05,0
1.8123339e-05,0
0.00016038724,0
1.3593367e-05,0
9.256643e-05,0
0.00010090035,0
0.00010521944,0
0.000117953336,0
2.0310032e-05,0
0.0010181401,0
0.00073639787,0
1.4385323e-05,0
0.00013420773,0
0.003715258,0
2.02512e-05,0
2.0593274e-05,0
0.0004222014,0
3.667313e-05,0
5.549011e-05,0
5.561986e-05,0
7.106742e-05,0
0.00040433605,0
0.00017497757,0
1.9377858e-05,0
2.4923655e-05,0
2.4628214e-05,0
1.9879666e-05,0
4.229695e-05,0
1.9483037e-05,0
3.9980107e-05,0
0.007239627,0
5.8183e-05,0
7.111081e-05,0
5.1629355e-05,0
6.386738e-05,0
2.8915507e-05,0
2.2780194e-05,0
0.006149232,0
0.0006235076,0
2.5470754e-05,0
2.6150074e-05,0
1.6122658e-05,0
2.111844e-05,0
5.318158e-05,0
6.0790375e-05,0
0.0003605967,0
2.2507078e-05,0
1.9797415e-05,0
1.649954e-05,0
8.315929e-05,0
7.4987445e-05,0
1.8664094e-05,0
1.9359712e-05,0
1.3107986e-05,0
3.3039483e-05,0
4.978778e-05,0
1.7335948e-05,0
0.0014952755,0
8.099329e-05,0
1.9743971e-05,0
7.605858e-05,0
0.0063042445,0
0.00043792665,0
0.00011770015,0
0.0021426938,0
3.6102112e-05,0
0.0010233726,0
0.00010110739,0
4.8652426e-05,0
0.00033717623,0
5.3384854e-05,0
0.00011271799,0
2.8094748e-05,0
7.505312e-05,0
4.4572185e-05,0
3.7222864e-05,0
2.502133e-05,0
0.00016078162,0
4.857191e-05,0
7.8243014e-05,0
1.3633729e-05,0
4.1972726e-05,0
0.00030646077,0
0.0014132838,0
2.0488604e-05,0
1.3540444e-05,0
3.3958808e-05,0
4.7120597e-05,0
0.015730966,0
0.00022530473,0
3.109157e-05,0
0.007876145,0
0.00010079504,0
5.3013646e-05,0
3.9123912e-05,0
6.931741e-05,0
2.9822977e-05,0
2.1846217e-05,0
1.9750318e-05,0
2.3482746e-05,0
2.671381e-05,0
0.00012982686,0
1.7907936e-05,0
0.00023610178,0
2.8960027e-05,0
0.00013542126,0
6.610881e-05,0
0.0014248183,0
4.2492433e-05,0
1.8861487e-05,0
0.0012965363,0
1.8481134e-05,0
9.5274954e-05,0
4.3947584e-05,0
0.00016145928,0
0.000101643345,0
1.9990317e-05,0
0.0004809135,0
4.9888164e-05,0
4.969669e-05,0
9.38428e-05,0
0.001316595,0
0.00011389704,0
5.0337425e-05,0
1.4496739e-05,0
0.00026834224,0
0.00019251845,0
6.655628e-05,0
2.4019962e-05,0
6.1201245e-05,0
3.4999273e-05,0
0.006745127,0
0.00061609154,0
2.5390775e-05,0
0.004570281,0
1.0500423e-05,0
1.9805464e-05,0
5.5695236e-05,0
2.9762728e-05,0
0.00012557341,0
3.2769974e-05,0
0.00013087303,0
3.746266e-05,0
2.2646967e-05,0
2.8197712e-05,0
0.013408257,0
0.007940328,0
1.9188978e-05,0
1.3451822e-05,0
5.254308e-05,0
0.00021237423,0
0.00028962333,0
1.4578401e-05,0
2.4366547e-05,0
2.3295734e-05,0
1.9237468e-05,0
2.3628498e-05,0
4.1573272e-05,0
0.00019962701,0
5.2476054e-05,0
1.931081e-05,0
1.3897086e-05,0
0.00019529248,0
0.019925065,0
0.00023551552,0
2.822481e-05,0
2.0698584e-05,0
0.00010522969,0
2.358814e-05,0
0.00012943802,0
0.0022051781,0
1.9207599e-05,0
2.0465468e-05,0
1.6283337e-05,0
4.093837e-05,0
2.7026388e-05,0
0.00017451476,0
4.1485797e-05,0
0.0002132893,0
5.3051102e-05,0
0.00012924791,0
0.0004502588,0
6.080101e-05,0
0.0004748019,0
5.7890305e-05,0
0.00024168324,0
4.351756e-05,0
3.4884215e-05,0
3.3288852e-05,0
2.5698719e-05,0
0.00015818556,0
5.549473e-05,0
0.00010169185,0
2.7900689e-05,0
3.2848697e-05,0
0.00047008717,0
4.1142714e-05,0
9.885794e-05,0
0.000111544665,0
0.00041741112,0
7.023014e-05,0
2.2179538e-05,0
0.0008243211,0
1.9188727e-05,0
0.00011515519,0
0.00039451531,0
2.8160217e-05,0
0.0002143243,0
4.051941e-05,0
2.6378544e-05,0
1.6419277e-05,0
6.078202e-05,0
9.474537e-05,0
4.881736e-05,0
2.8601751e-05,0
0.00067206775,0
0.0004831695,0
2.0428e-05,0
2.0838643e-05,0
4.9393333e-05,0
2.4084484e-05,0
3.1945718e-05,0
0.0005116103,0
3.2743894e-05,0
0.017083729,0
0.00019198273,0
2.6149726e-05,0
2.6960204e-05,0
5.965025e-05,0
2.467793e-05,0
4.0099294e-05,0
0.00020646358,0
1.5055026e-05,0
7.472868e-05,0
9.8857716e-05,0
1.1974898e-05,0
0.0005511613,0
2.8547836e-05,0
2.9338424e-05,0
1.9443112e-05,0
9.3855815e-05,0
0.0006912262,0
1.2476479e-05,0
4.235641e-05,0
0.0001075791,0
7.2320116e-05,0
0.00016666917,0
0.00044108374,0
2.8562956e-05,0
1.4550427e-05,0
0.00022035596,0
0.00010916406,0
0.000115653704,0
3.827002e-05,0
0.00050188985,0
0.00013054707,0
1.4252659e-05,0
0.0017031978,0
0.0017449668,0
2.0086813e-05,0
3.0739266e-05,0
6.8280686e-05,0
2.3504175e-05,0
4.3857926e-05,0
2.0539608e-05,0
3.8837683e-05,0
2.5012881e-05,0
9.6550335e-05,0
5.0538856e-05,0
1.9379046e-05,0
9.748895e-05,0
5.3994812e-05,0
3.937079e-05,0
0.00045258013,0
1.3808647e-05,0
4.865057e-05,0
4.36544e-05,0
1.6441074e-05,0
0.00067445077,0
2.8659822e-05,0
6.098177e-05,0
7.0872054e-05,0
0.00029368492,0
3.828836e-05,0
2.6635826e-05,0
0.0001069649,0
3.9040846e-05,0
5.7355737e-05,0
3.528456e-05,0
0.00016207395,0
5.130927e-05,0
3.7078455e-05,0
1.8356672e-05,0
8.824563e-05,0
0.0004332384,0
2.2298009e-05,0
0.00022444407,0
2.0068232e-05,0
5.104865e-05,0
0.00024526345,0
9.785655e-05,0
0.00020354873,0
5.39481e-05,0
6.88354e-05,0
0.00019669098,0
1.4564255e-05,0
1.2571653e-05,0
2.7970003e-05,0
7.8705445e-05,0
0.0064882464,0
3.093095e-05,0
0.0006811116,0
4.1441268e-05,0
7.4340714e-05,0
9.772263e-05,0
0.00073559134,0
0.0011385225,0
5.5299497e-05,0
0.011087879,0
5.573324e-05,0
1.4010241e-05,0
5.9943297e-05,0
6.6308996e-05,0
2.1124764e-05,0
8.58463e-05,0
0.004229675,0
3.467997e-05,0
1.560514e-05,0
2.0464373e-05,0
3.0155252e-05,0
2.281235e-05,0
8.4453204e-05,0
1.2704078e-05,0
2.8569497e-05,0
0.0002097414,0
2.0955187e-05,0
0.0011654173,0
2.9777437e-05,0
3.2376916e-05,0
2.0072832e-05,0
0.010659931,0
3.888439e-05,0
0.00013618612,0
2.82081e-05,0
2.630185e-05,0
0.00051333185,0
1.7366714e-05,0
9.712427e-05,0
5.1574298e-05,0
0.00014132251,0
0.0012269947,0
4.8826194e-05,0
0.0006593099,0
2.694482e-05,0
1.6661239e-05,0
4.4364293e-05,0
7.625591e-05,0
0.00010868991,0
0.00021396246,0
2.1429441e-05,0
2.0163374e-05,0
9.875729e-05,0
2.447115e-05,0
5.603135e-05,0
1.7442997e-05,0
2.3547855e-05,0
1.8334144e-05,0
7.344273e-05,0
1.7260016e-05,0
0.00017816182,0
8.726795e-05,0
2.9290588e-05,0
4.884164e-05,0
2.6850807e-05,0
3.842147e-05,0
0.00033837644,0
4.77222e-05,0
0.0009511768,0
3.125437e-05,0
5.9581955e-05,0
4.1399504e-05,0
8.671303e-05,0
0.00015617891,0
3.1450512e-05,0
2.2492459e-05,0
5.182013e-05,0
4.2568794e-05,0
4.9320734e-05,0
0.00011590388,0
1.1872345e-05,0
0.0001960181,0
2.993599e-05,0
1.9590849e-05,0
2.070282e-05,0
4.9690545e-05,0
0.000116852425,0
0.0009797494,0
0.00033492016,0
6.580208e-05,0
0.00044649167,0
3.7064834e-05,0
0.00011212041,0
5.8195954e-05,0
0.00010840328,0
2.0811105e-05,0
0.00049488276,0
6.417512e-05,0
0.016602566,0
1.5285228e-05,0
0.00016973258,0
2.9803756e-05,0
0.0003683387,0
0.0011371942,0
1.919634e-05,0
7.80892e-05,0
3.35579e-05,0
1.9442814e-05,0
0.00022196917,0
4.084532e-05,0
1.9619461e-05,0
0.00016857035,0
2.710696e-05,0
2.148432e-05,0
1.7950208e-05,0
2.8412614e-05,0
4.87067e-05,0
2.0087387e-05,0
9.6430645e-05,0
3.7137695e-05,0
2.4520818e-05,0
3.6023263e-05,0
3.2598145e-05,0
1.9723982e-05,0
5.157785e-05,0
2.5754813e-05,0
0.00038483343,0
6.14765e-05,0
9.1501504e-05,0
4.516164e-05,0
5.8430272e-05,0
0.00054618367,0
0.00015248806,0
1.934792e-05,0
3.6578134e-05,0
0.00010263657,0
2.6284128e-05,0
0.0017419475,0
4.962063e-05,0
4.6536676e-05,0
0.0014447742,0
6.226079e-05,0
3.160695e-05,0
4.4185017e-05,0
9.680588e-05,0
0.0001947401,0
0.00019712295,0
0.00019519587,0
0.00055547873,0
6.215638e-05,0
1.7824817e-05,0
2.1329994e-05,0
4.8154772e-05,0
4.561399e-05,0
2.0564177e-05,0
0.00010212509,0
0.00468869,0
4.817063e-05,0
8.427526e-05,0
2.62232e-05,0
9.8612894e-05,0
0.00018638081,0
0.003840188,0
3.9726485e-05,0
2.3329008e-05,0
7.9712096e-05,0
0.00015151317,0
1.9705909e-05,0
0.00042744333,0
4.1222767e-05,0
0.004773489,0
0.0002456566,0
1.3892425e-05,0
1.9346711e-05,0
0.0009912127,0
1.921001e-05,0
9.815536e-05,0
2.0068104e-05,0
0.0004354431,0
2.7383117e-05,0
0.00057260535,0
4.9724018e-05,0
1.7206543e-05,0
0.0003013333,0
0.0019309381,0
1.5853893e-05,0
2.4160589e-05,0
7.984852e-05,0
1.6586671e-05,0
3.8817634e-05,0
2.2400847e-05,0
2.4977977e-05,0
0.0004341974,0
2.2213844e-05,0
0.00014185923,0
1.391462e-05,0
6.124323e-05,0
0.0066428194,0
1.7544742e-05,0
2.2020735e-05,0
9.334254e-05,0
8.009138e-05,0
0.0006027683,0
1.9561885e-05,0
3.8290236e-05,0
0.00012218856,0
1.1674066e-05,0
5.9043214e-05,0
6.757177e-05,0
4.9014085e-05,0
0.00010105125,0
2.7278622e-05,0
4.40679e-05,0
3.7677022e-05,0
2.085018e-05,0
5.1568728e-05,0
0.00016510132,0
2.3963883e-05,0
2.2853326e-05,0
1.1732908e-05,0
2.0357615e-05,0
1.9443882e-05,0
0.0004549894,0
2.9174182e-05,0
0.0010319733,0
1.4915509e-05,0
0.00010804502,0
2.897586e-05,0
1.1292574e-05,0
0.0010941233,0
0.00044308385,0
2.7146278e-05,0
0.008345887,0
2.474694e-05,0
1.9188663e-05,0
3.064355e-05,0
8.9135385e-05,0
8.552265e-05,0
0.0005574127,0
4.1938787e-05,0
0.00036826957,0
0.004892893,0
0.00027639588,0
2.0894902e-05,0
0.00015837059,0
0.0019707344,0
0.00014160312,0
0.00036124402,0
2.7929962e-05,0
5.244007e-05,0
3.4870085e-05,0
0.0005426479,0
5.9201044e-05,0
0.0011273498,0
1.8111268e-05,0
5.37759e-05,0
2.2139919e-05,0
0.00016476923,0
2.1811178e-05,0
0.001945185,0
3.0962343e-05,0
9.8264994e-05,0
2.5141879e-05,0
0.00020402041,0
1.9934392e-05,0
2.7392407e-05,0
4.1367734e-05,0
2.1555736e-05,0
2.220604e-05,0
6.990404e-05,0
0.00025298263,0
2.1124702e-05,0
1.6413993e-05,0
2.7665408e-05,0
2.6431706e-05,0
1.9720657e-05,0
0.00036647753,0
2.7417876e-05,0
2.1095564e-05,0
3.8831775e-05,0
1.8951172e-05,0
0.00017558115,0
9.329948e-05,0
1.3464496e-05,0
8.664055e-05,0
0.000117212076,0
5.375363e-05,0
5.234871e-05,0
1.8625868e-05,0
2.9229272e-05,0
9.996725e-05,0
5.5570476e-05,0
0.000259438,0
2.1294069e-05,0
0.004336282,0
5.77921e-05,0
2.0292642e-05,0
0.00019864128,0
5.9876365e-05,0
0.00028474335,0
9.036796e-05,0
0.000116326184,0
2.8554436e-05,0
8.593831e-05,0
8.3680105e-05,0
0.00044877557,0
0.006317922,0
5.4322867e-05,0
8.9568006e-05,0
0.00067264144,0
1.6310805e-05,0
1.9448307e-05,0
4.3396012e-05,0
0.00016857845,0
8.99411e-05,0
1.2084005e-05,0
3.1636264e-05,0
2.1506165e-05,0
1.7593027e-05,0
0.00031321318,0
0.0007674868,0
7.402418e-05,0
2.7576376e-05,0
2.6748827e-05,0
0.00028352035,0
3.1741554e-05,0
0.00017334758,0
5.3377466e-05,0
0.0006197534,0
1.8118872e-05,0
0.0009787753,0
4.7423764e-05,0
2.6375983e-05,0
4.5770055e-05,0
0.00011031955,0
8.9998444e-05,0
1.0481691e-05,0
0.000119990116,0
1.4257282e-05,0
1.9883259e-05,0
0.0003179957,0
0.0045831557,0
0.00013277333,0
1.8515888e-05,0
1.9188425e-05,0
8.3751285e-05,0
2.4371615e-05,0
1.6942786e-05,0
0.00015233783,0
0.000981968,0
0.00014217108,0
2.311316e-05,0
0.00015413099,0
1.8610406e-05,0
1.2694016e-05,0
0.00015526454,0
1.1993619e-05,0
1.4257428e-05,0
2.5478415e-05,0
1.0559295e-05,0
3.9742023e-05,0
1.3931449e-05,0
2.434044e-05,0
3.654372e-05,0
2.1447187e-05,0
9.601247e-05,0
0.0007293286,0
0.00055903965,0
2.7539592e-05,0
1.8515791e-05,0
4.9018392e-05,0
1.9502624e-05,0
2.5966629e-05,0
9.83208e-06,0
6.240464e-05,0
0.00016828167,0
2.268403e-05,0
0.006257,0
9.152311e-05,0
5.9956365e-05,0
0.00094942795,0
0.00010592885,0
1.9352567e-05,0
0.00053350185,0
4.610764e-05,0
4.8951006e-05,0
0.0002133935,0
0.0010906209,0
2.0147336e-05,0
2.5165948e-05,0
1.3265537e-05,0
0.00017645919,0
0.00023111212,0
9.88579e-05,0
9.710553e-05,0
1.7234674e-05,0
5.766723e-05,0
1.3631712e-05,0
2.0769361e-05,0
4.4312972e-05,0
2.999716e-05,0
4.901855e-05,0
2.5198546e-05,0
0.0008452085,0
1.9347704e-05,0
8.698529e-05,0
9.2187816e-05,0
0.00012805281,0
3.9844515e-05,0
7.072329e-05,0
3.9891445e-05,0
2.0682708e-05,0
2.0537118e-05,0
2.5351572e-05,0
6.404068e-05,0
0.00036812096,0
2.3264e-05,0
4.486833e-05,0
1.7452432e-05,0
0.0033031558,0
5.515505e-05,0
1.9465668e-05,0
4.0915074e-05,0
3.1367334e-05,0
0.0001748772,0
9.804673e-05,0
5.953237e-05,0
9.5990035e-05,0
0.0007862033,0
3.1774765e-05,0
1.6874164e-05,0
4.8832728e-05,0
1.730082e-05,0
6.385739e-05,0
9.762898e-05,0
4.9352242e-05,0
2.663246e-05,0
0.00025378095,0
6.508752e-05,0
0.00026064744,0
6.221803e-05,0
2.5807962e-05,0
1.2020861e-05,0
1.8213701e-05,0
0.00061607163,0
0.00028045295,0
3.7629303e-05,0
3.2489617e-05,0
6.447044e-05,0
2.445372e-05,0
9.259392e-05,0
0.0015862117,0
5.2919655e-05,0
0.001924773,0
2.507626e-05,0
0.00018057604,0
1.9370826e-05,0
1.1887938e-05,0
0.0029054221,0
3.867504e-05,0
0.0036566975,0
5.4100885e-05,0
2.2619182e-05,0
5.252766e-05,0
3.69678e-05,0
1.9022402e-05,0
0.013013044,0
0.00052890327,0
9.96658e-05,0
4.2842705e-05,0
0.0002998168,0
1.8782855e-05,0
1.38490495e-05,0
0.00010640671,0
2.7324479e-05,0
2.005922e-05,0
0.000102185884,0
2.734061e-05,0
1.9380454e-05,0
1.552104e-05,0
2.1930704e-05,0
1.9592353e-05,0
0.00020984742,0
0.005734246,0
9.67051e-05,0
0.012856912,0
4.4936052e-05,0
0.00014695473,0
1.3798263e-05,0
2.035181e-05,0
1.9294608e-05,0
3.5418027e-05,0
4.3531265e-05,0
2.566891e-05,0
2.8244882e-05,0
6.18734e-05,0
2.2164804e-05,0
2.2357375e-05,0
1.975929e-05,0
0.00033909726,0
0.0005998505,0
1.2233412e-05,0
5.86938e-05,0
4.8902253e-05,0
2.2998369e-05,0
4.821596e-05,0
8.9618356e-05,0
0.0006832205,0
5.5387514e-05,0
2.0069785e-05,0
1.932744e-05,0
0.00013202784,0
0.0005303822,0
3.0025953e-05,0
0.00011029085,0
5.5019864e-05,0
4.1334737e-05,0
0.00011351471,0
2.2858334e-05,0
5.7600348e-05,0
0.00079996936,0
2.7222344e-05,0
0.00022111958,0
0.00011503862,0
0.00022406472,0
1.5852673e-05,0
1.9564683e-05,0
2.7098438e-05,0
1.7142705e-05,0
2.1059155e-05,0
3.722499e-05,0
0.0001114994,0
0.009499792,0
2.623915e-05,0
2.4518848e-05,0
0.00033014506,0
9.484046e-05,0
2.7736462e-05,0
0.0041981814,0
1.9376366e-05,0
2.599048e-05,0
1.6525257e-05,0
1.983936e-05,0
0.00042333014,0
2.3258439e-05,0
0.00020328791,0
2.275713e-05,0
2.0278521e-05,0
1.6192082e-05,0
9.8698816e-05,0
6.087926e-05,0
4.9345526e-05,0
0.00019065967,0
2.2210741e-05,0
1.9057883e-05,0
2.2660564e-05,0
3.6655092e-05,0
1.6605089e-05,0
0.0010356234,0
0.0014280824,0
2.6882963e-05,0
5.6083434e-05,0
1.2128776e-05,0
0.00010073981,0
2.9493667e-05,0
0.000101935046,0
0.005540619,0
0.004287481,0
2.9857098e-05,0
2.309035e-05,0
0.000105362094,0
4.333196e-05,0
2.7406006e-05,0
2.0258321e-05,0
6.457007e-05,0
2.638163e-05,0
9.9660916e-05,0
0.00012849935,0
9.6744305e-05,0
1.9322066e-05,0
5.6110788e-05,0
4.156768e-05,0
5.008689e-05,0
1.8734634e-05,0
1.7904189e-05,0
0.0001070273,0
6.22706e-05,0
7.475774e-05,0
0.00014203547,0
0.00071288744,0
2.4393566e-05,0
0.0002249572,0
2.7601205e-05,0
5.407987e-05,0
1.6970307e-05,0
0.003417173,0
2.3423941e-05,0
0.00045041827,0
0.001635123,0
0.0007541453,0
2.3349981e-05,0
2.4611954e-05,0
2.6116646e-05,0
1.566506e-05,0
8.1501144e-05,0
2.3569206e-05,0
0.0019707333,0
1.9780191e-05,0
9.4249415e-05,0
0.010018391,0
7.451757e-05,0
2.3639692e-05,0
3.1382428e-05,0
1.8948318e-05,0
2.5231418e-05,0
1.7298109e-05,0
3.5324014e-05,0
1.6837621e-05,0
2.6176669e-05,0
1.5349671e-05,0
9.852063e-05,0
4.5896573e-05,0
0.0024107876,0
2.7518538e-05,0
2.5976988e-05,0
1.2721248e-05,0
7.894193e-05,0
3.266155e-05,0
1.2997001e-05,0
0.00044015815,0
4.3292668e-05,0
9.601205e-05,0
0.01393249,0
2.3586492e-05,0
2.3103104e-05,0
1.1070576e-05,0
0.00018934021,0
0.00018526452,0
0.00010105301,0
2.021579e-05,0
2.8782255e-05,0
2.6225242e-05,0
0.0010864716,0
1.93235e-05,0
0.00083249423,0
0.0011675892,0
3.1477695e-05,0
4.9517374e-05,0
2.3640217e-05,0
3.1770614e-05,0
1.0008214e-05,0
1.9391324e-05,0
1.4325426e-05,0
2.3679773e-05,0
6.6212364e-05,0
1.2141852e-05,0
9.3645e-05,0
1.52075e-05,0
5.0157792e-05,0
0.00043501414,0
5.767572e-05,0
0.0022343346,0
6.520883e-05,0
3.7469366e-05,0
0.00017383027,0
5.6184912e-05,0
0.00010059131,0
2.9363951e-05,0
0.0040537766,0
4.9586426e-05,0
8.1526654e-05,0
5.0590297e-05,0
2.5462012e-05,0
0.001498455,0
2.7327653e-05,0
0.00025040025,0
5.7793713e-05,0
1.4358303e-05,0
0.00011667708,0
0.002885829,0
0.00023109776,0
0.006907941,0
0.00043554246,0
3.8576716e-05,0
0.00016610685,0
2.4026647e-05,0
5.308376e-05,0
0.00026658084,0
4.3064847e-05,0
6.0687547e-05,0
5.480627e-05,0
1.9148003e-05,0
5.598644e-05,0
0.0012764148,0
5.320297e-05,0
2.9562045e-05,0
2.3364917e-05,0
3.1331296e-05,0
5.179577e-05,0
0.00018917487,0
1.8612875e-05,0
2.5153595e-05,0
5.489154e-05,0
1.8927849e-05,0
2.126929e-05,0
1.5244735e-05,0
0.00020769516,0
1.3970567e-05,0
3.6157588e-05,0
3.0974814e-05,0
8.6570246e-05,0
2.3406626e-05,0
2.3991544e-05,0
0.0032137535,0
1.9205507e-05,0
4.074669e-05,0
0.00011874647,0
2.104595e-05,0
5.7869755e-05,0
0.00038113122,0
2.9912419e-05,0
2.4589956e-05,0
3.0376592e-05,0
3.1381067e-05,0
0.00016933883,0
5.543252e-05,0
0.0006511549,0
4.187023e-05,0
4.89285e-05,0
7.149607e-05,0
1.209169e-05,0
2.4815132e-05,0
1.17918225e-05,0
1.7261862e-05,0
1.9357007e-05,0
5.8621066e-05,0
3.3117016e-05,0
0.0056428113,0
0.012545416,0
0.008447874,0
0.000564606,0
2.0311041e-05,0
7.0071015e-05,0
2.5348983e-05,0
1.9180427e-05,0
0.0015599123,0
2.6612493e-05,0
0.006420278,0
0.012724663,0
0.0050039147,0
3.8913415e-05,0
0.00010259236,0
6.340249e-05,0
0.000621225,0
7.1764094e-05,0
0.0005412622,0
6.902209e-05,0
2.2416822e-05,0
0.00012224205,0
8.4479296e-05,0
1.1159269e-05,0
0.00012173876,0
2.4233967e-05,0
1.8887426e-05,0
0.00017061672,0
2.3683773e-05,0
0.00010361972,0
3.5520196e-05,0
2.1591988e-05,0
1.9204583e-05,0
9.82132e-05,0
2.813457e-05,0
2.1078531e-05,0
0.00017346039,0
4.488471e-05,0
2.7136739e-05,0
0.00014129639,0
0.00036754555,0
1.6422295e-05,0
1.7601335e-05,0
2.0111602e-05,0
0.000102599704,0
1.2559777e-05,0
6.520935e-05,0
0.0015286941,0
2.5928006e-05,0
3.5958707e-05,0
0.0045285383,0
0.0022699474,0
0.00018081712,0
2.751875e-05,0
0.0005410189,0
0.00017067736,0
2.0301884e-05,0
0.00019262094,0
9.885759e-05,0
0.0002637286,0
6.652442e-05,0
0.0026852193,0
3.581467e-05,0
1.8945184e-05,0
5.778696e-05,0
0.00012826783,0
5.2749765e-05,0
2.1474181e-05,0
2.029869e-05,0
0.0050608777,0
1.9272778e-05,0
2.6403286e-05,0
0.00796514,0
2.71126e-05,0
0.0077284784,0
0.00019708154,0
2.1496908e-05,0
2.9473877e-05,0
0.0008761649,0
0.00069640245,0
0.00015847904,0
2.4936646e-05,0
2.6966998e-05,0
0.00036460487,0
3.57681e-05,0
1.9593139e-05,0
1.934155e-05,0
4.3583295e-05,0
5.373378e-05,0
2.223105e-05,0
0.005069436,0
0.00024350916,0
1.3760891e-05,0
1.5249939e-05,0
7.9560356e-05,0
0.0006911977,0
2.02953e-05,0
9.5593496e-05,0
0.010685035,0
1.41343135e-05,0
0.0003397548,0
0.011092163,0
2.349867e-05,0
4.219279e-05,0
1.9212795e-05,0
9.865263e-05,0
0.0003778093,0
3.4662913e-05,0
0.006155067,0
0.00024858527,0
1.5100992e-05,0
5.823502e-05,0
0.0030803108,0
5.9292157e-05,0
4.7140555e-05,0
6.157548e-05,0
1.944747e-05,0
0.00013628756,0
2.083095e-05,0
0.0002837922,0
0.00044494166,0
0.00016278376,0
2.2606704e-05,0
6.139414e-05,0
6.414042e-05,0
0.00054243486,0
2.6089368e-05,0
2.5395622e-05,0
4.452612e-05,0
4.8515572e-05,0
4.8400183e-05,0
0.00011637226,0
0.004025661,0
0.0064532408,0
0.0001828508,0
8.114964e-05,0
0.00012190722,0
2.5208954e-05,0
0.0002819195,0
0.00013822953,0
2.7053016e-05,0
2.0314155e-05,0
3.10905e-05,0
1.36862145e-05,0
1.8283692e-05,0
0.0004395934,0
2.9425113e-05,0
3.145838e-05,0
3.5980975e-05,0
0.00012945457,0
1.9010206e-05,0
0.0006953805,0
3.641492e-05,0
0.00014426032,0
9.98016e-05,0
2.2848277e-05,0
4.3123844e-05,0
6.203214e-05,0
2.5298565e-05,0
0.016187249,0
3.1571264e-05,0
8.6946864e-05,0
9.356089e-06,0
0.00014667993,0
0.00048929383,0
6.288514e-05,0
0.0064653237,0
2.4544355e-05,0
2.0288535e-05,0
2.1919639e-05,0
9.5853226e-05,0
2.7946602e-05,0
1.704341e-05,0
0.0005011047,0
0.0032628821,0
0.0055713695,0
0.00747789,0
0.002490818,0
5.437118e-05,0
1.9119143e-05,0
4.8851693e-05,0
3.0949304e-05,0
2.3453476e-05,0
0.008853867,0
0.0004367648,0
1.8944074e-05,0
2.1430109e-05,0
2.7672962e-05,0
1.622007e-05,0
3.349044e-05,0
3.366182e-05,0
0.00054944865,0
2.4957373e-05,0
6.944514e-05,0
1.8393357e-05,0
0.000118782285,0
2.7579923e-05,0
0.00032411527,0
4.8320228e-05,0
1.7953733e-05,0
0.0007025575,0
0.00065794634,0
4.8530244e-05,0
7.3987845e-05,0
9.623702e-05,0
5.565633e-05,0
7.956929e-05,0
0.000888671,0
0.00041723484,0
0.00010242908,0
0.00087200437,0
3.930697e-05,0
2.6383916e-05,0
0.014581835,0
5.9169717e-05,0
0.00090888405,0
2.3704717e-05,0
6.879814e-05,0
4.097403e-05,0
2.062193e-05,0
1.9194791e-05,0
0.007070214,0
6.393746e-05,0
0.0004389122,0
0.0008793916,0
1.3928169e-05,0
8.4334184e-05,0
0.0019715887,0
2.6113143e-05,0
0.00013186967,0
4.694481e-05,0
9.853046e-06,0
0.0014970403,0
0.0006891857,0
2.8187264e-05,0
1.9482583e-05,0
0.00024031823,0
0.0001679902,0
2.7892518e-05,0
3.7659844e-05,0
0.00027711675,0
0.00053437526,0
2.42724e-05,0
6.439148e-05,0
4.9440438e-05,0
8.5568776e-05,0
2.6640084e-05,0
5.269551e-05,0
0.00058340095,0
0.0008012093,0
2.6745918e-05,0
1.681393e-05,0
7.309262e-05,0
0.00012402386,0
0.000278335,0
5.324331e-05,0
4.6982204e-05,0
8.602185e-05,0
2.9773608e-05,0
1.8391225e-05,0
0.0002222884,0
0.0013109369,0
0.000647139,0
1.9475418e-05,0
0.0009743043,0
9.657688e-05,0
2.1612326e-05,0
8.7757326e-05,0
1.9576253e-05,0
0.0009081084,0
3.6418223e-05,0
1.2599459e-05,0
1.930681e-05,0
0.00045846927,0
1.8050028e-05,0
2.0557016e-05,0
5.7779544e-05,0
6.298125e-05,0
1.5107862e-05,0
4.5846045e-05,0
1.944768e-05,0
0.00044368516,0
0.00015788135,0
0.0023772446,0
4.8240807e-05,0
0.00017328748,0
1.7368337e-05,0
4.621523e-05,0
0.00018148344,0
1.7247066e-05,0
1.4886139e-05,0
0.0008668011,0
2.3879818e-05,0
2.4305766e-05,0
0.0001435303,0
2.6005338e-05,0
0.00023740061,0
0.0008278007,0
0.0002452535,0
4.8428174e-05,0
1.38813975e-05,0
0.0015950883,0
2.6846428e-05,0
2.2326218e-05,0
5.146915e-05,0
3.0339046e-05,0
9.994778e-05,0
6.7003166e-05,0
0.0004522509,0
5.0117163e-05,0
0.00011735343,0
6.11575e-05,0
2.7436448e-05,0
4.8760216e-05,0
5.3138894e-05,0
6.195526e-05,0
0.0011745216,0
4.1927702e-05,0
2.1811924e-05,0
0.0068540587,0
3.2992044e-05,0
3.0256222e-05,0
5.305388e-05,0
0.00019419032,0
2.0809208e-05,0
5.879457e-05,0
0.000113925875,0
2.5203664e-05,0
2.0271485e-05,0
0.0050079357,0
1.7790764e-05,0
2.3696524e-05,0
5.1039944e-05,0
0.00010278993,0
5.2259296e-05,0
0.00015550845,0
0.00017752952,0
0.0015171265,0
1.9328509e-05,0
2.6272248e-05,0
0.00010198565,0
0.009601185,0
0.0005495981,0
1.3769538e-05,0
1.4209476e-05,0
4.5754547e-05,0
5.545092e-05,0
1.6628483e-05,0
0.000111537105,0
3.1237323e-05,0
9.771324e-05,0
0.00029284428,0
4.8320144e-05,0
0.000346932,0
2.5220068e-05,0
2.7179918e-05,0
0.0006486288,0
0.00058384414,0
1.9330611e-05,0
1.9482157e-05,0
0.010304065,0
1.3859932e-05,0
8.4058425e-05,0
3.619527e-05,0
0.0015437413,0
2.7514117e-05,0
3.750568e-05,0
2.4703764e-05,0
9.070073e-05,0
0.00023345237,0
0.00027699524,0
1.9890846e-05,0
5.3072778e-05,0
0.0003076546,0
2.5543193e-05,0
8.832206e-05,0
0.0002076085,0
2.5242194e-05,0
2.8589864e-05,0
1.6302258e-05,0
0.0003207023,0
0.00016220992,0
2.0622081e-05,0
0.000108373075,0
0.000119424025,0
1.3744528e-05,0
0.00014754312,0
0.00055260176,0
5.6510427e-05,0
5.387534e-05,0
1.9213154e-05,0
0.00022728102,0
5.5790806e-05,0
2.756212e-05,0
9.142778e-05,0
0.00023671293,0
9.340095e-05,0
3.4355424e-05,0
0.0062941606,0
2.030855e-05,0
2.0288002e-05,0
2.4144936e-05,0
0.00013557097,0
3.9650575e-05,0
9.034438e-05,0
3.992341e-05,0
0.00056772993,0
0.00017706942,0
2.6432004e-05,0
2.8005326e-05,0
2.2198337e-05,0
0.0001330114,0
2.6971422e-05,0
3.005346e-05,0
2.7397045e-05,0
0.00011978003,0
1.0522492e-05,0
5.5518583e-05,0
3.371742e-05,0
2.3070139e-05,0
4.0921743e-05,0
0.00014527512,0
2.1133294e-05,0
5.2366846e-05,0
5.2850184e-05,0
0.00060300867,0
2.0536228e-05,0
1.922224e-05,0
0.0020630849,0
6.0212078e-05,0
5.7618974e-05,0
0.00024248713,0
0.00016706123,0
0.004690387,0
1.9194742e-05,0
3.8473463e-05,0
0.00012046349,0
1.9705809e-05,0
0.0014494993,0
1.8584156e-05,0
2.2325088e-05,0
0.00022282175,0
9.281215e-05,0
3.195974e-05,0
1.9837267e-05,0
7.094736e-05,0
1.7049273e-05,0
1.1703525e-05,0
8.468358e-05,0
4.9367027e-05,0
2.4408646e-05,0
0.00016357709,0
1.9403416e-05,0
0.007862328,0
2.0106581e-05,0
2.028839e-05,0
2.5433063e-05,0
0.0008284231,0
9.911386e-05,0
2.5473644e-05,0
4.8258844e-05,0
4.4825327e-05,0
0.00016853644,0
0.000108582055,0
1.931037e-05,0
4.7963338e-05,0
0.009022078,0
1.9236624e-05,0
5.2285857e-05,0
1.1539554e-05,0
2.221722e-05,0
2.0281866e-05,0
5.8997313e-05,0
2.7175793e-05,0
2.9732551e-05,0
0.00052767235,0
0.00017067164,0
1.1178828e-05,0
3.841948e-05,0
8.7497094e-05,0
2.9027522e-05,0
1.9706891e-05,0
0.00043847543,0
2.2657561e-05,0
1.6704284e-05,0
8.566895e-05,0
6.576624e-05,0
1.9946214e-05,0
2.0954376e-05,0
4.909989e-05,0
0.0026200449,0
4.6546324e-05,0
1.2471889e-05,0
2.0298097e-05,0
2.5776248e-05,0
2.5072984e-05,0
0.00022839035,0
3.842204e-05,0
0.00092732464,0
2.2098318e-05,0
9.934513e-06,0
5.2567862e-05,0
1.9507368e-05,0
7.719537e-05,0
4.4554647e-05,0
6.29052e-05,0
2.154724e-05,0
2.7513046e-05,0
2.831641e-05,0
2.7146616e-05,0
6.722836e-05,0
3.2206248e-05,0
0.00012848114,0
2.5066514e-05,0
2.9216497e-05,0
1.8344414e-05,0
0.00040741844,0
9.55318e-05,0
0.0005387723,0
1.7923316e-05,0
2.687878e-05,0
2.6937141e-05,0
5.0315888e-05,0
0.0014600544,0
4.578089e-05,0
2.4496483e-05,0
4.889944e-05,0
0.000120893725,0
1.4162403e-05,0
0.012058305,0
1.1557853e-05,0
2.2963464e-05,0
2.3851771e-05,0
9.761456e-05,0
4.242552e-05,0
2.0070378e-05,0
4.467251e-05,0
1.927276e-05,0
4.7326594e-05,0
3.5606066e-05,0
4.1234045e-05,0
2.7506727e-05,0
0.00010530975,0
5.5548197e-05,0
1.9396488e-05,0
2.6552358e-05,0
2.1643746e-05,0
0.0009104445,0
0.0004273569,0
0.0002939097,0
2.0310197e-05,0
2.1852946e-05,0
3.5929657e-05,0
6.152097e-05,0
0.0006167492,0
1.2628676e-05,0
0.0003973546,0
0.00019597335,0
0.0007529059,0
9.764813e-05,0
2.7617545e-05,0
0.0003360843,0
2.9076284e-05,0
0.0009760073,0
0.00028053008,0
4.5131383e-05,0
0.00043566534,0
4.9134236e-05,0
2.4509569e-05,0
1.6439102e-05,0
2.0289724e-05,0
0.0041783946,0
0.00016050719,0
0.0015678494,0
6.0299502e-05,0
5.6284167e-05,0
2.0235033e-05,0
4.2695843e-05,0
4.086215e-05,0
3.230345e-05,0
0.00048489327,0
0.000100549485,0
1.569204e-05,0
1.06505195e-05,0
2.7528065e-05,0
0.000109048065,0
5.106824e-05,0
0.00022369287,0
4.5084038e-05,0
9.620561e-05,0
9.898481e-05,0
2.6927057e-05,0
5.032776e-05,0
2.2606197e-05,0
2.4308518e-05,0
5.0624487e-05,0
4.3070686e-05,0
0.00011503634,0
0.00015408413,0
0.00021209485,0
2.8766426e-05,0
1.855029e-05,0
1.7657085e-05,0
2.533186e-05,0
5.4746244e-05,0
3.7896913e-05,0
2.282139e-05,0
2.1118478e-05,0
2.9299956e-05,0
1.6937493e-05,0
2.2902594e-05,0
4.1231342e-05,0
0.00010344448,0
3.1946267e-05,0
1.9328658e-05,0
2.0231595e-05,0
0.000966448,0
1.9990628e-05,0
5.5048506e-05,0
0.0007622216,0
7.077356e-05,0
0.00031715338,0
9.554227e-05,0
2.743023e-05,0
0.0010388596,0
0.00024779318,0
8.549305e-05,0
0.00016107557,0
2.0146768e-05,0
5.3907563e-05,0
0.0030898836,0
1.7282735e-05,0
3.3460172e-05,0
5.146317e-05,0
3.8418202e-05,0
2.1198053e-05,0
0.00015645738,0
1.9212428e-05,0
9.635589e-05,0
6.6310684e-05,0
4.200727e-05,0
4.8765214e-05,0
3.1937107e-05,0
1.9305226e-05,0
2.4948926e-05,0
0.00010445626,0
0.00022419656,0
3.841925e-05,0
0.00017116364,0
6.0113685e-05,0
0.00011479268,0
2.009058e-05,0
5.7576726e-05,0
3.478132e-05,0
0.0001658799,0
6.00499e-05,0
1.0894611e-05,0
8.692864e-05,0
4.8506903e-05,0
0.00038189584,0
1.6057124e-05,0
0.0006611537,0
2.0726884e-05,0
2.2220083e-05,0
1.17313275e-05,0
5.3815296e-05,0
8.016866e-05,0
0.00043678013,0
0.00024602932,0
0.0002233603,0
2.6550713e-05,0
0.0004339821,0
5.9602233e-05,0
8.361747e-05,0
5.8951086e-05,0
1.3388682e-05,0
9.994766e-05,0
4.45243e-05,0
2.087569e-05,0
4.3884877e-05,0
1.9775756e-05,0
0.00017252946,0
0.0034205597,0
2.1519434e-05,0
2.4712888e-05,0
2.0064821e-05,0
0.0002535558,0
0.00019459425,0
8.6686094e-05,0
0.0013592775,0
0.0035694954,0
4.831213e-05,0
0.013498038,0
2.9654324e-05,0
0.00012206589,0
8.7142835e-05,0
0.01863454,0
1.4068279e-05,0
2.743174e-05,0
2.2617116e-05,0
2.27756e-05,0
0.0042455154,0
0.0033991747,0
0.00017043651,0
2.4838439e-05,0
7.049131e-05,0
0.0035333224,0
1.8919523e-05,0
2.6490412e-05,0
0.0021772042,0
1.9944202e-05,0
7.2602495e-05,0
0.00011321435,0
1.1902336e-05,0
0.00020651863,0
5.3564097e-05,0
5.5886976e-05,0
2.6364381e-05,0
1.9878324e-05,0
2.1863625e-05,0
6.413064e-05,0
8.43899e-05,0
2.6466165e-05,0
2.8118138e-05,0
9.0005626e-05,0
0.00019899434,0
1.9406347e-05,0
4.5607943e-05,0
2.2474618e-05,0
3.9793937e-05,0
0.0001604411,0
0.00020889993,0
1.9340694e-05,0
2.2280223e-05,0
0.00016003943,0
0.00022341862,0
2.6994874e-05,0
9.047827e-05,0
6.367805e-05,0
1.6789318e-05,0
4.2308442e-05,0
1.2423944e-05,0
2.3947145e-05,0
2.826968e-05,0
0.0001216949,0
2.4230292e-05,0
0.0001125461,0
0.00023143957,0
0.0008724732,0
0.00018227923,0
1.8193567e-05,0
1.8308267e-05,0
9.7507604e-05,0
0.00010908278,0
0.00019674186,0
2.466569e-05,0
7.384067e-05,0
1.66459e-05,0
0.00016552374,0
2.0113626e-05,0
1.996983e-05,0
2.5597132e-05,0
5.0394465e-05,0
0.0003012981,0
0.00012867077,0
2.271829e-05,0
2.4197194e-05,0
0.00010050468,0
1.5819485e-05,0
2.495894e-05,0
3.281155e-05,0
2.1608112e-05,0
2.2816912e-05,0
0.0086932955,0
1.5393727e-05,0
0.00026103327,0
0.0006217391,0
0.00010838374,0
4.8926715e-05,0
4.156766e-05,0
2.4227451e-05,0
3.614492e-05,0
2.854738e-05,0
5.4136766e-05,0
2.0828022e-05,0
0.000104134706,0
2.0341282e-05,0
0.00012435514,0
2.9218561e-05,0
0.0019704567,0
4.489373e-05,0
3.4187062e-05,0
1.392639e-05,0
8.138333e-05,0
4.1196472e-05,0
0.0006361786,0
0.0034758993,0
1.6184402e-05,0
0.00039683495,0
0.00013430664,0
0.0008544194,0
2.182636e-05,0
2.8368797e-05,0
4.5035376e-05,0
5.57025e-05,0
2.4561936e-05,0
0.0001441023,0
0.002057495,0
5.62887e-05,0
2.1950978e-05,0
2.3536075e-05,0
0.00020580147,0
0.00010987961,0
3.3323606e-05,0
9.815444e-05,0
2.3674584e-05,0
2.5474452e-05,0
2.9030636e-05,0
1.9296578e-05,0
2.8378738e-05,0
2.5549683e-05,0
0.00086207746,0
1.826473e-05,0
1.9712887e-05,0
2.6040885e-05,0
2.9996987e-05,0
0.0045747864,0
2.3894818e-05,0
0.0001262709,0
0.00015557653,0
0.00025417472,0
2.978219e-05,0
1.8996892e-05,0
0.00043788634,0
5.110225e-05,0
2.6386751e-05,0
0.009513787,0
2.1866092e-05,0
1.1722423e-05,0
1.1205829e-05,0
1.8682174e-05,0
7.91189e-05,0
1.4363551e-05,0
7.696237e-05,0
1.8233555e-05,0
0.000112327514,0
2.0964488e-05,0
2.4604788e-05,0
0.0076659378,0
2.3697881e-05,0
0.00024275167,0
7.001605e-05,0
1.857802e-05,0
4.322152e-05,0
5.572993e-05,0
1.3658311e-05,0
0.00024425253,0
1.9888404e-05,0
0.00056863704,0
2.1121232e-05,0
0.00012435958,0
3.4939007e-05,0
0.0031600967,0
3.211349e-05,0
7.886882e-05,0
1.637634e-05,0
0.0006256431,0
9.797956e-05,0
2.0462548e-05,0
1.9728479e-05,0
5.8592414e-05,0
2.746679e-05,0
0.0015364382,0
0.0005037362,0
3.997272e-05,0
5.6034874e-05,0
2.0958514e-05,0
1.5131736e-05,0
0.0015618146,0
0.00018432474,0
2.0791082e-05,0
0.00014877446,0
0.00010246982,0
2.5492542e-05,0
0.011015265,0
3.0317102e-05,0
1.8150107e-05,0
2.6804631e-05,0
6.2522755e-05,0
0.00018136484,0
2.2750577e-05,0
2.1227917e-05,0
1.3892751e-05,0
3.8480706e-05,0
5.957834e-05,0
1.631192e-05,0
5.972737e-05,0
0.0023933505,0
7.304297e-05,0
9.300453e-05,0
2.2706834e-05,0
2.6849906e-05,0
0.00041515147,0
2.0971218e-05,0
9.767503e-05,0
8.467645e-05,0
2.0535623e-05,0
0.0097007,0
0.006831468,0
2.5059097e-05,0
7.159276e-05,0
0.0004340709,0
2.6939368e-05,0
0.00087559066,0
3.5387813e-05,0
2.747776e-05,0
0.000122016936,0
7.915961e-05,0
2.9366074e-05,0
2.6273015e-05,0
2.113452e-05,0
4.1392297e-05,0
0.00025345982,0
1.9807694e-05,0
0.008055781,0
2.7347287e-05,0
4.0855586e-05,0
2.2722594e-05,0
1.178048e-05,0
0.0002349835,0
5.2432537e-05,0
0.0001630178,0
6.865999e-05,0
0.00055601314,0
2.6034375e-05,0
0.0001734757,0
2.4127907e-05,0
1.8700954e-05,0
0.0001157243,0
1.4650606e-05,0
4.1961797e-05,0
1.6035832e-05,0
5.049495e-05,0
5.9652026e-05,0
0.00034374444,0
4.1924468e-05,0
0.00054319465,0
3.5894456e-05,0
9.873382e-05,0
2.504253e-05,0
1.8635297e-05,0
2.1502427e-05,0
0.010263004,0
0.00022531535,0
0.0015666606,0
1.919651e-05,0
0.00076710066,0
2.2613609e-05,0
0.00019586283,0
1.743097e-05,0
1.6852196e-05,0
0.00015879929,0
0.0008830699,0
0.00020037407,0
5.9768012e-05,0
6.98479e-05,0
9.161876e-05,0
0.00018686021,0
0.000639709,0
1.9190431e-05,0
0.000116059375,0
2.6786758e-05,0
9.750731e-05,0
1.6698788e-05,0
8.487183e-05,0
1.9594236e-05,0
0.0014139409,0
0.00046670903,0
3.7774542e-05,0
0.00011621896,0
1.7730345e-05,0
0.00031763513,0
5.534235e-05,0
0.00014444851,0
3.6682522e-05,0
3.7156202e-05,0
3.7197464e-05,0
1.4078764e-05,0
7.6065e-05,0
6.880409e-05,0
4.7033645e-05,0
0.00047278704,0
2.5619383e-05,0
3.2467968e-05,0
5.7623885e-05,0
3.0136942e-05,0
1.8642768e-05,0
2.0920477e-05,0
0.010225202,0
4.0953197e-05,0
0.007185147,0
0.000114325965,0
5.5972927e-05,0
2.6931935e-05,0
2.3231507e-05,0
8.360094e-05,0
2.008505e-05,0
0.0001867835,0
7.815117e-05,0
0.00019513482,0
2.366296e-05,0
1.2775623e-05,0
7.124733e-05,0
2.7701879e-05,0
2.2391745e-05,0
0.0060850633,0
4.4032684e-05,0
0.0012088432,0
9.576642e-05,0
0.0001285433,0
6.513755e-05,0
0.0001886019,0
0.00010465997,0
0.00010039999,0
1.3289921e-05,0
4.5658046e-05,0
6.6375906e-05,0
0.000100310936,0
0.00030175905,0
0.00018765034,0
6.1386e-05,0
0.00014323951,0
0.00038588294,0
0.00014343021,0
4.5442946e-05,0
6.0830047e-05,0
2.6807298e-05,0
2.0822621e-05,0
8.9831796e-05,0
0.00016719823,0
3.886218e-05,0
1.4567291e-05,0
0.00015457452,0
1.6014528e-05,0
3.190818e-05,0
0.00011279446,0
7.020385e-05,0
2.113387e-05,0
0.00011736434,0
0.0067602103,0
0.00064708333,0
0.011259569,0
2.0539559e-05,0
2.7300493e-05,0
9.550599e-05,0
4.3478303e-05,0
0.00055075233,0
2.8275728e-05,0
2.1495176e-05,0
0.00044119323,0
2.09576e-05,0
0.00017514992,0
0.00023629623,0
2.5148554e-05,0
0.00054326927,0
0.00023169866,0
1.5349131e-05,0
4.9479153e-05,0
5.406957e-05,0
9.965883e-05,0
1.9301053e-05,0
2.2214996e-05,0
1.2617301e-05,0
2.0792138e-05,0
0.00020978625,0
2.7876526e-05,0
3.5958543e-05,0
0.0001281387,0
3.2443968e-05,0
2.804896e-05,0
0.00013929412,0
3.2385535e-05,0
0.00015296042,0
0.0001406814,0
1.9573316e-05,0
1.8285427e-05,0
0.0007876964,0
5.50487e-05,0
0.00049312797,0
3.453976e-05,0
5.497481e-05,0
0.0001800234,0
5.0896055e-05,0
0.0014596742,0
3.900265e-05,0
4.9556973e-05,0
5.8073194e-05,0
0.00020469535,0
5.3843043e-05,0
1.828189e-05,0
0.007621523,0
3.5234505e-05,0
2.7816424e-05,0
0.00012814412,0
3.996505e-05,0
3.9152736e-05,0
1.6694967e-05,0
1.9888703e-05,0
1.1835856e-05,0
1.8416604e-05,0
2.7795231e-05,0
0.00010098782,0
4.580666e-05,0
0.012205696,0
0.0037187326,0
2.0351345e-05,0
2.3209992e-05,0
2.0928783e-05,0
2.2556442e-05,0
1.9494251e-05,0
0.00010504871,0
1.987359e-05,0
2.0092742e-05,0
5.7652593e-05,0
0.00013187682,0
1.9451716e-05,0
2.4928366e-05,0
1.0698857e-05,0
4.273188e-05,0
4.9195496e-05,0
4.3387856e-05,0
3.3652137e-05,0
6.2649284e-05,0
0.0024564418,0
2.5987547e-05,0
2.359545e-05,0
1.9241792e-05,0
0.004143966,0
8.092885e-05,0
2.239774e-05,0
0.00034523103,0
2.7492506e-05,0
0.00011934528,0
0.0049472065,0
7.6234996e-05,0
1.2895172e-05,0
0.00013187024,0
0.0022795596,0
2.9268185e-05,0
0.000105241714,0
4.9209204e-05,0
1.4636738e-05,0
4.3277654e-05,0
1.6166032e-05,0
2.719646e-05,0
6.937798e-05,0
5.99221e-05,0
0.0010839847,0
2.11175e-05,0
1.612899e-05,0
7.843393e-05,0
0.0044744695,0
0.00029136293,0
3.154502e-05,0
3.1717227e-05,0
2.1583272e-05,0
0.00015784481,0
0.00010500755,0
2.1809994e-05,0
0.0040824404,0
6.0606137e-05,0
1.5218943e-05,0
9.75082e-05,0
4.8179787e-05,0
0.00082959566,0
3.4898327e-05,0
1.9512867e-05,0
1.995062e-05,0
0.00024954905,0
1.8424182e-05,0
2.5000649e-05,0
5.072628e-05,0
0.007999627,0
0.00018682187,0
0.0027969873,0
2.859564e-05,0
2.7500042e-05,0
4.235948e-05,0
3.0705796e-05,0
2.8736082e-05,0
0.0045513865,0
0.0002728707,0
2.0182648e-05,0
0.0002401679,0
3.2895197e-05,0
0.0006158459,0
0.0010622739,0
5.715656e-05,0
7.63242e-05,0
4.3733275e-05,0
4.2068175e-05,0
5.4251595e-05,0
3.7443842e-05,0
9.6674885e-05,0
4.8815276e-05,0
0.00019823242,0
5.0049952e-05,0
9.128748e-05,0
3.0064e-05,0
1.582881e-05,0
1.9872568e-05,0
0.00010169102,0
2.1460912e-05,0
1.800679e-05,0
2.5388785e-05,0
1.8612263e-05,0
3.4945402e-05,0
0.00011225479,0
9.3480914e-05,0
3.7950045e-05,0
7.5316915e-05,0
4.1293806e-05,0
5.2757598e-05,0
0.000492701,0
2.2625783e-05,0
6.6718785e-05,0
0.0002019248,0
7.862712e-05,0
1.9888703e-05,0
5.838665e-05,0
5.1111812e-05,0
9.831959e-05,0
2.8945415e-05,0
0.0012982951,0
0.00033917534,0
0.0010535265,0
2.9761535e-05,0
1.4000693e-05,0
4.0397183e-05,0
3.5598474e-05,0
7.566615e-05,0
1.9871663e-05,0
0.0003326184,0
0.00046032274,0
6.20117e-05,0
0.00022212786,0
2.0315669e-05,0
0.0147896,0
2.0068077e-05,0
4.102274e-05,0
2.2188944e-05,0
7.758071e-05,0
0.00025267675,0
9.300941e-05,0
2.0837175e-05,0
1.8986006e-05,0
0.00064852694,0
8.505128e-05,0
0.000105499035,0
2.5013835e-05,0
0.00020220371,0
6.179616e-05,0
4.718276e-05,0
3.0034907e-05,0
3.2555836e-05,0
1.9291809e-05,0
2.6971886e-05,0
2.0873484e-05,0
8.760574e-05,0
6.0277587e-05,0
2.5319208e-05,0
2.6061738e-05,0
9.572235e-05,0
0.00033288915,0
2.0469046e-05,0
9.95242e-05,0
5.727534e-05,0
3.2423806e-05,0
0.0027357233,0
1.9249195e-05,0
2.766237e-05,0
8.559105e-05,0
1.9719453e-05,0
0.00032777112,0
9.569432e-05,0
9.7507684e-05,0
5.8924306e-05,0
2.5248213e-05,0
0.00093209173,0
2.6670572e-05,0
9.9380806e-05,0
2.1423495e-05,0
0.00024525187,0
1.1620611e-05,0
1.6417811e-05,0
4.4148317e-05,0
1.44337155e-05,0
2.8410053e-05,0
2.351705e-05,0
1.1904327e-05,0
0.00015259172,0
2.4835477e-05,0
3.265395e-05,0
2.4923836e-05,0
4.2098734e-05,0
0.00010490757,0
0.00010222993,0
0.007179752,0
3.3428525e-05,0
4.887544e-05,0
0.012132342,0
1.700708e-05,0
4.07237e-05,0
2.2457354e-05,0
2.370502e-05,0
0.00014165585,0
0.00017962315,0
4.6193e-05,0
4.6128298e-05,0
1.794357e-05,0
4.1880554e-05,0
2.3280585e-05,0
1.5540425e-05,0
6.1099905e-05,0
6.0679795e-05,0
0.00016770558,0
0.009715665,0
1.930962e-05,0
4.393779e-05,0
4.4639102e-05,0
0.00027544284,0
2.6664478e-05,0
0.00055548653,0
2.8056462e-05,0
3.758947e-05,0
2.2593451e-05,0
0.00014169059,0
0.00037996616,0
9.532928e-05,0
3.2184962e-05,0
6.2726445e-05,0
0.0009905632,0
1.4953165e-05,0
0.00010801145,0
1.9581688e-05,0
3.9942566e-05,0
1.7350243e-05,0
5.2662235e-05,0
1.286059e-05,0
1.9738314e-05,0
0.0030504765,0
5.294801e-05,0
1.683353e-05,0
1.437189e-05,0
1.956154e-05,0
0.00016867259,0
6.2895975e-05,0
2.393584e-05,0
3.1537264e-05,0
3.4790668e-05,0
2.4504216e-05,0
1.4357437e-05,0
1.9475558e-05,0
0.0003172329,0
0.00022476292,0
1.937508e-05,0
4.5603607e-05,0
0.00010201634,0
2.5176805e-05,0
0.000269483,0
0.00014343506,0
0.00010133888,0
5.6639194e-05,0
2.287835e-05,0
0.00023612542,0
4.9376722e-05,0
2.0623658e-05,0
2.8549424e-05,0
0.00176225,0
0.0001711778,0
1.9442094e-05,0
4.337865e-05,0
5.165208e-05,0
9.434201e-05,0
8.794882e-05,0
1.1471798e-05,0
2.6473506e-05,0
2.7058732e-05,0
0.000107929714,0
1.6744281e-05,0
3.3332126e-05,0
5.2434545e-05,0
4.481411e-05,0
4.8839625e-05,0
9.861245e-05,0
9.545034e-05,0
0.0020292958,0
0.00041321723,0
0.00026039136,0
1.8277886e-05,0
2.0030018e-05,0
7.939352e-05,0
2.8950015e-05,0
0.008057362,0
0.0004805552,0
5.9194947e-05,0
0.00010286776,0
0.0004501161,0
0.0004984936,0
1.6714255e-05,0
1.8048517e-05,0
0.00034883982,0
2.1232207e-05,0
1.3310142e-05,0
2.1359601e-05,0
0.008263806,0
2.6211397e-05,0
0.018322041,0
1.5647482e-05,0
0.00758949,0
0.0006046483,0
0.004312532,0
9.935244e-06,0
1.8520894e-05,0
2.0250636e-05,0
0.00036967362,0
9.41095e-05,0
2.2711945e-05,0
0.00012069119,0
1.2285493e-05,0
2.7098687e-05,0
1.5519976e-05,0
1.3081843e-05,0
9.547774e-05,0
0.005226679,0
5.7771682e-05,0
0.00013662684,0
1.40550865e-05,0
2.2205388e-05,0
1.9594816e-05,0
2.3676794e-05,0
0.00011272257,0
8.922289e-05,0
5.1691433e-05,0
1.971922e-05,0
9.837795e-05,0
6.214411e-05,0
2.5312313e-05,0
0.00035176417,0
0.00011195321,0
5.2450116e-05,0
4.1912022e-05,0
3.203533e-05,0
1.5125019e-05,0
0.00015551102,0
0.0001941058,0
1.4500535e-05,0
4.7112342e-05,0
2.6334485e-05,0
2.4235034e-05,0
0.0011520565,0
0.00010978666,0
2.4254603e-05,0
0.000257307,0
1.9276133e-05,0
0.0018970149,0
1.8307015e-05,0
2.0317038e-05,0
0.009732412,0
0.0020394481,0
0.0002748371,0
2.3658713e-05,0
0.0005716426,0
2.548505e-05,0
2.4142117e-05,0
0.000112483096,0
2.2140457e-05,0
0.0008650882,0
0.00016010203,0
0.0037256847,0
2.4377481e-05,0
2.7781876e-05,0
2.9988321e-05,0
5.466271e-05,0
2.719354e-05,0
0.007138737,0
0.00039306455,0
7.893151e-05,0
2.3998127e-05,0
1.0303328e-05,0
2.65509e-05,0
1.6741022e-05,0
4.7963953e-05,0
0.0004225184,0
2.6096708e-05,0
0.007584212,0
0.00018098288,0
9.849407e-05,0
0.010238969,0
5.149883e-05,0
0.00012970508,0
4.922933e-05,0
0.007833043,0
2.3688857e-05,0
4.2484993e-05,0
0.0111989165,0
1.8276349e-05,0
2.0367264e-05,0
9.844355e-05,0
7.376758e-05,0
0.00014343542,0
0.00018824432,0
0.00039411423,0
1.799356e-05,0
0.00014205667,0
1.9345289e-05,0
2.86109e-05,0
2.695427e-05,0
2.802082e-05,0
0.0016844927,0
6.091499e-05,0
3.415239e-05,0
2.7094453e-05,0
2.120335e-05,0
0.0009677778,0
2.1114247e-05,0
0.00094009086,0
7.591985e-05,0
2.8617173e-05,0
2.2977156e-05,0
0.0010952597,0
0.00020212392,0
2.4058632e-05,0
0.0007716961,0
0.00020915942,0
1.22856245e-05,0
2.8945378e-05,0
5.8058493e-05,0
1.8664998e-05,0
1.2422558e-05,0
2.0590656e-05,0
0.009126498,0
0.011262761,0
0.0001805028,0
4.6523004e-05,0
2.1095939e-05,0
4.9781167e-05,0
0.0003694001,0
0.0023068823,0
0.0105863605,0
4.9287915e-05,0
1.6695018e-05,0
0.0008434063,0
1.5747775e-05,0
0.00024653244,0
2.5239879e-05,0
0.000260696,0
5.676335e-05,0
0.000132342,0
1.4255123e-05,0
4.83685e-05,0
7.744902e-05,0
3.7777692e-05,0
0.0005495935,0
1.944367e-05,0
0.00034306163,0
0.00024386328,0
3.993946e-05,0
0.00037046144,0
2.1533247e-05,0
3.066297e-05,0
4.5147754e-05,0
0.0015922143,0
2.902566e-05,0
0.0006768433,0
0.0014965918,0
0.004754211,0
2.401045e-05,0
0.0005477641,0
2.0811893e-05,0
0.00010476798,0
1.8129538e-05,0
2.6752165e-05,0
4.9227187e-05,0
3.5913195e-05,0
0.001982858,0
0.00047708984,0
2.3228757e-05,0
1.4820363e-05,0
3.547518e-05,0
1.961084e-05,0
5.4984637e-05,0
0.0066533377,0
1.2659371e-05,0
3.378173e-05,0
2.1595755e-05,0
3.843241e-05,0
0.0067272945,0
3.6447713e-05,0
0.00014310979,0
6.876035e-05,0
0.0069281496,0
2.3947188e-05,0
7.1449365e-05,0
0.000113699105,0
1.50423575e-05,0
5.5422155e-05,0
4.591641e-05,0
0.0018280789,0
1.9815569e-05,0
0.0047653024,0
0.00010534385,0
2.5056625e-05,0
3.216309e-05,0
0.00015646862,0
0.00045008076,0
3.7677964e-05,0
7.426699e-05,0
0.002417449,0
6.4667925e-05,0
2.9692505e-05,0
1.2682717e-05,0
9.642827e-06,0
2.0905618e-05,0
9.236107e-05,0
3.0576393e-05,0
5.10567e-05,0
5.476595e-05,0
2.7150601e-05,0
1.9449857e-05,0
0.0005919772,0
2.2692358e-05,0
5.1674215e-05,0
0.000115695555,0
2.3392418e-05,0
0.0004221024,0
2.5924217e-05,0
1.7509512e-05,0
0.00013755941,0
8.648432e-05,0
4.2590895e-05,0
6.452075e-05,0
8.698285e-05,0
5.6053217e-05,0
2.118419e-05,0
3.213173e-05,0
3.043784e-05,0
2.0294756e-05,0
0.0010221134,0
0.00024401648,0
4.2152235e-05,0
0.00084805797,0
9.694192e-05,0
1.8491175e-05,0
0.00035042624,0
0.00018093927,0
1.6240721e-05,0
0.00072022626,0
4.3771437e-05,0
9.126188e-05,0
4.132863e-05,0
0.000517653,0
0.00011979463,0
6.331288e-05,0
4.3284646e-05,0
3.5227782e-05,0
1.9526555e-05,0
9.951799e-05,0
7.118166e-05,0
1.2296416e-05,0
2.9155495e-05,0
9.97737e-06,0
0.020839104,0
2.5719815e-05,0
1.3682765e-05,0
2.6740336e-05,0
0.0002835028,0
0.00010418909,0
5.3402116e-05,0
2.0110694e-05,0
0.011955754,0
4.8988175e-05,0
0.00013917885,0
4.955693e-05,0
0.00010119248,0
1.8554612e-05,0
3.0565207e-05,0
1.961278e-05,0
2.5026837e-05,0
2.1465696e-05,0
0.002435374,0
1.5676862e-05,0
2.2511978e-05,0
0.0001921888,0
0.00048080736,0
6.105006e-05,0
6.5905515e-05,0
2.2261653e-05,0
7.972828e-05,0
1.7613314e-05,0
3.522193e-05,0
2.1583324e-05,0
2.3406139e-05,0
5.868141e-05,0
1.98993e-05,0
8.394646e-05,0
0.00018987764,0
3.671787e-05,0
3.2964672e-05,0
1.5333355e-05,0
2.760078e-05,0
1.0396301e-05,0
4.0063107e-05,0
0.00015652234,0
0.00067338056,0
1.973884e-05,0
1.941182e-05,0
5.2275667e-05,0
0.000115334384,0
5.5728095e-05,0
0.00017811154,0
0.001325626,0
0.00873906,0
1.7543098e-05,0
2.2205111e-05,0
4.5475805e-05,0
7.7349556e-05,0
0.0054848706,0
0.0035880606,0
7.725819e-05,0
0.0041233473,0
0.000101302954,0
4.0769904e-05,0
0.0001610722,0
4.6889323e-05,0
0.00012734937,0
2.7466642e-05,0
5.796644e-05,0
8.111081e-05,0
1.9442745e-05,0
1.1171895e-05,0
3.533252e-05,0
2.7247823e-05,0
0.011126092,0
2.0616015e-05,0
2.4072642e-05,0
5.561832e-05,0
1.7184957e-05,0
0.00010136514,0
1.3603974e-05,0
0.012157221,0
0.0017095477,0
0.00010138856,0
9.048939e-05,0
3.681888e-05,0
2.705008e-05,0
8.670811e-05,0
3.321475e-05,0
0.00042322447,0
4.9486618e-05,0
2.426288e-05,0
0.00073237676,0
2.7111677e-05,0
3.1105905e-05,0
0.00013567653,0
2.0939597e-05,0
3.1454427e-05,0
0.0011166377,0
2.0021724e-05,0
0.00023744057,0
2.6286014e-05,0
1.4834754e-05,0
5.9108104e-05,0
1.9421715e-05,0
2.6960195e-05,0
1.7376755e-05,0
1.2605178e-05,0
6.589942e-05,0
0.006343413,0
0.000103546394,0
2.7150956e-05,0
0.002998059,0
3.1761803e-05,0
0.020370247,0
0.0035804918,0
1.7995068e-05,0
2.152619e-05,0
0.0020084854,0
0.00017348517,0
2.7807278e-05,0
1.0627721e-05,0
0.00024843152,0
2.0069634e-05,0
1.7365703e-05,0
9.643859e-05,0
4.906682e-05,0
0.00022122661,0
0.003949792,0
0.010740191,0
3.145027e-05,0
2.2765875e-05,0
5.449001e-05,0
0.0006114032,0
2.0372512e-05,0
0.0071508437,0
1.9203702e-05,0
9.565272e-05,0
1.872241e-05,0
3.457244e-05,0
1.9725208e-05,0
4.0037885e-05,0
4.542439e-05,0
2.3918941e-05,0
0.00016001026,0
1.3735599e-05,0
0.00017463551,0
2.7497099e-05,0
4.976843e-05,0
0.00017950017,0
2.3174154e-05,0
0.00015557399,0
2.9850295e-05,0
0.0008266381,0
1.9373978e-05,0
4.448671e-05,0
0.0021276262,0
2.1928121e-05,0
2.5028157e-05,0
0.00049383624,0
5.339435e-05,0
2.7858516e-05,0
0.000119791315,0
4.406853e-05,0
1.4181354e-05,0
0.0004853625,0
2.0472196e-05,0
4.413749e-05,0
7.819799e-05,0
0.0001697241,0
1.244583e-05,0
2.5759402e-05,0
0.00024467247,0
9.594131e-05,0
2.2636334e-05,0
2.0697913e-05,0
2.4962254e-05,0
4.219225e-05,0
8.29656e-05,0
2.7851604e-05,0
0.00063929195,0
3.2538104e-05,0
0.002066457,0
2.225456e-05,0
1.9316123e-05,0
2.5633868e-05,0
1.920403e-05,0
8.6608496e-05,0
0.00022580281,0
2.3704968e-05,0
2.7543962e-05,0
0.00015240732,0
0.00042384936,0
2.2358212e-05,0
4.3115288e-05,0
4.1833267e-05,0
2.7522367e-05,0
2.5389078e-05,0
0.00032058512,0
0.000102703096,0
0.0001388015,0
2.8120441e-05,0
1.2281599e-05,0
0.00013927101,0
0.00011271917,0
0.0003217612,0
2.0237041e-05,0
0.00024188127,0
0.00015511636,0
0.00011967515,0
9.8861536e-05,0
4.599037e-05,0
1.3135967e-05,0
7.715412e-05,0
5.551161e-05,0
6.202196e-05,0
6.775613e-05,0
0.00015994855,0
4.5691162e-05,0
3.9977593e-05,0
1.8681534e-05,0
0.0010846598,0
0.00017070587,0
0.0002231557,0
5.483072e-05,0
2.4772049e-05,0
0.0007931292,0
1.2064353e-05,0
1.6654354e-05,0
0.0015864931,0
0.00018777551,0
1.2418099e-05,0
4.088134e-05,0
8.514739e-05,0
1.930037e-05,0
4.9235572e-05,0
9.911407e-05,0
0.007696528,0
1.922349e-05,0
4.43099e-05,0
8.5893706e-05,0
3.625793e-05,0
9.8586854e-05,0
3.937631e-05,0
2.986209e-05,0
0.0017588454,0
2.5523403e-05,0
4.4427987e-05,0
0.0008498993,0
3.029059e-05,0
0.0020328967,0
1.2666523e-05,0
0.00019995485,0
0.0004525652,0
0.00021333557,0
0.00015601287,0
2.0546298e-05,0
9.069534e-05,0
0.013137032,0
3.064528e-05,0
0.0015051634,0
2.567496e-05,0
0.0009823008,0
0.00042454337,0
5.044112e-05,0
4.1719482e-05,0
0.0016769784,0
0.000111403526,0
3.964557e-05,0
0.00019706789,0
5.5763267e-05,0
2.0557014e-05,0
3.256585e-05,0
5.1100138e-05,0
9.630694e-05,0
1.6001819e-05,0
2.7162028e-05,0
0.00079914794,0
1.9226427e-05,0
0.0003017794,0
3.7485424e-05,0
0.0001340283,0
1.209996e-05,0
2.1443211e-05,0
4.989932e-05,0
2.742586e-05,0
7.701549e-05,0
6.327476e-05,0
9.671275e-05,0
1.8346549e-05,0
1.5659689e-05,0
3.2758788e-05,0
0.0016000712,0
0.0006143985,0
9.55657e-05,0
3.8634556e-05,0
0.0014002013,0
4.901786e-05,0
2.0916317e-05,0
2.1450789e-05,0
0.016420405,0
3.767666e-05,0
1.5969348e-05,0
0.00978139,0
2.642737e-05,0
2.6956706e-05,0
1.7841945e-05,0
0.00012036857,0
0.00016494302,0
4.017088e-05,0
3.3347456e-05,0
0.00024521275,0
4.7273174e-05,0
0.00011464304,0
0.015911082,0
9.696038e-05,0
4.0243685e-05,0
1.9985668e-05,0
1.3664139e-05,0
1.5472539e-05,0
3.0074374e-05,0
4.8595863e-05,0
2.5508278e-05,0
1.8929242e-05,0
5.964968e-05,0
2.7633903e-05,0
2.227835e-05,0
0.00043788634,0
4.824071e-05,0
0.0046512587,0
5.768769e-05,0
0.02177557,0
1.968937e-05,0
0.000328568,0
7.8180274e-05,0
3.508142e-05,0
1.2476853e-05,0
5.519265e-05,0
5.1240262e-05,0
1.2411794e-05,0
2.672247e-05,0
0.00014006779,0
0.00015833757,0
4.8541482e-05,0
2.0304118e-05,0
0.000109235974,0
2.0568454e-05,0
0.0037186537,0
0.00062918296,0
2.9694555e-05,0
2.8989e-05,0
2.2487106e-05,0
4.4501303e-05,0
0.0013155468,0
3.8817696e-05,0
3.0694984e-05,0
3.875203e-05,0
2.0476815e-05,0
2.0813151e-05,0
1.422316e-05,0
7.5142714e-05,0
3.2371696e-05,0
4.9078888e-05,0
0.00041286813,0
1.7596578e-05,0
2.7869546e-05,0
2.435531e-05,0
4.3709497e-05,0
0.00021294889,0
0.0006154857,0
0.0016484383,0
9.490373e-05,0
1.1353514e-05,0
3.1153995e-05,0
5.452839e-05,0
3.349834e-05,0
1.885375e-05,0
7.144909e-05,0
1.3307532e-05,0
9.6631935e-05,0
2.289044e-05,0
1.1538601e-05,0
0.00017250719,0
0.00027132992,0
2.7869895e-05,0
1.9485977e-05,0
1.9211908e-05,0
6.843552e-05,0
1.0665124e-05,0
0.0001919415,0
0.0027120647,0
2.209749e-05,0
0.007584654,0
6.9703485e-05,0
0.0004280815,0
0.00010991376,0
0.0008674265,0
3.6003396e-05,0
1.938703e-05,0
2.0778729e-05,0
3.7089558e-05,0
0.010741074,0
8.972426e-05,0
8.489747e-05,0
8.707683e-05,0
1.4962085e-05,0
2.319534e-05,0
8.839891e-05,0
2.0282696e-05,0
1.438226e-05,0
7.60092e-05,0
2.1210875e-05,0
5.3899374e-05,0
0.00939287,0
3.389077e-05,0
0.000111474765,0
2.7566217e-05,0
0.0002836666,0
0.00043706252,0
2.6559814e-05,0
0.00072992966,0
2.8012326e-05,0
2.7608949e-05,0
4.8303467e-05,0
0.002675972,0
4.1737985e-05,0
5.3377684e-05,0
5.1800864e-05,0
0.004708916,0
3.3879795e-05,0
0.00026084285,0
2.8197695e-05,0
0.00037462314,0
1.8487508e-05,0
2.854926e-05,0
2.202616e-05,0
2.80392e-05,0
0.00045358724,0
0.00035470162,0
0.0010088531,0
4.9469105e-05,0
0.00010662002,0
0.0010967554,0
4.5330995e-05,0
2.9061186e-05,0
0.001845436,0
1.4077315e-05,0
2.2877502e-05,0
0.00011273541,0
1.6831074e-05,0
0.00028776514,0
1.9810093e-05,0
2.149064e-05,0
0.00066866196,0
1.8815044e-05,0
2.604992e-05,0
0.00011271721,0
0.00094330544,0
3.1328636e-05,0
9.897868e-05,0
1.1502918e-05,0
6.1565355e-05,0
0.00011746366,0
0.000122014106,0
1.4788216e-05,0
3.25574e-05,0
3.9566636e-05,0
0.00021331487,0
0.0021158014,0
0.0002480809,0
0.00020385942,0
5.439525e-05,0
0.0015222748,0
8.091972e-05,0
2.1628166e-05,0
3.4045155e-05,0
0.00017856256,0
1.3820313e-05,0
5.2901076e-05,0
9.882246e-05,0
5.2191826e-05,0
5.083755e-05,0
7.0794085e-05,0
2.2218652e-05,0
0.00017473163,0
1.8113267e-05,0
0.00014818269,0
0.0012976506,0
3.686255e-05,0
2.1457587e-05,0
1.3158575e-05,0
1.921694e-05,0
2.9912264e-05,0
0.00015786257,0
3.2025062e-05,0
1.4492091e-05,0
1.4089669e-05,0
0.0018903164,0
6.5539956e-05,0
5.5623186e-05,0
4.257395e-05,0
2.5864258e-05,0
0.00022542733,0
0.008817042,0
3.0853727e-05,0
0.005437505,0
0.00012668813,0
9.7180375e-05,0
0.0001316315,0
5.237426e-05,0
5.874296e-05,0
4.8902355e-05,0
2.8311726e-05,0
5.8118545e-05,0
2.4176556e-05,0
0.000111094254,0
1.8759698e-05,0
4.5872865e-05,0
2.967201e-05,0
1.2817421e-05,0
0.01130715,0
5.8614154e-05,0
3.348761e-05,0
0.00015912717,0
0.00065523584,0
8.012702e-05,0
0.0006915287,0
1.3069316e-05,0
2.0975076e-05,0
6.70947e-05,0
2.2689926e-05,0
0.00048824592,0
2.7411357e-05,0
9.8984616e-05,0
2.1037911e-05,0
5.6961635e-05,0
2.5646255e-05,0
1.7467002e-05,0
9.57893e-05,0
0.00012116601,0
0.000101552636,0
1.755602e-05,0
5.131403e-05,0
0.004296008,0
0.0011969731,0
2.7174117e-05,0
2.086818e-05,0
4.8346665e-05,0
0.000105595056,0
4.4883014e-05,0
2.3838293e-05,0
2.7737991e-05,0
4.898831e-05,0
0.00017444373,0
2.4785555e-05,0
2.5361183e-05,0
0.00013246616,0
0.00010282378,0
2.6841379e-05,0
0.00011748311,0
0.002126722,0
0.000119783756,0
2.0289668e-05,0
2.7150209e-05,0
0.00011656777,0
2.0535297e-05,0
2.182359e-05,0
1.9479243e-05,0
8.278723e-05,0
3.9150043e-05,0
0.00013952838,0
3.4322617e-05,0
0.000102231155,0
9.5841344e-05,0
6.770612e-05,0
0.007205602,0
2.111487e-05,0
0.002019854,0
0.0006051586,0
0.0072662653,0
3.3065375e-05,0
0.0058125285,0
3.8781247e-05,0
4.9302424e-05,0
0.0016439195,0
0.00048509793,0
2.6246205e-05,0
0.0004119133,0
1.5383972e-05,0
8.956438e-05,0
1.8058625e-05,0
0.0014141002,0
2.7548347e-05,0
1.8612036e-05,0
1.9875257e-05,0
2.1599426e-05,0
3.2769363e-05,0
0.0001390198,0
2.7411566e-05,0
0.00012587206,0
9.562897e-05,0
0.010676304,0
4.7355516e-05,0
5.7473342e-05,0
0.001335053,0
5.6391273e-05,0
1.9247773e-05,0
3.651112e-05,0
1.6229436e-05,0
1.9542536e-05,0
8.2652354e-05,0
2.4170822e-05,0
8.605967e-05,0
0.0019081982,0
0.00013190346,0
6.2872205e-05,0
3.0741776e-05,0
0.00046950212,0
7.54406e-05,0
1.9240524e-05,0
6.741402e-05,0
2.2772709e-05,0
7.0431386e-05,0
2.1551412e-05,0
0.0001496744,0
0.00015041459,0
0.0005656978,0
0.0013357276,0
0.001114511,0
0.0002981058,0
0.00074695155,0
8.15193e-05,0
0.0003263807,0
2.3564771e-05,0
8.2466635e-05,0
3.1452368e-05,0
2.277217e-05,0
2.19049e-05,0
0.0003705974,0
4.811884e-05,0
5.001717e-05,0
0.00031411243,0
2.835255e-05,0
2.5334773e-05,0
0.00014626587,0
4.7999514e-05,0
9.8984754e-05,0
1.8311099e-05,0
0.0036171551,0
9.288188e-05,0
5.3643795e-05,0
3.1375683e-05,0
1.6386193e-05,0
0.0005834944,0
2.6217827e-05,0
8.1225044e-05,0
6.1103456e-05,0
9.920603e-05,0
0.00014977204,0
0.0203308,0
0.00010000162,0
3.1173287e-05,0
6.6353175e-05,0
2.9477429e-05,0
2.5334593e-05,0
0.00017094401,0
0.00010050344,0
3.0615607e-05,0
1.2281911e-05,0
1.987481e-05,0
2.4234769e-05,0
8.287597e-05,0
2.1459413e-05,0
0.0002006943,0
4.92495e-05,0
8.041499e-05,0
4.892929e-05,0
0.0006854563,0
2.0537273e-05,0
1.6381075e-05,0
4.4253346e-05,0
4.940812e-05,0
0.00024846903,0
5.0964685e-05,0
1.9203017e-05,0
1.9211737e-05,0
2.1842614e-05,0
2.7576503e-05,0
0.00026363484,0
0.00010309147,0
1.924376e-05,0
2.639695e-05,0
8.5481275e-05,0
0.00017551666,0
2.3551307e-05,0
7.360743e-05,0
3.421257e-05,0
3.239222e-05,0
2.635972e-05,0
5.745078e-05,0
2.1624353e-05,0
2.2449974e-05,0
0.00011190599,0
1.9223708e-05,0
1.9705392e-05,0
0.001022327,0
1.9564699e-05,0
1.8436365e-05,0
1.940768e-05,0
0.0019702082,0
1.2442588e-05,0
0.0001135663,0
0.00010839817,0
0.00012082713,0
2.043445e-05,0
5.2559662e-05,0
3.064743e-05,0
0.00023856561,0
0.00024999466,0
8.911582e-05,0
2.356512e-05,0
1.554105e-05,0
4.9001046e-05,0
3.1393756e-05,0
2.1132866e-05,0
2.3076844e-05,0
5.8961356e-05,0
5.9216924e-05,0
1.997687e-05,0
0.005000771,0
2.2641228e-05,0
0.00013030233,0
0.00015610074,0
2.3641667e-05,0
5.8276626e-05,0
0.0007827518,0
2.2735027e-05,0
6.352742e-05,0
0.00046975422,0
0.00014262066,0
5.551874e-05,0
2.5558751e-05,0
0.0012153424,0
0.0016911684,0
0.0019694404,0
3.32317e-05,0
1.4894882e-05,0
1.6032734e-05,0
0.00019689539,0
0.0050203004,0
4.982489e-05,0
0.000119779645,0
2.3040215e-05,0
0.00021428322,0
2.0716616e-05,0
0.0004389367,0
5.2980402e-05,0
8.560352e-05,0
1.2450657e-05,0
2.2071521e-05,0
2.1819142e-05,0
2.5211446e-05,0
2.2061124e-05,0
0.003110219,0
6.4950655e-05,0
0.00013761895,0
0.005745198,0
0.0014858244,0
4.8246486e-05,0
2.0514442e-05,0
1.2713574e-05,0
2.003034e-05,0
8.651384e-05,0
4.7107827e-05,0
9.983354e-05,0
5.6878423e-05,0
6.739145e-05,0
0.00011011219,0
0.005921563,0
0.000526878,0
5.0591832e-05,0
2.4855484e-05,0
0.0016532216,0
0.0006059451,0
0.007665515,0
0.00025588603,0
2.1363028e-05,0
0.0006643457,0
9.620012e-05,0
2.473995e-05,0
9.674788e-05,0
0.00017389949,0
2.357077e-05,0
2.4898958e-05,0
2.2881832e-05,0
5.8081456e-05,0
4.9931936e-05,0
0.0029551175,0
3.3732173e-05,0
0.00014318088,0
4.9512375e-05,0
0.00033542528,0
0.000207336,0
5.4684908e-05,0
0.00023705311,0
4.984642e-05,0
5.405379e-05,0
0.00023390597,0
6.633019e-05,0
0.00014603468,0
3.154718e-05,0
5.3791464e-05,0
6.3081294e-05,0
0.0006956504,0
6.186879e-05,0
4.3876873e-05,0
1.1259958e-05,0
1.9278783e-05,0
0.0011867462,0
4.937792e-05,0
4.920198e-05,0
0.00074236194,0
1.4235843e-05,0
9.924547e-05,0
4.482831e-05,0
1.935446e-05,0
5.468451e-05,0
2.3964107e-05,0
0.00019217795,0
1.9204548e-05,0
1.7247194e-05,0
1.7281005e-05,0
0.00011747074,0
1.9164767e-05,0
2.8965625e-05,0
0.00027465995,0
5.551688e-05,0
1.967225e-05,0
0.00017624187,0
2.8608201e-05,0
3.85258e-05,0
2.184767e-05,0
9.982001e-05,0
1.6881146e-05,0
6.0542818e-05,0
1.1635631e-05,0
2.5519712e-05,0
2.1656928e-05,0
0.0007616976,0
1.8498125e-05,0
0.00042251966,0
9.67688e-05,0
0.012936915,0
5.0972307e-05,0
1.9487372e-05,0
0.00044292636,0
5.4900276e-05,0
0.00015886877,0
8.491635e-05,0
2.0845153e-05,0
0.0005995114,0
1.976883e-05,0
1.9455325e-05,0
2.8556047e-05,0
7.5227494e-05,0
3.1309282e-05,0
0.0034392562,0
2.1000567e-05,0
2.5994374e-05,0
9.838265e-05,0
4.156238e-05,0
7.014229e-05,0
2.5091595e-05,0
2.1396503e-05,0
2.8111663e-05,0
0.0015658109,0
2.4360792e-05,0
2.2236307e-05,0
0.00013706989,0
0.000110925976,0
5.1212184e-05,0
4.2084488e-05,0
5.5102493e-05,0
1.791448e-05,0
9.5121184e-05,0
0.0007144992,0
2.2280088e-05,0
2.053548e-05,0
1.9757681e-05,0
3.0915995e-05,0
5.651924e-05,0
3.1201205e-05,0
7.696777e-05,0
2.6905996e-05,0
1.9194747e-05,0
0.012766778,0
1.3072144e-05,0
5.678451e-05,0
0.00040815867,0
1.8043422e-05,0
0.000420934,0
3.220084e-05,0
0.0004601426,0
0.00034302604,0
8.887596e-05,0
4.0126728e-05,0
3.1479787e-05,0
4.4290617e-05,0
0.000102707694,0
3.04107e-05,0
4.6537454e-05,0
2.8575341e-05,0
7.117627e-05,0
5.706186e-05,0
0.00029831758,0
8.785683e-05,0
0.0011227118,0
0.00063075684,0
0.000107534426,0
9.7507305e-05,0
3.7819547e-05,0
0.0003045758,0
2.004895e-05,0
0.00013272518,0
3.381774e-05,0
9.795328e-05,0
1.8526045e-05,0
9.898483e-05,0
0.00010012278,0
8.543086e-05,0
2.0078573e-05,0
0.000108904445,0
0.0009201019,0
0.000116813586,0
2.3814448e-05,0
2.1480158e-05,0
0.007821149,0
2.6258223e-05,0
4.238248e-05,0
5.6398483e-05,0
4.8656977e-05,0
0.00025023337,0
6.074739e-05,0
2.5128898e-05,0
9.562914e-05,0
0.0004502174,0
0.00055840827,0
7.7336954e-05,0
4.866722e-05,0
4.404146e-05,0
4.807701e-05,0
0.00012131947,0
1.8718943e-05,0
0.0016700461,0
0.0021054624,0
0.0016667015,0
2.164541e-05,0
6.6090826e-05,0
1.9083634e-05,0
0.00021071539,0
3.833047e-05,0
2.9261511e-05,0
8.8755296e-05,0
0.000896963,0
0.00250772,0
0.0075193318,0
9.8443714e-05,0
8.098357e-05,0
0.016900642,0
9.0577e-05,0
1.4427895e-05,0
5.1510367e-05,0
1.4769258e-05,0
2.6850172e-05,0
0.009659309,0
4.9946808e-05,0
0.00019494811,0
2.5206455e-05,0
2.6427724e-05,0
0.00010365815,0
0.001973111,0
0.00015400744,0
9.42968e-05,0
0.00037159456,0
3.099892e-05,0
4.7839017e-05,0
2.6219564e-05,0
3.277323e-05,0
0.00016107586,0
7.372756e-05,0
0.0013723795,0
9.62412e-05,0
1.6696476e-05,0
0.0002999166,0
2.1115447e-05,0
0.0018418417,0
0.000103420556,0
0.0055503654,0
0.00015845505,0
4.619546e-05,0
2.5456917e-05,0
0.009452097,0
5.021947e-05,0
0.00011820374,0
4.162201e-05,0
0.0001344259,0
9.396333e-05,0
0.0001500606,0
1.9521915e-05,0
2.661971e-05,0
0.0002452621,0
0.000101624,0
5.4809385e-05,0
1.2308853e-05,0
0.00011478936,0
2.4551166e-05,0
1.581685e-05,0
0.00013868792,0
2.9941693e-05,0
2.6863827e-05,0
5.8882375e-05,0
0.0002325012,0
2.774027e-05,0
3.1221716e-05,0
0.0028019839,0
2.0085254e-05,0
9.830418e-05,0
2.031755e-05,0
0.03294575,0
2.6729378e-05,0
1.6077081e-05,0
2.41347e-05,0
0.0001745818,0
0.00030591115,0
2.75529e-05,0
2.7749646e-05,0
2.0125042e-05,0
7.931537e-05,0
4.899252e-05,0
5.9475326e-05,0
1.9874888e-05,0
3.2656873e-05,0
2.5959553e-05,0
2.9989555e-05,0
2.7515414e-05,0
0.0005762131,0
8.417521e-05,0
0.00017592679,0
2.0477783e-05,0
8.3314015e-05,0
1.5471098e-05,0
0.00059426815,0
4.2938154e-05,0
6.446606e-05,0
9.965829e-05,0
4.3198914e-05,0
1.988266e-05,0
0.0005425849,0
4.907533e-05,0
0.0075209783,0
2.0079837e-05,0
6.704396e-05,0
2.113405e-05,0
0.00038587896,0
9.5632146e-05,0
4.3040396e-05,0
8.3492756e-05,0
4.8093378e-05,0
6.8794565e-05,0
2.7720767e-05,0
2.6194206e-05,0
4.8216025e-05,0
0.00028974246,0
9.701044e-05,0
6.449316e-05,0
9.5467716e-05,0
5.2118052e-05,0
1.9476052e-05,0
2.4047607e-05,0
4.8217687e-05,0
2.3341223e-05,0
2.4915216e-05,0
2.3219973e-05,0
1.9900262e-05,0
2.9886683e-05,0
0.0001513944,0
2.0862437e-05,0
1.9353161e-05,0
5.4606822e-05,0
1.5052126e-05,0
0.00037104226,0
2.9680863e-05,0
0.0016414532,0
3.5944046e-05,0
1.2557819e-05,0
0.00012615071,0
1.7410945e-05,0
2.5568183e-05,0
1.1701595e-05,0
1.9275409e-05,0
2.3001552e-05,0
6.640391e-05,0
2.7234128e-05,0
1.4191831e-05,0
1.9242401e-05,0
0.00017534001,0
8.8623914e-05,0
9.706655e-05,0
3.6311187e-05,0
0.0001080439,0
1.48138e-05,0
1.5578278e-05,0
5.0728373e-05,0
1.9187182e-05,0
1.9709512e-05,0
3.7074446e-05,0
0.00010333382,0
2.0625814e-05,0
0.00021016544,0
0.0028047056,0
2.7297607e-05,0
4.9655795e-05,0
0.0002883685,0
2.207149e-05,0
0.00011752204,0
3.0534004e-05,0
7.071807e-05,0
2.5575528e-05,0
0.0006092617,0
1.0030882e-05,0
2.029121e-05,0
1.9814006e-05,0
1.5726504e-05,0
2.0101414e-05,0
0.0006838846,0
1.8376473e-05,0
1.8602026e-05,0
3.0328041e-05,0
2.9766436e-05,0
0.005532576,0
9.485469e-05,0
5.3688545e-05,0
0.00034117524,0
2.062622e-05,0
0.007669173,0
0.00022763558,0
8.235404e-05,0
2.5133519e-05,0
5.7245004e-05,0
0.013083588,0
1.7503395e-05,0
9.680195e-05,0
5.6788078e-05,0
3.9284634e-05,0
1.309326e-05,0
2.8920127e-05,0
5.5174223e-05,0
4.8284615e-05,0
0.0032244483,0
0.00025289465,0
3.831531e-05,0
8.016017e-05,0
9.547874e-05,0
0.00036371892,0
2.0711786e-05,0
4.421938e-05,0
6.2863495e-05,0
2.3954257e-05,0
0.0006882828,0
2.7160357e-05,0
0.00020601395,0
2.5646706e-05,0
2.191901e-05,0
2.2525159e-05,0
0.00021290337,0
2.267643e-05,0
0.00010585254,0
6.186553e-05,0
0.008308655,0
5.4171855e-05,0
5.2815394e-05,0
2.1447235e-05,0
0.00015056304,0
0.0001089614,0
3.8222446e-05,0
1.4619637e-05,0
0.010376131,0
2.1462527e-05,0
0.00084719865,0
0.000116226576,0
2.2512775e-05,0
5.21853e-05,0
4.722185e-05,0
2.0072708e-05,0
4.824678e-05,0
0.00016642136,0
1.4248156e-05,0
4.709443e-05,0
0.0001945615,0
4.8271133e-05,0
3.0936942e-05,0
1.3252445e-05,0
6.71766e-05,0
2.1832517e-05,0
1.1545709e-05,0
2.2334723e-05,0
2.4791427e-05,0
4.068198e-05,0
2.6609068e-05,0
9.12019e-05,0
2.8200864e-05,0
4.6920457e-05,0
0.00040032924,0
2.6142667e-05,0
0.00014858402,0
0.00015287667,0
8.367251e-05,0
9.095093e-05,0
0.0003838515,0
7.593186e-05,0
2.4430772e-05,0
9.861216e-05,0
3.8370086e-05,0
1.4260409e-05,0
0.00030911335,0
0.00014681058,0
5.151421e-05,0
2.5528338e-05,0
8.140146e-05,0
0.00011279934,0
5.4194737e-05,0
0.012008389,0
0.00082666235,0
7.356185e-05,0
0.000115324154,0
2.4525765e-05,0
8.759905e-05,0
1.9709822e-05,0
8.045791e-05,0
0.00040851423,0
6.233597e-05,0
0.0010934622,0
0.00019081226,0
2.1102727e-05,0
0.00015737835,0
0.00020878627,0
6.556623e-05,0
1.9204688e-05,0
0.0002467855,0
7.283718e-05,0
1.971816e-05,0
1.288515e-05,0
7.578669e-05,0
3.6828686e-05,0
0.0011727817,0
2.7786435e-05,0
6.5657165e-05,0
0.000104632665,0
2.9710296e-05,0
9.8513854e-05,0
1.9961213e-05,0
2.3544844e-05,0
6.783923e-05,0
2.164839e-05,0
5.296532e-05,0
0.000212779,0
0.0005867208,0
0.000592669,0
1.4409037e-05,0
1.4087153e-05,0
2.8295392e-05,0
0.00041991269,0
3.771548e-05,0
0.005950767,0
3.9918432e-05,0
2.8188277e-05,0
0.00010574865,0
1.5458061e-05,0
0.000100571044,0
6.40509e-05,0
1.1938092e-05,0
0.0001018651,0
1.419513e-05,0
2.3697417e-05,0
0.00013187424,0
2.102785e-05,0
0.0004312386,0
2.6044108e-05,0
0.00025546024,0
0.00027964963,0
0.0003980195,0
3.0527182e-05,0
0.00014686892,0
9.6451615e-05,0
2.6982081e-05,0
1.9294077e-05,0
2.7141037e-05,0
2.2523862e-05,0
0.00016274877,0
7.108548e-05,0
0.0001141853,0
5.4675264e-05,0
0.00010161674,0
1.6430333e-05,0
0.00070768624,0
0.00014575096,0
2.8832193e-05,0
0.009150176,0
5.9874692e-05,0
1.4401764e-05,0
2.8910481e-05,0
0.003903351,0
0.00020684191,0
0.00011120273,0
1.6183156e-05,0
5.795592e-05,0
5.4074717e-05,0
4.365984e-05,0
1.6275926e-05,0
5.1291703e-05,0
0.00010459442,0
9.698391e-05,0
2.0297759e-05,0
0.009206155,0
0.00426741,0
0.00037366847,0
0.00010397926,0
5.4228894e-05,0
2.1658168e-05,0
8.141853e-05,0
0.000104171355,0
3.470836e-05,0
1.922373e-05,0
1.4395423e-05,0
0.00029313943,0
9.8197925e-05,0
4.9107715e-05,0
5.0190178e-05,0
2.7076081e-05,0
4.043884e-05,0
0.0004702433,0
2.122029e-05,0
0.00013295028,0
2.0834896e-05,0
5.010217e-05,0
1.577775e-05,0
3.809911e-05,0
2.6934653e-05,0
0.00026605846,0
8.00253e-05,0
7.341055e-05,0
6.125782e-05,0
7.918982e-05,0
6.040603e-05,0
1.9244359e-05,0
0.0058910376,0
3.6433255e-05,0
5.6519337e-05,0
0.00040668825,0
2.8168733e-05,0
0.0010066158,0
3.1478023e-05,0
0.00015031098,0
1.9278135e-05,0
2.908342e-05,0
0.00027427217,0
0.0003280968,0
2.241904e-05,0
0.00918948,0
1.9721201e-05,0
6.590755e-05,0
1.3888058e-05,0
3.140889e-05,0
0.00029136162,0
0.010731304,0
9.3684735e-05,0
0.00011707671,0
0.0012625277,0
1.404149e-05,0
2.2224034e-05,0
0.00067267235,0
0.00015783781,0
0.00012226457,0
6.197051e-05,0
1.9315765e-05,0
2.7468579e-05,0
0.0055225305,0
0.00016771599,0
2.1137213e-05,0
9.667562e-05,0
4.2003125e-05,0
0.00010757826,0
1.9232328e-05,0
0.00024046967,0
0.0002891684,0
2.661005e-05,0
0.0005288796,0
0.0005339483,0
0.00019341162,0
3.6736812e-05,0
0.0001233506,0
0.0003694264,0
3.2913682e-05,0
2.8631493e-05,0
1.5125424e-05,0
0.0008296496,0
3.3697983e-05,0
2.8242814e-05,0
1.4161401e-05,0
0.00075347367,0
1.1734727e-05,0
0.00010152176,0
5.7157467e-05,0
2.0699365e-05,0
2.1896958e-05,0
0.0015875224,0
6.18854e-05,0
2.0095735e-05,0
1.1231663e-05,0
2.5540787e-05,0
9.8107994e-05,0
2.1101554e-05,0
9.559336e-05,0
0.00011979743,0
3.5182e-05,0
0.0011681493,0
0.0002644707,0
1.4555851e-05,0
1.2386448e-05,0
7.582105e-05,0
1.3002591e-05,0
0.00019850879,0
2.0316544e-05,0
6.767568e-05,0
2.48061e-05,0
4.466643e-05,0
2.2224345e-05,0
0.00043129316,0
1.8061517e-05,0
3.4463028e-05,0
0.00016146229,0
0.0031444004,0
1.929871e-05,0
3.656687e-05,0
3.5454043e-05,0
0.00019080556,0
2.3244911e-05,0
6.0724677e-05,0
9.8397984e-05,0
2.0418403e-05,0
4.6700156e-05,0
5.698429e-05,0
2.6524e-05,0
4.471048e-05,0
2.0847623e-05,0
2.7826769e-05,0
4.121128e-05,0
2.030543e-05,0
0.00023405363,0
2.4791743e-05,0
3.082483e-05,0
1.875087e-05,0
2.3975408e-05,0
2.7506343e-05,0
2.8277178e-05,0
0.007587953,0
1.1838879e-05,0
5.3235686e-05,0
1.9493502e-05,0
4.238156e-05,0
1.1834681e-05,0
2.0058094e-05,0
0.021850746,0
1.9812034e-05,0
0.00064558646,0
8.912715e-05,0
5.660744e-05,0
9.819864e-05,0
8.152217e-05,0
0.0080498075,0
3.385083e-05,0
8.5982676e-05,0
2.0304871e-05,0
2.1659442e-05,0
9.177295e-05,0
1.8769966e-05,0
9.2324124e-05,0
0.0008188651,0
0.00010039233,0
0.00015834271,0
0.0010040597,0
2.749173e-05,0
4.27319e-05,0
0.00046970777,0
2.6280677e-05,0
1.2888647e-05,0
0.00029850408,0
0.0002587061,0
1.4321993e-05,0
2.4535822e-05,0
4.667121e-05,0
1.7934857e-05,0
0.0020640318,0
0.00010925831,0
1.2370333e-05,0
2.407678e-05,0
1.4676696e-05,0
0.011301698,0
2.3798628e-05,0
2.0062003e-05,0
1.1463665e-05,0
0.0025313825,0
0.0043478548,0
1.9725703e-05,0
6.601291e-05,0
0.00011607111,0
2.469009e-05,0
1.7757167e-05,0
0.0019169374,0
0.00013557273,0
0.0076170554,0
5.4532687e-05,0
1.8822007e-05,0
0.0024768955,0
9.258396e-05,0
2.3548466e-05,0
4.2862284e-05,0
0.00012997819,0
0.0003041445,0
0.0035593293,0
0.00016840121,0
1.8556986e-05,0
0.0001285424,0
1.9900404e-05,0
0.00021008456,0
4.0237013e-05,0
6.7422174e-05,0
3.192078e-05,0
0.00013436045,0
3.0091764e-05,0
2.9661236e-05,0
9.5677315e-05,0
0.0016545017,0
2.0541967e-05,0
4.3551005e-05,0
6.829045e-05,0
0.00033564944,0
0.03213285,0
2.844498e-05,0
5.345283e-05,0
1.283242e-05,0
2.4688861e-05,0
4.876094e-05,0
5.514317e-05,0
3.2409735e-05,0
2.5585869e-05,0
2.1887177e-05,0
9.826521e-05,0
2.2081133e-05,0
1.9200577e-05,0
5.6398632e-05,0
0.00011726648,0
1.6051152e-05,0
1.5346472e-05,0
0.0039241645,0
2.1057274e-05,0
0.00053476886,0
1.565398e-05,0
2.7275362e-05,0
0.0001454922,0
0.0020108344,0
4.3982665e-05,0
1.1834208e-05,0
2.6153888e-05,0
2.1956652e-05,0
7.467458e-05,0
3.2976557e-05,0
0.00044417602,0
9.620947e-05,0
0.0004360304,0
0.0006771331,0
1.865932e-05,0
0.00019307743,0
0.0016790346,0
1.2872877e-05,0
4.9288705e-05,0
1.4238582e-05,0
1.1079163e-05,0
2.6814796e-05,0
2.052754e-05,0
2.7297216e-05,0
0.0019707333,0
2.047932e-05,0
5.3182124e-05,0
0.00010454302,0
2.7966538e-05,0
1.9441222e-05,0
3.8021666e-05,0
2.0172738e-05,0
2.0072675e-05,0
6.622385e-05,0
6.0045317e-05,0
2.4313791e-05,0
3.0553925e-05,0
2.2076696e-05,0
3.086807e-05,0
0.00023763752,0
0.00037642661,0
0.00023793352,0
2.3391434e-05,0
1.789208e-05,0
1.2893942e-05,0
3.9719223e-05,0
2.358178e-05,0
1.3107507e-05,0
8.895834e-05,0
3.0172734e-05,0
5.59585e-05,0
3.5551922e-05,0
0.004215615,0
2.3126991e-05,0
8.6706816e-05,0
3.55403e-05,0
0.00043506964,0
0.000187527,0
1.9359546e-05,0
2.1657246e-05,0
0.00015407332,0
1.9688861e-05,0
0.00014880065,0
0.003171516,0
2.4397235e-05,0
5.2276908e-05,0
4.4455563e-05,0
3.4132743e-05,0
2.6090765e-05,0
0.005972151,0
1.2986045e-05,0
0.00029456554,0
0.00010035504,0
0.00013961927,0
0.0003931016,0
6.3414525e-05,0
5.259174e-05,0
0.00077753956,0
1.40966085e-05,0
2.1436937e-05,0
5.2198237e-05,0
2.6503692e-05,0
0.0025304516,0
2.5640766e-05,0
0.001322468,0
0.00074420543,0
0.0015275104,0
0.00020085706,0
1.9908906e-05,0
0.0014151741,0
2.6726284e-05,0
6.017405e-05,0
8.49469e-05,0
2.5543379e-05,0
0.002158036,0
0.009161264,0
2.2946104e-05,0
0.009815212,0
0.013269189,0
2.1895126e-05,0
1.9893634e-05,0
0.00020158038,0
2.0238262e-05,0
0.00019404986,0
0.0002492241,0
6.598343e-05,0
0.00027936426,0
1.5891159e-05,0
3.3849235e-05,0
2.2991457e-05,0
2.5304136e-05,0
0.00011281116,0
9.809293e-05,0
1.4254926e-05,0
4.8200778e-05,0
3.863001e-05,0
2.0768979e-05,0
3.605633e-05,0
0.000120049466,0
5.8760885e-05,0
2.7113238e-05,0
0.009821256,0
8.60457e-05,0
2.0836798e-05,0
5.098041e-05,0
1.0728314e-05,0
9.381134e-06,0
0.00026644862,0
2.2734645e-05,0
2.36761e-05,0
1.9471168e-05,0
9.610359e-06,0
1.9883684e-05,0
0.005973486,0
4.9787817e-05,0
5.744844e-05,0
8.9623914e-05,0
2.3507464e-05,0
0.00011686082,0
5.2861305e-05,0
2.5678759e-05,0
0.00012020682,0
0.00011469887,0
0.0003294124,0
0.00014283454,0
2.72386e-05,0
2.7826582e-05,0
2.1091546e-05,0
2.8573711e-05,0
3.4380257e-05,0
0.00053617166,0
0.00012051427,0
4.651841e-05,0
1.938849e-05,0
4.3994612e-05,0
4.9151316e-05,0
5.2848965e-05,0
0.00058985915,0
2.0532127e-05,0
3.8273854e-05,0
0.00047028202,0
0.000100888254,0
6.182147e-05,0
0.00012715149,0
2.7390814e-05,0
9.437739e-05,0
2.0469679e-05,0
0.0010077606,0
0.00011680049,0
1.8548852e-05,0
2.5160149e-05,0
6.758002e-05,0
2.3593755e-05,0
1.9240078e-05,0
2.577822e-05,0
0.0028542946,0
2.6790722e-05,0
0.0007561286,0
0.0035962749,0
0.00013814331,0
3.211105e-05,0
4.8577567e-05,0
2.4937688e-05,0
0.0010279219,0
6.9943344e-05,0
0.0037433903,0
1.2598164e-05,0
0.00016720002,0
0.00013891998,0
1.9510362e-05,0
2.0530048e-05,0
0.00022592359,0
9.17115e-05,0
2.7329692e-05,0
3.840356e-05,0
5.0622497e-05,0
0.00035683374,0
5.8858735e-05,0
0.0076555423,0
2.240768e-05,0
1.3927119e-05,0
9.797754e-05,0
2.239824e-05,0
1.7632141e-05,0
2.8171178e-05,0
4.8856386e-05,0
3.0896153e-05,0
0.0006196887,0
1.1517805e-05,0
3.798757e-05,0
4.2506323e-05,0
0.0037659863,0
3.9996088e-05,0
4.11326e-05,0
0.007085923,0
2.0809252e-05,0
4.730572e-05,0
0.0018098513,0
1.7261631e-05,0
1.4805774e-05,0
0.000101964506,0
4.3950822e-05,0
2.9899686e-05,0
2.1447924e-05,0
5.8471116e-05,0
2.666976e-05,0
9.757556e-05,0
5.1346862e-05,0
0.00015526044,0
6.247058e-05,0
1.9489882e-05,0
3.5259145e-05,0
2.1508724e-05,0
3.1462987e-05,0
0.00017442854,0
0.01112005,0
1.1878626e-05,0
8.5956344e-05,0
3.824891e-05,0
0.000110538145,0
0.00016378236,0
2.6575275e-05,0
8.793123e-05,0
0.00019065844,0
2.9784527e-05,0
2.0470356e-05,0
0.00017016545,0
3.1824482e-05,0
5.037922e-05,0
2.8463757e-05,0
3.7723035e-05,0
0.0013713909,0
4.1263953e-05,0
2.6639314e-05,0
0.00021193086,0
0.007740969,0
0.00019107833,0
7.428016e-05,0
0.000249332,0
0.00017971857,0
0.00066434685,0
0.000121230165,0
0.0009271567,0
2.0287873e-05,0
0.012961408,0
3.6963847e-05,0
2.9444749e-05,0
5.6370314e-05,0
2.5058074e-05,0
0.00054851733,0
5.541838e-05,0
0.007242295,0
2.3420262e-05,0
2.8985749e-05,0
0.00042252,0
0.00015101476,0
0.00024944343,0
2.6143709e-05,0
2.6536301e-05,0
1.6830592e-05,0
1.9628298e-05,0
3.497554e-05,0
0.0044459505,0
0.0004383235,0
6.895859e-05,0
3.6674453e-05,0
0.00023949551,0
0.0003001615,0
0.0005770771,0
7.908169e-05,0
0.00015949433,0
1.0674597e-05,0
5.0951716e-05,0
3.144093e-05,0
0.00018969951,0
0.00026152882,0
1.6899374e-05,0
2.3775108e-05,0
0.015784208,0
0.0002005548,0
4.82639e-05,0
3.421376e-05,0
1.9827561e-05,0
6.876503e-05,0
6.1606355e-05,0
1.5860662e-05,0
1.4953758e-05,0
2.8478928e-05,0
5.460424e-05,0
0.00935897,0
3.0208384e-05,0
1.7399987e-05,0
8.972586e-05,0
2.7882781e-05,0
0.00081088237,0
0.00011121832,0
2.0063464e-05,0
5.6116758e-05,0
1.7877002e-05,0
2.5873589e-05,0
0.00022513456,0
0.010684337,0
2.0504758e-05,0
3.8568844e-05,0
1.3678141e-05,0
0.00012240099,0
5.3850887e-05,0
4.9860493e-05,0
8.8089364e-05,0
0.0059050852,0
0.00011168784,0
4.037487e-05,0
2.0549714e-05,0
3.0181536e-05,0
6.3455554e-05,0
0.00017570441,0
3.0181009e-05,0
0.0003562182,0
2.5755411e-05,0
1.9499472e-05,0
0.00011568941,0
0.001533141,0
5.248598e-05,0
0.00059199065,0
2.747805e-05,0
3.576131e-05,0
0.0003543181,0
1.9347968e-05,0
0.0010933712,0
1.9326353e-05,0
7.389342e-05,0
1.1523321e-05,0
0.00011942846,0
0.000107969,0
1.9207166e-05,0
1.3940901e-05,0
8.141975e-05,0
2.2260907e-05,0
2.3475031e-05,0
0.0076674996,0
1.5558162e-05,0
0.00017891411,0
0.013897008,0
0.00042707252,0
0.00012352837,0
5.5898272e-05,0
1.26169025e-05,0
1.5653697e-05,0
1.9363917e-05,0
2.3527597e-05,0
1.2944911e-05,0
0.00021362561,0
0.00018536925,0
4.6173638e-05,0
2.5254438e-05,0
1.3090416e-05,0
6.131902e-05,0
4.646214e-05,0
1.2659961e-05,0
5.2111496e-05,0
0.000296114,0
3.394867e-05,0
1.529041e-05,0
5.7735186e-05,0
3.425101e-05,0
0.00011760542,0
0.00027602373,0
0.00016044949,0
0.0015462061,0
9.884064e-05,0
4.3798704e-05,0
6.596164e-05,0
0.000105177,0
5.641053e-05,0
0.0010906216,0
0.00069095194,0
5.5603923e-05,0
0.00012647487,0
5.0744715e-05,0
7.0827e-05,0
0.0001542865,0
2.8534687e-05,0
0.00053027715,0
0.0001111211,0
2.168608e-05,0
1.9284718e-05,0
7.7972625e-05,0
2.7500773e-05,0
0.00015618872,0
7.7063625e-05,0
0.00012438466,0
0.00034005143,0
1.956445e-05,0
1.22940455e-05,0
5.080864e-05,0
1.7458573e-05,0
3.0184703e-05,0
0.0015923601,0
1.2278519e-05,0
2.8715296e-05,0
0.00015301161,0
3.7743146e-05,0
2.1266624e-05,0
0.00036327465,0
0.00043680627,0
7.262704e-05,0
0.0002170007,0
0.000109960485,0
0.0001157453,0
0.00020150212,0
0.00016173947,0
1.9327063e-05,0
0.00017124006,0
0.011083453,0
2.5040013e-05,0
0.00047125368,0
2.615962e-05,0
6.101517e-05,0
5.7833742e-05,0
0.00010017045,0
1.5156321e-05,0
0.0001353099,0
1.9561532e-05,0
0.0082673235,0
4.2388492e-05,0
5.762669e-05,0
6.0051396e-05,0
1.4140376e-05,0
7.616046e-05,0
2.4694831e-05,0
0.0031694542,0
0.00012912092,0
0.0001676289,0
3.8952796e-05,0
2.4934208e-05,0
7.308334e-05,0
0.0004586091,0
6.187654e-05,0
2.222363e-05,0
8.285706e-05,0
9.826457e-05,0
1.5485373e-05,0
0.0012346985,0
2.4308256e-05,0
1.9744482e-05,0
4.642368e-05,0
1.9756808e-05,0
0.000103218685,0
6.3010964e-05,0
2.8206765e-05,0
0.0019648997,0
7.58868e-05,0
0.012496379,0
1.9734236e-05,0
2.2972275e-05,0
2.5245177e-05,0
4.08887e-05,0
2.2238366e-05,0
2.5929417e-05,0
6.898967e-05,0
1.4580408e-05,0
0.0012349455,0
0.000111087735,0
6.484803e-05,0
8.5224296e-05,0
0.00037493967,0
6.908868e-05,0
0.00038421957,0
0.0047330623,0
2.52191e-05,0
1.9464796e-05,0
0.004537694,0
0.0002959853,0
2.0277083e-05,0
9.5633586e-05,0
1.924337e-05,0
5.1981206e-05,0
2.0071735e-05,0
5.7048732e-05,0
0.00026246358,0
2.4198196e-05,0
7.439224e-05,0
4.8847345e-05,0
2.509691e-05,0
2.9759727e-05,0
1.9382278e-05,0
9.024939e-05,0
0.00033852682,0
9.786916e-05,0
0.00016174078,0
0.00011447941,0
2.1467975e-05,0
0.016834347,0
0.00013318505,0
0.00035351497,0
9.926221e-05,0
9.336063e-05,0
1.9227078e-05,0
2.3414685e-05,0
3.8442762e-05,0
2.2592552e-05,0
0.00022809727,0
0.0002750169,0
0.00012586074,0
1.7121023e-05,0
5.75084e-05,0
0.00022015384,0
0.012863638,0
2.7200005e-05,0
0.00035348072,0
1.2285577e-05,0
2.8678887e-05,0
0.00033882068,0
0.00077383564,0
4.8848335e-05,0
2.3957935e-05,0
0.000103416176,0
2.545842e-05,0
1.8225881e-05,0
5.561467e-05,0
9.747524e-05,0
5.4237174e-05,0
1.933023e-05,0
0.0008432846,0
1.5650343e-05,0
1.4791188e-05,0
8.556206e-05,0
0.00010778087,0
0.00019718832,0
9.5997406e-05,0
0.00011892317,0
2.350944e-05,0
8.407631e-05,0
5.141917e-05,0
2.6587772e-05,0
6.723907e-05,0
0.00048891694,0
1.8051938e-05,0
0.00013538949,0
2.5366237e-05,0
2.9216131e-05,0
1.5382477e-05,0
6.49584e-05,0
3.6018737e-05,0
2.5611722e-05,0
0.0010675443,0
0.00014639023,0
2.4567486e-05,0
5.37246e-05,0
2.7775302e-05,0
6.551789e-05,0
0.00013249488,0
1.9223875e-05,0
2.4657591e-05,0
0.0004767512,0
0.00018016931,0
1.8995925e-05,0
1.4829466e-05,0
0.00016986123,0
1.5104235e-05,0
7.243001e-05,0
3.465714e-05,0
2.4103472e-05,0
0.00019164372,0
1.9099329e-05,0
1.6048476e-05,0
4.04492e-05,0
5.781408e-05,0
0.0007074847,0
0.00016006274,0
0.011504358,0
2.1231204e-05,0
1.6187394e-05,0
0.00055694213,0
1.7741519e-05,0
0.00020314932,0
0.00056397245,0
2.0128004e-05,0
0.00014187867,0
6.690397e-05,0
0.0052437107,0
7.214689e-05,0
2.2535072e-05,0
2.500841e-05,0
5.4643417e-05,0
2.1695649e-05,0
8.547273e-05,0
0.0002525448,0
3.956782e-05,0
0.0006317425,0
1.40754955e-05,0
2.0845366e-05,0
0.00017032765,0
6.770268e-05,0
1.7626367e-05,0
0.00022943509,0
3.552016e-05,0
2.9251316e-05,0
0.00010133483,0
2.1121436e-05,0
8.495839e-05,0
2.0920483e-05,0
1.9913146e-05,0
5.309787e-05,0
1.2430034e-05,0
2.015405e-05,0
6.9196554e-05,0
2.6088363e-05,0
2.6146694e-05,0
2.0151918e-05,0
0.0008985035,0
2.007534e-05,0
1.812279e-05,0
0.00012448871,0
2.6779486e-05,0
0.0010219832,0
2.5049783e-05,0
0.00014661267,0
1.9224755e-05,0
2.9246383e-05,0
5.469809e-05,0
0.00016813696,0
0.00020990896,0
3.428503e-05,0
2.5629632e-05,0
3.161307e-05,0
3.4182816e-05,0
0.0004340342,0
3.4950535e-05,0
2.0289512e-05,0
3.8659426e-05,0
1.460929e-05,0
9.8613884e-05,0
0.0013746341,0
0.00010097858,0
0.00016853234,0
7.042494e-05,0
5.7464465e-05,0
6.0585146e-05,0
0.00028993038,0
1.7631948e-05,0
3.1188934e-05,0
2.7570813e-05,0
0.0004015246,0
6.332544e-05,0
1.5929278e-05,0
3.1954136e-05,0
4.3222706e-05,0
6.7992325e-05,0
0.00012715218,0
0.00059567526,0
0.0069034966,0
4.2449603e-05,0
0.0052559134,0
9.313174e-05,0
0.00026911462,0
5.767645e-05,0
4.666699e-05,0
1.8855791e-05,0
0.00021478007,0
2.1448695e-05,0
2.8159287e-05,0
4.8516507e-05,0
5.9216483e-05,0
1.4969595e-05,0
2.616538e-05,0
2.9993764e-05,0
0.0015880737,0
0.00017698418,0
1.0207333e-05,0
0.00018618439,0
0.0059102387,0
2.4562456e-05,0
2.7858017e-05,0
0.0014223573,0
0.000108711036,0
9.2786504e-05,0
1.5114624e-05,0
0.00044203066,0
0.006496114,0
6.461232e-05,0
0.00015958761,0
1.3322846e-05,0
0.00028402972,0
0.0002011723,0
2.197701e-05,0
0.0013027621,0
0.0004628887,0
2.0305313e-05,0
2.1009067e-05,0
0.00014604037,0
2.3076467e-05,0
2.6145444e-05,0
0.012236027,0
1.916478e-05,0
9.8840464e-05,0
0.00027567713,0
0.00016194784,0
8.3927436e-05,0
0.00033735434,0
4.7841746e-05,0
4.901552e-05,0
6.974231e-05,0
0.00019222451,0
2.7253287e-05,0
0.0012097275,0
0.0001125009,0
2.0106603e-05,0
4.4153145e-05,0
0.000104258674,0
0.00030601848,0
9.730631e-05,0
0.00020510824,0
6.915548e-05,0
0.00031547694,0
0.00094106724,0
2.1480837e-05,0
5.296889e-05,0
1.43772995e-05,0
0.006991066,0
3.97463e-05,0
7.692229e-05,0
9.904478e-05,0
1.3597899e-05,0
2.6933238e-05,0
1.6337632e-05,0
2.089615e-05,0
4.9152462e-05,0
2.764068e-05,0
0.00014273396,0
0.0008859501,0
0.0004363805,0
0.0077670054,0
5.0446346e-05,0
0.00025106207,0
2.0294523e-05,0
1.8666593e-05,0
2.0466552e-05,0
1.9874335e-05,0
5.334958e-05,0
6.282909e-05,0
2.8428805e-05,0
4.8832455e-05,0
0.0100217955,0
3.8653354e-05,0
2.8716539e-05,0
2.0553982e-05,0
5.231752e-05,0
2.7211127e-05,0
0.01027826,0
0.000116461655,0
4.8969086e-05,0
0.000118956814,0
4.904811e-05,0
3.3168624e-05,0
0.0022589546,0
0.005133042,0
0.00010935414,0
0.0003336714,0
2.4272116e-05,0
0.0013306377,0
1.5862732e-05,0
0.00041694194,0
0.0032339,0
0.00012749789,0
8.5374144e-05,0
0.00025685973,0
1.9297091e-05,0
1.7347109e-05,0
4.1161045e-05,0
2.7544285e-05,0
4.4700017e-05,0
2.799877e-05,0
3.0156552e-05,0
3.289989e-05,0
3.983144e-05,0
9.0899695e-05,0
0.00018161414,0
9.393617e-05,0
0.000118685464,0
2.5233803e-05,0
2.066517e-05,0
1.7595517e-05,0
3.7398793e-05,0
1.5098958e-05,0
1.8329782e-05,0
5.739586e-05,0
5.7154324e-05,0
4.847666e-05,0
4.7773898e-05,0
2.1114367e-05,0
0.0005476655,0
3.1228756e-05,0
0.00017354869,0
1.5357205e-05,0
2.635632e-05,0
7.6897675e-05,0
9.961625e-05,0
3.3165194e-05,0
5.4075073e-05,0
4.2193955e-05,0
2.3120043e-05,0
0.000120657765,0
1.7083183e-05,0
2.0047813e-05,0
7.235719e-05,0
1.3760492e-05,0
4.0896874e-05,0
0.0001425804,0
2.1237782e-05,0
0.00024225158,0
2.0826894e-05,0
2.0069563e-05,0
0.00018165736,0
5.7120404e-05,0
0.0021150662,0
0.007511507,0
0.006845874,0
5.7129342e-05,0
5.192768e-05,0
2.03323e-05,0
0.00017696472,0
7.845477e-05,0
1.9752722e-05,0
1.9195637e-05,0
2.1231454e-05,0
6.118501e-05,0
1.928439e-05,0
2.637302e-05,0
2.0333768e-05,0
0.00070291763,0
0.0002198633,0
3.2746007e-05,0
0.0005196328,0
0.0012081238,0
0.00029242464,0
1.5169542e-05,0
2.304171e-05,0
6.619285e-05,0
0.00012441892,0
0.010411434,0
1.0133271e-05,0
2.05416e-05,0
2.1809268e-05,0
4.929147e-05,0
2.1422253e-05,0
5.4701624e-05,0
2.4193589e-05,0
2.2908627e-05,0
0.0010171423,0
0.000112077716,0
5.40663e-05,0
0.01016591,0
6.926997e-05,0
0.00048917165,0
0.0013079746,0
2.7880247e-05,0
5.10257e-05,0
0.0051155384,0
0.0001370569,0
2.5335226e-05,0
0.0004552171,0
2.3187482e-05,0
3.123757e-05,0
1.802094e-05,0
1.8758261e-05,0
0.00014018254,0
0.00015978287,0
0.00017362986,0
0.00013393283,0
0.0001741407,0
6.543757e-05,0
3.250705e-05,0
4.8815287e-05,0
0.0047018714,0
0.0012015573,0
1.6414908e-05,0
0.00010412321,0
0.00014089778,0
4.204578e-05,0
2.4249128e-05,0
2.0306927e-05,0
0.00015332746,0
2.749058e-05,0
6.1832885e-05,0
0.00017007308,0
1.60012e-05,0
2.2868415e-05,0
1.2645719e-05,0
2.2928389e-05,0
1.9878853e-05,0
5.7526013e-05,0
4.0232197e-05,0
7.3496e-05,0
8.6314096e-05,0
2.2206223e-05,0
0.00010787183,0
4.2939995e-05,0
2.6481317e-05,0
3.0977135e-05,0
2.066605e-05,0
3.1897383e-05,0
0.0035531204,0
0.00066064484,0
1.9874382e-05,0
3.0247696e-05,0
0.00013874461,0
1.9266077e-05,0
5.2490206e-05,0
5.0618783e-05,0
0.00022124896,0
5.0978135e-05,0
1.7790193e-05,0
1.2047227e-05,0
1.919455e-05,0
1.6044418e-05,0
9.951812e-05,0
9.642058e-05,0
0.00016828802,0
8.841477e-05,0
2.1463204e-05,0
2.8007458e-05,0
3.915612e-05,0
4.2265914e-05,0
0.00014435181,0
3.49853e-05,0
3.4001383e-05,0
2.9156496e-05,0
1.850591e-05,0
1.2869449e-05,0
0.00015024512,0
0.0003597053,0
2.555857e-05,0
6.0295977e-05,0
1.9876205e-05,0
1.6461607e-05,0
2.9514275e-05,0
5.531294e-05,0
0.00010249747,0
0.00020296195,0
4.8298596e-05,0
0.00013679476,0
8.1539074e-05,0
2.3779941e-05,0
4.045614e-05,0
0.0001884801,0
1.936343e-05,0
1.2842235e-05,0
6.399207e-05,0
9.2897906e-05,0
0.00014902923,0
7.4038864e-05,0
2.0290425e-05,0
0.00022303086,0
3.533596e-05,0
4.3692897e-05,0
2.8245702e-05,0
0.00026649973,0
0.00013977493,0
2.7957054e-05,0
5.152314e-05,0
4.9369868e-05,0
0.0002674545,0
0.00016606935,0
0.00011406096,0
1.067833e-05,0
5.291446e-05,0
8.070523e-05,0
0.00012045229,0
2.134133e-05,0
0.00012698893,0
7.849483e-05,0
0.00036256597,0
0.0063737254,0
1.5381946e-05,0
1.9873936e-05,0
0.00088365714,0
0.0010245995,0
5.391533e-05,0
2.514197e-05,0
1.3051322e-05,0
0.000860173,0
0.00031141096,0
7.465034e-05,0
8.5275344e-05,0
5.1929488e-05,0
0.00015182515,0
2.4941102e-05,0
2.7339805e-05,0
1.8472467e-05,0
2.8263006e-05,0
1.6075393e-05,0
2.9748342e-05,0
2.2360326e-05,0
5.2989395e-05,0
2.6649617e-05,0
9.996944e-06,0
2.4345682e-05,0
1.332151e-05,0
0.000112719325,0
0.005155087,0
1.4121491e-05,0
0.00038698988,0
0.0006682282,0
3.866561e-05,0
5.9318954e-05,0
6.914838e-05,0
7.73143e-05,0
2.1089027e-05,0
5.5581626e-05,0
1.3586728e-05,0
0.00022286852,0
2.6504298e-05,0
2.1686934e-05,0
2.2196207e-05,0
3.1450112e-05,0
1.4192354e-05,0
2.5764692e-05,0
1.17408845e-05,0
0.00026855952,0
4.511341e-05,0
0.000102210135,0
4.6581066e-05,0
2.1056729e-05,0
2.303317e-05,0
0.00046237267,0
3.91745e-05,0
9.902506e-05,0
3.193718e-05,0
0.0006712767,0
3.7871992e-05,0
4.530623e-05,0
0.00011875334,0
6.386125e-05,0
2.072531e-05,0
3.3585708e-05,0
0.0016096174,0
8.616829e-05,0
3.907224e-05,0
0.0004263819,0
2.4198682e-05,0
0.011940606,0
0.00016237433,0
4.4002743e-05,0
5.9192087e-05,0
7.427699e-05,0
3.5313893e-05,0
0.00013170001,0
2.1115775e-05,0
0.00010510375,0
1.9378396e-05,0
0.0006442386,0
2.011305e-05,0
2.2860608e-05,0
4.896824e-05,0
2.8195662e-05,0
0.00017667207,0
4.3989618e-05,0
5.2468906e-05,0
2.082504e-05,0
2.7170196e-05,0
1.5679036e-05,0
0.0031902117,0
8.323272e-05,0
3.8165308e-05,0
1.8855695e-05,0
0.00057748135,0
0.00019142618,0
0.00064665254,0
5.5491735e-05,0
1.9886125e-05,0
1.4587981e-05,0
6.045819e-05,0
0.00016615214,0
1.9200877e-05,0
2.544251e-05,0
0.00030037644,0
3.717075e-05,0
2.6401622e-05,0
2.5501686e-05,0
7.309997e-05,0
1.1056131e-05,0
2.0958101e-05,0
3.5996694e-05,0
0.0005712172,0
9.187387e-05,0
0.0008721064,0
0.00042737188,0
0.00028610873,0
0.00010435679,0
2.3398155e-05,0
1.9882034e-05,0
5.345735e-05,0
0.00031430356,0
0.00054147607,0
2.3670626e-05,0
6.145942e-05,0
9.543286e-05,0
2.4390285e-05,0
2.388987e-05,0
5.758962e-05,0
8.855446e-05,0
1.9299086e-05,0
0.00013769542,0
0.00015425649,0
3.0250741e-05,0
6.019178e-05,0
0.0008708465,0
0.010434583,0
2.1842163e-05,0
3.0273677e-05,0
0.013390185,0
1.9346566e-05,0
3.0529038e-05,0
2.5384708e-05,0
0.004092128,0
2.7834873e-05,0
2.182178e-05,0
0.010840541,0
3.186225e-05,0
1.5269037e-05,0
2.18975e-05,0
3.4966404e-05,0
0.0044479906,0
0.00010982966,0
2.2496622e-05,0
0.00010424469,0
2.2699143e-05,0
0.000109810324,0
9.691436e-05,0
2.9285282e-05,0
1.9181032e-05,0
1.961677e-05,0
6.794298e-05,0
0.00012686908,0
1.2764287e-05,0
1.5652797e-05,0
0.0033925895,0
0.0002203007,0
2.7703702e-05,0
6.328414e-05,0
4.9556445e-05,0
3.1300413e-05,0
9.844387e-05,0
3.0794195e-05,0
0.00015048373,0
2.0468215e-05,0
4.1178522e-05,0
2.8715149e-05,0
5.3061292e-05,0
1.7545564e-05,0
1.7637312e-05,0
4.1505522e-05,0
4.037666e-05,0
2.1105e-05,0
0.000111031615,0
5.6525256e-05,0
2.4495746e-05,0
0.0007925962,0
2.2207278e-05,0
5.185249e-05,0
0.0001000808,0
9.5300384e-05,0
2.7449232e-05,0
0.0005152346,0
0.0004003377,0
0.0004395934,0
1.0732161e-05,0
0.00019943887,0
2.4197012e-05,0
9.1878355e-05,0
1.6685448e-05,0
0.00020403371,0
2.0542211e-05,0
2.3259543e-05,0
8.14568e-05,0
5.0197443e-05,0
2.6924028e-05,0
1.8650322e-05,0
4.2421198e-05,0
0.000263726,0
1.74792e-05,0
5.296296e-05,0
1.9346879e-05,0
1.8897e-05,0
0.0003019403,0
2.2184193e-05,0
0.00010855752,0
2.1094736e-05,0
3.7232207e-05,0
5.1056348e-05,0
5.668334e-05,0
2.8075641e-05,0
1.8448682e-05,0
2.0286843e-05,0
0.0008106182,0
0.00067727506,0
4.9075214e-05,0
8.7719534e-05,0
3.5647437e-05,0
2.152157e-05,0
2.0161697e-05,0
0.00019950994,0
3.8692968e-05,0
2.83853e-05,0
0.0008338358,0
0.00013378005,0
2.3945562e-05,0
0.0001285962,0
3.1196716e-05,0
2.073808e-05,0
0.0012175511,0
2.2220598e-05,0
4.758616e-05,0
0.00021624783,0
3.0012756e-05,0
9.588006e-05,0
0.00014180773,0
6.582699e-05,0
0.0007190432,0
1.8570228e-05,0
3.3985e-05,0
0.0009348616,0
4.4876295e-05,0
0.00013101535,0
2.220842e-05,0
0.00036235293,0
0.00040964046,0
0.0001739745,0
9.761454e-05,0
3.6856225e-05,0
0.00047805393,0
0.00042253683,0
2.5420943e-05,0
4.991899e-05,0
1.3033298e-05,0
1.9560657e-05,0
5.4521566e-05,0
2.909076e-05,0
7.8069424e-05,0
4.4370754e-05,0
1.9787301e-05,0
7.259205e-05,0
2.8265727e-05,0
9.62489e-05,0
6.639754e-05,0
0.0006314416,0
4.9125494e-05,0
1.7782177e-05,0
2.2234677e-05,0
0.0351616,0
1.934707e-05,0
5.9944578e-05,0
6.460439e-05,0
0.00019044366,0
0.00015215806,0
0.00018884,0
2.8716897e-05,0
2.59568e-05,0
0.00022950582,0
5.0934992e-05,0
5.5814984e-05,0
2.4230701e-05,0
1.9274145e-05,0
6.080848e-05,0
5.717195e-05,0
6.179388e-05,0
0.0013084285,0
5.3539927e-05,0
2.0076759e-05,0
0.00019410944,0
2.0538175e-05,0
3.7452304e-05,0
2.7361537e-05,0
0.00036578818,0
0.013307641,0
5.525029e-05,0
0.0005646128,0
2.6089067e-05,0
7.11132e-05,0
6.515485e-05,0
2.5503743e-05,0
2.1369218e-05,0
2.3176368e-05,0
1.7559665e-05,0
1.8760382e-05,0
2.2307651e-05,0
3.1449774e-05,0
4.2624306e-05,0
8.639941e-05,0
2.405592e-05,0
3.4191296e-05,0
1.5180807e-05,0
0.00011977961,0
5.0420273e-05,0
0.00043283796,0
2.5616082e-05,0
3.295328e-05,0
2.7298945e-05,0
3.554055e-05,0
0.00017025007,0
9.466409e-05,0
1.803058e-05,0
0.00018053979,0
1.9499508e-05,0
5.9398986e-05,0
0.00071697397,0
5.1440846e-05,0
9.126543e-06,0
3.9809474e-05,0
2.2389564e-05,0
2.6290347e-05,0
0.00010997384,0
2.7990489e-05,0
1.25088745e-05,0
0.00043649922,0
4.9140195e-05,0
2.2973145e-05,0
4.1092248e-05,0
5.9885595e-05,0
2.1113698e-05,0
0.00032581287,0
0.0003270812,0
4.6793684e-05,0
0.0006572042,0
2.6946322e-05,0
9.9455e-06,0
4.9302256e-05,0
5.5604105e-05,0
5.294922e-05,0
5.5863944e-05,0
2.0149422e-05,0
2.3235561e-05,0
4.881477e-05,0
8.727988e-05,0
3.1588024e-05,0
9.252128e-05,0
7.8196674e-05,0
1.7537332e-05,0
1.3198359e-05,0
5.928451e-05,0
0.00024485492,0
7.8334604e-05,0
1.680213e-05,0
0.00010357566,0
9.691631e-05,0
2.1640304e-05,0
2.0724874e-05,0
2.1341102e-05,0
1.1726593e-05,0
0.0022763363,0
8.632882e-05,0
2.3177658e-05,0
0.0014144833,0
0.00011762146,0
0.00043680213,0
2.14184e-05,0
2.1884043e-05,0
3.2128577e-05,0
2.0289513e-05,0
2.2077395e-05,0
3.3496137e-05,0
0.0019506646,0
0.0001018563,0
2.084371e-05,0
2.0379648e-05,0
1.911593e-05,0
0.007929132,0
2.134276e-05,0
4.8867005e-05,0
4.3338172e-05,0
0.00010689702,0
0.0001949979,0
2.341412e-05,0
6.593494e-05,0
0.002961305,0
2.9185727e-05,0
2.746516e-05,0
0.00019890968,0
0.000118104435,0
0.00014934686,0
0.00032243886,0
0.00018557909,0
1.3881706e-05,0
5.196707e-05,0
2.05047e-05,0
2.834226e-05,0
2.5924468e-05,0
0.00024565606,0
2.8388968e-05,0
6.7755245e-05,0
4.9860155e-05,0
8.2793915e-05,0
3.1299405e-05,0
0.00052951876,0
0.00023660166,0
0.00057766685,0
2.081124e-05,0
0.011984774,0
0.00015281363,0
1.5371015e-05,0
9.2002905e-05,0
4.8294278e-05,0
0.00016448925,0
4.9918523e-05,0
0.0058811214,0
6.366976e-05,0
3.7771064e-05,0
4.975578e-05,0
1.937009e-05,0
0.00042543444,0
0.010675806,0
0.00051692413,0
5.0386894e-05,0
0.00010641969,0
0.0003261372,0
5.8937552e-05,0
0.00012531606,0
1.9226576e-05,0
2.422437e-05,0
0.0004031813,0
0.01005835,0
5.4919536e-05,0
1.5242991e-05,0
1.1555218e-05,0
2.0862504e-05,0
2.2360904e-05,0
0.0013037921,0
0.0029787251,0
0.00013942983,0
1.912276e-05,0
2.0470536e-05,0
8.0040416e-05,0
2.7476492e-05,0
1.7132365e-05,0
2.1763326e-05,0
0.000703936,0
4.251954e-05,0
1.6659345e-05,0
7.942429e-05,0
0.0010726805,0
0.0011987571,0
0.00025561487,0
0.00042263835,0
2.5051104e-05,0
3.8073747e-05,0
0.00039606894,0
2.817741e-05,0
2.5164922e-05,0
1.5562648e-05,0
2.6725342e-05,0
9.9113924e-05,0
0.000286845,0
3.1505555e-05,0
0.00022426093,0
6.000461e-05,0
3.139814e-05,0
8.007144e-05,0
9.8978686e-05,0
2.5225501e-05,0
3.8711245e-05,0
4.9765193e-05,0
2.8158327e-05,0
2.5126743e-05,0
0.001133952,0
2.7442402e-05,0
1.5515114e-05,0
2.1907908e-05,0
7.037811e-05,0
1.3219145e-05,0
3.8641818e-05,0
9.8984456e-05,0
2.7432608e-05,0
2.2609373e-05,0
0.0071294857,0
2.1160775e-05,0
4.0368883e-05,0
1.1449941e-05,0
1.9295407e-05,0
0.010573332,0
5.2645668e-05,0
0.00016747562,0
5.4871947e-05,0
0.00010620876,0
1.2839786e-05,0
4.8656042e-05,0
1.6032776e-05,0
2.2480499e-05,0
3.1202344e-05,0
0.00049874943,0
3.5754372e-05,0
3.458061e-05,0
6.2479674e-05,0
2.2107266e-05,0
0.00014807071,0
2.5666219e-05,0
0.00011744337,0
4.946939e-05,0
1.8366572e-05,0
2.430515e-05,0
1.9488636e-05,0
0.00013947322,0
3.406383e-05,0
3.3786593e-05,0
9.3115006e-05,0
0.00010067155,0
0.00021796885,0
0.00063113304,0
5.058182e-05,0
9.666916e-05,0
0.00011274471,0
7.142931e-05,0
1.0694906e-05,0
4.460378e-05,0
0.00044896646,0
8.440049e-05,0
2.025864e-05,0
2.5571708e-05,0
7.267057e-05,0
2.1974534e-05,0
4.388314e-05,0
2.685108e-05,0
0.00049503066,0
6.54759e-05,0
0.0019217209,0
9.617303e-05,0
0.00026904827,0
4.900974e-05,0
8.574902e-05,0
0.00017652153,0
2.6160522e-05,0
1.7102167e-05,0
9.430374e-05,0
0.0010508224,0
2.082289e-05,0
0.00058768597,0
1.8229515e-05,0
1.3907155e-05,0
5.8394362e-05,0
4.751196e-05,0
4.4155866e-05,0
5.7740996e-05,0
4.6145607e-05,0
0.00029992778,0
0.0008041253,0
1.4271782e-05,0
2.2905364e-05,0
3.5827357e-05,0
8.655845e-05,0
5.558448e-05,0
0.00028470496,0
0.00020713013,0
0.0001951594,0
4.6045556e-05,0
0.00088005746,0
2.609947e-05,0
8.246881e-05,0
0.00039181835,0
2.1830276e-05,0
4.34281e-05,0
6.144709e-05,0
0.00029193616,0
4.808753e-05,0
4.928908e-05,0
0.00016281912,0
1.3160741e-05,0
0.00049131125,0
0.00010393427,0
5.947848e-05,0
8.4030056e-05,0
3.3710305e-05,0
0.00043985547,0
3.0988318e-05,0
1.9412413e-05,0
1.7241062e-05,0
0.00058925233,0
0.010240647,0
9.776181e-05,0
4.835009e-05,0
1.3610068e-05,0
9.59101e-05,0
0.005137429,0
0.0012482599,0
0.00010643343,0
2.0505382e-05,0
1.9574372e-05,0
6.868526e-05,0
1.7184957e-05,0
4.090967e-05,0
0.000119897864,0
0.000109983994,0
4.8246762e-05,0
4.9923063e-05,0
4.3078013e-05,0
1.9442188e-05,0
1.6843509e-05,0
0.00010084872,0
6.359379e-05,0
4.479596e-05,0
0.0013036616,0
0.0012200742,0
1.7857927e-05,0
4.6907066e-05,0
2.7507407e-05,0
0.00013536216,0
6.4307555e-05,0
2.062257e-05,0
4.2075066e-05,0
5.5681423e-05,0
0.00010852857,0
9.3671544e-05,0
5.238778e-05,0
0.00016219015,0
7.301016e-05,0
1.9316403e-05,0
1.0889967e-05,0
2.2859971e-05,0
0.0009928037,0
0.00016974559,0
2.6905613e-05,0
0.0001653709,0
0.00041087938,0
0.0002921363,0
0.000105175706,0
0.0001732257,0
2.3415227e-05,0
0.00021012263,0
2.7870605e-05,0
4.518305e-05,0
1.9677176e-05,0
6.0942144e-05,0
5.3588996e-05,0
0.001075723,0
2.0869105e-05,0
2.1491762e-05,0
8.97918e-05,0
2.4716863e-05,0
5.97048e-05,0
2.3396855e-05,0
1.9444911e-05,0
1.7441378e-05,0
2.0471049e-05,0
0.0010322117,0
8.8004876e-05,0
2.648653e-05,0
2.913446e-05,0
2.0289117e-05,0
0.00017881824,0
2.1227024e-05,0
0.010938406,0
2.7218048e-05,0
2.5927455e-05,0
2.7742466e-05,0
1.4210492e-05,0
1.3596794e-05,0
6.0851522e-05,0
2.4416508e-05,0
1.4771739e-05,0
4.234779e-05,0
2.9591834e-05,0
2.2487073e-05,0
4.134424e-05,0
8.338322e-05,0
0.0007156212,0
1.2284069e-05,0
1.9854979e-05,0
2.1389531e-05,0
7.830002e-05,0
0.0002972364,0
0.00010182473,0
5.095895e-05,0
2.6269687e-05,0
2.5178922e-05,0
2.7669972e-05,0
2.9999936e-05,0
2.313132e-05,0
1.090329e-05,0
1.9564854e-05,0
0.000121402576,0
0.0013697013,0
0.0010823755,0
3.215259e-05,0
9.642072e-05,0
3.1748867e-05,0
3.465246e-05,0
5.796602e-05,0
1.9298388e-05,0
4.243e-05,0
2.2093762e-05,0
2.1137965e-05,0
1.7324366e-05,0
3.969539e-05,0
0.0008470657,0
4.8469028e-05,0
4.8243583e-05,0
0.0008881409,0
9.6012234e-05,0
4.9383885e-05,0
0.0052612717,0
0.00017346824,0
5.526687e-05,0
3.0435887e-05,0
2.8590403e-05,0
1.3152491e-05,0
4.1026273e-05,0
2.5486217e-05,0
2.0509466e-05,0
3.262401e-05,0
1.6450173e-05,0
2.020276e-05,0
1.6816475e-05,0
0.0004763938,0
5.004591e-05,0
0.00020823872,0
1.4932502e-05,0
0.004628223,0
7.574711e-05,0
1.9624287e-05,0
5.30948e-05,0
7.978379e-05,0
9.9801604e-05,0
1.369232e-05,0
5.577891e-05,0
5.2788986e-05,0
1.453422e-05,0
0.00035391503,0
0.00022086815,0
1.0823797e-05,0
1.5582347e-05,0
5.116067e-05,0
1.5242265e-05,0
5.24814e-05,0
1.9244308e-05,0
3.487114e-05,0
8.2585226e-05,0
0.00012202329,0
4.8764847e-05,0
2.2939099e-05,0
2.7238788e-05,0
1.5440932e-05,0
1.5588823e-05,0
0.00050891866,0
9.270549e-06,0
0.00020577383,0
1.971836e-05,0
9.32415e-05,0
0.00014423692,0
2.8539534e-05,0
6.333265e-05,0
1.4032694e-05,0
0.00011736868,0
2.1885153e-05,0
9.4560295e-05,0
4.6980094e-05,0
0.00018088451,0
0.0015715135,0
9.050505e-05,0
0.00012999149,0
1.614874e-05,0
0.00021259424,0
5.2885418e-05,0
9.934317e-06,0
2.7900503e-05,0
9.1323556e-05,0
9.1388465e-05,0
0.008534058,0
0.00033991857,0
2.0296857e-05,0
0.00066442584,0
0.000558015,0
2.5534267e-05,0
9.67475e-05,0
0.0007218349,0
9.610204e-05,0
7.2310024e-05,0
4.817868e-05,0
0.00097583863,0
1.9728988e-05,0
1.106652e-05,0
2.322806e-05,0
2.0296306e-05,0
5.3916905e-05,0
2.7434457e-05,0
0.0001644849,0
0.0012950809,0
2.0544005e-05,0
0.00010562739,0
5.1985822e-05,0
8.0235135e-05,0
5.177836e-05,0
2.565102e-05,0
2.1150563e-05,0
2.0075127e-05,0
3.603659e-05,0
3.987142e-05,0
2.2143471e-05,0
2.547909e-05,0
1.9209938e-05,0
3.1961048e-05,0
0.0009364708,0
9.552088e-06,0
1.7750623e-05,0
0.00011610291,0
0.0002194646,0
2.0015865e-05,0
0.00025655344,0
4.1551888e-05,0
0.006969396,0
0.0008256212,0
2.7643831e-05,0
0.013527026,0
0.0047063036,0
5.4252916e-05,0
0.00010941778,0
0.00014608903,0
2.7248016e-05,0
7.1110364e-05,0
2.8257335e-05,0
2.0287851e-05,0
0.00013187059,0
2.4042396e-05,0
0.0001181081,0
4.6997033e-05,0
9.92454e-05,0
9.8154305e-05,0
2.879757e-05,0
0.00050454243,0
3.973361e-05,0
0.00055447384,0
1.9502051e-05,0
7.494199e-05,0
2.3500374e-05,0
0.0006054346,0
1.9208443e-05,0
1.9324563e-05,0
5.2567608e-05,0
0.00020590278,0
1.934483e-05,0
2.6019921e-05,0
2.2386239e-05,0
0.0008392516,0
0.00017677015,0
0.00012116433,0
9.55376e-05,0
4.3980417e-05,0
5.375015e-05,0
5.811211e-05,0
1.9387124e-05,0
0.00031856325,0
4.963483e-05,0
0.008799641,0
0.00046004713,0
0.0035420207,0
0.00067512237,0
0.00076511956,0
2.9645156e-05,0
1.9852214e-05,0
0.00010906494,0
0.0096297115,0
3.845165e-05,0
2.1396745e-05,0
2.5504853e-05,0
4.5795696e-05,0
5.7964986e-05,0
1.8713745e-05,0
0.0005970941,0
8.045543e-05,0
5.3821925e-05,0
0.00015956895,0
0.00020232145,0
2.2247326e-05,0
0.00049054326,0
2.4839434e-05,0
2.0294285e-05,0
2.7239035e-05,0
0.0003339593,0
4.8553164e-05,0
4.8442114e-05,0
2.0712423e-05,0
0.00030772117,0
2.0303172e-05,0
1.4433767e-05,0
0.0008435549,0
0.00019345382,0
0.00032688578,0
2.7310914e-05,0
2.5046573e-05,0
8.128762e-05,0
0.00010273353,0
0.0003522341,0
0.00025463456,0
0.0009507056,0
2.2007745e-05,0
2.1057394e-05,0
0.00018133946,0
4.9405055e-05,0
2.1919732e-05,0
0.012533228,0
3.4951176e-05,0
1.34295715e-05,0
1.504424e-05,0
4.883419e-05,0
0.00016088836,0
2.1909354e-05,0
2.1083311e-05,0
0.00011676585,0
2.7073895e-05,0
0.0026115559,0
0.0001364797,0
2.4220142e-05,0
5.8167687e-05,0
1.9278436e-05,0
1.8514107e-05,0
5.1160496e-05,0
2.5284293e-05,0
2.2153858e-05,0
2.4470926e-05,0
3.147384e-05,0
4.640787e-05,0
2.617229e-05,0
0.00012056239,0
1.7217932e-05,0
7.918981e-05,0
2.4557563e-05,0
0.00085488736,0
0.00017856997,0
0.000104402025,0
0.00011118016,0
0.0023167387,0
1.9459652e-05,0
2.3909419e-05,0
0.018372325,0
1.6118078e-05,0
5.601751e-05,0
9.701976e-05,0
0.0013285927,0
3.1795193e-05,0
2.007865e-05,0
1.2365958e-05,0
1.6724567e-05,0
0.0069390954,0
1.7634433e-05,0
1.9750678e-05,0
7.533809e-05,0
5.7081892e-05,0
4.2763873e-05,0
0.0001325791,0
0.002301682,0
3.73766e-05,0
2.0309866e-05,0
0.00017607884,0
8.150539e-05,0
2.22044e-05,0
2.9085924e-05,0
4.140432e-05,0
3.244872e-05,0
2.9008606e-05,0
0.00014955329,0
2.1321533e-05,0
2.2223901e-05,0
7.571974e-05,0
2.7382677e-05,0
2.8118295e-05,0
0.00058638275,0
5.3714448e-05,0
4.856142e-05,0
1.2335159e-05,0
1.6588672e-05,0
2.8114802e-05,0
0.00010183892,0
0.00020406581,0
0.0051336507,0
3.588179e-05,0
2.675173e-05,0
5.504426e-05,0
4.9876566e-05,0
0.0001895622,0
0.00018674275,0
1.9028796e-05,0
0.00027396085,0
0.0002191649,0
0.00013186986,0
5.657727e-05,0
0.00010944423,0
0.0009699242,0
0.0004173644,0
2.1453443e-05,0
0.0006965587,0
0.0002676748,0
0.0028925317,0
0.00011284142,0
0.00010334173,0
3.7341226e-05,0
0.013595579,0
7.182923e-05,0
4.8141403e-05,0
1.7103806e-05,0
0.01296161,0
4.7240337e-05,0
0.00017503774,0
1.874601e-05,0
0.000283555,0
0.00016671931,0
1.9588924e-05,0
1.2624693e-05,0
0.00011771587,0
5.9318692e-05,0
0.00043629657,0
0.0008825806,0
7.63577e-05,0
2.3976949e-05,0
1.1365051e-05,0
0.000104467406,0
3.7985243e-05,0
7.655132e-05,0
0.00037114232,0
2.820742e-05,0
2.0303863e-05,0
6.073033e-05,0
3.6600188e-05,0
5.4126704e-05,0
0.0045049796,0
6.742569e-05,0
2.8359142e-05,0
1.9891871e-05,0
1.9194518e-05,0
0.00017024507,0
0.00041635634,0
0.0009505065,0
0.00012125677,0
4.884845e-05,0
0.00048319888,0
5.8663085e-05,0
3.4396242e-05,0
7.920192e-05,0
3.1776315e-05,0
0.000114195034,0
0.00011725525,0
4.5498266e-05,0
0.0001358065,0
5.061019e-05,0
2.43058e-05,0
9.164039e-05,0
0.012081997,0
0.00041960194,0
3.0770338e-05,0
2.028924e-05,0
2.5551071e-05,0
9.044294e-05,0
3.968387e-05,0
0.0006327854,0
1.9712083e-05,0
0.00016366078,0
4.9738544e-05,0
2.126692e-05,0
0.00018526337,0
0.0002213784,0
7.533367e-05,0
5.6447396e-05,0
2.2830098e-05,0
4.5278317e-05,0
4.0628598e-05,0
1.3423659e-05,0
1.9164723e-05,0
0.0015600756,0
2.4366725e-05,0
6.909329e-05,0
2.3674134e-05,0
4.7078556e-05,0
0.0004158801,0
4.8126698e-05,0
1.9189665e-05,0
9.826478e-05,0
1.899943e-05,0
2.340863e-05,0
1.9556295e-05,0
0.00022325914,0
0.00013488493,0
0.00071005855,0
0.000105172745,0
1.9586816e-05,0
3.1742147e-05,0
1.1974119e-05,0
4.4962617e-05,0
6.5163855e-05,0
1.5015735e-05,0
1.4301834e-05,0
2.1462143e-05,0
1.9344818e-05,0
0.000102304904,0
1.8287576e-05,0
2.1037946e-05,0
0.0014306839,0
8.137236e-05,0
2.0580015e-05,0
1.4923728e-05,0
1.9707366e-05,0
8.23149e-05,0
9.750734e-05,0
1.258598e-05,0
0.00021205758,0
4.038265e-05,0
3.9625997e-05,0
2.0250302e-05,0
4.278937e-05,0
1.3160341e-05,0
2.5116931e-05,0
3.0011368e-05,0
4.9073522e-05,0
3.9945866e-05,0
7.942352e-05,0
5.431877e-05,0
1.7526163e-05,0
4.964125e-05,0
2.0530371e-05,0
7.072312e-05,0
0.000120409175,0
2.3422212e-05,0
1.1108604e-05,0
1.58687e-05,0
0.0004389574,0
2.3705323e-05,0
6.069652e-05,0
0.000106100946,0
0.012550715,0
1.6898488e-05,0
1.723592e-05,0
9.599486e-05,0
5.0851537e-05,0
2.3687033e-05,0
1.9272766e-05,0
3.6742047e-05,0
4.326968e-05,0
0.01618853,0
0.00026666786,0
0.00014246152,0
0.0002051243,0
0.00017062448,0
4.0127492e-05,0
9.73023e-05,0
2.3746088e-05,0
0.0052776607,0
0.0060304264,0
0.00093073095,0
2.5289863e-05,0
0.000109107,0
1.615229e-05,0
2.0616764e-05,0
0.00030898425,0
0.00010139576,0
0.00035858806,0
5.665292e-05,0
2.3060313e-05,0
5.9502156e-05,0
5.5945522e-05,0
1.930213e-05,0
3.9839226e-05,0
1.9357285e-05,0
0.0014442165,0
4.46385e-05,0
0.0010191182,0
6.531951e-05,0
6.759993e-05,0
0.0006481115,0
0.00016204717,0
1.7301125e-05,0
4.2943477e-05,0
6.6428394e-05,0
7.776036e-05,0
9.616394e-05,0
2.443494e-05,0
1.6204567e-05,0
0.0008367953,0
0.0047421036,0
0.000113808856,0
0.00047139215,0
0.001032976,0
9.3517374e-05,0
9.6983735e-05,0
1.22059e-05,0
8.740138e-05,0
9.3532e-05,0
0.0051877503,0
0.0010111834,0
2.6087988e-05,0
0.01335634,0
2.7777449e-05,0
0.0001514528,0
5.921534e-05,0
0.00014999096,0
2.6297399e-05,0
1.4225637e-05,0
1.9997371e-05,0
4.4590615e-05,0
0.00012473838,0
0.015883466,0
0.0007493046,0
2.703081e-05,0
0.0027887726,0
7.167535e-05,0
0.0002423007,0
4.5544726e-05,0
0.00032019927,0
0.0008954593,0
1.3637057e-05,0
0.00044723894,0
0.0049892226,0
9.88577e-05,0
2.0288911e-05,0
0.0019395305,0
1.2035596e-05,0
3.4494693e-05,0
1.6202886e-05,0
0.0016090825,0
2.2841345e-05,0
5.732589e-05,0
2.1723581e-05,0
3.2561416e-05,0
0.00017514986,0
0.007015548,0
0.00045836146,0
1.924014e-05,0
0.00046726136,0
0.00041078601,0
6.104914e-05,0
0.00011978121,0
2.5596046e-05,0
0.0012060523,0
4.833017e-05,0
0.000105178915,0
2.0418101e-05,0
9.030892e-05,0
2.1810129e-05,0
4.5401484e-05,0
0.0012214027,0
2.004739e-05,0
0.00010054424,0
0.0013813861,0
1.9600442e-05,0
1.8963443e-05,0
0.00061549543,0
4.9335198e-05,0
0.0005386942,0
9.570384e-05,0
0.00017760701,0
2.6792182e-05,0
1.9273899e-05,0
0.00010729343,0
0.008052414,0
3.2791177e-05,0
0.0051768874,0
1.9843597e-05,0
5.1973697e-05,0
0.009730504,0
1.4347549e-05,0
4.1817704e-05,0
0.00023956907,0
8.2344195e-05,0
0.00010125803,0
4.9254166e-05,0
0.0001130888,0
4.355617e-05,0
3.073086e-05,0
2.4650035e-05,0
2.3300507e-05,0
1.4772689e-05,0
5.3219486e-05,0
0.0011601839,0
2.705099e-05,0
1.9551784e-05,0
1.9199344e-05,0
0.00014742269,0
2.558291e-05,0
0.00038057342,0
1.3414677e-05,0
7.768514e-05,0
1.9480445e-05,0
5.1607058e-05,0
0.002172225,0
0.00016711098,0
0.0008783006,0
2.3358027e-05,0
2.4704352e-05,0
4.076049e-05,0
1.5293632e-05,0
2.690056e-05,0
4.788715e-05,0
0.00010236082,0
0.0061290124,0
4.7855276e-05,0
0.000569233,0
3.8188933e-05,0
2.0136435e-05,0
8.164674e-05,0
1.8230949e-05,0
5.0436596e-05,0
1.9432258e-05,0
0.00027071082,0
1.7296614e-05,0
3.531484e-05,0
0.0003413343,0
1.9718082e-05,0
5.1126197e-05,0
4.849564e-05,0
2.0810168e-05,0
2.1132895e-05,0
0.0001306136,0
0.0006490937,0
0.022953602,0
4.247282e-05,0
4.1620293e-05,0
0.0016710566,0
2.2027123e-05,0
1.4626779e-05,0
3.9200586e-05,0
2.2717553e-05,0
1.8230718e-05,0
1.9205356e-05,0
2.0366768e-05,0
2.5318495e-05,0
4.9140945e-05,0
5.8248457e-05,0
5.957005e-05,0
0.00020246269,0
5.032841e-05,0
2.757733e-05,0
9.38693e-05,0
0.00044568922,0
2.0969574e-05,0
2.4949262e-05,0
2.6106454e-05,0
6.688287e-05,0
2.1459438e-05,0
0.00082864333,0
1.1459642e-05,0
1.9207577e-05,0
1.5244125e-05,0
5.360324e-05,0
4.8435944e-05,0
7.411123e-05,0
1.9588311e-05,0
2.0314854e-05,0
4.3254426e-05,0
2.6370084e-05,0
0.0006725488,0
2.3314638e-05,0
0.00026560787,0
0.0007632909,0
0.00017952922,0
7.1956594e-05,0
2.2244467e-05,0
0.0002555426,0
0.00011462369,0
0.00040095474,0
0.00042358917,0
0.0007612432,0
1.5529244e-05,0
2.6862526e-05,0
2.3378521e-05,0
0.00020455576,0
5.775439e-05,0
2.73846e-05,0
4.89265e-05,0
1.9478823e-05,0
2.6676613e-05,0
0.0014807025,0
0.00010892913,0
9.490608e-05,0
5.8283957e-05,0
2.37175e-05,0
2.6982496e-05,0
0.00017330276,0
0.00014198372,0
3.4102934e-05,0
1.692965e-05,0
2.1099118e-05,0
2.4942949e-05,0
4.7808648e-05,0
0.00023787422,0
3.113372e-05,0
1.4792048e-05,0
4.7565627e-05,0
1.4364393e-05,0
7.497098e-05,0
2.2234943e-05,0
5.7974867e-05,0
0.0004406075,0
8.363598e-05,0
1.9846686e-05,0
2.7346403e-05,0
0.00014219404,0
6.1950566e-05,0
5.939675e-05,0
5.021783e-05,0
2.0817373e-05,0
1.5707557e-05,0
0.009785985,0
2.0886007e-05,0
0.0001786641,0
2.9744091e-05,0
2.2508468e-05,0
2.0192085e-05,0
0.00010246077,0
0.00039775873,0
2.1012227e-05,0
2.4602552e-05,0
0.0029972924,0
6.209756e-05,0
0.00013784073,0
0.000604094,0
0.00013790389,0
8.708239e-05,0
1.9249152e-05,0
5.5572193e-05,0
0.0009789142,0
1.058409e-05,0
2.9818566e-05,0
0.00033200745,0
4.820095e-05,0
2.3457835e-05,0
0.001557351,0
0.00014272591,0
8.0981474e-05,0
2.6960666e-05,0
8.3028724e-05,0
7.418101e-05,0
0.012167992,0
7.070834e-05,0
9.956175e-06,0
2.4033949e-05,0
5.5452725e-05,0
0.0031504256,0
0.0003585702,0
0.0003527956,0
1.2344961e-05,0
1.1221751e-05,0
2.8969414e-05,0
3.101862e-05,0
5.4775544e-05,0
3.8856324e-05,0
4.9479702e-05,0
2.0836877e-05,0
9.612987e-05,0
2.4521678e-05,0
0.00045888798,0
0.0004338495,0
9.292963e-05,0
8.144009e-05,0
1.9347644e-05,0
0.00012127814,0
0.0054130433,0
2.323272e-05,0
5.4474e-05,0
3.961875e-05,0
0.00020646701,0
0.00022702423,0
9.804728e-05,0
2.8451823e-05,0
1.6449732e-05,0
1.7407283e-05,0
0.00010343093,0
0.00034769232,0
2.1104015e-05,0
1.7111668e-05,0
0.00049900764,0
0.0007270006,0
1.6790262e-05,0
0.00042253526,0
0.009136189,0
0.00010375069,0
0.00045912532,0
0.00012503953,0
3.8494803e-05,0
9.630214e-05,0
2.087205e-05,0
0.00028215323,0
0.00010696766,0
5.9955462e-05,0
0.00010661482,0
2.1213198e-05,0
0.0006789772,0
1.0604449e-05,0
2.6722722e-05,0
0.0012372807,0
0.000117868025,0
3.8235834e-05,0
1.5512393e-05,0
1.4859019e-05,0
2.599093e-05,0
0.00041151646,0
0.00063694513,0
0.00019739722,0
0.011011539,0
0.00034378524,0
1.9388594e-05,0
1.618314e-05,0
0.0103351,0
1.944125e-05,0
5.6053657e-05,0
0.00012748947,0
0.0001682234,0
2.3449937e-05,0
6.248614e-05,0
3.8596365e-05,0
4.6838333e-05,0
5.528183e-05,0
1.9806925e-05,0
0.00023634592,0
2.9706203e-05,0
1.9321536e-05,0
0.000102304584,0
2.2390737e-05,0
0.00027278278,0
2.2026969e-05,0
3.1971613e-05,0
9.9947276e-05,0
2.839881e-05,0
2.0890628e-05,0
1.5205846e-05,0
6.0280538e-05,0
2.795365e-05,0
0.008579124,0
1.1084338e-05,0
1.374405e-05,0
0.0006233309,0
1.7675624e-05,0
0.00014577924,0
0.00011877195,0
0.0010858164,0
1.621105e-05,0
0.004039227,0
0.00045621675,0
1.9899217e-05,0
0.037154328,0
2.0909953e-05,0
1.956675e-05,0
2.0810621e-05,0
4.7214093e-05,0
4.8664948e-05,0
2.0858859e-05,0
3.097552e-05,0
4.3619362e-05,0
1.8657835e-05,0
0.00046848456,0
2.1852315e-05,0
2.6956617e-05,0
0.00010940215,0
6.164386e-05,0
4.8099864e-05,0
0.00072110916,0
3.570749e-05,0
0.0004276235,0
3.274325e-05,0
9.547774e-05,0
5.1357612e-05,0
0.000101651705,0
0.00010929912,0
0.00016677081,0
0.00038936074,0
0.0009645963,0
5.458322e-05,0
1.9255773e-05,0
6.0624316e-05,0
3.7823567e-05,0
1.4249808e-05,0
2.966613e-05,0
0.00595741,0
5.281736e-05,0
2.3678234e-05,0
0.00012283034,0
2.0290423e-05,0
5.767896e-05,0
5.4354572e-05,0
1.9225037e-05,0
0.00023669502,0
2.0057809e-05,0
1.7238e-05,0
5.7982452e-05,0
3.8265123e-05,0
9.541936e-05,0
0.0011316246,0
0.00049123954,0
7.076865e-05,0
0.0005394115,0
2.8540553e-05,0
0.00012280516,0
9.119081e-05,0
2.4410696e-05,0
5.0525618e-05,0
2.7610546e-05,0
2.951947e-05,0
4.2887394e-05,0
2.571079e-05,0
0.0066227713,0
2.044891e-05,0
5.0750215e-05,0
2.4118799e-05,0
1.9203795e-05,0
0.00011053526,0
4.0329596e-05,0
0.00020528109,0
0.003953179,0
1.9731824e-05,0
9.5791474e-05,0
3.980103e-05,0
0.0014775633,0
1.5266776e-05,0
0.0002672728,0
1.9307849e-05,0
2.2027207e-05,0
2.7799993e-05,0
3.0189556e-05,0
1.9275794e-05,0
0.005585312,0
0.0013418434,0
0.011337701,0
0.00044861282,0
0.010536323,0
2.5975098e-05,0
0.00029329117,0
2.3478675e-05,0
4.8600014e-05,0
0.0001340292,0
1.0509782e-05,0
4.888635e-05,0
1.941143e-05,0
0.00010584938,0
0.0002489341,0
0.0001409913,0
0.00022131343,0
5.6018813e-05,0
5.181815e-05,0
0.00046012952,0
1.5618472e-05,0
7.227561e-05,0
2.7181397e-05,0
3.2014035e-05,0
0.00011330766,0
0.00064759457,0
0.00010032664,0
9.3517876e-05,0
2.6787224e-05,0
0.008714169,0
0.0015471412,0
2.0470361e-05,0
5.5751898e-05,0
3.5144574e-05,0
0.00011190944,0
2.0252635e-05,0
1.5692698e-05,0
2.8979206e-05,0
0.0025728964,0
4.879006e-05,0
2.9119112e-05,0
0.0038077482,0
6.12847e-05,0
4.366855e-05,0
1.0222109e-05,0
2.133407e-05,0
0.00039289115,0
1.9527935e-05,0
7.9554164e-05,0
2.3550414e-05,0
8.7589884e-05,0
2.2222319e-05,0
0.000120454846,0
4.142194e-05,0
5.0960913e-05,0
2.1520904e-05,0
9.812141e-05,0
9.744104e-05,0
2.9766954e-05,0
1.6784481e-05,0
0.004010019,0
2.039184e-05,0
8.917329e-05,0
3.7827383e-05,0
0.00014190999,0
5.7617886e-05,0
0.0003604651,0
0.000691114,0
2.5450576e-05,0
2.8024802e-05,0
3.2388078e-05,0
0.00030279648,0
4.743608e-05,0
0.00034050687,0
2.6233618e-05,0
1.41182e-05,0
0.0024949124,0
0.000112763475,0
9.994725e-05,0
3.3621134e-05,0
2.0812005e-05,0
1.8903016e-05,0
0.0013002332,0
5.863726e-05,0
2.5004867e-05,0
1.42064855e-05,0
5.4483815e-05,0
1.1406655e-05,0
0.00047947947,0
4.943941e-05,0
5.199437e-05,0
2.0021847e-05,0
1.9453444e-05,0
0.000250671,0
8.1763785e-05,0
2.670692e-05,0
0.00026438944,0
2.471784e-05,0
1.998229e-05,0
2.672551e-05,0
2.7681615e-05,0
5.8140544e-05,0
0.00015382329,0
7.715253e-05,0
0.00022632984,0
0.00012566692,0
3.257508e-05,0
0.008225326,0
1.8422264e-05,0
0.0036099926,0
0.00011285877,0
8.683065e-05,0
0.00018195136,0
7.916666e-05,0
2.9385888e-05,0
0.0014900797,0
9.924542e-05,0
5.7360485e-05,0
0.0006180418,0
0.00029423553,0
6.649364e-05,0
1.7316457e-05,0
1.5162122e-05,0
0.0019447897,0
2.3762697e-05,0
2.7770593e-05,0
0.00049821386,0
3.8114256e-05,0
1.9443618e-05,0
0.00021005032,0
0.0003734001,0
2.2821043e-05,0
0.00019831255,0
5.031975e-05,0
1.3128893e-05,0
0.0001971651,0
0.00036586614,0
0.00021875519,0
5.954221e-05,0
0.0097611295,0
0.009841666,0
0.00016627111,0
0.0001566425,0
0.0007951501,0
0.00027180766,0
7.4026626e-05,0
2.7301612e-05,0
7.857048e-05,0
2.0252384e-05,0
0.00026262488,0
0.00016554182,0
1.9456815e-05,0
9.897829e-05,0
5.020005e-05,0
2.9506567e-05,0
3.855403e-05,0
2.4460123e-05,0
1.9721496e-05,0
0.0001027474,0
1.1428858e-05,0
2.062307e-05,0
5.959081e-05,0
5.6496403e-05,0
3.842489e-05,0
4.8235197e-05,0
6.784288e-05,0
0.00016755908,0
0.00031966946,0
5.768253e-05,0
2.2636623e-05,0
2.7203367e-05,0
2.3091841e-05,0
3.709847e-05,0
2.2164124e-05,0
2.5455995e-05,0
4.4964225e-05,0
0.0020717129,0
0.01242926,0
4.2044565e-05,0
0.0007690833,0
2.7829983e-05,0
0.0008675377,0
0.00038919714,0
2.3230263e-05,0
1.8618406e-05,0
2.2995251e-05,0
4.421315e-05,0
6.54779e-05,0
0.00016349753,0
0.00081312907,0
0.00019164132,0
0.00031882362,0
2.578264e-05,0
2.8217135e-05,0
2.5709776e-05,0
0.00020375923,0
2.1810107e-05,0
1.277368e-05,0
0.00013369776,0
7.629683e-05,0
3.51585e-05,0
2.2210796e-05,0
1.7015847e-05,0
0.0047633178,0
2.8380668e-05,0
4.1978736e-05,0
4.0817762e-05,0
1.988237e-05,0
0.0016443619,0
2.7865892e-05,0
4.6496294e-05,0
6.1782535e-05,0
2.2490873e-05,0
0.011361544,0
0.00012317089,0
4.444041e-05,0
0.00019823873,0
3.995687e-05,0
8.66834e-05,0
1.9294224e-05,0
5.558237e-05,0
0.00023801102,0
3.3296194e-05,0
0.00033397594,0
2.0398063e-05,0
2.2475155e-05,0
6.88716e-05,0
1.9040855e-05,0
0.01946862,0
0.009682778,0
0.00010620753,0
0.00019049087,0
2.1378975e-05,0
0.00011864975,0
0.011150987,0
2.4501933e-05,0
0.0047529307,0
2.0536974e-05,0
9.885783e-05,0
0.004628969,0
0.020893468,0
4.4379944e-05,0
1.92732e-05,0
1.5832475e-05,0
0.00018468538,0
2.5011765e-05,0
0.00013735952,0
0.0002742461,0
0.00010271933,0
3.194559e-05,0
3.178374e-05,0
4.4812e-05,0
0.00010360575,0
2.38827e-05,0
4.6005658e-05,0
2.9410088e-05,0
9.898502e-05,0
3.5191108e-05,0
5.1443978e-05,0
0.000120760495,0
1.924094e-05,0
9.3074894e-05,0
9.268316e-05,0
1.599408e-05,0
0.0003828794,0
6.183586e-05,0
0.00778132,0
1.9262034e-05,0
7.656028e-05,0
5.493943e-05,0
0.00012228842,0
0.00017991243,0
0.00019195906,0
5.1894323e-05,0
5.9974114e-05,0
0.00016390222,0
0.0016599236,0
0.0016686885,0
0.00018801265,0
1.849329e-05,0
0.0006139429,0
4.7280464e-05,0
9.288208e-05,0
3.671314e-05,0
2.0759919e-05,0
2.4984969e-05,0
7.2559094e-05,0
5.7667323e-05,0
5.778293e-05,0
4.6070134e-05,0
0.000103349,0
2.0544516e-05,0
0.00018294518,0
0.00011071422,0
3.14506e-05,0
2.414493e-05,0
2.0205458e-05,0
0.00020415902,0
2.0439858e-05,0
2.0115622e-05,0
3.497725e-05,0
1.3451343e-05,0
1.9423489e-05,0
3.2640986e-05,0
0.0026921441,0
2.4418065e-05,0
1.622615e-05,0
2.366237e-05,0
0.0052292366,0
0.00011460768,0
5.342477e-05,0
2.7067534e-05,0
1.8312954e-05,0
0.0001611293,0
1.9001009e-05,0
0.00059527426,0
0.00086455775,0
2.249626e-05,0
6.0007413e-05,0
5.2274067e-05,0
0.00011688111,0
2.3167811e-05,0
0.0032661678,0
0.00012121384,0
2.1222992e-05,0
0.0010988523,0
4.6685003e-05,0
2.0076463e-05,0
7.691411e-05,0
1.9647043e-05,0
1.3273347e-05,0
5.4199543e-05,0
5.1905838e-05,0
2.1116848e-05,0
0.0003953097,0
0.00037975374,0
3.9075294e-05,0
2.6242946e-05,0
0.00043174005,0
3.207564e-05,0
0.00012876558,0
1.5182829e-05,0
3.11632e-05,0
4.8911486e-05,0
1.8964698e-05,0
0.0037714092,0
2.6975746e-05,0
0.00062781014,0
2.3654498e-05,0
2.950324e-05,0
0.00031099925,0
0.00014318063,0
4.911093e-05,0
2.0538551e-05,0
2.741784e-05,0
2.1466363e-05,0
8.004518e-05,0
2.4717405e-05,0
1.938308e-05,0
1.8485262e-05,0
0.011816909,0
6.026385e-05,0
3.954603e-05,0
0.0010637494,0
7.716254e-05,0
1.6279264e-05,0
0.0001080939,0
4.0118677e-05,0
0.00012460114,0
1.47408e-05,0
2.103152e-05,0
5.2896874e-05,0
0.0001685619,0
1.2655874e-05,0
3.9944516e-05,0
2.1814576e-05,0
7.719925e-05,0
0.0002622346,0
1.7310831e-05,0
2.3445855e-05,0
6.288977e-05,0
0.00012708332,0
5.2106392e-05,0
0.00072956557,0
9.761469e-05,0
0.00012935458,0
0.00011357474,0
6.3252184e-05,0
9.170022e-05,0
2.1840571e-05,0
6.228877e-05,0
0.0012238773,0
2.3148492e-05,0
6.0214974e-05,0
0.00015212286,0
7.1183e-05,0
4.7192883e-05,0
3.4735174e-05,0
7.85002e-05,0
1.9746545e-05,0
9.2886876e-05,0
0.021625763,0
0.0001943894,0
3.0731284e-05,0
0.0072055655,0
2.0539204e-05,0
0.00014936512,0
1.9225134e-05,0
0.00010729026,0
3.176796e-05,0
8.652931e-05,0
5.5989276e-05,0
0.00018747603,0
5.1284318e-05,0
1.6486632e-05,0
3.105549e-05,0
0.0015709375,0
0.00011883167,0
9.938116e-05,0
2.2825525e-05,0
5.8061203e-05,0
1.121497e-05,0
1.7963632e-05,0
1.9280173e-05,0
1.7739281e-05,0
9.92458e-05,0
2.904826e-05,0
2.2366798e-05,0
2.1630365e-05,0
0.00039235063,0
4.251279e-05,0
5.62073e-05,0
9.983677e-05,0
0.00026342092,0
0.00029709964,0
2.3941302e-05,0
1.6161104e-05,0
0.00010383128,0
0.00017065654,0
6.309301e-05,0
3.1208412e-05,0
2.1519645e-05,0
4.200508e-05,0
1.18127e-05,0
2.3187868e-05,0
2.9209472e-05,0
3.727197e-05,0
3.0174058e-05,0
0.025037412,0
2.1831882e-05,0
0.0001909526,0
9.8946985e-05,0
2.3640034e-05,0
2.0297834e-05,0
0.0005396511,0
1.9297944e-05,0
7.161192e-05,0
2.1938198e-05,0
1.9371439e-05,0
9.9201396e-05,0
2.9441306e-05,0
0.00612972,0
7.525391e-05,0
1.2280224e-05,0
2.2860266e-05,0
2.2339147e-05,0
9.578117e-05,0
2.3895154e-05,0
2.1814945e-05,0
2.159998e-05,0
2.027994e-05,0
1.393346e-05,0
0.0010640639,0
5.0589493e-05,0
0.00016156315,0
3.065925e-05,0
3.297096e-05,0
2.5446157e-05,0
2.3153358e-05,0
2.6839494e-05,0
2.9634064e-05,0
4.159661e-05,0
5.0570026e-05,0
5.3661828e-05,0
6.1020877e-05,0
1.5261292e-05,0
0.010554244,0
3.5256187e-05,0
5.5374312e-05,0
2.4919935e-05,0
0.00044126657,0
9.402171e-05,0
0.0004225288,0
2.2236609e-05,0
0.00040059316,0
0.0022682417,0
3.1209685e-05,0
0.00015927841,0
8.675216e-05,0
1.7247965e-05,0
2.9043576e-05,0
3.147601e-05,0
4.245365e-05,0
5.7344532e-05,0
3.4310433e-05,0
5.245669e-05,0
0.000361443,0
1.7530594e-05,0
3.044954e-05,0
2.3617713e-05,0
1.1130878e-05,0
0.00013119889,0
2.1148664e-05,0
0.00013735243,0
2.4374263e-05,0
1.947217e-05,0
5.1170828e-05,0
9.5658725e-05,0
2.1818694e-05,0
1.2193485e-05,0
0.009340853,0
5.028056e-05,0
0.0002526544,0
1.843034e-05,0
8.760269e-05,0
1.2795453e-05,0
0.00067684357,0
1.3306241e-05,0
1.3474015e-05,0
0.000102880826,0
2.6121312e-05,0
1.1388056e-05,0
0.012947772,0
2.8244165e-05,0
5.66698e-05,0
0.00052531366,0
0.012518118,0
5.6938796e-05,0
0.0002774539,0
0.00024231995,0
4.907873e-05,0
5.0916537e-05,0
1.9330446e-05,0
1.6675363e-05,0
0.00043540585,0
1.2286934e-05,0
4.006937e-05,0
0.0006890364,0
5.8349015e-05,0
0.00019580488,0
2.6082911e-05,0
8.660883e-05,0
2.2060154e-05,0
3.4566143e-05,0
9.9557314e-05,0
0.00024076861,0
4.769866e-05,0
5.072482e-05,0
2.983699e-05,0
1.0634927e-05,0
1.9441637e-05,0
7.67891e-05,0
0.0011136305,0
2.0343752e-05,0
4.886673e-05,0
1.8895227e-05,0
0.000114211194,0
0.00015627239,0
2.026401e-05,0
3.946434e-05,0
2.4203287e-05,0
3.8429207e-05,0
8.420139e-05,0
4.789129e-05,0
0.00020279383,0
9.6668264e-05,0
0.003951431,0
2.2308317e-05,0
4.6709956e-05,0
0.0004812181,0
2.0563723e-05,0
3.314295e-05,0
4.0341223e-05,0
8.3603874e-05,0
3.178911e-05,0
0.0048838314,0
0.00016471095,0
1.9056723e-05,0
1.8520303e-05,0
2.4232817e-05,0
0.00012489058,0
2.1121336e-05,0
5.6810102e-05,0
6.3196116e-05,0
0.00027288275,0
2.6437978e-05,0
0.0026451938,0
8.512597e-05,0
2.516544e-05,0
1.9590063e-05,0
1.4612403e-05,0
1.9366813e-05,0
2.7835611e-05,0
1.9890585e-05,0
0.00018386908,0
8.792897e-05,0
7.2772236e-05,0
2.1909742e-05,0
9.5839954e-05,0
0.00010383283,0
0.0005523559,0
6.373461e-05,0
0.0013325041,0
6.996315e-05,0
9.624408e-05,0
3.122773e-05,0
4.8703212e-05,0
2.2085971e-05,0
2.5789806e-05,0
2.5487898e-05,0
3.219883e-05,0
3.3746866e-05,0
0.00013513511,0
4.8759168e-05,0
0.001156779,0
2.514767e-05,0
4.8194994e-05,0
0.00010977258,0
0.0011454305,0
0.0002855142,0
2.265581e-05,0
8.721343e-05,0
1.4310845e-05,0
8.567928e-05,0
2.8086735e-05,0
1.1460928e-05,0
2.0294292e-05,0
0.007146727,0
5.2546322e-05,0
1.7638127e-05,0
2.4273113e-05,0
0.0001251132,0
0.00016753862,0
2.0062504e-05,0
0.00031243195,0
2.676532e-05,0
0.0051216106,0
9.815476e-05,0
0.0006842294,0
0.00023541479,0
2.1497575e-05,0
2.4778952e-05,0
0.0015552719,0
4.8264523e-05,0
0.00031048595,0
4.4790857e-05,0
7.3203366e-05,0
0.00029364644,0
3.6933183e-05,0
0.00028179804,0
0.00025051401,0
0.0049348064,0
2.0885609e-05,0
7.03277e-05,0
1.9496381e-05,0
0.000105923755,0
0.00021844594,0
0.009790672,0
0.012438232,0
2.1867549e-05,0
6.688231e-05,0
0.0007911461,0
4.9177783e-05,0
1.9904215e-05,0
2.007897e-05,0
1.9256404e-05,0
2.9497964e-05,0
3.8851762e-05,0
9.885827e-05,0
8.26847e-05,0
0.00087848585,0
0.008156325,0
5.652536e-05,0
2.8819348e-05,0
2.149955e-05,0
1.9420135e-05,0
2.0928072e-05,0
4.4848493e-05,0
2.181124e-05,0
0.0020842564,0
1.6984706e-05,0
9.074397e-05,0
1.722402e-05,0
0.00011088547,0
0.0007220914,0
1.9875217e-05,0
2.267959e-05,0
0.0063691083,0
2.5573749e-05,0
0.00023814754,0
1.8822697e-05,0
1.9899444e-05,0
5.1391027e-05,0
6.1086364e-05,0
3.450576e-05,0
0.00023139549,0
0.0015535324,0
4.3288048e-05,0
5.7662983e-05,0
0.00013669446,0
1.97636e-05,0
1.1042688e-05,0
0.0042760083,0
0.0002495375,0
5.9298804e-05,0
2.9710702e-05,0
0.00021434072,0
0.00016997701,0
1.8667197e-05,0
7.4442905e-05,0
0.013598569,0
0.00010503587,0
2.0316735e-05,0
2.4792846e-05,0
1.6322057e-05,0
5.5271146e-05,0
2.2554452e-05,0
0.00010542863,0
2.6939812e-05,0
0.00047864852,0
4.7261834e-05,0
4.7320595e-05,0
2.9583603e-05,0
4.648123e-05,0
4.95569e-05,0
0.0003955999,0
1.94559e-05,0
2.3956809e-05,0
4.6828038e-05,0
0.0006661925,0
0.0025351006,0
0.00015292593,0
5.3257114e-05,0
0.00022558967,0
7.0748276e-05,0
0.0004282726,0
0.00012577699,0
9.772501e-05,0
9.680561e-05,0
7.570527e-05,0
1.8951123e-05,0
0.00095503737,0
2.0046396e-05,0
2.0108473e-05,0
2.2284046e-05,0
2.0904141e-05,0
9.804683e-05,0
0.005540718,0
0.009958311,0
0.00014418179,0
0.00763257,0
0.000110702036,0
0.014284045,0
0.0017292736,0
0.000116430405,0
0.0054922956,0
0.0025921606,0
2.2338278e-05,0
0.00013368731,0
9.054749e-05,0
0.0001276749,0
0.0014181836,0
0.0015418254,0
4.4994624e-05,0
0.00012952201,0
0.00557837,0
1.7980748e-05,0
8.3627114e-05,0
2.5961339e-05,0
2.4377563e-05,0
1.1453922e-05,0
1.7175647e-05,0
2.052003e-05,0
2.2164057e-05,0
0.00023378243,0
1.4123309e-05,0
0.00031178136,0
1.4932454e-05,0
3.5710356e-05,0
0.00040576136,0
4.9940172e-05,0
2.6125173e-05,0
3.0625677e-05,0
2.8155811e-05,0
0.00022942992,0
1.9376994e-05,0
0.0003134865,0
7.462049e-05,0
6.455547e-05,0
5.168624e-05,0
0.00029023993,0
1.8725965e-05,0
1.686102e-05,0
8.0792954e-05,0
3.120466e-05,0
6.0117145e-05,0
2.5627272e-05,0
1.5588634e-05,0
2.7725602e-05,0
0.00021347177,0
4.539924e-05,0
2.8163477e-05,0
0.0001560787,0
4.2822965e-05,0
0.00011522422,0
0.000105121115,0
1.9273779e-05,0
0.0038949724,0
2.4922578e-05,0
0.0001006714,0
0.0002394963,0
0.00010036203,0
0.0005188344,0
4.7172638e-05,0
2.6834221e-05,0
2.9070956e-05,0
4.534543e-05,0
1.9298664e-05,0
0.00011081764,0
0.011389069,0
8.335335e-05,0
0.00020948009,0
0.0032837787,0
4.086703e-05,0
1.6864413e-05,0
1.9873534e-05,0
1.447916e-05,0
0.010328856,0
0.00027911394,0
4.2282645e-05,0
0.0006315372,0
0.00011132011,0
1.5793015e-05,0
1.965199e-05,0
1.4314552e-05,0
6.4291235e-05,0
3.56643e-05,0
1.7236896e-05,0
2.1502769e-05,0
2.9362418e-05,0
0.00023111017,0
0.000101744816,0
0.0013698868,0
9.035775e-05,0
2.3457027e-05,0
6.7154644e-05,0
3.204284e-05,0
0.001288906,0
2.0458114e-05,0
1.0559794e-05,0
0.00010959673,0
0.00010533205,0
0.00011314465,0
0.00053758145,0
1.614965e-05,0
1.988e-05,0
7.0403476e-05,0
0.00031707724,0
2.5311288e-05,0
0.00014668459,0
0.00042786676,0
2.096467e-05,0
1.855749e-05,0
6.0908165e-05,0
3.1870728e-05,0
0.000774713,0
0.00016298352,0
4.2197793e-05,0
2.5769194e-05,0
3.587481e-05,0
3.0058094e-05,0
0.0005890216,0
2.9967618e-05,0
0.00014184133,0
2.5504003e-05,0
1.9201085e-05,0
0.00015006005,0
3.2968255e-05,0
2.0289539e-05,0
2.9739838e-05,0
1.9177387e-05,0
8.047878e-05,0
0.00014147387,0
2.7580452e-05,0
3.1674186e-05,0
5.14492e-05,0
2.062048e-05,0
7.918668e-05,0
2.0374679e-05,0
0.00013820318,0
2.7602671e-05,0
0.00011246788,0
0.012864977,0
0.0004247495,0
2.7899485e-05,0
0.0011392131,0
2.4326639e-05,0
3.802514e-05,0
2.183395e-05,0
8.050153e-05,0
4.1742904e-05,0
3.8020626e-05,0
0.000100323734,0
2.3208111e-05,0
0.00015599048,0
0.00015974663,0
9.898483e-05,0
5.1816853e-05,0
0.00029639888,0
2.9182866e-05,0
0.00082754216,0
3.627652e-05,0
4.699731e-05,0
1.4372932e-05,0
0.0006491924,0
5.464631e-05,0
2.7758408e-05,0
3.2700864e-05,0
2.9869798e-05,0
0.00432386,0
3.1000953e-05,0
0.0005361461,0
0.0010081433,0
3.1170806e-05,0
0.008707014,0
2.8195258e-05,0
7.653772e-05,0
9.585331e-05,0
0.00019729196,0
8.872154e-05,0
0.00016059693,0
9.780779e-06,0
0.00010931373,0
0.00026480688,0
2.1910399e-05,0
0.00085570343,0
0.0057639224,0
2.0845924e-05,0
6.0820286e-05,0
0.00090712716,0
0.0006379799,0
0.0004886686,0
1.2992317e-05,0
0.008894666,0
0.00089074904,0
0.000105916864,0
2.5911662e-05,0
4.883279e-05,0
0.00023690866,0
0.0002080823,0
1.0241571e-05,0
7.256395e-05,0
2.6339965e-05,0
1.1380295e-05,0
0.011246269,0
5.4052914e-05,0
0.000203041,0
9.582983e-05,0
8.95749e-05,0
0.0004420039,0
1.277399e-05,0
0.0001032548,0
1.6539221e-05,0
2.75107e-05,0
2.036789e-05,0
8.736872e-05,0
0.00011224602,0
0.0019795245,0
1.4761889e-05,0
5.323421e-05,0
1.1324593e-05,0
0.000107510365,0
4.2039894e-05,0
2.8667575e-05,0
3.8348535e-05,0
0.000260807,0
5.2411495e-05,0
0.000113531765,0
0.00010821598,0
0.00028297756,0
9.795336e-05,0
2.307214e-05,0
4.6021323e-05,0
5.3610234e-05,0
6.1824394e-05,0
8.1758655e-05,0
4.6058987e-05,0
0.0002823238,0
2.9822853e-05,0
0.0011573196,0
8.322981e-05,0
0.0013158271,0
0.00015340617,0
0.00019325997,0
3.028005e-05,0
0.0049094455,0
0.00010982935,0
6.2052764e-05,0
0.00012196863,0
0.009226773,0
2.7136184e-05,0
0.00038639348,0
2.1145825e-05,0
2.7476332e-05,0
0.005374935,0
5.791359e-05,0
0.0018023965,0
5.411566e-05,0
4.8890484e-05,0
8.753906e-05,0
1.5243621e-05,0
2.783185e-05,0
0.00017811007,0
0.0016027434,0
4.8720725e-05,0
5.0255996e-05,0
0.0009985262,0
0.0003840103,0
0.0001954503,0
8.327179e-05,0
2.7069973e-05,0
0.002546684,0
1.1329887e-05,0
6.775137e-05,0
1.0898541e-05,0
2.780547e-05,0
0.00010570739,0
0.00027697216,0
0.01072304,0
2.693268e-05,0
2.538459e-05,0
2.2096105e-05,0
3.675033e-05,0
2.2505146e-05,0
2.0536618e-05,0
2.7807864e-05,0
7.917645e-05,0
2.0483625e-05,0
2.8076709e-05,0
3.991414e-05,0
0.0016164978,0
3.0081655e-05,0
6.801315e-05,0
0.00016327306,0
9.684994e-05,0
2.759926e-05,0
1.4793835e-05,0
5.4336826e-05,0
3.206194e-05,0
0.00012668947,0
0.00013047646,0
0.004402843,0
2.474882e-05,0
5.8302663e-05,0
1.4164393e-05,0
0.00010172147,0
0.0003525793,0
1.93745e-05,0
0.00018224878,0
1.3181919e-05,0
0.00010169399,0
1.9562816e-05,0
0.000118892734,0
3.3058557e-05,0
2.5794881e-05,0
0.0004372033,0
2.6788979e-05,0
0.0003143746,0
2.4391233e-05,0
1.8492678e-05,0
1.8777606e-05,0
0.00018297519,0
5.383105e-05,0
2.1449367e-05,0
0.0005053537,0
1.9890636e-05,0
0.00013820325,0
0.0031360004,0
0.000113277914,0
0.0004262064,0
2.0979227e-05,0
0.00013873081,0
0.0005277825,0
5.851348e-05,0
9.949973e-05,0
1.3966241e-05,0
2.1264113e-05,0
0.0004244706,0
0.00029710613,0
2.031532e-05,0
2.7209639e-05,0
0.00022600802,0
2.1618187e-05,0
1.9698802e-05,0
9.782835e-05,0
0.00020149308,0
5.187561e-05,0
0.0002512768,0
0.0004765805,0
1.7744867e-05,0
1.9874995e-05,0
2.7056572e-05,0
6.842644e-05,0
0.0004703642,0
5.529686e-05,0
2.0762744e-05,0
1.71527e-05,0
9.184945e-05,0
0.0012963107,0
2.727925e-05,0
0.0006825521,0
5.1763724e-05,0
6.849986e-05,0
0.0010289247,0
0.000433004,0
0.00046423054,0
3.3179676e-05,0
0.00036897656,0
1.932643e-05,0
2.6796277e-05,0
0.015868764,0
9.940867e-05,0
1.6321193e-05,0
0.00012132781,0
1.9264262e-05,0
5.5140987e-05,0
5.30257e-05,0
0.00012704197,0
1.1405802e-05,0
0.00025073043,0
5.074608e-05,0
0.00011298722,0
2.087041e-05,0
2.2304948e-05,0
2.4960427e-05,0
2.3870372e-05,0
1.9456918e-05,0
1.324784e-05,0
4.491854e-05,0
0.0003048062,0
1.9248218e-05,0
5.3987198e-05,0
1.4352541e-05,0
4.6768862e-05,0
5.2250824e-05,0
0.011042394,0
0.018145438,0
0.00014096826,0
0.00024767857,0
4.3193017e-05,0
2.073867e-05,0
3.2162337e-05,0
0.00067589484,0
0.00024134011,0
0.00023853713,0
0.0004526138,0
3.241188e-05,0
2.0474652e-05,0
0.00016482742,0
0.00013079231,0
9.802088e-06,0
1.1595598e-05,0
2.386411e-05,0
3.4811874e-05,0
1.1812098e-05,0
4.1251955e-05,0
0.0004926968,0
9.575118e-05,0
2.2564282e-05,0
0.0003244901,0
2.087442e-05,0
1.766946e-05,0
3.859136e-05,0
0.0001793166,0
0.00018724614,0
1.4818285e-05,0
2.964172e-05,0
0.0002812535,0
2.642759e-05,0
0.00023514562,0
2.8017977e-05,0
4.3227024e-05,0
0.0001432389,0
0.00024460594,0
1.5742347e-05,0
0.00016822769,0
4.5461347e-05,0
0.000100104684,0
4.5121124e-05,0
0.00011595297,0
2.5776524e-05,0
0.00016734253,0
2.4431785e-05,0
2.2985276e-05,0
8.132478e-05,0
5.6708843e-05,0
0.0011147263,0
1.9891251e-05,0
5.4853346e-05,0
2.2835979e-05,0
0.0002656197,0
2.7378532e-05,0
2.10461e-05,0
5.3621035e-05,0
0.00027034665,0
0.00011708048,0
0.00019271534,0
1.9831703e-05,0
4.3620938e-05,0
0.0004221944,0
1.5207261e-05,0
5.9643513e-05,0
1.21634785e-05,0
0.00052123494,0
4.1374333e-05,0
5.050091e-05,0
6.0422874e-05,0
4.5269124e-05,0
4.697402e-05,0
9.878221e-05,0
4.3705117e-05,0
3.4706227e-05,0
0.00034625706,0
6.003812e-05,0
0.00031659586,0
0.0002895489,0
3.6247773e-05,0
2.1545353e-05,0
1.9427089e-05,0
1.6752208e-05,0
0.00042296422,0
2.5875011e-05,0
0.0002773585,0
2.1254164e-05,0
4.6656452e-05,0
0.00017521453,0
1.6351936e-05,0
2.4263174e-05,0
9.40938e-05,0
5.5551394e-05,0
2.1131136e-05,0
0.00013199258,0
3.6396646e-05,0
1.5182088e-05,0
0.0050282856,0
6.8044894e-05,0
2.0087757e-05,0
2.2887705e-05,0
0.00035013224,0
2.1830883e-05,0
9.565237e-05,0
9.438241e-05,0
0.0035089909,0
5.8929247e-05,0
2.3708184e-05,0
1.6035123e-05,0
2.103149e-05,0
5.6196004e-05,0
2.29601e-05,0
2.0422005e-05,0
8.047023e-05,0
4.4394306e-05,0
2.2354663e-05,0
2.0951478e-05,0
2.3935849e-05,0
0.0003030683,0
0.0027171995,0
2.7417484e-05,0
2.6938917e-05,0
6.1012768e-05,0
3.9324033e-05,0
1.1679326e-05,0
0.00049114483,0
2.1116011e-05,0
6.205046e-05,0
2.2498423e-05,0
2.5958687e-05,0
0.00056342647,0
4.7014655e-05,0
0.00051822147,0
3.101124e-05,0
2.6069416e-05,0
0.0009230194,0
2.16541e-05,0
9.911885e-05,0
1.173368e-05,0
0.00040019967,0
1.9312722e-05,0
2.0067875e-05,0
5.2866533e-05,0
1.24426415e-05,0
0.00023098687,0
9.212118e-05,0
2.379767e-05,0
1.9374454e-05,0
6.0062994e-05,0
3.7381447e-05,0
0.000197176,0
4.8955208e-05,0
1.9589164e-05,0
0.0006055511,0
2.0808704e-05,0
3.8419614e-05,0
0.0016376618,0
1.5300267e-05,0
0.016835459,0
0.00024526345,0
6.291326e-05,0
2.972479e-05,0
6.157699e-05,0
2.2990276e-05,0
2.2857588e-05,0
0.00027253164,0
1.9564808e-05,0
5.0486145e-05,0
5.1564748e-05,0
4.9919454e-05,0
0.00034582234,0
7.089287e-05,0
0.00034850027,0
5.001642e-05,0
1.9388397e-05,0
0.00025401576,0
0.0012218918,0
1.7040764e-05,0
0.00023524267,0
0.0011574734,0
4.159089e-05,0
2.2074533e-05,0
2.343493e-05,0
4.1070332e-05,0
9.685946e-05,0
9.711188e-05,0
6.4867156e-05,0
0.0015269044,0
8.547419e-05,0
1.8282233e-05,0
2.0309912e-05,0
0.0002686622,0
1.0330094e-05,0
0.0002650412,0
1.7513335e-05,0
0.00016398107,0
2.1949523e-05,0
0.000605804,0
0.00019709933,0
0.00018244295,0
1.5095091e-05,0
1.3329096e-05,0
0.00046824824,0
0.009123396,0
2.318037e-05,0
1.415294e-05,0
5.3501553e-05,0
0.00017349953,0
2.6685379e-05,0
5.1536634e-05,0
2.6154661e-05,0
0.00010194474,0
1.4318845e-05,0
4.5596775e-05,0
1.1968892e-05,0
1.4700703e-05,0
1.2738609e-05,0
0.0003933421,0
3.6068184e-05,0
9.6918164e-05,0
0.00010078176,0
9.6632066e-05,0
0.0005758329,0
1.9442366e-05,0
1.8776092e-05,0
0.00050851546,0
3.555792e-05,0
0.00016503526,0
0.00011811328,0
5.0723313e-05,0
2.523658e-05,0
2.0562127e-05,0
0.00043206106,0
4.328973e-05,0
2.9864452e-05,0
1.6781667e-05,0
0.00029416333,0
0.00014984363,0
9.692835e-06,0
3.9449253e-05,0
4.9479026e-05,0
2.2359478e-05,0
0.0008633882,0
4.446201e-05,0
3.3898257e-05,0
0.00015491585,0
0.00012677636,0
0.00012294391,0
3.5847617e-05,0
0.003415021,0
3.6383353e-05,0
2.4407886e-05,0
4.844483e-05,0
0.0001161975,0
5.299397e-05,0
2.6403995e-05,0
0.00029808428,0
0.00022442828,0
1.0632597e-05,0
0.0001575715,0
0.0070758006,0
2.5395899e-05,0
6.297924e-05,0
5.714211e-05,0
2.0751871e-05,0
0.021298833,0
2.174262e-05,0
1.9705949e-05,0
6.824945e-05,0
3.2997916e-05,0
2.0811736e-05,0
4.9054226e-05,0
0.00014468898,0
9.554454e-05,0
2.869524e-05,0
1.8995353e-05,0
9.761482e-05,0
2.1141457e-05,0
9.873765e-05,0
1.4246601e-05,0
3.6592068e-05,0
1.8865489e-05,0
5.1283452e-05,0
1.732528e-05,0
0.00027402517,0
2.405114e-05,0
4.2922977e-05,0
3.8866503e-05,0
0.0032907396,0
0.0016635888,0
9.6805685e-05,0
4.8958183e-05,0
3.581788e-05,0
3.0368526e-05,0
0.00042765835,0
0.006110483,0
3.1892043e-05,0
8.227086e-05,0
6.202565e-05,0
9.729908e-05,0
2.3814317e-05,0
2.685514e-05,0
0.00013171734,0
0.000121643214,0
5.05501e-05,0
2.1102544e-05,0
4.9269045e-05,0
6.289041e-05,0
6.78115e-05,0
5.0308732e-05,0
0.0004329899,0
2.2728582e-05,0
7.163706e-05,0
2.513993e-05,0
2.577764e-05,0
0.0016771199,0
0.000105176536,0
2.628201e-05,0
0.0008406331,0
4.142946e-05,0
3.2250166e-05,0
0.00016534595,0
3.6275367e-05,0
6.25657e-05,0
3.4020686e-05,0
2.5991623e-05,0
2.1170828e-05,0
2.5127445e-05,0
6.313561e-05,0
2.1136337e-05,0
0.00014927027,0
0.002940185,0
0.0005912444,0
5.4718006e-05,0
1.9248455e-05,0
0.020849379,0
1.8586461e-05,0
0.0005325324,0
8.172422e-05,0
8.1152924e-05,0
0.0035850739,0
2.9111072e-05,0
2.112288e-05,0
0.0001664823,0
0.00029699327,0
1.331003e-05,0
0.00032353256,0
0.0026270675,0
4.9620856e-05,0
5.292142e-05,0
5.420171e-05,0
2.8099385e-05,0
0.003825728,0
1.920406e-05,0
3.5323454e-05,0
0.010633727,0
2.4100264e-05,0
0.0072790533,0
0.001723951,0
0.00019544453,0
2.8181697e-05,0
9.958095e-05,0
9.60229e-05,0
0.00760999,0
2.3684888e-05,0
0.00038971312,0
1.8773913e-05,0
0.00017925592,0
0.00049565115,0
4.300632e-05,0
0.00014384501,0
2.6145219e-05,0
2.580156e-05,0
3.9121736e-05,0
9.880453e-05,0
3.5582e-05,0
4.5201425e-05,0
3.2827305e-05,0
1.9194653e-05,0
2.5740928e-05,0
0.00209424,0
2.0698993e-05,0
3.0412079e-05,0
7.4020514e-05,0
2.0473055e-05,0
4.84846e-05,0
9.794173e-05,0
2.0811358e-05,0
2.0110587e-05,0
0.00022683982,0
0.0006363496,0
0.012676402,0
0.0004077781,0
0.014891993,0
0.00018812926,0
3.688882e-05,0
2.054003e-05,0
2.1510628e-05,0
2.4712152e-05,0
2.1114773e-05,0
9.989346e-05,0
4.0781542e-05,0
2.7696926e-05,0
2.431317e-05,0
1.8617227e-05,0
1.8850991e-05,0
0.0012255816,0
3.6203222e-05,0
1.3566735e-05,0
3.409633e-05,0
5.182572e-05,0
0.00053564704,0
0.00018324306,0
2.220533e-05,0
0.00042599667,0
1.8783512e-05,0
8.8586596e-05,0
9.2732684e-05,0
0.0012131549,0
3.839996e-05,0
3.3654782e-05,0
2.5650756e-05,0
2.1810634e-05,0
2.4949879e-05,0
0.00017161679,0
0.0065381164,0
4.2972988e-05,0
2.7595393e-05,0
0.00023925096,0
7.958004e-05,0
0.00013027666,0
1.5400665e-05,0
2.3790975e-05,0
2.7810898e-05,0
2.8303954e-05,0
1.7690352e-05,0
0.0006705265,0
0.00010647011,0
1.6298953e-05,0
2.6162674e-05,0
0.0001905882,0
1.5997515e-05,0
1.6839153e-05,0
7.426006e-05,0
6.1808656e-05,0
0.0021545757,0
2.5597521e-05,0
0.0019707333,0
0.00015816052,0
0.00026631288,0
6.018714e-05,0
5.2785555e-05,0
6.4563916e-05,0
0.0075113773,0
0.00010107365,0
0.00047303378,0
2.995685e-05,0
2.7189726e-05,0
0.003540997,0
2.0294689e-05,0
8.863563e-05,0
2.5456955e-05,0
1.5074053e-05,0
0.00020183735,0
8.918408e-05,0
0.00010285212,0
4.849543e-05,0
0.00010875102,0
9.9169e-05,0
6.671663e-05,0
0.00018889106,0
4.0515195e-05,0
2.201767e-05,0
0.0004290064,0
0.007992205,0
0.000102762606,0
1.8429002e-05,0
1.4819958e-05,0
8.7618035e-05,0
5.3507723e-05,0
3.4340777e-05,0
5.528534e-05,0
2.069909e-05,0
6.178272e-05,0
0.0071465797,0
0.00186879,0
6.4058746e-05,0
2.7136031e-05,0
1.934652e-05,0
2.0552807e-05,0
1.4791061e-05,0
0.00015331518,0
0.00070561306,0
1.5021064e-05,0
0.00040406396,0
0.00015380445,0
1.5013244e-05,0
2.4045454e-05,0
2.0553272e-05,0
0.00019563509,0
6.960825e-05,0
1.797591e-05,0
0.0008727666,0
7.1447044e-05,0
0.00010485609,0
2.43792e-05,0
6.959037e-05,0
5.5594024e-05,0
3.3627093e-05,0
4.9725666e-05,0
3.145133e-05,0
4.7179332e-05,0
0.00026954422,0
7.138386e-05,0
0.000221153,0
4.3065782e-05,0
8.022112e-05,0
0.00013149933,0
0.00020790054,0
2.3119828e-05,0
1.3929684e-05,0
2.7338956e-05,0
1.9575622e-05,0
0.00048092767,0
0.0011488122,0
0.000100078534,0
2.821701e-05,0
0.000113612135,0
0.0008895466,0
0.00026663073,0
2.3508876e-05,0
9.938015e-05,0
2.2873313e-05,0
0.0010407628,0
0.00010142772,0
9.580737e-05,0
4.7145204e-05,0
4.677196e-05,0
2.6773032e-05,0
0.0006108856,0
0.000101433296,0
9.657313e-05,0
7.1919414e-05,0
0.0003150996,0
4.8009813e-05,0
0.00011651207,0
0.00015199702,0
0.00017556362,0
1.4437961e-05,0
9.84943e-05,0
2.8569255e-05,0
2.1395927e-05,0
0.00012820284,0
5.420174e-05,0
6.106419e-05,0
3.1590058e-05,0
1.9447287e-05,0
2.372291e-05,0
1.4228846e-05,0
0.00012918701,0
0.0007676532,0
2.3070977e-05,0
0.00012403895,0
0.0002952944,0
0.00021868313,0
1.7881208e-05,0
0.00010009042,0
2.2639062e-05,0
2.0038036e-05,0
1.241956e-05,0
0.000113878195,0
8.467143e-05,0
0.0010659242,0
1.6369548e-05,0
0.000118787786,0
0.00019785536,0
1.5266905e-05,0
0.0007869735,0
0.02804758,0
0.006192318,0
3.1132568e-05,0
2.2326109e-05,0
7.098273e-05,0
2.93805e-05,0
4.8246435e-05,0
0.00016859024,0
1.6654516e-05,0
2.3127475e-05,0
9.93072e-06,0
0.00011271348,0
0.00011000469,0
0.0007222313,0
1.0679374e-05,0
2.0418192e-05,0
0.00801176,0
1.9386353e-05,0
2.8523616e-05,0
3.8337006e-05,0
5.0380728e-05,0
3.189801e-05,0
2.149398e-05,0
0.00117895,0
0.0008335356,0
3.1845957e-05,0
2.029505e-05,0
1.5923255e-05,0
1.3060669e-05,0
1.1066953e-05,0
0.00011012981,0
7.196656e-05,0
5.8002697e-05,0
4.9648334e-05,0
0.00045054874,0
2.8438322e-05,0
0.00011269535,0
0.000110456975,0
4.3824624e-05,0
1.6293672e-05,0
1.20535415e-05,0
1.3050381e-05,0
0.0069413255,0
2.8584509e-05,0
0.00013682626,0
0.00020331141,0
5.9770824e-05,0
8.378001e-05,0
2.094726e-05,0
2.4394007e-05,0
1.364641e-05,0
3.7169055e-05,0
4.00779e-05,0
6.800917e-05,0
0.00016165983,0
0.0022217927,0
2.5660762e-05,0
3.5127352e-05,0
2.4859792e-05,0
0.0001671252,0
4.8916434e-05,0
2.1522663e-05,0
5.3571464e-05,0
0.00020313275,0
3.2736225e-05,0
2.6656242e-05,0
2.9931332e-05,0
0.0070646266,0
0.00011978949,0
8.317873e-05,0
3.207979e-05,0
0.00012219243,0
3.3383003e-05,0
2.0810347e-05,0
0.00013142063,0
2.0081925e-05,0
6.871635e-05,0
0.00013195188,0
0.002811387,0
2.8352404e-05,0
0.00059129664,0
2.198129e-05,0
0.000296149,0
7.293196e-05,0
2.0447522e-05,0
3.991543e-05,0
0.00010450933,0
0.0010086183,0
9.595846e-05,0
0.00023380981,0
0.0002862965,0
2.6577138e-05,0
9.0150235e-05,0
0.00020078244,0
2.7896625e-05,0
1.5345926e-05,0
2.436229e-05,0
2.0160554e-05,0
4.8555372e-05,0
2.6689084e-05,0
0.0014951692,0
0.00027806108,0
2.8778328e-05,0
1.1891039e-05,0
6.0391812e-05,0
2.6935e-05,0
0.00010320272,0
4.8984693e-05,0
3.1585612e-05,0
2.0069487e-05,0
0.00053752714,0
2.1618178e-05,0
8.678445e-05,0
4.7163958e-05,0
0.00013147238,0
1.7821301e-05,0
4.7116853e-05,0
2.6688149e-05,0
0.006354535,0
0.012901252,0
2.2205528e-05,0
6.1865576e-05,0
4.797241e-05,0
1.1597833e-05,0
0.00034659292,0
3.8786693e-05,0
0.013190423,0
5.177372e-05,0
4.469548e-05,0
0.000101179845,0
0.00016194029,0
1.9544104e-05,0
4.0706444e-05,0
0.00016512352,0
2.8330294e-05,0
9.1142916e-05,0
0.001186021,0
7.166633e-05,0
2.9657085e-05,0
5.496716e-05,0
0.005443282,0
3.0003182e-05,0
5.521554e-05,0
5.3516564e-05,0
2.1256996e-05,0
0.00048016413,0
0.0010319194,0
2.5284418e-05,0
0.00014010197,0
5.0324008e-05,0
3.806479e-05,0
0.00013984743,0
0.0011782419,0
0.0006643193,0
0.00025950835,0
3.394883e-05,0
4.8955113e-05,0
0.00014024336,0
0.013062428,0
0.00014972856,0
2.5743404e-05,0
9.2545095e-05,0
2.048667e-05,0
3.101527e-05,0
2.2429771e-05,0
0.00023303085,0
1.3686151e-05,0
1.3669286e-05,0
2.836556e-05,0
2.217202e-05,0
0.00030912517,0
5.4928245e-05,0
2.497527e-05,0
6.8805755e-05,0
2.1912705e-05,0
4.3288303e-05,0
0.00030773334,0
0.00012915808,0
1.8960895e-05,0
1.8088036e-05,0
0.00018819423,0
4.891491e-05,0
0.00015431756,0
2.1897182e-05,0
0.00023639442,0
0.015251246,0
5.3390522e-05,0
0.0003321281,0
2.7725975e-05,0
8.209049e-05,0
1.3086463e-05,0
2.850072e-05,0
3.8255934e-05,0
1.621571e-05,0
8.1512364e-05,0
3.7298323e-05,0
1.913092e-05,0
4.356588e-05,0
0.00017199134,0
1.9376143e-05,0
6.341129e-05,0
0.0041945754,0
2.017233e-05,0
7.2168645e-05,0
0.010769777,0
9.584108e-05,0
2.3976356e-05,0
0.010486723,0
8.589686e-05,0
5.791862e-05,0
4.9191258e-05,0
1.4537397e-05,0
8.552301e-05,0
2.1754286e-05,0
1.686029e-05,0
2.0219772e-05,0
2.8554767e-05,0
4.915302e-05,0
2.2957589e-05,0
0.0031823504,0
0.0004371729,0
9.4954696e-05,0
5.312879e-05,0
0.004358676,0
1.9905918e-05,0
1.2797342e-05,0
3.6832153e-05,0
2.769955e-05,0
1.0713894e-05,0
1.9686422e-05,0
1.3759515e-05,0
2.80193e-05,0
0.00013633931,0
5.694488e-05,0
0.00012497183,0
0.0001872929,0
3.958541e-05,0
2.1494758e-05,0
5.8070327e-05,0
5.3323503e-05,0
3.9720464e-05,0
0.0003632488,0
0.00016431522,0
0.0003132138,0
3.7862894e-05,0
2.5488047e-05,0
0.000105273146,0
1.0903381e-05,0
4.1163767e-05,0
1.0302528e-05,0
2.1123959e-05,0
2.1235044e-05,0
0.0049338387,0
0.00011321416,0
2.2856719e-05,0
2.4807681e-05,0
3.123567e-05,0
0.00024396108,0
2.18335e-05,0
4.101614e-05,0
0.0002452767,0
9.275063e-05,0
5.5630637e-05,0
2.629597e-05,0
0.0001943648,0
7.508619e-05,0
0.00010146822,0
1.1023245e-05,0
8.336046e-05,0
4.981405e-05,0
0.0001233588,0
0.009758134,0
2.1962303e-05,0
0.00019202316,0
1.0746467e-05,0
2.0376874e-05,0
4.4206867e-05,0
0.00012562537,0
0.00053525256,0
3.3000757e-05,0
0.0022556281,0
2.0172534e-05,0
8.4793755e-05,0
2.1853248e-05,0
0.0026282663,0
4.6282057e-05,0
0.0042313603,0
0.011619456,0
2.7664535e-05,0
0.000111415815,0
2.0068223e-05,0
0.0002931816,0
0.00030773456,0
2.3705748e-05,0
2.5766216e-05,0
3.087004e-05,0
0.0001002679,0
4.945665e-05,0
0.00024933947,0
0.0001746783,0
0.0006876372,0
1.9080431e-05,0
5.839842e-05,0
7.603431e-05,0
3.3406e-05,0
1.3475267e-05,0
1.1829722e-05,0
2.2173686e-05,0
0.0010319033,0
2.8590339e-05,0
5.281852e-05,0
9.8494034e-05,0
7.59238e-05,0
3.2180553e-05,0
1.9496096e-05,0
5.2898362e-05,0
0.00024531645,0
2.9582767e-05,0
0.00033280815,0
5.1123672e-05,0
6.3882115e-05,0
5.601985e-05,0
0.0059721484,0
0.00020597831,0
1.9730056e-05,0
0.007371938,0
0.00010183229,0
0.012307518,0
2.3704e-05,0
5.2169267e-05,0
2.0061558e-05,0
0.010840356,0
0.00013804507,0
2.8422626e-05,0
1.972325e-05,0
2.7210835e-05,0
0.003773264,0
2.8513565e-05,0
0.00021815024,0
0.00011316694,0
2.0326792e-05,0
2.1034864e-05,0
3.584342e-05,0
0.0003550827,0
0.007011901,0
1.9445904e-05,0
1.9274637e-05,0
2.7796204e-05,0
1.1996879e-05,0
2.0812713e-05,0
2.2430795e-05,0
2.8732487e-05,0
0.0012283539,0
1.3393441e-05,0
0.0030244158,0
0.00014000491,0
0.00011407816,0
2.5836216e-05,0
3.8793143e-05,0
0.00013081761,0
5.32765e-05,0
2.8604632e-05,0
2.0156287e-05,0
0.0007219128,0
4.3774773e-05,0
2.617219e-05,0
8.781613e-05,0
2.5115689e-05,0
0.0002065297,0
0.00031161474,0
2.9253855e-05,0
0.00010236656,0
1.5196792e-05,0
2.5518038e-05,0
2.0258789e-05,0
9.826469e-05,0
0.0019281515,0
2.2247581e-05,0
2.1452075e-05,0
2.3899669e-05,0
3.6606092e-05,0
5.7833982e-05,0
0.00018176153,0
4.625653e-05,0
3.148698e-05,0
2.1665355e-05,0
9.51581e-05,0
0.00020051772,0
0.0001822412,0
9.651051e-05,0
5.5568733e-05,0
0.00055616966,0
1.3884848e-05,0
1.3937665e-05,0
5.475984e-05,0
0.0002546989,0
0.00049569673,0
8.030443e-05,0
6.1504965e-05,0
2.2713233e-05,0
2.6150288e-05,0
0.009655029,0
0.00042974498,0
0.00020329998,0
2.5678384e-05,0
1.4368429e-05,0
2.6316611e-05,0
2.3952565e-05,0
4.421025e-05,0
3.822222e-05,0
5.2778636e-05,0
9.6061376e-05,0
4.4619697e-05,0
2.0373638e-05,0
2.8755945e-05,0
2.8606884e-05,0
3.8756178e-05,0
1.664392e-05,0
2.787541e-05,0
2.1023297e-05,0
0.00011897474,0
1.8780904e-05,0
4.6863515e-05,0
1.2618674e-05,0
5.0786042e-05,0
2.967405e-05,0
0.00011084714,0
1.7182108e-05,0
1.970958e-05,0
2.6755208e-05,0
0.00012623493,0
0.000100932455,0
2.9934237e-05,0
2.7735248e-05,0
4.9812763e-05,0
1.2868844e-05,0
6.0280367e-05,0
0.0012781151,0
2.003887e-05,0
8.111588e-05,0
0.00016107495,0
9.849435e-05,0
2.3811433e-05,0
4.5766596e-05,0
4.82853e-05,0
5.5318946e-05,0
2.724051e-05,0
0.0014827426,0
2.3636694e-05,0
5.3458163e-05,0
2.4673245e-05,0
8.0977785e-05,0
0.00035968822,0
2.9382278e-05,0
2.113974e-05,0
0.000580338,0
2.1792486e-05,0
9.849628e-05,0
0.00064122956,0
5.9744754e-05,0
2.7232352e-05,0
9.350013e-05,0
1.068265e-05,0
0.00011127329,0
2.5606372e-05,0
2.083375e-05,0
2.301384e-05,0
0.00022172737,0
0.00040094147,0
2.1972759e-05,0
2.7208202e-05,0
2.1542082e-05,0
0.00017013945,0
0.0005183569,0
0.000149037,0
3.909771e-05,0
2.6939182e-05,0
0.0017858901,0
0.00010437101,0
0.0002337579,0
2.0714577e-05,0
0.0002282027,0
1.6088934e-05,0
1.989238e-05,0
3.1355663e-05,0
0.0017103348,0
8.0126745e-05,0
1.7456116e-05,0
4.00071e-05,0
1.8709494e-05,0
0.0002393612,0
2.1449587e-05,0
0.0006119268,0
0.00012218046,0
2.7314947e-05,0
6.171419e-05,0
4.3622407e-05,0
0.0019669558,0
4.99555e-05,0
9.935402e-05,0
0.003817791,0
2.1007329e-05,0
2.4743758e-05,0
2.5125097e-05,0
2.1720394e-05,0
0.00012637672,0
0.00017024996,0
2.2744973e-05,0
7.8742516e-05,0
0.00041760725,0
2.1875621e-05,0
8.5116844e-05,0
2.9194218e-05,0
0.00027355473,0
2.0028789e-05,0
0.00015928409,0
6.1204446e-05,0
0.0012240997,0
7.400413e-05,0
6.185227e-05,0
4.4871784e-05,0
1.1535089e-05,0
3.0212588e-05,0
5.416471e-05,0
4.651121e-05,0
2.6588346e-05,0
2.6770753e-05,0
0.0006317362,0
0.00011416744,0
2.1879172e-05,0
1.9575566e-05,0
8.025532e-05,0
1.9442137e-05,0
1.6697582e-05,0
1.27278945e-05,0
2.7360893e-05,0
2.900759e-05,0
5.634655e-05,0
2.8395007e-05,0
1.2000944e-05,0
2.0113659e-05,0
0.00016790438,0
3.7454938e-05,0
7.433547e-05,0
0.00017749907,0
0.0053952886,0
8.139038e-05,0
2.6969796e-05,0
1.2658055e-05,0
3.7783855e-05,0
1.8616009e-05,0
0.0010940873,0
2.0126527e-05,0
3.9280487e-05,0
2.103021e-05,0
2.0082212e-05,0
2.7345342e-05,0
2.3034747e-05,0
7.23336e-05,0
2.0517853e-05,0
0.013738777,0
0.00038737108,0
2.1977661e-05,0
0.00024299674,0
5.0201208e-05,0
2.1610924e-05,0
1.6489636e-05,0
0.0001361792,0
2.9497374e-05,0
1.9742194e-05,0
2.4889368e-05,0
1.8281025e-05,0
0.00034200712,0
0.00042599754,0
2.1096355e-05,0
0.000245949,0
0.00010087863,0
0.00039912315,0
0.00021436077,0
0.00044191818,0
2.2850898e-05,0
0.00022315861,0
2.5295649e-05,0
2.724471e-05,0
2.4464543e-05,0
1.8602892e-05,0
4.9024064e-05,0
2.8202849e-05,0
1.9387639e-05,0
0.00010249322,0
2.7167263e-05,0
0.0010569411,0
2.770498e-05,0
2.2670622e-05,0
0.00014398513,0
3.3045417e-05,0
1.6057847e-05,0
0.00041252878,0
7.330186e-05,0
2.0302137e-05,0
0.000113141505,0
3.1231495e-05,0
2.5672049e-05,0
0.00023345667,0
3.0937463e-05,0
2.5450201e-05,0
0.00013957515,0
1.9172925e-05,0
2.7778819e-05,0
2.5827338e-05,0
7.111348e-05,0
0.0056880014,0
2.415577e-05,0
5.0197865e-05,0
2.4580155e-05,0
0.00014074602,0
0.00013084269,0
1.9512503e-05,0
0.003199422,0
6.321074e-05,0
2.6563428e-05,0
0.005162935,0
2.5449051e-05,0
0.00014094257,0
4.7874844e-05,0
1.927464e-05,0
0.000395183,0
9.844376e-05,0
4.0273622e-05,0
2.818615e-05,0
2.8093753e-05,0
1.9276977e-05,0
0.010665472,0
0.0005064448,0
0.000645525,0
0.00022117276,0
1.7100674e-05,0
8.015306e-05,0
6.363778e-05,0
9.836352e-05,0
8.5304375e-05,0
0.0004413358,0
0.00023989605,0
0.002232131,0
2.0296438e-05,0
1.2203861e-05,0
2.1817004e-05,0
9.401298e-05,0
0.00022995443,0
4.812892e-05,0
0.00017794149,0
0.00035042333,0
1.0942741e-05,0
5.1188847e-05,0
1.3538455e-05,0
3.1469226e-05,0
1.5382591e-05,0
1.9677374e-05,0
0.00032397066,0
9.5698764e-05,0
2.4173272e-05,0
0.00065437605,0
2.6391408e-05,0
0.00012104166,0
0.00010655174,0
0.0073790243,0
0.00047496203,0
0.0001220935,0
6.976731e-05,0
2.8419587e-05,0
2.5430603e-05,0
2.8708148e-05,0
0.008862787,0
1.8567625e-05,0
1.978975e-05,0
1.9597172e-05,0
4.50918e-05,0
5.648666e-05,0
0.0002006019,0
0.0004784851,0
2.4347402e-05,0
5.7010704e-05,0
1.8588365e-05,0
8.246896e-05,0
5.8037924e-05,0
3.593296e-05,0
4.027928e-05,0
1.2252209e-05,0
0.00010160237,0
0.00010287062,0
2.4818104e-05,0
1.4899807e-05,0
4.157092e-05,0
1.5715026e-05,0
4.380491e-05,0
0.00017172996,0
0.00048808922,0
4.0728308e-05,0
1.4146504e-05,0
5.0014834e-05,0
9.370598e-05,0
4.120135e-05,0
4.8946797e-05,0
5.4442342e-05,0
2.2802458e-05,0
0.008850322,0
4.9397e-05,0
4.8179558e-05,0
0.00023649297,0
9.497528e-05,0
0.000297641,0
0.00014502999,0
7.173587e-05,0
0.00012546573,0
0.00017497646,0
4.368774e-05,0
6.535211e-05,0
7.27879e-05,0
0.00024188789,0
1.3624784e-05,0
0.00038300987,0
2.6787096e-05,0
1.3305703e-05,0
2.1114698e-05,0
0.001999656,0
3.303791e-05,0
1.3067903e-05,0
0.0003990149,0
7.798523e-05,0
5.99518e-05,0
7.1145536e-05,0
1.9470743e-05,0
2.1450924e-05,0
6.538739e-05,0
0.0014651392,0
1.0665016e-05,0
0.000103068465,0
2.083611e-05,0
2.3586117e-05,0
5.959421e-05,0
1.945783e-05,0
0.00010055242,0
4.3851094e-05,0
1.8217803e-05,0
3.491633e-05,0
0.0013084838,0
6.098039e-05,0
1.9307898e-05,0
0.00065830664,0
0.009888113,0
2.4940402e-05,0
0.01741899,0
0.00021714093,0
1.8553494e-05,0
0.0015116113,0
4.8257538e-05,0
0.00014385782,0
0.00013553264,0
0.0002009462,0
0.00013504317,0
5.032014e-05,0
5.990551e-05,0
3.6625424e-05,0
0.00015033792,0
2.3835253e-05,0
0.003517893,0
2.652775e-05,0
1.1641874e-05,0
9.958942e-05,0
2.5556268e-05,0
9.986629e-05,0
0.00013342625,0
5.365404e-05,0
6.10098e-05,0
2.8737664e-05,0
3.832676e-05,0
0.015205718,0
0.00010581775,0
1.6388682e-05,0
2.0351197e-05,0
0.0013060345,0
6.2939085e-05,0
0.0007300871,0
2.6943404e-05,0
1.8676792e-05,0
9.5783165e-05,0
7.155912e-05,0
2.5652349e-05,0
4.1501626e-05,0
9.066663e-05,0
0.00017023845,0
2.1902035e-05,0
1.37245515e-05,0
2.0268602e-05,0
0.0013434538,0
5.4752763e-05,0
1.9442352e-05,0
3.0077163e-05,0
7.406469e-05,0
1.9624254e-05,0
9.2119044e-05,0
1.5040705e-05,0
5.4798227e-05,0
3.310247e-05,0
2.9063935e-05,0
1.9458814e-05,0
2.7716647e-05,0
0.00043662454,0
4.136983e-05,0
5.2041676e-05,0
1.3192835e-05,0
9.813854e-05,0
0.0004225184,0
2.476615e-05,0
1.5559855e-05,0
8.2235056e-05,0
0.0001048346,0
2.1926298e-05,0
0.000102045604,0
3.2431726e-05,0
9.6230666e-05,0
7.731296e-05,0
5.2970103e-05,0
3.9035225e-05,0
2.3672897e-05,0
0.00094818365,0
1.70397e-05,0
0.000121673336,0
0.0005895248,0
1.3571299e-05,0
9.4840245e-05,0
0.00013200348,0
0.0005149507,0
7.335986e-05,0
0.00057642645,0
2.0867616e-05,0
0.00011879743,0
2.4097868e-05,0
1.6925946e-05,0
0.00013514694,0
9.917723e-05,0
5.407268e-05,0
4.1367308e-05,0
0.00026647383,0
1.8381015e-05,0
3.017109e-05,0
7.56353e-05,0
0.00012447413,0
2.4651577e-05,0
2.8364868e-05,0
2.4920877e-05,0
4.5524477e-05,0
0.00025002524,0
1.4714102e-05,0
2.5076473e-05,0
0.00020303058,0
0.0063977656,0
5.8999358e-05,0
4.3368284e-05,0
1.27848e-05,0
2.2140837e-05,0
0.0006665399,0
2.111735e-05,0
0.00011295929,0
1.9480622e-05,0
0.00030052313,0
8.309024e-05,0
2.823725e-05,0
3.6598492e-05,0
1.6193753e-05,0
1.6036402e-05,0
0.0019301515,0
1.6061615e-05,0
3.996089e-05,0
2.5121279e-05,0
2.2383545e-05,0
7.7691104e-05,0
0.00010735142,0
4.856542e-05,0
2.336476e-05,0
0.0058734957,0
5.6895136e-05,0
6.038935e-05,0
0.00010520181,0
2.1958984e-05,0
4.0348023e-05,0
2.0080244e-05,0
3.2319287e-05,0
0.010669034,0
0.00025241834,0
2.1674683e-05,0
0.000105290565,0
0.0002749439,0
0.00010535017,0
0.00053808966,0
0.000117595395,0
0.00022806447,0
3.2973934e-05,0
9.1716975e-05,0
4.3965974e-05,0
2.2645017e-05,0
9.994752e-05,0
2.5592215e-05,0
1.951186e-05,0
9.9518424e-05,0
1.907491e-05,0
5.27244e-05,0
7.253279e-05,0
0.00010244439,0
9.9570716e-05,0
1.2232614e-05,0
1.6341135e-05,0
0.00018402917,0
2.6888943e-05,0
2.536673e-05,0
0.00033387486,0
2.4907493e-05,0
0.00687544,0
6.584597e-05,0
2.5697222e-05,0
6.2501174e-05,0
3.091756e-05,0
8.919945e-05,0
0.00018385459,0
5.085297e-05,0
8.45248e-05,0
2.0297177e-05,0
0.00012481338,0
0.00069547363,0
2.5192328e-05,0
3.2026383e-05,0
0.00017704438,0
9.593837e-05,0
5.5186734e-05,0
0.00027021105,0
0.00014552547,0
0.00025029833,0
5.5289067e-05,0
2.8557875e-05,0
5.4202716e-05,0
1.9614266e-05,0
1.091529e-05,0
0.011806219,0
1.6836619e-05,0
1.6565986e-05,0
0.00010190535,0
1.9240417e-05,0
0.00078220345,0
2.6934302e-05,0
8.102762e-05,0
2.5348016e-05,0
3.3173837e-05,0
8.888519e-05,0
0.00020725759,0
0.00012771577,0
2.0225034e-05,0
9.820919e-06,0
1.9500234e-05,0
1.4047111e-05,0
1.9404642e-05,0
1.3343442e-05,0
5.1448085e-05,0
9.550627e-05,0
1.9502048e-05,0
0.00027369702,0
2.4391993e-05,0
0.0015987625,0
0.003105069,0
2.5189926e-05,0
7.276096e-05,0
0.00045561083,0
0.00017945436,0
2.0537094e-05,0
1.4615935e-05,0
0.012814556,0
0.00012182077,0
4.6865083e-05,0
1.4029448e-05,0
0.00015388984,0
0.0006158984,0
0.00010513277,0
1.7663568e-05,0
2.707893e-05,0
3.6181216e-05,0
4.856869e-05,0
2.4857365e-05,0
3.5951176e-05,0
0.00018096043,0
1.7475637e-05,0
2.1919297e-05,0
2.3621622e-05,0
2.2008193e-05,0
2.2211536e-05,0
4.6671637e-05,0
0.0002312433,0
1.8185798e-05,0
0.0006846524,0
1.990307e-05,0
5.523267e-05,0
0.0015516697,0
4.4582874e-05,0
4.888605e-05,0
0.00020086177,0
1.6741424e-05,0
5.6277e-05,0
8.6949585e-05,0
1.5791851e-05,0
0.00088958896,0
3.236336e-05,0
0.00030579558,0
0.0017505267,0
6.24117e-05,0
1.2346813e-05,0
2.8038534e-05,0
3.1456464e-05,0
1.0713301e-05,0
0.006959714,0
5.5579443e-05,0
0.0005155688,0
0.00010523695,0
1.34363045e-05,0
0.0001020863,0
0.00014440404,0
7.1363116e-05,0
2.3276674e-05,0
4.8200825e-05,0
1.98757e-05,0
0.003490414,0
1.7147453e-05,0
2.1727166e-05,0
2.5705538e-05,0
2.736773e-05,0
2.2219667e-05,0
2.1453377e-05,0
0.00010092216,0
0.00011729608,0
2.2333317e-05,0
2.8173892e-05,0
2.7420621e-05,0
9.630767e-05,0
3.363441e-05,0
5.9567956e-05,0
5.529127e-05,0
1.4247669e-05,0
3.05718e-05,0
0.0012058023,0
1.8550172e-05,0
0.00010107838,0
3.7006947e-05,0
9.88407e-05,0
2.0107063e-05,0
0.000865066,0
3.411564e-05,0
2.3332312e-05,0
4.883292e-05,0
3.267374e-05,0
0.00023253818,0
5.708578e-05,0
1.4209858e-05,0
0.00014940307,0
5.9939117e-05,0
2.7346416e-05,0
4.8308495e-05,0
0.0001132054,0
2.0535193e-05,0
2.5229145e-05,0
2.64315e-05,0
3.807001e-05,0
0.0011771464,0
0.00020996871,0
1.9352372e-05,0
0.01713826,0
0.00010921794,0
1.9573621e-05,0
0.0004318561,0
0.0011488042,0
0.0005246972,0
0.000565987,0
8.3192164e-05,0
0.0019279873,0
2.0821904e-05,0
3.2345666e-05,0
0.0001460807,0
2.1514164e-05,0
0.010727759,0
0.00032687688,0
4.2185937e-05,0
1.9240248e-05,0
5.6981367e-05,0
2.0955844e-05,0
1.465912e-05,0
2.0802208e-05,0
7.297763e-05,0
2.6049867e-05,0
0.011337423,0
0.0002494697,0
9.583413e-05,0
2.6239983e-05,0
1.8832246e-05,0
3.4331104e-05,0
9.739852e-05,0
0.00057725835,0
4.560641e-05,0
2.6904114e-05,0
0.00017052125,0
0.0017501595,0
0.00023802067,0
0.00017071849,0
4.5666173e-05,0
9.873343e-05,0
9.743261e-05,0
0.00019667057,0
2.2824037e-05,0
7.1150585e-05,0
3.7722675e-05,0
2.3527295e-05,0
0.0001052477,0
9.69418e-05,0
2.4484127e-05,0
6.1017094e-05,0
1.0325016e-05,0
3.8314163e-05,0
2.0846477e-05,0
5.0069022e-05,0
0.0003285712,0
2.6768472e-05,0
0.002773135,0
3.5143345e-05,0
1.2958477e-05,0
1.3928239e-05,0
0.00026191113,0
0.00085666735,0
4.957579e-05,0
4.202658e-05,0
1.5097401e-05,0
2.1337368e-05,0
5.771541e-05,0
9.1954345e-05,0
5.2707754e-05,0
6.4675834e-05,0
5.096898e-05,0
5.1074523e-05,0
0.0001767363,0
9.6209216e-05,0
1.6394579e-05,0
6.0417526e-05,0
0.002170514,0
1.9204903e-05,0
2.8029564e-05,0
0.0006994983,0
2.6799e-05,0
0.00018762393,0
4.3036704e-05,0
5.7149726e-05,0
0.0011810141,0
5.7352325e-05,0
0.00068012264,0
4.9125727e-05,0
2.2109894e-05,0
0.0021601473,0
0.00014568587,0
1.3964865e-05,0
0.013248188,0
2.5831117e-05,0
5.754971e-05,0
2.949274e-05,0
0.00046717047,0
0.00028718033,0
1.2668285e-05,0
6.258215e-05,0
4.7731428e-05,0
5.1036484e-05,0
2.2824603e-05,0
3.6088124e-05,0
5.20145e-05,0
3.9079994e-05,0
0.0008188464,0
0.00041238297,0
0.0060422854,0
0.0009411349,0
3.7688398e-05,0
0.00024529334,0
7.9810314e-05,0
0.0033092422,0
4.9073362e-05,0
3.6763227e-05,0
4.5200617e-05,0
5.8632297e-05,0
0.00019038602,0
3.0910727e-05,0
1.9890953e-05,0
0.00013393232,0
2.5638128e-05,0
0.00018107875,0
2.0151836e-05,0
3.1451418e-05,0
0.00032155556,0
1.9226369e-05,0
0.00018314847,0
0.00016962265,0
9.94085e-05,0
1.94081e-05,0
0.0021516925,0
2.0640207e-05,0
2.8808816e-05,0
6.344185e-05,0
5.5649685e-05,0
5.3034437e-05,0
1.8963316e-05,0
1.7876444e-05,0
0.0025884106,0
9.9245655e-05,0
0.00038363764,0
2.7094507e-05,0
2.8738628e-05,0
7.127659e-05,0
1.9312465e-05,0
9.3703835e-05,0
2.0686397e-05,0
0.00025301919,0
1.4387954e-05,0
7.456812e-05,0
0.006536928,0
2.8932445e-05,0
3.7441638e-05,0
2.0380452e-05,0
1.2704877e-05,0
2.3284914e-05,0
0.0002662165,0
1.9112727e-05,0
0.00019863494,0
0.00039578395,0
4.975593e-05,0
7.8119934e-05,0
1.9357447e-05,0
1.1207805e-05,0
4.857427e-05,0
8.880874e-05,0
1.0651096e-05,0
4.6394918e-05,0
8.573345e-05,0
1.9587256e-05,0
9.195795e-05,0
9.24389e-05,0
4.194465e-05,0
0.00010418309,0
1.7282737e-05,0
2.0208428e-05,0
0.00047385998,0
2.7044343e-05,0
0.0011091785,0
2.1118407e-05,0
3.206901e-05,0
5.567607e-05,0
0.00017033354,0
2.6109372e-05,0
3.5082896e-05,0
1.922561e-05,0
5.8407437e-05,0
2.934822e-05,0
1.4863928e-05,0
9.916036e-05,0
2.8716724e-05,0
4.5547557e-05,0
0.00017556532,0
1.4402684e-05,0
4.6629048e-05,0
5.1700594e-05,0
0.0015903702,0
0.00017696536,0
6.30303e-05,0
6.014798e-05,0
5.4277076e-05,0
0.0044777174,0
7.570268e-05,0
0.00029313006,0
0.00021399418,0
9.501819e-05,0
0.00056813133,0
1.9589264e-05,0
5.3984804e-05,0
3.9514915e-05,0
2.7464885e-05,0
0.0005583033,0
0.005118308,0
6.184503e-05,0
2.8560573e-05,0
1.45971535e-05,0
0.014347853,0
2.2908796e-05,0
4.6666548e-05,0
0.00012432456,0
9.5779345e-05,0
5.684946e-05,0
2.0539817e-05,0
4.8690537e-05,0
0.0008533524,0
0.002461846,0
0.0005785896,0
7.2110735e-05,0
8.989426e-05,0
2.2862609e-05,0
0.00014387035,0
8.5534746e-05,0
0.0006175302,0
1.934955e-05,0
5.4485587e-05,0
0.00010283136,0
1.4358853e-05,0
0.0001675698,0
6.272119e-05,0
4.828647e-05,0
2.4938341e-05,0
2.6838412e-05,0
5.1338946e-05,0
6.002914e-05,0
0.0012693311,0
0.00073793525,0
4.5782082e-05,0
2.1924132e-05,0
2.6051115e-05,0
5.50873e-05,0
0.0008349736,0
0.0005899079,0
2.5471243e-05,0
2.2621307e-05,0
0.00015240203,0
0.0006687584,0
5.395547e-05,0
1.9338715e-05,0
3.2351254e-05,0
0.00013352872,0
2.007751e-05,0
2.025219e-05,0
1.9480523e-05,0
2.181794e-05,0
2.306454e-05,0
0.0005010933,0
5.1479477e-05,0
8.686716e-05,0
2.2483224e-05,0
0.00020227981,0
1.2881195e-05,0
0.000117719006,0
0.0018123756,0
1.8331288e-05,0
1.0511772e-05,0
3.8439328e-05,0
0.00011399109,0
4.7031946e-05,0
0.012631985,0
4.6740257e-05,0
1.3522211e-05,0
5.8079433e-05,0
2.318559e-05,0
3.7151673e-05,0
0.0017498563,0
2.2964086e-05,0
5.3594245e-05,0
1.691348e-05,0
2.8382408e-05,0
0.00019458002,0
1.9595489e-05,0
0.00010531089,0
9.652608e-05,0
3.1348078e-05,0
1.931465e-05,0
2.2986374e-05,0
0.00076227344,0
5.3446165e-05,0
2.6457556e-05,0
2.5612466e-05,0
9.652587e-05,0
1.36349945e-05,0
4.8904283e-05,0
2.164009e-05,0
6.732018e-05,0
2.084181e-05,0
1.8684936e-05,0
1.6785028e-05,0
2.0699916e-05,0
0.0003785181,0
1.7506687e-05,0
3.572454e-05,0
0.00032188336,0
1.6654642e-05,0
6.0121823e-05,0
0.00030806786,0
2.6252063e-05,0
0.00037618616,0
3.0749514e-05,0
6.363645e-05,0
9.449394e-05,0
1.9208213e-05,0
2.8486998e-05,0
0.00014830023,0
0.00024460658,0
0.001400933,0
2.8536202e-05,0
1.9912572e-05,0
2.6321017e-05,0
0.00027638618,0
1.5443127e-05,0
2.3558698e-05,0
2.0283565e-05,0
1.8143859e-05,0
0.00013191102,0
0.00039488947,0
2.547962e-05,0
4.484097e-05,0
0.01022813,0
1.9991758e-05,0
9.311711e-05,0
2.4485236e-05,0
2.0985068e-05,0
4.301542e-05,0
3.279415e-05,0
2.36571e-05,0
2.070429e-05,0
2.2315677e-05,0
6.072423e-05,0
3.178813e-05,0
6.827677e-05,0
2.1456412e-05,0
2.783122e-05,0
0.0009990798,0
0.00012188425,0
7.520168e-05,0
4.481962e-05,0
0.00015964828,0
1.9393092e-05,0
0.0002975736,0
0.0007362805,0
0.0067102187,0
7.540545e-05,0
0.00021514745,0
2.6053562e-05,0
0.00016107487,0
9.965807e-05,0
0.00019240324,0
1.2302762e-05,0
0.00011787889,0
0.00020616071,0
0.00014372857,0
2.2889642e-05,0
9.554293e-05,0
3.3682514e-05,0
2.2468135e-05,0
1.37050765e-05,0
1.8524906e-05,0
0.00013869315,0
0.00034349636,0
2.6429154e-05,0
0.0002860107,0
1.7229373e-05,0
1.920818e-05,0
2.7155607e-05,0
3.6411104e-05,0
0.0036121039,0
2.113387e-05,0
3.165544e-05,0
6.0690054e-05,0
2.1123793e-05,0
0.00036413557,0
1.7026927e-05,0
0.0005066995,0
0.00024307217,0
3.702323e-05,0
1.2066787e-05,0
0.00014086129,0
2.0537593e-05,0
5.9055394e-05,0
1.9567755e-05,0
1.9242036e-05,0
2.145448e-05,0
4.5148896e-05,0
0.00019963094,0
6.689974e-05,0
0.00025369547,0
2.36704e-05,0
1.98931e-05,0
1.8952454e-05,0
0.0002984382,0
6.886035e-05,0
3.2460863e-05,0
7.294274e-05,0
0.001546594,0
6.406835e-05,0
2.4379426e-05,0
1.9346004e-05,0
0.00036333894,0
0.00019545427,0
4.8813694e-05,0
5.2898144e-05,0
1.9216024e-05,0
0.00019109425,0
3.6609556e-05,0
9.53027e-05,0
9.91916e-05,0
0.0020751369,0
2.527422e-05,0
2.0334382e-05,0
0.00013724988,0
7.660881e-05,0
5.0016664e-05,0
1.991453e-05,0
2.8564285e-05,0
2.7702496e-05,0
3.7506274e-05,0
2.224143e-05,0
3.2897224e-05,0
3.4300356e-05,0
0.00016503561,0
0.00032167116,0
2.0339668e-05,0
2.5595744e-05,0
2.0923842e-05,0
2.6670361e-05,0
0.005946514,0
3.1601357e-05,0
5.758295e-05,0
1.3977032e-05,0
1.0588888e-05,0
5.03231e-05,0
0.0003463143,0
3.0481136e-05,0
0.00052341074,0
3.880453e-05,0
1.9569137e-05,0
4.6643156e-05,0
0.013276594,0
0.00010013025,0
9.837836e-05,0
5.813451e-05,0
0.00016840344,0
0.00012459306,0
0.00057353324,0
0.0042114533,0
4.1375057e-05,0
0.0011292122,0
1.828133e-05,0
9.7838034e-05,0
1.5110536e-05,0
3.8418963e-05,0
3.596466e-05,0
0.00033582482,0
0.012545417,0
2.0242778e-05,0
5.3639033e-05,0
0.0004003413,0
1.12886655e-05,0
0.0001438072,0
4.8136182e-05,0
0.0007939975,0
4.692973e-05,0
2.0625288e-05,0
9.988963e-05,0
5.2926032e-05,0
1.5556763e-05,0
0.00010309982,0
2.270507e-05,0
0.0051478357,0
1.3057649e-05,0
0.00024529223,0
4.8901096e-05,0
9.794852e-05,0
7.235267e-05,0
3.605454e-05,0
4.4445744e-05,0
1.616745e-05,0
5.6457742e-05,0
2.3357614e-05,0
2.0090025e-05,0
0.00076479954,0
1.5559312e-05,0
0.0013091787,0
6.537883e-05,0
9.849405e-05,0
0.00013809846,0
8.10138e-05,0
0.0010319025,0
6.231529e-05,0
1.0077986e-05,0
4.45912e-05,0
0.012461607,0
3.179568e-05,0
0.0046466114,0
9.5537165e-05,0
4.728614e-05,0
0.00016935598,0
2.5930434e-05,0
0.006838537,0
4.7126123e-05,0
2.2967026e-05,0
4.280978e-05,0
4.509998e-05,0
2.3603134e-05,0
4.9384304e-05,0
2.0833828e-05,0
8.6952736e-05,0
1.9431453e-05,0
0.00013079429,0
4.3388645e-05,0
2.4465284e-05,0
5.512182e-05,0
2.0868949e-05,0
3.7419188e-05,0
4.8557973e-05,0
0.00030871824,0
3.257556e-05,0
0.00052598375,0
9.135661e-05,0
0.00047015306,0
6.2185056e-05,0
8.755e-05,0
0.00010627542,0
4.1618772e-05,0
0.0002436096,0
3.8529524e-05,0
3.3054494e-05,0
8.784172e-05,0
2.2656184e-05,0
7.605754e-05,0
2.0145468e-05,0
0.0004259353,0
3.401187e-05,0
0.0003231481,0
2.6332593e-05,0
2.306778e-05,0
2.040688e-05,0
2.0546906e-05,0
0.00014928369,0
0.0011965809,0
2.992041e-05,0
2.4962012e-05,0
1.0537546e-05,0
6.0991075e-05,0
9.681831e-05,0
0.00034403245,0
4.717824e-05,0
2.0050018e-05,0
0.00031023438,0
2.710754e-05,0
4.275764e-05,0
9.783796e-05,0
2.7474965e-05,0
4.847682e-05,0
1.7330884e-05,0
2.957254e-05,0
0.025983699,0
3.978482e-05,0
1.7643828e-05,0
0.012658405,0
1.9232632e-05,0
2.0546458e-05,0
1.672576e-05,0
2.4423098e-05,0
1.2912785e-05,0
2.408602e-05,0
0.0006929035,0
4.064647e-05,0
9.7724675e-05,0
4.1819938e-05,0
0.000197941,0
1.7010621e-05,0
7.723173e-05,0
1.6275078e-05,0
2.4271605e-05,0
0.00014375254,0
2.3105373e-05,0
1.0666402e-05,0
2.1396449e-05,0
3.887719e-05,0
4.2767788e-05,0
3.0734765e-05,0
4.8169535e-05,0
2.7881004e-05,0
0.0038293975,0
0.00047226952,0
1.3059665e-05,0
6.680233e-05,0
0.00072664296,0
2.2496924e-05,0
5.5456752e-05,0
2.039492e-05,0
2.2210414e-05,0
2.7076534e-05,0
4.7078523e-05,0
5.018747e-05,0
0.00026432925,0
2.3089886e-05,0
6.554156e-05,0
1.9239456e-05,0
2.0823942e-05,0
2.7076274e-05,0
4.6403442e-05,0
0.012191744,0
2.2709119e-05,0
5.9915572e-05,0
3.3068605e-05,0
0.00012510402,0
3.9056627e-05,0
5.3668504e-05,0
0.0023908864,0
2.0289475e-05,0
2.6537675e-05,0
6.719375e-05,0
2.1826727e-05,0
4.1495678e-05,0
3.5337078e-05,0
0.0004422098,0
7.725328e-05,0
0.0012203223,0
1.4911605e-05,0
0.0001127996,0
9.724527e-05,0
0.0002480694,0
2.0647218e-05,0
2.4053166e-05,0
4.7848265e-05,0
4.8178365e-05,0
6.541101e-05,0
2.581408e-05,0
0.00014166959,0
3.3926477e-05,0
5.8235717e-05,0
1.749658e-05,0
1.9111461e-05,0
2.0288762e-05,0
0.0011652648,0
0.00035394516,0
0.0012010009,0
6.198221e-05,0
2.4350784e-05,0
1.1690937e-05,0
9.7507414e-05,0
2.6635895e-05,0
9.8573146e-05,0
3.5300673e-05,0
4.6389883e-05,0
0.000100291894,0
0.00018245193,0
4.8834027e-05,0
1.4359688e-05,0
5.305007e-05,0
1.2254369e-05,0
5.1144758e-05,0
9.578073e-05,0
0.00024525385,0
0.00037345834,0
4.214209e-05,0
2.5166992e-05,0
8.865723e-05,0
0.00016754045,0
0.00010517254,0
0.0010686989,0
1.9279007e-05,0
0.0004431733,0
0.0007055996,0
0.000114558534,0
0.00019102196,0
2.1496986e-05,0
1.5050558e-05,0
6.418563e-05,0
3.0166388e-05,0
2.2267717e-05,0
0.0007523205,0
2.673939e-05,0
7.0949965e-05,0
0.0001251264,0
1.1621895e-05,0
2.7000777e-05,0
7.315615e-05,0
3.2604366e-05,0
1.1032485e-05,0
3.3825072e-05,0
9.9658544e-05,0
0.0003453546,0
0.00017826098,0
4.6494002e-05,0
2.0554979e-05,0
3.130558e-05,0
3.6642712e-05,0
4.585435e-05,0
3.254013e-05,0
2.8591654e-05,0
2.146914e-05,0
3.842021e-05,0
6.0619994e-05,0
0.0007495232,0
2.1933929e-05,0
5.119946e-05,0
2.7142087e-05,0
5.8024856e-05,0
4.8814574e-05,0
1.0904397e-05,0
9.761427e-05,0
0.0004125314,0
0.0004620911,0
0.0016130991,0
0.00010888629,0
5.843975e-05,0
1.3038e-05,0
5.934267e-05,0
0.0005211318,0
1.2927696e-05,0
0.00019172023,0
0.00060147885,0
1.9364703e-05,0
1.794986e-05,0
0.00044705544,0
0.003894571,0
2.2664966e-05,0
1.9883053e-05,0
9.4239236e-05,0
1.9221912e-05,0
1.7413802e-05,0
0.0003084157,0
2.2247552e-05,0
5.0555776e-05,0
1.1295995e-05,0
3.0117018e-05,0
1.4119649e-05,0
5.2165113e-05,0
9.592984e-05,0
2.6606625e-05,0
5.2079424e-05,0
5.499072e-05,0
0.005995491,0
6.00773e-05,0
9.938084e-05,0
2.1923219e-05,0
5.6916328e-05,0
0.009724367,0
5.5682387e-05,0
4.841769e-05,0
0.0010233072,0
6.5590146e-05,0
0.00042260767,0
2.4899227e-05,0
1.5138598e-05,0
3.5118966e-05,0
0.0006797622,0
7.2529656e-05,0
1.3999431e-05,0
2.2356106e-05,0
0.00014202522,0
0.0013086186,0
0.00013164942,0
4.6386845e-05,0
1.4546079e-05,0
4.7535148e-05,0
0.007740597,0
8.9195884e-05,0
0.0016284719,0
3.3210345e-05,0
2.8935714e-05,0
9.6528165e-05,0
0.00660893,0
3.684629e-05,0
3.9048307e-05,0
1.5132554e-05,0
1.5519821e-05,0
1.8711726e-05,0
0.00014065063,0
0.0005272548,0
5.984826e-05,0
2.4285458e-05,0
5.5245397e-05,0
2.0059735e-05,0
7.991154e-05,0
1.7472561e-05,0
0.00018176352,0
3.4425157e-05,0
2.6548323e-05,0
4.0625302e-05,0
2.0526235e-05,0
2.3611941e-05,0
0.0010283587,0
4.391347e-05,0
5.9282647e-05,0
2.4743278e-05,0
0.00018319752,0
2.753819e-05,0
3.596828e-05,0
0.00012969211,0
2.0826774e-05,0
1.202579e-05,0
0.00024931473,0
2.0463536e-05,0
0.000119279335,0
3.472926e-05,0
2.920792e-05,0
8.637223e-05,0
3.104088e-05,0
0.00020119395,0
1.9481253e-05,0
2.6778664e-05,0
0.0023836754,0
1.1845328e-05,0
4.1247735e-05,0
8.549312e-05,0
2.569893e-05,0
2.6059237e-05,0
0.00036477277,0
1.5593316e-05,0
2.4536714e-05,0
4.1844003e-05,0
2.4075394e-05,0
3.2428463e-05,0
2.1246015e-05,0
0.0071752374,0
5.056667e-05,0
1.9274139e-05,0
2.6850568e-05,0
0.005710843,0
1.1266301e-05,0
7.444381e-05,0
1.9751677e-05,0
2.7586459e-05,0
6.792793e-05,0
4.9209662e-05,0
6.52181e-05,0
0.00022793839,0
0.000117257056,0
2.0341071e-05,0
2.1114367e-05,0
9.872447e-05,0
0.00014294054,0
1.709191e-05,0
0.00043792665,0
3.452154e-05,0
2.1563095e-05,0
3.748062e-05,0
2.8898972e-05,0
0.0010549515,0
5.002235e-05,0
2.0289574e-05,0
2.579607e-05,0
2.5604564e-05,0
2.6822474e-05,0
0.0001660219,0
0.0004501767,0
0.00011283265,0
1.9623387e-05,0
5.3112304e-05,0
6.57152e-05,0
1.36928265e-05,0
0.00012534563,0
0.00025652704,0
0.00024525222,0
2.646901e-05,0
1.6628606e-05,0
3.267565e-05,0
0.00011808509,0
4.8455233e-05,0
0.00015502899,0
1.9364978e-05,0
5.157239e-05,0
0.000176895,0
1.9582205e-05,0
0.000145092,0
1.0961092e-05,0
9.543403e-05,0
3.9974784e-05,0
4.2381944e-05,0
0.0020577793,0
2.7101689e-05,0
0.0016301698,0
2.1822852e-05,0
3.579383e-05,0
2.1341413e-05,0
9.725862e-05,0
1.877777e-05,0
5.059054e-05,0
2.264694e-05,0
7.780336e-05,0
2.3606342e-05,0
0.0003040345,0
0.00018499141,0
0.0007750751,0
2.1138594e-05,0
0.0009531281,0
2.7541755e-05,0
2.2268858e-05,0
0.00014032795,0
8.243545e-05,0
1.9741894e-05,0
1.4643451e-05,0
1.5856336e-05,0
1.4190743e-05,0
1.6926715e-05,0
1.9209687e-05,0
2.5740093e-05,0
0.000164213,0
2.6748716e-05,0
5.77335e-05,0
1.7788678e-05,0
8.3480336e-05,0
5.9802496e-05,0
2.1210199e-05,0
0.00047750305,0
3.0251507e-05,0
1.4280887e-05,0
1.9963389e-05,0
2.6636377e-05,0
1.2525035e-05,0
5.39876e-05,0
6.1165876e-05,0
1.9307307e-05,0
3.771936e-05,0
5.5689165e-05,0
0.00053968345,0
2.5174759e-05,0
4.8639482e-05,0
0.00019541141,0
5.225675e-05,0
0.0041031465,0
5.289873e-05,0
3.7059355e-05,0
2.6394226e-05,0
1.2524723e-05,0
8.2004924e-05,0
4.371112e-05,0
0.00010170127,0
0.0001738041,0
0.00015796478,0
5.529247e-05,0
2.4819401e-05,0
1.9958112e-05,0
2.0296759e-05,0
0.0008455911,0
4.13864e-05,0
2.8615723e-05,0
2.5424006e-05,0
0.0010319544,0
1.0236498e-05,0
0.010997248,0
2.0595093e-05,0
2.0293173e-05,0
1.9480394e-05,0
0.00019156004,0
8.332364e-05,0
2.0123152e-05,0
2.7146561e-05,0
0.00015438929,0
2.7798056e-05,0
2.6684384e-05,0
0.00020724097,0
9.99473e-05,0
7.233506e-05,0
5.9741174e-05,0
6.692333e-05,0
2.0811503e-05,0
0.0015653329,0
4.7079015e-05,0
4.470721e-05,0
0.0030004384,0
1.17701775e-05,0
4.5442423e-05,0
2.1824262e-05,0
2.5967907e-05,0
2.6713395e-05,0
2.5031026e-05,0
3.0989097e-05,0
8.964378e-05,0
3.854589e-05,0
1.2319618e-05,0
1.5623324e-05,0
6.662925e-05,0
5.46413e-05,0
9.591961e-05,0
2.1232638e-05,0
5.274194e-05,0
4.798972e-05,0
0.0064343787,0
0.008577661,0
0.00011975213,0
2.7706112e-05,0
1.4109124e-05,0
2.4873147e-05,0
0.00011305922,0
1.9710498e-05,0
0.00074799743,0
0.00080543023,0
9.3842435e-05,0
4.9861497e-05,0
3.0326839e-05,0
5.9650985e-05,0
0.00042720835,0
3.789317e-05,0
0.0007349526,0
9.326334e-05,0
4.795875e-05,0
0.00018645164,0
1.2091971e-05,0
1.4828696e-05,0
9.583061e-05,0
1.6460204e-05,0
0.0065144044,0
0.00011920242,0
1.9443702e-05,0
2.6405898e-05,0
0.010935786,0
0.00047264708,0
2.0552854e-05,0
2.1535017e-05,0
4.4955334e-05,0
5.433955e-05,0
3.4801767e-05,0
7.3105504e-05,0
2.7844811e-05,0
0.0011000402,0
3.1303527e-05,0
3.6769612e-05,0
2.322714e-05,0
0.0098568695,0
1.987476e-05,0
3.18976e-05,0
0.00014011233,0
3.356717e-05,0
4.501656e-05,0
2.1469004e-05,0
3.4807177e-05,0
0.00039913956,0
2.1089647e-05,0
0.0010319293,0
0.01164103,0
2.8566777e-05,0
5.5768873e-05,0
0.00013796671,0
7.837209e-05,0
5.834587e-05,0
7.2175564e-05,0
2.1141948e-05,0
0.0027101487,0
0.0016494755,0
0.00010437093,0
2.6582284e-05,0
1.9272784e-05,0
2.0149428e-05,0
2.470921e-05,0
5.3000324e-05,0
1.813673e-05,0
1.9128938e-05,0
0.0004100633,0
3.2024363e-05,0
2.5792691e-05,0
8.2395185e-05,0
4.6455072e-05,0
6.853021e-05,0
0.001053165,0
0.0011988116,0
0.0026977381,0
4.9155715e-05,0
1.9182653e-05,0
4.7175196e-05,0
0.0017806117,0
2.6254578e-05,0
0.0031409042,0
0.000118218966,0
1.7423525e-05,0
0.001249191,0
9.815437e-05,0
2.6661208e-05,0
2.4899691e-05,0
5.623796e-05,0
6.182902e-05,0
4.5883095e-05,0
3.0879215e-05,0
0.000103578976,0
2.6097901e-05,0
1.9296636e-05,0
1.5190851e-05,0
0.0011734365,0
0.0058101425,0
0.00011214649,0
2.7870925e-05,0
8.589512e-05,0
0.0012748477,0
2.0326592e-05,0
0.0014686431,0
1.2787321e-05,0
0.0001346979,0
9.829226e-05,0
4.1286865e-05,0
2.0540709e-05,0
2.6747912e-05,0
0.00020510725,0
2.145229e-05,0
1.1762958e-05,0
9.831723e-05,0
5.7008947e-05,0
0.0001708873,0
0.0044758474,0
0.00031539527,0
5.6441666e-05,0
5.1360632e-05,0
6.40541e-05,0
0.005461035,0
0.010563853,0
0.00021277617,0
0.00024113392,0
1.107211e-05,0
5.9575133e-05,0
0.008242504,0
2.2356026e-05,0
2.2564362e-05,0
0.00058925326,0
2.0915639e-05,0
1.786735e-05,0
0.002062008,0
1.4562776e-05,0
2.4994035e-05,0
0.00010580988,0
0.00014364322,0
0.018353146,0
0.00017104045,0
1.9034283e-05,0
2.0556678e-05,0
3.887118e-05,0
0.00023681615,0
0.00045066493,0
1.5568416e-05,0
0.0006103777,0
4.0090043e-05,0
5.2634456e-05,0
0.0062806383,0
4.8839513e-05,0
2.3205248e-05,0
7.723524e-05,0
3.3589677e-05,0
0.00011608837,0
4.882236e-05,0
4.8544298e-05,0
2.7135695e-05,0
2.4224431e-05,0
5.0934184e-05,0
1.2383648e-05,0
2.0709045e-05,0
8.5116335e-05,0
0.0016562308,0
4.4397046e-05,0
2.9160345e-05,0
0.00043779225,0
4.9125898e-05,0
3.5494173e-05,0
1.7116048e-05,0
2.3181823e-05,0
0.004884668,0
2.1114794e-05,0
5.048499e-05,0
3.870617e-05,0
0.00026417422,0
0.00018567087,0
0.00043166036,0
0.00058905233,0
0.00012498478,0
9.507863e-05,0
3.0768508e-05,0
2.7224536e-05,0
8.842482e-05,0
2.855549e-05,0
4.5428522e-05,0
0.00061472214,0
0.009752745,0
5.3617383e-05,0
8.3511964e-05,0
0.00047505565,0
7.707951e-05,0
7.6717784e-05,0
7.9288366e-05,0
1.50430415e-05,0
9.8573255e-05,0
1.9386443e-05,0
5.9469505e-05,0
0.00053734,0
3.1974752e-05,0
3.132175e-05,0
9.694115e-05,0
5.0600687e-05,0
1.9881396e-05,0
8.984648e-05,0
0.00040765546,0
0.00018801112,0
2.2905211e-05,0
0.00018657983,0
3.191509e-05,0
2.7042905e-05,0
0.00010210804,0
0.01073109,0
0.0005943511,0
2.7664837e-05,0
0.00021465571,0
0.0004378747,0
8.2134284e-05,0
2.9757715e-05,0
2.644858e-05,0
3.3060664e-05,0
0.00012303433,0
1.4371819e-05,0
2.0813817e-05,0
1.9763149e-05,0
4.079047e-05,0
2.1519072e-05,0
1.2865016e-05,0
4.1011594e-05,0
1.3651584e-05,0
0.00043753927,0
0.0007350079,0
0.00024917242,0
0.00019081381,0
9.646813e-05,0
1.40064885e-05,0
1.1935485e-05,0
0.003555837,0
2.390192e-05,0
4.3849206e-05,0
6.0777333e-05,0
2.805056e-05,0
0.0013044636,0
1.1578729e-05,0
0.000178165,0
1.6383005e-05,0
2.3714616e-05,0
5.740949e-05,0
5.2400035e-05,0
0.00020614603,0
3.0214684e-05,0
2.1558553e-05,0
0.00017746775,0
0.013896767,0
0.00020904686,0
0.0001416235,0
5.242319e-05,0
1.470255e-05,0
0.0004223737,0
4.803428e-05,0
0.00014337139,0
0.0032104717,0
1.9732608e-05,0
2.1467878e-05,0
1.6256778e-05,0
4.4207016e-05,0
4.347663e-05,0
4.115381e-05,0
7.1055976e-05,0
2.4547266e-05,0
0.00036321091,0
2.8380015e-05,0
2.195789e-05,0
3.6188914e-05,0
2.1462194e-05,0
8.92933e-05,0
0.00014937474,0
2.1327216e-05,0
2.7710348e-05,0
5.414243e-05,0
0.0005656964,0
1.2362349e-05,0
9.364832e-05,0
1.5339043e-05,0
2.2469683e-05,0
2.060257e-05,0
6.4810105e-05,0
0.0007155135,0
0.000114018265,0
0.004486183,0
0.00039826974,0
2.6915899e-05,0
2.187606e-05,0
1.3246086e-05,0
2.0523694e-05,0
0.00014513441,0
2.699652e-05,0
3.1530453e-05,0
2.661878e-05,0
2.0491152e-05,0
0.00028048802,0
3.3954686e-05,0
0.0004380787,0
1.7130398e-05,0
6.0714217e-05,0
0.00012303486,0
0.007287322,0
4.4447366e-05,0
1.0728046e-05,0
0.0022060233,0
9.951809e-05,0
7.499006e-05,0
0.0001431808,0
0.00011488539,0
6.74375e-05,0
0.0057869577,0
0.00011688763,0
8.876041e-05,0
0.00022981418,0
2.1826509e-05,0
5.252463e-05,0
1.5257223e-05,0
0.00043756582,0
1.7139324e-05,0
2.1133339e-05,0
8.866268e-05,0
8.741592e-05,0
3.9217004e-05,0
3.15088e-05,0
2.007941e-05,0
0.007098772,0
9.210116e-05,0
1.8219414e-05,0
0.00017570546,0
4.6836452e-05,0
2.1637132e-05,0
4.7999445e-05,0
3.184964e-05,0
9.304461e-05,0
4.8448586e-05,0
4.8043577e-05,0
0.000104032726,0
1.9312067e-05,0
3.3947843e-05,0
1.927379e-05,0
1.8145158e-05,0
9.631793e-05,0
2.154057e-05,0
0.00010168726,0
0.001049099,0
2.708339e-05,0
5.9506598e-05,0
2.918889e-05,0
9.556576e-05,0
2.2099612e-05,0
0.0009851233,0
0.0002865823,0
0.031156966,0
7.93789e-05,0
2.0074462e-05,0
0.00016232698,0
2.0538697e-05,0
1.5617075e-05,0
9.5450356e-05,0
2.2799444e-05,0
0.000100009485,0
2.2839593e-05,0
2.5542931e-05,0
3.9888328e-05,0
2.0201402e-05,0
1.648273e-05,0
7.490787e-05,0
0.0005321463,0
5.1684816e-05,0
1.7738805e-05,0
4.0387116e-05,0
1.9727262e-05,0
2.4056057e-05,0
1.7598244e-05,0
2.2757398e-05,0
0.00054552825,0
1.5649617e-05,0
1.6611062e-05,0
2.8439637e-05,0
2.8836517e-05,0
6.269497e-05,0
1.9211371e-05,0
4.927091e-05,0
4.6890204e-05,0
0.0045217066,0
0.00012784002,0
0.00010545744,0
2.662429e-05,0
6.0003098e-05,0
0.00043392993,0
0.0002471859,0
5.595891e-05,0
2.1093254e-05,0
2.07332e-05,0
1.1421904e-05,0
6.2606974e-05,0
2.2258211e-05,0
2.7874023e-05,0
5.0715902e-05,0
2.2909348e-05,0
0.00018433476,0
2.9297815e-05,0
6.865642e-05,0
4.9638373e-05,0
3.224933e-05,0
0.00068284455,0
2.398232e-05,0
2.8070568e-05,0
3.6599144e-05,0
2.3163651e-05,0
1.802605e-05,0
2.8998391e-05,0
5.0280018e-05,0
1.6799104e-05,0
0.00050711475,0
2.583018e-05,0
1.932013e-05,0
9.9380915e-05,0
0.00020306211,0
4.3910928e-05,0
0.0020032688,0
2.0456764e-05,0
1.46760685e-05,0
0.0004203635,0
1.4393025e-05,0
0.00010338426,0
1.7043565e-05,0
5.897497e-05,0
3.0397776e-05,0
4.819461e-05,0
3.5748344e-05,0
0.00018924219,0
0.00015666934,0
2.810105e-05,0
0.00017013703,0
3.275619e-05,0
6.335302e-05,0
0.0021934889,0
4.9621933e-05,0
2.8525685e-05,0
1.5276579e-05,0
6.0620852e-05,0
7.9524114e-05,0
5.0214156e-05,0
0.00017294427,0
0.0001966234,0
3.1049283e-05,0
0.00014916889,0
9.963343e-05,0
2.594949e-05,0
0.00543484,0
1.9598196e-05,0
0.00044917324,0
0.0008397757,0
0.00053848105,0
0.00013967228,0
0.0004354431,0
0.00029812788,0
4.158529e-05,0
0.00012966928,0
8.6097134e-05,0
1.1279013e-05,0
6.4148306e-05,0
0.00025605253,0
6.63243e-05,0
0.0017966545,0
4.3888882e-05,0
0.00021376584,0
0.0006964668,0
2.2962236e-05,0
0.0013884286,0
0.00021439593,0
2.2413713e-05,0
1.6636659e-05,0
3.4772995e-05,0
0.00097502023,0
2.0898067e-05,0
7.928803e-05,0
0.00016936888,0
2.0355968e-05,0
0.00012067488,0
5.2981573e-05,0
2.6006996e-05,0
2.2665334e-05,0
2.7259699e-05,0
3.530178e-05,0
0.00012647356,0
1.9226565e-05,0
1.9241455e-05,0
2.384372e-05,0
5.835409e-05,0
0.003610809,0
6.36874e-05,0
4.9939317e-05,0
9.774487e-06,0
1.3843546e-05,0
1.9709747e-05,0
3.216884e-05,0
0.0002035564,0
4.214225e-05,0
0.0005260509,0
1.3742105e-05,0
1.8653998e-05,0
0.00010054867,0
0.00052613294,0
2.3865226e-05,0
0.00030278016,0
3.4067587e-05,0
6.35915e-05,0
2.7807102e-05,0
2.0638858e-05,0
6.306213e-05,0
5.8070484e-05,0
2.7518961e-05,0
6.273088e-05,0
9.708237e-05,0
1.9715628e-05,0
1.9243134e-05,0
4.8560836e-05,0
0.0009797477,0
0.020051243,0
4.4382366e-05,0
6.468756e-05,0
1.2660988e-05,0
2.0323043e-05,0
0.00019434546,0
0.010493541,0
0.006489338,0
2.2339507e-05,0
2.5891732e-05,0
0.0009332076,0
4.0448416e-05,0
2.586743e-05,0
0.0030881178,0
0.00024223539,0
3.172766e-05,0
8.2627426e-05,0
9.341657e-06,0
5.35843e-05,0
5.430656e-05,0
1.990493e-05,0
0.0062722415,0
6.3572304e-05,0
0.00045250836,0
2.6122685e-05,0
1.6633052e-05,0
0.0026999256,0
5.2593776e-05,0
2.7099419e-05,0
2.0304464e-05,0
2.4007775e-05,0
0.000113154194,0
0.00012421412,0
1.953115e-05,0
2.5875492e-05,0
7.19614e-05,0
0.002757832,0
2.441753e-05,0
9.499026e-05,0
2.249946e-05,0
2.4732672e-05,0
4.3555294e-05,0
4.938408e-05,0
4.8601763e-05,0
1.4049218e-05,0
4.7064223e-05,0
1.9595278e-05,0
1.19648585e-05,0
5.023748e-05,0
3.8337752e-05,0
0.0001047472,0
2.146245e-05,0
2.2010081e-05,0
1.5890642e-05,0
2.6571897e-05,0
0.00013577347,0
6.9736205e-05,0
3.036873e-05,0
4.782674e-05,0
9.527635e-05,0
1.0059947e-05,0
4.9504884e-05,0
0.00017250648,0
1.21928715e-05,0
0.00015055717,0
1.4651178e-05,0
0.00010142288,0
0.0004243381,0
0.00064158405,0
2.695872e-05,0
0.00013688768,0
0.00015404978,0
0.00015286695,0
3.4828514e-05,0
8.222396e-05,0
6.8569956e-05,0
1.9264766e-05,0
0.013080995,0
2.6316131e-05,0
0.00068821624,0
0.00017145545,0
2.0493435e-05,0
1.4437819e-05,0
4.7969057e-05,0
1.22767e-05,0
7.487205e-05,0
2.1831062e-05,0
1.5400257e-05,0
1.7163524e-05,0
5.5266733e-05,0
4.3372867e-05,0
1.187435e-05,0
2.6798178e-05,0
5.1799743e-05,0
5.1779327e-05,0
2.5381652e-05,0
8.0580015e-05,0
0.00042427893,0
4.9185775e-05,0
2.9753899e-05,0
2.4988709e-05,0
1.2376738e-05,0
5.1969313e-05,0
0.000784336,0
2.2878241e-05,0
2.6789321e-05,0
5.3865926e-05,0
3.13044e-05,0
3.0796768e-05,0
2.8533574e-05,0
1.7344224e-05,0
1.9572984e-05,0
5.3941996e-05,0
5.2118226e-05,0
2.8114127e-05,0
4.9680875e-05,0
2.2321645e-05,0
9.983473e-05,0
8.897478e-05,0
2.7182969e-05,0
3.827193e-05,0
0.00015693482,0
5.500856e-05,0
2.7728998e-05,0
2.8996468e-05,0
2.4101477e-05,0
1.9841833e-05,0
8.199413e-05,0
1.9884981e-05,0
4.1576663e-05,0
2.3963365e-05,0
4.413212e-05,0
0.0010071687,0
0.001512279,0
0.00053934194,0
0.009693176,0
0.00079501,0
9.826459e-05,0
1.6793396e-05,0
0.00018327152,0
0.00011697415,0
4.7164678e-05,0
0.0027983943,0
0.000148167,0
0.00016009624,0
8.7070075e-05,0
0.00036352422,0
4.6503374e-05,0
5.4106637e-05,0
2.7977943e-05,0
1.719273e-05,0
9.565911e-05,0
5.8676946e-05,0
3.9098148e-05,0
0.00043084283,0
2.5542819e-05,0
0.01160401,0
0.00041728985,0
1.9265804e-05,0
1.334192e-05,0
7.5585456e-05,0
2.7600876e-05,0
2.359283e-05,0
0.00095199206,0
0.0002659241,0
4.0160758e-05,0
1.92098e-05,0
1.9208845e-05,0
0.0006375301,0
4.3195974e-05,0
3.6850997e-05,0
0.0019001177,0
5.2196676e-05,0
0.00857886,0
0.00934375,0
4.359386e-05,0
0.00012389859,0
1.4900765e-05,0
2.0618123e-05,0
2.3332805e-05,0
0.00043374795,0
2.5638388e-05,0
8.312954e-05,0
0.00018776758,0
2.1810065e-05,0
0.0002578861,0
0.012362677,0
2.0862946e-05,0
0.006399006,0
3.149859e-05,0
0.013020721,0
0.00019980075,0
4.103111e-05,0
0.00020871998,0
0.00011369783,0
0.012706266,0
5.781128e-05,0
5.2342e-05,0
0.0029532572,0
0.0006920594,0
0.00079858664,0
3.4729743e-05,0
5.5060264e-05,0
1.7179887e-05,0
3.9106464e-05,0
1.4819321e-05,0
3.206309e-05,0
2.2853406e-05,0
0.00022535687,0
8.4489475e-05,0
7.759084e-05,0
2.10158e-05,0
0.0012650056,0
0.0062441076,0
0.0075874,0
3.1005893e-05,0
0.0006156701,0
2.316217e-05,0
2.3015193e-05,0
2.098542e-05,0
1.941906e-05,0
0.0003553044,0
2.0406545e-05,0
0.000120989556,0
0.0169107,0
1.8553777e-05,0
2.32311e-05,0
0.003349916,0
3.099122e-05,0
2.6828204e-05,0
5.2839172e-05,0
0.0005625442,0
1.5740488e-05,0
3.9670016e-05,0
3.1924243e-05,0
2.8893179e-05,0
2.6986634e-05,0
1.4360175e-05,0
3.179145e-05,0
2.1505459e-05,0
0.0004125087,0
6.929489e-05,0
2.2449216e-05,0
4.8655846e-05,0
7.221957e-05,0
0.00073203095,0
5.552809e-05,0
1.6410402e-05,0
3.7395595e-05,0
0.00031350515,0
3.1590676e-05,0
0.0020195125,0
5.6234323e-05,0
0.000116316915,0
5.4560373e-05,0
2.4762396e-05,0
5.9742808e-05,0
0.0004501845,0
1.0094772e-05,0
6.1362356e-05,0
7.1416405e-05,0
2.1445261e-05,0
0.0013209961,0
0.001629652,0
5.4319764e-05,0
1.9415505e-05,0
6.0554557e-05,0
0.0004337576,0
2.3038874e-05,0
3.6154794e-05,0
0.00013218893,0
0.00017019223,0
6.1429244e-05,0
2.2566754e-05,0
0.00013773513,0
6.272811e-05,0
0.00012876138,0
1.3410425e-05,0
1.7320619e-05,0
0.00041623128,0
0.000100597026,0
6.8437104e-05,0
0.00010953688,0
0.00011725506,0
0.0021152452,0
5.2849926e-05,0
0.0011255746,0
0.013566178,0
7.7503166e-05,0
2.006803e-05,0
0.0017881528,0
3.9724317e-05,0
1.4833633e-05,0
2.0219746e-05,0
1.1220392e-05,0
2.1229374e-05,0
0.0006496851,0
1.8351768e-05,0
0.00013962608,0
1.2015702e-05,0
2.4873965e-05,0
9.787409e-05,0
6.733152e-05,0
8.212089e-05,0
1.5627507e-05,0
4.1814998e-05,0
3.074351e-05,0
2.4116263e-05,0
0.0014461637,0
0.000219399,0
0.0016559514,0
2.8383805e-05,0
1.9226009e-05,0
0.00023949066,0
0.0014435531,0
3.3298395e-05,0
0.00086345884,0
2.108482e-05,0
0.00016914985,0
2.9849492e-05,0
0.0071966974,0
1.9251354e-05,0
6.237116e-05,0
5.9421494e-05,0
0.00018261079,0
0.000105367704,0
0.00036707628,0
2.7763786e-05,0
1.9390069e-05,0
2.1966429e-05,0
2.5982123e-05,0
2.6238426e-05,0
0.00023229401,0
3.4162327e-05,0
5.616556e-05,0
2.0827227e-05,0
2.0127069e-05,0
2.0819984e-05,0
2.4617977e-05,0
1.8847097e-05,0
0.0011546186,0
0.00014367045,0
0.020063223,0
0.00012173074,0
4.846706e-05,0
0.00010834823,0
6.2150364e-05,0
1.4428702e-05,0
3.8122464e-05,0
0.00026083586,0
2.6134428e-05,0
9.423957e-05,0
0.000116532814,0
2.8239783e-05,0
2.52468e-05,0
0.000101497106,0
0.0013805964,0
4.913449e-05,0
0.00014119028,0
0.00059152895,0
2.7379181e-05,0
0.0001181703,0
2.0216863e-05,0
0.005569097,0
1.38348e-05,0
3.5415906e-05,0
0.00010264455,0
4.3690947e-05,0
0.00034282755,0
0.00032961872,0
2.8547154e-05,0
0.00031310858,0
2.3642377e-05,0
0.00041036666,0
0.008530315,0
9.189007e-05,0
4.3848588e-05,0
2.776721e-05,0
9.4113224e-05,0
1.9325542e-05,0
9.831716e-05,0
6.6731605e-05,0
0.0001089908,0
8.2266975e-05,0
7.6794466e-05,0
2.5491505e-05,0
1.5886877e-05,0
1.5847092e-05,0
8.648999e-05,0
2.2422142e-05,0
2.3970384e-05,0
0.0010679271,0
2.3519298e-05,0
2.5017594e-05,0
7.019483e-05,0
0.0024663652,0
3.193472e-05,0
0.010824621,0
1.9217474e-05,0
2.1575117e-05,0
0.00011531157,0
2.9318546e-05,0
7.25382e-05,0
2.1599475e-05,0
0.0001601427,0
0.0024768522,0
0.00017538846,0
7.107238e-05,0
0.00043286596,0
3.7820304e-05,0
1.1813893e-05,0
2.9208608e-05,0
5.991874e-05,0
3.134772e-05,0
2.0567728e-05,0
6.960027e-05,0
2.2385224e-05,0
0.00014422285,0
1.732726e-05,0
1.9881429e-05,0
1.9186145e-05,0
2.2381257e-05,0
5.7966387e-05,0
3.0028501e-05,0
5.951142e-05,0
2.4617133e-05,0
1.4648259e-05,0
1.9210396e-05,0
2.5064333e-05,0
0.0001481826,0
5.5375447e-05,0
5.8537433e-05,0
0.0014928608,0
0.0002524726,0
2.2657909e-05,0
0.00017253055,0
7.570529e-05,0
2.6891237e-05,0
0.00022412624,0
0.00010729009,0
0.00027125853,0
1.7392233e-05,0
3.4807446e-05,0
2.1456039e-05,0
6.751151e-05,0
0.010538982,0
0.0005804804,0
5.176436e-05,0
0.0015515054,0
0.004539451,0
0.00789986,0
3.1259e-05,0
0.00011685259,0
0.00041693973,0
3.443765e-05,0
0.0078011225,0
0.00024358911,0
0.00043401486,0
8.985846e-05,0
2.2886818e-05,0
2.4542476e-05,0
0.0011799928,0
9.9799445e-06,0
8.280929e-05,0
2.3425777e-05,0
0.0002067592,0
7.368938e-05,0
4.8299076e-05,0
0.010315168,0
3.9380455e-05,0
1.6792083e-05,0
0.00015639632,0
5.1783907e-05,0
9.911859e-05,0
0.00016450488,0
3.056761e-05,0
0.0064213597,0
3.1405765e-05,0
2.7993301e-05,0
8.646005e-05,0
1.4708468e-05,0
0.0022640903,0
1.9375704e-05,0
1.9169918e-05,0
4.822509e-05,0
2.7796641e-05,0
9.547842e-05,0
2.6324527e-05,0
9.7725104e-05,0
2.0816386e-05,0
0.00043680583,0
0.010989889,0
3.7289705e-05,0
5.3055996e-05,0
1.9204708e-05,0
0.0002684675,0
5.9832462e-05,0
1.928889e-05,0
5.6243865e-05,0
2.3129975e-05,0
5.175157e-05,0
2.1214937e-05,0
2.3139484e-05,0
0.00027556837,0
5.371498e-05,0
2.082622e-05,0
1.0587421e-05,0
2.3023895e-05,0
1.9229603e-05,0
9.963162e-06,0
1.875985e-05,0
2.7870548e-05,0
5.3065098e-05,0
0.00010212967,0
0.000100801044,0
0.00022595705,0
0.0083498815,0
2.065614e-05,0
6.6593144e-05,0
0.0002564092,0
0.000115642775,0
2.144954e-05,0
1.8228424e-05,0
9.83174e-05,0
1.159294e-05,0
2.0367832e-05,0
4.2637283e-05,0
0.00011058062,0
9.948926e-05,0
1.1215392e-05,0
2.357e-05,0
6.46575e-05,0
0.0007349618,0
0.0005453026,0
2.2345732e-05,0
2.6523794e-05,0
3.5728586e-05,0
0.00022899282,0
0.00013505659,0
0.00022051243,0
5.662611e-05,0
0.00044253783,0
6.976607e-05,0
2.6396185e-05,0
2.2261047e-05,0
0.0014156376,0
4.9402548e-05,0
2.2172318e-05,0
2.0062871e-05,0
0.00024525245,0
0.0021489377,0
4.851536e-05,0
9.9454875e-05,0
0.0060844044,0
1.9491816e-05,0
0.010495252,0
3.3558303e-05,0
1.729307e-05,0
3.734456e-05,0
7.620889e-05,0
2.8266475e-05,0
7.8396566e-05,0
0.000119790144,0
6.404284e-05,0
0.00012809693,0
3.2292268e-05,0
3.2284148e-05,0
0.00036957813,0
3.6047753e-05,0
0.026991516,0
0.000346205,0
0.002690944,0
3.7938527e-05,0
2.1815049e-05,0
2.3933007e-05,0
0.00039635922,0
7.591066e-05,0
2.3664601e-05,0
0.00042724638,0
8.925926e-05,0
4.972939e-05,0
6.293633e-05,0
1.9224455e-05,0
0.00021226228,0
0.008126581,0
1.28684105e-05,0
4.0023373e-05,0
2.5646543e-05,0
0.00072458567,0
9.426908e-05,0
4.93363e-05,0
0.0075885863,0
1.1821545e-05,0
4.892602e-05,0
0.00010536535,0
5.034198e-05,0
0.00034104628,0
1.7771225e-05,0
2.0549895e-05,0
0.00028410804,0
2.209713e-05,0
0.0058928085,0
0.0004998536,0
1.6519105e-05,0
0.002458793,0
2.7410986e-05,0
0.00046805892,0
0.0003745818,0
9.921856e-06,0
0.0041897655,0
2.0743488e-05,0
2.9724273e-05,0
9.837828e-05,0
2.0883037e-05,0
3.896128e-05,0
1.7297312e-05,0
8.911309e-05,0
4.2468408e-05,0
0.010003225,0
1.3063256e-05,0
2.760663e-05,0
0.0012240489,0
8.391311e-05,0
0.0007411253,0
2.2359278e-05,0
2.0430347e-05,0
0.00044549716,0
0.00062119786,0
5.0978626e-05,0
1.7673721e-05,0
1.8534094e-05,0
0.00789606,0
4.557068e-05,0
2.37597e-05,0
0.0006637764,0
1.6046373e-05,0
0.000107024025,0
4.843612e-05,0
3.983144e-05,0
2.1931173e-05,0
0.0030028138,0
2.082547e-05,0
0.0019813487,0
0.0003087248,0
1.654319e-05,0
5.1230887e-05,0
4.646412e-05,0
1.2040197e-05,0
7.203202e-05,0
0.0026877162,0
2.363072e-05,0
3.2709348e-05,0
3.7916463e-05,0
2.1880634e-05,0
1.8555727e-05,0
9.727134e-05,0
0.00015617009,0
5.865827e-05,0
1.9365005e-05,0
0.00021204998,0
1.2623519e-05,0
8.359026e-05,0
2.0079098e-05,0
1.5889791e-05,0
5.4247696e-05,0
2.3766917e-05,0
4.7996524e-05,0
1.82878e-05,0
2.257338e-05,0
2.5422763e-05,0
0.00014902475,0
1.0540157e-05,0
0.00023522206,0
4.3262407e-05,0
0.021634454,0
6.283695e-05,0
8.7378874e-05,0
0.000598452,0
0.0077772606,0
4.683035e-05,0
2.746064e-05,0
4.6099776e-05,0
2.8438342e-05,0
2.8773171e-05,0
0.0013392578,0
1.5819078e-05,0
2.7556529e-05,0
0.0008806951,0
0.0002043042,0
1.9196168e-05,0
2.3945371e-05,0
0.00020122452,0
2.0194786e-05,0
2.1115633e-05,0
2.1133641e-05,0
1.3046234e-05,0
4.6342207e-05,0
0.0010097774,0
1.899557e-05,0
0.00023394656,0
4.2894982e-05,0
0.01015047,0
0.003420561,0
8.013019e-05,0
2.7916696e-05,0
0.0003434316,0
0.005698733,0
2.5571488e-05,0
5.2945536e-05,0
1.9376233e-05,0
0.014751566,0
9.377315e-05,0
2.3062463e-05,0
7.143164e-05,0
4.0178697e-05,0
9.37078e-05,0
0.00014516867,0
2.423593e-05,0
4.123976e-05,0
0.00094058947,0
1.5992697e-05,0
1.9706065e-05,0
3.171127e-05,0
4.972427e-05,0
9.312328e-06,0
9.3560506e-05,0
1.6848051e-05,0
5.4498614e-05,0
5.5424054e-05,0
1.4703068e-05,0
2.6860964e-05,0
2.7400902e-05,0
0.00021171237,0
0.0005338123,0
0.002311499,0
5.2649473e-05,0
0.0012289807,0
0.00011805398,0
0.009926186,0
2.688711e-05,0
5.510852e-05,0
3.8854636e-05,0
1.9273011e-05,0
0.00018111299,0
0.000119051445,0
2.1566839e-05,0
0.00012253286,0
2.3283284e-05,0
4.8429596e-05,0
3.195475e-05,0
0.000141851,0
1.8826304e-05,0
9.263251e-05,0
0.000555284,0
0.003144098,0
0.00010885366,0
0.0001686455,0
2.4236118e-05,0
3.85866e-05,0
0.00017139982,0
0.000686732,0
4.9851e-05,0
0.0046790056,0
2.362766e-05,0
9.9113924e-05,0
0.00016861717,0
1.463476e-05,0
0.0001708702,0
2.1755748e-05,0
1.7778128e-05,0
2.1835818e-05,0
9.701628e-05,0
1.924135e-05,0
8.5824424e-05,0
9.0502064e-05,0
1.3334864e-05,0
0.0006180282,0
2.1230622e-05,0
0.00010305994,0
0.00013981308,0
0.0096630985,0
3.0927386e-05,0
0.00013025984,0
7.203507e-05,0
0.00018213886,0
2.6665042e-05,0
1.958966e-05,0
2.014659e-05,0
1.6040398e-05,0
0.013811366,0
2.0297119e-05,0
0.000110931236,0
1.5775477e-05,0
1.2749065e-05,0
2.2712442e-05,0
0.009736041,0
0.010407055,0
0.00022023742,0
0.00010213959,0
5.4482145e-05,0
8.724226e-05,0
1.797179e-05,0
2.747995e-05,0
6.7942325e-05,0
1.17838845e-05,0
0.005778251,0
1.9359908e-05,0
3.2916163e-05,0
2.8632781e-05,0
5.1592633e-05,0
9.884431e-05,0
1.2897194e-05,0
3.542064e-05,0
8.5691565e-05,0
1.9299046e-05,0
5.2272124e-05,0
2.4658852e-05,0
0.00021019833,0
2.4070127e-05,0
7.725844e-05,0
1.9049949e-05,0
2.7969565e-05,0
8.63357e-05,0
6.419494e-05,0
8.957364e-05,0
1.6799382e-05,0
0.00016301575,0
0.00013837346,0
1.9205305e-05,0
2.0727293e-05,0
2.7173446e-05,0
0.0005926328,0
1.7067252e-05,0
0.00013629509,0
2.0288202e-05,0
2.5597916e-05,0
3.0426076e-05,0
9.849374e-05,0
4.5766148e-05,0
0.011224716,0
0.009724332,0
2.0326832e-05,0
1.6535807e-05,0
0.009704211,0
3.5566103e-05,0
2.6444e-05,0
1.9346457e-05,0
0.0022709812,0
1.6348833e-05,0
5.5545e-05,0
1.8004697e-05,0
0.00012262202,0
0.007233511,0
2.1320977e-05,0
1.9063125e-05,0
1.4462584e-05,0
6.0081355e-05,0
1.0621562e-05,0
2.1134685e-05,0
5.3348787e-05,0
2.2158747e-05,0
3.4215605e-05,0
5.0934468e-05,0
2.7702543e-05,0
0.0002293467,0
1.9887324e-05,0
1.969539e-05,0
1.8235287e-05,0
4.134258e-05,0
2.8328825e-05,0
2.8563521e-05,0
1.9502533e-05,0
2.2888811e-05,0
5.429919e-05,0
0.00107159,0
0.009718093,0
0.0012449677,0
5.0789833e-05,0
5.2067888e-05,0
2.9688235e-05,0
6.877689e-05,0
1.2281805e-05,0
0.00014817873,0
0.00023742784,0
2.091916e-05,0
0.0008614911,0
3.4698936e-05,0
0.00010895504,0
2.1135476e-05,0
5.3930158e-05,0
2.8284285e-05,0
2.3946553e-05,0
2.9594537e-05,0
0.004501206,0
2.1514652e-05,0
3.785536e-05,0
5.271723e-05,0
1.8133804e-05,0
0.00012908952,0
8.41722e-05,0
4.6267956e-05,0
1.9209227e-05,0
2.9421757e-05,0
1.9720583e-05,0
3.2619075e-05,0
1.634241e-05,0
2.6878348e-05,0
0.00043405176,0
2.112052e-05,0
1.0857892e-05,0
0.000112351154,0
1.9206593e-05,0
1.4891594e-05,0
3.3512148e-05,0
6.128925e-05,0
2.0613219e-05,0
0.005001136,0
1.2690289e-05,0
0.00013912469,0
0.0006639182,0
0.00015584248,0
4.2670647e-05,0
2.1296557e-05,0
5.8428184e-05,0
5.035231e-05,0
3.0964067e-05,0
0.0002474204,0
3.275619e-05,0
1.7670392e-05,0
0.0019029588,0
3.1449803e-05,0
0.00032131595,0
2.0844534e-05,0
2.9846424e-05,0
4.9512266e-05,0
0.00022511726,0
2.1499236e-05,0
1.8073215e-05,0
2.267813e-05,0
4.2608786e-05,0
0.0039174976,0
5.709378e-05,0
1.5963076e-05,0
2.2205271e-05,0
5.1903557e-05,0
1.9441963e-05,0
2.5786538e-05,0
0.01083886,0
5.3491243e-05,0
1.9401085e-05,0
9.876881e-05,0
0.001970734,0
1.9906456e-05,0
2.6966021e-05,0
0.000105862906,0
0.007771664,0
0.00033653644,0
0.001921304,0
4.4537595e-05,0
8.178767e-05,0
2.7856173e-05,0
2.4909921e-05,0
4.51608e-05,0
0.0006657735,0
2.2219885e-05,0
2.6990143e-05,0
7.234838e-05,0
2.4467665e-05,0
2.891265e-05,0
5.9940212e-05,0
0.00043205405,0
1.9597766e-05,0
4.932092e-05,0
0.0021031464,0
5.5826178e-05,0
0.0009746543,0
0.012519346,0
0.005172524,0
0.00017529726,0
8.532156e-05,0
0.00010628962,0
9.8494005e-05,0
1.869417e-05,0
0.00019759453,0
0.000115994386,0
1.2485233e-05,0
1.4900431e-05,0
1.375085e-05,0
2.4524183e-05,0
1.3679756e-05,0
0.0004621538,0
2.1959451e-05,0
1.9212572e-05,0
2.0587238e-05,0
9.812224e-05,0
0.017000148,0
2.1534617e-05,0
2.4385357e-05,0
1.637369e-05,0
2.1249534e-05,0
0.00921616,0
5.3803033e-05,0
4.9690803e-05,0
0.0013562232,0
0.00011551234,0
1.8323723e-05,0
3.5721117e-05,0
3.183235e-05,0
3.7535945e-05,0
4.093927e-05,0
0.00030846315,0
0.00042565283,0
1.5819378e-05,0
7.907532e-05,0
1.1492281e-05,0
3.7679212e-05,0
4.1846124e-05,0
4.5277076e-05,0
0.00023562086,0
0.0010717133,0
5.7737754e-05,0
2.2217251e-05,0
3.896637e-05,0
4.822547e-05,0
0.0007620884,0
0.00017421003,0
5.390119e-05,0
0.00037320456,0
0.0097273495,0
2.347113e-05,0
0.0043230755,0
0.000103148974,0
3.443401e-05,0
0.0004910191,0
1.6587033e-05,0
2.5868268e-05,0
0.00040834997,0
5.6758174e-05,0
0.00027284262,0
4.557533e-05,0
9.683036e-05,0
1.3922992e-05,0
1.946495e-05,0
1.4108976e-05,0
1.9282814e-05,0
0.00024282651,0
2.5568552e-05,0
5.192935e-05,0
2.5492838e-05,0
2.6767457e-05,0
0.00010945152,0
5.6609875e-05,0
0.0007436296,0
2.0847265e-05,0
2.6145932e-05,0
2.6464988e-05,0
2.7041338e-05,0
8.0862075e-05,0
2.6542439e-05,0
0.0099379355,0
1.2723472e-05,0
3.5920828e-05,0
1.6191183e-05,0
0.00029618383,0
3.0496441e-05,0
0.010121825,0
6.495297e-05,0
8.378123e-05,0
0.00011619071,0
2.6069352e-05,0
1.9603363e-05,0
9.326514e-05,0
2.6201875e-05,0
3.740255e-05,0
3.0464318e-05,0
9.862099e-05,0
2.6110883e-05,0
6.443494e-05,0
3.291433e-05,0
3.297744e-05,0
0.0003484643,0
1.766011e-05,0
2.1289949e-05,0
0.00011355012,0
8.7079585e-05,0
1.5918817e-05,0
3.182858e-05,0
2.2048831e-05,0
6.012866e-05,0
2.006772e-05,0
4.8841142e-05,0
5.5623033e-05,0
2.028779e-05,0
0.00016066493,0
2.5489873e-05,0
0.00041638498,0
0.00016112166,0
0.009720092,0
2.6124426e-05,0
0.000119380136,0
0.00031979335,0
4.0882835e-05,0
0.0003202012,0
1.9493082e-05,0
3.902609e-05,0
9.25334e-05,0
2.0079953e-05,0
1.6541388e-05,0
0.00022322619,0
3.4564855e-05,0
0.015812228,0
7.213916e-05,0
2.307644e-05,0
0.00063063216,0
0.00016732592,0
1.9612195e-05,0
1.6601249e-05,0
2.6092444e-05,0
3.7684706e-05,0
0.0009634001,0
2.7659686e-05,0
3.901928e-05,0
2.8530007e-05,0
4.898786e-05,0
0.000104237784,0
5.9751994e-05,0
1.9529665e-05,0
2.071809e-05,0
3.061046e-05,0
4.1274325e-05,0
0.00048194526,0
9.325078e-05,0
4.8402275e-05,0
0.00017523597,0
3.758247e-05,0
1.9770603e-05,0
0.00023062575,0
4.9127822e-05,0
0.00011727797,0
0.00014393446,0
2.182222e-05,0
1.9098998e-05,0
6.09528e-05,0
0.00015221992,0
0.00032570024,0
8.549715e-05,0
3.1391166e-05,0
5.189262e-05,0
6.063121e-05,0
0.00012224744,0
0.00023105608,0
2.1157417e-05,0
0.0005976983,0
0.0008104521,0
3.1473628e-05,0
0.00011628266,0
0.00089314085,0
0.00019000767,0
4.269951e-05,0
0.0004861517,0
0.0011521481,0
2.6902115e-05,0
4.2397594e-05,0
0.00010708024,0
0.00015696442,0
9.7941855e-05,0
2.4628507e-05,0
0.007826299,0
0.00016170088,0
8.885174e-05,0
0.00087860314,0
7.27251e-05,0
5.9846257e-05,0
3.1604548e-05,0
2.680939e-05,0
5.269945e-05,0
3.579964e-05,0
0.00024782083,0
4.2700853e-05,0
2.1357946e-05,0
1.9971481e-05,0
0.0013974701,0
0.00013193193,0
2.2249775e-05,0
3.3308832e-05,0
2.8016762e-05,0
0.00034513476,0
7.126144e-05,0
1.753786e-05,0
0.00013548204,0
2.2540447e-05,0
0.00019825203,0
2.0878535e-05,0
1.8754277e-05,0
8.4331616e-05,0
0.00015016412,0
0.00010161347,0
6.455636e-05,0
0.0053476547,0
0.00042238328,0
0.0023890673,0
0.00028394358,0
3.4538043e-05,0
1.9768986e-05,0
5.8676625e-05,0
0.00011851317,0
2.8065675e-05,0
1.9133093e-05,0
0.00020287582,0
2.1124446e-05,0
1.7887913e-05,0
1.7816665e-05,0
2.6585876e-05,0
2.6991416e-05,0
1.833741e-05,0
0.0014420535,0
9.053298e-05,0
5.1649706e-05,0
3.327415e-05,0
2.7938368e-05,0
9.794177e-05,0
5.837593e-05,0
0.0001240985,0
2.9686276e-05,0
0.00013694815,0
5.679088e-05,0
2.0830968e-05,0
0.00017979181,0
2.8130024e-05,0
0.0011124982,0
0.00021999866,0
2.0214204e-05,0
2.2004882e-05,0
2.2580216e-05,0
1.6230611e-05,0
3.2374315e-05,0
5.4068434e-05,0
3.1453885e-05,0
2.0036654e-05,0
0.00043571557,0
0.0004629638,0
2.0308882e-05,0
1.3705718e-05,0
0.0004276078,0
1.337058e-05,0
1.5479714e-05,0
0.00077247224,0
0.00043507395,0
5.6893492e-05,0
2.046063e-05,0
2.0979698e-05,0
1.9705682e-05,0
2.920096e-05,0
0.00019176373,0
0.0005145429,0
1.9853283e-05,0
6.3001215e-05,0
0.0019524852,0
2.0289463e-05,0
1.3633235e-05,0
1.965028e-05,0
2.0914174e-05,0
9.361495e-05,0
6.468419e-05,0
0.0010441733,0
0.00017410418,0
0.0001501896,0
0.00015558771,0
0.000105205756,0
3.2700056e-05,0
7.850797e-05,0
4.1419895e-05,0
2.716693e-05,0
1.7337625e-05,0
0.00014272815,0
1.52440025e-05,0
0.00054116215,0
3.630461e-05,0
3.0124475e-05,0
1.956114e-05,0
8.2807564e-05,0
2.4745876e-05,0
3.6023488e-05,0
8.755464e-05,0
2.7087613e-05,0
0.00013935051,0
0.00013623001,0
0.00017090967,0
4.9798164e-05,0
2.0167527e-05,0
2.3080027e-05,0
9.281562e-05,0
2.7128664e-05,0
2.7606538e-05,0
7.7908306e-05,0
1.8583907e-05,0
2.642827e-05,0
1.8138428e-05,0
1.9221812e-05,0
0.0004882546,0
5.2606716e-05,0
3.8127724e-05,0
1.33396625e-05,0
5.0465034e-05,0
1.9845585e-05,0
8.821996e-05,0
0.0004258423,0
4.9877493e-05,0
6.623733e-05,0
0.0026054354,0
6.347729e-05,0
2.2206594e-05,0
4.829903e-05,0
1.3717833e-05,0
2.8177252e-05,0
0.0012283025,0
3.9923554e-05,0
0.00026407698,0
4.3357195e-05,0
3.9810802e-05,0
3.8420527e-05,0
4.8194597e-05,0
2.4962019e-05,0
0.00054781383,0
0.0024191008,0
0.00021735187,0
2.6098447e-05,0
1.5100229e-05,0
2.724522e-05,0
2.3754525e-05,0
7.35294e-05,0
4.2582866e-05,0
1.9707712e-05,0
4.6069214e-05,0
0.009487387,0
3.046732e-05,0
1.0736699e-05,0
0.006228407,0
2.5726553e-05,0
7.5469914e-05,0
0.00088198733,0
4.6179743e-05,0
0.000102120815,0
2.322072e-05,0
0.00010121254,0
2.3138206e-05,0
0.00028716368,0
2.7658793e-05,0
0.00010522192,0
4.1692096e-05,0
0.00027788724,0
2.6700243e-05,0
1.051732e-05,0
0.007646562,0
2.257212e-05,0
0.009718117,0
0.0009559362,0
0.00025062577,0
2.3307017e-05,0
0.00018967011,0
0.0011722486,0
0.00025825528,0
7.2620096e-05,0
4.9601767e-05,0
0.00010465993,0
9.493034e-06,0
0.00023523616,0
0.00019153104,0
0.0005449013,0
1.4216975e-05,0
4.597091e-05,0
0.0012197676,0
3.6565165e-05,0
9.7198965e-05,0
2.0302765e-05,0
0.007490904,0
2.348146e-05,0
0.00012011492,0
0.00018778595,0
0.013179951,0
0.006708158,0
2.2636248e-05,0
2.7959284e-05,0
2.1664826e-05,0
0.00014133059,0
1.9910593e-05,0
2.8546448e-05,0
0.00034445804,0
6.112809e-05,0
5.2523003e-05,0
3.548278e-05,0
0.0009612434,0
6.8001355e-05,0
0.00011162511,0
1.9379193e-05,0
0.00035356393,0
1.6306774e-05,0
1.1668839e-05,0
4.880864e-05,0
2.1160457e-05,0
8.187753e-05,0
0.00035336384,0
1.5943819e-05,0
2.4733317e-05,0
1.0983927e-05,0
0.0020823604,0
0.00024525594,0
2.1385056e-05,0
0.00020959663,0
2.3655557e-05,0
1.9453326e-05,0
0.0023853318,0
0.0001138484,0
2.8277049e-05,0
4.275095e-05,0
7.043315e-05,0
1.6650452e-05,0
1.9420013e-05,0
3.8180206e-05,0
0.0005487924,0
7.165693e-05,0
1.5303971e-05,0
6.500731e-05,0
0.012192179,0
6.205042e-05,0
2.796847e-05,0
1.873728e-05,0
2.5490877e-05,0
1.9361436e-05,0
0.00015405976,0
9.6999e-05,0
5.1070754e-05,0
9.826508e-05,0
5.808608e-05,0
1.8876015e-05,0
3.547134e-05,0
0.00010278436,0
1.7842101e-05,0
2.6740325e-05,0
0.0011649163,0
4.205941e-05,0
0.00021530932,0
4.3675744e-05,0
0.00013188616,0
2.7324848e-05,0
2.9799323e-05,0
0.0030227152,0
0.005323991,0
2.8343602e-05,0
0.00012777196,0
9.809813e-05,0
8.090832e-05,0
0.00062555325,0
0.0001495036,0
1.3629121e-05,0
2.5533198e-05,0
2.1627224e-05,0
0.00013677716,0
2.2860415e-05,0
6.616457e-05,0
0.001710353,0
1.8062306e-05,0
0.00025805298,0
0.00025030956,0
0.037325423,0
1.2068065e-05,0
9.842409e-05,0
4.8770202e-05,0
0.00039514134,0
1.9894376e-05,0
0.00975918,0
0.00027835515,0
1.9476029e-05,0
3.3088174e-05,0
2.2371e-05,0
2.0121053e-05,0
4.534668e-05,0
1.8659957e-05,0
1.3643484e-05,0
0.0002511561,0
6.707623e-05,0
5.17363e-05,0
0.0012022234,0
4.2311854e-05,0
2.4495102e-05,0
2.0810441e-05,0
0.00012595429,0
2.6143689e-05,0
2.1243583e-05,0
2.0173096e-05,0
0.00021294078,0
3.084114e-05,0
0.0006909794,0
2.1336555e-05,0
1.5917882e-05,0
2.6121004e-05,0
0.0016760869,0
0.0009797442,0
0.00013778322,0
2.5132498e-05,0
2.7852695e-05,0
9.794177e-05,0
2.8535824e-05,0
2.3437782e-05,0
0.0025593431,0
7.666879e-05,0
9.5459865e-05,0
0.011955778,0
1.2855697e-05,0
0.00010550634,0
2.1631078e-05,0
6.840003e-05,0
3.0601615e-05,0
0.002485946,0
4.1243824e-05,0
8.999837e-05,0
0.00020232283,0
2.255238e-05,0
2.2392356e-05,0
1.3238769e-05,0
0.0002846601,0
2.690398e-05,0
1.9610154e-05,0
0.007871326,0
0.0001641207,0
1.05115505e-05,0
0.0015342063,0
9.623462e-05,0
2.1609694e-05,0
2.4738905e-05,0
4.3720265e-05,0
0.00016448149,0
1.3026598e-05,0
1.5531794e-05,0
0.002961476,0
2.0537047e-05,0
1.3470697e-05,0
5.1206225e-05,0
4.94472e-05,0
5.899872e-05,0
4.370442e-05,0
1.5442916e-05,0
0.00034746047,0
1.9900357e-05,0
0.00014953304,0
1.66204e-05,0
2.4931636e-05,0
2.4388728e-05,0
0.0001290283,0
0.0003750053,0
4.5336434e-05,0
3.5639125e-05,0
4.9580252e-05,0
2.5018664e-05,0
2.2727745e-05,0
2.0568472e-05,0
9.0919355e-05,0
2.0552754e-05,0
0.0045182304,0
1.966704e-05,0
0.00024400777,0
0.00025798474,0
2.1642747e-05,0
1.3394555e-05,0
3.814539e-05,0
2.6416441e-05,0
5.819645e-05,0
0.00055101427,0
9.704023e-05,0
3.655473e-05,0
0.009650852,0
0.00083953596,0
1.2282267e-05,0
6.980424e-05,0
0.0019051011,0
0.00018425041,0
0.00015288472,0
1.6471493e-05,0
0.0001610854,0
9.631721e-05,0
2.2129967e-05,0
3.9842547e-05,0
0.00039028082,0
0.0006875386,0
1.8459437e-05,0
0.000105725565,0
9.93804e-05,0
9.151716e-05,0
9.283913e-05,0
2.3494955e-05,0
0.00057580526,0
1.2834449e-05,0
4.8817037e-05,0
1.6189966e-05,0
1.3998066e-05,0
1.2043468e-05,0
1.9916293e-05,0
0.0004351164,0
2.1615293e-05,0
0.00017071253,0
0.008683375,0
1.0292908e-05,0
1.4923138e-05,0
3.178096e-05,0
4.7310325e-05,0
8.110353e-05,0
1.5407973e-05,0
0.00018581178,0
6.5831824e-05,0
0.00013233192,0
0.00042820306,0
0.00087263784,0
0.00026898773,0
0.00014410111,0
1.896239e-05,0
2.3235894e-05,0
0.00049167086,0
0.000119158154,0
0.0019518535,0
5.2554078e-05,0
0.0043057944,0
4.385365e-05,0
2.3734116e-05,0
1.5281372e-05,0
0.0002599642,0
0.0001536142,0
7.355922e-05,0
9.8490316e-05,0
0.002308041,0
1.838125e-05,0
0.00010473107,0
3.5564008e-05,0
2.1035854e-05,0
2.1114342e-05,0
4.292429e-05,0
7.9057354e-05,0
1.1489591e-05,0
4.9297654e-05,0
4.329679e-05,0
3.3904813e-05,0
0.0026856451,0
0.0002564699,0
0.0022859536,0
0.00018791901,0
2.5971725e-05,0
0.01317184,0
2.7838794e-05,0
0.00010403149,0
0.00026866206,0
5.9151007e-05,0
1.9223326e-05,0
2.2021804e-05,0
4.6928966e-05,0
0.0002104126,0
0.00011484763,0
0.00010518266,0
5.5125613e-05,0
2.4380559e-05,0
2.9097486e-05,0
2.8432867e-05,0
4.5172903e-05,0
2.1587372e-05,0
2.029271e-05,0
5.037952e-05,0
2.5092355e-05,0
0.00011725247,0
0.00020848693,0
1.7308832e-05,0
5.674048e-05,0
1.8758936e-05,0
0.00034344208,0
2.3521456e-05,0
0.00016109923,0
0.00026643026,0
0.00031458808,0
0.00037511348,0
1.6634493e-05,0
2.0937052e-05,0
4.9297705e-05,0
0.0007953089,0
3.2259348e-05,0
4.8108624e-05,0
0.00010086811,0
1.309227e-05,0
2.240486e-05,0
0.00031041616,0
0.00011398674,0
2.2824634e-05,0
5.3240004e-05,0
0.0009849162,0
9.279876e-05,0
2.162637e-05,0
8.850721e-05,0
3.1453394e-05,0
6.668991e-05,0
1.6135351e-05,0
2.0687452e-05,0
0.0007705916,0
1.731651e-05,0
0.00019331423,0
2.3458213e-05,0
2.2771717e-05,0
1.5964262e-05,0
9.6107746e-05,0
4.0819665e-05,0
0.0006271911,0
0.029102467,0
4.9448525e-05,0
2.4443125e-05,0
1.5846945e-05,0
0.000105541585,0
1.8266188e-05,0
0.00021439038,0
0.00072541874,0
2.7510607e-05,0
0.00010828221,0
2.5208892e-05,0
0.0001919682,0
4.8495865e-05,0
0.00039428205,0
0.00089791487,0
8.522375e-05,0
4.348973e-05,0
0.00024575295,0
0.0006849408,0
1.918719e-05,0
0.00024255938,0
2.597655e-05,0
0.0018581339,0
7.638284e-05,0
1.9727251e-05,0
6.317392e-05,0
3.41659e-05,0
8.790887e-05,0
0.0001036194,0
2.0069569e-05,0
2.1767368e-05,0
3.2160755e-05,0
1.4295043e-05,0
2.4380035e-05,0
2.3979823e-05,0
2.602994e-05,0
0.0011945725,0
2.2486853e-05,0
2.7339416e-05,0
0.00058243383,0
0.0006450521,0
7.904092e-05,0
2.9560604e-05,0
2.147154e-05,0
2.2204475e-05,0
2.0136567e-05,0
0.00045949372,0
0.00034174082,0
5.988511e-05,0
6.063569e-05,0
9.453685e-05,0
2.7012025e-05,0
0.005078051,0
2.687588e-05,0
0.0007475429,0
9.612961e-05,0
0.009933156,0
2.6719352e-05,0
0.0009872655,0
0.001608791,0
0.00010173983,0
5.2877083e-05,0
1.9282466e-05,0
1.9298179e-05,0
2.763811e-05,0
2.149739e-05,0
0.00024442683,0
0.00038900677,0
2.5812458e-05,0
3.1997028e-05,0
2.1169224e-05,0
0.00029954608,0
8.149251e-05,0
2.4772364e-05,0
0.00014408684,0
5.473777e-05,0
6.157436e-05,0
0.00014630884,0
7.6599434e-05,0
0.00014314111,0
2.3276856e-05,0
9.815053e-05,0
0.011589922,0
1.4131307e-05,0
0.00012431896,0
2.0100586e-05,0
3.479265e-05,0
0.0006651255,0
4.87717e-05,0
7.084119e-05,0
0.00012677499,0
0.01586569,0
5.454835e-05,0
0.00014782604,0
0.00043912503,0
2.7233744e-05,0
2.354327e-05,0
0.0010283373,0
2.6296824e-05,0
8.8959234e-05,0
2.5329731e-05,0
1.1379365e-05,0
0.00018134166,0
4.991595e-05,0
3.382087e-05,0
2.0540725e-05,0
2.5584111e-05,0
0.0002770658,0
1.6971924e-05,0
4.223113e-05,0
0.00018769382,0
2.6680707e-05,0
1.0316827e-05,0
2.0955247e-05,0
0.00015268601,0
0.0010730767,0
1.6176748e-05,0
1.9433284e-05,0
1.9550404e-05,0
0.00024537335,0
9.726238e-05,0
2.9187117e-05,0
2.0698837e-05,0
2.1506983e-05,0
0.00027180393,0
2.8463446e-05,0
0.0002970238,0
0.00018678971,0
0.0009369974,0
0.0002116428,0
1.01100395e-05,0
0.0025336542,0
0.004510405,0
6.47624e-05,0
2.2914839e-05,0
4.536199e-05,0
2.6722022e-05,0
0.0004231743,0
5.61245e-05,0
3.531818e-05,0
7.329102e-05,0
0.0012582394,0
0.00013733943,0
1.9782417e-05,0
4.898249e-05,0
0.00011189861,0
2.0495623e-05,0
0.00012639875,0
2.4308067e-05,0
0.0009162279,0
6.200894e-05,0
1.3694598e-05,0
1.9292018e-05,0
4.8819937e-05,0
4.8869035e-05,0
1.566576e-05,0
1.51842605e-05,0
7.859637e-05,0
1.4388698e-05,0
1.544531e-05,0
0.000105529456,0
3.5064484e-05,0
4.9873564e-05,0
0.0019868023,0
0.0032233533,0
2.6708018e-05,0
0.00014881008,0
0.00042023818,0
3.145317e-05,0
0.0001103477,0
6.227273e-05,0
2.0854917e-05,0
2.608119e-05,0
0.00013987464,0
3.4170716e-05,0
0.00087054336,0
2.0768051e-05,0
2.845126e-05,0
0.00012706582,0
6.7952846e-05,0
0.012273259,0
2.8152886e-05,0
5.803095e-05,0
2.249219e-05,0
2.3200077e-05,0
1.7473812e-05,0
5.9602324e-05,0
2.1516113e-05,0
0.015459949,0
4.7989553e-05,0
1.4534423e-05,0
3.5634883e-05,0
0.00070287345,0
1.9578913e-05,0
0.0004965625,0
9.7507356e-05,0
2.8550498e-05,0
0.00013494765,0
0.00014606831,0
9.587767e-05,0
7.2294075e-05,0
3.1629446e-05,0
5.290974e-05,0
0.00011329229,0
0.00010010571,0
3.6738373e-05,0
1.6388416e-05,0
0.0027622627,0
4.9580256e-05,0
0.0059392345,0
1.9345669e-05,0
0.001229286,0
0.00018607384,0
2.0020514e-05,0
0.0003350519,0
2.7372684e-05,0
2.5118212e-05,0
1.0162632e-05,0
0.0006164462,0
0.0002455354,0
2.592471e-05,0
1.4957595e-05,0
2.8119586e-05,0
0.0001530254,0
0.00015889938,0
0.00026167196,0
1.6255524e-05,0
3.5231293e-05,0
2.7406213e-05,0
2.0811069e-05,0
1.6605763e-05,0
1.4787245e-05,0
4.0321076e-05,0
1.3982428e-05,0
0.0004349692,0
8.055268e-05,0
4.3867054e-05,0
3.9989838e-05,0
5.987797e-05,0
1.9449595e-05,0
9.11463e-05,0
1.4250285e-05,0
0.0005071068,0
0.00013101305,0
0.0007729923,0
4.404825e-05,0
2.2312872e-05,0
2.7025771e-05,0
0.00029313713,0
3.9208662e-05,0
0.000103858496,0
2.068908e-05,0
2.4473458e-05,0
3.5042613e-05,0
0.00018130246,0
1.1747173e-05,0
2.0299643e-05,0
9.558603e-05,0
0.00012037722,0
1.9194787e-05,0
0.026305616,0
5.6878947e-05,0
2.0862564e-05,0
0.0004321984,0
3.166627e-05,0
1.7232178e-05,0
3.439684e-05,0
0.00010112091,0
3.968868e-05,0
0.00015180049,0
1.9209401e-05,0
5.055193e-05,0
0.00018707846,0
0.00029172126,0
0.000103935454,0
4.8913385e-05,0
0.00024576724,0
2.6787311e-05,0
0.00043971062,0
5.5001237e-05,0
2.1461843e-05,0
5.092261e-05,0
8.5812986e-05,0
1.0894606e-05,0
0.00030696916,0
7.033646e-05,0
0.00063337956,0
4.4610664e-05,0
0.000547862,0
0.00042679044,0
0.00013029562,0
2.7175372e-05,0
0.00016011877,0
2.2364464e-05,0
0.0036656593,0
2.3772958e-05,0
3.7928137e-05,0
2.019106e-05,0
2.0841395e-05,0
0.00011725488,0
9.683374e-05,0
5.20248e-05,0
3.685025e-05,0
1.9886687e-05,0
2.6950742e-05,0
4.39325e-05,0
2.1488646e-05,0
1.8803992e-05,0
6.646088e-05,0
0.0059209554,0
2.0799265e-05,0
2.6259453e-05,0
1.2451601e-05,0
1.9272964e-05,0
1.7102218e-05,0
0.00029753594,0
0.001600504,0
6.722878e-05,0
2.7310134e-05,0
0.0007021799,0
0.00010054466,0
1.4247657e-05,0
2.3633014e-05,0
0.00046377679,0
0.0054022516,0
1.755542e-05,0
2.0868762e-05,0
4.515605e-05,0
6.37211e-05,0
2.4859408e-05,0
0.0024247377,0
2.5540056e-05,0
6.150905e-05,0
0.00012516318,0
1.9253313e-05,0
2.8338503e-05,0
1.4795199e-05,0
5.5625776e-05,0
1.3348678e-05,0
2.0542626e-05,0
6.7478155e-05,0
2.1225262e-05,0
1.918927e-05,0
0.013195615,0
3.0188028e-05,0
1.415932e-05,0
5.6066496e-05,0
1.008863e-05,0
6.0142684e-05,0
1.4743699e-05,0
5.6571498e-05,0
2.1955133e-05,0
1.9757857e-05,0
2.956941e-05,0
1.0058779e-05,0
0.00010216155,0
9.584575e-05,0
0.008173004,0
2.1447135e-05,0
6.45973e-05,0
3.5533707e-05,0
0.00013465565,0
1.9704677e-05,0
5.8533133e-05,0
2.3854533e-05,0
9.837799e-05,0
2.7889919e-05,0
0.0025116317,0
1.28080455e-05,0
1.6033304e-05,0
2.9443983e-05,0
6.350376e-05,0
0.00015179242,0
2.188494e-05,0
0.0043408037,0
3.8421334e-05,0
2.5732419e-05,0
2.049871e-05,0
2.1963173e-05,0
2.1239044e-05,0
2.2560354e-05,0
0.0015454269,0
1.7414752e-05,0
2.0278643e-05,0
1.3120963e-05,0
5.8436173e-05,0
2.2373035e-05,0
0.005253314,0
6.771824e-05,0
1.9721936e-05,0
8.22356e-05,0
0.00022116823,0
2.4658426e-05,0
0.00010775141,0
0.00012822943,0
2.3019978e-05,0
6.0884082e-05,0
4.0902727e-05,0
0.0065508154,0
5.8699123e-05,0
1.7737388e-05,0
0.015139376,0
0.00023123232,0
2.7641237e-05,0
0.0001610877,0
6.4540385e-05,0
2.779759e-05,0
5.8425034e-05,0
2.6088997e-05,0
1.1918924e-05,0
1.5870055e-05,0
0.0016922877,0
1.6144051e-05,0
0.004783498,0
1.1132397e-05,0
2.1360065e-05,0
1.764475e-05,0
2.0783802e-05,0
2.5561545e-05,0
1.5614329e-05,0
1.9561665e-05,0
4.910899e-05,0
0.00010823519,0
0.0077968417,0
3.7438902e-05,0
2.0283116e-05,0
0.00012293684,0
0.00019321546,0
2.5736048e-05,0
2.030606e-05,0
3.7333244e-05,0
0.00018944949,0
2.370824e-05,0
0.00010279902,0
1.0975613e-05,0
2.235718e-05,0
5.4772936e-05,0
0.0016072708,0
1.9501329e-05,0
1.951237e-05,0
0.0007529203,0
0.00075745233,0
2.7442218e-05,0
9.132317e-05,0
1.9585648e-05,0
0.010592209,0
2.187689e-05,0
0.0001490244,0
2.0730145e-05,0
3.1011175e-05,0
0.00013180489,0
2.0121926e-05,0
7.8808305e-05,0
1.3000795e-05,0
3.8327373e-05,0
0.010803284,0
4.8262136e-05,0
2.181658e-05,0
2.3535558e-05,0
1.8163382e-05,0
0.00013530151,0
8.310181e-05,0
0.00010772214,0
0.00054240413,0
8.730949e-05,0
2.548436e-05,0
0.00022622703,0
0.0015924433,0
3.7515663e-05,0
2.3067305e-05,0
0.00021945087,0
5.1080056e-05,0
2.647693e-05,0
6.238622e-05,0
0.000890417,0
0.00011265342,0
0.0019745328,0
4.4393102e-05,0
1.550886e-05,0
1.5252929e-05,0
3.1438874e-05,0
2.6532158e-05,0
2.9092686e-05,0
1.8403409e-05,0
6.206722e-05,0
1.7688482e-05,0
1.7000513e-05,0
2.1453805e-05,0
2.3993673e-05,0
0.0060033565,0
3.7619484e-05,0
0.0036362703,0
4.1106356e-05,0
0.00010653947,0
0.0021574995,0
2.0312425e-05,0
2.2083033e-05,0
0.00028597412,0
0.00014011218,0
0.00024954433,0
2.6456451e-05,0
0.00017250588,0
2.0781144e-05,0
0.00011694252,0
1.853285e-05,0
9.911373e-05,0
0.00042178962,0
1.2922277e-05,0
2.854748e-05,0
3.2991466e-05,0
1.4635799e-05,0
0.01327751,0
7.114388e-05,0
0.0010691342,0
1.33716485e-05,0
5.9409827e-05,0
4.0936942e-05,0
1.7187927e-05,0
0.00042251876,0
1.6949123e-05,0
1.948817e-05,0
0.0023627188,0
0.008486105,0
0.00042905382,0
4.5456e-05,0
2.6701497e-05,0
5.3759923e-05,0
0.00019834925,0
2.4498519e-05,0
0.00014661357,0
2.1827955e-05,0
0.0011037238,0
2.0885343e-05,0
1.9198902e-05,0
6.504967e-05,0
2.3251567e-05,0
2.7436357e-05,0
0.00465104,0
0.00039905333,0
2.9481344e-05,0
3.2160122e-05,0
8.552166e-05,0
2.6313619e-05,0
0.00011469165,0
9.701638e-05,0
2.0568164e-05,0
6.887087e-05,0
2.5510002e-05,0
1.2061738e-05,0
4.8918537e-05,0
2.4132989e-05,0
4.830026e-05,0
2.1321543e-05,0
0.00015503877,0
2.7088854e-05,0
9.9911835e-05,0
0.00023508105,0
3.2871412e-05,0
1.1403019e-05,0
8.401497e-05,0
0.013451186,0
2.2413724e-05,0
0.00010584307,0
0.00012669536,0
1.9635461e-05,0
6.135813e-05,0
0.011947566,0
1.4843528e-05,0
4.9239818e-05,0
2.6705917e-05,0
8.3574254e-05,0
2.3901352e-05,0
2.0535317e-05,0
0.0004010596,0
0.0003924801,0
2.5382127e-05,0
1.5503887e-05,0
0.0006012441,0
1.947824e-05,0
9.509409e-05,0
2.1819204e-05,0
1.9210307e-05,0
5.994537e-05,0
2.232642e-05,0
2.2852242e-05,0
1.7456465e-05,0
1.921721e-05,0
0.00025050523,0
2.1330234e-05,0
0.01439777,0
0.0001132127,0
5.0714338e-05,0
0.0022752024,0
0.00011528539,0
0.000129132,0
3.3698492e-05,0
0.0010633153,0
1.9216834e-05,0
5.199415e-05,0
5.1674888e-05,0
4.8890408e-05,0
2.2616017e-05,0
2.1798805e-05,0
0.0068417685,0
0.00035279104,0
0.00013636443,0
2.8193686e-05,0
5.4370263e-05,0
0.000436524,0
0.00042463574,0
0.00020536773,0
0.00013229657,0
2.9038798e-05,0
0.00016005727,0
2.4296512e-05,0
0.004540199,0
1.9203388e-05,0
1.1220308e-05,0
2.748748e-05,0
1.5471622e-05,0
3.195355e-05,0
4.0919655e-05,0
2.8125065e-05,0
1.40189595e-05,0
0.00064931466,0
2.1999493e-05,0
1.0060531e-05,0
0.00095012976,0
5.1588744e-05,0
5.7174606e-05,0
5.3087486e-05,0
0.00026527536,0
1.1351361e-05,0
2.3488123e-05,0
1.9749157e-05,0
9.617325e-05,0
2.292461e-05,0
9.911357e-05,0
0.00027330956,0
2.0289328e-05,0
0.01010466,0
2.7344895e-05,0
2.9290297e-05,0
7.3741554e-05,0
3.533813e-05,0
0.0014392856,0
4.0093983e-05,0
0.00949981,0
5.4889075e-05,0
0.007128164,0
3.1891286e-05,0
0.0008211647,0
0.00010620357,0
0.00057282083,0
0.00045881164,0
3.567483e-05,0
4.0611776e-05,0
2.5660174e-05,0
1.4850762e-05,0
2.9401996e-05,0
6.343565e-05,0
0.011786997,0
1.2273792e-05,0
2.1742353e-05,0
2.2209982e-05,0
2.2437973e-05,0
1.9476789e-05,0
1.9220817e-05,0
5.1512303e-05,0
1.9206864e-05,0
0.00010087808,0
6.9060196e-05,0
0.00025735178,0
0.00014028541,0
1.7889915e-05,0
0.012501774,0
0.0007050018,0
2.7072996e-05,0
0.00062087673,0
5.250499e-05,0
2.7010514e-05,0
2.1961065e-05,0
0.00049777026,0
0.00024000817,0
1.8475863e-05,0
1.2158718e-05,0
3.1721476e-05,0
4.785862e-05,0
6.0669994e-05,0
4.6032048e-05,0
4.085945e-05,0
0.00010992256,0
8.369191e-05,0
2.958872e-05,0
4.6984424e-05,0
2.0662907e-05,0
0.00016875444,0
0.0003093288,0
0.00012581618,0
5.846947e-05,0
6.27266e-05,0
6.153194e-05,0
1.7326862e-05,0
4.9048293e-05,0
0.0002742081,0
2.8580545e-05,0
2.5060865e-05,0
2.1697531e-05,0
2.0087591e-05,0
0.00027624093,0
2.099094e-05,0
7.044716e-05,0
2.3821767e-05,0
2.5507497e-05,0
0.00042149358,0
3.3003747e-05,0
1.7430799e-05,0
9.924569e-05,0
2.7029268e-05,0
0.007516522,0
1.5096748e-05,0
0.010716404,0
2.8715167e-05,0
1.860194e-05,0
0.00016860345,0
1.10019e-05,0
1.7483462e-05,0
5.550215e-05,0
4.0689967e-05,0
0.00061227346,0
1.0339469e-05,0
2.2142936e-05,0
0.00018266634,0
3.6509267e-05,0
2.8098668e-05,0
0.00030512465,0
2.0373145e-05,0
0.00015280604,0
9.8264885e-05,0
2.272445e-05,0
1.0326093e-05,0
1.7791197e-05,0
2.0703857e-05,0
0.00013160394,0
5.0004706e-05,0
0.00013706028,0
1.6360027e-05,0
2.0348338e-05,0
0.0001081903,0
0.00012955093,0
2.279591e-05,0
0.0012068168,0
3.3543267e-05,0
4.5525252e-05,0
0.00017081651,0
0.00021323803,0
4.8490812e-05,0
5.0344865e-05,0
2.4855204e-05,0
0.00011806937,0
0.007486996,0
3.9429964e-05,0
2.0529555e-05,0
6.4386586e-05,0
1.7846054e-05,0
5.5302255e-05,0
0.00012978885,0
4.654862e-05,0
0.00016108062,0
5.19336e-05,0
0.00042723733,0
4.5029134e-05,0
2.3821507e-05,0
2.833396e-05,0
2.1141654e-05,0
1.1778707e-05,0
0.00010245106,0
1.884581e-05,0
7.634924e-05,0
1.3184154e-05,0
3.3791202e-05,0
6.343437e-05,0
2.091895e-05,0
0.0057747746,0
6.93118e-05,0
7.906945e-05,0
0.014459287,0
5.5834156e-05,0
4.0009716e-05,0
1.9884443e-05,0
0.0037436034,0
2.5420864e-05,0
2.859642e-05,0
0.009735399,0
5.3850516e-05,0
0.0062137456,0
1.3625071e-05,0
0.000100093464,0
0.00056516763,0
4.3014574e-05,0
0.00016142022,0
0.0003122152,0
3.628301e-05,0
1.2377213e-05,0
1.8370596e-05,0
0.00012198111,0
0.00029332997,0
7.71258e-05,0
0.00021827356,0
0.00039295928,0
9.30563e-05,0
1.9826934e-05,0
2.2205615e-05,0
0.0001001949,0
0.00032277207,0
2.4444276e-05,0
1.7461034e-05,0
0.00072300393,0
2.5835716e-05,0
1.258372e-05,0
5.4201995e-05,0
0.00016014968,0
1.7289527e-05,0
0.0002292301,0
7.071938e-05,0
3.7557973e-05,0
7.037115e-05,0
5.9944698e-05,0
7.897161e-05,0
2.9120733e-05,0
2.9612045e-05,0
2.222456e-05,0
8.981381e-05,0
0.0004458754,0
2.4095296e-05,0
5.419478e-05,0
3.1807256e-05,0
1.6032373e-05,0
0.00017851611,0
4.384458e-05,0
2.1224949e-05,0
4.7119654e-05,0
0.0011135067,0
0.000112676884,0
8.151901e-05,0
0.0019287225,0
7.899392e-05,0
2.0936435e-05,0
0.0015595728,0
0.0002654566,0
2.902185e-05,0
0.00017166736,0
5.2659674e-05,0
0.0005198455,0
0.00012121813,0
0.00026946276,0
8.14964e-05,0
2.8585779e-05,0
1.9267869e-05,0
1.68756e-05,0
0.00017515938,0
0.00015798189,0
0.00026203154,0
5.7288704e-05,0
2.6810436e-05,0
1.4659152e-05,0
0.00075161527,0
1.33465755e-05,0
3.2393764e-05,0
5.0860446e-05,0
6.0086688e-05,0
0.0030066627,0
0.00019578746,0
1.8547029e-05,0
1.9494379e-05,0
7.8860096e-05,0
1.8948227e-05,0
0.00015739903,0
3.484891e-05,0
3.6413272e-05,0
0.010393273,0
0.00011183336,0
3.2909316e-05,0
1.9154802e-05,0
9.340798e-05,0
3.0837648e-05,0
5.7292014e-05,0
9.081631e-05,0
0.000128328,0
2.0876481e-05,0
9.3191156e-05,0
1.7452048e-05,0
2.268238e-05,0
5.273004e-05,0
0.0022830218,0
2.7393076e-05,0
2.2145668e-05,0
0.00010152934,0
1.988312e-05,0
4.0078663e-05,0
1.6083151e-05,0
5.023819e-05,0
2.3418392e-05,0
0.00050061475,0
2.1363801e-05,0
0.00011951453,0
0.0007311411,0
0.000104995495,0
2.7345544e-05,0
1.5697773e-05,0
2.3754385e-05,0
0.011883751,0
0.0015920771,0
0.0009581769,0
9.819371e-05,0
0.00020445215,0
2.7440754e-05,0
2.4636836e-05,0
1.6032707e-05,0
0.00014329204,0
2.1106662e-05,0
6.114172e-05,0
0.00014911298,0
0.00016367638,0
2.2732407e-05,0
2.8061935e-05,0
9.612555e-05,0
2.0891513e-05,0
2.0341728e-05,0
0.00018650868,0
2.4720111e-05,0
0.00018318195,0
0.00013113207,0
2.388405e-05,0
0.0001369056,0
1.5847327e-05,0
2.0194953e-05,0
2.321989e-05,0
0.00014335944,0
4.8060756e-05,0
2.4094941e-05,0
5.4745724e-05,0
2.3258697e-05,0
5.1037077e-05,0
1.0594311e-05,0
5.0350456e-05,0
0.00057766464,0
2.3282066e-05,0
2.5759224e-05,0
0.00021824222,0
2.8732238e-05,0
0.0031944881,0
2.1127255e-05,0
4.8311966e-05,0
5.521902e-05,0
0.00017657412,0
2.3138375e-05,0
0.008434447,0
2.695143e-05,0
0.00256419,0
0.0003236353,0
2.280593e-05,0
0.00010447348,0
1.9727539e-05,0
6.4999025e-05,0
1.4390372e-05,0
0.017685033,0
0.008902341,0
2.1416688e-05,0
1.6090105e-05,0
0.00055419013,0
0.00028197074,0
9.79693e-06,0
0.00016933397,0
0.00019561833,0
0.00025221438,0
9.385358e-05,0
5.5122237e-05,0
1.9195519e-05,0
1.9207011e-05,0
1.9562094e-05,0
2.70743e-05,0
2.8932713e-05,0
0.00012001302,0
2.1285314e-05,0
0.00010421638,0
0.00015179832,0
9.891908e-05,0
1.9302344e-05,0
5.2917367e-05,0
7.187933e-05,0
6.7962785e-05,0
2.4685558e-05,0
2.7094096e-05,0
8.8689754e-05,0
1.988002e-05,0
1.2248476e-05,0
0.00030978958,0
0.0004466369,0
5.2480253e-05,0
1.1468899e-05,0
1.5551248e-05,0
3.313865e-05,0
1.4087834e-05,0
2.9099805e-05,0
1.6566506e-05,0
0.0073581454,0
6.3509055e-05,0
4.0719206e-05,0
0.011619919,0
1.9883664e-05,0
2.9350731e-05,0
0.0002823819,0
2.133152e-05,0
3.6990703e-05,0
0.0004086214,0
1.9293078e-05,0
6.952281e-05,0
2.7055354e-05,0
4.9322647e-05,0
7.6532415e-05,0
1.6329677e-05,0
9.375126e-05,0
0.00020327514,0
6.3553816e-05,0
2.3185685e-05,0
0.005798863,0
0.011343036,0
0.00022896416,0
5.0548257e-05,0
2.9581544e-05,0
2.576377e-05,0
0.0001688143,0
1.8038272e-05,0
2.5913992e-05,0
5.0889837e-05,0
0.0004920931,0
1.2278873e-05,0
1.5389815e-05,0
1.7562747e-05,0
0.00017272592,0
1.2270047e-05,0
0.00048886624,0
1.9738625e-05,0
0.00062529556,0
4.559106e-05,0
0.00042290371,0
0.00069692935,0
6.8419045e-05,0
0.001264059,0
0.00019508797,0
3.205356e-05,0
2.2760329e-05,0
0.00011283141,0
7.1563656e-05,0
2.7773149e-05,0
3.0467192e-05,0
2.6497602e-05,0
4.936521e-05,0
2.7987628e-05,0
0.00011266452,0
0.00030913154,0
0.0071037575,0
2.1402493e-05,0
2.209241e-05,0
0.00061279634,0
3.9291666e-05,0
0.00010011057,0
0.00038095767,0
9.119171e-05,0
0.0010749671,0
0.00046078794,0
1.7008757e-05,0
0.00050641847,0
1.8350516e-05,0
0.0010671184,0
0.00022327201,0
2.644216e-05,0
2.645846e-05,0
1.5565276e-05,0
4.595888e-05,0
5.4913548e-05,0
3.842137e-05,0
1.50099095e-05,0
2.904838e-05,0
8.042134e-05,0
4.759351e-05,0
7.315351e-05,0
8.613599e-05,0
4.5469184e-05,0
4.7191093e-05,0
0.00019624762,0
0.00010910017,0
0.006261116,0
0.000108193,0
0.00020284581,0
2.8507633e-05,0
1.15587545e-05,0
0.00058039237,0
5.747889e-05,0
1.928075e-05,0
8.297147e-05,0
5.8384267e-05,0
0.0001023245,0
0.009777931,0
4.1827774e-05,0
2.0544736e-05,0
3.6757567e-05,0
0.0004605304,0
0.00014115461,0
3.4860364e-05,0
2.4622275e-05,0
3.8419177e-05,0
0.00011995716,0
3.3488075e-05,0
2.5527064e-05,0
4.2970318e-05,0
0.00042749694,0
0.014357487,0
0.00016399228,0
0.00056486507,0
1.2327631e-05,0
1.6267371e-05,0
2.5426289e-05,0
0.0062978817,0
0.00069507863,0
0.00121518,0
4.0406358e-05,0
0.00012375435,0
1.9938157e-05,0
5.689769e-05,0
2.2214277e-05,0
0.0015271349,0
5.0055216e-05,0
6.8695175e-05,0
4.089406e-05,0
0.00010726835,0
9.686423e-05,0
0.0005833248,0
2.0621423e-05,0
0.00018638078,0
0.00037175382,0
0.00047245205,0
1.2314988e-05,0
2.971756e-05,0
0.000115778756,0
3.9706516e-05,0
5.2281528e-05,0
5.4123302e-05,0
2.422041e-05,0
1.9564703e-05,0
5.2168736e-05,0
2.5874984e-05,0
1.286852e-05,0
5.732925e-05,0
0.0001774881,0
0.017446505,0
2.3552062e-05,0
9.5923286e-05,0
0.0001559376,0
9.6326476e-05,0
2.5279256e-05,0
0.0004723289,0
2.0639216e-05,0
8.949708e-05,0
5.9781534e-05,0
0.004423122,0
3.8343198e-05,0
3.1493084e-05,0
1.6153686e-05,0
2.6251095e-05,0
2.304684e-05,0
2.5071644e-05,0
7.109018e-05,0
0.000102808284,0
1.3176936e-05,0
0.0008578073,0
1.0964767e-05,0
1.8009352e-05,0
8.980793e-05,0
3.1605043e-05,0
0.0004981976,0
2.1937787e-05,0
2.8156437e-05,0
0.00017634955,0
2.9363697e-05,0
3.362417e-05,0
4.8383135e-05,0
2.3725126e-05,0
5.794901e-05,0
0.00037452104,0
1.4233129e-05,0
0.00019482672,0
2.4130664e-05,0
3.362096e-05,0
2.70243e-05,0
3.610288e-05,0
0.00015254479,0
0.0010250001,0
9.1026464e-05,0
0.008091807,0
2.4159757e-05,0
2.5599427e-05,0
2.5545813e-05,0
0.00017764673,0
4.9671027e-05,0
0.00080316624,0
2.0537318e-05,0
0.001186089,0
2.6358884e-05,0
0.00019256385,0
5.2638607e-05,0
0.00070203224,0
0.0001801249,0
2.9189134e-05,0
2.5077976e-05,0
3.8384824e-05,0
2.144757e-05,0
0.014747875,0
5.7840658e-05,0
5.000496e-05,0
4.8987138e-05,0
0.01092341,0
9.695138e-05,0
3.02707e-05,0
2.1776275e-05,0
1.8049557e-05,0
2.1187783e-05,0
0.008693192,0
4.2836193e-05,0
3.023788e-05,0
1.3976897e-05,0
1.6570855e-05,0
4.9787563e-05,0
2.1349882e-05,0
2.1220882e-05,0
7.642952e-05,0
0.00013377462,0
2.3613045e-05,0
1.5703341e-05,0
0.00054670445,0
2.5806858e-05,0
6.777231e-05,0
2.5512889e-05,0
6.783649e-05,0
3.3142544e-05,0
0.000100252466,0
0.0002419259,0
0.000113603455,0
3.8727358e-05,0
4.8565293e-05,0
0.00022890115,0
6.965864e-05,0
3.8491573e-05,0
9.352104e-05,0
5.11757e-05,0
6.2258274e-05,0
3.5996658e-05,0
1.5678452e-05,0
3.6764122e-05,0
0.000120426725,0
2.5904948e-05,0
1.9289024e-05,0
3.5035875e-05,0
0.0036776445,0
0.00011736711,0
1.9276955e-05,0
2.6148944e-05,0
0.00047885205,0
2.0339923e-05,0
0.00027050643,0
1.8843e-05,0
2.5072744e-05,0
0.00010887994,0
2.1117601e-05,0
0.0001985146,0
5.240345e-05,0
9.79609e-05,0
0.0015973469,0
1.1772776e-05,0
0.00021463128,0
4.1585423e-05,0
0.012262248,0
0.0010080342,0
1.2874298e-05,0
0.00014130486,0
0.00132784,0
7.834971e-05,0
0.0008093865,0
0.00036510744,0
5.480981e-05,0
4.582235e-05,0
2.9278983e-05,0
2.8622993e-05,0
0.00032601404,0
1.9508845e-05,0
0.000100181445,0
0.00018106215,0
0.00024021779,0
1.3429126e-05,0
4.8504426e-05,0
0.0006813539,0
0.00019952471,0
0.00013190835,0
1.0880214e-05,0
1.5461464e-05,0
1.4989478e-05,0
0.0002357398,0
6.4221094e-05,0
2.0770722e-05,0
2.3087348e-05,0
0.00010518492,0
5.6244113e-05,0
1.8930255e-05,0
0.000117592754,0
2.5475485e-05,0
0.000949354,0
2.0487832e-05,0
2.6130885e-05,0
1.1933468e-05,0
0.0005145132,0
6.1292725e-05,0
1.1779543e-05,0
0.00043353575,0
1.6394588e-05,0
2.7158643e-05,0
3.022094e-05,0
0.0004247253,0
0.00011339227,0
5.6179517e-05,0
1.9216786e-05,0
2.6530293e-05,0
2.6802341e-05,0
5.972358e-05,0
5.308737e-05,0
4.5381737e-05,0
5.3498923e-05,0
3.467358e-05,0
0.00013457403,0
0.00016541572,0
1.3443773e-05,0
2.0911231e-05,0
5.9656588e-05,0
0.00025920395,0
2.9895618e-05,0
2.105775e-05,0
1.9602223e-05,0
2.7757567e-05,0
7.682158e-05,0
2.3300305e-05,0
2.1782243e-05,0
0.0012965712,0
0.00016313959,0
2.1547363e-05,0
5.2513016e-05,0
9.86124e-05,0
0.000197207,0
0.00015121013,0
0.00014023526,0
1.6748165e-05,0
1.964806e-05,0
3.244394e-05,0
0.00013836054,0
5.5488956e-05,0
0.009967783,0
8.608239e-05,0
2.4038833e-05,0
5.5205768e-05,0
0.00022621149,0
3.6418125e-05,0
2.2154343e-05,0
2.0543937e-05,0
8.829826e-05,0
2.4057606e-05,0
6.0647333e-05,0
0.00010180146,0
0.000102471924,0
6.1957595e-05,0
1.128886e-05,0
1.8673443e-05,0
0.01590155,0
1.567529e-05,0
4.3653552e-05,0
0.011569148,0
1.9300616e-05,0
0.000105192754,0
8.171727e-05,0
0.000156222,0
8.817981e-05,0
1.4218689e-05,0
7.096863e-05,0
0.010839194,0
4.8073893e-05,0
0.0003193277,0
2.7488031e-05,0
0.0002129851,0
8.407714e-05,0
0.00010999279,0
3.398638e-05,0
3.4612163e-05,0
0.0004979395,0
9.7153265e-05,0
2.6605818e-05,0
0.018191958,0
9.297334e-06,0
2.179173e-05,0
0.010653512,0
2.3263268e-05,0
9.748294e-05,0
0.000100033176,0
4.984887e-05,0
0.00090803846,0
7.750638e-05,0
3.469425e-05,0
1.563595e-05,0
0.0022147032,0
4.8423743e-05,0
3.2990214e-05,0
2.2307207e-05,0
1.2658629e-05,0
1.9351497e-05,0
9.0545764e-05,0
0.014073465,0
3.1385753e-05,0
2.7793112e-05,0
0.00044898863,0
0.012254301,0
0.0004004446,0
1.4204265e-05,0
1.8598017e-05,0
0.0037501745,0
2.610359e-05,0
5.286847e-05,0
2.8275697e-05,0
2.853497e-05,0
4.915491e-05,0
3.279388e-05,0
2.367149e-05,0
4.2675354e-05,0
2.5652695e-05,0
2.1991165e-05,0
7.683351e-05,0
0.00035377155,0
2.8152823e-05,0
0.00020448373,0
1.078294e-05,0
3.680951e-05,0
0.013154081,0
8.727201e-05,0
0.00011777618,0
3.6895217e-05,0
1.5271758e-05,0
6.44887e-05,0
0.00017950815,0
4.8329883e-05,0
2.6595531e-05,0
0.0011751686,0
0.00013477835,0
2.4225437e-05,0
0.00020977293,0
5.5581197e-05,0
8.1041806e-05,0
5.581711e-05,0
0.00017818777,0
4.9026577e-05,0
0.0004154899,0
0.00010051637,0
0.0010660884,0
2.8629609e-05,0
3.250784e-05,0
0.0005815668,0
0.0022813075,0
0.0001454393,0
5.4263928e-05,0
0.000111817295,0
4.1104693e-05,0
4.7904923e-05,0
1.8077324e-05,0
0.0004872624,0
2.0513598e-05,0
2.7334601e-05,0
0.000109946996,0
2.1244598e-05,0
2.2969023e-05,0
1.7254215e-05,0
2.266971e-05,0
1.1734884e-05,0
0.0001701912,0
7.422766e-05,0
2.1511312e-05,0
2.6951695e-05,0
2.5840567e-05,0
0.000104689716,0
0.0019297921,0
8.5885404e-05,0
7.397263e-05,0
1.1669208e-05,0
1.715065e-05,0
1.9878244e-05,0
0.00010668169,0
0.0006673633,0
2.2135602e-05,0
2.3850127e-05,0
0.00033111384,0
3.0121511e-05,0
1.6241063e-05,0
2.874407e-05,0
4.3928096e-05,0
2.103511e-05,0
0.00017071776,0
1.8007706e-05,0
0.0060623386,0
3.1729112e-05,0
1.8282908e-05,0
2.3464687e-05,0
2.5641602e-05,0
0.00016628305,0
0.00032815075,0
2.0575564e-05,0
0.00010296182,0
2.1187301e-05,0
2.6774003e-05,0
2.0016305e-05,0
5.696195e-05,0
0.00022199159,0
1.9443562e-05,0
0.00022605393,0
0.00010193468,0
2.6932023e-05,0
0.002580066,0
5.687471e-05,0
3.9764964e-05,0
4.9381782e-05,0
2.1623371e-05,0
2.1836779e-05,0
3.9703198e-05,0
0.0029656226,0
1.859086e-05,0
9.110284e-06,0
2.7766187e-05,0
0.00043965,0
5.6988214e-05,0
4.851418e-05,0
2.0165195e-05,0
4.9654715e-05,0
2.2759901e-05,0
1.41462515e-05,0
0.001031979,0
4.889918e-05,0
4.976849e-05,0
7.805982e-05,0
1.2484627e-05,0
1.4771685e-05,0
0.00015770619,0
2.2474098e-05,0
2.2866334e-05,0
0.00011059806,0
0.000115350405,0
0.0006691231,0
2.4986934e-05,0
1.4801733e-05,0
9.397036e-05,0
0.013738735,0
0.00060989923,0
9.350352e-05,0
0.0122729475,0
0.00013513026,0
0.0035662942,0
1.0775959e-05,0
2.350308e-05,0
0.0005694695,0
3.500067e-05,0
4.2119853e-05,0
1.4391823e-05,0
0.00011191738,0
3.4656994e-05,0
0.00012504647,0
0.00036595503,0
0.00011378928,0
2.4917965e-05,0
5.4060125e-05,0
1.5099929e-05,0
2.1521057e-05,0
2.0970909e-05,0
1.1563876e-05,0
3.9287206e-05,0
4.99388e-05,0
0.00027689643,0
2.184672e-05,0
2.0351586e-05,0
2.50438e-05,0
1.7184839e-05,0
9.562863e-05,0
2.0294676e-05,0
0.00016126203,0
0.00043902925,0
1.4080602e-05,0
5.185079e-05,0
2.5136718e-05,0
2.8220562e-05,0
1.3630193e-05,0
0.0011871447,0
0.00012516689,0
3.6925972e-05,0
1.623422e-05,0
3.656305e-05,0
6.3435466e-05,0
0.016824102,0
2.7193155e-05,0
3.5112298e-05,0
0.0010561587,0
0.00012527624,0
0.00015693624,0
0.0003406337,0
1.1703307e-05,0
0.00308575,0
1.9188876e-05,0
9.8078875e-05,0
3.3407152e-05,0
0.00010034375,0
2.8101462e-05,0
6.6818655e-05,0
2.2220804e-05,0
0.00016463977,0
1.170574e-05,0
1.972768e-05,0
2.3012537e-05,0
1.9565337e-05,0
0.0013939443,0
0.000111061134,0
1.41313085e-05,0
7.00748e-05,0
0.0001435499,0
0.0010357399,0
0.0010873555,0
1.7744269e-05,0
1.9705052e-05,0
0.00034346868,0
0.00015377474,0
1.9826923e-05,0
2.4989946e-05,0
0.00032373707,0
2.6052247e-05,0
0.001178544,0
6.0785453e-05,0
6.9771566e-05,0
1.20567975e-05,0
0.00015318295,0
2.7041313e-05,0
4.4570872e-05,0
9.898452e-05,0
9.412182e-05,0
0.000100600715,0
5.5143482e-05,0
2.85562e-05,0
0.0001526883,0
1.4518023e-05,0
3.9654973e-05,0
5.93136e-05,0
0.000103022554,0
4.6954658e-05,0
3.8548413e-05,0
6.108376e-05,0
1.212797e-05,0
2.1492755e-05,0
8.682779e-05,0
1.9877103e-05,0
2.7664852e-05,0
1.5481019e-05,0
4.8821796e-05,0
9.821296e-05,0
0.00024993037,0
2.5472722e-05,0
0.0004063357,0
1.6042732e-05,0
2.9483212e-05,0
9.897844e-05,0
6.33272e-05,0
3.4000313e-05,0
6.024078e-05,0
0.0038777036,0
2.8954044e-05,0
1.6253594e-05,0
4.550308e-05,0
1.6947792e-05,0
0.007584564,0
0.0060321423,0
6.884138e-05,0
1.6532493e-05,0
2.7414684e-05,0
2.1459868e-05,0
9.603553e-05,0
0.003109333,0
2.579198e-05,0
0.0016244588,0
5.9680868e-05,0
2.1129736e-05,0
0.00020345325,0
2.715534e-05,0
0.00057792506,0
0.00017083451,0
7.7116645e-05,0
2.1575486e-05,0
1.934455e-05,0
2.2897542e-05,0
0.00015129536,0
3.2951713e-05,0
2.7459202e-05,0
1.456986e-05,0
7.981746e-05,0
8.985642e-05,0
0.00010671089,0
3.6551093e-05,0
1.9197041e-05,0
0.0010078499,0
1.9617348e-05,0
3.1587835e-05,0
3.7359565e-05,0
0.00013236342,0
0.00037187585,0
2.482415e-05,0
0.000115599505,0
0.000694406,0
0.0016737331,0
7.058109e-05,0
3.2690798e-05,0
3.4821514e-05,0
0.0002589599,0
9.95181e-05,0
0.00019771462,0
9.849419e-05,0
0.0073620854,0
0.0010215313,0
1.9485451e-05,0
0.000117566604,0
4.2380274e-05,0
1.256246e-05,0
0.0001254399,0
2.729715e-05,0
2.3651066e-05,0
2.6302047e-05,0
1.6444448e-05,0
5.315229e-05,0
4.984417e-05,0
4.2385716e-05,0
0.0002085096,0
0.0006822498,0
1.7579578e-05,0
0.00044658955,0
1.9707868e-05,0
1.9058181e-05,0
0.0001013522,0
0.000320687,0
0.0013492776,0
0.0007640515,0
0.00198688,0
0.0001401649,0
2.0983705e-05,0
2.5298445e-05,0
1.9669189e-05,0
0.0002450101,0
3.3879805e-05,0
5.298579e-05,0
4.2419415e-05,0
1.9479932e-05,0
2.2657603e-05,0
2.6241074e-05,0
1.9046312e-05,0
1.229881e-05,0
1.45222975e-05,0
0.00663302,0
1.47022965e-05,0
0.0001172535,0
5.9593316e-05,0
0.00010866792,0
1.9742847e-05,0
2.2026003e-05,0
9.927556e-05,0
0.00030446675,0
0.0001229846,0
5.441583e-05,0
1.682951e-05,0
4.3539756e-05,0
0.0003573727,0
1.6705098e-05,0
2.7520706e-05,0
5.199497e-05,0
1.9593348e-05,0
2.5032272e-05,0
0.00014276752,0
9.51362e-05,0
2.2267279e-05,0
3.144986e-05,0
1.9853458e-05,0
2.0370282e-05,0
9.296568e-05,0
0.00013515505,0
5.1417308e-05,0
1.9642952e-05,0
3.145029e-05,0
0.0007361401,0
0.003534197,0
0.00047549195,0
2.1830132e-05,0
2.7118433e-05,0
0.0020508047,0
0.00012326128,0
1.3228696e-05,0
0.00028449332,0
4.8598824e-05,0
0.0015317416,0
9.6430536e-05,0
0.00029741554,0
1.9828913e-05,0
0.0002289111,0
1.0434598e-05,0
3.853471e-05,0
9.3392875e-05,0
9.05982e-05,0
2.8149185e-05,0
9.8573815e-05,0
0.0066397204,0
2.3967255e-05,0
0.020845061,0
0.0072992365,0
6.5186556e-05,0
0.015994731,0
2.4618343e-05,0
9.9245306e-05,0
0.00011271258,0
8.9977366e-05,0
2.5406429e-05,0
0.0005855673,0
1.936659e-05,0
2.640369e-05,0
0.0029169926,0
1.9430718e-05,0
1.4317567e-05,0
0.00022264323,0
3.7540394e-05,0
6.551991e-05,0
4.93879e-05,0
2.672018e-05,0
1.2585832e-05,0
2.5348465e-05,0
5.9500337e-05,0
0.00017282339,0
0.0015417204,0
2.9644683e-05,0
0.000256381,0
0.0021888288,0
0.00047971515,0
1.9250705e-05,0
0.02097421,0
1.5462225e-05,0
5.2599793e-05,0
1.5163511e-05,0
2.290622e-05,0
4.277064e-05,0
2.4865809e-05,0
2.0089183e-05,0
0.00019375538,0
0.00012303368,0
0.0019832249,0
2.0006224e-05,0
6.105232e-05,0
2.1815806e-05,0
3.154428e-05,0
1.2241342e-05,0
6.776867e-05,0
0.00026732543,0
2.0270903e-05,0
1.6320006e-05,0
0.012312129,0
0.00011500681,0
2.3687397e-05,0
2.2208487e-05,0
3.7122674e-05,0
5.4321583e-05,0
3.223036e-05,0
2.0082687e-05,0
0.0002815911,0
8.753858e-05,0
3.641347e-05,0
1.9228743e-05,0
1.9616698e-05,0
2.0291065e-05,0
2.4960445e-05,0
1.0926736e-05,0
7.921832e-05,0
0.00018138546,0
0.00061581563,0
9.498714e-05,0
0.00010193999,0
2.5312485e-05,0
7.301967e-05,0
4.949166e-05,0
0.00029792968,0
5.01171e-05,0
1.7494442e-05,0
0.00015062529,0
2.0649848e-05,0
3.1887008e-05,0
1.319859e-05,0
0.00016150692,0
0.00054337597,0
2.6943295e-05,0
2.8879835e-05,0
0.00056696637,0
2.8867556e-05,0
2.4404726e-05,0
4.655618e-05,0
4.785533e-05,0
2.0846664e-05,0
0.020144816,0
0.00017525547,0
2.1814023e-05,0
0.0008525079,0
0.00043573795,0
2.548612e-05,0
7.5748496e-05,0
9.429386e-05,0
0.00012303377,0
0.0024269666,0
0.014416312,0
1.3897764e-05,0
2.8893142e-05,0
5.393855e-05,0
6.223589e-05,0
0.0004188414,0
9.008915e-05,0
0.00059218047,0
2.927649e-05,0
0.0013140772,0
1.3091857e-05,0
9.778158e-05,0
0.0010572145,0
4.8351103e-05,0
2.695947e-05,0
0.0001457769,0
2.7854092e-05,0
0.0012228825,0
1.9750862e-05,0
6.254937e-05,0
3.6890342e-05,0
0.0014674519,0
0.0002961799,0
1.4572247e-05,0
4.8294663e-05,0
0.0002233591,0
1.977281e-05,0
3.3402e-05,0
0.00022386742,0
1.7792425e-05,0
6.774755e-05,0
0.0023121596,0
0.0001984143,0
5.690697e-05,0
1.28633865e-05,0
0.00013191682,0
0.0013762716,0
0.0029609276,0
2.4536002e-05,0
1.45961185e-05,0
0.00024845457,0
5.622282e-05,0
3.609904e-05,0
0.000117982956,0
1.4884937e-05,0
1.1705832e-05,0
6.747718e-05,0
0.00021267876,0
1.9272966e-05,0
4.1428935e-05,0
0.0071927067,0
2.632921e-05,0
2.4666298e-05,0
0.00019067939,0
0.0001881071,0
0.00020260198,0
1.4366904e-05,0
0.0068966313,0
0.000261209,0
0.00015551726,0
0.0005318094,0
9.653469e-06,0
0.0019569632,0
0.011946584,0
1.1488959e-05,0
2.050642e-05,0
2.351522e-05,0
5.5452096e-05,0
0.00027226756,0
2.0294392e-05,0
0.00017730618,0
9.59403e-05,0
0.0001147274,0
0.00056601095,0
4.2363918e-05,0
1.9489604e-05,0
0.00011699059,0
9.326964e-05,0
2.6178906e-05,0
9.938055e-05,0
2.618843e-05,0
1.4286764e-05,0
1.5535703e-05,0
5.4783828e-05,0
0.00012159852,0
0.00013260033,0
3.263563e-05,0
1.9784711e-05,0
1.4152259e-05,0
2.0848636e-05,0
4.881387e-05,0
2.3912437e-05,0
0.00062830816,0
0.00018535477,0
0.00014262249,0
0.00027226735,0
9.170166e-05,0
0.00011385756,0
2.0099706e-05,0
2.17674e-05,0
0.00026421435,0
1.3595127e-05,0
1.5814076e-05,0
8.377096e-05,0
3.75345e-05,0
5.583464e-05,0
7.578097e-05,0
8.5481675e-05,0
0.0002221009,0
0.0006211666,0
1.7178125e-05,0
0.00023633295,0
1.765415e-05,0
0.00033533789,0
2.7776505e-05,0
2.4791292e-05,0
0.0005167606,0
6.0036156e-05,0
0.00016240675,0
2.7399692e-05,0
0.000114478775,0
6.0437542e-05,0
5.437412e-05,0
6.375668e-05,0
3.0511465e-05,0
6.777503e-05,0
4.4703465e-05,0
2.248441e-05,0
7.2663875e-05,0
4.8314112e-05,0
0.000115039395,0
1.9441231e-05,0
9.6331816e-05,0
2.8542516e-05,0
2.2980457e-05,0
6.3163505e-05,0
9.5923606e-05,0
8.690372e-05,0
0.00020537006,0
2.0894575e-05,0
0.0037368238,0
5.8072703e-05,0
9.834729e-05,0
1.2998275e-05,0
4.5481647e-05,0
0.0012497123,0
1.6206226e-05,0
3.3566936e-05,0
4.5208024e-05,0
0.00023005027,0
7.952516e-05,0
0.0019508993,0
0.00010528987,0
0.00029066452,0
0.00028157042,0
2.9137842e-05,0
0.0004060911,0
1.919761e-05,0
2.7291519e-05,0
3.0993186e-05,0
5.8364498e-05,0
0.000113813425,0
3.4864366e-05,0
2.0148518e-05,0
3.695154e-05,0
1.929908e-05,0
0.000206406,0
0.00010270448,0
2.0448999e-05,0
8.412647e-05,0
7.016432e-05,0
1.3273773e-05,0
1.4829026e-05,0
2.2484583e-05,0
2.3621542e-05,0
1.51900285e-05,0
3.4663793e-05,0
5.3913933e-05,0
4.7505448e-05,0
9.605518e-05,0
0.003990692,0
0.00028181743,0
1.2988902e-05,0
0.0066907923,0
3.189334e-05,0
1.564819e-05,0
7.487247e-05,0
1.923744e-05,0
0.00011699599,0
2.3507302e-05,0
5.5677676e-05,0
2.1835856e-05,0
8.8704975e-05,0
0.0008993666,0
4.937005e-05,0
0.0013079317,0
1.1027166e-05,0
1.3323522e-05,0
2.8389699e-05,0
9.756186e-05,0
4.4113982e-05,0
0.0022948685,0
1.2868588e-05,0
0.00031311318,0
0.0010280213,0
0.0002899847,0
1.6770668e-05,0
1.3459661e-05,0
4.1697556e-05,0
2.532059e-05,0
2.1559872e-05,0
0.00012070874,0
0.00021431898,0
2.0810601e-05,0
2.0476185e-05,0
2.5697533e-05,0
2.3520486e-05,0
1.3188712e-05,0
7.3146e-05,0
3.2389744e-05,0
0.0003756029,0
0.00015056813,0
0.00019712717,0
1.4205031e-05,0
1.925508e-05,0
3.1030133e-05,0
2.1853251e-05,0
0.0011910269,0
0.0035568562,0
2.2223465e-05,0
1.4346655e-05,0
9.82323e-05,0
0.00084170495,0
9.644615e-05,0
5.946866e-05,0
6.380203e-05,0
0.0024919512,0
1.9562529e-05,0
3.7259586e-05,0
2.6842386e-05,0
0.0028089234,0
0.00010459679,0
5.5713157e-05,0
2.8715715e-05,0
5.5911732e-05,0
2.0485331e-05,0
2.2397167e-05,0
0.00071140745,0
7.075221e-05,0
2.0509704e-05,0
9.515482e-05,0
2.4076038e-05,0
2.6879668e-05,0
2.7843047e-05,0
0.0071960418,0
0.00014123738,0
5.1056082e-05,0
0.009831413,0
0.0029640107,0
0.0010963974,0
2.5711117e-05,0
2.8568804e-05,0
0.00014055958,0
0.00076196215,0
0.00030450418,0
8.814243e-05,0
8.523767e-05,0
0.00011335458,0
5.250395e-05,0
9.832533e-05,0
7.151399e-05,0
0.010782829,0
0.00474728,0
2.9350205e-05,0
1.7881615e-05,0
4.458185e-05,0
0.00012248738,0
9.5586176e-05,0
8.451439e-05,0
2.8837181e-05,0
1.2426213e-05,0
1.7046372e-05,0
9.938077e-05,0
0.008502311,0
3.8706607e-05,0
9.6365e-05,0
3.068621e-05,0
1.6104448e-05,0
0.00067435246,0
0.0072191623,0
1.9378256e-05,0
2.4704894e-05,0
0.00017519521,0
5.2351246e-05,0
5.3046744e-05,0
0.004271212,0
3.1320633e-05,0
0.0002614279,0
1.9280029e-05,0
1.6451091e-05,0
1.6387365e-05,0
4.8753922e-05,0
6.4742766e-05,0
2.0464615e-05,0
9.364328e-05,0
1.8666196e-05,0
2.1762424e-05,0
2.7719383e-05,0
1.542886e-05,0
3.4492707e-05,0
7.1526345e-05,0
0.0013269379,0
0.00043161504,0
2.0714755e-05,0
3.50171e-05,0
0.00017352255,0
0.00031204437,0
0.007351074,0
1.5541016e-05,0
2.2252263e-05,0
4.4793174e-05,0
5.045037e-05,0
0.00016311847,0
6.2586834e-05,0
2.182343e-05,0
3.1873376e-05,0
1.924095e-05,0
1.1453608e-05,0
7.672823e-05,0
9.386534e-05,0
3.0330217e-05,0
4.27632e-05,0
5.6411398e-05,0
3.4663113e-05,0
8.5392894e-05,0
5.100724e-05,0
4.4673743e-05,0
0.0004520013,0
3.7733327e-05,0
4.2723714e-05,0
1.6782127e-05,0
2.4828418e-05,0
0.00013564118,0
0.00788371,0
0.00012407979,0
5.899668e-05,0
2.2089042e-05,0
4.429549e-05,0
2.984298e-05,0
2.4251778e-05,0
0.00012234211,0
0.00048617492,0
0.0008669637,0
3.6353253e-05,0
4.5232602e-05,0
9.762386e-05,0
2.0770485e-05,0
2.1350923e-05,0
3.059199e-05,0
0.0046082125,0
7.792679e-05,0
2.0733447e-05,0
6.143558e-05,0
0.0001626399,0
0.004723067,0
0.00041933722,0
0.000115073155,0
2.1612263e-05,0
2.8761264e-05,0
9.980173e-05,0
2.0425137e-05,0
0.0012113183,0
0.0003472344,0
1.3180285e-05,0
0.00017750477,0
2.008824e-05,0
1.8994642e-05,0
0.00010522206,0
0.0006965936,0
1.7559936e-05,0
0.00059817027,0
0.00010260888,0
0.002439121,0
4.4002467e-05,0
0.00029728617,0
5.570675e-05,0
1.8973595e-05,0
2.642878e-05,0
4.3039086e-05,0
4.7142392e-05,0
2.53705e-05,0
2.0677826e-05,0
5.642073e-05,0
1.9281042e-05,0
0.006089486,0
5.5539356e-05,0
0.00014171739,0
1.8715078e-05,0
0.009140911,0
2.6049787e-05,0
1.0295468e-05,0
0.00043809006,0
0.00016921345,0
5.4980683e-05,0
0.0019264327,0
6.747685e-05,0
1.27201565e-05,0
2.0859246e-05,0
1.9240402e-05,0
1.9504587e-05,0
2.4027304e-05,0
2.848952e-05,0
5.2394284e-05,0
7.13543e-05,0
0.00011284622,0
1.2720097e-05,0
7.637877e-05,0
1.0312746e-05,0
2.4547411e-05,0
0.0005364818,0
6.5976885e-05,0
8.398073e-05,0
4.8011672e-05,0
0.00018317593,0
0.000261896,0
1.4867094e-05,0
0.00013201465,0
1.8106366e-05,0
4.511978e-05,0
0.000103047685,0
6.459196e-05,0
0.0011699477,0
2.5128726e-05,0
5.7225418e-05,0
0.00012574776,0
6.493686e-05,0
1.9578281e-05,0
1.9195699e-05,0
2.146924e-05,0
2.679377e-05,0
1.6033368e-05,0
2.3231167e-05,0
9.674298e-06,0
4.5127734e-05,0
1.5790623e-05,0
1.5802001e-05,0
4.075003e-05,0
9.513386e-06,0
3.733854e-05,0
7.753498e-05,0
1.834258e-05,0
0.00017492457,0
0.002160873,0
0.010665936,0
0.00013656162,0
1.1821478e-05,0
0.0001662447,0
0.0014367842,0
0.00018059502,0
0.00033065962,0
0.00014170735,0
1.8978384e-05,0
0.0011874842,0
2.800392e-05,0
8.4579115e-05,0
2.180979e-05,0
3.1416603e-05,0
5.7963527e-05,0
1.6133537e-05,0
2.6262944e-05,0
0.00010894829,0
9.266685e-05,0
2.8015744e-05,0
2.1810021e-05,0
0.000994355,0
3.941017e-05,0
0.00036759596,0
2.061783e-05,0
0.0014956223,0
2.2373111e-05,0
0.017757386,0
2.9089691e-05,0
0.00013415473,0
2.586668e-05,0
4.2403906e-05,0
0.00011271248,0
0.0006222529,0
0.00012696683,0
5.619574e-05,0
4.0755738e-05,0
9.6039366e-05,0
6.21682e-05,0
1.970619e-05,0
1.9880232e-05,0
0.0003998827,0
2.8845809e-05,0
3.035986e-05,0
1.6511494e-05,0
3.1614094e-05,0
2.1535623e-05,0
6.9594564e-05,0
1.937587e-05,0
6.615201e-05,0
0.0003668092,0
2.8694833e-05,0
0.0035279754,0
9.694625e-05,0
3.1789696e-05,0
5.768904e-05,0
0.0012960954,0
0.001768073,0
5.800791e-05,0
6.181908e-05,0
6.767438e-05,0
2.5744468e-05,0
3.8676055e-05,0
2.7283331e-05,0
7.948292e-05,0
0.00016973975,0
0.00013268799,0
0.00013428116,0
3.654673e-05,0
0.00024369816,0
4.8461046e-05,0
6.636154e-05,0
4.979258e-05,0
1.7113747e-05,0
1.9279765e-05,0
0.00020888956,0
1.964199e-05,0
0.00013979651,0
0.00037991581,0
8.287191e-05,0
1.9295034e-05,0
0.00052230747,0
3.2793723e-05,0
7.179122e-05,0
2.3840026e-05,0
7.305561e-05,0
0.00011717198,0
1.879602e-05,0
4.427159e-05,0
5.871302e-05,0
0.00014579968,0
0.0107148355,0
3.086884e-05,0
8.679418e-05,0
0.00012076445,0
0.00018949439,0
2.7719789e-05,0
3.8461403e-05,0
0.00039512577,0
0.001560382,0
1.571022e-05,0
0.00020229584,0
0.0015829048,0
1.3829097e-05,0
2.7204223e-05,0
0.0013347142,0
0.009725738,0
0.007392458,0
0.0004276032,0
2.111397e-05,0
1.3554404e-05,0
0.0031140852,0
4.8814785e-05,0
0.00014783841,0
4.090407e-05,0
1.8627159e-05,0
0.00042443903,0
1.1067361e-05,0
1.9643232e-05,0
2.1243863e-05,0
0.0009836124,0
0.00016289655,0
8.236826e-05,0
0.0010775686,0
1.7124232e-05,0
8.238329e-05,0
0.0010216527,0
7.395342e-05,0
2.4506551e-05,0
1.5204186e-05,0
9.629812e-06,0
0.0004064042,0
0.003035933,0
4.914024e-05,0
0.000107727,0
7.032189e-05,0
2.3894907e-05,0
1.9950887e-05,0
0.00013017826,0
2.8554849e-05,0
9.849406e-05,0
6.92106e-05,0
5.0187587e-05,0
0.00014527576,0
9.826459e-05,0
2.0031437e-05,0
2.7941604e-05,0
0.0020679198,0
4.8310972e-05,0
0.0002541484,0
0.00026528502,0
2.3179315e-05,0
2.2917287e-05,0
0.0010607407,0
2.1114594e-05,0
0.00014131406,0
4.8897673e-05,0
0.0004302776,0
0.000105174026,0
0.00039620267,0
2.1097945e-05,0
6.5660264e-05,0
7.1446826e-05,0
0.00059324293,0
2.3767188e-05,0
1.8650493e-05,0
2.2239808e-05,0
5.453655e-05,0
2.2267834e-05,0
2.0698692e-05,0
0.00027192137,0
2.1857419e-05,0
4.399313e-05,0
2.1114312e-05,0
3.3496442e-05,0
8.3413746e-05,0
0.004771459,0
2.1842026e-05,0
0.00013272112,0
2.4233252e-05,0
0.00015541277,0
0.0004683104,0
0.0019209915,0
1.942401e-05,0
0.0012161852,0
2.3546676e-05,0
0.000103871505,0
5.8001147e-05,0
1.3947569e-05,0
1.00298585e-05,0
1.9309231e-05,0
0.018239712,0
2.1812675e-05,0
2.4928651e-05,0
0.0059175044,0
0.0002297485,0
5.4603443e-05,0
1.6693957e-05,0
5.811003e-05,0
0.0001791256,0
0.0005057636,0
0.010321468,0
4.7067406e-05,0
2.1001062e-05,0
1.823731e-05,0
0.00045334882,0
0.009506769,0
5.830678e-05,0
7.1759736e-05,0
1.0730702e-05,0
0.0003615227,0
3.5373156e-05,0
3.0237561e-05,0
0.00023067696,0
4.0290546e-05,0
1.5039611e-05,0
0.00049235905,0
1.9352081e-05,0
0.00043722702,0
2.1585089e-05,0
0.00020224332,0
2.1670443e-05,0
6.710852e-05,0
2.5996636e-05,0
0.0022026813,0
0.00023537714,0
2.7940334e-05,0
2.6641335e-05,0
0.00013550154,0
8.845446e-05,0
5.2907923e-05,0
0.0013114692,0
0.00013274225,0
0.0019100159,0
0.00016154397,0
2.0810696e-05,0
0.00019005188,0
1.6084665e-05,0
0.0001834056,0
1.6347565e-05,0
9.623042e-05,0
2.1472377e-05,0
2.6880562e-05,0
1.8311011e-05,0
0.0115967095,0
6.5304775e-05,0
0.0005583937,0
0.00012090167,0
5.487116e-05,0
0.00014255049,0
2.0539741e-05,0
1.5493211e-05,0
0.00019977591,0
0.000102141705,0
0.00065542397,0
0.00026869023,0
2.5818841e-05,0
5.02877e-05,0
0.00017232346,0
2.4985044e-05,0
0.00032181287,0
3.6164016e-05,0
5.7247213e-05,0
8.170921e-05,0
4.8569687e-05,0
0.0028073222,0
1.9175111e-05,0
5.3399253e-05,0
1.7901873e-05,0
4.096124e-05,0
0.00010221926,0
2.6895003e-05,0
4.9878032e-05,0
2.1636777e-05,0
1.988751e-05,0
0.01548848,0
1.7211374e-05,0
1.50127835e-05,0
0.00056666415,0
7.119473e-05,0
0.000101933125,0
4.8834125e-05,0
2.2661165e-05,0
0.00034977775,0
1.7121452e-05,0
2.7907277e-05,0
0.00016678977,0
2.8355258e-05,0
1.927162e-05,0
1.5509766e-05,0
2.8535067e-05,0
3.5274697e-05,0
9.544998e-05,0
1.9694413e-05,0
0.0037203075,0
0.0024354693,0
2.504755e-05,0
2.3894423e-05,0
0.0072471923,0
3.57239e-05,0
1.5770509e-05,0
0.00035209153,0
4.9263213e-05,0
0.004884326,0
0.0012888056,0
2.7595343e-05,0
2.5663721e-05,0
2.6800642e-05,0
2.8564244e-05,0
0.00075784634,0
9.2902854e-05,0
8.190346e-05,0
6.354435e-05,0
2.588222e-05,0
6.463355e-05,0
9.220905e-05,0
4.5088083e-05,0
0.00012891556,0
3.099045e-05,0
0.00011321645,0
1.7067852e-05,0
2.0505251e-05,0
3.0643652e-05,0
0.000106967964,0
2.8602597e-05,0
2.1139465e-05,0
0.00028248617,0
0.00019108668,0
0.00017751665,0
2.2204975e-05,0
0.00026032666,0
0.0001802111,0
2.904881e-05,0
4.646842e-05,0
0.0002011329,0
1.5559779e-05,0
7.009488e-05,0
2.373116e-05,0
2.0342697e-05,0
1.9338631e-05,0
2.1921278e-05,0
9.269104e-06,0
1.5069708e-05,0
1.8426132e-05,0
0.00044565025,0
8.414387e-05,0
7.682254e-05,0
0.0022883087,0
7.204165e-05,0
4.4003853e-05,0
0.0010906174,0
0.00017976282,0
3.2355016e-05,0
0.012254297,0
8.330737e-05,0
2.8267174e-05,0
9.415598e-06,0
8.363604e-05,0
3.7914117e-05,0
2.3406377e-05,0
4.590671e-05,0
1.067455e-05,0
0.000740672,0
0.00035072185,0
0.00044183095,0
0.00017814396,0
0.0067130793,0
6.8373985e-05,0
0.00013804375,0
0.0007160271,0
0.00021922383,0
0.00016109148,0
0.002055379,0
0.0011082306,0
0.00015035502,0
9.162058e-05,0
1.9230816e-05,0
2.0086412e-05,0
2.375561e-05,0
2.1909469e-05,0
0.00045664125,0
0.00014053067,0
4.8827045e-05,0
4.3961794e-05,0
0.00021539377,0
2.0278025e-05,0
0.00070091867,0
5.1463627e-05,0
2.0090185e-05,0
9.795349e-05,0
0.007252678,0
0.0012457296,0
0.0003584878,0
1.42003155e-05,0
2.2809427e-05,0
0.00012149341,0
9.972432e-05,0
0.00015218838,0
7.1802e-05,0
0.00048394114,0
0.0073547503,0
3.621329e-05,0
5.2270167e-05,0
0.00011029052,0
2.0387519e-05,0
6.600134e-05,0
3.309488e-05,0
2.3254703e-05,0
5.7227455e-05,0
2.8882569e-05,0
0.00010569596,0
3.8917693e-05,0
0.0054267677,0
0.0005776488,0
7.170872e-05,0
1.9882573e-05,0
0.0019287403,0
2.2087794e-05,0
4.0553918e-05,0
0.0074852286,0
2.360683e-05,0
3.0780808e-05,0
0.000113174465,0
0.0004923505,0
1.0846153e-05,0
6.530024e-05,0
2.2372153e-05,0
2.5413154e-05,0
0.00027871996,0
2.2582853e-05,0
2.8023045e-05,0
6.09121e-05,0
7.8571284e-05,0
2.0669462e-05,0
5.2761243e-05,0
2.0530126e-05,0
0.00010500448,0
4.9023907e-05,0
0.00020373301,0
3.4101828e-05,0
4.824295e-05,0
8.1920465e-05,0
1.4390169e-05,0
2.2151726e-05,0
0.0010470111,0
0.0009111563,0
1.5032692e-05,0
2.0825666e-05,0
0.00019039435,0
8.4291474e-05,0
2.3232753e-05,0
2.4129262e-05,0
2.0300424e-05,0
5.0089056e-05,0
2.4920793e-05,0
0.0003506455,0
0.008877473,0
0.003980829,0
6.0623413e-05,0
2.5163074e-05,0
0.0036744182,0
0.0003026835,0
2.7248567e-05,0
2.1890903e-05,0
2.2794879e-05,0
1.9563726e-05,0
0.000100403755,0
0.00028135197,0
1.7610017e-05,0
1.9747707e-05,0
0.000110927715,0
1.9469448e-05,0
5.3267097e-05,0
1.9424455e-05,0
0.0001038511,0
1.1070679e-05,0
1.9493526e-05,0
1.2015692e-05,0
0.00022094641,0
0.0003054592,0
0.00017086955,0
0.000344935,0
4.925692e-05,0
1.5243853e-05,0
2.6809399e-05,0
4.676956e-05,0
4.4328845e-05,0
0.0038550806,0
7.3074014e-05,0
1.9345547e-05,0
1.9541447e-05,0
6.9983085e-05,0
4.886928e-05,0
1.5671298e-05,0
0.00012467317,0
2.4239343e-05,0
2.4108134e-05,0
2.3989076e-05,0
0.01116116,0
2.8915443e-05,0
0.00017705739,0
0.00019919433,0
9.059947e-05,0
0.00025404608,0
2.1016678e-05,0
4.5260713e-05,0
1.1530309e-05,0
0.0008952353,0
1.280525e-05,0
2.4790595e-05,0
0.00011351823,0
2.1225467e-05,0
2.1126829e-05,0
1.556656e-05,0
4.742292e-05,0
7.0091904e-05,0
4.938871e-05,0
0.000101235746,0
1.3812102e-05,0
0.00039722412,0
5.2167925e-05,0
4.655655e-05,0
5.285261e-05,0
0.00019981086,0
3.6930174e-05,0
1.3147618e-05,0
0.00033986734,0
2.7364622e-05,0
7.774282e-05,0
1.43346915e-05,0
2.0325595e-05,0
7.686164e-05,0
1.43802345e-05,0
6.043523e-05,0
1.1182658e-05,0
0.001670691,0
1.9726058e-05,0
2.5270423e-05,0
0.0002869526,0
0.00040276407,0
3.0948402e-05,0
0.019399604,0
1.8248113e-05,0
4.569002e-05,0
5.0815488e-05,0
0.000115974144,0
9.17564e-05,0
0.0001051771,0
0.00014926869,0
9.831727e-05,0
3.860797e-05,0
2.8244334e-05,0
0.000630807,0
5.0900384e-05,0
2.0071086e-05,0
4.8819835e-05,0
1.4788305e-05,0
9.980169e-05,0
3.2475316e-05,0
0.0001519595,0
1.9222798e-05,0
5.057198e-05,0
1.2068945e-05,0
0.0002962226,0
4.111794e-05,0
0.00012933588,0
2.048868e-05,0
3.2773693e-05,0
0.0010967734,0
2.1796866e-05,0
4.6330857e-05,0
0.00015620195,0
0.0008458368,0
1.2003599e-05,0
4.900163e-05,0
1.9893789e-05,0
7.528364e-05,0
1.2243639e-05,0
5.863616e-05,0
1.6770471e-05,0
1.9613299e-05,0
2.0539259e-05,0
2.7014628e-05,0
1.37723955e-05,0
8.621617e-05,0
1.7941065e-05,0
0.000114961964,0
1.1615615e-05,0
3.1423326e-05,0
5.4702712e-05,0
0.00058582355,0
7.722149e-05,0
1.4773774e-05,0
1.5551534e-05,0
0.00044050367,0
3.5300287e-05,0
8.917559e-05,0
2.702214e-05,0
1.0662902e-05,0
2.5066736e-05,0
1.6061496e-05,0
2.0067198e-05,0
5.028052e-05,0
0.00016059405,0
2.262619e-05,0
0.0005702672,0
0.00022656463,0
4.421517e-05,0
5.563871e-05,0
3.0553027e-05,0
2.3993714e-05,0
7.893827e-05,0
2.8562577e-05,0
0.0012621217,0
3.4002645e-05,0
0.00014410337,0
3.8219005e-05,0
0.0005945049,0
6.897493e-05,0
1.5787311e-05,0
3.380907e-05,0
0.00021583497,0
1.0581652e-05,0
0.00019801171,0
4.8040572e-05,0
2.604787e-05,0
0.00065295515,0
1.5829408e-05,0
3.3631735e-05,0
2.5336512e-05,0
2.1834014e-05,0
0.0073591974,0
0.002632875,0
1.6736278e-05,0
1.3269531e-05,0
3.128085e-05,0
0.00011272155,0
7.2037066e-05,0
8.338098e-05,0
2.4530504e-05,0
1.1516669e-05,0
2.1116271e-05,0
1.9209549e-05,0
0.0002290672,0
0.0013774055,0
3.2729276e-05,0
3.0231115e-05,0
7.336906e-05,0
4.508034e-05,0
4.891084e-05,0
6.7978544e-05,0
0.01991689,0
0.009796836,0
0.00011557987,0
0.00028014823,0
0.00017022698,0
2.621152e-05,0
0.00034659012,0
6.887e-05,0
9.252071e-05,0
0.00055965205,0
3.374965e-05,0
4.9812745e-05,0
0.0001775491,0
1.9977426e-05,0
5.9608014e-05,0
4.5289384e-05,0
3.1436244e-05,0
9.497102e-05,0
2.5438176e-05,0
0.0006362763,0
2.5190187e-05,0
1.9025912e-05,0
0.00036250104,0
6.616466e-05,0
0.00014813236,0
0.0002334055,0
4.8238973e-05,0
0.00040905067,0
0.00026432858,0
2.6577933e-05,0
2.3066274e-05,0
2.5386566e-05,0
0.0002515985,0
0.00035233863,0
2.1113718e-05,0
2.225376e-05,0
1.9228917e-05,0
3.2998043e-05,0
0.00018010492,0
1.7414886e-05,0
0.00015247667,0
1.6751617e-05,0
0.00010209874,0
2.596453e-05,0
3.228257e-05,0
7.622362e-05,0
0.00017481152,0
3.662531e-05,0
0.00012883147,0
0.00023930805,0
1.9154715e-05,0
1.930345e-05,0
9.53243e-05,0
7.8057354e-05,0
0.012224764,0
7.067311e-05,0
8.72242e-05,0
7.2282906e-05,0
2.1447458e-05,0
0.00011172065,0
2.5051162e-05,0
0.0001241505,0
5.6331304e-05,0
5.1512558e-05,0
3.0937204e-05,0
5.0893592e-05,0
2.395816e-05,0
1.9347899e-05,0
0.00023170894,0
2.4243527e-05,0
1.9612993e-05,0
4.8704947e-05,0
5.9092115e-05,0
2.7808328e-05,0
1.2455079e-05,0
0.00010517532,0
0.00025237634,0
0.00011207861,0
2.3809907e-05,0
2.0331725e-05,0
0.00010402094,0
0.00057939865,0
2.0465513e-05,0
5.152963e-05,0
2.0473555e-05,0
2.7148308e-05,0
3.153324e-05,0
3.0490395e-05,0
0.0009598025,0
0.00012563815,0
0.0006920588,0
3.8251634e-05,0
2.2916238e-05,0
3.494544e-05,0
2.7839395e-05,0
0.0041551385,0
2.4218985e-05,0
2.5577423e-05,0
2.8458726e-05,0
2.468121e-05,0
3.3130225e-05,0
0.000113374044,0
0.000559043,0
4.777868e-05,0
9.038175e-05,0
4.7828773e-05,0
9.8317345e-05,0
2.1480497e-05,0
4.881567e-05,0
4.8011505e-05,0
2.574922e-05,0
3.1863132e-05,0
9.2037335e-05,0
8.716482e-05,0
4.9320653e-05,0
4.9258557e-05,0
2.2975264e-05,0
8.426675e-05,0
0.000101526944,0
1.1628637e-05,0
2.7277343e-05,0
0.000109592926,0
4.8038557e-05,0
4.862707e-05,0
4.446562e-05,0
4.2384017e-05,0
0.00017308586,0
4.9448234e-05,0
0.0069385367,0
2.5422569e-05,0
3.2225053e-05,0
0.0005060148,0
4.662739e-05,0
9.5780924e-05,0
3.539542e-05,0
3.5124096e-05,0
0.0003865059,0
4.5427405e-05,0
1.7333496e-05,0
0.00012062105,0
0.01172117,0
2.9418987e-05,0
0.00022756944,0
1.979291e-05,0
2.2241367e-05,0
5.30232e-05,0
2.160685e-05,0
2.533602e-05,0
1.6190754e-05,0
6.414658e-05,0
1.6032664e-05,0
5.5162327e-05,0
2.0376447e-05,0
0.00023408611,0
1.559954e-05,0
2.7500377e-05,0
0.0020186445,0
0.0010608908,0
0.00017068847,0
2.5151974e-05,0
0.00010857073,0
2.3365877e-05,0
0.0004211592,0
5.6557376e-05,0
0.0013761035,0
3.7799044e-05,0
1.1741606e-05,0
2.5008781e-05,0
2.0291336e-05,0
2.5137322e-05,0
1.937561e-05,0
0.00013157637,0
2.6537653e-05,0
1.1754139e-05,0
2.1846281e-05,0
5.2454532e-05,0
0.00011393373,0
2.0228472e-05,0
6.749683e-05,0
1.939649e-05,0
6.6414425e-05,0
8.1793114e-05,0
5.593424e-05,0
0.000117469775,0
0.0023647177,0
2.151785e-05,0
0.0003492446,0
7.351217e-05,0
0.00010915969,0
5.0864048e-05,0
9.622273e-05,0
9.849392e-05,0
0.00043436323,0
0.00010963757,0
0.00018844526,0
5.3873944e-05,0
0.00023256784,0
0.00010387651,0
1.9571113e-05,0
2.055254e-05,0
1.9196777e-05,0
1.6424097e-05,0
0.00022573619,0
2.0057469e-05,0
9.644253e-05,0
0.0010585149,0
3.342768e-05,0
0.00076643506,0
1.1712833e-05,0
3.0432591e-05,0
1.69455e-05,0
0.00010517311,0
3.7848462e-05,0
4.705086e-05,0
0.0028979948,0
0.0011859612,0
0.00050332875,0
4.925798e-05,0
2.7411677e-05,0
0.00011509613,0
2.2472936e-05,0
2.1457134e-05,0
2.7007953e-05,0
0.00010155111,0
0.00018757915,0
2.2224063e-05,0
1.8669562e-05,0
9.361255e-05,0
1.7387134e-05,0
1.6415648e-05,0
3.6675745e-05,0
0.0008586113,0
0.0002737361,0
5.203604e-05,0
1.7042961e-05,0
0.0004670577,0
5.731244e-05,0
3.8704737e-05,0
2.2734072e-05,0
2.5331738e-05,0
0.00011725731,0
0.005863181,0
0.0002811582,0
2.2299875e-05,0
1.9241981e-05,0
2.284629e-05,0
2.7390257e-05,0
0.0007492146,0
7.062767e-05,0
2.595801e-05,0
3.3626013e-05,0
2.6878986e-05,0
1.8633127e-05,0
8.4149644e-05,0
1.957948e-05,0
0.00012713745,0
4.7225294e-05,0
6.175964e-05,0
3.8059316e-05,0
3.2565244e-05,0
4.8520375e-05,0
0.00010804394,0
5.5024822e-05,0
1.0829248e-05,0
0.00017001218,0
5.82079e-05,0
2.219626e-05,0
3.3997716e-05,0
2.8847384e-05,0
1.5971505e-05,0
4.7653208e-05,0
0.000105172854,0
1.2767305e-05,0
2.5604186e-05,0
0.0003105632,0
0.00014697004,0
0.00015868049,0
1.8111568e-05,0
2.2239083e-05,0
0.00025603766,0
1.9442568e-05,0
0.001365939,0
4.8786336e-05,0
0.00013268524,0
0.0012040813,0
1.3440231e-05,0
2.8433698e-05,0
5.3415904e-05,0
0.00018583478,0
1.8937608e-05,0
0.00016221932,0
5.75999e-05,0
0.00010550443,0
2.4010136e-05,0
0.00016107067,0
2.2319738e-05,0
7.683332e-05,0
9.434404e-06,0
3.295074e-05,0
1.3435383e-05,0
7.8271194e-05,0
2.8555314e-05,0
2.666556e-05,0
3.1226413e-05,0
0.00014403916,0
4.770876e-05,0
3.1874704e-05,0
5.9857088e-05,0
2.2517272e-05,0
1.2234309e-05,0
0.000105172214,0
0.0006757857,0
2.1129537e-05,0
2.278974e-05,0
0.0006175156,0
2.9483892e-05,0
6.091841e-05,0
2.5144505e-05,0
2.2070162e-05,0
2.3454495e-05,0
8.382712e-05,0
3.0940602e-05,0
5.476278e-05,0
0.000108995526,0
2.03298e-05,0
1.7240249e-05,0
0.00021441569,0
1.4870277e-05,0
4.1435003e-05,0
2.2824563e-05,0
0.00011501217,0
0.00010814571,0
1.2601724e-05,0
1.5263506e-05,0
7.541837e-05,0
0.0017239403,0
3.580142e-05,0
2.2349246e-05,0
0.00012665686,0
3.3055498e-05,0
2.0468606e-05,0
6.026854e-05,0
1.7783696e-05,0
0.00059116614,0
0.00022164379,0
1.8277757e-05,0
2.5568714e-05,0
6.609193e-05,0
1.9835106e-05,0
2.6635995e-05,0
0.00020671084,0
1.45660615e-05,0
2.3520926e-05,0
9.818209e-05,0
1.7288869e-05,0
5.9311897e-05,0
0.00021022232,0
0.00011264438,0
2.236063e-05,0
2.8957416e-05,0
0.0065523856,0
1.10642495e-05,0
9.666677e-05,0
5.8193073e-05,0
2.1118156e-05,0
0.00017965087,0
5.763636e-05,0
3.242035e-05,0
0.00013941158,0
2.8107279e-05,0
7.04111e-05,0
0.00027071132,0
4.10297e-05,0
3.0275558e-05,0
1.749078e-05,0
0.00010597096,0
4.8944163e-05,0
0.005357696,0
2.3085486e-05,0
0.016043875,0
2.5928302e-05,0
0.00013634379,0
0.00010526092,0
0.00027590705,0
0.00020297412,0
6.2879066e-05,0
5.458844e-05,0
2.687759e-05,0
3.679643e-05,0
5.7960686e-05,0
8.1769394e-05,0
2.1301807e-05,0
2.4726844e-05,0
6.184942e-05,0
2.3633622e-05,0
0.00053510483,0
3.1715634e-05,0
0.012645922,0
2.3320787e-05,0
2.347058e-05,0
2.480013e-05,0
0.0001561589,0
8.5641506e-05,0
0.00024880303,0
1.6623e-05,0
2.3579678e-05,0
5.8180387e-05,0
3.9573526e-05,0
2.0818574e-05,0
0.00980325,0
4.3466276e-05,0
2.017551e-05,0
0.0001965859,0
4.4225613e-05,0
2.6052627e-05,0
3.3901597e-05,0
1.7461882e-05,0
2.793447e-05,0
0.0008375801,0
0.0001025314,0
1.9605764e-05,0
2.3321396e-05,0
2.2772903e-05,0
0.00018485964,0
8.694932e-05,0
2.0006448e-05,0
0.0015919812,0
3.6432175e-05,0
4.9721002e-05,0
0.00018654754,0
4.2539014e-05,0
2.8645853e-05,0
2.765237e-05,0
6.308247e-05,0
0.00011725269,0
3.817167e-05,0
0.006389254,0
1.6303693e-05,0
1.931307e-05,0
0.00065463263,0
0.00020903871,0
2.2339198e-05,0
0.00012949313,0
0.0047506103,0
1.4806903e-05,0
0.00061403116,0
2.31692e-05,0
0.0004687478,0
2.0296675e-05,0
8.5417305e-05,0
3.2729527e-05,0
0.001134942,0
2.1303618e-05,0
5.1061314e-05,0
0.0001554299,0
0.0003866914,0
2.8558929e-05,0
2.4824161e-05,0
9.721406e-05,0
9.6711796e-05,0
5.855969e-05,0
4.2111307e-05,0
3.3926328e-05,0
1.4693753e-05,0
0.00022836402,0
0.00045039848,0
0.00020518553,0
1.9705301e-05,0
3.8421633e-05,0
2.5665786e-05,0
9.563616e-05,0
2.434825e-05,0
4.8602244e-05,0
9.7111886e-05,0
0.00014445175,0
6.465448e-05,0
5.597161e-05,0
7.267056e-05,0
2.0117346e-05,0
1.9605824e-05,0
1.9328938e-05,0
3.7640613e-05,0
0.0073161977,0
2.7929733e-05,0
0.00029590967,0
0.00012506483,0
0.00013636115,0
1.7768547e-05,0
9.526574e-06,0
8.107993e-05,0
4.5340614e-05,0
2.2007049e-05,0
6.822052e-05,0
0.000108119835,0
0.00015660784,0
0.0009507186,0
5.6512024e-05,0
9.558572e-05,0
9.530247e-05,0
1.9274828e-05,0
9.345729e-05,0
2.2751294e-05,0
0.00017650807,0
0.00025336837,0
0.00023070752,0
6.970557e-05,0
1.9403355e-05,0
0.00011969538,0
2.2225984e-05,0
1.3780146e-05,0
6.577443e-05,0
0.0005095657,0
2.8472308e-05,0
2.2205046e-05,0
2.7600885e-05,0
5.3164073e-05,0
3.9014743e-05,0
4.9349208e-05,0
5.307782e-05,0
0.0022931907,0
3.113595e-05,0
0.00010164013,0
2.2228722e-05,0
1.9953024e-05,0
0.00020810984,0
2.5884148e-05,0
0.008699513,0
2.1133606e-05,0
2.1240545e-05,0
2.6311816e-05,0
7.968597e-05,0
0.0066638365,0
0.0022259518,0
2.3130684e-05,0
0.0013483233,0
0.0004415494,0
2.2155327e-05,0
4.156057e-05,0
2.4482475e-05,0
0.0015777479,0
1.8366974e-05,0
1.9902243e-05,0
1.9599993e-05,0
2.7543902e-05,0
3.515394e-05,0
7.7744946e-05,0
2.6075282e-05,0
2.2370243e-05,0
2.7107044e-05,0
0.0004636893,0
1.9485959e-05,0
1.3606104e-05,0
0.0006182605,0
3.8420785e-05,0
1.504836e-05,0
3.9917944e-05,0
0.0005832726,0
0.0033286472,0
8.7277665e-05,0
2.5575155e-05,0
0.0016635946,0
0.00016337882,0
3.6959587e-05,0
1.2416088e-05,0
1.6411896e-05,0
0.0007065796,0
2.0999389e-05,0
4.7658545e-05,0
2.0465885e-05,0
5.257591e-05,0
2.1697466e-05,0
4.71814e-05,0
0.00011492376,0
2.7368547e-05,0
5.1283158e-05,0
9.938084e-05,0
0.00013584414,0
3.1247968e-05,0
3.6439433e-05,0
4.6891142e-05,0
9.881383e-05,0
0.001224686,0
2.6855696e-05,0
0.0006913066,0
1.792635e-05,0
0.000452311,0
0.0013314695,0
5.4842552e-05,0
6.57141e-05,0
0.00010154949,0
0.00010655074,0
3.2945085e-05,0
1.9929581e-05,0
0.00018780306,0
2.9955827e-05,0
7.8653975e-05,0
0.0075859767,0
0.0001250092,0
2.0563208e-05,0
3.0656e-05,0
9.442144e-05,0
1.9060255e-05,0
9.686092e-05,0
0.0014392597,0
2.3249755e-05,0
2.1819451e-05,0
4.721586e-05,0
2.4963423e-05,0
3.0204745e-05,0
6.235342e-05,0
0.00019278983,0
0.00094192126,0
5.7644345e-05,0
0.0004383235,0
0.0008941852,0
2.32685e-05,0
5.6071014e-05,0
0.009945927,0
9.794011e-05,0
4.4107695e-05,0
4.780953e-05,0
0.00021569127,0
0.0001107892,0
6.1948165e-05,0
0.006374907,0
2.1652137e-05,0
2.2247821e-05,0
4.063147e-05,0
3.4633882e-05,0
2.5893862e-05,0
0.0019770702,0
0.0003124417,0
0.00060751196,0
8.6103224e-05,0
0.00024525166,0
9.9600504e-05,0
2.1840831e-05,0
1.0738442e-05,0
4.5249933e-05,0
2.7492144e-05,0
2.0330468e-05,0
5.670572e-05,0
8.650244e-05,0
5.393667e-05,0
0.00018506825,0
0.0015924303,0
0.0051866346,0
2.200078e-05,0
0.00011921203,0
0.0003281122,0
0.00010517287,0
0.000108311404,0
2.0399943e-05,0
1.669225e-05,0
1.4848158e-05,0
2.3604402e-05,0
1.7339153e-05,0
0.00031597694,0
0.0003014544,0
2.3853441e-05,0
1.9724868e-05,0
9.9518e-05,0
1.159609e-05,0
0.00040366413,0
0.0002349289,0
1.95887e-05,0
7.6240125e-05,0
2.2516604e-05,0
1.3702118e-05,0
4.5054472e-05,0
0.0010142031,0
5.779165e-05,0
2.331352e-05,0
1.2980836e-05,0
0.00010848261,0
1.1476977e-05,0
0.0004371729,0
5.1305466e-05,0
3.4269022e-05,0
1.4274737e-05,0
2.614779e-05,0
3.11177e-05,0
0.00018883908,0
0.00049817417,0
0.00015698529,0
0.0022780036,0
1.9278268e-05,0
2.1814041e-05,0
4.3938886e-05,0
3.0071944e-05,0
0.0007695319,0
0.010532839,0
1.5571191e-05,0
0.000116895935,0
0.0019699973,0
2.1712887e-05,0
0.0023204468,0
4.7777357e-05,0
9.873364e-05,0
5.6748406e-05,0
5.079217e-05,0
0.0032370952,0
0.006572396,0
1.9246641e-05,0
1.1543651e-05,0
0.0084138755,0
2.6593994e-05,0
0.00012160677,0
2.368727e-05,0
0.0007057352,0
1.4917187e-05,0
3.794682e-05,0
0.0005075113,0
5.1889943e-05,0
3.135158e-05,0
4.2516735e-05,0
1.789553e-05,0
3.520756e-05,0
2.594698e-05,0
2.6769252e-05,0
3.0038842e-05,0
2.0330035e-05,0
3.2157444e-05,0
3.1450647e-05,0
4.296604e-05,0
5.797587e-05,0
1.2377633e-05,0
1.9411758e-05,0
1.331879e-05,0
2.5188532e-05,0
1.9376233e-05,0
2.1575654e-05,0
0.00023631853,0
9.609595e-06,0
1.9613202e-05,0
5.1227562e-05,0
3.0990883e-05,0
0.0022745647,0
2.5488436e-05,0
2.2841348e-05,0
2.6946542e-05,0
6.6974615e-05,0
2.5054884e-05,0
9.633722e-05,0
0.00023480007,0
2.7550737e-05,0
9.9518176e-05,0
2.7568482e-05,0
0.00026762052,0
6.419902e-05,0
0.00015955027,0
0.00010334081,0
2.2487926e-05,0
1.6111382e-05,0
0.000112938076,0
2.8918108e-05,0
2.1180806e-05,0
2.6031097e-05,0
2.7327145e-05,0
0.020482909,0
2.504452e-05,0
0.0012292664,0
0.021693205,0
4.2950152e-05,0
4.2830223e-05,0
0.001303019,0
0.0005691954,0
3.6000958e-05,0
1.4392358e-05,0
0.00049195625,0
8.552319e-05,0
0.009556573,0
0.00011155601,0
2.9125777e-05,0
3.197365e-05,0
4.8877613e-05,0
2.1816495e-05,0
0.00444182,0
1.13359465e-05,0
0.00013187132,0
0.00029779781,0
6.470521e-05,0
4.8613685e-05,0
1.9689447e-05,0
7.836828e-05,0
2.8548196e-05,0
0.00013078707,0
0.00017340336,0
2.196758e-05,0
1.9899104e-05,0
1.6984497e-05,0
2.4873007e-05,0
2.0961406e-05,0
0.0005355734,0
0.00041558585,0
1.928318e-05,0
3.4831002e-05,0
0.017277788,0
0.00089719426,0
6.569762e-05,0
2.1431206e-05,0
1.3484674e-05,0
1.9841142e-05,0
6.515402e-05,0
8.905269e-05,0
2.5481575e-05,0
2.2335553e-05,0
0.00021426118,0
2.2336711e-05,0
2.008228e-05,0
0.007905642,0
1.9691035e-05,0
3.0922263e-05,0
4.5869987e-05,0
1.7117847e-05,0
1.338485e-05,0
0.00016305664,0
2.1539357e-05,0
2.1290092e-05,0
2.2203998e-05,0
2.222085e-05,0
4.3256234e-05,0
2.4083192e-05,0
2.8659562e-05,0
1.618281e-05,0
1.9193e-05,0
5.8410908e-05,0
2.0846779e-05,0
2.1119906e-05,0
0.00029347584,0
2.74567e-05,0
0.0005457529,0
3.482527e-05,0
2.2637762e-05,0
3.3051914e-05,0
0.0008298223,0
0.0076877414,0
1.0885572e-05,0
2.734536e-05,0
2.315304e-05,0
8.031391e-05,0
0.00031456767,0
2.6824306e-05,0
1.6772326e-05,0
2.4537281e-05,0
2.4019797e-05,0
2.7336258e-05,0
2.2489057e-05,0
2.5837024e-05,0
5.0486506e-05,0
7.942722e-05,0
4.925226e-05,0
7.984863e-05,0
0.0004501096,0
1.652134e-05,0
0.0002806333,0
0.00025403575,0
0.00010372711,0
2.069176e-05,0
2.0350448e-05,0
0.00062655704,0
0.00010785527,0
0.00028530887,0
5.4494303e-05,0
5.185091e-05,0
9.930455e-06,0
5.742801e-05,0
6.315695e-05,0
1.4102059e-05,0
2.4947183e-05,0
2.4009341e-05,0
1.2030762e-05,0
2.5363928e-05,0
7.982991e-05,0
3.826413e-05,0
8.9302295e-05,0
0.002025119,0
0.00015938966,0
0.00061575795,0
0.0015168546,0
0.0015191778,0
1.1316417e-05,0
0.0004450093,0
3.2125357e-05,0
4.037662e-05,0
0.00046862668,0
2.8171207e-05,0
0.015800672,0
3.1091586e-05,0
2.2024336e-05,0
0.00026207048,0
9.7941804e-05,0
0.0003159415,0
0.00017368486,0
0.0005151429,0
0.013011025,0
9.580738e-05,0
0.00011282547,0
6.839131e-05,0
9.773249e-06,0
3.0053821e-05,0
3.8156388e-05,0
4.2787167e-05,0
4.500853e-05,0
2.081047e-05,0
2.1073112e-05,0
7.224338e-05,0
0.00065664266,0
3.9859668e-05,0
4.7184447e-05,0
2.8116378e-05,0
2.761611e-05,0
2.0565536e-05,0
3.503459e-05,0
0.00012286106,0
3.9901523e-05,0
2.1225404e-05,0
2.4052551e-05,0
9.824853e-05,0
0.00042437398,0
0.0007247273,0
0.0004578208,0
2.3956756e-05,0
0.0003380626,0
0.0010581565,0
6.0450275e-05,0
3.115744e-05,0
1.1569298e-05,0
0.0019243062,0
0.00837026,0
0.00038973117,0
0.019242272,0
4.2807642e-05,0
2.3215047e-05,0
1.9569577e-05,0
3.4711225e-05,0
0.0007188628,0
0.00014096942,0
0.0018515759,0
1.6470807e-05,0
0.0017728604,0
2.0815207e-05,0
1.3252595e-05,0
0.00014185689,0
4.6637582e-05,0
2.9373014e-05,0
2.7634778e-05,0
0.008500599,0
2.6146727e-05,0
0.00016058618,0
6.689876e-05,0
0.000647072,0
2.8148363e-05,0
0.00016408646,0
1.9920953e-05,0
5.141423e-05,0
8.7921726e-05,0
0.00010371646,0
3.1591782e-05,0
4.940532e-05,0
1.8042503e-05,0
1.7925395e-05,0
9.147205e-05,0
0.00022154074,0
5.6752746e-05,0
0.0011008001,0
0.00013410175,0
2.0465779e-05,0
0.0002033254,0
0.02239756,0
0.0005414379,0
0.003068848,0
2.0276137e-05,0
5.7646055e-05,0
1.8877197e-05,0
2.4366054e-05,0
2.1247102e-05,0
1.7118602e-05,0
8.069149e-05,0
0.00044960878,0
2.0292953e-05,0
2.8415916e-05,0
2.3988938e-05,0
0.0006538366,0
2.0239951e-05,0
0.000107671134,0
0.00022398678,0
1.950147e-05,0
0.0049250433,0
9.867966e-05,0
0.00010080747,0
0.0012425773,0
3.650635e-05,0
0.009326578,0
0.0001053649,0
5.5042732e-05,0
0.0004036862,0
0.0001696272,0
1.713048e-05,0
1.8776562e-05,0
3.5932546e-05,0
9.6107025e-05,0
2.548571e-05,0
5.5566696e-05,0
0.00019049346,0
5.9160095e-05,0
0.00020459524,0
3.022401e-05,0
9.938059e-05,0
3.0520256e-05,0
0.0006542011,0
7.6648124e-05,0
0.0045374804,0
0.0010241289,0
0.005251617,0
0.00010172813,0
1.8266475e-05,0
9.0417736e-05,0
0.00041980838,0
5.3893928e-05,0
0.00010517501,0
7.003118e-05,0
4.8755075e-05,0
4.228585e-05,0
2.5969477e-05,0
3.3756976e-05,0
2.8398792e-05,0
9.427e-05,0
9.614514e-05,0
0.00027936188,0
3.2145046e-05,0
0.009913713,0
2.6934538e-05,0
3.9404607e-05,0
1.3007682e-05,0
6.052531e-05,0
7.246359e-05,0
1.9283985e-05,0
4.892051e-05,0
3.5664132e-05,0
9.15172e-05,0
1.9874613e-05,0
0.000471446,0
5.2062227e-05,0
7.7770834e-05,0
0.008939778,0
9.809716e-05,0
0.00032623197,0
1.4694223e-05,0
0.0010242333,0
9.222151e-05,0
0.0030937353,0
5.5948243e-05,0
3.6771748e-05,0
0.0046297354,0
0.00022931602,0
0.005569522,0
2.7015412e-05,0
0.012574765,0
8.136575e-05,0
3.1256986e-05,0
2.7826298e-05,0
2.284921e-05,0
1.5494923e-05,0
6.085594e-05,0
0.00014170691,0
2.1118698e-05,0
2.3713257e-05,0
0.0025390743,0
0.001186556,0
2.4870778e-05,0
3.794107e-05,0
0.0026512702,0
9.815469e-05,0
7.7512406e-05,0
0.013339939,0
1.8111814e-05,0
2.5564084e-05,0
0.00042622924,0
2.1177253e-05,0
3.4827764e-05,0
2.3914667e-05,0
0.006285937,0
0.0033711155,0
1.9733223e-05,0
0.00023713977,0
0.00019929641,0
1.5406213e-05,0
0.00016134603,0
0.00012871764,0
8.0524165e-05,0
2.418064e-05,0
1.4182968e-05,0
2.8963348e-05,0
1.0391413e-05,0
0.022431782,0
7.624183e-05,0
0.0035402325,0
0.00020155811,0
0.00042264536,0
1.9347961e-05,0
0.000108250184,0
4.356863e-05,0
1.4696971e-05,0
4.4167864e-05,0
0.000100350866,0
8.12775e-05,0
5.4052638e-05,0
4.2831107e-05,0
5.133511e-05,0
1.0628903e-05,0
0.0005698324,0
3.6890102e-05,0
7.37411e-05,0
2.4039065e-05,0
1.6613923e-05,0
8.584278e-05,0
2.4379164e-05,0
0.0014939308,0
4.0613522e-05,0
1.9684008e-05,0
1.3211993e-05,0
9.292835e-05,0
0.00010232804,0
0.00036182787,0
0.0001252012,0
9.0382586e-05,0
6.49362e-05,0
0.00017259532,0
0.0001635118,0
6.758361e-05,0
0.000101832964,0
2.112976e-05,0
0.019756772,0
4.9760325e-05,0
2.0604853e-05,0
0.0016622277,0
1.6152173e-05,0
0.0011395871,0
0.00042344595,0
2.3718265e-05,0
0.00025303438,0
0.001306493,0
0.0010793355,0
2.4374795e-05,0
2.477541e-05,0
0.00024882882,0
0.006485195,0
1.957869e-05,0
4.470556e-05,0
0.0051085968,0
0.00022900685,0
0.004067986,0
4.0353614e-05,0
0.00011286528,0
5.135246e-05,0
5.505283e-05,0
8.5956446e-05,0
1.5856054e-05,0
0.00021075932,0
2.0543945e-05,0
0.00020674035,0
0.0006466223,0
2.7383034e-05,0
1.4369289e-05,0
0.00022911507,0
0.000102177386,0
0.000878473,0
0.0009900318,0
1.46196e-05,0
0.00030255236,0
1.9895015e-05,0
9.8840814e-05,0
0.00022646559,0
0.0016255344,0
8.4336454e-05,0
5.9495105e-05,0
1.5191542e-05,0
0.00017607295,0
2.4283534e-05,0
8.229594e-05,0
1.49366815e-05,0
1.3870722e-05,0
3.9928036e-05,0
8.0959784e-05,0
5.140935e-05,0
0.00027372604,0
1.7245406e-05,0
0.00071431167,0
9.8311815e-05,0
2.6369455e-05,0
0.000100677564,0
0.0014051272,0
5.5776953e-05,0
0.00017797058,0
2.750868e-05,0
0.00011977985,0
0.00049706385,0
2.88041e-05,0
2.3064016e-05,0
5.1933188e-05,0
1.3695909e-05,0
8.830033e-05,0
4.8678354e-05,0
0.00054505235,0
2.7934902e-05,0
5.1479503e-05,0
3.492964e-05,0
2.7513213e-05,0
1.5770247e-05,0
0.007430195,0
5.0276554e-05,0
2.5002106e-05,0
3.9798517e-05,0
8.695141e-05,0
5.813477e-05,0
0.000117259406,0
7.234032e-05,0
9.8047094e-05,0
0.0018718889,0
0.009903425,0
0.00051187223,0
1.6981166e-05,0
3.617526e-05,0
4.1147363e-05,0
0.00014551966,0
2.615136e-05,0
4.872069e-05,0
5.5605837e-05,0
0.00010972905,0
2.2558623e-05,0
4.094753e-05,0
1.532159e-05,0
0.0012934828,0
0.0006026192,0
0.0005278846,0
0.006048619,0
6.088438e-05,0
0.0040178737,0
0.006721721,0
0.00016684932,0
1.0836321e-05,0
4.0826046e-05,0
5.4100474e-05,0
2.3241624e-05,0
3.1450072e-05,0
2.3509667e-05,0
0.00040593758,0
0.00014465251,0
0.0077538923,0
4.5664005e-05,0
0.000544738,0
2.7600661e-05,0
0.00032448734,0
0.00010121141,0
4.6375142e-05,0
1.98997e-05,0
0.00012001884,0
2.5404668e-05,0
1.3259192e-05,0
4.1377858e-05,0
1.2852407e-05,0
2.6570271e-05,0
0.005851423,0
0.000531561,0
1.2276317e-05,0
7.9614416e-05,0
4.5134497e-05,0
0.0036254968,0
2.9225323e-05,0
4.990772e-05,0
0.00015284211,0
0.00020730977,0
2.7757234e-05,0
0.004296101,0
4.989981e-05,0
0.0015870164,0
4.8785707e-05,0
0.00019766486,0
0.0010621211,0
0.000112684276,0
0.000118109,0
4.8217706e-05,0
0.00014265675,0
3.6547342e-05,0
2.1143784e-05,0
0.0015843965,0
2.4295441e-05,0
9.554138e-05,0
2.2266002e-05,0
0.0002584003,0
0.00012603756,0
2.0841848e-05,0
1.6553944e-05,0
2.0554997e-05,0
1.5479873e-05,0
2.2204473e-05,0
1.992558e-05,0
0.00043829976,0
2.0360238e-05,0
0.008253151,0
3.064738e-05,0
0.0002914971,0
3.4069555e-05,0
5.082167e-05,0
0.00018600556,0
0.00016615927,0
5.448648e-05,0
0.00010517402,0
6.1977735e-05,0
0.00034099366,0
1.3486683e-05,0
4.8348575e-05,0
1.6459904e-05,0
2.1263455e-05,0
2.2231823e-05,0
2.7776317e-05,0
0.00013085364,0
1.7642258e-05,0
0.00024210787,0
0.010541102,0
2.5611627e-05,0
5.42427e-05,0
0.00065789704,0
2.888887e-05,0
4.5194927e-05,0
0.00017536778,0
4.759819e-05,0
0.0010062082,0
0.00012967549,0
0.0006976486,0
4.8914015e-05,0
0.00013209198,0
1.8702467e-05,0
4.6491026e-05,0
3.4887173e-05,0
6.168568e-05,0
1.3552814e-05,0
0.0001111745,0
2.6068066e-05,0
0.00010016371,0
2.654116e-05,0
6.578471e-05,0
3.179391e-05,0
2.050813e-05,0
9.620942e-05,0
4.783866e-05,0
0.000109990855,0
4.4861616e-05,0
2.1438449e-05,0
2.0226937e-05,0
6.135806e-05,0
2.0069381e-05,0
5.174409e-05,0
1.0549626e-05,0
0.00014381042,0
0.00024643066,0
0.00015219048,0
0.00023903587,0
4.6877914e-05,0
1.9242365e-05,0
0.009177724,0
0.00038448657,0
0.018591348,0
2.3433173e-05,0
5.6336394e-05,0
0.0011112323,0
0.00053649687,0
8.913991e-05,0
2.1119353e-05,0
0.00048648677,0
6.846148e-05,0
2.3841905e-05,0
1.5391253e-05,0
2.3742221e-05,0
4.1594973e-05,0
2.3935441e-05,0
5.9581496e-05,0
2.844813e-05,0
0.00078189676,0
6.4251944e-05,0
2.7136279e-05,0
2.927806e-05,0
3.7994792e-05,0
0.00031738388,0
4.3998145e-05,0
5.098874e-05,0
0.0001841353,0
1.4967306e-05,0
1.0889271e-05,0
0.00018675087,0
0.00010197547,0
0.00018140985,0
2.3642995e-05,0
2.9049303e-05,0
5.77421e-05,0
0.00018949795,0
8.371331e-05,0
2.1116788e-05,0
6.0641818e-05,0
9.59232e-05,0
2.4104436e-05,0
0.00022007886,0
1.913409e-05,0
0.00013236253,0
3.9822073e-05,0
0.00056577416,0
9.564239e-05,0
9.384841e-05,0
0.00022520732,0
1.6549031e-05,0
4.4425567e-05,0
0.013117722,0
0.008604222,0
2.2871174e-05,0
0.00032904834,0
0.0003768618,0
0.00036701353,0
8.362383e-05,0
1.965794e-05,0
5.616082e-05,0
0.00013113773,0
0.00937095,0
0.00048094842,0
0.00012787421,0
8.0272985e-05,0
0.00012526762,0
4.9022125e-05,0
1.0588546e-05,0
1.9503013e-05,0
2.4094412e-05,0
0.002712436,0
0.00012547892,0
6.721763e-05,0
2.3669607e-05,0
0.00013276532,0
0.00041654313,0
0.00012304519,0
0.00012869172,0
0.000118356525,0
2.0754787e-05,0
3.491567e-05,0
2.6290953e-05,0
0.00060885155,0
4.8207898e-05,0
0.0005927607,0
2.8168432e-05,0
6.75672e-05,0
0.0006653734,0
0.00014944407,0
2.2926257e-05,0
0.008335938,0
3.918478e-05,0
1.9215908e-05,0
1.9611025e-05,0
3.7051184e-05,0
3.3676835e-05,0
2.5172203e-05,0
0.0001660628,0
1.8655897e-05,0
8.0582475e-05,0
0.0008153397,0
1.6520567e-05,0
1.9579456e-05,0
2.7057979e-05,0
0.0038034085,0
0.00013723692,0
0.00021665638,0
4.9716535e-05,0
2.9413774e-05,0
9.087977e-05,0
3.4657874e-05,0
2.3469293e-05,0
0.0012523779,0
4.316176e-05,0
4.5990648e-05,0
2.8707136e-05,0
0.00023592668,0
3.8335522e-05,0
0.00018554102,0
0.0009743951,0
2.45011e-05,0
3.878895e-05,0
9.520317e-05,0
4.094091e-05,0
1.972595e-05,0
5.9807033e-05,0
0.00023748836,0
0.00017023248,0
1.8380506e-05,0
0.0002211226,0
3.7537342e-05,0
1.9315663e-05,0
0.016287457,0
4.250445e-05,0
0.00014025022,0
2.1460508e-05,0
0.010273339,0
0.0010279606,0
2.2779474e-05,0
2.4411886e-05,0
2.4595767e-05,0
0.00013620408,0
1.2563927e-05,0
0.0005832578,0
2.1106684e-05,0
4.563395e-05,0
1.1231341e-05,0
6.111474e-05,0
2.3912977e-05,0
0.00020617104,0
1.7282646e-05,0
0.00074388867,0
0.00014384849,0
2.023985e-05,0
0.00014190264,0
0.00050324557,0
2.0519961e-05,0
2.1826938e-05,0
0.0001946978,0
0.00066154235,0
1.954494e-05,0
8.021039e-05,0
2.1161923e-05,0
4.011881e-05,0
0.021097682,0
5.9678896e-05,0
0.00034678445,0
4.8606882e-05,0
1.7298551e-05,0
0.0001079945,0
8.017406e-05,0
2.5851643e-05,0
6.969135e-05,0
1.9922694e-05,0
0.00015824949,0
9.652776e-05,0
1.9206453e-05,0
2.0535177e-05,0
2.0068734e-05,0
0.00030741238,0
6.069769e-05,0
3.145207e-05,0
5.487126e-05,0
9.685964e-05,0
1.9237012e-05,0
2.2497414e-05,0
0.0005808584,0
1.6897688e-05,0
4.8463473e-05,0
3.2834876e-05,0
5.8910628e-05,0
0.00011654936,0
2.3495684e-05,0
1.797327e-05,0
0.0004476051,0
2.6127254e-05,0
1.7321929e-05,0
0.0038700034,0
0.0016978161,0
7.1561095e-05,0
2.2465274e-05,0
4.886941e-05,0
1.7798813e-05,0
0.00016035643,0
7.995544e-05,0
5.92197e-05,0
3.237232e-05,0
0.0004336298,0
2.5400617e-05,0
0.007353998,0
4.0440023e-05,0
1.9870819e-05,0
0.00020735929,0
0.00013735371,0
5.436908e-05,0
3.0970325e-05,0
0.0001549311,0
0.00016402167,0
2.1239926e-05,0
2.0583839e-05,0
0.0006061933,0
2.5937421e-05,0
0.00016660626,0
0.006989237,0
0.008783929,0
4.888639e-05,0
0.0006670338,0
3.4696895e-05,0
0.00014166432,0
2.1693992e-05,0
4.3491284e-05,0
0.000119397875,0
6.094298e-05,0
4.841242e-05,0
3.3678167e-05,0
0.0060227364,0
1.9188965e-05,0
5.873444e-05,0
2.550143e-05,0
2.2459833e-05,0
2.0305963e-05,0
3.3868244e-05,0
1.5868662e-05,0
2.1873251e-05,0
5.82313e-05,0
5.504395e-05,0
9.427779e-05,0
1.951273e-05,0
4.3245214e-05,0
2.340649e-05,0
7.382799e-05,0
0.00023372631,0
8.934362e-05,0
0.000104783125,0
1.5169615e-05,0
0.000101695165,0
7.412015e-05,0
1.7283055e-05,0
1.9508614e-05,0
2.4672943e-05,0
0.0013975346,0
8.2164246e-05,0
0.008529263,0
2.5278458e-05,0
0.00010984448,0
2.4900943e-05,0
0.00012284717,0
0.00019264153,0
2.3646608e-05,0
1.5160084e-05,0
0.00017740832,0
1.9881109e-05,0
2.3634808e-05,0
0.0006304763,0
3.9779883e-05,0
0.00011205216,0
0.00063837995,0
5.562378e-05,0
0.00020352543,0
7.365782e-05,0
2.7870079e-05,0
0.008270067,0
0.0009992139,0
4.2164414e-05,0
2.631729e-05,0
2.5752923e-05,0
0.0001065677,0
3.7131675e-05,0
0.0003641448,0
1.9639006e-05,0
1.8082048e-05,0
0.0003048148,0
6.308193e-05,0
2.6274914e-05,0
0.00034624588,0
6.054337e-05,0
7.848819e-05,0
2.2307078e-05,0
6.702998e-05,0
0.00021433433,0
2.7294782e-05,0
1.5295438e-05,0
2.288653e-05,0
0.0012091674,0
5.760308e-05,0
1.634776e-05,0
3.0109924e-05,0
8.626568e-05,0
2.3048633e-05,0
1.5055153e-05,0
2.6521506e-05,0
1.9905252e-05,0
2.3944433e-05,0
2.5970829e-05,0
5.0350012e-05,0
0.00031919623,0
2.717371e-05,0
2.7342088e-05,0
1.849328e-05,0
3.465737e-05,0
9.783755e-05,0
0.0010734174,0
1.9244326e-05,0
9.979292e-05,0
1.1066847e-05,0
1.4424484e-05,0
0.00017635664,0
9.5963245e-05,0
3.0528223e-05,0
0.0025326475,0
3.4325232e-05,0
0.00069902505,0
4.8392547e-05,0
3.21424e-05,0
2.5556952e-05,0
4.1181185e-05,0
3.0241798e-05,0
2.181442e-05,0
4.5789107e-05,0
2.2902632e-05,0
0.00016522082,0
0.00015326391,0
2.697395e-05,0
0.00025848887,0
0.011141765,0
2.1525337e-05,0
0.0007006648,0
5.0859268e-05,0
0.011448773,0
2.7919645e-05,0
0.00020909167,0
9.87336e-05,0
0.0009704095,0
2.6482989e-05,0
1.7447861e-05,0
3.916969e-05,0
0.00032994195,0
8.419185e-05,0
0.00013582228,0
3.974881e-05,0
5.2741027e-05,0
4.7638983e-05,0
3.750319e-05,0
2.291785e-05,0
0.00020654584,0
1.946004e-05,0
1.7075528e-05,0
0.0017087366,0
0.00049542624,0
0.0070065004,0
0.000637471,0
0.00034461793,0
5.1294264e-05,0
1.9350558e-05,0
0.00010477291,0
2.1448115e-05,0
0.00044785053,0
2.0306774e-05,0
0.00010862662,0
5.295208e-05,0
8.110547e-05,0
4.667374e-05,0
2.2136432e-05,0
1.435912e-05,0
0.0041471315,0
0.0058175316,0
1.983008e-05,0
3.7319616e-05,0
8.224692e-05,0
3.9525316e-05,0
2.780747e-05,0
0.00011528758,0
2.1534786e-05,0
0.009537021,0
3.3003114e-05,0
0.00012783334,0
0.00016208473,0
1.8883044e-05,0
2.6512571e-05,0
4.2164687e-05,0
4.2986776e-05,0
0.00027265915,0
0.0012381914,0
2.862055e-05,0
6.0764673e-05,0
0.00012167248,0
0.0002930505,0
5.9637998e-05,0
5.3466425e-05,0
7.5591124e-05,0
0.006577853,0
2.0954421e-05,0
9.562935e-05,0
0.008953862,0
0.0002720523,0
0.017075708,0
0.00019760706,0
5.3146774e-05,0
2.5864654e-05,0
0.00016210332,0
0.00023214372,0
7.8568766e-05,0
3.4762284e-05,0
2.399111e-05,0
1.7017248e-05,0
1.44690275e-05,0
4.7942834e-05,0
3.838694e-05,0
0.00040446254,0
0.0011428552,0
5.453321e-05,0
1.9807221e-05,0
6.7403016e-05,0
0.0005431558,0
0.0005420806,0
2.3854802e-05,0
1.6293778e-05,0
1.1719578e-05,0
4.3645945e-05,0
1.3331302e-05,0
0.00020245442,0
0.016229436,0
5.1138446e-05,0
2.228015e-05,0
6.699505e-05,0
0.00014399883,0
1.890313e-05,0
2.1829914e-05,0
0.0001682641,0
0.00013174495,0
0.0003519199,0
2.1611288e-05,0
0.00090332143,0
1.9020572e-05,0
3.2520544e-05,0
1.4776962e-05,0
1.6678749e-05,0
1.3758036e-05,0
2.3707484e-05,0
5.0725255e-05,0
2.2493252e-05,0
2.5806505e-05,0
9.980166e-05,0
2.6367217e-05,0
5.496551e-05,0
0.0016129644,0
0.00068157754,0
0.00019831679,0
2.1471571e-05,0
1.9219313e-05,0
2.5755711e-05,0
0.0002028009,0
2.8187806e-05,0
2.0288311e-05,0
1.8378467e-05,0
9.629959e-05,0
0.00022163955,0
2.673696e-05,0
2.6250596e-05,0
0.00010478201,0
1.9303106e-05,0
0.000102864215,0
2.6571497e-05,0
0.00018482037,0
4.9681203e-05,0
0.00013762388,0
2.7127513e-05,0
2.1230506e-05,0
0.001985677,0
2.1231184e-05,0
1.9214573e-05,0
2.0185109e-05,0
1.91998e-05,0
0.00058672274,0
2.4202125e-05,0
2.7503553e-05,0
0.00018971683,0
0.0009865796,0
2.021307e-05,0
0.00024079195,0
1.613136e-05,0
0.011532816,0
2.0904403e-05,0
2.053614e-05,0
2.8171311e-05,0
1.6151198e-05,0
0.000100556776,0
0.00016065972,0
1.7162014e-05,0
3.841884e-05,0
0.0047318367,0
0.00023105474,0
9.812995e-06,0
4.571861e-05,0
0.00020285076,0
0.00013191834,0
1.9936806e-05,0
6.286201e-05,0
0.005380395,0
1.7735418e-05,0
8.110511e-05,0
0.00012071726,0
1.9889294e-05,0
1.5731197e-05,0
0.00011962744,0
0.00010373136,0
0.0012820836,0
8.412223e-05,0
2.9868397e-05,0
0.00011429884,0
1.9752944e-05,0
0.007929259,0
1.2055893e-05,0
9.404464e-05,0
2.7589756e-05,0
0.0020745078,0
1.2041038e-05,0
3.3797525e-05,0
6.9023416e-05,0
9.559383e-05,0
3.825464e-05,0
6.639801e-05,0
5.1153886e-05,0
5.6690114e-05,0
2.909564e-05,0
3.0830586e-05,0
0.00037732086,0
7.0865484e-05,0
1.6929404e-05,0
4.8892132e-05,0
0.001154615,0
2.0165353e-05,0
5.659808e-05,0
2.2786204e-05,0
2.7727085e-05,0
1.9202675e-05,0
2.2055434e-05,0
0.0001491144,0
9.681311e-05,0
0.00037857227,0
0.0028937832,0
1.9634665e-05,0
0.00018787144,0
0.00013187254,0
4.4387936e-05,0
2.531255e-05,0
3.097493e-05,0
7.399805e-05,0
0.00019129153,0
4.628274e-05,0
1.930927e-05,0
6.994046e-05,0
0.0003752243,0
5.2337244e-05,0
0.0037573758,0
4.2006985e-05,0
5.3165328e-05,0
2.1512267e-05,0
6.2697e-05,0
8.487151e-05,0
4.251773e-05,0
4.6387915e-05,0
9.7507604e-05,0
0.000104257,0
2.4176801e-05,0
1.2655466e-05,0
2.4278435e-05,0
0.008535889,0
0.00012052936,0
0.00011048484,0
2.3326873e-05,0
2.9006631e-05,0
1.9204605e-05,0
5.7410994e-05,0
1.934607e-05,0
0.00011273262,0
4.9952338e-05,0
4.9051963e-05,0
5.3241365e-05,0
1.9444202e-05,0
1.1524544e-05,0
5.1279076e-05,0
0.0001507844,0
2.130663e-05,0
2.7133523e-05,0
3.1150437e-05,0
1.4256216e-05,0
1.5547015e-05,0
0.0037803529,0
0.002335896,0
9.805908e-05,0
6.68246e-05,0
3.4175595e-05,0
2.5373327e-05,0
0.00087831623,0
1.9224983e-05,0
0.0010222506,0
3.776829e-05,0
3.3385826e-05,0
1.9995186e-05,0
0.003069832,0
2.7515423e-05,0
5.59173e-05,0
0.0001844087,0
2.0726971e-05,0
5.6783367e-05,0
7.662134e-05,0
2.973976e-05,0
1.2650672e-05,0
0.010745754,0
4.8516456e-05,0
2.355236e-05,0
0.00011772341,0
9.740284e-05,0
3.9552193e-05,0
2.9837127e-05,0
5.0465973e-05,0
2.5880468e-05,0
0.00028952444,0
4.9769485e-05,0
0.00011080657,0
0.00071891013,0
5.294673e-05,0
1.7277864e-05,0
6.7099376e-05,0
3.3470522e-05,0
2.7275366e-05,0
0.00049995503,0
1.9236748e-05,0
5.9007703e-05,0
2.0194984e-05,0
1.5164098e-05,0
5.502339e-05,0
0.0004434394,0
0.00049717666,0
0.0006735444,0
3.63489e-05,0
0.00026455589,0
0.0018901065,0
4.4213688e-05,0
2.6025868e-05,0
4.23557e-05,0
2.6635096e-05,0
2.1918291e-05,0
1.8625125e-05,0
1.6491429e-05,0
1.9593654e-05,0
0.00066396693,0
2.670892e-05,0
2.5743737e-05,0
2.003951e-05,0
0.0021844695,0
4.9575618e-05,0
0.0017921195,0
2.9602792e-05,0
2.4178813e-05,0
0.00087256014,0
1.3477811e-05,0
6.176708e-05,0
1.4929021e-05,0
2.8728393e-05,0
8.85188e-05,0
5.7163546e-05,0
0.011536724,0
7.542774e-05,0
1.9560688e-05,0
3.576455e-05,0
0.00048140774,0
4.072262e-05,0
3.1072712e-05,0
4.928895e-05,0
0.00010994039,0
1.9724344e-05,0
1.6353271e-05,0
5.155774e-05,0
2.0083737e-05,0
0.008235143,0
6.327707e-05,0
2.7216061e-05,0
0.00010444346,0
0.00067801966,0
1.531223e-05,0
0.000108110224,0
2.687275e-05,0
0.00039353376,0
0.00019044461,0
0.00082207075,0
6.300325e-05,0
0.011746427,0
1.7694516e-05,0
2.2205479e-05,0
0.0015350605,0
0.006557863,0
0.0021619652,0
9.158405e-06,0
5.846654e-05,0
5.1073686e-05,0
7.1861556e-05,0
2.0359133e-05,0
1.694966e-05,0
4.2421587e-05,0
0.00012720784,0
5.886347e-05,0
1.44066125e-05,0
4.517157e-05,0
5.197869e-05,0
1.944109e-05,0
1.9578412e-05,0
0.00012321337,0
0.0019167968,0
5.451324e-05,0
7.193692e-05,0
1.1206969e-05,0
2.7270458e-05,0
2.1070642e-05,0
1.906248e-05,0
0.0008764748,0
4.9514132e-05,0
0.0010482857,0
0.00083013304,0
1.6403887e-05,0
8.5322354e-05,0
0.00016814271,0
0.0062244222,0
0.00012497493,0
2.2390897e-05,0
1.2875332e-05,0
5.3314914e-05,0
0.00010241804,0
2.590896e-05,0
9.321463e-05,0
1.5523456e-05,0
0.0005079301,0
9.221099e-05,0
2.2930943e-05,0
0.0015565829,0
4.881654e-05,0
4.1284453e-05,0
1.5280446e-05,0
7.9870755e-05,0
9.6434356e-05,0
0.00027098786,0
0.00031019212,0
4.7958452e-05,0
2.1265461e-05,0
3.7595157e-05,0
2.7055705e-05,0
3.0252439e-05,0
3.311465e-05,0
5.514642e-05,0
0.009815209,0
9.633178e-05,0
0.0015987903,0
0.00050272007,0
2.1479576e-05,0
0.0068270597,0
1.6349317e-05,0
0.004451517,0
0.0060438463,0
4.289066e-05,0
0.00056056643,0
2.3667275e-05,0
0.0060507297,0
4.558665e-05,0
0.00044734616,0
2.0538562e-05,0
2.6058151e-05,0
2.3404367e-05,0
8.273748e-05,0
2.7163474e-05,0
1.9945788e-05,0
1.4853612e-05,0
0.00012443894,0
0.00016653401,0
3.8844508e-05,0
3.6798185e-05,0
5.969825e-05,0
0.00012845144,0
2.0177078e-05,0
0.014450815,0
2.7355502e-05,0
0.0011659911,0
0.00015682481,0
0.00039492527,0
1.6109232e-05,0
0.0002596661,0
0.0002426,0
0.0028402926,0
9.869928e-05,0
0.00045855323,0
0.00032919715,0
9.685047e-05,0
0.00039169315,0
0.0002536016,0
0.000100405116,0
1.2081783e-05,0
3.4604273e-05,0
3.3127704e-05,0
2.8067849e-05,0
2.4058036e-05,0
0.0007289886,0
5.2957494e-05,0
0.00014107498,0
0.000436524,0
9.815434e-05,0
9.897859e-05,0
0.00055560167,0
0.0026300494,0
0.002409462,0
2.6940592e-05,0
0.0008750587,0
3.700893e-05,0
0.00021735746,0
1.9251704e-05,0
9.525989e-06,0
0.000106102016,0
2.418769e-05,0
2.5565621e-05,0
0.00010849782,0
2.2516751e-05,0
2.2127186e-05,0
0.0005298959,0
0.00062611705,0
4.1826923e-05,0
3.440653e-05,0
0.0010334293,0
0.015432847,0
0.00016980918,0
3.9200004e-05,0
2.4611572e-05,0
0.0002592379,0
1.9373654e-05,0
0.0038669314,0
3.2821412e-05,0
2.8544164e-05,0
1.8895458e-05,0
2.0125468e-05,0
7.4490745e-05,0
2.779851e-05,0
3.4666475e-05,0
0.001954898,0
9.8904144e-05,0
2.9619327e-05,0
0.00042770416,0
9.067824e-05,0
6.2707055e-05,0
0.00010736906,0
4.8484017e-05,0
4.1879426e-05,0
0.000117669595,0
4.820681e-05,0
2.0812207e-05,0
6.70576e-05,0
0.00044446517,0
1.4291482e-05,0
1.3446008e-05,0
0.0025645494,0
3.1987965e-05,0
1.7291957e-05,0
2.6946609e-05,0
0.00024903394,0
0.00013746555,0
2.7973523e-05,0
5.0709376e-05,0
0.0004266721,0
0.000102848,0
1.7822536e-05,0
3.4662768e-05,0
3.359203e-05,0
7.175538e-05,0
6.0745708e-05,0
1.9239349e-05,0
4.8484817e-05,0
1.9708332e-05,0
0.00012134659,0
1.7654254e-05,0
1.424136e-05,0
4.4694305e-05,0
0.00108136,0
0.00018997873,0
0.00011007617,0
2.1645681e-05,0
0.0001379918,0
2.0253163e-05,0
4.2212752e-05,0
0.00048477174,0
1.5150856e-05,0
9.642063e-05,0
2.7540666e-05,0
9.693559e-06,0
2.2721893e-05,0
2.6059826e-05,0
0.00024144005,0
2.0642841e-05,0
0.0003054627,0
1.9673756e-05,0
0.0001473567,0
2.439413e-05,0
2.1464917e-05,0
2.0841213e-05,0
0.0004975087,0
0.015670436,0
5.0004823e-05,0
9.2200455e-05,0
8.94792e-05,0
2.1119455e-05,0
2.1996126e-05,0
2.6828458e-05,0
2.9411496e-05,0
0.018099653,0
0.0016616627,0
2.0320394e-05,0
3.8855826e-05,0
0.003195912,0
0.00013462159,0
4.608568e-05,0
2.0058096e-05,0
2.4271618e-05,0
2.1374717e-05,0
1.6422164e-05,0
5.4095024e-05,0
0.00026252642,0
4.1301766e-05,0
0.0005354728,0
4.9257804e-05,0
2.4967518e-05,0
0.00042183034,0
0.00013045334,0
5.866401e-05,0
2.3366574e-05,0
3.8656046e-05,0
1.7186088e-05,0
2.4029221e-05,0
8.4182415e-05,0
3.182269e-05,0
0.0004789252,0
0.0025095148,0
3.9238425e-05,0
2.1469148e-05,0
0.00015000922,0
0.00022005524,0
1.3034715e-05,0
2.1047841e-05,0
5.5811797e-05,0
2.4259522e-05,0
9.3320064e-05,0
2.5514955e-05,0
6.379255e-05,0
1.5185226e-05,0
2.3558165e-05,0
1.7028182e-05,0
0.00025967107,0
2.7389653e-05,0
2.4400102e-05,0
9.789369e-05,0
0.00043496635,0
1.9206967e-05,0
0.0040457537,0
1.956831e-05,0
2.196603e-05,0
0.00081180973,0
4.8814567e-05,0
0.00034189894,0
5.261517e-05,0
9.614189e-05,0
1.430907e-05,0
0.00011149663,0
0.00011644432,0
2.8789564e-05,0
0.01023934,0
7.073278e-05,0
0.00025135357,0
9.736859e-05,0
2.6440683e-05,0
1.9888219e-05,0
1.5517671e-05,0
0.00014835804,0
9.503468e-05,0
2.3519708e-05,0
3.2215863e-05,0
6.020396e-05,0
9.924542e-05,0
5.527209e-05,0
2.2193904e-05,0
1.14199265e-05,0
0.00014085739,0
5.686187e-05,0
0.00033336025,0
1.9561907e-05,0
0.010799105,0
5.5437333e-05,0
1.8635514e-05,0
5.468886e-05,0
2.1219083e-05,0
0.00025897828,0
4.8847534e-05,0
0.000101084384,0
0.01066259,0
0.0011861254,0
1.9035258e-05,0
1.8943723e-05,0
4.8860427e-05,0
1.4703246e-05,0
5.6687535e-05,0
2.8080472e-05,0
9.772478e-05,0
0.00013896955,0
0.00027067636,0
5.5722776e-05,0
0.00017022854,0
0.004907086,0
0.00018211993,0
1.715149e-05,0
2.145893e-05,0
0.0076720444,0
3.039399e-05,0
1.924084e-05,0
2.1625658e-05,0
0.0017596842,0
7.725691e-05,0
1.3739341e-05,0
0.0006764975,0
1.8865332e-05,0
1.3989534e-05,0
2.0289906e-05,0
4.860352e-05,0
1.925849e-05,0
6.957182e-05,0
3.0413183e-05,0
1.9998895e-05,0
5.7364723e-05,0
0.00058838626,0
1.7133067e-05,0
2.1114183e-05,0
1.13474425e-05,0
1.3545717e-05,0
2.2325461e-05,0
0.00018775502,0
1.9205718e-05,0
1.2436012e-05,0
7.943492e-05,0
7.899129e-05,0
3.9206163e-05,0
0.010945571,0
9.031943e-05,0
0.00060895,0
5.685535e-05,0
0.00017129471,0
4.8442078e-05,0
6.251794e-05,0
1.9202538e-05,0
9.989986e-05,0
0.0012465556,0
9.882978e-05,0
0.0005035904,0
0.00053372735,0
0.00026138383,0
1.4999984e-05,0
3.832327e-05,0
7.436078e-05,0
0.0032351427,0
0.00010590827,0
1.4534551e-05,0
2.3771243e-05,0
1.8033885e-05,0
0.00195833,0
2.4315117e-05,0
0.012157223,0
5.920059e-05,0
8.057135e-05,0
4.3611803e-05,0
4.8574613e-05,0
1.974014e-05,0
5.7562364e-05,0
5.4891105e-05,0
5.5824305e-05,0
6.0083326e-05,0
3.7041194e-05,0
4.7206446e-05,0
5.718443e-05,0
1.5252841e-05,0
4.3508837e-05,0
0.00054532115,0
1.214024e-05,0
8.0537204e-05,0
2.0159448e-05,0
0.000115570634,0
0.00012992426,0
0.0011816534,0
2.149621e-05,0
0.00042487946,0
0.0001304736,0
1.3517606e-05,0
5.3024156e-05,0
1.8568366e-05,0
0.00019719069,0
1.9586703e-05,0
2.4084473e-05,0
0.00021511423,0
0.00012736734,0
1.9695543e-05,0
6.4815315e-05,0
0.0009942361,0
1.9563171e-05,0
5.062341e-05,0
7.233329e-05,0
1.9288742e-05,0
2.0167821e-05,0
5.8565354e-05,0
9.4050956e-05,0
8.571921e-05,0
0.00029857535,0
2.85314e-05,0
0.0003279969,0
3.1752843e-05,0
7.997837e-05,0
3.4114604e-05,0
0.0005432237,0
0.00012614709,0
2.452973e-05,0
2.1833814e-05,0
2.1951882e-05,0
0.00010295547,0
0.00026834046,0
5.7514037e-05,0
2.7094375e-05,0
9.6235e-05,0
2.714798e-05,0
1.53368e-05,0
0.00023801102,0
2.0915435e-05,0
1.8383258e-05,0
1.4948245e-05,0
0.0017219759,0
7.932182e-05,0
2.0874606e-05,0
3.9839197e-05,0
2.167115e-05,0
4.8577418e-05,0
6.3047184e-05,0
2.2017772e-05,0
0.00058985443,0
5.959749e-05,0
2.2416694e-05,0
2.9607841e-05,0
0.007357829,0
0.00031510837,0
2.1144377e-05,0
5.8209927e-05,0
0.004267706,0
0.00016346418,0
0.0002309141,0
5.403825e-05,0
0.00027866184,0
2.0259622e-05,0
0.0001587267,0
3.773669e-05,0
0.00016838408,0
0.00010801777,0
4.952504e-05,0
4.0116858e-05,0
1.9474479e-05,0
1.8257571e-05,0
0.00047941908,0
0.00017615175,0
2.4029652e-05,0
5.2748648e-05,0
0.00015408156,0
0.00017067444,0
0.00023252454,0
2.5535668e-05,0
4.119677e-05,0
5.004599e-05,0
3.2124888e-05,0
0.00016466306,0
1.7154392e-05,0
1.7145547e-05,0
0.00014463959,0
7.720669e-05,0
0.00019426721,0
1.8294451e-05,0
5.5253982e-05,0
1.5458461e-05,0
2.1813235e-05,0
3.3566463e-05,0
0.00013412433,0
1.7314e-05,0
1.3669555e-05,0
0.00017454964,0
3.9457696e-05,0
5.8681373e-05,0
4.781824e-05,0
5.210349e-05,0
3.2131476e-05,0
0.00010231943,0
1.5896467e-05,0
5.0650793e-05,0
0.009612551,0
5.2586518e-05,0
2.2274753e-05,0
0.00016107621,0
0.00023460758,0
8.1696926e-05,0
0.00035249445,0
0.00014905068,0
6.988718e-05,0
0.011105811,0
0.00024875347,0
5.2374653e-05,0
2.7812055e-05,0
5.226252e-05,0
5.508126e-05,0
5.8905807e-05,0
5.0565082e-05,0
2.9503226e-05,0
0.0036748385,0
2.4885605e-05,0
4.5366283e-05,0
4.3879038e-05,0
2.0955202e-05,0
8.273208e-05,0
2.68391e-05,0
3.3044274e-05,0
4.857316e-05,0
0.007966952,0
0.00017863556,0
2.0328422e-05,0
2.5489418e-05,0
0.00022092096,0
6.984918e-05,0
6.582533e-05,0
0.00011730357,0
7.9227255e-05,0
9.207626e-05,0
8.590539e-05,0
5.5534994e-05,0
2.0942767e-05,0
2.7411334e-05,0
0.00041370364,0
2.553036e-05,0
0.00010332023,0
2.1128786e-05,0
2.7344e-05,0
9.9801444e-05,0
2.0537782e-05,0
5.4668122e-05,0
4.6398298e-05,0
1.5992044e-05,0
0.00030355513,0
8.61284e-05,0
0.00024789412,0
2.0090618e-05,0
0.0114373,0
1.28031215e-05,0
1.4302757e-05,0
1.7321694e-05,0
2.7146742e-05,0
0.009156847,0
0.00017408271,0
2.7541259e-05,0
1.6319987e-05,0
2.1986176e-05,0
1.9559864e-05,0
9.17909e-05,0
5.2692558e-05,0
2.8204484e-05,0
5.5461845e-05,0
8.666858e-05,0
0.015333182,0
2.1810516e-05,0
1.9223144e-05,0
0.0012674137,0
3.2289194e-05,0
2.466059e-05,0
0.00013284187,0
4.4504566e-05,0
2.8536542e-05,0
1.208814e-05,0
5.1940344e-05,0
5.973556e-05,0
2.1644124e-05,0
2.802178e-05,0
2.7035701e-05,0
1.6805081e-05,0
0.00011902684,0
0.0001896502,0
0.0005672636,0
2.8318085e-05,0
2.6459573e-05,0
8.790677e-05,0
2.0283986e-05,0
2.4308321e-05,0
5.624182e-05,0
2.9996909e-05,0
1.344912e-05,0
0.0056949668,0
1.9126559e-05,0
0.0068606976,0
1.9279545e-05,0
0.0002926322,0
1.622751e-05,0
0.0020950276,0
4.1666863e-05,0
2.1202188e-05,0
2.4003268e-05,0
0.00010735989,0
4.8250757e-05,0
2.0602456e-05,0
6.140414e-05,0
0.000118146105,0
0.0003548421,0
2.2340872e-05,0
0.0013415936,0
0.0001080863,0
4.6542285e-05,0
9.310505e-05,0
0.00046612642,0
2.909038e-05,0
4.5189216e-05,0
1.9603105e-05,0
4.940083e-05,0
1.7853972e-05,0
1.9553148e-05,0
3.5762e-05,0
1.3724006e-05,0
2.0816979e-05,0
0.005532311,0
1.1987069e-05,0
0.000101530575,0
0.00043901487,0
2.9587885e-05,0
0.0010661108,0
1.0195708e-05,0
4.1528176e-05,0
2.2784661e-05,0
9.824441e-05,0
0.0075886366,0
0.008057808,0
0.0001503017,0
2.7124423e-05,0
8.47529e-05,0
1.6769533e-05,0
3.5307345e-05,0
0.00020272277,0
2.2485017e-05,0
0.0029323956,0
2.3550674e-05,0
2.6256444e-05,0
4.3449752e-05,0
9.599007e-05,0
0.00011709758,0
0.00042332022,0
8.415701e-05,0
2.0670092e-05,0
5.332597e-05,0
2.082916e-05,0
1.45729455e-05,0
4.5123918e-05,0
0.00017750314,0
1.953619e-05,0
3.43379e-05,0
2.7138936e-05,0
0.008979089,0
6.690371e-05,0
0.0010999314,0
1.9590478e-05,0
0.00013298386,0
0.02318457,0
6.2790954e-05,0
0.0014017354,0
0.00026516008,0
1.9219908e-05,0
2.6494256e-05,0
2.2391641e-05,0
1.9398012e-05,0
9.6202246e-05,0
0.0001049466,0
4.0928626e-05,0
2.8735172e-05,0
3.250401e-05,0
2.0088775e-05,0
6.666114e-05,0
2.317913e-05,0
1.9452682e-05,0
6.8610585e-05,0
5.4835316e-05,0
0.00016480967,0
4.172e-05,0
2.1139871e-05,0
0.00045699737,0
2.0096268e-05,0
5.4617707e-05,0
2.3271297e-05,0
0.0004158931,0
2.207964e-05,0
0.0005860442,0
2.403522e-05,0
4.394038e-05,0
0.0005555048,0
0.00016892538,0
1.9345316e-05,0
1.5854823e-05,0
0.00010948723,0
4.746294e-05,0
0.003453382,0
1.4198944e-05,0
1.19264105e-05,0
2.7196642e-05,0
0.011463708,0
0.0073662694,0
2.5333326e-05,0
5.881763e-05,0
1.8729444e-05,0
0.00035531333,0
0.00013106306,0
0.00057870307,0
2.130367e-05,0
0.00038671083,0
5.7474717e-05,0
1.4228538e-05,0
2.0554142e-05,0
2.0115822e-05,0
1.9347859e-05,0
2.9678566e-05,0
4.8847545e-05,0
1.9294543e-05,0
5.034053e-05,0
1.927656e-05,0
1.9756975e-05,0
0.0047460445,0
0.0004584803,0
2.0306908e-05,0
5.6658435e-05,0
0.0029950882,0
0.0006938725,0
2.8113067e-05,0
0.00014356867,0
0.0048747566,0
0.00017269808,0
2.2016771e-05,0
1.5249517e-05,0
8.51306e-05,0
1.3104295e-05,0
0.00014288907,0
2.9039862e-05,0
6.0809904e-05,0
0.000110951565,0
0.00026922784,0
0.0002548599,0
2.332378e-05,0
0.007629343,0
2.0311703e-05,0
0.0005900878,0
0.0013699161,0
1.721509e-05,0
3.4123434e-05,0
3.5788013e-05,0
1.1922474e-05,0
2.6283626e-05,0
0.000110703644,0
4.8156926e-05,0
2.4936458e-05,0
7.476616e-05,0
7.3086856e-05,0
3.0358766e-05,0
1.5193389e-05,0
0.00024798096,0
6.364162e-05,0
0.00010285131,0
2.5431314e-05,0
5.1400348e-05,0
3.2900054e-05,0
4.7310936e-05,0
2.7479571e-05,0
5.7550304e-05,0
1.49182015e-05,0
2.5585585e-05,0
2.5398194e-05,0
0.00030107461,0
2.0258794e-05,0
1.906119e-05,0
9.6300326e-05,0
0.0037086122,0
0.00012615786,0
0.00044042186,0
8.09364e-05,0
0.00057929545,0
0.0007409208,0
0.000100056124,0
0.018038196,0
0.00012423047,0
3.432098e-05,0
9.486613e-05,0
1.8014687e-05,0
9.861864e-05,0
0.0002430061,0
0.009278342,0
5.3318556e-05,0
2.1501124e-05,0
1.5641033e-05,0
2.323592e-05,0
0.013276207,0
0.012976714,0
0.00034494183,0
4.347087e-05,0
2.6614205e-05,0
0.00019509371,0
0.00038729646,0
6.616035e-05,0
2.0812511e-05,0
1.4615373e-05,0
9.994769e-05,0
0.0035404284,0
3.0011766e-05,0
2.7219294e-05,0
0.016148083,0
0.00012451908,0
0.000179106,0
5.95393e-05,0
1.39658205e-05,0
0.00016648843,0
3.106645e-05,0
3.704448e-05,0
0.0001947355,0
1.8262162e-05,0
0.0023282415,0
1.0862768e-05,0
4.8216014e-05,0
0.00024884587,0
2.5934034e-05,0
1.568953e-05,0
2.8102066e-05,0
0.00013521072,0
3.526785e-05,0
0.00011298455,0
2.7737586e-05,0
0.0012373242,0
1.7795319e-05,0
3.5292567e-05,0
2.4435489e-05,0
7.3762596e-05,0
5.2264335e-05,0
0.0002697185,0
0.00024752977,0
0.00018060878,0
2.1809732e-05,0
2.0489377e-05,0
1.5772337e-05,0
2.5626723e-05,0
0.000120065626,0
2.942927e-05,0
7.799638e-05,0
0.00010691983,0
3.8809045e-05,0
0.0003112879,0
2.524661e-05,0
1.9222829e-05,0
9.62703e-05,0
8.854637e-05,0
0.00010139252,0
0.0011552816,0
3.1257714e-05,0
3.957428e-05,0
7.618818e-05,0
0.00011151518,0
4.344753e-05,0
1.3238052e-05,0
0.0008145109,0
3.8776267e-05,0
0.00037620956,0
0.00011616812,0
3.600795e-05,0
2.1029722e-05,0
0.00016107167,0
1.9304236e-05,0
1.9710707e-05,0
3.1179756e-05,0
5.6891873e-05,0
2.304188e-05,0
2.1624832e-05,0
1.3662363e-05,0
4.8557544e-05,0
4.6015484e-05,0
2.2992994e-05,0
5.3083833e-05,0
0.00045809353,0
0.00029864462,0
2.9415673e-05,0
9.483797e-05,0
4.8704962e-05,0
0.00013943917,0
0.000100358084,0
0.000121742756,0
2.714072e-05,0
2.311009e-05,0
2.7037966e-05,0
3.7107115e-05,0
1.4251506e-05,0
2.0027357e-05,0
0.0001734554,0
0.00043434012,0
2.5872183e-05,0
4.8724407e-05,0
1.9469806e-05,0
4.0356255e-05,0
1.4487763e-05,0
1.5347789e-05,0
1.9895633e-05,0
5.679971e-05,0
0.0008486308,0
0.00025405106,0
0.018347263,0
2.029644e-05,0
0.00019301985,0
8.511602e-05,0
0.00013747228,0
1.2022026e-05,0
2.7134449e-05,0
2.5066198e-05,0
0.00049714616,0
1.9231073e-05,0
2.6865875e-05,0
0.00048783614,0
0.009962656,0
0.00015907829,0
4.1353665e-05,0
1.9234421e-05,0
2.8514738e-05,0
6.0460967e-05,0
2.6480451e-05,0
0.010857299,0
2.0646881e-05,0
0.00016449542,0
0.00022179716,0
2.888887e-05,0
2.2381708e-05,0
0.0007111217,0
0.00014569824,0
8.875683e-05,0
2.243974e-05,0
0.00018816722,0
0.00029870073,0
1.7709759e-05,0
2.5838484e-05,0
0.0008574147,0
2.0480793e-05,0
2.5014846e-05,0
1.9168083e-05,0
2.6164247e-05,0
2.0271891e-05,0
4.0867126e-05,0
0.0001250066,0
0.0011019043,0
1.812843e-05,0
2.0925494e-05,0
2.7052272e-05,0
9.531111e-06,0
0.0010946045,0
4.7504473e-05,0
1.7983619e-05,0
1.8843828e-05,0
4.948114e-05,0
2.3705701e-05,0
3.5570174e-05,0
1.9252126e-05,0
0.006611499,0
4.9008344e-05,0
2.2699578e-05,0
0.00040279297,0
0.00018338136,0
9.298598e-05,0
0.00030711206,0
2.0142803e-05,0
0.00043738986,0
0.00020979458,0
2.7191032e-05,0
8.378102e-05,0
1.4098668e-05,0
1.9224375e-05,0
1.0611265e-05,0
0.0005701755,0
3.0194808e-05,0
1.2178905e-05,0
4.4726836e-05,0
2.5496553e-05,0
3.272327e-05,0
9.518957e-05,0
3.6548998e-05,0
9.61636e-05,0
1.7400323e-05,0
2.8571087e-05,0
0.00012452618,0
5.5214172e-05,0
0.00097502954,0
0.00042727898,0
2.6811598e-05,0
0.00012768476,0
1.956958e-05,0
8.868045e-05,0
0.0001198017,0
0.00016231879,0
2.8237893e-05,0
2.717745e-05,0
0.0066896514,0
0.00019462703,0
1.2101256e-05,0
0.00011858209,0
1.9208608e-05,0
0.0017127927,0
0.0016041645,0
2.553765e-05,0
2.1606833e-05,0
2.573252e-05,0
2.1566579e-05,0
0.00010322957,0
8.6108346e-05,0
0.007468997,0
2.7631728e-05,0
4.4217697e-05,0
5.8145273e-05,0
0.00019270842,0
8.1519785e-05,0
2.8555387e-05,0
2.8901875e-05,0
0.0002273155,0
2.0323969e-05,0
1.7224655e-05,0
4.885534e-05,0
1.5975975e-05,0
0.00014063578,0
2.646266e-05,0
0.00013979193,0
0.0011668312,0
4.5129873e-05,0
2.1921152e-05,0
3.9502927e-05,0
2.088993e-05,0
0.0009237893,0
0.00049125624,0
0.0092312535,0
0.0012696346,0
5.2872947e-05,0
1.0448961e-05,0
1.9718997e-05,0
9.75095e-05,0
0.0002022274,0
2.4936919e-05,0
2.029366e-05,0
1.6606233e-05,0
2.0378395e-05,0
0.0011287956,0
0.00044624947,0
1.7415856e-05,0
1.2617025e-05,0
1.9347997e-05,0
6.487567e-05,0
0.00033717896,0
2.1448333e-05,0
4.2927324e-05,0
1.7221879e-05,0
0.0005475851,0
4.6767593e-05,0
2.2225093e-05,0
3.3522814e-05,0
2.8400189e-05,0
1.5600106e-05,0
6.22565e-05,0
5.162424e-05,0
2.7428696e-05,0
5.4276083e-05,0
2.5547091e-05,0
8.731199e-05,0
0.00014605571,0
9.980199e-05,0
0.00011915612,0
2.5384597e-05,0
0.0007840871,0
3.3291926e-05,0
1.1847211e-05,0
1.1379308e-05,0
0.00018474796,0
2.6115655e-05,0
2.4164987e-05,0
2.0070727e-05,0
2.0516181e-05,0
6.458152e-05,0
2.5538697e-05,0
2.2842867e-05,0
2.5081188e-05,0
6.7002155e-05,0
1.9240728e-05,0
9.61069e-05,0
2.6988235e-05,0
4.562198e-05,0
1.8055627e-05,0
0.00012282802,0
0.0002439647,0
2.0898466e-05,0
0.0006856173,0
0.012389343,0
5.373576e-05,0
5.2789255e-05,0
9.020308e-05,0
0.0007869523,0
7.849806e-05,0
3.1487256e-05,0
1.1736925e-05,0
1.9416631e-05,0
2.8845467e-05,0
4.933478e-05,0
0.00013402649,0
4.6508718e-05,0
0.00019562161,0
3.9910123e-05,0
0.0001103116,0
0.0014757134,0
0.00041164347,0
3.4728233e-05,0
1.3291272e-05,0
0.011432078,0
1.6908501e-05,0
0.0007104978,0
2.400487e-05,0
0.00029249792,0
6.868602e-05,0
2.5258834e-05,0
6.138567e-05,0
0.00027929424,0
3.143839e-05,0
0.00059186405,0
5.6441702e-05,0
0.0006382312,0
0.0007157706,0
1.9737585e-05,0
2.6716198e-05,0
1.9903655e-05,0
0.00014203385,0
1.022575e-05,0
1.4790219e-05,0
2.7094338e-05,0
8.9357294e-05,0
5.2936604e-05,0
5.794815e-05,0
2.0903426e-05,0
5.7927708e-05,0
0.00025292762,0
3.671336e-05,0
2.7061302e-05,0
5.6562756e-05,0
0.00034156593,0
5.0835177e-05,0
0.01245547,0
1.970606e-05,0
1.9346851e-05,0
0.00016076783,0
0.001031897,0
5.0896222e-05,0
0.011704406,0
7.08718e-05,0
2.3679242e-05,0
0.00038587165,0
2.6685597e-05,0
4.9109243e-05,0
0.0023024604,0
0.000121225385,0
3.4363162e-05,0
7.890209e-05,0
2.0298261e-05,0
4.3665794e-05,0
4.8250797e-05,0
1.47068895e-05,0
5.2352592e-05,0
1.758894e-05,0
1.9970703e-05,0
5.9625472e-05,0
0.00012325306,0
0.00010489963,0
0.013900915,0
8.187421e-05,0
0.00020366674,0
1.4825966e-05,0
2.4158126e-05,0
0.00025476434,0
4.4606666e-05,0
0.00014479112,0
0.0001442461,0
3.7632675e-05,0
0.000102395024,0
2.1171321e-05,0
5.865968e-05,0
0.00016762843,0
4.222258e-05,0
1.49940015e-05,0
2.370583e-05,0
2.8272903e-05,0
2.6623175e-05,0
0.00023420334,0
0.00022304288,0
0.00093238393,0
0.00939057,0
0.0020631957,0
1.7239874e-05,0
0.00035259605,0
0.0001968352,0
1.4303693e-05,0
0.000979745,0
2.0252732e-05,0
0.000236147,0
2.2428585e-05,0
0.001006483,0
0.00032693328,0
3.1832096e-05,0
0.00022093511,0
2.1284397e-05,0
1.1191919e-05,0
4.2716543e-05,0
2.5984229e-05,0
2.2892546e-05,0
9.8317425e-05,0
2.1225329e-05,0
0.00017472867,0
2.737504e-05,0
1.3983516e-05,0
2.3084714e-05,0
4.9336304e-05,0
2.0156636e-05,0
0.0001413647,0
0.0010640997,0
1.712101e-05,0
0.00011711,0
3.4637702e-05,0
2.0948664e-05,0
0.00049359194,0
1.5414307e-05,0
0.010354275,0
0.00018169996,0
1.7906448e-05,0
0.018635252,0
1.9350211e-05,0
2.1116935e-05,0
2.6730198e-05,0
2.0301053e-05,0
7.122703e-05,0
0.0010275645,0
2.261213e-05,0
4.999978e-05,0
0.00061717216,0
6.2849605e-05,0
8.0415906e-05,0
2.7388522e-05,0
0.001802905,0
2.0553163e-05,0
2.8487399e-05,0
2.1902628e-05,0
6.9364236e-05,0
4.938422e-05,0
8.99567e-05,0
0.00015970618,0
2.8506862e-05,0
0.010359614,0
7.364435e-05,0
1.0524966e-05,0
0.016454319,0
9.8317236e-05,0
2.2208009e-05,0
0.00022899802,0
9.749891e-05,0
8.8684814e-05,0
0.00018279142,0
9.852577e-05,0
7.993336e-05,0
1.9262456e-05,0
4.8194608e-05,0
8.053666e-05,0
2.4757748e-05,0
2.182507e-05,0
2.5829091e-05,0
0.0069602844,0
2.0832333e-05,0
4.321104e-05,0
0.0005939547,0
2.5773503e-05,0
2.6703954e-05,0
2.0408173e-05,0
0.009642328,0
0.00044600302,0
6.115635e-05,0
8.2491526e-05,0
0.00010238012,0
3.8180966e-05,0
0.0014603331,0
4.8348364e-05,0
1.6011396e-05,0
2.087723e-05,0
5.2511e-05,0
5.065394e-05,0
2.2206039e-05,0
5.9728984e-05,0
0.005417571,0
1.976381e-05,0
0.0011052669,0
6.681408e-05,0
3.1253538e-05,0
0.00012732182,0
5.4684195e-05,0
0.0011731624,0
7.714055e-05,0
0.0005729405,0
1.9875857e-05,0
0.00010705166,0
2.9077355e-05,0
3.2200645e-05,0
4.1095842e-05,0
2.4942225e-05,0
6.882841e-05,0
2.0301066e-05,0
2.7148102e-05,0
2.2141892e-05,0
0.009063691,0
0.015760038,0
1.7899898e-05,0
9.2214614e-05,0
0.00028979155,0
5.179784e-05,0
4.78148e-05,0
0.00021004344,0
0.0003766577,0
0.00024168906,0
1.987713e-05,0
1.6346607e-05,0
0.000101563084,0
0.0047075637,0
0.00055118545,0
2.2507433e-05,0
0.000231826,0
2.0554427e-05,0
2.5690566e-05,0
6.0233386e-05,0
6.7119625e-05,0
3.3163487e-05,0
0.0001023922,0
0.00012965036,0
0.0004186932,0
0.00043680627,0
6.0444923e-05,0
0.001585277,0
4.9002676e-05,0
9.246177e-05,0
2.0669877e-05,0
5.4008957e-05,0
7.58552e-05,0
5.1363288e-05,0
2.2256214e-05,0
0.0142965475,0
3.10595e-05,0
2.6725136e-05,0
6.840288e-05,0
1.995308e-05,0
1.2903009e-05,0
1.9189387e-05,0
0.008790495,0
6.1093844e-05,0
2.62423e-05,0
6.324839e-05,0
3.0307949e-05,0
0.00022963359,0
0.0009879353,0
5.49813e-05,0
9.826457e-05,0
5.206104e-05,0
7.3219395e-05,0
0.00010990041,0
0.0008920145,0
2.7196907e-05,0
8.421194e-05,0
9.476366e-05,0
0.00052576244,0
7.790705e-05,0
2.2421085e-05,0
7.1244256e-05,0
0.00040175757,0
5.2898795e-05,0
6.0033006e-05,0
0.00021700334,0
5.2743297e-05,0
0.00011737768,0
0.0003493567,0
5.4947915e-05,0
4.9287086e-05,0
0.0010376658,0
3.361572e-05,0
9.3524905e-05,0
6.920529e-05,0
1.9832896e-05,0
0.00011608436,0
0.00022039132,0
4.8950897e-05,0
1.3414264e-05,0
8.85422e-05,0
2.7567829e-05,0
0.0005245327,0
2.706637e-05,0
0.0010342706,0
1.9704727e-05,0
2.0615134e-05,0
2.2988821e-05,0
0.0001676176,0
2.0879217e-05,0
1.9998753e-05,0
4.5474982e-05,0
1.5490827e-05,0
0.00015948291,0
2.262726e-05,0
1.9363653e-05,0
2.6383039e-05,0
4.8706326e-05,0
3.375618e-05,0
6.512805e-05,0
4.5007444e-05,0
4.0978455e-05,0
4.904829e-05,0
4.6450605e-05,0
2.744868e-05,0
0.000120337434,0
3.4373665e-05,0
3.1058793e-05,0
0.0001334882,0
4.9471364e-05,0
9.804646e-05,0
0.00013873828,0
2.1612037e-05,0
3.5071753e-05,0
6.37136e-05,0
0.0004361266,0
1.9728623e-05,0
2.6372052e-05,0
6.070198e-05,0
0.00016325034,0
1.6142298e-05,0
2.7573833e-05,0
3.533731e-05,0
0.011050231,0
0.004319092,0
0.00014996329,0
8.1604965e-05,0
3.1452062e-05,0
1.7838409e-05,0
0.00021756293,0
4.703318e-05,0
2.432204e-05,0
2.345102e-05,0
3.4745848e-05,0
2.122147e-05,0
1.1232747e-05,0
1.5855467e-05,0
0.00022511922,0
2.3473121e-05,0
4.303414e-05,0
5.5167977e-05,0
1.4517982e-05,0
0.020866511,0
0.00072555925,0
7.7945115e-05,0
0.00028755402,0
2.8033961e-05,0
1.9194491e-05,0
4.323724e-05,0
6.982316e-05,0
6.676254e-05,0
0.00031023283,0
2.0068483e-05,0
6.066901e-05,0
1.5359781e-05,0
2.2217006e-05,0
4.8352595e-05,0
0.00011986657,0
5.18556e-05,0
5.2453e-05,0
2.4934325e-05,0
0.00059694075,0
2.0344864e-05,0
9.351615e-05,0
0.01886998,0
2.0137752e-05,0
2.2711914e-05,0
7.257852e-05,0
0.00042364883,0
4.6558438e-05,0
5.5760138e-05,0
3.358563e-05,0
0.00011328929,0
0.00019348772,0
2.0465939e-05,0
0.0010020209,0
2.3616294e-05,0
0.000698012,0
7.0194204e-05,0
4.836445e-05,0
0.0004897345,0
0.0152826,0
2.9498255e-05,0
2.1868733e-05,0
0.00012166661,0
6.652332e-05,0
6.155601e-05,0
9.970882e-05,0
2.1536462e-05,0
0.00024998625,0
1.2739894e-05,0
4.1313782e-05,0
0.000525214,0
3.485426e-05,0
9.815837e-05,0
0.002696282,0
0.00017616722,0
0.014677356,0
0.00013112901,0
3.2397358e-05,0
2.018928e-05,0
4.134778e-05,0
9.911412e-05,0
5.3938606e-05,0
0.0007871549,0
0.032806125,0
0.00017071325,0
0.00015324679,0
2.5749721e-05,0
9.804658e-05,0
0.00024677964,0
7.7063414e-05,0
3.8853606e-05,0
4.6045283e-05,0
6.266859e-05,0
2.540679e-05,0
2.6205917e-05,0
2.2621542e-05,0
2.1193575e-05,0
2.2382936e-05,0
4.832014e-05,0
2.5714757e-05,0
4.2937303e-05,0
4.8337904e-05,0
0.0010948081,0
0.0008358596,0
1.9227184e-05,0
5.3773427e-05,0
4.8246013e-05,0
5.0187526e-05,0
5.203263e-05,0
0.00011839376,0
0.00013041458,0
6.5015505e-05,0
2.1205924e-05,0
0.004322482,0
9.8154414e-05,0
1.9334226e-05,0
3.4004526e-05,0
2.2977252e-05,0
0.00020971263,0
4.6741556e-05,0
9.6138734e-05,0
0.0006725008,0
3.356724e-05,0
1.2674331e-05,0
0.00013617797,0
3.921871e-05,0
7.7462915e-05,0
7.2957984e-05,0
1.2245437e-05,0
1.6498661e-05,0
2.8080975e-05,0
2.4966534e-05,0
2.0299825e-05,0
2.7517219e-05,0
0.004733128,0
2.1447728e-05,0
1.805346e-05,0
0.010320215,0
2.8147544e-05,0
1.509271e-05,0
1.7041002e-05,0
3.6318077e-05,0
3.8156646e-05,0
1.9296927e-05,0
0.00021130829,0
5.1539246e-05,0
9.752659e-05,0
1.97747e-05,0
2.1529155e-05,0
1.8711718e-05,0
6.988809e-05,0
1.907897e-05,0
0.006671661,0
2.6994667e-05,0
1.9704532e-05,0
2.6297103e-05,0
4.633492e-05,0
3.9438248e-05,0
0.0003213114,0
2.9103516e-05,0
7.059281e-05,0
0.0007519425,0
0.00011033375,0
