anomaly_score,label
0.9962227940559387,0
1.0252915620803833,0
1.0423095226287842,0
21.569366455078125,0
1.0290026664733887,0
1.0079752206802368,0
1.0268648862838745,0
1.1948715448379517,0
0.9592065215110779,0
1.6396452188491821,0
1.125977635383606,0
0.966458797454834,0
1.089827060699463,0
0.954740047454834,0
0.9911938905715942,0
1.0050699710845947,0
1.2252484560012817,0
1.112064242362976,0
1.0158416032791138,0
1.6739567518234253,0
1.1822071075439453,0
0.989909291267395,0
1.0504724979400635,0
1.0420125722885132,0
1.4297401905059814,0
0.9667432308197021,0
0.9637706279754639,0
1.4003452062606812,0
0.9832695722579956,0
0.9931929707527161,0
0.9928885102272034,0
1.0472887754440308,0
0.9706534743309021,0
1.0623893737792969,0
0.9452381134033203,0
1.7271080017089844,0
0.9969949126243591,0
1.0282237529754639,0
1.0862126350402832,0
1.75710928440094,0
1.0558457374572754,0
1.037611961364746,0
0.9621738195419312,0
1.111625075340271,0
1.0459824800491333,0
0.9930185079574585,0
0.961044430732727,0
0.9721989631652832,0
1.0448931455612183,0
1.0568227767944336,0
1.1212283372879028,0
0.9971250295639038,0
1.0239135026931763,0
1.3674789667129517,0
1.0324348211288452,0
1.2814576625823975,0
1.01845121383667,0
1.0106115341186523,0
0.9776820540428162,0
0.9628812074661255,0
1.1319998502731323,0
0.990329384803772,0
0.9777499437332153,0
0.9958300590515137,0
0.9795107245445251,0
1.7212327718734741,0
1.1254215240478516,0
0.9939894676208496,0
1.0018243789672852,0
1.155087947845459,0
1.0290952920913696,0
1.128080129623413,0
1.0709455013275146,0
1.1239351034164429,0
1.022697925567627,0
1.1082245111465454,0
1.1024795770645142,0
0.9878029823303223,0
1.145589828491211,0
1.1561808586120605,0
1.0588995218276978,0
1.0298807621002197,0
0.9982016086578369,0
0.9986687302589417,0
0.9924330711364746,0
1.0620933771133423,0
1.0779411792755127,0
1.0160174369812012,0
1.0195831060409546,0
1.086519718170166,0
0.9618063569068909,0
1.1179643869400024,0
1.095202088356018,0
14.648406028747559,0
1.018207311630249,0
1.0204194784164429,0
0.9406657218933105,0
0.9885917901992798,0
1.0527855157852173,0
0.9939947128295898,0
1.255210280418396,0
1.423439621925354,0
1.0229920148849487,0
0.9428231120109558,0
1.1103960275650024,0
1.2534675598144531,0
1.0313159227371216,0
1.1425087451934814,0
0.982272744178772,0
5.859735012054443,0
0.9998250007629395,0
4.0489091873168945,0
1.017842411994934,0
1.0728180408477783,0
1.0872083902359009,0
1.2110337018966675,0
1.0101187229156494,0
1.1184414625167847,0
1.1779638528823853,0
1.0400619506835938,0
1.047050952911377,0
0.9942601919174194,0
1.4525355100631714,0
0.9902538657188416,0
1.0600708723068237,0
0.975106954574585,0
1.0068995952606201,0
1.4525954723358154,0
1.4715681076049805,0
1.0837510824203491,0
1.1756980419158936,0
1.008112907409668,0
1.2817331552505493,0
1.0122597217559814,0
1.004084825515747,0
0.9594820141792297,0
0.9815499782562256,0
0.9855796694755554,0
1.7226629257202148,0
1.0413118600845337,0
1.0594983100891113,0
1.0709474086761475,0
1.0534148216247559,0
1.3458805084228516,0
1.0965992212295532,0
0.9800428152084351,0
1.0886327028274536,0
1.0642949342727661,0
1.0418145656585693,0
1.0086966753005981,0
2.9723517894744873,0
0.9662250280380249,0
0.9849719405174255,0
0.9724069237709045,0
1.0829265117645264,0
1.079919695854187,0
0.9950000047683716,0
1.269763708114624,0
0.971269428730011,0
1.126479148864746,0
1.0009996891021729,0
1.0415233373641968,0
1.0833361148834229,0
1.1774104833602905,0
0.9596133232116699,0
1.0319054126739502,0
0.9689470529556274,0
1.0597904920578003,0
0.9728718996047974,0
1.778405785560608,0
1.136525273323059,0
1.0455769300460815,0
1.023110032081604,0
1.0984995365142822,0
1.0788986682891846,0
1.012878656387329,0
1.0580350160598755,0
0.9958615303039551,0
1.4448108673095703,0
1.0527890920639038,0
1.0437229871749878,0
1.2505797147750854,0
0.9760649800300598,0
1.3759410381317139,0
0.9822677373886108,0
1.0365265607833862,0
1.1925386190414429,0
1.050811767578125,0
0.9549919366836548,0
1.0620265007019043,0
1.1229019165039062,0
1.5608688592910767,0
0.9840613007545471,0
1.001103162765503,0
0.9877896904945374,0
0.9753366112709045,0
1.0652793645858765,0
1.082228183746338,0
0.9716184139251709,0
1.138947606086731,0
1.109013557434082,0
0.9950087666511536,0
0.9748220443725586,0
0.9956702589988708,0
1.012026309967041,0
0.9949973225593567,0
1.2772244215011597,0
1.0041239261627197,0
1.1398676633834839,0
1.2979129552841187,0
0.9945175051689148,0
1.0057786703109741,0
0.9584798216819763,0
1.0041834115982056,0
1.1496573686599731,0
0.9999557137489319,0
1.174828052520752,0
1.0718564987182617,0
1.0867583751678467,0
1.0090997219085693,0
1.2011744976043701,0
1.0123498439788818,0
1.3950568437576294,0
1.0426934957504272,0
0.9574605226516724,0
0.968136727809906,0
0.9904883503913879,0
0.9771532416343689,0
1.0047688484191895,0
2.9723517894744873,0
1.3357197046279907,0
1.0011463165283203,0
0.9394617080688477,0
1.0771676301956177,0
1.0679463148117065,0
1.046741247177124,0
1.1464524269104004,0
1.3247672319412231,0
1.1226842403411865,0
1.009962797164917,0
1.0582375526428223,0
1.1732834577560425,0
1.0001206398010254,0
0.969009280204773,0
1.2041605710983276,0
1.0712530612945557,0
1.0727347135543823,0
1.0039968490600586,0
1.8279200792312622,0
0.9785138368606567,0
1.1772191524505615,0
1.0428557395935059,0
1.053166389465332,0
1.0323551893234253,0
1.1586357355117798,0
1.2169244289398193,0
1.030770182609558,0
0.9708018898963928,0
1.138436198234558,0
1.0133862495422363,0
0.9903727769851685,0
1.0676205158233643,0
1.1866854429244995,0
1.6413648128509521,0
0.9875352382659912,0
0.9930552840232849,0
1.1522427797317505,0
1.1889573335647583,0
1.2129535675048828,0
1.0417180061340332,0
0.9991303086280823,0
1.044517159461975,0
1.0106014013290405,0
1.0592998266220093,0
0.9695632457733154,0
1.3459720611572266,0
1.0799461603164673,0
1.116746425628662,0
1.0528892278671265,0
1.0684709548950195,0
1.1341201066970825,0
1.1681339740753174,0
1.04231595993042,0
1.111390233039856,0
0.9806117415428162,0
1.0521315336227417,0
1.0142905712127686,0
1.1334601640701294,0
0.9917011857032776,0
1.0429035425186157,0
0.9918709397315979,0
1.1151081323623657,0
1.0465251207351685,0
1.1556590795516968,0
0.974551796913147,0
1.2121527194976807,0
1.0902246236801147,0
1.1929811239242554,0
0.9915832281112671,0
1.0358202457427979,0
1.1312925815582275,0
1.0702974796295166,0
1.2410961389541626,0
1.0936871767044067,0
1.0677341222763062,0
1.0715336799621582,0
0.9789036512374878,0
1.0381083488464355,0
2.1255264282226562,0
3.3401875495910645,0
0.9452381134033203,0
1.0781186819076538,0
1.4569780826568604,0
1.0202046632766724,0
1.2359051704406738,0
1.0626723766326904,0
1.106313705444336,0
1.0757230520248413,0
1.0144485235214233,0
0.9751524925231934,0
1.149429440498352,0
1.0412906408309937,0
1.456844687461853,0
1.0224522352218628,0
1.0292654037475586,0
0.9683935642242432,0
1.1593296527862549,0
0.9646618962287903,0
1.0448360443115234,0
1.038856863975525,0
1.0622018575668335,0
0.9999485015869141,0
1.1641725301742554,0
1.060484528541565,0
1.0123850107192993,0
1.400623083114624,0
1.1542268991470337,0
1.0404261350631714,0
0.9133878350257874,0
1.0193099975585938,0
1.014915943145752,0
1.0379313230514526,0
1.0654958486557007,0
1.0284912586212158,0
0.9874666929244995,0
0.985550045967102,0
1.0787668228149414,0
1.0269196033477783,0
1.343075156211853,0
1.0734403133392334,0
1.036084771156311,0
0.9980117082595825,0
1.1768165826797485,0
1.0246392488479614,0
1.0287485122680664,0
0.9813330173492432,0
1.0329482555389404,0
0.9903564453125,0
1.0446182489395142,0
0.9815516471862793,0
0.9754765033721924,0
1.2109930515289307,0
0.9882245659828186,0
1.0225253105163574,0
1.0162737369537354,0
1.0324801206588745,0
0.9997021555900574,0
1.0735808610916138,0
1.1394881010055542,0
1.0509878396987915,0
1.2302747964859009,0
1.1060161590576172,0
1.0747302770614624,0
1.0027860403060913,0
0.9457018971443176,0
1.0775436162948608,0
1.0419957637786865,0
1.8647220134735107,0
1.0705745220184326,0
1.0271722078323364,0
1.2352616786956787,0
1.0598183870315552,0
1.0047475099563599,0
1.003602385520935,0
1.1594992876052856,0
0.9875807762145996,0
1.1517270803451538,0
1.0165830850601196,0
1.0188610553741455,0
1.0428454875946045,0
1.3447680473327637,0
1.1081733703613281,0
1.0091100931167603,0
1.0884554386138916,0
1.023855447769165,0
1.1528249979019165,0
1.0955625772476196,0
1.0245234966278076,0
1.0138379335403442,0
1.046758770942688,0
1.0833078622817993,0
1.1332120895385742,0
1.020004391670227,0
1.0594878196716309,0
1.249123454093933,0
1.0364620685577393,0
1.1633657217025757,0
1.350646734237671,0
1.2898979187011719,0
0.9823630452156067,0
0.9752871990203857,0
1.0125752687454224,0
1.106827974319458,0
1.1521130800247192,0
0.9963176846504211,0
0.9897825121879578,0
1.0006638765335083,0
1.0934945344924927,0
1.0346113443374634,0
0.9467126131057739,0
1.0974540710449219,0
1.0553431510925293,0
0.9748613834381104,0
1.4197462797164917,0
1.025776743888855,0
1.1273670196533203,0
1.0212775468826294,0
0.9971267580986023,0
1.1573758125305176,0
0.95466148853302,0
1.4444469213485718,0
0.9877765774726868,0
1.3315603733062744,0
1.0,0
1.057769775390625,0
1.0001282691955566,0
0.9934189915657043,0
0.9878302812576294,0
0.9734500050544739,0
0.9951939582824707,0
1.0920175313949585,0
1.210030198097229,0
1.0457385778427124,0
1.0153074264526367,0
1.0362271070480347,0
1.0482439994812012,0
1.0139721632003784,0
1.0148619413375854,0
1.0084140300750732,0
1.0065186023712158,0
0.9945005178451538,0
1.1136996746063232,0
1.0378040075302124,0
1.182860255241394,0
1.039208173751831,0
1.0213605165481567,0
1.0039608478546143,0
1.2624698877334595,0
1.1030147075653076,0
0.9949179291725159,0
1.0349364280700684,0
0.9666375517845154,0
0.9452381134033203,0
0.9985494613647461,0
1.0457193851470947,0
1.0840952396392822,0
1.0110039710998535,0
1.08296799659729,0
1.0427870750427246,0
1.0686575174331665,0
1.0130579471588135,0
1.0662184953689575,0
1.132023811340332,0
1.0183298587799072,0
1.009255051612854,0
1.041420817375183,0
1.096487283706665,0
1.020436406135559,0
1.0385699272155762,0
1.2170255184173584,0
0.9907355308532715,0
1.1299223899841309,0
1.1404531002044678,0
1.0660309791564941,0
1.0024561882019043,0
1.0763925313949585,0
0.9391822218894958,0
1.089961290359497,0
0.9938639998435974,0
1.0944217443466187,0
0.9933477640151978,0
0.9452381134033203,0
0.9797345399856567,0
1.0795183181762695,0
1.2028799057006836,0
0.976192057132721,0
0.996229350566864,0
1.0179200172424316,0
0.940668523311615,0
2.4730687141418457,0
1.113032579421997,0
1.4538815021514893,0
1.0893851518630981,0
1.0067498683929443,0
1.0413011312484741,0
0.991818904876709,0
1.5970393419265747,0
1.0294058322906494,0
0.9926808476448059,0
1.030191421508789,0
0.9537966847419739,0
0.9964120388031006,0
1.0075825452804565,0
1.064229965209961,0
1.0164116621017456,0
1.0920050144195557,0
1.0310221910476685,0
1.43211829662323,0
1.0611653327941895,0
0.9776270389556885,0
0.9850372672080994,0
1.0097482204437256,0
0.9950979351997375,0
1.057969331741333,0
0.9797301292419434,0
1.1036195755004883,0
1.1553053855895996,0
1.1941580772399902,0
1.0084971189498901,0
1.5409748554229736,0
1.0801911354064941,0
2.813417673110962,0
1.0847434997558594,0
1.0,0
1.1151481866836548,0
0.9741775393486023,0
1.19374418258667,0
3.811457395553589,0
1.0200726985931396,0
1.0554227828979492,0
1.040976881980896,0
0.9689481258392334,0
7.386887073516846,0
0.9754300117492676,0
1.2510395050048828,0
1.042405366897583,0
1.0017850399017334,0
1.0133723020553589,0
1.0225541591644287,0
1.41633939743042,0
1.0076920986175537,0
0.974541425704956,0
1.249070405960083,0
0.9731878638267517,0
1.0022536516189575,0
1.116924524307251,0
1.005052089691162,0
0.9937899112701416,0
0.999255895614624,0
1.2505115270614624,0
1.0073964595794678,0
1.1630029678344727,0
143.70143127441406,0
1.0282227993011475,0
1.0347576141357422,0
0.9980106949806213,0
0.9901941418647766,0
1.0440865755081177,0
1.742021918296814,0
1.0801656246185303,0
1.043928861618042,0
1.299512505531311,0
0.9783101081848145,0
0.9930256605148315,0
1.0803507566452026,0
1.200627326965332,0
1.0212383270263672,0
0.9809362888336182,0
1.1998695135116577,0
0.9638015031814575,0
1.0164079666137695,0
0.9920841455459595,0
1.6638835668563843,0
1.0437241792678833,0
1.1711207628250122,0
1.0505341291427612,0
1.067921757698059,0
0.9832203388214111,0
0.9746693968772888,0
1.0128015279769897,0
1.5068111419677734,0
0.9861574769020081,0
1.027958631515503,0
1.1942970752716064,0
1.0724036693572998,0
1.0262008905410767,0
1.0289463996887207,0
1.4235817193984985,0
1.0362216234207153,0
0.9798080325126648,0
1.0049607753753662,0
1.2069672346115112,0
1.0623668432235718,0
0.9792534112930298,0
1.055478811264038,0
1.097027063369751,0
4.821845054626465,0
1.0180563926696777,0
1.8071876764297485,0
1.4085086584091187,0
1.0248266458511353,0
0.9452381134033203,0
0.9773074984550476,0
1.039007306098938,0
1.511931300163269,0
1.0510138273239136,0
0.9736747145652771,0
0.9787430167198181,0
1.0793880224227905,0
0.993765652179718,0
1.106549859046936,0
1.1889482736587524,0
0.9945636987686157,0
1.0537374019622803,0
0.9920793175697327,0
1.0175753831863403,0
1.034530520439148,0
1.0156230926513672,0
1.042947769165039,0
1.0541391372680664,0
0.9898308515548706,0
1.0037015676498413,0
1.0922268629074097,0
1.4981889724731445,0
1.140486478805542,0
1.0983092784881592,0
1.0228246450424194,0
1.1256251335144043,0
1.1140940189361572,0
0.9949302673339844,0
1.0892075300216675,0
1.0397154092788696,0
1.1821173429489136,0
1.8431954383850098,0
0.9721965193748474,0
1.2282755374908447,0
1.0886045694351196,0
1.2694573402404785,0
1.2556954622268677,0
1.0044333934783936,0
1.1863213777542114,0
1.074541449546814,0
1.0657769441604614,0
0.9756113886833191,0
1.032738208770752,0
1.0437833070755005,0
1.013506531715393,0
1.3836541175842285,0
1.0745929479599,0
1.156371831893921,0
1.3317314386367798,0
0.9873636364936829,0
0.9932998418807983,0
1.0837397575378418,0
1.035171627998352,0
26.059982299804688,0
1.0080194473266602,0
0.9666666388511658,0
1.0383092164993286,0
1.0424554347991943,0
1.008246898651123,0
1.1349906921386719,0
0.9899203777313232,0
1.1900972127914429,0
0.9971537590026855,0
1.0292240381240845,0
1.3229942321777344,0
0.990715503692627,0
1.041966438293457,0
1.1046793460845947,0
1.395132064819336,0
1.0444151163101196,0
1.1872351169586182,0
1.1412591934204102,0
1.0512529611587524,0
0.9772593975067139,0
1.1711739301681519,0
1.1580917835235596,0
1.1482993364334106,0
1.160624623298645,0
0.9755685329437256,0
1.018273115158081,0
0.9555910229682922,0
1.2073428630828857,0
1.1424075365066528,0
1.0546469688415527,0
0.9906403422355652,0
0.9944365620613098,0
1.1877191066741943,0
1.0235264301300049,0
1.0459061861038208,0
1.182141661643982,0
0.9747642874717712,0
1.0077992677688599,0
1.5529898405075073,0
1.0139065980911255,0
1.214207649230957,0
1.0309269428253174,0
0.9807595610618591,0
1.0544904470443726,0
1.0878825187683105,0
0.9488065838813782,0
1.043185830116272,0
0.9847812056541443,0
1.0384290218353271,0
0.9622998833656311,0
1.0643057823181152,0
1.5364078283309937,0
1.0204565525054932,0
1.06191885471344,0
1.5216232538223267,0
1.0236024856567383,0
0.9702759981155396,0
1.088284969329834,0
1.3619036674499512,0
1.0067192316055298,0
0.9689483642578125,0
0.9865623116493225,0
1.2967387437820435,0
0.9912693500518799,0
1.1664118766784668,0
1.086763620376587,0
0.9971709251403809,0
1.045186996459961,0
1.0198332071304321,0
1.0063648223876953,0
1.0683380365371704,0
1.0173181295394897,0
1.0283859968185425,0
1.1211062669754028,0
1.0961687564849854,0
0.9414231181144714,0
1.6931794881820679,0
1.0133557319641113,0
1.1288549900054932,0
0.9827976822853088,0
0.9990528225898743,0
1.0738425254821777,0
0.990610659122467,0
1.0569348335266113,0
1.0887047052383423,0
56.3719482421875,0
0.9763805270195007,0
1.5681339502334595,0
1.041862964630127,0
0.9904745221138,0
1.1056629419326782,0
1.0209163427352905,0
1.277369737625122,0
1.0929158926010132,0
0.9906046986579895,0
1.3204764127731323,0
1.1031990051269531,0
1.0571646690368652,0
1.1060329675674438,0
1.016805648803711,0
1.0015881061553955,0
0.9857139587402344,0
2.380798101425171,0
1.0001206398010254,0
0.9910351634025574,0
1.0722157955169678,0
1.034102201461792,0
1.2668375968933105,0
0.999148964881897,0
1.0460608005523682,0
0.9883087277412415,0
1.1208418607711792,0
1.306411862373352,0
1.1187267303466797,0
1.110214114189148,0
1.082558512687683,0
14.340365409851074,0
0.979336142539978,0
0.994466245174408,0
0.9873676300048828,0
0.9926808476448059,0
1.10910165309906,0
1.2631847858428955,0
1.040412425994873,0
1.0793994665145874,0
1.1030727624893188,0
2.0404651165008545,0
82.86882781982422,0
1.0721033811569214,0
0.9636974930763245,0
1.05305016040802,0
0.9995126724243164,0
1.0289669036865234,0
0.9767120480537415,0
1.1052649021148682,0
0.9564563035964966,0
1.0319268703460693,0
1.3015271425247192,0
1.1304630041122437,0
2.8289222717285156,0
0.9787970781326294,0
0.9853076934814453,0
1.3027236461639404,0
1.0338287353515625,0
3.9053025245666504,0
0.9747990965843201,0
1.0896986722946167,0
1.3890302181243896,0
1.1907144784927368,0
1.1020809412002563,0
1.0176151990890503,0
1.0320318937301636,0
1.3267736434936523,0
1.067891240119934,0
1.397927165031433,0
1.0548384189605713,0
1.0773650407791138,0
1.0773736238479614,0
1.4799830913543701,0
1.276823878288269,0
1.0055984258651733,0
1.1816558837890625,0
1.0353676080703735,0
1.0079668760299683,0
1.0962568521499634,0
1.2878668308258057,0
0.9961163997650146,0
1.1687387228012085,0
1.0846365690231323,0
0.9987363815307617,0
1.0049607753753662,0
1.145641565322876,0
1.026361346244812,0
0.9798051714897156,0
1.0996075868606567,0
1.0683306455612183,0
1.0855120420455933,0
1.0845928192138672,0
1.0323735475540161,0
1.0388610363006592,0
1.0660473108291626,0
1.2780616283416748,0
1.1482993364334106,0
1.0257526636123657,0
1.6174148321151733,0
1.071141242980957,0
1.0506833791732788,0
0.9859969019889832,0
1.0928726196289062,0
1.0450462102890015,0
1.0314741134643555,0
0.9549791812896729,0
1.025132656097412,0
0.9813856482505798,0
1.338600516319275,0
1.4120171070098877,0
0.9868730902671814,0
1.0386286973953247,0
1.0209089517593384,0
1.219497799873352,0
1.1649798154830933,0
1.042266845703125,0
1.0916825532913208,0
1.0081523656845093,0
1.0572162866592407,0
0.9905411005020142,0
1.0691255331039429,0
1.0254710912704468,0
1.1151608228683472,0
1.1238007545471191,0
0.9976823925971985,0
0.9952607154846191,0
1.138968586921692,0
1.8118361234664917,0
1.033859372138977,0
0.9887024760246277,0
0.9945305585861206,0
1.0070058107376099,0
1.0107136964797974,0
1.0116984844207764,0
1.3724509477615356,0
1.0077086687088013,0
1.2160898447036743,0
1.2746427059173584,0
0.9890106916427612,0
1.0266571044921875,0
0.996613621711731,0
1.1296533346176147,0
1.0614042282104492,0
1.9202247858047485,0
1.0426404476165771,0
1.0807279348373413,0
1.1096471548080444,0
1.3542779684066772,0
1.1495766639709473,0
0.9893289804458618,0
1.1600226163864136,0
1.1979341506958008,0
1.0013412237167358,0
1.105271816253662,0
1.1887789964675903,0
1.1913862228393555,0
0.9868074059486389,0
2.059673547744751,0
0.9928443431854248,0
0.9880074262619019,0
0.9992882013320923,0
0.9760228991508484,0
1.0087603330612183,0
1.0278383493423462,0
1.1589148044586182,0
1.046604037284851,0
1.088987946510315,0
1.0386103391647339,0
1.0434428453445435,0
1.0035890340805054,0
1.3413901329040527,0
1.1191266775131226,0
1.0797744989395142,0
1.0235159397125244,0
0.9614806175231934,0
1.0675667524337769,0
1.0786100625991821,0
0.9964502453804016,0
0.9527332782745361,0
0.982272744178772,0
0.9490317702293396,0
1.1328896284103394,0
1.0191495418548584,0
1.0134575366973877,0
1.0421509742736816,0
1.0327486991882324,0
1.057503581047058,0
0.9930789470672607,0
1.0454607009887695,0
0.9890216588973999,0
1.0467709302902222,0
1.001933217048645,0
1.1095097064971924,0
0.9649117588996887,0
1.1073083877563477,0
1.0343847274780273,0
1.1888563632965088,0
1.0788156986236572,0
1.02858567237854,0
373.6746520996094,0
0.9898254871368408,0
1.029448390007019,0
1.0848137140274048,0
0.9813591837882996,0
1.0198965072631836,0
1.0007110834121704,0
1.039900302886963,0
1.0045148134231567,0
1.3533132076263428,0
1.039082407951355,0
0.9837014079093933,0
1.0047473907470703,0
1.693426489830017,0
1.0079948902130127,0
0.9594820141792297,0
1.0351881980895996,0
1.0334874391555786,0
1.232292890548706,0
1.069376826286316,0
1.2462623119354248,0
1.1366004943847656,0
0.9804061651229858,0
1.30906081199646,0
0.9842732548713684,0
0.9319182634353638,0
1.1908519268035889,0
1.018036961555481,0
1.0090773105621338,0
1.0137858390808105,0
1.0657685995101929,0
1.0778446197509766,0
0.9751423001289368,0
1.488312005996704,0
0.9672381281852722,0
1.0241423845291138,0
1.0760395526885986,0
4.510486125946045,0
0.9888830184936523,0
0.9996844530105591,0
1.802085518836975,0
1.0174471139907837,0
1.1386146545410156,0
0.9837831854820251,0
1.0665080547332764,0
1.0128577947616577,0
0.9964176416397095,0
1.0396958589553833,0
0.9805400967597961,0
1.1507542133331299,0
0.9980147480964661,0
1.1106659173965454,0
1.0181158781051636,0
1.2734980583190918,0
1.0196442604064941,0
1.3646624088287354,0
2.9207937717437744,0
1.1863771677017212,0
1.0987340211868286,0
1.212260127067566,0
1.425508737564087,0
1.003722906112671,0
1.19014573097229,0
1.2197356224060059,0
0.9835191369056702,0
2.839764356613159,0
1.0027079582214355,0
1.523942470550537,0
0.9940248131752014,0
1.1409614086151123,0
1.1493805646896362,0
1.06453275680542,0
1.012376308441162,0
1.0850967168807983,0
1.0411148071289062,0
1.0325767993927002,0
1.0363885164260864,0
1.0376657247543335,0
0.9534902572631836,0
1.0859918594360352,0
1.0789821147918701,0
1.082750678062439,0
1.19465172290802,0
1.00910222530365,0
0.9981358051300049,0
1.0028223991394043,0
1.0274795293807983,0
1.0653293132781982,0
1.3711477518081665,0
1.107029914855957,0
1.1374398469924927,0
0.9777661561965942,0
1.2707979679107666,0
1.0946292877197266,0
0.992986798286438,0
1.0041691064834595,0
1.0984126329421997,0
1.3897038698196411,0
1.0626442432403564,0
1.0117721557617188,0
0.9889134168624878,0
0.9556381106376648,0
1.791537880897522,0
1.07582688331604,0
1.0738242864608765,0
1.2184358835220337,0
1.121811866760254,0
1.0268324613571167,0
1.0275323390960693,0
1.013817310333252,0
1.0629932880401611,0
1.0868968963623047,0
0.9958022832870483,0
0.9946553707122803,0
0.9948034882545471,0
0.9975757002830505,0
1.0214794874191284,0
0.9964308738708496,0
1.015176773071289,0
1.0099021196365356,0
0.9964542984962463,0
1.1587101221084595,0
0.9881555438041687,0
0.976657509803772,0
1.0,0
1.0097756385803223,0
1.0742945671081543,0
1.0211907625198364,0
1.121078372001648,0
1.0901446342468262,0
1.0285176038742065,0
1.015218734741211,0
0.9959079027175903,0
1.0492290258407593,0
1.0197736024856567,0
1.0999712944030762,0
1.0129196643829346,0
1.0550504922866821,0
1.0333672761917114,0
1.013831377029419,0
1.0666006803512573,0
1.0849010944366455,0
1.0343101024627686,0
1.0734905004501343,0
1.1685255765914917,0
1.1271157264709473,0
1.4574153423309326,0
2.0659735202789307,0
1.0019466876983643,0
1.0122445821762085,0
0.9934353232383728,0
1.184601068496704,0
1.306567668914795,0
1.0545356273651123,0
1.1530429124832153,0
1.0208168029785156,0
1.1271103620529175,0
1.3012877702713013,0
1.052884817123413,0
1.0322672128677368,0
1.090665578842163,0
0.9792398810386658,0
1.11046302318573,0
0.9786043763160706,0
1.1043199300765991,0
1.109803318977356,0
1.1918004751205444,0
1.0614093542099,0
1.1670560836791992,0
1.0395280122756958,0
1.0112078189849854,0
1.0135570764541626,0
1.0151290893554688,0
0.9972493648529053,0
1.0284521579742432,0
0.9641890525817871,0
1.103638768196106,0
1.0019382238388062,0
1.0345755815505981,0
1.0008177757263184,0
1.0101524591445923,0
0.9734870791435242,0
1.31689453125,0
1.013969898223877,0
1.0424436330795288,0
1.3861302137374878,0
0.9839813709259033,0
1.009358286857605,0
1.1817131042480469,0
1.1162220239639282,0
1.0598886013031006,0
1.101950764656067,0
1.0036773681640625,0
1.078279972076416,0
2.5342845916748047,0
0.9965661764144897,0
1.0054620504379272,0
1.1482993364334106,0
0.9525279402732849,0
1.0559604167938232,0
1.0927919149398804,0
1.0411098003387451,0
1.4896280765533447,0
1.0036587715148926,0
1.5702311992645264,0
1.1097575426101685,0
1.0489418506622314,0
1.136851191520691,0
1.014744520187378,0
1.0,0
0.9657731056213379,0
1.0553667545318604,0
1.4532166719436646,0
1.0224603414535522,0
1.04557466506958,0
0.9797623157501221,0
1.0004231929779053,0
0.9735623002052307,0
1.0526067018508911,0
1.1855257749557495,0
1.0277718305587769,0
0.993424117565155,0
0.9877175688743591,0
1.1138700246810913,0
0.9950000047683716,0
0.9949238896369934,0
1.0973236560821533,0
0.9660086631774902,0
1.0050055980682373,0
1.083715796470642,0
1.0256524085998535,0
0.9153155088424683,0
0.9907154440879822,0
1.025442123413086,0
1.3258066177368164,0
1.3762632608413696,0
1.4224774837493896,0
1.1185513734817505,0
1.5089868307113647,0
1.0322805643081665,0
0.9768319129943848,0
1.0328569412231445,0
1.1195170879364014,0
1.026007890701294,0
1.108262300491333,0
1.016486406326294,0
1.1555531024932861,0
1.0153871774673462,0
1.006278157234192,0
0.9966296553611755,0
1.0469682216644287,0
1.3063671588897705,0
0.9984791278839111,0
1.0447471141815186,0
1.0559577941894531,0
1.018377661705017,0
1.0805119276046753,0
0.9787275791168213,0
1.0306273698806763,0
1.035851240158081,0
1.014016032218933,0
1.1808087825775146,0
1.0182368755340576,0
0.9555529356002808,0
1.094452977180481,0
1.015809416770935,0
1.2853878736495972,0
1.0272560119628906,0
1.1011030673980713,0
1.0110152959823608,0
1.1427042484283447,0
1.0325816869735718,0
1.0255743265151978,0
0.9972105622291565,0
1.1982133388519287,0
1.0560694932937622,0
1.0187586545944214,0
1.0655382871627808,0
1.018829345703125,0
0.9783940315246582,0
1.4596091508865356,0
1.165334701538086,0
1.1879804134368896,0
1.017924427986145,0
1.1443878412246704,0
1.0488195419311523,0
1.0058436393737793,0
2.277921199798584,0
0.9915607571601868,0
1.0352613925933838,0
0.9153155088424683,0
0.9975523948669434,0
1.003394603729248,0
1.2817506790161133,0
0.9782223701477051,0
1.0318577289581299,0
1.0968306064605713,0
0.98810213804245,0
1.0925452709197998,0
0.9834640622138977,0
0.9700512886047363,0
0.9899333119392395,0
0.9952882528305054,0
0.9939880967140198,0
1.0143163204193115,0
1.1437523365020752,0
1.2543926239013672,0
0.9806822538375854,0
1.066900610923767,0
1.0901398658752441,0
0.9970234036445618,0
1.4288355112075806,0
1.037463665008545,0
1.0820626020431519,0
1.032228946685791,0
1.2112332582473755,0
1.0580767393112183,0
0.9999303817749023,0
1.344552755355835,0
0.9976599216461182,0
1.114637017250061,0
1.1321702003479004,0
0.9848979115486145,0
1.0181713104248047,0
0.9869271516799927,0
1.0379726886749268,0
1.3397605419158936,0
1.0749963521957397,0
1.009811520576477,0
1.0116651058197021,0
1.0046746730804443,0
1.2219915390014648,0
0.9727906584739685,0
1.0068976879119873,0
1.4063128232955933,0
1.0378509759902954,0
1.0169392824172974,0
1.4261585474014282,0
1.064258337020874,0
1.1040771007537842,0
1.3724489212036133,0
1.0775036811828613,0
1.1101821660995483,0
1.0190327167510986,0
1.1863386631011963,0
1.1079620122909546,0
1.1327183246612549,0
1.1300309896469116,0
1.596335530281067,0
1.0073329210281372,0
1.001428246498108,0
0.9785138368606567,0
0.9948767423629761,0
0.9912667870521545,0
0.9949309229850769,0
1.0046464204788208,0
1.037130355834961,0
0.9958099722862244,0
1.2162492275238037,0
1.012454867362976,0
1.7289836406707764,0
1.03099524974823,0
1.0500493049621582,0
0.9827625155448914,0
1.0460138320922852,0
1.0425270795822144,0
0.9867004752159119,0
0.9859856367111206,0
1.1879862546920776,0
1.0514167547225952,0
1.2212053537368774,0
1.0096198320388794,0
1.0510238409042358,0
1.2411069869995117,0
1.0260432958602905,0
1.3433512449264526,0
1.1417316198349,0
1.169275164604187,0
1.0388426780700684,0
0.9994958639144897,0
0.9619348645210266,0
0.9928170442581177,0
1.0129488706588745,0
1.0461400747299194,0
0.9887024760246277,0
1.0599828958511353,0
1.2052347660064697,0
0.9994300603866577,0
1.148086428642273,0
1.0093070268630981,0
0.9700570106506348,0
1.6180953979492188,0
1.0249394178390503,0
1.0075076818466187,0
1.0949077606201172,0
0.9887974262237549,0
1.1746962070465088,0
0.9955371022224426,0
1.0448108911514282,0
1.0547536611557007,0
1.0580573081970215,0
1.6546616554260254,0
0.9634265303611755,0
1.4698516130447388,0
1.806272268295288,0
1.0020769834518433,0
1.8431954383850098,0
0.9841508269309998,0
1.0605032444000244,0
1.1634567975997925,0
1.0210802555084229,0
0.9797623157501221,0
1.6315934658050537,0
1.057803750038147,0
1.0334736108779907,0
1.0817999839782715,0
1.0266550779342651,0
1.0338211059570312,0
1.6074018478393555,0
0.961250901222229,0
1.0676043033599854,0
1.3500463962554932,0
1.011991024017334,0
1.0017985105514526,0
1.0173455476760864,0
1.0428588390350342,0
1.0029590129852295,0
1.1040596961975098,0
1.2565923929214478,0
1.0275110006332397,0
0.9704018235206604,0
1.1166149377822876,0
1.1186596155166626,0
1.0508676767349243,0
1.0175567865371704,0
0.9749834537506104,0
1.0376648902893066,0
1.0052300691604614,0
1.4412869215011597,0
0.9918657541275024,0
1.0243237018585205,0
1.0306771993637085,0
1.1952729225158691,0
1.2017854452133179,0
1.0146745443344116,0
1.3075536489486694,0
1.0718249082565308,0
1.0257549285888672,0
1.1526367664337158,0
1.3187675476074219,0
1.0040745735168457,0
0.9996803998947144,0
21.10181999206543,0
1.1844333410263062,0
2.817441463470459,0
1.416434407234192,0
0.9983305931091309,0
1.0331910848617554,0
0.9401636123657227,0
0.9564875364303589,0
1.1564557552337646,0
0.9848824143409729,0
1.1141515970230103,0
1.1201742887496948,0
1.105317234992981,0
1.1027745008468628,0
1.1333001852035522,0
1.092544436454773,0
0.9447436928749084,0
1.1437602043151855,0
1.0241153240203857,0
1.2986353635787964,0
1.0248311758041382,0
1.1309322118759155,0
0.9747756719589233,0
1.0700342655181885,0
1.0117793083190918,0
1.0042331218719482,0
0.9775859117507935,0
1.3947745561599731,0
1.0257982015609741,0
1.2617104053497314,0
0.9628090858459473,0
1.1798360347747803,0
1.1672691106796265,0
0.9958958625793457,0
0.962567150592804,0
0.9678411483764648,0
1.0249814987182617,0
1.0959171056747437,0
1.026374340057373,0
1.0342999696731567,0
1.0567985773086548,0
8.999642372131348,0
1.147761583328247,0
0.9798080325126648,0
0.9836866855621338,0
0.9947537183761597,0
0.9499688148498535,0
0.9925521016120911,0
1.0220415592193604,0
1.1145248413085938,0
1.0509155988693237,0
1.1823221445083618,0
1.5438729524612427,0
0.9988866448402405,0
1.4601913690567017,0
1.0479586124420166,0
0.9798842072486877,0
1.7145051956176758,0
1.4205259084701538,0
1.0324238538742065,0
0.9960836172103882,0
1.003207802772522,0
1.042710542678833,0
0.9859148263931274,0
1.4626641273498535,0
1.0797550678253174,0
0.9153155088424683,0
0.992214560508728,0
1.068365216255188,0
1.0083446502685547,0
0.9978880286216736,0
1.0799436569213867,0
1.0293973684310913,0
1.0281949043273926,0
0.9724342226982117,0
1.014060378074646,0
1.0151270627975464,0
1.0747745037078857,0
0.9889677166938782,0
0.9476627707481384,0
1.1036438941955566,0
1.3021913766860962,0
0.9837529063224792,0
1.0196958780288696,0
0.9797623157501221,0
1.2405887842178345,0
1.044359564781189,0
0.9903888702392578,0
0.9925920367240906,0
1.065274715423584,0
1.0459539890289307,0
1.0943894386291504,0
1.3818447589874268,0
1.1685302257537842,0
1.036881685256958,0
1.032852292060852,0
1.0301436185836792,0
0.9551599621772766,0
1.1019387245178223,0
1.0414098501205444,0
1.0142861604690552,0
0.9817826747894287,0
0.9785057902336121,0
0.9805588126182556,0
0.996801495552063,0
1.1504789590835571,0
1.2213739156723022,0
1.1073535680770874,0
0.9745029211044312,0
1.2066998481750488,0
1.0266636610031128,0
1.2210373878479004,0
1.068290114402771,0
1.0213582515716553,0
1.0685902833938599,0
1.1329602003097534,0
82.86882781982422,0
1.0858147144317627,0
1.1111866235733032,0
1.2808277606964111,0
1.3273426294326782,0
1.1052088737487793,0
1.0,0
1.0470525026321411,0
1.0111989974975586,0
1.0863665342330933,0
1.0637484788894653,0
1.0931020975112915,0
1.0045714378356934,0
1.1395822763442993,0
1.1053894758224487,0
1.1657371520996094,0
1.072242021560669,0
1.0244804620742798,0
1.003126859664917,0
1.0211139917373657,0
1.023852825164795,0
0.9918698668479919,0
1.2408353090286255,0
1.035887598991394,0
1.1660784482955933,0
1.1257015466690063,0
1.1806471347808838,0
0.9763526916503906,0
1.0042428970336914,0
1.0505492687225342,0
1.0638933181762695,0
1.1984807252883911,0
0.9973293542861938,0
1.0697684288024902,0
0.991399884223938,0
1.1433242559432983,0
1.233471155166626,0
0.9993718862533569,0
1.0859849452972412,0
0.970099151134491,0
1.010675072669983,0
1.0217784643173218,0
1.3149664402008057,0
1.0990567207336426,0
1.054976224899292,0
1.0,0
1.0298689603805542,0
1.0137227773666382,0
1.1251842975616455,0
0.9787275791168213,0
0.9843259453773499,0
1.1711018085479736,0
0.989416778087616,0
1.0014796257019043,0
1.1861200332641602,0
1.001084804534912,0
2.0862796306610107,0
1.0843658447265625,0
1.029017686843872,0
0.9931614995002747,0
1.2320307493209839,0
1.285089135169983,0
0.9622806906700134,0
1.22665536403656,0
1.0128878355026245,0
0.9922062158584595,0
1.7008986473083496,0
1.0850054025650024,0
1.3386650085449219,0
1.0666759014129639,0
1.0707828998565674,0
0.9502400159835815,0
1.1358754634857178,0
1.016208291053772,0
0.9276740550994873,0
1.030496597290039,0
1.3235993385314941,0
1.0039799213409424,0
1.0456608533859253,0
0.9712841510772705,0
1.090161681175232,0
1.3184949159622192,0
0.9700103402137756,0
1.1675852537155151,0
1.2300450801849365,0
1.1610084772109985,0
1.0829522609710693,0
1.0247677564620972,0
1.093746542930603,0
1.0235100984573364,0
0.9938998222351074,0
1.047616720199585,0
1.0160614252090454,0
0.9862923622131348,0
1.030365228652954,0
1.1794953346252441,0
1.0339024066925049,0
1.0274322032928467,0
1.0342460870742798,0
1.0521966218948364,0
1.1747934818267822,0
1.0014162063598633,0
1.003373146057129,0
1.0858787298202515,0
1.0739009380340576,0
1.0029017925262451,0
1.1778472661972046,0
0.9735168218612671,0
1.0879437923431396,0
0.9908414483070374,0
1.0318577289581299,0
1.0196807384490967,0
1.0711416006088257,0
1.037985920906067,0
1.2562814950942993,0
1.0002297163009644,0
1.0610899925231934,0
2.977971076965332,0
1.6413648128509521,0
1.0108847618103027,0
0.975053608417511,0
0.9231507778167725,0
1.1427758932113647,0
0.9452817440032959,0
1.09525728225708,0
1.0970274209976196,0
1.0144284963607788,0
1.1231085062026978,0
1.0093021392822266,0
1.0609419345855713,0
1.0031325817108154,0
0.9887015223503113,0
1.0497822761535645,0
0.991341233253479,0
0.9826655983924866,0
0.9866665601730347,0
1.0281122922897339,0
1.1746183633804321,0
1.2975667715072632,0
1.0556408166885376,0
1.0688636302947998,0
0.973077118396759,0
1.3078311681747437,0
1.1176984310150146,0
1.1000679731369019,0
0.9858886003494263,0
1.0397521257400513,0
1.0421591997146606,0
1.0768755674362183,0
1.163338541984558,0
1.0073007345199585,0
1.072620153427124,0
0.9998664259910583,0
1.0415266752243042,0
1.0867996215820312,0
1.954235553741455,0
1.0574045181274414,0
1.0,0
1.007802963256836,0
1.0425117015838623,0
1.151078701019287,0
1.1055083274841309,0
1.1064453125,0
1.2081646919250488,0
1.0209095478057861,0
0.9891917705535889,0
0.9474754929542542,0
1.2440240383148193,0
0.9771915078163147,0
1.0418778657913208,0
1.0703080892562866,0
1.0383868217468262,0
1.1227550506591797,0
1.0001020431518555,0
1.0097556114196777,0
1.1355534791946411,0
0.9758921265602112,0
1.0953525304794312,0
0.9733860492706299,0
1.1730139255523682,0
1.1343860626220703,0
1.5540095567703247,0
0.9686791300773621,0
2.5765798091888428,0
1.1239056587219238,0
1.0251708030700684,0
0.9786109328269958,0
1.1234395503997803,0
0.9847541451454163,0
1.836782455444336,0
1.0099196434020996,0
0.9686638116836548,0
0.9661993980407715,0
0.9875887632369995,0
1.1556949615478516,0
1.0410408973693848,0
0.9758375883102417,0
1.0250744819641113,0
1.1192511320114136,0
1.0003610849380493,0
0.9851927161216736,0
1.0604177713394165,0
0.9837967753410339,0
0.9710971713066101,0
1.0147076845169067,0
1.3221664428710938,0
0.9885668158531189,0
0.9890238642692566,0
1.0411261320114136,0
1.0710339546203613,0
0.9983415007591248,0
1.0334973335266113,0
1.037899136543274,0
1.0056102275848389,0
1.0271646976470947,0
1.0854092836380005,0
1.0726289749145508,0
1.4607617855072021,0
1.0127602815628052,0
1.342708706855774,0
1.0674970149993896,0
1.0551605224609375,0
3.1184659004211426,0
0.9664514064788818,0
1.1067852973937988,0
1.0646586418151855,0
0.9862002730369568,0
1.511931300163269,0
1.1482993364334106,0
0.9832242131233215,0
2.065105438232422,0
1.0107539892196655,0
5.861062049865723,0
1.0908517837524414,0
1.0306684970855713,0
1.2177351713180542,0
1.0025968551635742,0
1.6047691106796265,0
1.1848909854888916,0
1.033482551574707,0
0.9787275791168213,0
1.0641653537750244,0
0.9920163154602051,0
0.9643502831459045,0
1.02010977268219,0
0.9976528882980347,0
1.0289275646209717,0
0.9599431157112122,0
0.9954217076301575,0
0.9557101726531982,0
1.1179063320159912,0
1.1788982152938843,0
0.9954018592834473,0
1.2151360511779785,0
1.0342470407485962,0
1.1228699684143066,0
1.0852625370025635,0
1.1660579442977905,0
0.9617296457290649,0
0.9811522960662842,0
0.970552384853363,0
1.1107553243637085,0
1.2470242977142334,0
1.0423160791397095,0
1.0020393133163452,0
1.7644555568695068,0
1.0176758766174316,0
1.0808682441711426,0
1.394133448600769,0
1.0303399562835693,0
1.0049291849136353,0
1.1435104608535767,0
1.1655515432357788,0
1.0504027605056763,0
1.0091636180877686,0
2.380798101425171,0
1.04204523563385,0
1.0257846117019653,0
0.9707584977149963,0
1.0541435480117798,0
1.0403542518615723,0
1.2415039539337158,0
1.0034193992614746,0
1.5604586601257324,0
1.1675364971160889,0
0.9911483526229858,0
1.0578045845031738,0
1.0602420568466187,0
1.0801807641983032,0
1.015326738357544,0
1.003759741783142,0
0.9810653328895569,0
0.9841508269309998,0
1.0042520761489868,0
1.0001654624938965,0
0.9840812087059021,0
1.0306944847106934,0
1.0758180618286133,0
1.1397509574890137,0
1.0462418794631958,0
1.0900005102157593,0
0.9867496490478516,0
0.9579966068267822,0
1.1134867668151855,0
1.006168007850647,0
1.0527032613754272,0
1.0249104499816895,0
1.1148008108139038,0
1.0130622386932373,0
1.8394378423690796,0
0.9973386526107788,0
1.0933374166488647,0
1.1164603233337402,0
0.9406657218933105,0
1.1641829013824463,0
5.088223457336426,0
1.0212914943695068,0
1.538983702659607,0
0.9535243511199951,0
1.1624290943145752,0
1.019487738609314,0
1.0567138195037842,0
1.0176033973693848,0
1.0627477169036865,0
1.0299423933029175,0
0.9894997477531433,0
0.9416402578353882,0
1.1158913373947144,0
1.1921464204788208,0
1.770926594734192,0
1.0160104036331177,0
1.018646478652954,0
1.018110990524292,0
1.1192322969436646,0
1.0124424695968628,0
1.1811689138412476,0
1.0145858526229858,0
0.9761068224906921,0
1.0320611000061035,0
0.9653664231300354,0
0.98829585313797,0
0.9760774970054626,0
1.10904860496521,0
1.0859806537628174,0
1.0508778095245361,0
1.118025302886963,0
1.0017902851104736,0
1.0033587217330933,0
1.0092484951019287,0
1.6353155374526978,0
1.1856474876403809,0
0.9934133887290955,0
1.0095477104187012,0
0.9848418235778809,0
1.1754493713378906,0
1.0239109992980957,0
1.0487102270126343,0
1.20827317237854,0
0.992355227470398,0
1.023388385772705,0
0.9602945446968079,0
1.0857996940612793,0
1.060321569442749,0
1.066280484199524,0
1.001464605331421,0
1.3357237577438354,0
1.153619647026062,0
1.0254613161087036,0
2.8087270259857178,0
1.1733342409133911,0
1.2123302221298218,0
0.9538338780403137,0
0.9989816546440125,0
1.2085721492767334,0
1.156035304069519,0
2.0659639835357666,0
1.0546729564666748,0
1.0777002573013306,0
1.0146280527114868,0
0.9798080325126648,0
1.1633275747299194,0
0.9983516931533813,0
1.106257438659668,0
1.0382471084594727,0
0.9704915881156921,0
1.0870410203933716,0
1.045802116394043,0
55.173583984375,0
1.0428422689437866,0
1.0005090236663818,0
1.0064737796783447,0
1.0703080892562866,0
1.0291508436203003,0
1.0901943445205688,0
1.0509285926818848,0
1.1499745845794678,0
0.9319157600402832,0
1.0349111557006836,0
1.071539282798767,0
1.0468201637268066,0
0.9998636841773987,0
1.0630556344985962,0
0.9803937077522278,0
0.9550892114639282,0
1.1437098979949951,0
1.0266293287277222,0
0.9946252107620239,0
1.9297692775726318,0
1.0304760932922363,0
1.7760220766067505,0
1.062517523765564,0
1.0553429126739502,0
1.015802264213562,0
1.3385285139083862,0
1.2806487083435059,0
0.9866161346435547,0
1.061452031135559,0
2.8250699043273926,0
1.000189185142517,0
4.477927207946777,0
1.0754199028015137,0
1.513951063156128,0
1.0081526041030884,0
407.6382751464844,0
1.0099973678588867,0
0.9734612703323364,0
1.0204424858093262,0
1.0409494638442993,0
1.0006481409072876,0
1.0354169607162476,0
0.9613786935806274,0
0.9921051859855652,0
1.0189063549041748,0
1.636558175086975,0
1.465950608253479,0
1.0469257831573486,0
1.01832115650177,0
1.0055984258651733,0
1.0516507625579834,0
1.030056357383728,0
1.1479456424713135,0
1.1648573875427246,0
1.0114529132843018,0
1.4386603832244873,0
1.0256203413009644,0
1.110215425491333,0
1.0095969438552856,0
1.0308181047439575,0
0.9992649555206299,0
0.9715110659599304,0
1.007552981376648,0
1.138584852218628,0
1.024009346961975,0
1.1272958517074585,0
1.1205281019210815,0
1.037553310394287,0
1.0376965999603271,0
1.365691065788269,0
0.9849460124969482,0
1.1397693157196045,0
0.9819943308830261,0
1.209690809249878,0
0.9783851504325867,0
1.778405785560608,0
1.0050585269927979,0
1.0699132680892944,0
0.9927065372467041,0
1.0634201765060425,0
1.2488640546798706,0
1.0011672973632812,0
0.9797336459159851,0
0.9888091087341309,0
1.0120654106140137,0
1.0354156494140625,0
1.2116748094558716,0
1.0887198448181152,0
1.0524451732635498,0
1.0997520685195923,0
1.8958172798156738,0
0.9689925909042358,0
1.4355324506759644,0
0.986444354057312,0
1.2538906335830688,0
0.9701592326164246,0
1.0282191038131714,0
1.028892993927002,0
0.985462486743927,0
1.0228363275527954,0
1.1501500606536865,0
0.9907912611961365,0
1.0385451316833496,0
1.403059482574463,0
1.0277210474014282,0
1.0089519023895264,0
0.9878085851669312,0
1.142719030380249,0
1.0911818742752075,0
1.1192539930343628,0
1.069664716720581,0
1.1399860382080078,0
1.9412164688110352,0
1.1128827333450317,0
1.0271220207214355,0
1.088458776473999,0
1.2340902090072632,0
0.9830426573753357,0
1.3317651748657227,0
1.8512572050094604,0
1.0284029245376587,0
1.149873971939087,0
1.0223313570022583,0
1.239870309829712,0
1.3358010053634644,0
0.9964662194252014,0
1.0580650568008423,0
1.246021032333374,0
1.0440316200256348,0
0.9858738780021667,0
1.8045496940612793,0
0.9761531949043274,0
1.2039177417755127,0
0.9962742328643799,0
1.4986997842788696,0
0.9601232409477234,0
0.9945265054702759,0
1.0896193981170654,0
1.020196557044983,0
1.0399096012115479,0
1.247079610824585,0
1.0317689180374146,0
1.0490280389785767,0
1.0969839096069336,0
1.017057180404663,0
1.0407109260559082,0
1.049857497215271,0
0.9887486696243286,0
0.9983580112457275,0
1.091814398765564,0
1.015791654586792,0
1.3289419412612915,0
1.406298279762268,0
1.0777322053909302,0
1.0480631589889526,0
1.0252914428710938,0
1.1206459999084473,0
1.007731318473816,0
1.0996052026748657,0
1.0718646049499512,0
2.069486379623413,0
1.0427289009094238,0
0.9655992388725281,0
0.9976940751075745,0
0.9611904621124268,0
1.0156810283660889,0
1.055185079574585,0
1.0689932107925415,0
1.0556049346923828,0
1.1365724802017212,0
1.07564377784729,0
1.0007903575897217,0
1.4078946113586426,0
1.4261678457260132,0
1.0700228214263916,0
1.0237339735031128,0
1.2360424995422363,0
1.0919246673583984,0
0.9790754914283752,0
0.9969471096992493,0
1.1011016368865967,0
0.9776920676231384,0
1.0333768129348755,0
1.1911306381225586,0
1.0284762382507324,0
1.009954571723938,0
1.0582798719406128,0
1.784590482711792,0
1.309139370918274,0
1.0642939805984497,0
1.029583215713501,0
1.0207895040512085,0
1.088207483291626,0
1.0314275026321411,0
1.0193884372711182,0
1.618272304534912,0
1.0282800197601318,0
0.9888203144073486,0
1.1878771781921387,0
1.0474696159362793,0
1.009473443031311,0
1.2031365633010864,0
1.0330688953399658,0
1.240891695022583,0
1.0355100631713867,0
1.1394007205963135,0
1.066407561302185,0
1.0460941791534424,0
1.0544363260269165,0
0.9694210886955261,0
1.0061407089233398,0
1.039750099182129,0
1.0547962188720703,0
1.2004437446594238,0
1.986009120941162,0
1.0510590076446533,0
1.1731698513031006,0
1.023268699645996,0
3.8444771766662598,0
1.9584442377090454,0
1.0087435245513916,0
1.162193775177002,0
1.217860221862793,0
0.9625018835067749,0
1.0839751958847046,0
1.0687084197998047,0
1.139538288116455,0
0.9622806906700134,0
0.9737055897712708,0
1.1292860507965088,0
4.344773292541504,0
1.0017898082733154,0
0.9983029961585999,0
0.9959912896156311,0
1.1547423601150513,0
1.0129451751708984,0
1.1095272302627563,0
1.0096884965896606,0
1.5733325481414795,0
1.051438808441162,0
1.0821452140808105,0
1.4980807304382324,0
1.097611904144287,0
1.0313389301300049,0
1.0185848474502563,0
1.6315934658050537,0
1.002493977546692,0
1.1001595258712769,0
0.99910569190979,0
1.1200348138809204,0
1.0063239336013794,0
1.019555687904358,0
1.0292341709136963,0
1.0811859369277954,0
1.0110375881195068,0
1.0792534351348877,0
1.0382872819900513,0
1.0907783508300781,0
0.9993395805358887,0
1.0300953388214111,0
1.0782428979873657,0
0.9745166301727295,0
1.255682349205017,0
0.9955835342407227,0
0.9889999032020569,0
1.2301130294799805,0
0.9709864854812622,0
1.5947474241256714,0
0.9819424748420715,0
1.0118638277053833,0
1.0675644874572754,0
1.1232919692993164,0
1.0700691938400269,0
1.025200605392456,0
0.9643388986587524,0
1.0495272874832153,0
1.043546199798584,0
1.517027497291565,0
1.0370426177978516,0
0.967601478099823,0
0.9945440292358398,0
1.1990846395492554,0
0.9892922043800354,0
0.9699956774711609,0
38.150794982910156,0
1.1712646484375,0
0.983203113079071,0
0.9851437211036682,0
0.9945011138916016,0
1.0665442943572998,0
1.0051374435424805,0
1.8568021059036255,0
1.8973342180252075,0
1.186062216758728,0
1.131007194519043,0
1.2431176900863647,0
1.6451276540756226,0
0.9910120964050293,0
1.0080732107162476,0
1.0424705743789673,0
1.0621929168701172,0
1.0571420192718506,0
1.0112297534942627,0
1.0712817907333374,0
1.0343676805496216,0
0.9721561670303345,0
1.1285902261734009,0
1.1493792533874512,0
1.112797498703003,0
1.0276463031768799,0
1.055318832397461,0
1.0384212732315063,0
0.9969433546066284,0
1.079890489578247,0
0.9804630875587463,0
1.2361443042755127,0
0.9775460362434387,0
1.0006322860717773,0
1.0249226093292236,0
1.033637285232544,0
1.0070273876190186,0
1.015642762184143,0
1.0122328996658325,0
1.4388971328735352,0
1.0615841150283813,0
1.1698575019836426,0
1.1739853620529175,0
1.6413648128509521,0
1.026270866394043,0
1.0256967544555664,0
1.0049607753753662,0
0.9820082783699036,0
0.9740661978721619,0
1.0587778091430664,0
1.107446312904358,0
0.9549791812896729,0
1.09559166431427,0
1.5465236902236938,0
1.008236289024353,0
1.3127089738845825,0
1.079192876815796,0
1.116561770439148,0
1.0413740873336792,0
1.037483811378479,0
1.1137721538543701,0
1.0972005128860474,0
1.0433894395828247,0
0.9772434830665588,0
1.0194649696350098,0
1.0768576860427856,0
0.9629237055778503,0
1.1128920316696167,0
1.1189137697219849,0
44.620609283447266,0
1.6265970468521118,0
0.997465968132019,0
0.98180091381073,0
1.0205751657485962,0
0.9940389394760132,0
0.9884617328643799,0
1.0739364624023438,0
0.9943723082542419,0
1.285757303237915,0
1.0066514015197754,0
1.0260934829711914,0
1.0207669734954834,0
140.43289184570312,0
1.1080130338668823,0
1.3205775022506714,0
0.9938544034957886,0
1.0253795385360718,0
1.034664511680603,0
1.0798081159591675,0
0.9807367920875549,0
1.0196574926376343,0
0.9733860492706299,0
0.9730873703956604,0
2.8125717639923096,0
1.05825674533844,0
1.0464528799057007,0
1.0305750370025635,0
1.0451041460037231,0
1.1179431676864624,0
1.0033563375473022,0
1.2323813438415527,0
1.0339173078536987,0
1.0070322751998901,0
1.0,0
1.2788455486297607,0
1.10756254196167,0
1.0,0
2.817441463470459,0
1.004698395729065,0
1.0501408576965332,0
1.0112683773040771,0
0.9991076588630676,0
1.0946940183639526,0
1.0033258199691772,0
1.196282982826233,0
0.9616926908493042,0
0.9722192287445068,0
1.0220235586166382,0
1.0246235132217407,0
1.1135690212249756,0
1.0879838466644287,0
0.9857139587402344,0
1.0202045440673828,0
1.0194092988967896,0
1.2625186443328857,0
1.2307912111282349,0
1.034847378730774,0
1.0229649543762207,0
1.0862120389938354,0
0.997205376625061,0
1.022952675819397,0
0.9452381134033203,0
1.476474642753601,0
1.1323539018630981,0
1.090525507926941,0
1.3114615678787231,0
0.9811893105506897,0
1.0011491775512695,0
1.0099462270736694,0
0.9824110865592957,0
0.9952576160430908,0
1.2218916416168213,0
0.9668170213699341,0
1.0257760286331177,0
1.1884396076202393,0
1.0593706369400024,0
0.9800370931625366,0
1.0224335193634033,0
1.0025097131729126,0
0.9692090153694153,0
1.0998775959014893,0
1.0697587728500366,0
1.2934356927871704,0
1.1943436861038208,0
1.0094386339187622,0
1.0710300207138062,0
0.9794067740440369,0
1.0045127868652344,0
1.122911810874939,0
1.04098379611969,0
1.0377919673919678,0
1.0710949897766113,0
1.1369831562042236,0
1.0335328578948975,0
0.9981203675270081,0
1.0131174325942993,0
1.180403232574463,0
1.0111184120178223,0
1.137810230255127,0
2.1133828163146973,0
1.038260579109192,0
0.9815877079963684,0
1.0356467962265015,0
1.103520393371582,0
1.176342248916626,0
0.9650583863258362,0
1.047311782836914,0
1.0106351375579834,0
1.0184822082519531,0
1.0794601440429688,0
1.4525114297866821,0
1.04911208152771,0
1.0536224842071533,0
1.1451010704040527,0
0.9689702987670898,0
1.1278364658355713,0
1.173462986946106,0
1.0113186836242676,0
1.5652300119400024,0
0.9995976686477661,0
0.995794951915741,0
1.0310516357421875,0
0.9687203764915466,0
1.2137500047683716,0
1.0333002805709839,0
0.9961789846420288,0
1.0295826196670532,0
1.0522489547729492,0
1.2736425399780273,0
1.1098862886428833,0
0.9757463335990906,0
1.0424432754516602,0
1.1672961711883545,0
1.0834592580795288,0
1.0539950132369995,0
1.0921764373779297,0
1.058164358139038,0
1.0184818506240845,0
0.937544047832489,0
1.0045372247695923,0
1.0381609201431274,0
0.9577204585075378,0
1.0476994514465332,0
0.9761524796485901,0
1.0959765911102295,0
1.0346944332122803,0
1.0,0
0.9896891117095947,0
1.1358327865600586,0
1.0139200687408447,0
1.0799436569213867,0
1.0449663400650024,0
0.955952525138855,0
1.0075383186340332,0
0.9811787605285645,0
1.088746190071106,0
0.9979140162467957,0
1.2607625722885132,0
1.0143377780914307,0
1.0765033960342407,0
1.019008994102478,0
0.9497610330581665,0
1.1073697805404663,0
1.0259265899658203,0
0.9912648797035217,0
1.2664812803268433,0
0.9618958234786987,0
0.9653205275535583,0
1.0270051956176758,0
1.077765703201294,0
0.9853866100311279,0
1.0070565938949585,0
1.399268627166748,0
1.244429349899292,0
1.0136351585388184,0
1.0568733215332031,0
1.0069009065628052,0
1.0976743698120117,0
0.9873400330543518,0
1.2102272510528564,0
0.9965667724609375,0
1.0180736780166626,0
1.0791280269622803,0
1.0020520687103271,0
1.0534062385559082,0
1.0181998014450073,0
1.1285526752471924,0
1.0225155353546143,0
1.0029605627059937,0
1.0459564924240112,0
1.1292970180511475,0
0.9959437251091003,0
1.004180669784546,0
1.1088238954544067,0
0.9963461756706238,0
1.204671025276184,0
1.1217328310012817,0
1.2236844301223755,0
1.0031213760375977,0
1.0163029432296753,0
1.0753213167190552,0
1.305983066558838,0
1.2550472021102905,0
1.0080543756484985,0
0.9918054342269897,0
1.0049607753753662,0
1.109562635421753,0
1.0338821411132812,0
1.0717216730117798,0
0.9806574583053589,0
0.9781891107559204,0
0.9743911027908325,0
0.9668997526168823,0
1.2499924898147583,0
1.068963646888733,0
1.0097993612289429,0
1.0474025011062622,0
1.0238564014434814,0
0.9996229410171509,0
1.0195016860961914,0
1.0215458869934082,0
1.0739293098449707,0
1.0152490139007568,0
1.0003139972686768,0
1.0065749883651733,0
1.040747046470642,0
1.6315934658050537,0
0.9752382636070251,0
1.525929570198059,0
1.1661337614059448,0
0.9761454463005066,0
1.0882734060287476,0
1.0274322032928467,0
0.9904626607894897,0
1.603041410446167,0
1.0239858627319336,0
0.9832078218460083,0
1.1211481094360352,0
0.9778034687042236,0
1.0041821002960205,0
1.0005346536636353,0
1.0225419998168945,0
1.0149513483047485,0
1.0297472476959229,0
0.9674451947212219,0
1.0782747268676758,0
0.9945707321166992,0
1.1387172937393188,0
1.046383023262024,0
1.0101814270019531,0
0.9951949119567871,0
0.9820368885993958,0
1.067983865737915,0
1.0010098218917847,0
1.0183990001678467,0
1.017150640487671,0
1.0396453142166138,0
0.9647616147994995,0
0.9876478910446167,0
1.0528650283813477,0
1.1302084922790527,0
1.004029393196106,0
0.9875089526176453,0
1.1730539798736572,0
1.2823535203933716,0
1.4385699033737183,0
1.0513768196105957,0
0.997675895690918,0
1.1624081134796143,0
1.132986307144165,0
1.1735951900482178,0
1.5017274618148804,0
1.0083202123641968,0
0.9787275791168213,0
0.9868508577346802,0
4.4098615646362305,0
1.0510997772216797,0
1.194470763206482,0
1.0419862270355225,0
1.102792739868164,0
0.9587527513504028,0
0.9924810528755188,0
0.9912851452827454,0
1.0935004949569702,0
1.099421501159668,0
1.01480233669281,0
1.0963000059127808,0
1.0220402479171753,0
1.0462815761566162,0
1.0557039976119995,0
1.1169917583465576,0
1.023815631866455,0
1.202393651008606,0
1.110791802406311,0
1.061031699180603,0
1.163100242614746,0
1.0164521932601929,0
1.0124430656433105,0
0.9694247245788574,0
0.9821350574493408,0
1.1456329822540283,0
1.2897733449935913,0
1.1304932832717896,0
0.971037745475769,0
1.3490937948226929,0
0.9598191976547241,0
0.9565421938896179,0
1.1344270706176758,0
1.502516508102417,0
1.1354514360427856,0
1.0199942588806152,0
0.9815932512283325,0
1.010895013809204,0
1.0774818658828735,0
1.366790771484375,0
1.0357671976089478,0
1.0639625787734985,0
1.103667974472046,0
1.0292646884918213,0
1.1377283334732056,0
1.1447205543518066,0
1.0106064081192017,0
1.0965710878372192,0
0.9657037854194641,0
0.9753987193107605,0
1.1641024351119995,0
1.0788099765777588,0
1.0219788551330566,0
1.1601033210754395,0
1.1035693883895874,0
1.0442214012145996,0
0.9690633416175842,0
1.389977216720581,0
1.1799107789993286,0
1.6702452898025513,0
0.982556164264679,0
1.0076441764831543,0
1.247468113899231,0
0.9809587001800537,0
1.0965447425842285,0
0.9752945899963379,0
1.0096430778503418,0
1.1097702980041504,0
1.161373496055603,0
0.9772523045539856,0
1.0842742919921875,0
1.002615213394165,0
1.0806182622909546,0
1.2991358041763306,0
0.997428834438324,0
1.125631332397461,0
1.1113097667694092,0
1.1598691940307617,0
1.0166380405426025,0
0.9954337477684021,0
1.0280122756958008,0
1.0654195547103882,0
1.0465457439422607,0
1.0655186176300049,0
0.9513214230537415,0
1.0420985221862793,0
0.9937723875045776,0
1.0340243577957153,0
0.9923793077468872,0
1.0311607122421265,0
1.572309136390686,0
0.9990813136100769,0
1.025799036026001,0
1.0005635023117065,0
1.0429954528808594,0
1.0574334859848022,0
1.115648865699768,0
1.0704256296157837,0
1.0486944913864136,0
1.5219757556915283,0
82.86882781982422,0
1.0262796878814697,0
1.1294928789138794,0
0.9930365681648254,0
0.954780638217926,0
1.0074464082717896,0
1.0890899896621704,0
1.0258755683898926,0
0.9946344494819641,0
1.1791622638702393,0
1.0165960788726807,0
1.1047478914260864,0
1.0082181692123413,0
1.084185242652893,0
0.9913140535354614,0
0.975309431552887,0
0.9853320717811584,0
1.2178117036819458,0
1.1846336126327515,0
0.9753154516220093,0
0.9812911748886108,0
1.0491782426834106,0
1.1711848974227905,0
1.0618488788604736,0
2.817441463470459,0
1.2277355194091797,0
1.1882033348083496,0
1.2239737510681152,0
1.058675765991211,0
0.9633703827857971,0
1.1605337858200073,0
1.0067325830459595,0
1.0037176609039307,0
1.478144645690918,0
1.0747997760772705,0
0.9800428152084351,0
1.014090657234192,0
1.0660150051116943,0
1.041511058807373,0
1.035151481628418,0
1.1823692321777344,0
0.9526290893554688,0
0.9964176416397095,0
1.448146104812622,0
0.9768203496932983,0
1.008175015449524,0
1.049484133720398,0
0.9899445176124573,0
0.9935708045959473,0
0.9817638993263245,0
1.003318190574646,0
1.0757110118865967,0
1.0159480571746826,0
1.5869501829147339,0
1.0080641508102417,0
1.0433344841003418,0
0.99214768409729,0
1.0000019073486328,0
1.121878981590271,0
1.3677617311477661,0
1.0534359216690063,0
1.0340945720672607,0
1.003139615058899,0
1.0116604566574097,0
1.1774522066116333,0
1.2793822288513184,0
1.2904361486434937,0
1.051438808441162,0
1.1130694150924683,0
1.0430139303207397,0
0.9862660765647888,0
0.9797623157501221,0
1.1542967557907104,0
0.9944667220115662,0
1.0894581079483032,0
1.117085576057434,0
1.0084420442581177,0
1.0208200216293335,0
1.0137889385223389,0
1.039732813835144,0
0.9896941184997559,0
1.0126841068267822,0
1.5326966047286987,0
1.0163739919662476,0
1.3248618841171265,0
1.505664587020874,0
1.0431369543075562,0
1.112732172012329,0
1.3181324005126953,0
1.0178992748260498,0
1.0604842901229858,0
1.0746722221374512,0
0.9788452386856079,0
1.014392375946045,0
0.9693832397460938,0
1.0139696598052979,0
0.9876254796981812,0
1.0598464012145996,0
1.4526373147964478,0
1.0238525867462158,0
1.0530012845993042,0
1.2112212181091309,0
0.9888091087341309,0
1.0186136960983276,0
0.9954221248626709,0
1.7400264739990234,0
1.0800694227218628,0
2.1912992000579834,0
0.9930803775787354,0
1.0016841888427734,0
1.0242159366607666,0
0.9759836792945862,0
1.3997550010681152,0
1.0519976615905762,0
1.2092771530151367,0
1.855452537536621,0
1.0553476810455322,0
1.0250908136367798,0
1.078920602798462,0
1.0346261262893677,0
1.2325799465179443,0
1.3362932205200195,0
1.072874665260315,0
0.9837444424629211,0
1.005625605583191,0
0.9692090153694153,0
1.017673134803772,0
1.0574822425842285,0
1.0738108158111572,0
1.006717562675476,0
2.0563619136810303,0
1.0595073699951172,0
0.9767693281173706,0
1.0644936561584473,0
1.199012279510498,0
0.9507729411125183,0
1.267753005027771,0
0.9806113243103027,0
1.3621829748153687,0
0.9783074855804443,0
1.007320761680603,0
1.0587952136993408,0
0.9957913160324097,0
1.0132360458374023,0
0.9774923920631409,0
0.9685165882110596,0
0.9749218821525574,0
1.0628299713134766,0
0.9980147480964661,0
2.610434055328369,0
1.2363609075546265,0
1.0288504362106323,0
1.2874497175216675,0
1.1409815549850464,0
1.007270097732544,0
1.0526506900787354,0
0.9758716225624084,0
0.9951010346412659,0
1.1336289644241333,0
0.9959376454353333,0
0.987442135810852,0
1.0940033197402954,0
1.020054817199707,0
1.0439389944076538,0
0.9965107440948486,0
0.9536712169647217,0
1.005781888961792,0
0.9934541583061218,0
1.1816558837890625,0
1.0418778657913208,0
1.5294251441955566,0
1.0849391222000122,0
1.0065922737121582,0
1.028505563735962,0
0.983359694480896,0
0.9817253351211548,0
1.062943696975708,0
1.009170413017273,0
1.1424083709716797,0
1.0864466428756714,0
1.0069748163223267,0
1.006567358970642,0
1.1111685037612915,0
1.0056242942810059,0
0.9471468925476074,0
1.614990472793579,0
0.9952011704444885,0
1.428179144859314,0
0.9998646974563599,0
1.4967972040176392,0
1.1363173723220825,0
1.0225510597229004,0
1.0249769687652588,0
1.0516666173934937,0
1.0385761260986328,0
1.0300759077072144,0
0.9301425218582153,0
1.0753188133239746,0
1.0500257015228271,0
1.0607043504714966,0
1.0153979063034058,0
1.1395994424819946,0
1.1128507852554321,0
1.4035371541976929,0
0.9848050475120544,0
1.139777421951294,0
1.034491777420044,0
1.3158025741577148,0
1.0863193273544312,0
0.9706106781959534,0
1.1196922063827515,0
1.0023627281188965,0
0.9797623157501221,0
1.1941072940826416,0
1.0378509759902954,0
0.9629716277122498,0
1.0444774627685547,0
1.1067215204238892,0
1.1329342126846313,0
1.0520477294921875,0
1.0769222974777222,0
1.0039788484573364,0
1.0625691413879395,0
1.119844675064087,0
1.0231775045394897,0
1.1028913259506226,0
1.0892800092697144,0
1.043445110321045,0
1.0112825632095337,0
1.3388304710388184,0
1.0942999124526978,0
0.9975187182426453,0
1.2928045988082886,0
1.1683346033096313,0
1.044469952583313,0
1.0354596376419067,0
0.9781442284584045,0
0.980629026889801,0
1.1452447175979614,0
1.3082513809204102,0
1.0099025964736938,0
0.981194019317627,0
1.0549225807189941,0
1.2843362092971802,0
1.4970728158950806,0
1.0006341934204102,0
1.0241063833236694,0
1.0175737142562866,0
0.9820442199707031,0
1.204390525817871,0
1.0013028383255005,0
0.995114803314209,0
0.9971628785133362,0
1.018144965171814,0
1.0174903869628906,0
1.011422872543335,0
0.9702977538108826,0
1.065695881843567,0
0.973007082939148,0
0.9836857318878174,0
1.0286805629730225,0
1.0340147018432617,0
1.0127259492874146,0
1.0088061094284058,0
0.9998857975006104,0
1.0717439651489258,0
1.1003262996673584,0
1.156933307647705,0
1.0341490507125854,0
1.0152727365493774,0
0.9519118666648865,0
1.0359768867492676,0
1.1375070810317993,0
1.130388855934143,0
1.5935808420181274,0
1.1116316318511963,0
1.001815915107727,0
1.0850733518600464,0
1.0183055400848389,0
0.9760382175445557,0
1.2037360668182373,0
1.443589687347412,0
1.0375562906265259,0
0.9841467142105103,0
0.9779347777366638,0
1.3989399671554565,0
1.077976942062378,0
1.0679893493652344,0
0.983959436416626,0
1.1511754989624023,0
0.9853605628013611,0
0.9698522090911865,0
1.0149744749069214,0
1.0052082538604736,0
1.397660493850708,0
1.004644513130188,0
0.9711393713951111,0
1.0466400384902954,0
1.0382548570632935,0
1.199605941772461,0
1.0798354148864746,0
204.7621307373047,0
1.2246474027633667,0
2.817441463470459,0
0.9884408712387085,0
1.1349235773086548,0
0.9744753837585449,0
1.0436427593231201,0
0.9884732961654663,0
0.982272744178772,0
1.0353690385818481,0
0.9654226899147034,0
0.9504911303520203,0
1.0135595798492432,0
1.1119909286499023,0
1.0186915397644043,0
1.0002633333206177,0
1.0,0
1.0319983959197998,0
1.043383002281189,0
0.9848723411560059,0
1.1538174152374268,0
1.0467709302902222,0
1.0194836854934692,0
1.0066101551055908,0
0.9605669975280762,0
0.9712305068969727,0
1.2964451313018799,0
1.2205947637557983,0
1.1268424987792969,0
0.9754292964935303,0
1.018489956855774,0
1.0323209762573242,0
1.163571834564209,0
1.065604329109192,0
1.044188380241394,0
1.1203560829162598,0
1.2493882179260254,0
1.0976537466049194,0
0.9816849827766418,0
0.9992689490318298,0
1.1358119249343872,0
1.0400235652923584,0
0.9582103490829468,0
1.000141978263855,0
1.0437345504760742,0
0.9381833672523499,0
1.0003587007522583,0
1.1091053485870361,0
1.1065784692764282,0
1.012136459350586,0
1.019303321838379,0
1.0022052526474,0
0.9577417373657227,0
0.9835076928138733,0
1.287699580192566,0
1.062842607498169,0
0.9886817336082458,0
1.07624351978302,0
1.0521869659423828,0
1.1146546602249146,0
0.9738723635673523,0
1.0596039295196533,0
1.0009660720825195,0
1.030697226524353,0
1.2229303121566772,0
1.2471894025802612,0
0.9784345030784607,0
1.076941728591919,0
1.0264220237731934,0
1.0174390077590942,0
1.094896912574768,0
1.0196348428726196,0
1.046861171722412,0
1.0195223093032837,0
0.9724628925323486,0
0.9319157600402832,0
1.234007716178894,0
1.0819209814071655,0
1.0724436044692993,0
11.3958158493042,0
1.3053274154663086,0
1.0056248903274536,0
0.994204580783844,0
1.0042235851287842,0
0.979472279548645,0
1.0753475427627563,0
1.0167796611785889,0
0.9679431319236755,0
1.0282142162322998,0
1.0223371982574463,0
1.6813603639602661,0
1.0491154193878174,0
1.020783543586731,0
1.0972843170166016,0
1.0964301824569702,0
0.9903979301452637,0
1.2420382499694824,0
1.0334666967391968,0
0.9935742020606995,0
0.9893096685409546,0
0.9950000047683716,0
1.0187218189239502,0
1.5347702503204346,0
0.9636974930763245,0
1.0752087831497192,0
1.362933874130249,0
1.1102415323257446,0
1.2004563808441162,0
1.013178825378418,0
1.077656865119934,0
1.0600181818008423,0
0.9894000887870789,0
1.0464036464691162,0
1.0610952377319336,0
82.86882781982422,0
1.0380545854568481,0
0.9892187118530273,0
0.9798985719680786,0
1.0177565813064575,0
1.2130833864212036,0
1.0635044574737549,0
0.9510467052459717,0
0.999726414680481,0
1.3029682636260986,0
1.0497289896011353,0
1.0191611051559448,0
1.0405420064926147,0
1.0521856546401978,0
1.2507110834121704,0
0.9690507650375366,0
0.9471141695976257,0
1.031281590461731,0
1.0008383989334106,0
1.0266625881195068,0
1.0039465427398682,0
1.0004253387451172,0
0.9801059365272522,0
1.0245044231414795,0
1.2712260484695435,0
1.1166189908981323,0
1.0075936317443848,0
0.9508493542671204,0
0.958088755607605,0
1.0139389038085938,0
0.9905320405960083,0
1.2507957220077515,0
1.034507155418396,0
1.1657047271728516,0
0.9903207421302795,0
1.148645281791687,0
1.20804762840271,0
1.2243168354034424,0
1.069994330406189,0
1.0085095167160034,0
1.0585113763809204,0
1.8331235647201538,0
1.0012311935424805,0
1.03757905960083,0
1.057215929031372,0
0.9989356994628906,0
1.0356663465499878,0
5.443670749664307,0
1.0496140718460083,0
0.9933006763458252,0
0.9577162861824036,0
1.1900187730789185,0
0.983001172542572,0
1.1135355234146118,0
1.0005724430084229,0
1.260500192642212,0
1.0980087518692017,0
1.2003668546676636,0
0.9697704911231995,0
1.0910067558288574,0
1.2498565912246704,0
1.0778584480285645,0
1.1695270538330078,0
1.0006682872772217,0
1.0819140672683716,0
1.096717119216919,0
1.1739351749420166,0
1.4290779829025269,0
1.0082505941390991,0
1.0115655660629272,0
0.983432948589325,0
1.0494037866592407,0
1.081296682357788,0
1.2112209796905518,0
0.9894648790359497,0
1.1277525424957275,0
1.1052603721618652,0
1.4252116680145264,0
1.2475835084915161,0
1.0436902046203613,0
1.9427462816238403,0
1.0297526121139526,0
1.102616548538208,0
2.8075034618377686,0
1.2691534757614136,0
1.0227841138839722,0
1.2504433393478394,0
1.8246939182281494,0
0.973641574382782,0
0.9960987567901611,0
1.1555794477462769,0
1.4888756275177002,0
1.2675942182540894,0
1.1044062376022339,0
0.9999814033508301,0
1.091904878616333,0
1.0465407371520996,0
1.1919962167739868,0
1.2840492725372314,0
1.1806163787841797,0
1.0910829305648804,0
0.9661973118782043,0
1.0249409675598145,0
1.0048136711120605,0
1.0210400819778442,0
1.0575565099716187,0
1.0208629369735718,0
1.1815574169158936,0
1.2280248403549194,0
1.0699442625045776,0
1.0287078619003296,0
0.9536266326904297,0
0.9771592020988464,0
1.0554468631744385,0
0.9796087741851807,0
0.9949354529380798,0
0.9922191500663757,0
1.22457754611969,0
0.9843648672103882,0
1.0911144018173218,0
1.03660249710083,0
1.1257851123809814,0
1.1871085166931152,0
0.9960311651229858,0
1.3714812994003296,0
1.2381714582443237,0
0.9681077003479004,0
0.9701708555221558,0
0.9850291013717651,0
1.07579505443573,0
1.0569883584976196,0
1.3448618650436401,0
1.2149717807769775,0
0.949876070022583,0
1.0102858543395996,0
1.035971999168396,0
1.0040218830108643,0
1.006658911705017,0
0.9535908102989197,0
1.0859864950180054,0
1.0201928615570068,0
1.4343560934066772,0
1.0404012203216553,0
1.2839795351028442,0
1.0195907354354858,0
1.0451198816299438,0
1.0703080892562866,0
1.057706594467163,0
1.1775530576705933,0
1.0364612340927124,0
1.002477765083313,0
1.014782428741455,0
1.1905795335769653,0
0.9934190511703491,0
1.0085842609405518,0
1.019788384437561,0
1.206102728843689,0
1.0242809057235718,0
1.0125739574432373,0
1.089669108390808,0
1.7838642597198486,0
0.9669649600982666,0
1.1910593509674072,0
1.5485590696334839,0
1.0271875858306885,0
1.1632858514785767,0
1.0242985486984253,0
1.1436407566070557,0
1.081199288368225,0
1.024429202079773,0
1.0241996049880981,0
1.083086371421814,0
1.010759949684143,0
0.9961705207824707,0
1.886315941810608,0
1.0187362432479858,0
1.1143862009048462,0
1.0004332065582275,0
1.2797844409942627,0
0.9721522927284241,0
1.0515378713607788,0
0.9769237637519836,0
0.969828188419342,0
1.03688645362854,0
0.9801524877548218,0
1.067835807800293,0
1.0568439960479736,0
1.3282617330551147,0
1.190667986869812,0
0.9922603368759155,0
1.0217770338058472,0
1.127751111984253,0
0.9517539143562317,0
1.4002469778060913,0
1.0439274311065674,0
1.0731524229049683,0
1.000564694404602,0
0.9939554929733276,0
1.0122416019439697,0
1.0941810607910156,0
1.0090632438659668,0
1.1044070720672607,0
1.0219732522964478,0
0.9862712621688843,0
1.4946924448013306,0
0.9824498295783997,0
1.0412285327911377,0
1.1680577993392944,0
1.2493222951889038,0
1.0306087732315063,0
1.0083460807800293,0
1.0524684190750122,0
1.1197385787963867,0
0.9882324934005737,0
1.077405333518982,0
1.023615837097168,0
0.9711005091667175,0
0.9938678741455078,0
1.0803507566452026,0
1.0230604410171509,0
1.024512767791748,0
1.3495961427688599,0
1.1733916997909546,0
0.9739372134208679,0
0.9667646288871765,0
1.0299384593963623,0
0.9724818468093872,0
1.1938011646270752,0
1.2902195453643799,0
1.0168322324752808,0
0.9907472133636475,0
1.1160720586776733,0
1.2904636859893799,0
1.3794198036193848,0
1.1618194580078125,0
1.0492483377456665,0
1.5818508863449097,0
1.0145939588546753,0
0.9893833994865417,0
1.17499840259552,0
0.9563595056533813,0
1.7466280460357666,0
0.9979643225669861,0
1.0607422590255737,0
1.0586655139923096,0
0.9570683836936951,0
1.1367604732513428,0
0.9960342049598694,0
0.9958510398864746,0
1.0297436714172363,0
1.0095736980438232,0
0.9835652112960815,0
1.1032923460006714,0
1.0797055959701538,0
1.1839348077774048,0
1.003159761428833,0
1.0224987268447876,0
1.098513126373291,0
0.9755944013595581,0
1.1015613079071045,0
1.02178156375885,0
1.1123031377792358,0
1.6980026960372925,0
1.2122994661331177,0
1.0845154523849487,0
0.9611984491348267,0
1.0601019859313965,0
1.0456652641296387,0
1.2466212511062622,0
1.0498027801513672,0
1.1195170879364014,0
1.015409231185913,0
1.1136714220046997,0
1.0558578968048096,0
1.0054841041564941,0
1.281044840812683,0
1.0739009380340576,0
1.0365949869155884,0
1.0402034521102905,0
1.2667033672332764,0
1.0321495532989502,0
1.0200622081756592,0
1.0443373918533325,0
1.3179837465286255,0
1.3027446269989014,0
0.9722099900245667,0
1.3126417398452759,0
0.978784441947937,0
1.010063886642456,0
1.1481443643569946,0
1.1866942644119263,0
1.0362778902053833,0
1.0058465003967285,0
1.0,0
1.2105001211166382,0
1.2570834159851074,0
1.1144487857818604,0
0.9954051971435547,0
0.996783435344696,0
1.022732138633728,0
1.412254810333252,0
1.0974780321121216,0
1.0,0
1.045324683189392,0
1.0028287172317505,0
1.0007903575897217,0
1.0094503164291382,0
1.0040638446807861,0
1.0060752630233765,0
1.1098566055297852,0
1.0835137367248535,0
1.0823538303375244,0
1.0023242235183716,0
1.0250755548477173,0
0.9967747926712036,0
0.9942389726638794,0
1.0130482912063599,0
1.2341747283935547,0
1.1430667638778687,0
0.9697599411010742,0
0.988148033618927,0
1.5791724920272827,0
1.0175617933273315,0
1.053985834121704,0
1.1204538345336914,0
1.2289549112319946,0
0.9831331372261047,0
0.9839362502098083,0
0.9751535058021545,0
1.1807551383972168,0
0.931045651435852,0
1.1095117330551147,0
1.0453563928604126,0
1.009726881980896,0
1.0087981224060059,0
0.9827882051467896,0
1.021240234375,0
1.0107312202453613,0
1.0677119493484497,0
1.0958211421966553,0
2.3282394409179688,0
1.0655364990234375,0
1.0660897493362427,0
2.321179151535034,0
1.393678069114685,0
1.0749064683914185,0
0.9897505640983582,0
0.9966703057289124,0
1.0313136577606201,0
1.0611121654510498,0
1.1409556865692139,0
1.1696069240570068,0
1.005171537399292,0
0.9794728755950928,0
0.976574182510376,0
0.9780667424201965,0
1.0587925910949707,0
1.1682356595993042,0
1.0256255865097046,0
1.1160554885864258,0
1.0324100255966187,0
1.0672893524169922,0
1.067002773284912,0
1.3185396194458008,0
1.213936686515808,0
1.0723512172698975,0
1.0540577173233032,0
0.9574903845787048,0
1.0526628494262695,0
0.9843160510063171,0
0.9871804118156433,0
1.150018334388733,0
1.0442875623703003,0
1.0403344631195068,0
1.0623668432235718,0
1.0549156665802002,0
1.0199609994888306,0
1.1489794254302979,0
1.1506832838058472,0
1.0018330812454224,0
0.9868907332420349,0
1.0531333684921265,0
1.3571345806121826,0
0.9992445111274719,0
1.004331111907959,0
0.9757175445556641,0
1.0724060535430908,0
1.007706880569458,0
0.9613355994224548,0
1.0595741271972656,0
0.9863055348396301,0
1.060598373413086,0
1.0732970237731934,0
1.1174896955490112,0
1.007614016532898,0
1.6413648128509521,0
1.1020698547363281,0
0.9858945608139038,0
1.0530816316604614,0
1.0633543729782104,0
0.9790873527526855,0
1.141282320022583,0
0.9959079027175903,0
0.9632253050804138,0
1.3047285079956055,0
2.5980241298675537,0
1.0578421354293823,0
1.1287378072738647,0
1.2917964458465576,0
0.972845196723938,0
1.0191289186477661,0
0.990175187587738,0
0.9704138040542603,0
0.9528535008430481,0
1.1000345945358276,0
1.7017545700073242,0
1.0114035606384277,0
1.584104061126709,0
1.0000171661376953,0
1.3865420818328857,0
0.9787275791168213,0
1.0134997367858887,0
1.3683558702468872,0
1.2309547662734985,0
1.1163605451583862,0
1.0328662395477295,0
1.096341848373413,0
1.1275132894515991,0
0.9580385684967041,0
1.9275822639465332,0
1.1644452810287476,0
1.143943190574646,0
1.0802476406097412,0
1.066627025604248,0
0.9947235584259033,0
1.0952746868133545,0
1.1457690000534058,0
0.9908785820007324,0
1.0150151252746582,0
1.0125782489776611,0
1.8501152992248535,0
1.1584335565567017,0
1.0384948253631592,0
1.0587478876113892,0
1.2021108865737915,0
1.1591217517852783,0
1.0643510818481445,0
0.9916308522224426,0
1.0528899431228638,0
1.0486818552017212,0
1.5372446775436401,0
1.0124131441116333,0
1.0064964294433594,0
1.0464258193969727,0
1.1445188522338867,0
1.0114752054214478,0
1.004201054573059,0
1.0492056608200073,0
1.0754377841949463,0
1.0671133995056152,0
1.1059173345565796,0
0.9725356698036194,0
0.9681512117385864,0
0.9996290802955627,0
2.3421919345855713,0
1.1999276876449585,0
1.4930617809295654,0
1.053977131843567,0
1.0394220352172852,0
1.1237220764160156,0
0.9909887313842773,0
1.0403344631195068,0
1.0144199132919312,0
1.0039273500442505,0
1.0701228380203247,0
1.0786731243133545,0
3.181779384613037,0
1.0416146516799927,0
1.0733753442764282,0
1.0993376970291138,0
1.0473833084106445,0
1.229282021522522,0
0.9868414998054504,0
1.0205210447311401,0
1.0348906517028809,0
1.0623668432235718,0
1.0606858730316162,0
0.9783524870872498,0
1.177521824836731,0
1.1733916997909546,0
1.097135066986084,0
1.0091391801834106,0
1.0127965211868286,0
1.0246336460113525,0
1.1102477312088013,0
1.0086413621902466,0
0.9973887801170349,0
1.1631070375442505,0
1.052982211112976,0
1.0946030616760254,0
1.0009686946868896,0
1.1839509010314941,0
1.0398939847946167,0
1.0984199047088623,0
1.0353103876113892,0
1.4077123403549194,0
1.289720058441162,0
1.0639317035675049,0
1.0416300296783447,0
0.9882330298423767,0
1.3115737438201904,0
1.0050848722457886,0
1.0067609548568726,0
1.0564002990722656,0
1.0231354236602783,0
1.1678987741470337,0
0.9801843166351318,0
1.499550461769104,0
0.957334041595459,0
1.0215965509414673,0
1.193713665008545,0
1.282422661781311,0
1.0798125267028809,0
0.952482283115387,0
1.2439197301864624,0
1.070568323135376,0
0.9711422920227051,0
2.0268867015838623,0
1.0378509759902954,0
1.4769108295440674,0
1.0078608989715576,0
0.9742182493209839,0
1.0622018575668335,0
0.9937508702278137,0
1.023160696029663,0
1.0412781238555908,0
1.136322021484375,0
1.2366807460784912,0
1.019229769706726,0
0.9718063473701477,0
1.054569959640503,0
1.0521397590637207,0
1.0077531337738037,0
1.1017872095108032,0
1.0614701509475708,0
1.011425495147705,0
1.055870771408081,0
0.9792944192886353,0
1.5577442646026611,0
0.9910012483596802,0
1.0158604383468628,0
1.1155086755752563,0
0.9912362694740295,0
1.0410408973693848,0
1.0160413980484009,0
1.1868170499801636,0
1.0030542612075806,0
1.2437260150909424,0
2.8943967819213867,0
1.0188794136047363,0
1.3486318588256836,0
1.013090968132019,0
1.029603362083435,0
1.0256534814834595,0
1.1125987768173218,0
1.0610270500183105,0
1.04266357421875,0
1.0336405038833618,0
1.0674374103546143,0
1.0326920747756958,0
0.990667998790741,0
1.0012054443359375,0
1.6000518798828125,0
1.305119514465332,0
1.0765243768692017,0
1.0799338817596436,0
0.9854964017868042,0
0.9966671466827393,0
4.378605842590332,0
0.9961161017417908,0
1.0533068180084229,0
1.0763871669769287,0
1.0160280466079712,0
0.962907075881958,0
1.4561845064163208,0
1.0152595043182373,0
1.0047417879104614,0
1.252298355102539,0
0.9843050241470337,0
0.9784373044967651,0
1.0230127573013306,0
1.0193099975585938,0
1.0192561149597168,0
1.0497193336486816,0
0.9900931715965271,0
1.9166086912155151,0
1.4402798414230347,0
1.0878726243972778,0
1.0367192029953003,0
0.9703866243362427,0
1.0410058498382568,0
1.3021879196166992,0
1.3607958555221558,0
0.9963392019271851,0
2.073277235031128,0
0.9926808476448059,0
1.0241706371307373,0
1.0269031524658203,0
1.006319284439087,0
0.9732869863510132,0
1.0458248853683472,0
1.6339589357376099,0
1.2723878622055054,0
1.0001938343048096,0
0.9705343246459961,0
1.1407264471054077,0
1.0529794692993164,0
0.9792591333389282,0
1.0371688604354858,0
0.9634915590286255,0
1.1043603420257568,0
1.6149499416351318,0
1.0363553762435913,0
1.029411792755127,0
0.9749521613121033,0
1.004389762878418,0
1.1074916124343872,0
1.2880741357803345,0
1.2327340841293335,0
1.0,0
1.3943604230880737,0
0.9901525378227234,0
1.08126699924469,0
1.0214420557022095,0
0.9999722838401794,0
1.0665674209594727,0
0.9659264087677002,0
1.0752089023590088,0
0.9943265914916992,0
1.0948156118392944,0
1.1440213918685913,0
1.0594877004623413,0
1.0298577547073364,0
0.9849719405174255,0
0.9829285144805908,0
1.1007665395736694,0
1.4612667560577393,0
1.1479955911636353,0
1.0126725435256958,0
1.2036710977554321,0
1.2057077884674072,0
1.5261296033859253,0
0.9727254509925842,0
1.0135157108306885,0
1.149844765663147,0
1.0435888767242432,0
1.1833868026733398,0
1.5233769416809082,0
1.0845720767974854,0
0.9968401193618774,0
1.0412869453430176,0
1.6626185178756714,0
1.104206919670105,0
1.0858044624328613,0
0.9959810972213745,0
1.2759506702423096,0
1.5654982328414917,0
0.9982599020004272,0
1.0731455087661743,0
1.009747862815857,0
1.1536345481872559,0
0.9807883501052856,0
1.0007340908050537,0
1.0345771312713623,0
1.10990571975708,0
0.9769649505615234,0
1.1399450302124023,0
1.1877288818359375,0
1.0001206398010254,0
0.9975525140762329,0
1.151666522026062,0
0.9910652041435242,0
1.0677621364593506,0
1.0777974128723145,0
1.0001685619354248,0
1.005176305770874,0
1.011130690574646,0
1.0055075883865356,0
1.7272415161132812,0
1.0386155843734741,0
1.0308334827423096,0
0.9956321716308594,0
0.9754241108894348,0
1.0170018672943115,0
1.0120083093643188,0
1.118325114250183,0
0.9975329637527466,0
1.1914201974868774,0
1.0559204816818237,0
0.9704203009605408,0
1.0226835012435913,0
0.9632253050804138,0
1.6539570093154907,0
1.0145021677017212,0
1.01193106174469,0
1.0111923217773438,0
0.9900941848754883,0
0.993399977684021,0
0.998256504535675,0
1.0882765054702759,0
1.279813528060913,0
1.0939339399337769,0
1.290377140045166,0
1.0405311584472656,0
1.0857030153274536,0
1.4969120025634766,0
1.0367189645767212,0
2.660189151763916,0
1.043303370475769,0
1.0433659553527832,0
1.0077534914016724,0
1.057904839515686,0
1.0055903196334839,0
1.0214554071426392,0
0.9690916538238525,0
0.9919435977935791,0
1.0113184452056885,0
0.9804763793945312,0
1.1979881525039673,0
1.1376583576202393,0
1.1455904245376587,0
1.0259538888931274,0
0.9614579081535339,0
0.9922786355018616,0
1.0211403369903564,0
1.0418778657913208,0
1.0870046615600586,0
1.015415906906128,0
1.0444828271865845,0
1.175544261932373,0
1.248550534248352,0
0.9966496229171753,0
82.86882781982422,0
1.014009952545166,0
0.9841749668121338,0
1.3120862245559692,0
1.1070407629013062,0
0.9777149558067322,0
1.0361965894699097,0
1.1518163681030273,0
1.086197853088379,0
1.0268927812576294,0
1.0041584968566895,0
0.9841289520263672,0
1.317673921585083,0
1.0383449792861938,0
1.0749846696853638,0
1.485263705253601,0
1.0149513483047485,0
1.0647029876708984,0
1.0894392728805542,0
108.15164184570312,0
0.998188316822052,0
0.9440104961395264,0
1.0929523706436157,0
0.9837250113487244,0
1.0610969066619873,0
1.029436707496643,0
1.1248252391815186,0
0.9945930242538452,0
1.0639113187789917,0
0.9797623157501221,0
1.2108403444290161,0
0.9668348431587219,0
1.0118764638900757,0
1.0416395664215088,0
0.9807502627372742,0
1.0193251371383667,0
1.0053815841674805,0
1.1894415616989136,0
1.0032187700271606,0
1.067400336265564,0
0.9989303350448608,0
1.0286808013916016,0
1.2972277402877808,0
1.0742295980453491,0
1.0898504257202148,0
0.9973386526107788,0
1.081478238105774,0
0.9600207209587097,0
1.063905119895935,0
1.016161322593689,0
1.026405692100525,0
1.071978211402893,0
1.1714438199996948,0
1.017988681793213,0
1.1227240562438965,0
1.0846569538116455,0
1.1043516397476196,0
1.0097121000289917,0
1.130676507949829,0
1.225257158279419,0
1.225116491317749,0
0.9723624587059021,0
1.0687679052352905,0
1.03104567527771,0
1.2676334381103516,0
1.0511926412582397,0
1.0070922374725342,0
1.0,0
1.1254562139511108,0
1.0317950248718262,0
1.4202923774719238,0
1.1451084613800049,0
1.2007004022598267,0
1.0332038402557373,0
1.062674880027771,0
1.0335649251937866,0
1.0348877906799316,0
1.042810082435608,0
1.146826148033142,0
0.9877867698669434,0
1.1322931051254272,0
1.1143102645874023,0
1.0353388786315918,0
1.0332714319229126,0
0.9793133735656738,0
1.034036636352539,0
1.0019304752349854,0
1.0422754287719727,0
1.2316036224365234,0
1.1025950908660889,0
1.0240702629089355,0
0.9944535493850708,0
0.9792953729629517,0
1.2318907976150513,0
0.9735317230224609,0
1.098183035850525,0
1.5611249208450317,0
0.9767935872077942,0
1.2615668773651123,0
1.2134851217269897,0
1.1311123371124268,0
1.7167868614196777,0
1.1284220218658447,0
1.0612883567810059,0
1.1001579761505127,0
1.1173429489135742,0
1.133370041847229,0
1.014628529548645,0
1.0178914070129395,0
1.0430662631988525,0
1.0332673788070679,0
1.0263620615005493,0
1.04435396194458,0
1.2466437816619873,0
1.0485453605651855,0
1.0953395366668701,0
1.063645362854004,0
1.0920757055282593,0
1.0532821416854858,0
0.9609308242797852,0
1.1780471801757812,0
0.98138028383255,0
1.1099045276641846,0
1.0681350231170654,0
1.0107427835464478,0
0.9698943495750427,0
1.030900001525879,0
1.021052598953247,0
1.0031665563583374,0
1.1333904266357422,0
1.0276583433151245,0
1.051192283630371,0
1.0569593906402588,0
1.1831271648406982,0
1.1379340887069702,0
1.1498496532440186,0
1.0336271524429321,0
1.071664810180664,0
1.1000691652297974,0
1.2160311937332153,0
0.967380702495575,0
1.1746841669082642,0
0.9369781017303467,0
0.9948232173919678,0
1.0412949323654175,0
1.004815936088562,0
1.0930562019348145,0
1.2066811323165894,0
1.0506654977798462,0
1.0209252834320068,0
1.5114518404006958,0
1.085010290145874,0
1.1591517925262451,0
1.018668532371521,0
0.9836662411689758,0
1.0131239891052246,0
0.9997431039810181,0
0.9727159738540649,0
1.4344806671142578,0
1.0889602899551392,0
1.1197187900543213,0
1.0606924295425415,0
1.0706863403320312,0
0.9855872988700867,0
1.0595390796661377,0
1.023911714553833,0
0.9669845700263977,0
1.0594983100891113,0
1.2782667875289917,0
0.977203905582428,0
0.9989546537399292,0
1.01002037525177,0
0.9841508269309998,0
1.0006922483444214,0
1.218874216079712,0
0.9955011010169983,0
1.5839197635650635,0
1.1823152303695679,0
0.9767974615097046,0
1.1196212768554688,0
1.102737307548523,0
1.5028630495071411,0
1.164007544517517,0
1.1166822910308838,0
1.012589693069458,0
1.013603925704956,0
1.2258379459381104,0
0.9957643747329712,0
1.2273896932601929,0
1.0723376274108887,0
0.9475347399711609,0
1.1657307147979736,0
1.319158673286438,0
1.015909194946289,0
1.0532552003860474,0
1.198694109916687,0
1.0345888137817383,0
1.8108519315719604,0
1.0108563899993896,0
1.2269279956817627,0
1.1094352006912231,0
1.1352912187576294,0
0.9427134990692139,0
1.0599699020385742,0
1.1861062049865723,0
0.9945700168609619,0
1.0145831108093262,0
1.1946995258331299,0
1.1155458688735962,0
1.0141620635986328,0
1.024350881576538,0
1.0193099975585938,0
1.0230207443237305,0
1.0684621334075928,0
1.1406558752059937,0
1.0281686782836914,0
1.051439642906189,0
1.1008692979812622,0
1.1733651161193848,0
1.0391441583633423,0
0.9520208835601807,0
1.201307773590088,0
1.0085397958755493,0
1.1146008968353271,0
0.9763426184654236,0
1.1310936212539673,0
1.1662007570266724,0
1.0797386169433594,0
0.9673793911933899,0
1.069614291191101,0
1.1584254503250122,0
1.281298279762268,0
0.9956768155097961,0
1.021697759628296,0
1.1734905242919922,0
1.1951909065246582,0
1.1470829248428345,0
1.2153090238571167,0
1.1702628135681152,0
0.9841603636741638,0
1.0598143339157104,0
0.9641095399856567,0
1.0727554559707642,0
1.2885464429855347,0
1.003725528717041,0
1.0518285036087036,0
1.0002360343933105,0
1.0232747793197632,0
1.173926591873169,0
1.209895133972168,0
1.0661182403564453,0
1.0054082870483398,0
1.078648567199707,0
1.1306326389312744,0
0.984860897064209,0
1.0035661458969116,0
1.1111400127410889,0
0.9682289958000183,0
1.0273305177688599,0
1.1890621185302734,0
1.3488284349441528,0
1.4083971977233887,0
0.9654672145843506,0
1.0847444534301758,0
1.0310839414596558,0
1.2510157823562622,0
1.4624719619750977,0
1.021188735961914,0
1.0187416076660156,0
0.927192747592926,0
0.977866530418396,0
1.0261298418045044,0
1.1918822526931763,0
1.116924524307251,0
1.1760988235473633,0
0.9475118517875671,0
1.362933874130249,0
1.0250531435012817,0
1.0817934274673462,0
0.9884600639343262,0
1.259356141090393,0
0.998930811882019,0
0.9821330308914185,0
1.0467373132705688,0
1.0165743827819824,0
0.9971849918365479,0
1.0656812191009521,0
1.104337215423584,0
1.0275179147720337,0
2.860790729522705,0
1.0099327564239502,0
1.0310211181640625,0
0.9880991578102112,0
1.0080647468566895,0
1.0163381099700928,0
1.0054360628128052,0
1.0769861936569214,0
0.9955722093582153,0
1.0956605672836304,0
1.0546629428863525,0
0.9623274207115173,0
1.2778589725494385,0
1.1056455373764038,0
1.1618720293045044,0
1.105409026145935,0
1.044539451599121,0
1.0136957168579102,0
1.0012078285217285,0
1.093823790550232,0
5.099309921264648,0
1.0293773412704468,0
0.9768310785293579,0
0.9904449582099915,0
1.0046700239181519,0
1.3742910623550415,0
1.148747444152832,0
1.1229139566421509,0
2.8087270259857178,0
1.067542552947998,0
1.0481171607971191,0
0.9885534048080444,0
1.2285147905349731,0
1.2000300884246826,0
1.0228382349014282,0
1.7437196969985962,0
1.3064489364624023,0
1.0758754014968872,0
1.1178823709487915,0
1.241621971130371,0
1.045100450515747,0
0.9501046538352966,0
1.3716602325439453,0
0.9655236005783081,0
2.1745049953460693,0
0.9581732153892517,0
1.088480830192566,0
1.2191592454910278,0
0.9785396456718445,0
1.0625234842300415,0
1.0150723457336426,0
1.2122807502746582,0
1.0724778175354004,0
1.0735095739364624,0
0.9845290184020996,0
1.0237339735031128,0
1.104924201965332,0
1.1022937297821045,0
1.5283560752868652,0
1.0346581935882568,0
1.0044662952423096,0
1.1366342306137085,0
1.0608031749725342,0
1.0279210805892944,0
0.9374797940254211,0
1.020873785018921,0
1.0761111974716187,0
1.1470487117767334,0
1.0116498470306396,0
1.0173227787017822,0
1.1372038125991821,0
0.9384012818336487,0
1.013257384300232,0
1.4083690643310547,0
1.0386042594909668,0
0.9931712746620178,0
1.0035728216171265,0
1.059783935546875,0
1.590157389640808,0
1.1138722896575928,0
1.003292202949524,0
1.2558131217956543,0
1.1364305019378662,0
225.6773681640625,0
1.3386852741241455,0
0.9841508269309998,0
1.2130833864212036,0
1.0263373851776123,0
1.0264651775360107,0
0.980089008808136,0
1.0034019947052002,0
1.0647886991500854,0
1.0094372034072876,0
1.0407114028930664,0
1.253703236579895,0
1.0470764636993408,0
34.8874397277832,0
1.0274850130081177,0
2.0462682247161865,0
1.1015232801437378,0
0.953981876373291,0
0.9643388986587524,0
1.0658942461013794,0
1.0275907516479492,0
1.0460337400436401,0
1.1209057569503784,0
1.0425777435302734,0
1.1611440181732178,0
0.9904145002365112,0
1.0652551651000977,0
1.159506916999817,0
1.1050190925598145,0
1.5709494352340698,0
0.9782837629318237,0
1.0088077783584595,0
1.191933274269104,0
1.0308425426483154,0
1.1807589530944824,0
1.2817147970199585,0
1.4720696210861206,0
1.0614399909973145,0
1.0051721334457397,0
0.9997828602790833,0
1.0634845495224,0
0.9940800666809082,0
1.0655107498168945,0
1.1503732204437256,0
0.9588965773582458,0
1.1089833974838257,0
1.0010091066360474,0
0.9538332223892212,0
1.1409032344818115,0
1.0470434427261353,0
1.4518797397613525,0
1.0894432067871094,0
0.9944983124732971,0
1.3328088521957397,0
0.9886733293533325,0
1.3155794143676758,0
1.5476584434509277,0
1.1422359943389893,0
1.001914381980896,0
1.0788923501968384,0
1.0889984369277954,0
1.1634583473205566,0
1.0617023706436157,0
1.0848690271377563,0
0.9455499649047852,0
1.025804877281189,0
1.0014426708221436,0
1.0451215505599976,0
0.9523636102676392,0
1.2611228227615356,0
0.9841508269309998,0
1.2083112001419067,0
1.0008400678634644,0
0.9645428657531738,0
0.9153155088424683,0
1.1770155429840088,0
0.9547228813171387,0
1.2824732065200806,0
1.0356624126434326,0
1.0030587911605835,0
1.075815200805664,0
0.9859921336174011,0
1.0453134775161743,0
1.0432528257369995,0
1.1597496271133423,0
0.9857361912727356,0
1.6005061864852905,0
1.0544090270996094,0
1.048998236656189,0
0.9731464385986328,0
1.2102025747299194,0
0.9733456373214722,0
1.0012108087539673,0
0.9940953850746155,0
1.0100759267807007,0
0.9664614200592041,0
1.0100159645080566,0
1.114786982536316,0
1.032225489616394,0
1.0531997680664062,0
1.2678565979003906,0
1.2045766115188599,0
1.014258623123169,0
1.1852996349334717,0
1.015189290046692,0
2.360018491744995,0
1.2077703475952148,0
1.0741894245147705,0
1.0514534711837769,0
0.990045428276062,0
1.0016340017318726,0
1.1028602123260498,0
1.080282211303711,0
1.0385063886642456,0
1.0316276550292969,0
1.20967698097229,0
1.0218182802200317,0
1.1063915491104126,0
1.0865368843078613,0
1.2782098054885864,0
1.0080026388168335,0
1.1418380737304688,0
1.0694549083709717,0
1.1231952905654907,0
1.0049030780792236,0
0.9795739054679871,0
0.9995760917663574,0
1.102948546409607,0
1.0232847929000854,0
1.0002764463424683,0
1.0932999849319458,0
1.2252075672149658,0
1.020943284034729,0
0.9672818183898926,0
1.1936242580413818,0
1.0314844846725464,0
1.0234127044677734,0
1.0718251466751099,0
1.0626248121261597,0
1.0248209238052368,0
1.0070722103118896,0
1.139211654663086,0
1.0186928510665894,0
0.9714258909225464,0
0.9866743683815002,0
1.0592454671859741,0
1.0685073137283325,0
1.076989769935608,0
1.0036243200302124,0
1.058867335319519,0
1.779494047164917,0
1.0657017230987549,0
1.171286940574646,0
1.1259713172912598,0
1.0051518678665161,0
1.0399302244186401,0
1.058747410774231,0
1.1777783632278442,0
1.0627238750457764,0
1.0783902406692505,0
1.0345442295074463,0
1.0313388109207153,0
1.065308928489685,0
0.973180890083313,0
1.0105994939804077,0
0.9763590693473816,0
1.069313406944275,0
0.9835498332977295,0
1.1879292726516724,0
1.226327896118164,0
0.9594042301177979,0
1.0160813331604004,0
1.2321168184280396,0
1.2502484321594238,0
0.9911491274833679,0
0.9865241050720215,0
1.148903727531433,0
1.0840704441070557,0
1.1611424684524536,0
1.1417627334594727,0
1.2736331224441528,0
1.088812232017517,0
1.501905918121338,0
0.9950620532035828,0
1.0056301355361938,0
0.9646828770637512,0
1.163039207458496,0
1.0562540292739868,0
0.9603701233863831,0
1.000467300415039,0
2.8158953189849854,0
1.012218713760376,0
1.006879448890686,0
0.9781481623649597,0
0.9554042220115662,0
1.0558027029037476,0
1.0410408973693848,0
1.0264501571655273,0
1.0361281633377075,0
1.0570296049118042,0
1.0629017353057861,0
0.9809267520904541,0
1.09284245967865,0
1.111616849899292,0
1.7940540313720703,0
1.0529515743255615,0
0.9804573059082031,0
1.013869285583496,0
1.024039387702942,0
1.0722600221633911,0
1.0758228302001953,0
1.0022642612457275,0
1.0061548948287964,0
1.0117034912109375,0
0.9977431297302246,0
1.017344355583191,0
1.0059818029403687,0
0.9855204820632935,0
1.062802791595459,0
0.9471232295036316,0
0.9841508269309998,0
0.9569488763809204,0
1.0441899299621582,0
1.0652430057525635,0
0.9794131517410278,0
1.3687330484390259,0
1.0331289768218994,0
1.0548571348190308,0
1.0166290998458862,0
1.1164631843566895,0
1.0253102779388428,0
1.0795140266418457,0
1.0490151643753052,0
1.3367513418197632,0
1.2011756896972656,0
1.0786831378936768,0
1.1616663932800293,0
1.3135520219802856,0
1.0426201820373535,0
1.103735089302063,0
1.0821963548660278,0
1.2170628309249878,0
1.0813857316970825,0
1.00010085105896,0
1.0063650608062744,0
0.9731805920600891,0
0.9681670665740967,0
1.0024173259735107,0
1.413501501083374,0
1.0127862691879272,0
0.9980147480964661,0
1.0198032855987549,0
1.063904881477356,0
1.5719772577285767,0
1.0447416305541992,0
1.1334707736968994,0
1.0030008554458618,0
1.061644434928894,0
1.0944466590881348,0
1.3895500898361206,0
0.9741424322128296,0
0.9972574710845947,0
1.300044059753418,0
1.4138349294662476,0
1.1622356176376343,0
0.9806210994720459,0
1.1362452507019043,0
1.0104817152023315,0
1.2249462604522705,0
0.9563440680503845,0
1.0802671909332275,0
1.2566405534744263,0
1.3551422357559204,0
1.0994404554367065,0
0.9782339334487915,0
0.9771396517753601,0
0.9787275791168213,0
1.2473090887069702,0
1.1677993535995483,0
1.0019981861114502,0
1.0068106651306152,0
1.0175776481628418,0
1.0149301290512085,0
1.0,0
4.1864776611328125,0
0.9901817440986633,0
0.9838047027587891,0
1.0197768211364746,0
1.0117114782333374,0
0.9942901134490967,0
0.9901201725006104,0
1.025901198387146,0
0.997983992099762,0
0.9492149949073792,0
1.1305726766586304,0
1.1894415616989136,0
1.0387083292007446,0
0.9866971969604492,0
0.9549791812896729,0
0.9896466135978699,0
0.9570583701133728,0
1.208492398262024,0
1.0904688835144043,0
1.154149055480957,0
1.00326669216156,0
1.287023663520813,0
1.0827265977859497,0
1.094253659248352,0
1.206528902053833,0
1.1085034608840942,0
0.987855076789856,0
1.0375409126281738,0
1.0363980531692505,0
1.0616647005081177,0
0.9821195006370544,0
1.3142849206924438,0
1.0962797403335571,0
1.2067492008209229,0
0.9570683836936951,0
1.0056402683258057,0
1.0057568550109863,0
136.15371704101562,0
0.9806568026542664,0
1.0083801746368408,0
1.0004132986068726,0
1.002913236618042,0
1.0497186183929443,0
1.0622782707214355,0
1.023634672164917,0
1.0370197296142578,0
1.0212301015853882,0
1.1999627351760864,0
0.9556215405464172,0
1.0535316467285156,0
1.0435422658920288,0
0.982272744178772,0
1.0089199542999268,0
1.1965970993041992,0
1.194534420967102,0
0.9665399193763733,0
1.0287728309631348,0
1.1457641124725342,0
1.012274980545044,0
1.0246191024780273,0
1.0365949869155884,0
1.0747278928756714,0
0.9752441048622131,0
1.4868017435073853,0
3.798682689666748,0
1.0370030403137207,0
1.0839831829071045,0
1.0127620697021484,0
1.308550238609314,0
1.0352461338043213,0
1.030625343322754,0
12.873517036437988,0
1.0477633476257324,0
1.038578987121582,0
0.9671751856803894,0
1.004660725593567,0
0.9965339303016663,0
1.0086939334869385,0
1.089712142944336,0
1.1864792108535767,0
1.1036231517791748,0
0.9908748865127563,0
0.9651703834533691,0
0.9912095069885254,0
1.0755079984664917,0
1.175968050956726,0
1.0236918926239014,0
0.9758921265602112,0
1.5221983194351196,0
82.86882781982422,0
1.0145134925842285,0
0.9468777775764465,0
0.9989755749702454,0
1.0107371807098389,0
1.3909122943878174,0
1.1409120559692383,0
1.2074878215789795,0
1.2792904376983643,0
1.0125170946121216,0
1.1677539348602295,0
1.0733195543289185,0
1.1219149827957153,0
0.9786653518676758,0
1.0645537376403809,0
1.1834132671356201,0
1.0010510683059692,0
1.0245771408081055,0
0.9938086867332458,0
1.1569396257400513,0
0.995857298374176,0
1.3935158252716064,0
1.1191483736038208,0
1.0207569599151611,0
0.9869894981384277,0
1.1682486534118652,0
1.0299946069717407,0
0.9972125887870789,0
0.9704018235206604,0
1.004482626914978,0
1.085062026977539,0
0.9950000047683716,0
0.9791303277015686,0
1.0961229801177979,0
1.1591849327087402,0
1.0453569889068604,0
1.0679556131362915,0
1.100592017173767,0
0.994326651096344,0
1.778405785560608,0
1.11896812915802,0
1.0631287097930908,0
0.986211359500885,0
1.304794430732727,0
1.0,0
0.9765958786010742,0
1.077025055885315,0
0.9797623157501221,0
1.1193046569824219,0
1.1277910470962524,0
1.0120421648025513,0
0.9972146153450012,0
1.1911463737487793,0
1.2240235805511475,0
0.9563688635826111,0
1.7072843313217163,0
1.049420952796936,0
0.988903820514679,0
1.0001747608184814,0
1.0013941526412964,0
0.9744186997413635,0
0.9280680418014526,0
1.2457735538482666,0
1.0376241207122803,0
0.9932692646980286,0
1.0224705934524536,0
1.0471384525299072,0
1.0281925201416016,0
1.0567342042922974,0
2.0036230087280273,0
0.9939462542533875,0
1.0319267511367798,0
1.4509131908416748,0
0.9908304214477539,0
1.0190911293029785,0
1.1509300470352173,0
0.992376983165741,0
1.1903975009918213,0
1.0320374965667725,0
1.0279693603515625,0
1.299173355102539,0
1.1021381616592407,0
1.0268179178237915,0
1.0550646781921387,0
1.1106783151626587,0
1.0611791610717773,0
1.0154532194137573,0
1.0288981199264526,0
1.1986026763916016,0
1.032564640045166,0
0.9832618236541748,0
1.7561568021774292,0
0.978451669216156,0
1.1435970067977905,0
1.2398077249526978,0
1.0522434711456299,0
0.9738403558731079,0
1.059303879737854,0
0.9711030125617981,0
1.1257503032684326,0
197.5537109375,0
1.0543925762176514,0
0.9718883633613586,0
1.0608429908752441,0
1.0404036045074463,0
1.0937997102737427,0
1.097562551498413,0
0.997666597366333,0
1.0250868797302246,0
0.9989261627197266,0
1.0590697526931763,0
1.2040023803710938,0
1.1219353675842285,0
1.2730145454406738,0
0.9772185683250427,0
1.0112192630767822,0
2.817441463470459,0
1.2971473932266235,0
1.4892724752426147,0
1.1345385313034058,0
0.9976491332054138,0
1.0273131132125854,0
0.9735660552978516,0
1.1125260591506958,0
0.972806990146637,0
1.003242015838623,0
1.0552880764007568,0
1.0305769443511963,0
1.0258198976516724,0
1.1195337772369385,0
1.0084439516067505,0
1.3715190887451172,0
1.0308444499969482,0
0.9798443913459778,0
0.9712598323822021,0
1.0187277793884277,0
0.9482969045639038,0
1.0490484237670898,0
1.005180835723877,0
1.0649065971374512,0
1.0941787958145142,0
1.1081159114837646,0
1.0811134576797485,0
1.058620572090149,0
1.0166711807250977,0
0.9950000047683716,0
1.1728143692016602,0
1.0053346157073975,0
1.0625869035720825,0
0.9875884652137756,0
1.0408042669296265,0
1.026424765586853,0
1.3529322147369385,0
1.3140509128570557,0
1.3955823183059692,0
0.9890039563179016,0
1.0703080892562866,0
1.0848579406738281,0
1.544203758239746,0
1.0843905210494995,0
1.1944481134414673,0
0.9852212071418762,0
1.0330337285995483,0
1.0919630527496338,0
1.0176738500595093,0
0.9513565897941589,0
1.0728676319122314,0
0.9985348582267761,0
0.9919720888137817,0
1.0217232704162598,0
1.000787615776062,0
0.9762348532676697,0
1.0111335515975952,0
1.0381269454956055,0
1.0311675071716309,0
0.9779603481292725,0
1.050897479057312,0
0.9905475974082947,0
1.1709139347076416,0
1.2056143283843994,0
1.0044374465942383,0
1.015979528427124,0
1.1832166910171509,0
1.088312029838562,0
0.9892897009849548,0
0.996650755405426,0
1.1938254833221436,0
1.111626386642456,0
1.3701059818267822,0
1.031292200088501,0
1.0374510288238525,0
1.0952072143554688,0
1.0267599821090698,0
0.9849460124969482,0
1.4090197086334229,0
1.1570395231246948,0
1.129494071006775,0
0.9856050610542297,0
1.0731829404830933,0
1.2155143022537231,0
0.971327543258667,0
1.0424551963806152,0
1.1624802350997925,0
1.0328363180160522,0
1.1589970588684082,0
2.3861351013183594,0
1.4229503870010376,0
1.0656479597091675,0
1.3960039615631104,0
1.0100127458572388,0
1.0459020137786865,0
1.1377850770950317,0
1.0730586051940918,0
0.9980542063713074,0
0.982348620891571,0
1.0260800123214722,0
1.0363330841064453,0
1.2290668487548828,0
1.024106502532959,0
1.0711615085601807,0
0.9714424014091492,0
1.0252013206481934,0
0.9230638742446899,0
1.0062857866287231,0
1.0174098014831543,0
1.0233067274093628,0
0.9698506593704224,0
1.041007399559021,0
0.9915319681167603,0
1.0343126058578491,0
1.0294517278671265,0
1.168172836303711,0
1.0794212818145752,0
1.0239049196243286,0
0.978908896446228,0
1.0680278539657593,0
0.9665517807006836,0
1.1957924365997314,0
1.045120358467102,0
1.02997887134552,0
1.2739322185516357,0
0.9817794561386108,0
1.0567200183868408,0
0.9843292832374573,0
1.1041250228881836,0
0.9868698120117188,0
82.86882781982422,0
0.9846168756484985,0
1.3676207065582275,0
1.0893473625183105,0
1.0527540445327759,0
0.9909043908119202,0
1.140201210975647,0
1.1454777717590332,0
1.02480947971344,0
1.0577471256256104,0
1.058590054512024,0
1.1554982662200928,0
1.0553888082504272,0
1.1630842685699463,0
1.020443320274353,0
1.1815656423568726,0
1.0482083559036255,0
1.1580071449279785,0
0.9900816679000854,0
1.0255067348480225,0
1.1024739742279053,0
1.0340663194656372,0
1.0098508596420288,0
1.0434015989303589,0
1.1199721097946167,0
1.1073219776153564,0
1.010274052619934,0
1.0743001699447632,0
1.0056228637695312,0
1.0104190111160278,0
1.1370280981063843,0
0.9664738178253174,0
1.2491474151611328,0
0.9950000047683716,0
1.0882896184921265,0
0.9636781215667725,0
0.9959079027175903,0
1.184562087059021,0
0.9628212451934814,0
1.0404536724090576,0
1.2117843627929688,0
1.0172836780548096,0
1.0273311138153076,0
1.0333672761917114,0
1.0352593660354614,0
1.0425540208816528,0
1.0502625703811646,0
1.115500807762146,0
1.0744538307189941,0
1.6149499416351318,0
0.9885743856430054,0
1.0282785892486572,0
0.9744160175323486,0
0.975470244884491,0
1.0073304176330566,0
1.0951014757156372,0
1.2087926864624023,0
0.9915142059326172,0
1.103872537612915,0
0.9319157600402832,0
1.0215028524398804,0
0.9849367737770081,0
1.0145426988601685,0
1.1179141998291016,0
1.2911916971206665,0
1.0916111469268799,0
1.065949559211731,0
1.0361921787261963,0
1.017829179763794,0
1.0054616928100586,0
1.0398277044296265,0
1.191154956817627,0
1.0390912294387817,0
0.9731040596961975,0
1.2248214483261108,0
1.1575865745544434,0
0.9737300872802734,0
0.9932723045349121,0
0.9645914435386658,0
1.03016996383667,0
1.0589691400527954,0
1.2717106342315674,0
1.0785417556762695,0
1.0120325088500977,0
1.0236413478851318,0
0.9608610272407532,0
1.17350435256958,0
1.1561551094055176,0
0.9732281565666199,0
1.1088130474090576,0
0.9425449967384338,0
1.3133927583694458,0
0.9786591529846191,0
0.9743796586990356,0
1.0149943828582764,0
0.989568829536438,0
1.0100001096725464,0
1.325824499130249,0
1.020372748374939,0
0.992739200592041,0
1.0449999570846558,0
1.064857006072998,0
1.3141456842422485,0
1.039529800415039,0
0.9557009935379028,0
1.130507469177246,0
1.0262017250061035,0
1.1107048988342285,0
0.9900972843170166,0
1.0445446968078613,0
1.0833414793014526,0
0.9785545468330383,0
1.0531458854675293,0
1.0137903690338135,0
0.9321457743644714,0
1.3113040924072266,0
1.0036876201629639,0
0.984535813331604,0
1.4351754188537598,0
1.0806695222854614,0
1.0506322383880615,0
1.0247455835342407,0
0.9900148510932922,0
1.0327008962631226,0
0.9974962472915649,0
1.055644154548645,0
1.0380020141601562,0
1.0264863967895508,0
1.0151349306106567,0
1.0486539602279663,0
1.4629169702529907,0
0.9893951416015625,0
1.167586326599121,0
1.1500440835952759,0
1.063117504119873,0
1.0207102298736572,0
1.0137730836868286,0
1.0231904983520508,0
1.0247763395309448,0
0.9997568130493164,0
0.971179187297821,0
1.0666478872299194,0
1.7061033248901367,0
1.0602108240127563,0
1.515678882598877,0
0.9697901606559753,0
1.2871085405349731,0
1.0261255502700806,0
1.0600135326385498,0
1.3934946060180664,0
1.0212050676345825,0
1.0228263139724731,0
1.0353378057479858,0
0.9783567786216736,0
0.9989185929298401,0
1.027348518371582,0
1.037240982055664,0
1.0396568775177002,0
1.0046250820159912,0
0.9924967885017395,0
0.9916072487831116,0
1.2854267358779907,0
0.9954152703285217,0
1.1730810403823853,0
1.1168630123138428,0
2.057837724685669,0
1.2762736082077026,0
1.0089106559753418,0
1.2513024806976318,0
0.9918283224105835,0
0.9830932021141052,0
0.9953101873397827,0
1.0102823972702026,0
1.0057164430618286,0
1.2384240627288818,0
1.033995509147644,0
1.0149688720703125,0
0.9904041290283203,0
1.0428783893585205,0
1.061178207397461,0
1.0231642723083496,0
1.1284462213516235,0
1.014849066734314,0
1.112744927406311,0
0.9998253583908081,0
0.9982161521911621,0
1.0896047353744507,0
1.0260591506958008,0
1.9604350328445435,0
1.5396772623062134,0
1.1461528539657593,0
1.0029304027557373,0
0.9913278818130493,0
1.0446945428848267,0
1.5431740283966064,0
1.2065976858139038,0
1.0802537202835083,0
1.793553352355957,0
1.0359916687011719,0
1.0277457237243652,0
1.0787663459777832,0
1.334816336631775,0
1.2239530086517334,0
1.1943265199661255,0
1.0703610181808472,0
1.0197778940200806,0
1.0202492475509644,0
0.9850085973739624,0
1.0029550790786743,0
1.38191556930542,0
1.0488694906234741,0
1.1609950065612793,0
1.018295168876648,0
1.3493201732635498,0
1.0631952285766602,0
1.0714421272277832,0
2.8087270259857178,0
1.0197782516479492,0
2.0563619136810303,0
1.1385349035263062,0
0.9489254951477051,0
1.0357004404067993,0
1.0932282209396362,0
1.579226016998291,0
1.002194881439209,0
1.0072067975997925,0
1.1037410497665405,0
1.7454975843429565,0
1.0150319337844849,0
1.1078604459762573,0
1.1324647665023804,0
0.9780821204185486,0
1.100150465965271,0
1.211755394935608,0
1.4954726696014404,0
1.0366473197937012,0
1.0443015098571777,0
1.0133329629898071,0
1.0773837566375732,0
1.9846256971359253,0
1.039740800857544,0
1.0023176670074463,0
0.9937589764595032,0
0.9926808476448059,0
1.0748597383499146,0
1.2769136428833008,0
0.9896317720413208,0
1.1821978092193604,0
1.0074957609176636,0
1.0829172134399414,0
1.2396138906478882,0
1.0180227756500244,0
1.0226925611495972,0
1.1586802005767822,0
0.9796159863471985,0
1.0188984870910645,0
1.0135127305984497,0
0.9762996435165405,0
1.0874651670455933,0
1.1146087646484375,0
1.10457444190979,0
1.011695384979248,0
1.0533113479614258,0
1.0184268951416016,0
1.0788360834121704,0
1.0701509714126587,0
0.9928674697875977,0
0.9874958992004395,0
1.776847004890442,0
2.8158953189849854,0
1.2365421056747437,0
1.042594313621521,0
0.9804868698120117,0
1.140204906463623,0
1.3014230728149414,0
0.9844563007354736,0
0.9937044978141785,0
1.1310572624206543,0
1.0211809873580933,0
1.38493812084198,0
1.0809381008148193,0
1.2195965051651,0
0.9757197499275208,0
1.5709494352340698,0
0.9958742260932922,0
1.0172532796859741,0
1.0455961227416992,0
1.0420923233032227,0
0.9481592774391174,0
1.055019736289978,0
0.9937772750854492,0
1.1802566051483154,0
1.0125398635864258,0
0.9993982315063477,0
0.9986628293991089,0
1.0140316486358643,0
1.0887020826339722,0
1.0769553184509277,0
1.778405785560608,0
0.9758701324462891,0
1.2160414457321167,0
1.9431986808776855,0
1.324729084968567,0
1.0822983980178833,0
1.000879168510437,0
0.9854253530502319,0
1.1099880933761597,0
1.0749458074569702,0
0.9987777471542358,0
1.6481900215148926,0
2.335446834564209,0
1.0196974277496338,0
0.9719178080558777,0
1.0572354793548584,0
0.9892503023147583,0
1.0640813112258911,0
0.9677326083183289,0
0.982879102230072,0
1.0202281475067139,0
0.9817919135093689,0
1.1172230243682861,0
0.9966530799865723,0
1.229941487312317,0
1.0753101110458374,0
1.0195339918136597,0
0.9934368133544922,0
1.1995981931686401,0
1.2767503261566162,0
0.9883406758308411,0
0.9884604811668396,0
1.0261223316192627,0
0.9918609261512756,0
0.9877958297729492,0
1.0865600109100342,0
1.098888635635376,0
1.1889986991882324,0
1.1542341709136963,0
1.0104070901870728,0
1.0828406810760498,0
1.3179751634597778,0
1.0986621379852295,0
0.9865997433662415,0
0.9563418626785278,0
6.720865249633789,0
1.0027203559875488,0
1.2920000553131104,0
1.0059703588485718,0
1.3480260372161865,0
1.1363636255264282,0
1.073750376701355,0
1.0904057025909424,0
1.088796854019165,0
1.0446873903274536,0
1.0438811779022217,0
1.0145354270935059,0
0.9922845363616943,0
1.1496392488479614,0
1.0033774375915527,0
0.9520208835601807,0
1.1712646484375,0
1.298596739768982,0
1.2011263370513916,0
0.9953740239143372,0
1.0410408973693848,0
1.065889835357666,0
1.4121121168136597,0
1.1035863161087036,0
1.0364481210708618,0
1.0667611360549927,0
1.0491583347320557,0
1.0280392169952393,0
1.4604650735855103,0
1.1518970727920532,0
0.9591501355171204,0
0.9981081485748291,0
1.0739009380340576,0
1.0236709117889404,0
0.990581214427948,0
1.0578125715255737,0
2.1248586177825928,0
0.9784961342811584,0
0.997214138507843,0
0.9729203581809998,0
1.0501290559768677,0
1.005979061126709,0
0.9638819694519043,0
1.0019991397857666,0
1.0087119340896606,0
0.9905549883842468,0
0.9885472059249878,0
1.0370231866836548,0
1.082660436630249,0
0.9898493885993958,0
1.045547604560852,0
0.9918451905250549,0
1.0060337781906128,0
1.1888604164123535,0
0.9702810645103455,0
1.2754210233688354,0
1.0172314643859863,0
0.9831215143203735,0
1.043398380279541,0
1.2171684503555298,0
1.0517394542694092,0
1.0366449356079102,0
1.2142380475997925,0
1.0883537530899048,0
1.0757133960723877,0
1.0448459386825562,0
0.9732092618942261,0
1.0025776624679565,0
1.1469132900238037,0
1.1913002729415894,0
0.9667465686798096,0
0.9925940036773682,0
2.2801151275634766,0
0.9798080325126648,0
1.0464948415756226,0
1.015157699584961,0
1.0217796564102173,0
1.06797194480896,0
1.1066608428955078,0
1.1911306381225586,0
1.1159684658050537,0
1.0363070964813232,0
0.9463052749633789,0
1.4412403106689453,0
1.3810153007507324,0
1.1072309017181396,0
1.0026118755340576,0
1.0330816507339478,0
1.0278053283691406,0
1.1239391565322876,0
1.1921800374984741,0
1.0189648866653442,0
0.9784166812896729,0
0.964368462562561,0
0.9817933440208435,0
1.0333744287490845,0
1.2139941453933716,0
1.6032829284667969,0
1.0117732286453247,0
1.2516484260559082,0
1.0286080837249756,0
1.008054256439209,0
1.0248959064483643,0
1.2435460090637207,0
2.0964207649230957,0
1.1232757568359375,0
0.9703661799430847,0
1.024924397468567,0
0.997666597366333,0
1.0282944440841675,0
1.2409718036651611,0
0.9744006395339966,0
1.0212414264678955,0
1.0190443992614746,0
1.0013988018035889,0
1.5474016666412354,0
1.0924439430236816,0
1.0559335947036743,0
1.067604899406433,0
1.0001206398010254,0
1.1873842477798462,0
1.0151346921920776,0
1.0052731037139893,0
1.1544861793518066,0
0.9627413153648376,0
1.1515105962753296,0
1.0079926252365112,0
1.1356779336929321,0
1.0564091205596924,0
1.319488525390625,0
1.1135755777359009,0
36.92257308959961,0
0.9914312958717346,0
1.3422856330871582,0
1.1004019975662231,0
1.0139721632003784,0
1.0837715864181519,0
1.0246769189834595,0
1.0536208152770996,0
1.0321179628372192,0
1.0619776248931885,0
1.0285789966583252,0
1.0960487127304077,0
1.2471123933792114,0
0.9994580745697021,0
1.0133397579193115,0
1.140586495399475,0
1.0749260187149048,0
0.9970740079879761,0
1.098917841911316,0
1.0379350185394287,0
1.0928438901901245,0
1.0293916463851929,0
1.0399633646011353,0
1.0120668411254883,0
1.3940259218215942,0
1.001906394958496,0
1.0701122283935547,0
1.0025359392166138,0
0.9695135354995728,0
1.0357322692871094,0
1.0270748138427734,0
1.047767162322998,0
1.8118361234664917,0
0.9879653453826904,0
1.0830005407333374,0
1.017598271369934,0
1.2535250186920166,0
0.9897586107254028,0
1.0193604230880737,0
0.996757984161377,0
1.0703080892562866,0
1.1827369928359985,0
55.17605972290039,0
1.6706167459487915,0
1.0056593418121338,0
1.0055794715881348,0
1.1297093629837036,0
0.9942647218704224,0
1.0028148889541626,0
1.103708267211914,0
0.9681904911994934,0
1.3902816772460938,0
1.1018255949020386,0
1.0098888874053955,0
0.9883958697319031,0
0.94392329454422,0
1.025890588760376,0
0.9923089742660522,0
0.9787275791168213,0
0.9974360466003418,0
0.9953364133834839,0
1.1703664064407349,0
0.9719803333282471,0
1.066211462020874,0
1.0139312744140625,0
1.5146204233169556,0
1.0536762475967407,0
1.9104548692703247,0
1.1168147325515747,0
1.0203801393508911,0
1.0302006006240845,0
1.0487040281295776,0
1.008070945739746,0
2.024900436401367,0
0.9945214986801147,0
1.0355409383773804,0
1.0773118734359741,0
1.0140630006790161,0
1.2660011053085327,0
1.1717183589935303,0
1.0047551393508911,0
2.060145378112793,0
1.0148366689682007,0
1.0002374649047852,0
1.5282299518585205,0
0.9942163825035095,0
0.9805428385734558,0
0.9572657942771912,0
0.9753991961479187,0
0.9530276656150818,0
204.76231384277344,0
0.9734612703323364,0
1.054519534111023,0
0.9930397868156433,0
1.0536810159683228,0
1.0091952085494995,0
1.0513536930084229,0
1.0014538764953613,0
1.0082186460494995,0
1.356054663658142,0
0.9956557154655457,0
0.9768203496932983,0
1.0604785680770874,0
0.9849460124969482,0
0.9967779517173767,0
1.10354483127594,0
1.2506405115127563,0
0.9736747145652771,0
1.286296010017395,0
0.975318193435669,0
0.9915757179260254,0
1.0595650672912598,0
1.0338212251663208,0
1.041538119316101,0
1.0180692672729492,0
1.058064341545105,0
1.0057893991470337,0
1.1012885570526123,0
1.187153935432434,0
1.059126853942871,0
2.1020069122314453,0
1.1083736419677734,0
0.9930728077888489,0
1.5063797235488892,0
0.9686723351478577,0
1.1775543689727783,0
1.0509225130081177,0
1.032289981842041,0
1.3046510219573975,0
0.9873272776603699,0
1.031597375869751,0
1.1780561208724976,0
1.0141741037368774,0
0.9995331764221191,0
136.15371704101562,0
1.2832145690917969,0
1.0004271268844604,0
0.9786292910575867,0
1.016046404838562,0
1.0345155000686646,0
1.0831012725830078,0
1.2585914134979248,0
0.9588292241096497,0
1.1217466592788696,0
1.415318250656128,0
1.0677032470703125,0
1.01454496383667,0
0.9865811467170715,0
0.9940561652183533,0
1.103562831878662,0
1.149463176727295,0
1.0359464883804321,0
1.0108122825622559,0
0.9791010618209839,0
0.9713432788848877,0
0.9907543659210205,0
1.0421042442321777,0
1.1191867589950562,0
1.1123045682907104,0
1.0766445398330688,0
1.0917502641677856,0
1.1726962327957153,0
0.9720637798309326,0
3.7319345474243164,0
1.0451695919036865,0
1.086469292640686,0
1.6434780359268188,0
1.0900044441223145,0
0.980633020401001,0
1.0894367694854736,0
0.9852753281593323,0
0.9781481623649597,0
1.0087915658950806,0
1.0696192979812622,0
1.0604684352874756,0
1.047347068786621,0
0.9623943567276001,0
1.0952175855636597,0
1.1458215713500977,0
1.020471453666687,0
0.9830488562583923,0
1.2157386541366577,0
1.021052598953247,0
1.082639217376709,0
1.0172699689865112,0
1.0448328256607056,0
0.9791846871376038,0
0.9973700642585754,0
1.1098586320877075,0
1.1083709001541138,0
0.987155020236969,0
1.746673583984375,0
0.9483899474143982,0
0.9754549860954285,0
1.0167768001556396,0
1.0714191198349,0
1.0523011684417725,0
1.037246584892273,0
1.1380188465118408,0
0.9944019317626953,0
1.2360161542892456,0
1.0943101644515991,0
0.9819610118865967,0
0.9858072400093079,0
0.9998267889022827,0
1.0967862606048584,0
1.0597684383392334,0
1.1234341859817505,0
1.376267910003662,0
1.3492145538330078,0
1.1612190008163452,0
0.9790177345275879,0
1.0664666891098022,0
1.0675965547561646,0
1.1499272584915161,0
1.0048877000808716,0
1.0197383165359497,0
1.0578646659851074,0
1.0216538906097412,0
1.240674376487732,0
1.1458669900894165,0
0.9951727986335754,0
1.0070239305496216,0
1.0019776821136475,0
1.0284910202026367,0
0.9358631372451782,0
1.4453715085983276,0
0.9877309203147888,0
0.966830849647522,0
1.1441447734832764,0
0.997747004032135,0
1.0301110744476318,0
1.0111758708953857,0
0.9698560237884521,0
0.9778090715408325,0
1.0299320220947266,0
0.9522525668144226,0
1.058234453201294,0
1.8177437782287598,0
1.5195833444595337,0
1.1628692150115967,0
1.161741018295288,0
1.0731801986694336,0
1.5476585626602173,0
0.9798183441162109,0
0.9723628759384155,0
1.0361413955688477,0
0.9877985119819641,0
1.3907902240753174,0
1.137923240661621,0
1.030365228652954,0
1.0620194673538208,0
1.077536702156067,0
46.48788070678711,0
1.1531991958618164,0
0.9903066754341125,0
1.538001537322998,0
1.0324349403381348,0
0.9794004559516907,0
1.0568000078201294,0
1.0755172967910767,0
1.0311291217803955,0
1.0711414813995361,0
1.010876178741455,0
1.1744011640548706,0
1.126564383506775,0
1.1720843315124512,0
0.9961700439453125,0
1.1098504066467285,0
1.0118601322174072,0
0.971074640750885,0
1.0103808641433716,0
1.0038667917251587,0
1.052679419517517,0
1.0125093460083008,0
1.2799351215362549,0
1.2387957572937012,0
1.1107221841812134,0
1.0029826164245605,0
0.9879640340805054,0
1.0041110515594482,0
1.0732614994049072,0
1.063246488571167,0
0.994803249835968,0
1.2664237022399902,0
1.4797903299331665,0
1.0427067279815674,0
2.813417673110962,0
1.186669111251831,0
0.994907557964325,0
1.0120470523834229,0
1.0007319450378418,0
0.9980352520942688,0
1.0866332054138184,0
1.0472471714019775,0
1.0863274335861206,0
1.2562006711959839,0
0.9976879954338074,0
1.1615654230117798,0
1.7680209875106812,0
1.0818629264831543,0
1.1816558837890625,0
1.059136152267456,0
1.7537691593170166,0
0.9986982345581055,0
1.0056959390640259,0
1.0217881202697754,0
1.0207124948501587,0
1.1084938049316406,0
1.2062050104141235,0
0.9966045618057251,0
0.9867212772369385,0
1.0267959833145142,0
0.991466760635376,0
0.9867419004440308,0
0.9916427135467529,0
1.156973123550415,0
1.0624641180038452,0
1.0126186609268188,0
1.3284631967544556,0
0.9865757822990417,0
1.0038485527038574,0
1.1726018190383911,0
1.065635323524475,0
1.0462409257888794,0
1.4903905391693115,0
1.0947355031967163,0
0.9236470460891724,0
1.2041571140289307,0
1.022253155708313,0
0.9887974262237549,0
0.9805057644844055,0
1.0096957683563232,0
1.0567070245742798,0
0.9980147480964661,0
1.0195716619491577,0
1.6574889421463013,0
1.1225382089614868,0
0.9862730503082275,0
1.0048503875732422,0
0.9874752759933472,0
1.1042886972427368,0
0.9863603115081787,0
1.0119255781173706,0
1.1622703075408936,0
0.9912858009338379,0
0.984121561050415,0
1.0292332172393799,0
1.4773404598236084,0
1.095768928527832,0
1.2768794298171997,0
1.0154680013656616,0
0.9846702218055725,0
0.9472147226333618,0
1.2424510717391968,0
1.0400339365005493,0
1.0695995092391968,0
1.0031510591506958,0
0.9670724272727966,0
1.7866588830947876,0
1.0828982591629028,0
1.0904332399368286,0
1.0637770891189575,0
1.071407437324524,0
5.320381164550781,0
0.960216760635376,0
1.031516432762146,0
0.9854070544242859,0
1.1366236209869385,0
1.119038701057434,0
1.0648874044418335,0
1.0352425575256348,0
1.0392017364501953,0
1.0,0
1.00026535987854,0
0.9975662231445312,0
1.0541313886642456,0
0.9753652811050415,0
1.1621540784835815,0
1.017130732536316,0
1.0708458423614502,0
1.2776061296463013,0
1.0760996341705322,0
1.1155563592910767,0
1.4542887210845947,0
1.0166651010513306,0
1.1615098714828491,0
0.9999834299087524,0
1.0745716094970703,0
1.1868457794189453,0
1.0126022100448608,0
1.1224164962768555,0
1.0703697204589844,0
1.0008338689804077,0
0.9623585939407349,0
1.0485408306121826,0
1.0444687604904175,0
1.0235462188720703,0
1.091436743736267,0
1.1605923175811768,0
1.1557716131210327,0
1.0658748149871826,0
1.072560429573059,0
1.004227638244629,0
1.0275629758834839,0
1.0084937810897827,0
0.9916759133338928,0
1.3543891906738281,0
1.0390138626098633,0
1.0081760883331299,0
1.24698007106781,0
1.1304516792297363,0
0.9768494367599487,0
1.055741310119629,0
1.075771689414978,0
1.0572493076324463,0
0.9652157425880432,0
1.0211564302444458,0
0.9758955836296082,0
0.9897027611732483,0
0.9864165186882019,0
1.1356889009475708,0
1.0168882608413696,0
1.097090244293213,0
0.9832663536071777,0
1.157212257385254,0
1.0172984600067139,0
0.95584636926651,0
1.051395058631897,0
1.010174036026001,0
1.0016815662384033,0
0.986939549446106,0
1.000308632850647,0
0.9721522927284241,0
1.1465579271316528,0
1.0510600805282593,0
1.06331205368042,0
1.114330768585205,0
1.0666862726211548,0
1.046636939048767,0
1.0031830072402954,0
0.9862684011459351,0
0.9859971404075623,0
1.0193217992782593,0
1.0140005350112915,0
1.000255823135376,0
1.0081562995910645,0
1.0868167877197266,0
1.276906132698059,0
1.0764466524124146,0
0.9403430223464966,0
1.0737360715866089,0
0.9953991174697876,0
1.0101310014724731,0
1.00018310546875,0
1.072745442390442,0
1.221072793006897,0
1.1563975811004639,0
1.0218805074691772,0
1.0206345319747925,0
1.2128407955169678,0
1.0050214529037476,0
1.2143917083740234,0
1.2579737901687622,0
1.053136944770813,0
1.069096326828003,0
1.036046028137207,0
1.0045421123504639,0
0.9776841998100281,0
0.998088538646698,0
1.171529769897461,0
1.0030057430267334,0
0.9625811576843262,0
1.1735728979110718,0
1.0660203695297241,0
1.4937561750411987,0
1.0872318744659424,0
1.0,0
1.0951029062271118,0
1.0521550178527832,0
0.9820553064346313,0
1.0694960355758667,0
1.0028715133666992,0
1.1859749555587769,0
1.1172356605529785,0
1.0635263919830322,0
1.0429729223251343,0
1.0044264793395996,0
1.2030616998672485,0
1.0240263938903809,0
1.0572248697280884,0
1.0152699947357178,0
1.0902987718582153,0
0.9920128583908081,0
9.760435104370117,0
1.0539722442626953,0
1.0629932880401611,0
1.032841444015503,0
0.9967858195304871,0
1.0605040788650513,0
1.023996114730835,0
1.0058447122573853,0
1.0141544342041016,0
1.6413648128509521,0
0.9513214230537415,0
1.0993549823760986,0
1.0122591257095337,0
1.0217770338058472,0
1.0510830879211426,0
1.2941255569458008,0
1.0349825620651245,0
1.0514055490493774,0
1.1550824642181396,0
1.2758933305740356,0
1.0523258447647095,0
1.0494136810302734,0
1.1216202974319458,0
1.1020915508270264,0
1.0856218338012695,0
1.137830138206482,0
1.0288894176483154,0
0.9945052862167358,0
1.1180479526519775,0
0.9639052748680115,0
1.0805349349975586,0
1.0727347135543823,0
1.0236899852752686,0
2.0816545486450195,0
1.0913290977478027,0
1.0633292198181152,0
0.9882538318634033,0
1.1358200311660767,0
1.0418308973312378,0
1.016669750213623,0
1.178132176399231,0
1.065112590789795,0
1.0839656591415405,0
1.0001206398010254,0
1.2536541223526,0
1.1661218404769897,0
1.0507577657699585,0
1.414210319519043,0
1.1358087062835693,0
1.0550049543380737,0
0.9519493579864502,0
0.9905374050140381,0
1.0340567827224731,0
0.9982138276100159,0
0.9790657162666321,0
0.9710439443588257,0
1.0152462720870972,0
1.0217770338058472,0
1.0188566446304321,0
1.1422853469848633,0
1.0490459203720093,0
1.0318471193313599,0
1.2079272270202637,0
1.0078389644622803,0
0.9939468502998352,0
0.9980542063713074,0
0.9785680174827576,0
1.090978741645813,0
1.236125111579895,0
1.1383161544799805,0
0.9887591004371643,0
1.1832481622695923,0
1.031216025352478,0
1.034534215927124,0
1.112395167350769,0
1.0057872533798218,0
1.0859861373901367,0
1.0125261545181274,0
1.2670601606369019,0
0.9869124293327332,0
1.0678437948226929,0
1.121476411819458,0
0.983470618724823,0
1.027781367301941,0
1.0721204280853271,0
1.0059338808059692,0
1.1211326122283936,0
1.0328118801116943,0
1.2884855270385742,0
0.9842299818992615,0
1.1345341205596924,0
1.0963269472122192,0
0.9909631609916687,0
1.3236117362976074,0
1.0811575651168823,0
1.0061895847320557,0
1.0543718338012695,0
1.0117789506912231,0
1.0822986364364624,0
1.1617568731307983,0
1.0330239534378052,0
1.1450337171554565,0
1.1538186073303223,0
0.9878920316696167,0
1.0763107538223267,0
0.9742211103439331,0
1.1776955127716064,0
1.0248459577560425,0
1.0157228708267212,0
1.1015965938568115,0
0.9523894786834717,0
25.533538818359375,0
1.0077558755874634,0
1.0495470762252808,0
0.9848845601081848,0
1.3980926275253296,0
1.1509509086608887,0
1.017030954360962,0
0.9575424194335938,0
0.9632253050804138,0
1.0825936794281006,0
1.1490238904953003,0
1.6972922086715698,0
1.0074312686920166,0
1.0159183740615845,0
1.1265130043029785,0
1.0063961744308472,0
1.3194684982299805,0
1.026091456413269,0
0.9939624071121216,0
0.967380702495575,0
1.0452407598495483,0
1.0727568864822388,0
1.0049203634262085,0
1.322617769241333,0
1.0257914066314697,0
1.0085619688034058,0
1.1270779371261597,0
1.0765470266342163,0
1.0998910665512085,0
0.9867590665817261,0
1.0249773263931274,0
1.0111515522003174,0
1.021069049835205,0
1.2217310667037964,0
1.1216695308685303,0
1.0170165300369263,0
1.0499976873397827,0
1.0475167036056519,0
0.9600537419319153,0
1.2669380903244019,0
1.1243858337402344,0
1.0232090950012207,0
1.087449312210083,0
0.9798080325126648,0
1.0688103437423706,0
1.5992462635040283,0
0.9735888242721558,0
1.007818341255188,0
1.036421298980713,0
0.9832777976989746,0
47.5283317565918,0
1.0489921569824219,0
1.0237880945205688,0
1.1671817302703857,0
1.142966866493225,0
1.0318864583969116,0
1.000559687614441,0
0.9663532376289368,0
1.3512513637542725,0
1.5499107837677002,0
1.2290011644363403,0
1.0067155361175537,0
1.0905143022537231,0
1.1054532527923584,0
1.0065640211105347,0
1.0371249914169312,0
0.9513698816299438,0
1.000107765197754,0
1.0093293190002441,0
0.9893956184387207,0
1.0623668432235718,0
1.000988483428955,0
0.993946373462677,0
1.0266034603118896,0
1.033934235572815,0
1.563063621520996,0
0.9877777099609375,0
1.205939769744873,0
1.1224725246429443,0
1.1435894966125488,0
1.0312182903289795,0
1.048539161682129,0
1.2037547826766968,0
1.0062061548233032,0
1.16759192943573,0
1.1003364324569702,0
4.480434894561768,0
1.1457561254501343,0
1.0045644044876099,0
0.9757184982299805,0
0.9988796710968018,0
1.0200501680374146,0
1.0252655744552612,0
1.04812753200531,0
1.0244808197021484,0
1.0,0
1.0997415781021118,0
1.3238028287887573,0
1.1418157815933228,0
1.014406681060791,0
1.0866374969482422,0
1.0185593366622925,0
0.9503679871559143,0
1.0034042596817017,0
1.0702701807022095,0
1.0258526802062988,0
1.2047027349472046,0
1.095201849937439,0
0.9908897876739502,0
0.9945635795593262,0
1.295806884765625,0
1.1167501211166382,0
0.9749995470046997,0
2.817441463470459,0
0.9803083539009094,0
1.1051069498062134,0
1.0477056503295898,0
1.050191044807434,0
1.0332680940628052,0
1.0558985471725464,0
0.9979049563407898,0
1.2715564966201782,0
0.9814199805259705,0
1.1186282634735107,0
1.1015323400497437,0
1.1353039741516113,0
0.982272744178772,0
1.0205795764923096,0
1.0169214010238647,0
1.061227560043335,0
1.015745759010315,0
0.9947105646133423,0
1.561668038368225,0
1.1258004903793335,0
1.0024291276931763,0
1.150080680847168,0
1.0327855348587036,0
1.0239266157150269,0
1.281887412071228,0
1.042541265487671,0
1.0114573240280151,0
1.0958001613616943,0
1.0560061931610107,0
1.6168228387832642,0
1.780624270439148,0
1.1048403978347778,0
1.1449562311172485,0
1.005527377128601,0
1.1262264251708984,0
1.1166276931762695,0
0.9898229837417603,0
0.9594681859016418,0
1.0444895029067993,0
116.59879302978516,0
0.9702293276786804,0
1.0202951431274414,0
1.1204428672790527,0
0.99184650182724,0
1.020747184753418,0
1.1197181940078735,0
1.1256685256958008,0
1.0842584371566772,0
1.0191447734832764,0
1.4223182201385498,0
1.0268889665603638,0
2.016113042831421,0
1.4295440912246704,0
1.009924054145813,0
1.1022496223449707,0
1.0242804288864136,0
1.2184414863586426,0
1.4959999322891235,0
1.0086092948913574,0
0.9972635507583618,0
1.051261067390442,0
1.0742751359939575,0
1.0021511316299438,0
1.189192533493042,0
1.0187653303146362,0
1.1030956506729126,0
1.1700955629348755,0
1.0924196243286133,0
1.2103843688964844,0
1.890588402748108,0
1.0248726606369019,0
0.9805676937103271,0
1.0885915756225586,0
1.0519704818725586,0
1.0971968173980713,0
0.9611117243766785,0
1.012794852256775,0
1.0829156637191772,0
1.1800891160964966,0
1.0293231010437012,0
1.1536012887954712,0
1.0269948244094849,0
1.2266935110092163,0
0.994734525680542,0
0.9652998447418213,0
0.9794398546218872,0
1.4260945320129395,0
1.1851750612258911,0
1.0451198816299438,0
1.036545991897583,0
1.0084004402160645,0
1.004596471786499,0
1.1192103624343872,0
1.3274412155151367,0
0.9542397260665894,0
1.0530149936676025,0
1.0001283884048462,0
2.6424219608306885,0
0.9758581519126892,0
1.0274097919464111,0
1.1207271814346313,0
0.9830685257911682,0
1.0241320133209229,0
1.0333224534988403,0
1.2459474802017212,0
0.9769099950790405,0
1.00345778465271,0
0.9622806906700134,0
1.0885145664215088,0
1.017564058303833,0
1.0257924795150757,0
1.3227405548095703,0
1.017815113067627,0
1.169499397277832,0
1.016563892364502,0
1.023613691329956,0
1.0833159685134888,0
0.9657824635505676,0
1.0553040504455566,0
0.9572173357009888,0
1.0960506200790405,0
1.0905349254608154,0
1.239713430404663,0
1.3868540525436401,0
1.1635817289352417,0
0.9959705471992493,0
0.9477242231369019,0
1.036084771156311,0
1.0457868576049805,0
1.1220951080322266,0
1.0165594816207886,0
1.3433407545089722,0
1.102590799331665,0
1.2332119941711426,0
0.9898995161056519,0
1.1948940753936768,0
1.0423492193222046,0
0.9549461603164673,0
1.8447585105895996,0
1.0575413703918457,0
1.0176705121994019,0
1.0719645023345947,0
0.9866963028907776,0
3.44741153717041,0
0.9955525398254395,0
0.9816380739212036,0
1.1500798463821411,0
0.9890600442886353,0
1.0122419595718384,0
0.9517362713813782,0
0.9901888370513916,0
1.7423582077026367,0
1.0574703216552734,0
1.0654813051223755,0
1.067710280418396,0
1.0005671977996826,0
1.0409743785858154,0
1.3649665117263794,0
1.0252528190612793,0
1.0509514808654785,0
1.0332390069961548,0
1.0087240934371948,0
1.0796382427215576,0
1.0371756553649902,0
0.9959895014762878,0
1.5245335102081299,0
1.0218031406402588,0
1.0562015771865845,0
1.02018404006958,0
1.0748379230499268,0
1.0779123306274414,0
1.0903747081756592,0
1.0318622589111328,0
1.0327321290969849,0
1.123734951019287,0
1.1093621253967285,0
1.0210047960281372,0
1.062837839126587,0
1.4730069637298584,0
0.9663824439048767,0
0.9981938004493713,0
0.9918843507766724,0
0.9967007040977478,0
0.9546810388565063,0
1.0097241401672363,0
1.0464885234832764,0
1.0830211639404297,0
1.1279234886169434,0
1.0691882371902466,0
1.0083611011505127,0
1.0281946659088135,0
1.0190167427062988,0
1.3849191665649414,0
1.1816558837890625,0
1.276814341545105,0
1.0926605463027954,0
1.179155945777893,0
0.9866297841072083,0
1.0413457155227661,0
1.0305752754211426,0
1.097227931022644,0
0.9725928902626038,0
0.9586963057518005,0
1.0640575885772705,0
1.0076712369918823,0
0.9929649829864502,0
1.3085380792617798,0
1.0095537900924683,0
1.068899154663086,0
1.0704056024551392,0
1.1010969877243042,0
0.9746537208557129,0
1.259447455406189,0
1.0034606456756592,0
1.1116186380386353,0
0.981094241142273,0
173.24526977539062,0
1.132363200187683,0
1.107537031173706,0
1.0635343790054321,0
0.9846947193145752,0
0.9296056032180786,0
1.4243443012237549,0
1.0746757984161377,0
1.035860300064087,0
1.2625099420547485,0
1.0898504257202148,0
1.0011042356491089,0
1.049086093902588,0
1.4252328872680664,0
1.072792887687683,0
1.0236692428588867,0
1.0197296142578125,0
1.067857265472412,0
1.0643596649169922,0
1.130226731300354,0
1.0491347312927246,0
1.1010470390319824,0
1.1455475091934204,0
1.0118769407272339,0
2.3220462799072266,0
1.4324597120285034,0
40.946319580078125,0
1.239594578742981,0
1.0266813039779663,0
1.2220970392227173,0
0.9719396233558655,0
1.027329683303833,0
1.0127049684524536,0
2.8125717639923096,0
0.9977244138717651,0
1.0451123714447021,0
0.9977255463600159,0
1.0356111526489258,0
0.9622955918312073,0
1.0385451316833496,0
1.0291829109191895,0
1.0460623502731323,0
1.33468496799469,0
0.9947063326835632,0
1.0869454145431519,0
1.0200798511505127,0
1.028185248374939,0
1.0604918003082275,0
1.1559640169143677,0
1.0796657800674438,0
0.9818985462188721,0
0.9461419582366943,0
2.8158953189849854,0
1.0238853693008423,0
3.1295459270477295,0
1.4528357982635498,0
1.1539859771728516,0
1.0077598094940186,0
1.055471658706665,0
1.032800555229187,0
1.214320421218872,0
1.1750065088272095,0
1.1943473815917969,0
5.8803911209106445,0
1.1975793838500977,0
1.008984923362732,0
1.6237905025482178,0
1.0201354026794434,0
1.008462905883789,0
1.1637698411941528,0
1.0299593210220337,0
1.2239362001419067,0
1.4802125692367554,0
1.331348180770874,0
0.9991106986999512,0
0.996744692325592,0
1.036340355873108,0
1.111221194267273,0
0.9725481271743774,0
1.0943145751953125,0
0.9437313079833984,0
1.0546915531158447,0
1.579958438873291,0
1.270780086517334,0
1.034622073173523,0
1.0052300691604614,0
1.059395670890808,0
1.0753051042556763,0
1.1961008310317993,0
1.2647544145584106,0
0.9794611930847168,0
0.9452381134033203,0
1.1050989627838135,0
1.0033864974975586,0
0.9623943567276001,0
0.9918962717056274,0
1.1916996240615845,0
1.6739397048950195,0
0.9821881651878357,0
1.0344781875610352,0
1.5324963331222534,0
1.0419210195541382,0
1.0010117292404175,0
1.04392671585083,0
0.9748790860176086,0
1.2220865488052368,0
1.0568639039993286,0
1.0476895570755005,0
1.132044792175293,0
1.0333799123764038,0
1.0752567052841187,0
1.0423861742019653,0
1.2664237022399902,0
1.3053358793258667,0
1.03195059299469,0
1.2892321348190308,0
0.9864886999130249,0
1.1610881090164185,0
1.0328785181045532,0
2.277921199798584,0
0.9912822842597961,0
1.0205364227294922,0
1.1009676456451416,0
1.6741100549697876,0
1.0512615442276,0
1.796278476715088,0
1.008146047592163,0
1.002416729927063,0
1.0860768556594849,0
1.3214644193649292,0
1.0374503135681152,0
1.0239999294281006,0
1.044517159461975,0
1.0640528202056885,0
1.015853762626648,0
0.9724702835083008,0
0.9993807077407837,0
1.2675747871398926,0
1.0010148286819458,0
1.0588713884353638,0
1.0843528509140015,0
1.4797351360321045,0
21.780729293823242,0
1.128278374671936,0
1.0652790069580078,0
1.1159443855285645,0
1.073965072631836,0
1.0,0
1.0464576482772827,0
1.0585602521896362,0
1.0535649061203003,0
1.0076611042022705,0
351.1170959472656,0
1.0646716356277466,0
1.0352650880813599,0
1.1012881994247437,0
0.9578544497489929,0
1.009340524673462,0
0.9735894799232483,0
0.9944825172424316,0
1.778405785560608,0
1.312086820602417,0
0.9719182252883911,0
1.1191484928131104,0
1.059885859489441,0
1.0166422128677368,0
1.019463062286377,0
1.0367017984390259,0
1.044970989227295,0
1.7746849060058594,0
1.0493019819259644,0
0.9754765033721924,0
1.020172357559204,0
1.0160036087036133,0
1.0114339590072632,0
1.1204779148101807,0
1.0580215454101562,0
1.0170018672943115,0
1.4687554836273193,0
1.0046368837356567,0
1.0951306819915771,0
1.1647531986236572,0
1.0231789350509644,0
0.9549224972724915,0
1.1701644659042358,0
0.9837700128555298,0
1.0266984701156616,0
1.1104646921157837,0
0.984172523021698,0
1.1827796697616577,0
1.1513556241989136,0
1.0431969165802002,0
1.021544337272644,0
1.0968108177185059,0
1.1952322721481323,0
1.0197378396987915,0
1.001844882965088,0
1.0222140550613403,0
0.9751423001289368,0
1.508963942527771,0
1.0924499034881592,0
1.0833983421325684,0
1.0141263008117676,0
1.3666208982467651,0
1.0672651529312134,0
1.048817753791809,0
1.1260911226272583,0
1.1262487173080444,0
1.043615460395813,0
1.0714939832687378,0
1.0167442560195923,0
1.0245463848114014,0
1.0062414407730103,0
0.9622806906700134,0
82.86882781982422,0
1.0065360069274902,0
0.9929575324058533,0
1.5409740209579468,0
1.149367094039917,0
1.1527087688446045,0
1.0355674028396606,0
1.4990015029907227,0
1.0295422077178955,0
1.1197054386138916,0
1.0253349542617798,0
1.2507110834121704,0
1.0945912599563599,0
1.203158974647522,0
1.105385422706604,0
1.0004180669784546,0
1.003217339515686,0
1.0344129800796509,0
0.990491509437561,0
1.185154676437378,0
0.9844216108322144,0
1.0308669805526733,0
1.0754468441009521,0
1.0889638662338257,0
1.8573532104492188,0
0.9834455847740173,0
1.112425446510315,0
1.0511053800582886,0
0.9672014117240906,0
1.0083156824111938,0
1.0080097913742065,0
0.9920544028282166,0
1.0506417751312256,0
0.9756406545639038,0
1.4742228984832764,0
1.046007752418518,0
1.100996971130371,0
1.037401556968689,0
2.813417673110962,0
0.9743561744689941,0
1.016640067100525,0
1.0562647581100464,0
3.811457395553589,0
1.0291061401367188,0
1.0077627897262573,0
1.1386851072311401,0
1.0093117952346802,0
1.0936267375946045,0
1.019139289855957,0
1.1024712324142456,0
1.2728116512298584,0
0.9844306707382202,0
1.0344659090042114,0
1.0363200902938843,0
1.0605216026306152,0
1.0039368867874146,0
1.1943222284317017,0
1.0921416282653809,0
1.0541566610336304,0
1.0420087575912476,0
1.0219467878341675,0
1.2169923782348633,0
1.0474776029586792,0
1.335909366607666,0
1.0000237226486206,0
1.2930412292480469,0
0.9880135655403137,0
1.0192341804504395,0
0.9991658329963684,0
0.9976496696472168,0
1.0496875047683716,0
1.0464173555374146,0
0.9960260987281799,0
1.0958693027496338,0
1.0748018026351929,0
1.2655366659164429,0
1.088466763496399,0
1.0424408912658691,0
0.9892854690551758,0
1.060333251953125,0
1.7793828248977661,0
0.9881057739257812,0
1.1381595134735107,0
1.000568151473999,0
1.0120142698287964,0
1.0810953378677368,0
1.053407907485962,0
0.9800320863723755,0
1.681566834449768,0
1.0616410970687866,0
1.0788812637329102,0
0.9763335585594177,0
0.9488285779953003,0
0.993137001991272,0
0.9534902572631836,0
0.9882441759109497,0
1.0757761001586914,0
1.0055968761444092,0
1.1062623262405396,0
1.0346722602844238,0
0.979607105255127,0
1.1623848676681519,0
1.6548229455947876,0
1.5196110010147095,0
1.058512568473816,0
0.9794416427612305,0
1.1073440313339233,0
0.9550377726554871,0
1.0406299829483032,0
1.3717271089553833,0
1.0282436609268188,0
1.090672254562378,0
1.234520435333252,0
1.131305456161499,0
1.0283634662628174,0
1.4198331832885742,0
1.034002661705017,0
1.0270419120788574,0
1.0049607753753662,0
0.9932131171226501,0
1.0613584518432617,0
1.5371862649917603,0
1.2743759155273438,0
1.0206074714660645,0
0.9875869750976562,0
1.0167899131774902,0
0.9735599756240845,0
1.0169167518615723,0
2.1248586177825928,0
1.0228711366653442,0
1.070063591003418,0
0.9707334041595459,0
1.1506229639053345,0
1.2547706365585327,0
2.817441463470459,0
1.2461953163146973,0
0.9998705983161926,0
1.1500908136367798,0
1.1733916997909546,0
1.0482378005981445,0
1.2330440282821655,0
0.9765828251838684,0
0.9874007105827332,0
1.0776383876800537,0
1.0955883264541626,0
1.0070728063583374,0
1.0335100889205933,0
1.0536688566207886,0
1.0350457429885864,0
0.9945452809333801,0
1.016289234161377,0
1.2774463891983032,0
1.3934913873672485,0
1.000781774520874,0
1.085253357887268,0
0.9858242273330688,0
1.0845993757247925,0
1.0198755264282227,0
1.2339328527450562,0
1.2531858682632446,0
0.9942723512649536,0
1.0948408842086792,0
1.043254017829895,0
1.0427134037017822,0
1.1728332042694092,0
1.0043591260910034,0
1.026555061340332,0
1.0639138221740723,0
1.0315849781036377,0
1.1676769256591797,0
1.0569552183151245,0
1.0283571481704712,0
1.0872440338134766,0
1.0121707916259766,0
1.0697460174560547,0
1.0815562009811401,0
1.010489821434021,0
1.087039589881897,0
0.9871916174888611,0
1.4098246097564697,0
1.1206022500991821,0
1.0437110662460327,0
1.1873013973236084,0
0.9559245109558105,0
1.0945639610290527,0
1.0345029830932617,0
1.0224988460540771,0
1.029051661491394,0
1.0966501235961914,0
1.1642078161239624,0
1.3426750898361206,0
1.0996958017349243,0
0.999759316444397,0
1.0601853132247925,0
0.9966575503349304,0
1.2465524673461914,0
1.0305794477462769,0
1.071800708770752,0
1.0737926959991455,0
1.0047131776809692,0
1.7663296461105347,0
1.0010793209075928,0
0.9948665499687195,0
1.0061243772506714,0
0.9663873910903931,0
0.9787275791168213,0
0.9928128123283386,0
1.0329383611679077,0
0.9712104797363281,0
0.9663906693458557,0
0.9737561941146851,0
1.0104987621307373,0
1.059519648551941,0
1.2344965934753418,0
0.97685307264328,0
1.0188939571380615,0
1.006360411643982,0
0.9956638216972351,0
1.003350019454956,0
0.9861975908279419,0
1.510603904724121,0
0.9895514249801636,0
1.0995815992355347,0
1.0553853511810303,0
1.0983728170394897,0
0.9762629270553589,0
1.0501136779785156,0
1.2139103412628174,0
0.9936493635177612,0
1.2375221252441406,0
1.163571834564209,0
1.0523656606674194,0
0.9719933867454529,0
1.0171167850494385,0
1.0193957090377808,0
1.7812100648880005,0
1.0599894523620605,0
1.168419599533081,0
1.1214816570281982,0
1.0387693643569946,0
1.0247722864151,0
1.1815513372421265,0
1.0707083940505981,0
1.0964995622634888,0
1.0090827941894531,0
1.2163865566253662,0
1.0646188259124756,0
1.0899466276168823,0
1.182737112045288,0
1.153910756111145,0
0.9813389182090759,0
1.004589319229126,0
1.268782615661621,0
1.0061001777648926,0
1.0165468454360962,0
1.1159992218017578,0
1.0423460006713867,0
1.1297296285629272,0
1.4701902866363525,0
1.1428700685501099,0
2.277921199798584,0
0.9621700048446655,0
1.10092031955719,0
0.9870352745056152,0
1.4056878089904785,0
1.0367686748504639,0
1.0782444477081299,0
0.9493159055709839,0
1.0472904443740845,0
0.9853285551071167,0
1.0546984672546387,0
1.05843186378479,0
1.0487760305404663,0
0.9765111804008484,0
1.0687930583953857,0
1.0965063571929932,0
4.218855381011963,0
0.9782395958900452,0
0.9620452523231506,0
0.9809272885322571,0
2.8282296657562256,0
1.0085362195968628,0
1.5709494352340698,0
1.1128827333450317,0
1.8573532104492188,0
0.9354555606842041,0
1.0979409217834473,0
1.0118428468704224,0
1.6113557815551758,0
0.9872133135795593,0
1.0473400354385376,0
1.0400484800338745,0
1.0802602767944336,0
1.0726560354232788,0
1.1494654417037964,0
0.9517379403114319,0
1.2398260831832886,0
1.0113658905029297,0
1.1662694215774536,0
1.012554407119751,0
1.043989896774292,0
0.9825672507286072,0
1.0525333881378174,0
1.0361015796661377,0
1.1482993364334106,0
1.0184969902038574,0
1.15982985496521,0
1.0109639167785645,0
1.061187505722046,0
1.1765720844268799,0
1.3934907913208008,0
1.0044453144073486,0
1.0958261489868164,0
0.9990888237953186,0
0.9837455153465271,0
1.0764102935791016,0
1.0238351821899414,0
1.811531901359558,0
1.083645224571228,0
1.0018932819366455,0
1.0180526971817017,0
1.0031325817108154,0
1.2763296365737915,0
1.1321206092834473,0
1.0324569940567017,0
1.637382984161377,0
1.4264134168624878,0
0.9634868502616882,0
1.0029739141464233,0
1.0451315641403198,0
0.965178906917572,0
1.0445057153701782,0
1.3214068412780762,0
1.086181640625,0
1.019596815109253,0
1.0462511777877808,0
1.0390570163726807,0
1.0629523992538452,0
1.017897605895996,0
0.9751121997833252,0
1.001135230064392,0
0.9955512285232544,0
1.0199332237243652,0
0.9724414944648743,0
1.0528852939605713,0
1.0925960540771484,0
0.99240642786026,0
1.0203423500061035,0
0.9892027974128723,0
1.1496039628982544,0
1.3337678909301758,0
0.9881330728530884,0
1.0164190530776978,0
1.2767220735549927,0
0.9823656678199768,0
0.9785138368606567,0
1.1781357526779175,0
0.9980147480964661,0
1.0468530654907227,0
1.1996978521347046,0
1.0028802156448364,0
1.1954861879348755,0
0.9990085363388062,0
2.721924304962158,0
0.9789825677871704,0
1.0108281373977661,0
0.95908123254776,0
1.0360764265060425,0
1.167161464691162,0
1.0326533317565918,0
1.0027287006378174,0
1.6442680358886719,0
1.0330708026885986,0
1.043871521949768,0
1.0974173545837402,0
0.9893802404403687,0
1.341279149055481,0
1.0729141235351562,0
0.9382666945457458,0
1.192680835723877,0
0.9854052662849426,0
1.1223796606063843,0
1.082549810409546,0
1.005007266998291,0
0.9865153431892395,0
1.046874761581421,0
1.161643385887146,0
1.1508510112762451,0
1.0009979009628296,0
1.0560978651046753,0
1.1187410354614258,0
0.9679593443870544,0
0.9730051755905151,0
1.166311502456665,0
1.0267221927642822,0
0.9923616051673889,0
1.0088735818862915,0
1.0526728630065918,0
1.045201063156128,0
1.0502361059188843,0
1.1219626665115356,0
1.005624771118164,0
1.1431152820587158,0
1.1268240213394165,0
0.978134274482727,0
1.2220423221588135,0
1.066133737564087,0
1.1091699600219727,0
1.3907902240753174,0
1.011422038078308,0
1.0247384309768677,0
1.0098742246627808,0
1.0406267642974854,0
1.0350286960601807,0
1.0361440181732178,0
1.0041035413742065,0
1.5620068311691284,0
1.0175132751464844,0
1.0565764904022217,0
1.0750787258148193,0
1.0123100280761719,0
1.6760753393173218,0
1.8995329141616821,0
0.9956810474395752,0
1.2102088928222656,0
1.1051708459854126,0
1.1052993535995483,0
0.9863978028297424,0
1.1298651695251465,0
1.0222159624099731,0
0.9794071912765503,0
1.0141644477844238,0
1.0778496265411377,0
0.9687056541442871,0
1.0938031673431396,0
1.0323691368103027,0
0.9818288087844849,0
1.3653281927108765,0
1.0052582025527954,0
1.7046387195587158,0
0.9631198644638062,0
0.9885683059692383,0
1.0694772005081177,0
1.0026925802230835,0
1.1136360168457031,0
0.9544491171836853,0
1.0129294395446777,0
1.02323579788208,0
1.0148558616638184,0
2.354142427444458,0
1.1280122995376587,0
1.8786964416503906,0
1.5920249223709106,0
1.1169766187667847,0
0.9666666388511658,0
1.3189940452575684,0
0.9688622951507568,0
1.3282910585403442,0
0.9726904630661011,0
1.0581485033035278,0
1.0611306428909302,0
1.0354480743408203,0
2.813417673110962,0
1.0775530338287354,0
1.7014044523239136,0
2.616969585418701,0
1.0115424394607544,0
1.357520580291748,0
1.0353370904922485,0
1.0812009572982788,0
0.9985484480857849,0
1.6763734817504883,0
1.0210119485855103,0
1.023826241493225,0
1.2151786088943481,0
1.313782811164856,0
1.0617042779922485,0
0.9589056968688965,0
1.0956639051437378,0
1.0461581945419312,0
1.0083080530166626,0
1.103039026260376,0
0.9758567810058594,0
0.995236873626709,0
1.0078409910202026,0
1.183931589126587,0
1.7841001749038696,0
1.0160614252090454,0
1.2151590585708618,0
1.1758613586425781,0
1.0002703666687012,0
1.1133828163146973,0
1.0153499841690063,0
0.9650859236717224,0
1.03764808177948,0
1.017669916152954,0
1.0262160301208496,0
0.9949237108230591,0
1.0299575328826904,0
1.048389196395874,0
1.2320294380187988,0
1.2042605876922607,0
1.1145296096801758,0
1.0494320392608643,0
0.9833614826202393,0
1.0708394050598145,0
1.0595911741256714,0
1.0046547651290894,0
1.036850929260254,0
1.0171973705291748,0
0.9449647665023804,0
1.1463634967803955,0
1.1344523429870605,0
1.0675989389419556,0
0.9646937251091003,0
1.023995041847229,0
1.0149856805801392,0
1.0238231420516968,0
0.9980865716934204,0
1.0555980205535889,0
1.0311026573181152,0
1.3176921606063843,0
1.0190308094024658,0
1.0395854711532593,0
1.24173903465271,0
1.1346797943115234,0
0.9897651076316833,0
1.309183120727539,0
1.0671966075897217,0
1.0208183526992798,0
1.0195876359939575,0
1.0314643383026123,0
1.0473202466964722,0
0.966304361820221,0
1.0648728609085083,0
1.2692824602127075,0
1.2060500383377075,0
1.5963960886001587,0
0.9679219722747803,0
0.9977039098739624,0
1.1603014469146729,0
0.9821195006370544,0
21.102252960205078,0
1.07765793800354,0
1.0081050395965576,0
1.4017317295074463,0
1.0093789100646973,0
1.0070536136627197,0
1.0670205354690552,0
1.2063602209091187,0
0.9780023694038391,0
0.9964050650596619,0
1.1085362434387207,0
1.058646321296692,0
0.9753718376159668,0
2.7809982299804688,0
1.3097418546676636,0
1.0705962181091309,0
0.9964176416397095,0
0.9599828720092773,0
1.0581657886505127,0
1.0001980066299438,0
1.4776822328567505,0
1.1313109397888184,0
0.9585962295532227,0
1.1657168865203857,0
56.39628219604492,0
1.0847364664077759,0
1.0080053806304932,0
1.1926422119140625,0
1.1781893968582153,0
1.1900129318237305,0
1.2107230424880981,0
1.1277107000350952,0
1.0167258977890015,0
1.283564805984497,0
1.8225637674331665,0
1.3288888931274414,0
1.0769120454788208,0
1.0632003545761108,0
1.0362619161605835,0
1.0162609815597534,0
0.976769208908081,0
1.036111831665039,0
1.0043234825134277,0
1.0616484880447388,0
1.2686372995376587,0
0.9938382506370544,0
1.0262978076934814,0
1.3595153093338013,0
0.9690507650375366,0
1.0259164571762085,0
55.17361831665039,0
1.0209932327270508,0
1.2743059396743774,0
1.0306507349014282,0
1.0990413427352905,0
1.023484230041504,0
1.025347113609314,0
1.056179165840149,0
1.1091463565826416,0
0.9775735139846802,0
1.0031208992004395,0
1.0513172149658203,0
1.0553324222564697,0
1.2144217491149902,0
1.0269066095352173,0
1.0742541551589966,0
1.1709402799606323,0
1.035904049873352,0
1.5267322063446045,0
1.413347601890564,0
0.9964441657066345,0
1.0145224332809448,0
1.026265263557434,0
0.9824106097221375,0
0.9901815056800842,0
1.0639079809188843,0
0.9763426184654236,0
1.0335729122161865,0
1.2719677686691284,0
1.0468318462371826,0
0.9840703010559082,0
1.0809736251831055,0
1.1077667474746704,0
1.0211093425750732,0
1.0935109853744507,0
1.249944806098938,0
1.1372790336608887,0
0.9975817203521729,0
1.0060588121414185,0
1.0150971412658691,0
1.0385733842849731,0
1.0028598308563232,0
1.0657329559326172,0
0.9915453791618347,0
1.0114299058914185,0
1.1974940299987793,0
0.9859217405319214,0
1.041962742805481,0
21.11748695373535,0
1.265560269355774,0
0.987572431564331,0
1.0393476486206055,0
0.9787886142730713,0
1.1345210075378418,0
1.3310269117355347,0
1.053432822227478,0
0.9778232574462891,0
1.0374374389648438,0
1.1192525625228882,0
0.9425449967384338,0
1.058863639831543,0
0.9592584371566772,0
1.0495848655700684,0
0.9973357319831848,0
1.1910911798477173,0
0.9559011459350586,0
1.0584417581558228,0
1.0049607753753662,0
1.096584439277649,0
1.3997375965118408,0
1.0650194883346558,0
1.0547749996185303,0
1.0323045253753662,0
3.0952978134155273,0
1.061110019683838,0
2.39351224899292,0
1.0958590507507324,0
1.036835789680481,0
0.9923797249794006,0
1.014628291130066,0
0.9953063726425171,0
1.2558937072753906,0
1.1140763759613037,0
0.9415826201438904,0
1.0324100255966187,0
1.0092296600341797,0
1.294451117515564,0
1.0395454168319702,0
1.0650272369384766,0
0.9852410554885864,0
0.9980147480964661,0
1.0028603076934814,0
1.0843216180801392,0
1.0133832693099976,0
1.1230378150939941,0
1.0238202810287476,0
1.1141051054000854,0
1.0392919778823853,0
1.0090031623840332,0
1.0539207458496094,0
0.9798080325126648,0
1.1611908674240112,0
1.0168637037277222,0
1.0148366689682007,0
1.2265948057174683,0
1.249499797821045,0
1.3694701194763184,0
0.98340904712677,0
1.153389811515808,0
1.1550506353378296,0
1.0195575952529907,0
0.9669309854507446,0
1.041013240814209,0
1.3088659048080444,0
1.1583316326141357,0
1.0537152290344238,0
1.1091409921646118,0
1.2669380903244019,0
1.3263418674468994,0
1.0629870891571045,0
1.0276983976364136,0
1.0223677158355713,0
1.3531986474990845,0
1.0614240169525146,0
0.9926885366439819,0
1.0379793643951416,0
1.086579442024231,0
1.4923739433288574,0
1.0684317350387573,0
0.9817561507225037,0
1.034151554107666,0
1.2058892250061035,0
1.0446699857711792,0
0.9558853507041931,0
1.1192272901535034,0
0.986490786075592,0
1.0279889106750488,0
0.9924361705780029,0
1.0925803184509277,0
50.544315338134766,0
1.2405939102172852,0
0.9854286909103394,0
0.9777898788452148,0
0.9845647811889648,0
2.0462682247161865,0
1.0988922119140625,0
1.485263705253601,0
1.0097417831420898,0
1.0623023509979248,0
1.0882149934768677,0
1.0135213136672974,0
1.010947585105896,0
1.1341640949249268,0
1.096737027168274,0
1.0052669048309326,0
1.0836998224258423,0
0.9760150909423828,0
1.0559673309326172,0
1.0058330297470093,0
0.9603016376495361,0
0.9787275791168213,0
0.9799812436103821,0
1.0978602170944214,0
0.984845757484436,0
1.0302821397781372,0
0.9823455214500427,0
1.300176739692688,0
0.9952654838562012,0
0.9883041381835938,0
1.0236998796463013,0
0.9768703579902649,0
1.0306285619735718,0
1.0685486793518066,0
1.015891194343567,0
0.9852895140647888,0
0.9747617840766907,0
1.1957358121871948,0
0.9518393874168396,0
0.9755675792694092,0
0.9415860772132874,0
0.9802574515342712,0
1.087531328201294,0
1.0304157733917236,0
1.0140085220336914,0
1.0500379800796509,0
1.117624282836914,0
1.040149450302124,0
1.0040019750595093,0
1.0332670211791992,0
1.0394995212554932,0
0.9993958473205566,0
1.004573941230774,0
1.0014911890029907,0
1.0462037324905396,0
1.1939778327941895,0
1.074150562286377,0
0.9865106344223022,0
1.0166083574295044,0
1.6662766933441162,0
1.0075130462646484,0
1.0029656887054443,0
1.9132241010665894,0
1.0502212047576904,0
0.9834497570991516,0
1.0245968103408813,0
1.0517100095748901,0
1.1683297157287598,0
0.9824604988098145,0
0.9857721328735352,0
1.114948034286499,0
1.049737811088562,0
1.0514419078826904,0
1.2034498453140259,0
0.9833509922027588,0
1.0204646587371826,0
1.0837510824203491,0
1.003041386604309,0
0.984845757484436,0
1.185417890548706,0
1.095288872718811,0
1.016100525856018,0
1.0327671766281128,0
1.0074118375778198,0
0.9666666388511658,0
0.9381833672523499,0
0.9724897742271423,0
0.9947633743286133,0
1.0133476257324219,0
1.0407713651657104,0
2.363809823989868,0
0.9225108027458191,0
1.07199227809906,0
0.9973126649856567,0
1.0144284963607788,0
1.0416065454483032,0
1.0807456970214844,0
1.1672064065933228,0
1.0475605726242065,0
1.1122382879257202,0
1.0927375555038452,0
1.1126909255981445,0
1.189415693283081,0
0.9893028736114502,0
1.2095223665237427,0
1.0771182775497437,0
1.0293500423431396,0
1.2241276502609253,0
0.9930225014686584,0
0.9954015612602234,0
1.2835524082183838,0
1.1914193630218506,0
1.023445963859558,0
1.0064289569854736,0
0.9749306440353394,0
1.1061397790908813,0
1.0005621910095215,0
1.0883820056915283,0
1.0106099843978882,0
0.9611713290214539,0
1.006589651107788,0
1.0128185749053955,0
1.15464448928833,0
1.1551216840744019,0
1.2818862199783325,0
1.1847712993621826,0
1.2034881114959717,0
1.1314334869384766,0
0.99269038438797,0
1.1512033939361572,0
1.0617347955703735,0
0.9742349982261658,0
0.9826568961143494,0
1.1128827333450317,0
1.2202759981155396,0
1.0426431894302368,0
1.035420536994934,0
0.9647011756896973,0
0.9880574941635132,0
0.9965221285820007,0
1.1235239505767822,0
0.9805384874343872,0
1.0432218313217163,0
1.004165530204773,0
1.0015652179718018,0
1.071639060974121,0
1.0225383043289185,0
1.2226064205169678,0
1.0249024629592896,0
1.1525888442993164,0
1.0069679021835327,0
1.0385475158691406,0
1.0241788625717163,0
0.9961192607879639,0
1.0440654754638672,0
1.0530844926834106,0
1.0146301984786987,0
1.3261709213256836,0
1.0259069204330444,0
1.0102624893188477,0
1.0887380838394165,0
1.1497385501861572,0
1.0747987031936646,0
1.127608060836792,0
1.0706483125686646,0
1.0188426971435547,0
1.033206582069397,0
1.055899739265442,0
1.025154709815979,0
1.1025961637496948,0
1.3404308557510376,0
1.0230482816696167,0
1.7508952617645264,0
1.058518886566162,0
1.0749324560165405,0
1.0280940532684326,0
0.9860236644744873,0
0.9841445088386536,0
1.2179346084594727,0
1.0792031288146973,0
1.1302566528320312,0
1.0244771242141724,0
1.0409338474273682,0
1.0538455247879028,0
1.1593945026397705,0
1.0973483324050903,0
1.0391336679458618,0
1.2908278703689575,0
1.0015344619750977,0
1.7033789157867432,0
1.0408787727355957,0
1.0961049795150757,0
1.3449420928955078,0
1.2686372995376587,0
1.1005600690841675,0
1.0650005340576172,0
2.6499178409576416,0
0.9716562032699585,0
1.1098568439483643,0
1.3573622703552246,0
0.9942189455032349,0
1.0526604652404785,0
1.0817559957504272,0
1.6413648128509521,0
1.014012098312378,0
1.153497576713562,0
0.9803654551506042,0
1.37359619140625,0
82.86882781982422,0
0.9926989674568176,0
0.9869296550750732,0
1.0530707836151123,0
1.0909382104873657,0
1.0359798669815063,0
0.982869029045105,0
1.146111011505127,0
1.0343559980392456,0
0.9972536563873291,0
1.0551635026931763,0
1.2757643461227417,0
1.0507426261901855,0
0.9889134764671326,0
1.013975977897644,0
0.9729400277137756,0
1.0012654066085815,0
1.9396499395370483,0
1.111057996749878,0
1.2474747896194458,0
1.5106083154678345,0
1.298184871673584,0
1.056573510169983,0
0.9497743248939514,0
1.0779484510421753,0
1.0030535459518433,0
1.0005441904067993,0
1.1292357444763184,0
1.0814627408981323,0
0.9538977742195129,0
1.0742214918136597,0
0.9922585487365723,0
1.254238486289978,0
0.955118715763092,0
0.9996768832206726,0
1.1287449598312378,0
0.9950000047683716,0
1.0,0
1.0936248302459717,0
1.0803507566452026,0
1.0517548322677612,0
0.9932862520217896,0
1.0047961473464966,0
1.0748432874679565,0
1.123937964439392,0
0.9876703023910522,0
1.0361604690551758,0
1.1703964471817017,0
0.9884147644042969,0
1.5869492292404175,0
1.099483847618103,0
1.8914622068405151,0
1.0058146715164185,0
1.0256726741790771,0
1.1019972562789917,0
1.021820306777954,0
0.9502947330474854,0
1.2733405828475952,0
1.2257884740829468,0
1.1604835987091064,0
1.1379129886627197,0
1.123445749282837,0
1.3500463962554932,0
1.0432493686676025,0
1.0326569080352783,0
0.9766561388969421,0
1.2393162250518799,0
0.9649788737297058,0
1.0402849912643433,0
0.9871141314506531,0
1.0529165267944336,0
1.1074469089508057,0
1.0142406225204468,0
1.3584946393966675,0
1.0954077243804932,0
1.1446470022201538,0
1.77154541015625,0
1.0003247261047363,0
2.327641725540161,0
1.0453184843063354,0
1.1791133880615234,0
0.9820816516876221,0
0.9987330436706543,0
1.0065799951553345,0
1.0116174221038818,0
1.1417559385299683,0
1.1417627334594727,0
0.9829979538917542,0
1.0590178966522217,0
1.012287974357605,0
1.0487264394760132,0
0.9855758547782898,0
1.0532286167144775,0
1.1509648561477661,0
0.9972130060195923,0
0.9518484473228455,0
1.1024894714355469,0
0.9838687777519226,0
0.9797074198722839,0
1.0197629928588867,0
1.0114680528640747,0
1.0148786306381226,0
1.0326811075210571,0
1.022591233253479,0
0.981657862663269,0
1.0796924829483032,0
1.3825358152389526,0
1.1006779670715332,0
0.9790535569190979,0
1.0609326362609863,0
1.1908241510391235,0
2.0902137756347656,0
1.089368462562561,0
0.9726170301437378,0
1.1596739292144775,0
1.0480434894561768,0
1.1485087871551514,0
1.0758694410324097,0
1.778405785560608,0
1.0776646137237549,0
1.1733916997909546,0
1.1200780868530273,0
1.1245304346084595,0
1.2043839693069458,0
1.0061637163162231,0
1.0661221742630005,0
1.1435978412628174,0
1.0857529640197754,0
2.8125717639923096,0
1.1399450302124023,0
1.4173009395599365,0
0.9958847165107727,0
1.0415560007095337,0
1.0263903141021729,0
1.6288098096847534,0
1.0053378343582153,0
0.9816968441009521,0
1.0467969179153442,0
1.0071616172790527,0
0.9932778477668762,0
1.199721336364746,0
0.9886327385902405,0
1.0165467262268066,0
0.982018768787384,0
1.079268217086792,0
1.1163469552993774,0
1.1049408912658691,0
0.9577507972717285,0
1.2141897678375244,0
1.0009613037109375,0
0.9987217783927917,0
0.9891529679298401,0
1.0217770338058472,0
0.972943127155304,0
0.9797623157501221,0
1.0949069261550903,0
1.2381038665771484,0
1.0727248191833496,0
1.3878483772277832,0
1.0285651683807373,0
1.174540400505066,0
1.1595379114151,0
1.0007903575897217,0
1.0771586894989014,0
1.006496787071228,0
0.9964776635169983,0
1.0039557218551636,0
1.0820751190185547,0
1.3630218505859375,0
1.011871576309204,0
1.2391161918640137,0
1.2860528230667114,0
0.9890652894973755,0
0.9717413783073425,0
1.1137348413467407,0
1.1353009939193726,0
1.17453932762146,0
1.034579873085022,0
1.0422621965408325,0
1.0640405416488647,0
1.0363301038742065,0
1.127015233039856,0
1.038528323173523,0
0.9868884682655334,0
1.2598037719726562,0
0.9901805520057678,0
0.9859405159950256,0
0.9784828424453735,0
1.0007885694503784,0
1.002894639968872,0
1.6915004253387451,0
1.0313427448272705,0
0.9968628287315369,0
1.1921812295913696,0
1.0000778436660767,0
1.1734082698822021,0
1.0868167877197266,0
0.9881449937820435,0
1.2085613012313843,0
1.089878797531128,0
3.155184030532837,0
0.9750710725784302,0
1.0693987607955933,0
0.9819583892822266,0
1.3517662286758423,0
1.0026899576187134,0
0.9729739427566528,0
1.0241587162017822,0
0.9970820546150208,0
1.4797351360321045,0
0.984937310218811,0
1.35606849193573,0
1.0217770338058472,0
1.0334731340408325,0
1.1380687952041626,0
1.103920578956604,0
0.9943848848342896,0
1.0503450632095337,0
0.9831185936927795,0
1.8088849782943726,0
1.0149513483047485,0
1.0966699123382568,0
1.0280286073684692,0
1.078446388244629,0
1.0069628953933716,0
1.065870761871338,0
1.1377654075622559,0
1.200645089149475,0
1.2004657983779907,0
1.1402497291564941,0
1.2874093055725098,0
1.798301100730896,0
1.021970510482788,0
1.2365169525146484,0
1.2890747785568237,0
1.1212680339813232,0
1.0146605968475342,0
0.9754709601402283,0
1.1799107789993286,0
0.996566891670227,0
0.9828776121139526,0
1.042283058166504,0
1.0410847663879395,0
1.061547875404358,0
1.0047723054885864,0
0.9920079708099365,0
1.0247925519943237,0
0.9535002708435059,0
1.1350351572036743,0
1.0890772342681885,0
1.214264154434204,0
1.0109435319900513,0
1.039715051651001,0
1.0176187753677368,0
1.111161708831787,0
1.0586918592453003,0
0.9779347777366638,0
1.0322860479354858,0
1.0104650259017944,0
1.0987218618392944,0
1.0232319831848145,0
1.1887645721435547,0
143.70143127441406,0
1.0861796140670776,0
1.1536238193511963,0
1.1319880485534668,0
1.0532418489456177,0
1.0304558277130127,0
0.9812882542610168,0
0.9858091473579407,0
1.1448395252227783,0
1.0507640838623047,0
1.1369645595550537,0
0.9914504289627075,0
1.1631617546081543,0
1.251741886138916,0
0.9743086099624634,0
1.3980207443237305,0
0.9830464124679565,0
1.0313798189163208,0
0.9956295490264893,0
1.017827033996582,0
1.292893648147583,0
1.0731935501098633,0
1.259527325630188,0
1.0973845720291138,0
1.2710459232330322,0
1.2880873680114746,0
1.0545035600662231,0
92.87779235839844,0
1.0703248977661133,0
0.990380585193634,0
1.0117099285125732,0
0.9410827159881592,0
1.092157006263733,0
1.0335277318954468,0
0.9956483244895935,0
1.710632562637329,0
1.1901782751083374,0
1.3808577060699463,0
0.9972808361053467,0
1.2704912424087524,0
0.9934940934181213,0
0.9916040301322937,0
1.0026612281799316,0
1.0247752666473389,0
1.0091614723205566,0
1.0004934072494507,0
1.0196548700332642,0
1.001272201538086,0
1.028948426246643,0
1.011451005935669,0
1.0088386535644531,0
1.0759694576263428,0
1.09332275390625,0
1.0400608777999878,0
1.1590867042541504,0
1.003862977027893,0
1.4164787530899048,0
0.9704018235206604,0
1.226342797279358,0
1.0320156812667847,0
1.2454578876495361,0
1.063828945159912,0
0.9381833672523499,0
1.0150678157806396,0
1.159144639968872,0
0.972806990146637,0
2.813417673110962,0
0.9855383038520813,0
1.0009938478469849,0
1.0105866193771362,0
1.0185734033584595,0
1.094677209854126,0
1.0618915557861328,0
1.187103271484375,0
1.0913532972335815,0
0.9755330681800842,0
1.2821038961410522,0
1.1157138347625732,0
2.235783815383911,0
1.0311241149902344,0
1.027302861213684,0
0.9986096024513245,0
1.0630072355270386,0
1.0005595684051514,0
0.9903398752212524,0
0.9997008442878723,0
0.9803485870361328,0
1.0785417556762695,0
1.425770878791809,0
1.0990530252456665,0
1.0817656517028809,0
1.1081386804580688,0
0.9481750726699829,0
1.0212563276290894,0
0.9919230341911316,0
1.0405629873275757,0
0.9625403881072998,0
1.007170557975769,0
1.009832739830017,0
0.9624868035316467,0
0.9910486340522766,0
1.0207616090774536,0
0.9983668923377991,0
0.9690898656845093,0
1.1862863302230835,0
0.9826042652130127,0
1.2515864372253418,0
0.9997681379318237,0
0.9950000047683716,0
1.121528148651123,0
1.0049203634262085,0
1.0049943923950195,0
0.9808057546615601,0
1.4059938192367554,0
1.1014559268951416,0
0.9722192287445068,0
1.077399492263794,0
1.1712646484375,0
1.1816558837890625,0
1.0009838342666626,0
0.9937006831169128,0
0.9649385213851929,0
1.0113341808319092,0
0.9825295209884644,0
1.0012108087539673,0
1.0655065774917603,0
0.9691610932350159,0
0.9866067171096802,0
1.1540203094482422,0
0.9930492639541626,0
1.20604407787323,0
1.2484095096588135,0
1.0527422428131104,0
1.0033990144729614,0
1.101628065109253,0
1.0834379196166992,0
1.096734881401062,0
1.8425943851470947,0
1.0999277830123901,0
0.9910351634025574,0
1.0052769184112549,0
1.204055905342102,0
0.9799835681915283,0
1.5355710983276367,0
0.9865248799324036,0
1.0413610935211182,0
1.371806025505066,0
0.9814321994781494,0
1.040698528289795,0
0.9956809282302856,0
1.0365056991577148,0
1.4529467821121216,0
1.0049811601638794,0
0.9887076616287231,0
1.0865319967269897,0
0.9977922439575195,0
1.0983333587646484,0
1.1218321323394775,0
1.1085124015808105,0
1.6315934658050537,0
1.0011532306671143,0
1.1615737676620483,0
1.184813141822815,0
0.987202525138855,0
0.9506446719169617,0
1.2614750862121582,0
0.9854763746261597,0
1.0954309701919556,0
0.9678230285644531,0
0.9803352952003479,0
0.9595656991004944,0
1.1547095775604248,0
0.9968705773353577,0
1.2135920524597168,0
1.0531741380691528,0
1.0403140783309937,0
1.024333119392395,0
1.154061198234558,0
1.1710779666900635,0
1.0317829847335815,0
0.9959079027175903,0
1.1762651205062866,0
1.165445327758789,0
0.9825748205184937,0
0.994495689868927,0
0.9765373468399048,0
1.012502670288086,0
1.1296236515045166,0
0.9693511128425598,0
0.9957089424133301,0
1.0,0
1.184699535369873,0
1.3916456699371338,0
2.3252785205841064,0
1.077358365058899,0
1.0156662464141846,0
1.4264343976974487,0
1.0004914999008179,0
1.3357187509536743,0
1.0435513257980347,0
0.9823580384254456,0
1.1743422746658325,0
1.1482993364334106,0
1.0491178035736084,0
0.9771915078163147,0
1.090403437614441,0
1.1000038385391235,0
0.982261598110199,0
1.0749053955078125,0
1.2995178699493408,0
1.0041106939315796,0
0.9760974049568176,0
1.0364153385162354,0
1.1173337697982788,0
1.259907603263855,0
0.9980147480964661,0
1.0206973552703857,0
1.23837149143219,0
1.0070488452911377,0
1.0923566818237305,0
1.0,0
0.9995089769363403,0
1.1778984069824219,0
1.0334525108337402,0
1.008972406387329,0
1.0892890691757202,0
1.060841679573059,0
1.3046704530715942,0
1.1057908535003662,0
1.029593825340271,0
1.14432954788208,0
1.1697479486465454,0
1.0040373802185059,0
1.0271830558776855,0
1.0346627235412598,0
0.9963511228561401,0
1.2891241312026978,0
0.9553021788597107,0
1.0327404737472534,0
1.0316051244735718,0
1.0920921564102173,0
1.1840623617172241,0
1.1307827234268188,0
1.0140153169631958,0
1.0165190696716309,0
1.0012949705123901,0
1.0260149240493774,0
1.101855754852295,0
1.0886309146881104,0
1.0045009851455688,0
0.995089054107666,0
1.111728549003601,0
1.2198880910873413,0
1.3657699823379517,0
1.0357707738876343,0
0.9805026650428772,0
1.3020414113998413,0
0.9902253746986389,0
1.038671851158142,0
1.0630884170532227,0
1.057859182357788,0
1.2433948516845703,0
1.5430705547332764,0
1.0135276317596436,0
1.0267435312271118,0
0.9522844552993774,0
1.0240439176559448,0
1.0091086626052856,0
0.9584028124809265,0
1.1096771955490112,0
1.6797994375228882,0
1.0246232748031616,0
1.0559417009353638,0
1.0437864065170288,0
1.012840747833252,0
1.1188690662384033,0
0.9794145226478577,0
0.9984566569328308,0
1.0188883543014526,0
1.0651419162750244,0
0.976738452911377,0
0.9933225512504578,0
1.2009598016738892,0
0.9830352663993835,0
1.1522711515426636,0
0.9869801998138428,0
1.149714708328247,0
1.5206407308578491,0
1.0046651363372803,0
1.0599042177200317,0
0.9623943567276001,0
0.9925370216369629,0
1.8118361234664917,0
1.8028414249420166,0
1.0224194526672363,0
1.0667985677719116,0
1.0269005298614502,0
1.1555793285369873,0
1.457133173942566,0
1.299605131149292,0
1.230764389038086,0
1.066166877746582,0
1.0230175256729126,0
1.0222686529159546,0
1.009596347808838,0
1.2787233591079712,0
1.4452171325683594,0
1.4951802492141724,0
1.26900053024292,0
1.5481135845184326,0
1.1355500221252441,0
1.0710363388061523,0
1.0130844116210938,0
0.9701871871948242,0
0.9656034708023071,0
0.9831300973892212,0
1.029378056526184,0
1.0015993118286133,0
1.0451529026031494,0
1.1253119707107544,0
1.2132800817489624,0
0.9720416069030762,0
1.0593422651290894,0
1.2345917224884033,0
1.0668085813522339,0
1.0671954154968262,0
1.1172738075256348,0
1.2449978590011597,0
1.1138867139816284,0
1.0042332410812378,0
1.199278473854065,0
1.0051904916763306,0
1.4190031290054321,0
0.9830660820007324,0
1.1043599843978882,0
0.9781842827796936,0
1.005817174911499,0
0.9599241614341736,0
1.0391734838485718,0
82.86882781982422,0
0.9847016930580139,0
0.9878299236297607,0
1.034485936164856,0
1.1523680686950684,0
0.9595875144004822,0
1.0255451202392578,0
1.0606956481933594,0
0.97909015417099,0
1.1436104774475098,0
1.0920928716659546,0
1.0,0
1.0108410120010376,0
1.0811318159103394,0
0.9680876731872559,0
1.0564584732055664,0
4.583202838897705,0
1.1774530410766602,0
1.0115019083023071,0
1.8866751194000244,0
1.0310420989990234,0
0.9472977519035339,0
0.9669629335403442,0
1.024720549583435,0
1.3320131301879883,0
0.9959495067596436,0
1.0041086673736572,0
1.1226038932800293,0
1.072123408317566,0
0.9867228865623474,0
1.0361871719360352,0
2.441885471343994,0
1.0074594020843506,0
1.778405785560608,0
0.9904198050498962,0
1.1989535093307495,0
1.2930090427398682,0
1.0026448965072632,0
0.9749767184257507,0
1.002372145652771,0
1.0170921087265015,0
1.023027777671814,0
1.0594983100891113,0
1.0001206398010254,0
0.9820942878723145,0
1.1137515306472778,0
0.99208003282547,0
0.9824415445327759,0
1.6314421892166138,0
0.972283661365509,0
1.016911506652832,0
1.551635980606079,0
1.4199398756027222,0
1.1197012662887573,0
1.2409732341766357,0
0.9153155088424683,0
1.0479391813278198,0
1.0905288457870483,0
0.9585256576538086,0
1.04887056350708,0
1.0171705484390259,0
1.0061116218566895,0
1.007982850074768,0
1.098402976989746,0
1.04513418674469,0
1.065771460533142,0
1.0586142539978027,0
1.7057298421859741,0
1.0255368947982788,0
0.9831476807594299,0
1.4091559648513794,0
0.9603016376495361,0
1.0069599151611328,0
1.1233960390090942,0
1.0374609231948853,0
1.034938097000122,0
1.0419127941131592,0
0.9722922444343567,0
1.0097525119781494,0
1.1027703285217285,0
1.1067954301834106,0
1.025625467300415,0
1.02287757396698,0
1.1624476909637451,0
1.1079344749450684,0
1.035150408744812,0
1.0530200004577637,0
1.0339444875717163,0
1.132085919380188,0
1.0430829524993896,0
1.111045002937317,0
1.1956840753555298,0
0.9681369066238403,0
0.9357178211212158,0
1.2391146421432495,0
1.0083770751953125,0
1.0153337717056274,0
1.0470324754714966,0
1.0684151649475098,0
1.0760114192962646,0
1.0275527238845825,0
0.9869514107704163,0
0.9753991961479187,0
1.0622618198394775,0
1.0280673503875732,0
3.792017698287964,0
1.0162867307662964,0
1.036806344985962,0
1.256342887878418,0
1.1139873266220093,0
1.0429989099502563,0
1.8958172798156738,0
0.9708869457244873,0
1.0508878231048584,0
0.9935732483863831,0
1.043742299079895,0
1.0058964490890503,0
1.572899580001831,0
1.0693936347961426,0
1.0298197269439697,0
1.055436372756958,0
0.9900779724121094,0
1.1077648401260376,0
1.0515425205230713,0
1.7645295858383179,0
0.9777415990829468,0
1.0449663400650024,0
0.9427861571311951,0
1.1376036405563354,0
1.0557703971862793,0
1.0398917198181152,0
1.0732758045196533,0
1.0042563676834106,0
0.9837244749069214,0
1.045181155204773,0
1.0967860221862793,0
0.9452281594276428,0
1.073026180267334,0
1.0186561346054077,0
1.0915851593017578,0
1.0031291246414185,0
1.1408207416534424,0
1.006242036819458,0
0.9797250628471375,0
1.2227888107299805,0
0.9913010597229004,0
0.9832011461257935,0
1.4095628261566162,0
1.0283656120300293,0
1.1826821565628052,0
1.2525969743728638,0
0.962050199508667,0
1.0271047353744507,0
1.0343232154846191,0
1.016353964805603,0
1.0033979415893555,0
1.1701316833496094,0
1.0649861097335815,0
1.0351780652999878,0
1.0465260744094849,0
1.0137269496917725,0
1.214500904083252,0
0.9960135221481323,0
1.0031085014343262,0
1.00569748878479,0
1.101441502571106,0
1.2365264892578125,0
1.3799402713775635,0
0.9493393898010254,0
1.0558046102523804,0
1.1330015659332275,0
0.9942089915275574,0
1.1105120182037354,0
1.0485121011734009,0
1.0446573495864868,0
1.0126672983169556,0
1.0076055526733398,0
1.0961856842041016,0
1.0672831535339355,0
1.0641727447509766,0
1.1137953996658325,0
1.0154978036880493,0
0.9827025532722473,0
1.1080594062805176,0
1.9338231086730957,0
0.977272093296051,0
1.0084971189498901,0
0.9958380460739136,0
1.0697392225265503,0
1.0359803438186646,0
0.996615469455719,0
1.0024888515472412,0
0.9922599196434021,0
0.9559258222579956,0
1.023065447807312,0
1.0179953575134277,0
1.2821142673492432,0
1.0860449075698853,0
0.983640193939209,0
1.1778124570846558,0
0.9793174862861633,0
1.11027991771698,0
1.0001091957092285,0
0.9878097176551819,0
1.0179330110549927,0
1.000307559967041,0
1.0020688772201538,0
1.0085009336471558,0
1.0289723873138428,0
1.086622953414917,0
1.072316288948059,0
1.0361698865890503,0
0.9704840183258057,0
1.9170433282852173,0
1.1066383123397827,0
0.9952077269554138,0
1.27162504196167,0
1.0336706638336182,0
1.0238624811172485,0
1.2001326084136963,0
1.9363528490066528,0
0.9826601147651672,0
1.0112152099609375,0
1.1578648090362549,0
1.006879448890686,0
1.0208250284194946,0
1.0223774909973145,0
0.9799257516860962,0
0.9917874932289124,0
1.1243038177490234,0
0.9857139587402344,0
1.2910246849060059,0
0.958272397518158,0
1.0289584398269653,0
1.0101386308670044,0
0.97589510679245,0
0.9988551139831543,0
1.01609468460083,0
1.109222412109375,0
0.9528868794441223,0
1.0356519222259521,0
1.163047194480896,0
1.1038639545440674,0
1.7793828248977661,0
0.9972072243690491,0
1.216741681098938,0
1.0442070960998535,0
1.1554514169692993,0
2.374450922012329,0
1.2353721857070923,0
1.0846749544143677,0
1.2956889867782593,0
1.109634280204773,0
1.9054123163223267,0
0.9976245164871216,0
1.0404400825500488,0
0.9721522927284241,0
1.1162835359573364,0
1.579207181930542,0
0.9133878350257874,0
1.188982605934143,0
1.0762685537338257,0
0.9319157600402832,0
1.3369759321212769,0
2.8289222717285156,0
1.0411890745162964,0
1.039729118347168,0
1.0445159673690796,0
1.0376642942428589,0
1.0633282661437988,0
0.9551724791526794,0
1.0098198652267456,0
1.2128437757492065,0
0.9981921315193176,0
0.9918767809867859,0
0.9954226613044739,0
1.1335582733154297,0
1.0271449089050293,0
1.0502461194992065,0
0.9653288722038269,0
0.9294033646583557,0
1.042497992515564,0
1.1996960639953613,0
0.9889903664588928,0
1.0283873081207275,0
1.0542227029800415,0
1.012682557106018,0
1.4686466455459595,0
1.1017706394195557,0
0.9773210883140564,0
1.15101158618927,0
0.9746797680854797,0
0.9950582981109619,0
1.0094530582427979,0
1.2231897115707397,0
0.9406657218933105,0
0.9964308738708496,0
1.0402698516845703,0
1.0200040340423584,0
1.115451455116272,0
0.9727924466133118,0
1.1061820983886719,0
1.0309152603149414,0
1.044582724571228,0
1.0453773736953735,0
0.9928175210952759,0
0.9572579264640808,0
1.0040478706359863,0
1.3483936786651611,0
0.9891093373298645,0
1.4706121683120728,0
1.0808781385421753,0
1.1799887418746948,0
1.1756246089935303,0
0.976091742515564,0
1.0363655090332031,0
1.0455677509307861,0
0.9852204322814941,0
0.9934319257736206,0
1.0037211179733276,0
1.5174551010131836,0
0.9615643620491028,0
1.0,0
1.0724892616271973,0
1.1125761270523071,0
1.1806867122650146,0
1.1645909547805786,0
1.3886364698410034,0
1.0187277793884277,0
1.0420756340026855,0
0.9581711292266846,0
1.172005534172058,0
0.9587249755859375,0
1.043496012687683,0
0.9768969416618347,0
1.1896194219589233,0
1.0788383483886719,0
1.076472282409668,0
1.0246286392211914,0
1.2854689359664917,0
0.9989556074142456,0
1.0056593418121338,0
1.0928486585617065,0
1.0691571235656738,0
1.0390448570251465,0
2.0435900688171387,0
0.992992639541626,0
0.9837180972099304,0
0.9902492165565491,0
0.993041455745697,0
1.2902426719665527,0
1.0568184852600098,0
1.6760327816009521,0
1.0097298622131348,0
1.0572012662887573,0
1.0181018114089966,0
1.0598950386047363,0
1.0081117153167725,0
0.9737583994865417,0
0.9675270915031433,0
1.0096467733383179,0
1.1073188781738281,0
0.9864633679389954,0
0.9702810645103455,0
1.0548737049102783,0
1.0107290744781494,0
1.0955443382263184,0
1.101102352142334,0
0.9926859736442566,0
1.0001206398010254,0
1.1570683717727661,0
1.055649757385254,0
1.0395530462265015,0
1.0363389253616333,0
0.9834597706794739,0
1.0568933486938477,0
1.4525355100631714,0
1.02017080783844,0
1.073513388633728,0
10.835528373718262,0
1.0178732872009277,0
1.0134047269821167,0
1.0137269496917725,0
0.9725574851036072,0
1.21267569065094,0
1.0438501834869385,0
1.485263705253601,0
0.975817859172821,0
0.9983993768692017,0
1.0088562965393066,0
0.9993225932121277,0
1.0068405866622925,0
1.0091149806976318,0
1.1101927757263184,0
1.154801607131958,0
1.0366356372833252,0
1.0243809223175049,0
1.1121419668197632,0
1.0565855503082275,0
1.100630760192871,0
0.9949325323104858,0
0.9874098300933838,0
1.0855350494384766,0
1.4097999334335327,0
0.9895002245903015,0
1.6073658466339111,0
1.0214486122131348,0
0.9945810437202454,0
1.0131555795669556,0
1.5206406116485596,0
1.1840028762817383,0
1.0701079368591309,0
1.0188096761703491,0
0.9911365509033203,0
0.9721457362174988,0
0.9970207214355469,0
1.1163302659988403,0
0.9708073139190674,0
1.0437103509902954,0
2.549471139907837,0
1.2287133932113647,0
0.9499460458755493,0
1.2565175294876099,0
1.098310947418213,0
1.8430930376052856,0
1.0528241395950317,0
1.1114566326141357,0
0.9549791812896729,0
1.0257115364074707,0
1.0705196857452393,0
1.0455381870269775,0
1.0094289779663086,0
1.060401439666748,0
1.0028185844421387,0
1.02004873752594,0
1.1200639009475708,0
1.0418596267700195,0
1.26461923122406,0
0.9672819972038269,0
1.0100980997085571,0
0.9944455027580261,0
0.9890151023864746,0
1.027423620223999,0
1.0029678344726562,0
1.0590853691101074,0
1.2745004892349243,0
1.065162181854248,0
1.0267165899276733,0
1.0693027973175049,0
0.9762821197509766,0
1.158751130104065,0
1.1329855918884277,0
1.0288488864898682,0
1.1310045719146729,0
1.335103154182434,0
1.1687159538269043,0
1.089784026145935,0
1.0149513483047485,0
1.1200727224349976,0
1.0189720392227173,0
1.2075713872909546,0
1.2281208038330078,0
1.0320016145706177,0
1.0791996717453003,0
1.4065396785736084,0
1.0755205154418945,0
1.0647385120391846,0
1.0740649700164795,0
0.9990671873092651,0
1.0464688539505005,0
1.0122562646865845,0
1.0049723386764526,0
1.028157114982605,0
1.2394556999206543,0
1.2244600057601929,0
0.9867328405380249,0
1.0004968643188477,0
1.010141372680664,0
1.0591944456100464,0
1.11467707157135,0
1.0118623971939087,0
1.0176891088485718,0
1.0660512447357178,0
1.2477737665176392,0
0.9717794060707092,0
1.0198369026184082,0
1.1519509553909302,0
1.3191336393356323,0
1.3304483890533447,0
0.9793174862861633,0
0.977783739566803,0
0.9791682958602905,0
1.1159965991973877,0
1.2473278045654297,0
1.1810359954833984,0
0.9998504519462585,0
1.114865779876709,0
1.3105642795562744,0
1.138756513595581,0
1.175759196281433,0
0.9989721775054932,0
1.0408934354782104,0
1.0043079853057861,0
0.9866464138031006,0
0.9983330965042114,0
1.007879614830017,0
1.0117658376693726,0
1.185821771621704,0
1.01602041721344,0
1.0042064189910889,0
1.102150797843933,0
1.2964359521865845,0
1.3290940523147583,0
1.026412010192871,0
1.1655480861663818,0
0.9975577592849731,0
1.1227142810821533,0
0.9415826201438904,0
1.3374158143997192,0
0.9800556302070618,0
1.0534991025924683,0
1.9104561805725098,0
1.133541464805603,0
1.3484464883804321,0
1.2604650259017944,0
0.9701570868492126,0
0.9919458031654358,0
1.243800163269043,0
1.0016387701034546,0
1.244796872138977,0
0.9638797640800476,0
1.0634397268295288,0
1.0433168411254883,0
1.3536087274551392,0
1.0194510221481323,0
1.0784283876419067,0
0.9915003180503845,0
1.0309697389602661,0
1.083349585533142,0
0.9625568985939026,0
1.204715371131897,0
1.0576211214065552,0
1.002021074295044,0
1.0062642097473145,0
0.9854276776313782,0
1.2754058837890625,0
1.1468510627746582,0
1.034729242324829,0
1.0837510824203491,0
2.817441463470459,0
0.9912948608398438,0
1.272789478302002,0
1.049476146697998,0
0.9871399402618408,0
1.0564556121826172,0
1.8107727766036987,0
0.9705262184143066,0
0.9683967232704163,0
1.1007663011550903,0
1.0846632719039917,0
1.0438017845153809,0
1.1645653247833252,0
1.401516318321228,0
1.0487582683563232,0
1.0064488649368286,0
0.9950000047683716,0
1.2252075672149658,0
1.0044472217559814,0
0.9764345288276672,0
0.9510246515274048,0
1.031236171722412,0
2.5557727813720703,0
1.0358526706695557,0
1.083595871925354,0
1.0074396133422852,0
1.2793846130371094,0
1.032141089439392,0
1.241989254951477,0
1.0516602993011475,0
1.9674904346466064,0
0.9950000047683716,0
1.007788896560669,0
1.0684216022491455,0
1.248258352279663,0
0.9998873472213745,0
1.0114690065383911,0
1.1196513175964355,0
1.2373703718185425,0
1.0198594331741333,0
0.9873242378234863,0
1.0001206398010254,0
1.0689767599105835,0
1.1390424966812134,0
1.0426013469696045,0
1.0962724685668945,0
1.103796124458313,0
1.1114449501037598,0
1.1426633596420288,0
0.9986318349838257,0
1.0234410762786865,0
1.021067500114441,0
1.7426272630691528,0
1.0057554244995117,0
1.333991527557373,0
0.974224865436554,0
1.6556940078735352,0
1.0250744819641113,0
1.027665615081787,0
1.035260796546936,0
1.0086051225662231,0
0.9880268573760986,0
1.030080795288086,0
1.1851919889450073,0
1.063696026802063,0
0.9867807626724243,0
1.0130255222320557,0
1.0122935771942139,0
1.0048656463623047,0
1.2085857391357422,0
2.813417673110962,0
0.9919500946998596,0
1.3099379539489746,0
1.1571282148361206,0
0.9637724161148071,0
0.9967708587646484,0
1.1496416330337524,0
1.0639220476150513,0
1.6289163827896118,0
1.9518978595733643,0
1.1227610111236572,0
1.0418248176574707,0
1.038434624671936,0
0.9909306168556213,0
1.1827149391174316,0
0.9949834942817688,0
0.976344645023346,0
1.0622597932815552,0
0.9936396479606628,0
1.069089651107788,0
1.075821042060852,0
1.0546984672546387,0
0.9795926809310913,0
1.0314154624938965,0
0.9527946710586548,0
1.085646390914917,0
1.0135235786437988,0
1.0851233005523682,0
1.1982969045639038,0
0.9898152947425842,0
1.2821794748306274,0
1.4283183813095093,0
1.5920069217681885,0
1.040238618850708,0
1.0059447288513184,0
1.0613714456558228,0
1.0288703441619873,0
122.39798736572266,0
0.99490886926651,0
0.9915388226509094,0
1.024281620979309,0
1.0790857076644897,0
0.9961473345756531,0
1.0391762256622314,0
1.0845874547958374,0
1.1721177101135254,0
1.030500054359436,0
1.0697365999221802,0
1.0475271940231323,0
1.0297108888626099,0
1.0555018186569214,0
0.9474933743476868,0
0.9763335585594177,0
1.071793794631958,0
1.01433527469635,0
1.0868031978607178,0
1.0501548051834106,0
0.9388463497161865,0
1.1816558837890625,0
1.0142383575439453,0
1.0257837772369385,0
1.2330422401428223,0
0.975415050983429,0
1.4156824350357056,0
0.9955401420593262,0
1.0744342803955078,0
1.163551926612854,0
1.039884328842163,0
1.1223092079162598,0
0.9834190011024475,0
1.001083493232727,0
1.2006961107254028,0
2.242765426635742,0
1.0301607847213745,0
1.0621107816696167,0
0.9940089583396912,0
0.9803970456123352,0
1.1078699827194214,0
1.0063912868499756,0
1.0731922388076782,0
0.9882577061653137,0
1.1247053146362305,0
1.0219247341156006,0
1.0139473676681519,0
1.0095916986465454,0
1.1908423900604248,0
1.0179065465927124,0
1.0817278623580933,0
1.2276196479797363,0
0.960863471031189,0
0.9900447726249695,0
1.0290300846099854,0
1.0215762853622437,0
1.0974339246749878,0
1.084394931793213,0
2.549891233444214,0
1.055442214012146,0
1.1712274551391602,0
1.0784951448440552,0
1.2544701099395752,0
1.1667112112045288,0
1.0552324056625366,0
2.817441463470459,0
1.1109191179275513,0
1.0020655393600464,0
1.0292003154754639,0
1.1322569847106934,0
1.2743709087371826,0
1.1674937009811401,0
0.9961767792701721,0
1.0460857152938843,0
1.1202448606491089,0
1.1996971368789673,0
1.0047237873077393,0
1.099200963973999,0
1.060189127922058,0
1.1836930513381958,0
1.0852946043014526,0
1.089761734008789,0
1.0277587175369263,0
0.9595568180084229,0
1.1058261394500732,0
1.2893134355545044,0
0.9555529356002808,0
1.038854956626892,0
1.9604350328445435,0
1.3070151805877686,0
1.0399667024612427,0
1.111409306526184,0
1.3861370086669922,0
0.9939606785774231,0
0.9966528415679932,0
0.9964250326156616,0
1.1589471101760864,0
1.0400768518447876,0
0.9761117696762085,0
0.9872787594795227,0
1.3684980869293213,0
1.3077784776687622,0
0.9980673789978027,0
1.0499041080474854,0
0.9950000047683716,0
1.0076801776885986,0
1.049775242805481,0
1.4382245540618896,0
1.0168211460113525,0
1.0730605125427246,0
0.9974827766418457,0
1.0363070964813232,0
0.9970012307167053,0
1.3486024141311646,0
1.0139565467834473,0
1.004733920097351,0
1.0300320386886597,0
1.040604829788208,0
1.054715871810913,0
1.0823192596435547,0
0.95646733045578,0
1.09528386592865,0
1.0192188024520874,0
0.9879164099693298,0
1.155278205871582,0
1.1961631774902344,0
1.5376559495925903,0
1.324251651763916,0
0.9997789263725281,0
1.041440725326538,0
1.0527153015136719,0
1.0118608474731445,0
1.0263582468032837,0
1.1866891384124756,0
1.1619668006896973,0
1.1456888914108276,0
1.1777681112289429,0
1.7500358819961548,0
0.9841445088386536,0
1.1490435600280762,0
0.9750767946243286,0
1.0133342742919922,0
1.1313151121139526,0
0.98191899061203,0
1.0367664098739624,0
1.009730577468872,0
1.0004541873931885,0
1.0535789728164673,0
0.9866068363189697,0
1.0034688711166382,0
1.0422152280807495,0
1.0088788270950317,0
1.0689096450805664,0
1.0512253046035767,0
1.048009991645813,0
1.182695746421814,0
0.9705232381820679,0
1.0886222124099731,0
1.9046872854232788,0
1.2913525104522705,0
1.0200791358947754,0
0.9758774042129517,0
1.229219675064087,0
1.126654028892517,0
0.9863618016242981,0
0.9755864143371582,0
1.1979817152023315,0
1.0367709398269653,0
1.011588215827942,0
0.9415391683578491,0
0.9966729879379272,0
1.0488513708114624,0
1.048553228378296,0
1.046059012413025,0
0.9928358197212219,0
0.9817433953285217,0
1.0984810590744019,0
1.0378262996673584,0
1.1329929828643799,0
1.016363501548767,0
1.3722831010818481,0
1.0541596412658691,0
1.0449684858322144,0
1.0411663055419922,0
0.9952852725982666,0
1.0226541757583618,0
0.9507869482040405,0
1.0106395483016968,0
1.0846480131149292,0
0.9848223924636841,0
1.03695547580719,0
1.3707151412963867,0
1.0212228298187256,0
0.9685487151145935,0
0.9764776825904846,0
0.978661298751831,0
0.995723307132721,0
1.0497909784317017,0
1.1362245082855225,0
1.0399802923202515,0
1.0006108283996582,0
1.4731661081314087,0
1.4416412115097046,0
1.1516972780227661,0
1.0065375566482544,0
1.0064129829406738,0
1.0324126482009888,0
1.4504672288894653,0
1.6483598947525024,0
1.0573381185531616,0
1.2498805522918701,0
1.0671976804733276,0
1.0056390762329102,0
1.377081036567688,0
1.0121077299118042,0
1.1580613851547241,0
0.9712480902671814,0
0.9573549628257751,0
1.1074833869934082,0
2.5725433826446533,0
1.3611010313034058,0
1.0,0
1.0124000310897827,0
0.996025800704956,0
1.1482993364334106,0
1.008070945739746,0
1.0381138324737549,0
1.0956438779830933,0
1.174516201019287,0
1.0646717548370361,0
0.9542814493179321,0
1.0181328058242798,0
1.0326417684555054,0
0.9974195957183838,0
0.9739241600036621,0
1.0324100255966187,0
1.0318021774291992,0
1.0162813663482666,0
1.2819699048995972,0
1.1716831922531128,0
1.0457159280776978,0
1.0526657104492188,0
1.033353567123413,0
1.0571550130844116,0
0.9986523985862732,0
1.0062839984893799,0
1.1127601861953735,0
1.1133475303649902,0
1.0178723335266113,0
1.0703152418136597,0
1.4340537786483765,0
2.1133828163146973,0
1.0500109195709229,0
0.9781891107559204,0
0.9900164008140564,0
1.066540002822876,0
1.0587166547775269,0
1.0512138605117798,0
1.0798853635787964,0
1.1997833251953125,0
1.0482858419418335,0
1.0675451755523682,0
1.1892988681793213,0
1.9104560613632202,0
1.0587221384048462,0
1.0209671258926392,0
0.9983070492744446,0
1.0574926137924194,0
1.0293500423431396,0
1.0185734033584595,0
1.004368782043457,0
1.326279878616333,0
1.163211703300476,0
1.4897793531417847,0
1.1189414262771606,0
1.0162802934646606,0
0.973999559879303,0
1.0703080892562866,0
345.51025390625,0
1.0149903297424316,0
1.0630676746368408,0
0.9273519515991211,0
1.1907373666763306,0
1.0317026376724243,0
1.012386679649353,0
0.9612043499946594,0
1.0949703454971313,0
1.0507845878601074,0
1.5305339097976685,0
0.9965198040008545,0
1.0001081228256226,0
1.1151807308197021,0
1.0844700336456299,0
0.9768203496932983,0
1.042979121208191,0
1.0429884195327759,0
1.1396913528442383,0
1.1682957410812378,0
1.01442551612854,0
1.1968438625335693,0
1.1262640953063965,0
1.1516368389129639,0
0.9642277359962463,0
1.0129507780075073,0
0.9901525378227234,0
1.0426541566848755,0
1.7712552547454834,0
1.019214391708374,0
1.2713112831115723,0
1.1043771505355835,0
1.0147862434387207,0
0.9819405674934387,0
0.9944734573364258,0
1.5097178220748901,0
1.0093517303466797,0
1.1367634534835815,0
0.909463107585907,0
1.194669485092163,0
1.154086947441101,0
0.9882643222808838,0
1.5183485746383667,0
1.1735594272613525,0
1.0231232643127441,0
1.580402135848999,0
1.0125283002853394,0
1.0035388469696045,0
1.4260597229003906,0
1.0877259969711304,0
1.1980952024459839,0
0.9991660118103027,0
1.056697964668274,0
1.0136682987213135,0
1.1181997060775757,0
1.0666767358779907,0
1.1593735218048096,0
0.9782944321632385,0
1.1090426445007324,0
1.0132516622543335,0
0.9862441420555115,0
1.131908655166626,0
1.2316079139709473,0
1.071082353591919,0
1.0115530490875244,0
1.143377661705017,0
1.1611032485961914,0
0.9888268709182739,0
1.0402381420135498,0
1.019679307937622,0
1.0099477767944336,0
1.040697455406189,0
0.9766718149185181,0
1.005050778388977,0
0.9839235544204712,0
1.0105998516082764,0
1.0,0
1.0974856615066528,0
1.1806867122650146,0
1.0279810428619385,0
1.1677919626235962,0
1.24388587474823,0
0.9803056716918945,0
0.9790371060371399,0
1.0443049669265747,0
1.0972449779510498,0
1.378890037536621,0
1.0530322790145874,0
1.0985950231552124,0
1.0796939134597778,0
1.0340404510498047,0
1.0226662158966064,0
1.0300052165985107,0
0.9953038096427917,0
1.1019552946090698,0
1.0242840051651,0
1.2211105823516846,0
1.003830909729004,0
1.1797938346862793,0
1.2475829124450684,0
1.0303882360458374,0
1.1447073221206665,0
1.4601361751556396,0
1.0392004251480103,0
0.9926808476448059,0
1.0236294269561768,0
1.0248008966445923,0
1.7304426431655884,0
0.9854070544242859,0
1.0065085887908936,0
1.0647459030151367,0
0.9708365201950073,0
1.0786633491516113,0
1.0183959007263184,0
1.607405185699463,0
1.3488295078277588,0
0.944593071937561,0
1.0081472396850586,0
1.0650966167449951,0
1.133716344833374,0
1.1482993364334106,0
1.4719525575637817,0
1.4383692741394043,0
1.9715162515640259,0
1.222977638244629,0
1.1014997959136963,0
1.16607666015625,0
1.0341651439666748,0
0.9869727492332458,0
1.1200547218322754,0
0.9996673464775085,0
1.1473479270935059,0
1.0639945268630981,0
1.141297459602356,0
0.9643388986587524,0
1.007480263710022,0
1.0145301818847656,0
0.9695631861686707,0
1.0200623273849487,0
1.1057500839233398,0
1.1042919158935547,0
1.0547599792480469,0
1.0057554244995117,0
1.0057768821716309,0
1.2130833864212036,0
1.0267480611801147,0
0.9907353520393372,0
1.0,0
1.5019434690475464,0
1.1992164850234985,0
1.052491307258606,0
1.0148459672927856,0
0.9771470427513123,0
1.0776572227478027,0
1.1042275428771973,0
1.1865260601043701,0
1.1542954444885254,0
1.0038398504257202,0
0.9932435750961304,0
1.0341259241104126,0
1.0378509759902954,0
1.8958172798156738,0
1.1455698013305664,0
1.0065181255340576,0
1.0373090505599976,0
1.0341306924819946,0
1.007272720336914,0
0.9903177618980408,0
0.990526556968689,0
1.0367428064346313,0
1.1724116802215576,0
1.0497902631759644,0
1.0263158082962036,0
0.9807741045951843,0
1.0646803379058838,0
1.0399235486984253,0
0.9999476075172424,0
1.0307384729385376,0
1.5225658416748047,0
1.0249122381210327,0
1.0714786052703857,0
1.033227562904358,0
1.0227792263031006,0
1.1699676513671875,0
1.188506841659546,0
1.0120519399642944,0
1.00847327709198,0
1.1466953754425049,0
1.0747755765914917,0
1.2945013046264648,0
1.0022236108779907,0
1.2453057765960693,0
1.0965321063995361,0
1.0967811346054077,0
1.038184404373169,0
1.1147117614746094,0
1.0066001415252686,0
1.1648694276809692,0
1.0,0
1.2173312902450562,0
1.049507737159729,0
1.0706535577774048,0
1.079417109489441,0
0.9867305159568787,0
1.0851794481277466,0
1.0829923152923584,0
2.2072980403900146,0
2.744640827178955,0
1.0563534498214722,0
0.9675175547599792,0
1.2065976858139038,0
1.0897231101989746,0
1.0651075839996338,0
0.9652986526489258,0
1.0336800813674927,0
0.9541457891464233,0
1.0333980321884155,0
1.096435546875,0
1.043596625328064,0
0.984366238117218,0
1.3622711896896362,0
1.1182461977005005,0
0.9952406287193298,0
1.0259933471679688,0
1.1898382902145386,0
1.2167294025421143,0
1.0204848051071167,0
0.9927053451538086,0
1.139696478843689,0
0.9643944501876831,0
1.0111286640167236,0
1.0029902458190918,0
1.9104564189910889,0
1.7371222972869873,0
1.0200451612472534,0
0.9686412215232849,0
1.0066649913787842,0
1.0892412662506104,0
1.0808147192001343,0
1.0419049263000488,0
0.980197548866272,0
0.972558856010437,0
1.0870869159698486,0
0.981731653213501,0
1.1221623420715332,0
1.0100916624069214,0
0.9828993678092957,0
1.0571496486663818,0
1.1172189712524414,0
1.0098272562026978,0
1.0080426931381226,0
1.103359580039978,0
1.0497989654541016,0
1.0733439922332764,0
1.018864393234253,0
1.0417993068695068,0
1.0296604633331299,0
0.9768061637878418,0
1.00403892993927,0
1.0712248086929321,0
1.0312869548797607,0
1.1243630647659302,0
0.991071879863739,0
0.964492678642273,0
1.6427196264266968,0
1.0162503719329834,0
1.060945987701416,0
1.1770155429840088,0
1.1905133724212646,0
0.9936764240264893,0
1.0299561023712158,0
1.0193099975585938,0
0.986276388168335,0
0.9446999430656433,0
0.9902635812759399,0
1.0237146615982056,0
1.2948671579360962,0
1.1346694231033325,0
0.9903819561004639,0
1.021264672279358,0
0.9905843734741211,0
0.9607070684432983,0
1.1346379518508911,0
1.6007537841796875,0
0.998524010181427,0
1.0284254550933838,0
0.9689562320709229,0
0.9788508415222168,0
1.1594738960266113,0
1.036734938621521,0
0.9950000047683716,0
0.9931735396385193,0
1.1726919412612915,0
1.0529379844665527,0
1.13335120677948,0
1.2060500383377075,0
1.0513086318969727,0
1.1163270473480225,0
1.0126925706863403,0
1.110014796257019,0
1.0520013570785522,0
0.983974277973175,0
0.9998165369033813,0
1.3261479139328003,0
1.3446348905563354,0
1.2908978462219238,0
1.2488579750061035,0
1.0712740421295166,0
0.9986357092857361,0
1.1660254001617432,0
1.010475993156433,0
1.5455482006072998,0
0.9704018235206604,0
1.0079381465911865,0
2.291471004486084,0
1.0297493934631348,0
0.9570683836936951,0
1.2854267358779907,0
1.1187161207199097,0
0.9975425004959106,0
0.982401967048645,0
1.0291452407836914,0
1.0169569253921509,0
0.9877632856369019,0
1.2431669235229492,0
1.026425838470459,0
1.0388957262039185,0
1.0363703966140747,0
1.02540123462677,0
0.9794645309448242,0
1.0058727264404297,0
1.1216566562652588,0
0.9987733960151672,0
1.0260803699493408,0
1.3249703645706177,0
0.9951754808425903,0
1.0339442491531372,0
1.0148900747299194,0
1.100034475326538,0
0.9758375883102417,0
1.2294210195541382,0
1.7899806499481201,0
1.2695072889328003,0
1.0166008472442627,0
1.0159375667572021,0
1.0953525304794312,0
1.1455281972885132,0
1.0627615451812744,0
1.3744258880615234,0
1.0249547958374023,0
0.985580325126648,0
1.0997198820114136,0
1.0090068578720093,0
1.0055323839187622,0
0.9837366938591003,0
1.037831425666809,0
1.353292465209961,0
1.131557822227478,0
1.0136504173278809,0
1.10756254196167,0
1.1522687673568726,0
1.0476258993148804,0
1.1149686574935913,0
1.0679774284362793,0
1.117478370666504,0
1.053044319152832,0
1.019573450088501,0
1.1980713605880737,0
1.0434237718582153,0
1.0350385904312134,0
1.0329090356826782,0
1.081214427947998,0
1.2163338661193848,0
82.86882781982422,0
1.0232325792312622,0
1.0942353010177612,0
1.0535285472869873,0
1.2392653226852417,0
1.18076753616333,0
0.9823419451713562,0
1.0423699617385864,0
1.0757673978805542,0
1.1449428796768188,0
1.0603429079055786,0
1.0422165393829346,0
1.0609065294265747,0
1.1302523612976074,0
1.2095082998275757,0
0.9877080917358398,0
1.0304726362228394,0
0.9644855260848999,0
1.068305253982544,0
1.059421181678772,0
1.1469473838806152,0
1.097312569618225,0
1.123835802078247,0
1.024573564529419,0
1.0330270528793335,0
1.1092350482940674,0
1.0055737495422363,0
1.0314602851867676,0
1.076749324798584,0
1.3731838464736938,0
1.1339420080184937,0
1.0496249198913574,0
1.1056843996047974,0
1.0618613958358765,0
0.9755016565322876,0
1.0165337324142456,0
1.2241947650909424,0
1.0579913854599,0
1.0090279579162598,0
0.9904550909996033,0
0.9280557036399841,0
1.0510618686676025,0
1.1379053592681885,0
1.1546725034713745,0
1.1879003047943115,0
1.1894673109054565,0
1.1491649150848389,0
0.9897691011428833,0
0.9811412692070007,0
0.9817255735397339,0
1.026121735572815,0
1.0062705278396606,0
1.0551122426986694,0
1.0966970920562744,0
0.9844052195549011,0
1.086764931678772,0
1.1115498542785645,0
0.997279703617096,0
1.3733354806900024,0
1.7073403596878052,0
0.9748548269271851,0
1.0128264427185059,0
1.0661859512329102,0
1.0093801021575928,0
1.0900018215179443,0
1.361049771308899,0
1.0022106170654297,0
1.0189015865325928,0
0.9930427670478821,0
1.0183690786361694,0
0.9985423684120178,0
1.1096880435943604,0
1.173420786857605,0
1.1203206777572632,0
1.0240665674209595,0
1.4081881046295166,0
1.040863275527954,0
0.9929730296134949,0
1.0060721635818481,0
0.9841521382331848,0
1.0337793827056885,0
0.9860817193984985,0
1.0403155088424683,0
1.0957732200622559,0
1.070252537727356,0
1.0233979225158691,0
1.006404995918274,0
1.1041779518127441,0
1.0776033401489258,0
0.9987833499908447,0
1.0258660316467285,0
1.01774001121521,0
0.9996408820152283,0
1.004869818687439,0
1.095746636390686,0
1.0308653116226196,0
0.9633063673973083,0
1.0197458267211914,0
0.9655824899673462,0
1.1931934356689453,0
1.1466096639633179,0
0.9832174181938171,0
1.1990351676940918,0
1.0427552461624146,0
1.1055307388305664,0
1.0826704502105713,0
0.9620081782341003,0
1.0910992622375488,0
10.844844818115234,0
1.017518162727356,0
1.0437299013137817,0
1.0474599599838257,0
1.0054594278335571,0
0.9704018235206604,0
1.0146509408950806,0
1.0415406227111816,0
1.269330382347107,0
1.4485291242599487,0
0.9643388986587524,0
1.105118751525879,0
1.0424418449401855,0
1.0170924663543701,0
1.0491669178009033,0
1.8454822301864624,0
1.112526774406433,0
1.0612648725509644,0
1.0526165962219238,0
1.3165780305862427,0
1.0050815343856812,0
0.9969862699508667,0
0.9828454256057739,0
1.0859118700027466,0
0.9942578673362732,0
1.0078697204589844,0
1.3743945360183716,0
1.3270186185836792,0
1.0640826225280762,0
1.1635572910308838,0
1.008473515510559,0
0.9723731279373169,0
1.1228381395339966,0
1.16127347946167,0
0.9947997331619263,0
2.065964460372925,0
1.1279103755950928,0
1.1303991079330444,0
1.0814440250396729,0
0.9816932082176208,0
1.0341851711273193,0
0.9964565634727478,0
1.3070591688156128,0
1.002771019935608,0
1.0205779075622559,0
1.026484489440918,0
1.0222159624099731,0
1.1967190504074097,0
0.9882907867431641,0
1.8306605815887451,0
0.9791240096092224,0
1.141535997390747,0
1.137192964553833,0
0.9586332440376282,0
1.5737147331237793,0
0.9848939776420593,0
1.0227192640304565,0
1.2657705545425415,0
1.1322792768478394,0
1.0672184228897095,0
1.1175353527069092,0
1.5545763969421387,0
1.2017821073532104,0
1.0335795879364014,0
0.9779561758041382,0
1.02182137966156,0
1.0107357501983643,0
0.9738470315933228,0
1.2191609144210815,0
1.0089995861053467,0
0.9628831148147583,0
1.1137598752975464,0
1.03400456905365,0
0.9998329877853394,0
0.9746404886245728,0
1.1172484159469604,0
0.9787275791168213,0
1.4045745134353638,0
0.9612523317337036,0
1.088489055633545,0
0.980289101600647,0
0.9939958453178406,0
0.9834190011024475,0
1.0004538297653198,0
1.009515643119812,0
1.2823163270950317,0
1.1209017038345337,0
1.2072944641113281,0
1.075361728668213,0
1.0012634992599487,0
1.696813941001892,0
0.992669403553009,0
1.0467482805252075,0
1.086871862411499,0
1.0104007720947266,0
44.39198684692383,0
1.1795834302902222,0
1.0321744680404663,0
0.9870890974998474,0
1.1146304607391357,0
1.036167860031128,0
1.0062447786331177,0
1.119065761566162,0
0.9886588454246521,0
0.98028963804245,0
1.5091582536697388,0
1.1793051958084106,0
1.0194945335388184,0
1.0636236667633057,0
1.2466306686401367,0
1.1235215663909912,0
1.2639003992080688,0
1.0054731369018555,0
1.137346625328064,0
1.073465347290039,0
1.0858396291732788,0
1.0453294515609741,0
0.9629949331283569,0
0.9904593229293823,0
1.4343560934066772,0
1.0390390157699585,0
1.0097525119781494,0
1.0746831893920898,0
1.0638145208358765,0
1.1301554441452026,0
0.9573776721954346,0
1.0431528091430664,0
1.0594630241394043,0
1.2102175951004028,0
1.0022727251052856,0
1.3269158601760864,0
1.0058764219284058,0
1.1644121408462524,0
1.2238739728927612,0
1.4576387405395508,0
1.0259265899658203,0
0.9625369310379028,0
1.0325429439544678,0
0.993087649345398,0
1.071855068206787,0
2.8087270259857178,0
1.0188385248184204,0
1.0040228366851807,0
0.995344340801239,0
0.9893260598182678,0
1.0868948698043823,0
0.9280680418014526,0
1.0226162672042847,0
0.9948399066925049,0
1.219735026359558,0
1.0624550580978394,0
1.3612995147705078,0
0.9748708009719849,0
1.0981184244155884,0
1.0433375835418701,0
1.0049203634262085,0
1.0664572715759277,0
1.1005207300186157,0
2.813417673110962,0
1.0526145696640015,0
1.00734543800354,0
1.1395971775054932,0
1.0575922727584839,0
1.3544608354568481,0
0.9708865284919739,0
1.1182358264923096,0
1.0037803649902344,0
1.0142271518707275,0
0.9448521733283997,0
1.041564702987671,0
1.014577031135559,0
1.0212070941925049,0
0.9783409237861633,0
1.0623668432235718,0
1.019449234008789,0
1.1055725812911987,0
1.3082256317138672,0
0.967883288860321,0
1.2211514711380005,0
0.9692121148109436,0
1.0859503746032715,0
1.075434684753418,0
0.9689562320709229,0
0.9690418839454651,0
1.0430710315704346,0
1.0896834135055542,0
1.278360366821289,0
0.9479162096977234,0
1.0240572690963745,0
1.0251902341842651,0
1.1060349941253662,0
1.0302097797393799,0
1.8331327438354492,0
1.0541958808898926,0
1.0676966905593872,0
1.0226795673370361,0
1.0139504671096802,0
1.0623220205307007,0
1.5014827251434326,0
0.9751891493797302,0
1.4922065734863281,0
2.6019914150238037,0
1.1267485618591309,0
1.1498892307281494,0
1.008070945739746,0
1.1206361055374146,0
1.0179731845855713,0
1.1951051950454712,0
1.0948072671890259,0
0.9980550408363342,0
1.3591899871826172,0
1.0061644315719604,0
1.0646780729293823,0
1.1097824573516846,0
1.058516263961792,0
0.9812904000282288,0
1.1281018257141113,0
0.9901469349861145,0
0.9738635420799255,0
1.0487308502197266,0
0.9818678498268127,0
1.021045446395874,0
1.1029630899429321,0
0.9682327508926392,0
0.9576586484909058,0
0.9855031967163086,0
1.1160255670547485,0
0.9681241512298584,0
0.9800984859466553,0
1.1994209289550781,0
1.1047441959381104,0
1.0701911449432373,0
1.31689453125,0
1.0063295364379883,0
0.99540776014328,0
1.0573270320892334,0
1.6166157722473145,0
1.1961239576339722,0
0.9682883620262146,0
1.0477285385131836,0
1.0681685209274292,0
1.0285323858261108,0
0.9853076934814453,0
1.0494425296783447,0
0.9977163076400757,0
1.0405405759811401,0
0.9754450917243958,0
1.1884926557540894,0
1.0144639015197754,0
1.0917519330978394,0
1.084367036819458,0
1.0024853944778442,0
1.0295337438583374,0
1.002790093421936,0
1.6284446716308594,0
1.317895531654358,0
1.012103796005249,0
1.0033423900604248,0
2.084993600845337,0
1.1776517629623413,0
1.0673362016677856,0
0.9936707615852356,0
1.0047551393508911,0
0.9940683245658875,0
1.0935204029083252,0
1.1751006841659546,0
1.0197322368621826,0
0.9917187094688416,0
1.0558562278747559,0
1.154086947441101,0
1.0268570184707642,0
2.8125717639923096,0
1.057405710220337,0
1.0385245084762573,0
2.1063899993896484,0
2.277921199798584,0
0.9737191796302795,0
1.1855663061141968,0
1.0364818572998047,0
0.9829785227775574,0
1.3539068698883057,0
0.971057653427124,0
1.3288609981536865,0
1.050847053527832,0
1.081997036933899,0
0.9661852717399597,0
1.1386067867279053,0
0.9924875497817993,0
1.0087865591049194,0
1.0027683973312378,0
1.0375924110412598,0
1.0167045593261719,0
1.1204655170440674,0
1.0653562545776367,0
1.0407754182815552,0
1.0601239204406738,0
1.144250750541687,0
1.2395424842834473,0
0.973082959651947,0
1.0250139236450195,0
1.0311921834945679,0
1.0314364433288574,0
1.1990846395492554,0
1.0531134605407715,0
1.552573800086975,0
1.037007451057434,0
1.0089194774627686,0
1.036979079246521,0
1.0685803890228271,0
1.1017961502075195,0
1.717164158821106,0
1.1175782680511475,0
1.1523034572601318,0
0.9740744829177856,0
1.0200244188308716,0
1.006086826324463,0
0.9700741171836853,0
1.034679651260376,0
1.7793220281600952,0
1.072394847869873,0
1.0170150995254517,0
1.1412975788116455,0
1.000658392906189,0
1.2900376319885254,0
1.045629620552063,0
1.071526050567627,0
1.0078165531158447,0
1.0691912174224854,0
1.3203954696655273,0
0.9916058778762817,0
0.9924810528755188,0
0.9851189255714417,0
1.0317230224609375,0
1.0348596572875977,0
0.983259379863739,0
1.0092717409133911,0
1.3670175075531006,0
1.1354879140853882,0
1.0512292385101318,0
1.0563467741012573,0
1.0002492666244507,0
1.000370979309082,0
1.1533243656158447,0
1.0043954849243164,0
1.0622836351394653,0
1.0410408973693848,0
1.053169846534729,0
1.0703647136688232,0
1.0426280498504639,0
0.9881739020347595,0
1.0129103660583496,0
1.63728666305542,0
2.0462682247161865,0
0.9481750726699829,0
1.0170025825500488,0
0.9822037816047668,0
1.5434551239013672,0
0.9381833672523499,0
1.0325560569763184,0
1.007973551750183,0
1.2947230339050293,0
2.786965847015381,0
1.0362420082092285,0
1.018951654434204,0
1.0844215154647827,0
1.0563534498214722,0
1.240625262260437,0
1.043476939201355,0
1.1716121435165405,0
1.053407907485962,0
1.1059266328811646,0
1.0894473791122437,0
1.0231084823608398,0
1.0400784015655518,0
1.0556628704071045,0
1.0098305940628052,0
1.1361961364746094,0
1.4011300802230835,0
0.9965662956237793,0
0.9888126850128174,0
1.1144750118255615,0
1.0664135217666626,0
1.046636939048767,0
0.9671580791473389,0
1.0245461463928223,0
1.0881891250610352,0
0.976122260093689,0
1.1413567066192627,0
0.9764050841331482,0
1.1027368307113647,0
1.134369969367981,0
1.0165189504623413,0
0.9479796886444092,0
0.9910523891448975,0
1.0109829902648926,0
1.0493085384368896,0
1.222489595413208,0
1.0207995176315308,0
1.0080969333648682,0
1.0591317415237427,0
0.9998400807380676,0
1.0143133401870728,0
0.9671686887741089,0
1.153009057044983,0
1.0388541221618652,0
0.9806789755821228,0
0.9990123510360718,0
0.98283451795578,0
1.0902353525161743,0
1.0098556280136108,0
1.0100053548812866,0
0.9597516059875488,0
1.2192801237106323,0
1.0521284341812134,0
1.0631158351898193,0
1.0003052949905396,0
1.1355775594711304,0
1.0147840976715088,0
1.0397083759307861,0
1.1389888525009155,0
1.100267767906189,0
1.0217770338058472,0
1.2088227272033691,0
0.9825977087020874,0
1.0775015354156494,0
1.0095402002334595,0
1.0339430570602417,0
1.0609211921691895,0
1.0406856536865234,0
1.485263705253601,0
1.0191859006881714,0
0.969264805316925,0
1.063251256942749,0
1.0231398344039917,0
1.1739602088928223,0
1.0421706438064575,0
0.9948258399963379,0
1.7095978260040283,0
0.9821988344192505,0
1.2084637880325317,0
1.211478352546692,0
1.0171641111373901,0
1.269484519958496,0
1.0282045602798462,0
1.0413775444030762,0
1.5049784183502197,0
1.4017317295074463,0
0.9906583428382874,0
1.0070641040802002,0
1.0087181329727173,0
1.0905200242996216,0
1.058837890625,0
1.019418716430664,0
1.2008750438690186,0
1.0462141036987305,0
1.0500972270965576,0
1.0301556587219238,0
1.0958523750305176,0
1.1891957521438599,0
1.3320908546447754,0
1.0051215887069702,0
1.0428308248519897,0
1.0347402095794678,0
0.9917985200881958,0
1.5237841606140137,0
1.1266775131225586,0
1.031624674797058,0
1.0168429613113403,0
1.109113097190857,0
1.0660609006881714,0
1.065422773361206,0
1.003017783164978,0
1.0276737213134766,0
1.0135940313339233,0
1.2847540378570557,0
1.0332355499267578,0
0.9925249218940735,0
0.9760457873344421,0
1.031952142715454,0
1.0362646579742432,0
1.0661660432815552,0
1.0485395193099976,0
1.0863884687423706,0
1.0134873390197754,0
1.0648871660232544,0
1.3660997152328491,0
0.968410074710846,0
1.0110969543457031,0
0.9768408536911011,0
1.2493253946304321,0
1.1172492504119873,0
1.0258575677871704,0
1.1567950248718262,0
1.1014643907546997,0
1.0639891624450684,0
1.3495458364486694,0
1.0696388483047485,0
1.0520093441009521,0
1.443892478942871,0
1.0971797704696655,0
1.1295831203460693,0
1.2221400737762451,0
1.0166622400283813,0
0.9946889281272888,0
1.2177867889404297,0
1.0063221454620361,0
1.1380177736282349,0
0.9923929572105408,0
1.0570855140686035,0
2.499913454055786,0
0.9851157665252686,0
1.0574231147766113,0
0.9757054448127747,0
1.00686776638031,0
1.108497977256775,0
1.031922459602356,0
1.0504424571990967,0
0.9971473217010498,0
0.9741777777671814,0
1.090577483177185,0
1.0492560863494873,0
1.0301507711410522,0
1.0423364639282227,0
1.0883744955062866,0
1.011658787727356,0
0.983619749546051,0
1.2375229597091675,0
1.073559045791626,0
1.1064844131469727,0
1.0212924480438232,0
1.1306796073913574,0
1.0532467365264893,0
1.9604350328445435,0
1.018415093421936,0
1.2477574348449707,0
1.0245771408081055,0
1.0357890129089355,0
1.0549941062927246,0
1.007015585899353,0
1.0950195789337158,0
1.113531470298767,0
1.0831023454666138,0
0.9545818567276001,0
1.1767644882202148,0
1.0494728088378906,0
1.4361988306045532,0
1.1284435987472534,0
0.9722680449485779,0
1.1188507080078125,0
0.9622806906700134,0
1.0719707012176514,0
0.982272744178772,0
1.485263705253601,0
0.9539634585380554,0
1.0747346878051758,0
1.0674058198928833,0
1.089551568031311,0
1.1569207906723022,0
1.034181833267212,0
1.0107561349868774,0
1.2959767580032349,0
1.1121209859848022,0
1.0954326391220093,0
0.9889423251152039,0
1.0214369297027588,0
1.2723599672317505,0
1.0766268968582153,0
1.1686501502990723,0
1.1622940301895142,0
1.016516923904419,0
1.1990832090377808,0
1.61925208568573,0
1.0901927947998047,0
1.3713574409484863,0
1.0037859678268433,0
0.9821016788482666,0
1.0621052980422974,0
1.000503420829773,0
1.0774110555648804,0
1.0246316194534302,0
1.1486321687698364,0
1.2160037755966187,0
1.0240731239318848,0
1.2007520198822021,0
1.0223257541656494,0
1.9224987030029297,0
1.0039985179901123,0
1.5000628232955933,0
1.0511444807052612,0
1.2544926404953003,0
0.9668999910354614,0
1.2681065797805786,0
1.0144274234771729,0
0.9439061880111694,0
1.0206785202026367,0
1.4253250360488892,0
0.9319157600402832,0
1.0131244659423828,0
1.1633085012435913,0
1.2095152139663696,0
1.1331037282943726,0
1.0415047407150269,0
1.0011342763900757,0
1.0721255540847778,0
1.2072944641113281,0
1.3209002017974854,0
1.0290318727493286,0
1.3157238960266113,0
1.253205418586731,0
0.9676147699356079,0
0.9425449967384338,0
0.9508836269378662,0
0.9855724573135376,0
1.08568274974823,0
1.0134310722351074,0
1.0240193605422974,0
1.1294708251953125,0
1.1389025449752808,0
1.0559470653533936,0
1.5709494352340698,0
1.0041238069534302,0
1.0592725276947021,0
0.9949761629104614,0
1.3177618980407715,0
0.9813632965087891,0
1.6753708124160767,0
0.9853752851486206,0
1.442173957824707,0
0.9995018243789673,0
0.9937245845794678,0
1.0360342264175415,0
1.4092785120010376,0
1.011505126953125,0
1.0096815824508667,0
1.1524772644042969,0
2.904269218444824,0
1.070724606513977,0
1.1937165260314941,0
1.1900360584259033,0
1.063252329826355,0
1.1469725370407104,0
0.9883584380149841,0
1.031113862991333,0
1.3848966360092163,0
437.2996520996094,0
1.09859299659729,0
1.25680673122406,0
2.170462131500244,0
1.0017579793930054,0
1.0001206398010254,0
0.9836636185646057,0
2.2388687133789062,0
1.005577564239502,0
1.0176324844360352,0
1.1072067022323608,0
1.0857409238815308,0
0.9700089693069458,0
1.0767602920532227,0
1.0306954383850098,0
1.5109003782272339,0
1.0431468486785889,0
0.9815396666526794,0
1.0487297773361206,0
0.972200334072113,0
1.0334174633026123,0
1.0794700384140015,0
0.9302040338516235,0
1.2880134582519531,0
0.9686342477798462,0
1.150740623474121,0
1.004974603652954,0
1.096246600151062,0
1.2443437576293945,0
0.9817985892295837,0
1.5709494352340698,0
1.0276777744293213,0
1.4508861303329468,0
1.09205162525177,0
1.0578914880752563,0
0.9919993877410889,0
0.9857391715049744,0
1.1010440587997437,0
1.040404200553894,0
1.1946768760681152,0
0.992741584777832,0
1.0487099885940552,0
1.0607402324676514,0
1.0123804807662964,0
0.9459688067436218,0
0.9931274652481079,0
0.9630525708198547,0
1.0470296144485474,0
1.1675065755844116,0
1.0734543800354004,0
0.9927287101745605,0
1.03744375705719,0
1.03760826587677,0
0.9957122206687927,0
1.5382126569747925,0
0.9816429615020752,0
1.2679044008255005,0
1.11439847946167,0
1.0536247491836548,0
1.0436460971832275,0
1.0505709648132324,0
1.1668399572372437,0
1.0793373584747314,0
1.055641531944275,0
1.0180031061172485,0
1.0351407527923584,0
0.993497908115387,0
0.9747475385665894,0
1.0754038095474243,0
0.9797623157501221,0
0.9642277359962463,0
1.0062878131866455,0
0.9732151627540588,0
1.0100144147872925,0
1.778405785560608,0
1.191900610923767,0
1.0776652097702026,0
0.9996874928474426,0
3.5123462677001953,0
0.9488675594329834,0
0.9995361566543579,0
0.9663695096969604,0
1.043731689453125,0
1.0575977563858032,0
1.0849535465240479,0
1.6315934658050537,0
1.0279452800750732,0
0.9736031889915466,0
0.9595656991004944,0
1.109695553779602,0
1.0381146669387817,0
1.1350125074386597,0
2.817441463470459,0
0.9666666388511658,0
1.0734846591949463,0
1.017392873764038,0
1.057124137878418,0
1.0016789436340332,0
1.778613805770874,0
1.2427499294281006,0
1.0689363479614258,0
1.0045570135116577,0
1.0841896533966064,0
1.0028345584869385,0
1.321591854095459,0
1.0203567743301392,0
1.0093533992767334,0
0.9971175193786621,0
1.0608696937561035,0
0.9969042539596558,0
1.0550919771194458,0
1.0386500358581543,0
1.0849578380584717,0
1.1490706205368042,0
1.337374210357666,0
1.0795537233352661,0
1.0914089679718018,0
1.1196718215942383,0
1.0361405611038208,0
0.9964743256568909,0
1.1382147073745728,0
1.2081654071807861,0
1.1776429414749146,0
1.951332688331604,0
1.0570803880691528,0
1.049778699874878,0
1.0324859619140625,0
1.1635493040084839,0
1.0518460273742676,0
1.0087262392044067,0
0.956701397895813,0
1.0188204050064087,0
0.9681466817855835,0
1.1262905597686768,0
1.1741281747817993,0
1.1058189868927002,0
1.0171746015548706,0
1.090438961982727,0
0.9696400761604309,0
3.257382869720459,0
0.9737659096717834,0
1.131808876991272,0
1.0266550779342651,0
1.0022374391555786,0
0.9970542788505554,0
1.1654458045959473,0
1.0173851251602173,0
1.3278758525848389,0
0.9814073443412781,0
1.041063666343689,0
1.0219837427139282,0
1.2243380546569824,0
1.0695735216140747,0
1.011983871459961,0
1.1467418670654297,0
1.2203383445739746,0
1.0193785429000854,0
1.4398338794708252,0
1.0055547952651978,0
1.4017099142074585,0
1.3179746866226196,0
1.0642852783203125,0
0.9847943782806396,0
7.511131763458252,0
0.9799394607543945,0
1.07265043258667,0
1.0573381185531616,0
1.0052024126052856,0
4.578249454498291,0
1.029719591140747,0
1.3931362628936768,0
0.9875122904777527,0
1.1284650564193726,0
1.0549625158309937,0
1.0421667098999023,0
1.0657079219818115,0
1.0529613494873047,0
1.1906827688217163,0
1.2822765111923218,0
1.1310898065567017,0
1.0705735683441162,0
1.02064847946167,0
2.0211856365203857,0
1.000056505203247,0
0.9750173687934875,0
1.0664353370666504,0
1.079750418663025,0
1.0724778175354004,0
0.9953387379646301,0
1.034227967262268,0
1.5474895238876343,0
0.980040431022644,0
1.047324776649475,0
1.0161263942718506,0
1.0422860383987427,0
1.0726981163024902,0
1.1701363325119019,0
1.1155672073364258,0
1.2539992332458496,0
1.074960470199585,0
1.2157456874847412,0
1.1042847633361816,0
0.9683578610420227,0
0.9704731702804565,0
1.0479153394699097,0
1.4903905391693115,0
1.0098623037338257,0
1.0065900087356567,0
1.0394269227981567,0
1.104270100593567,0
1.0703080892562866,0
1.0043617486953735,0
0.9770569801330566,0
1.0317320823669434,0
1.0936481952667236,0
0.9455996751785278,0
1.0173195600509644,0
1.018471121788025,0
1.0708223581314087,0
1.0149513483047485,0
1.1410455703735352,0
0.9665838479995728,0
1.0217770338058472,0
1.1317716836929321,0
1.5529898405075073,0
1.0008065700531006,0
0.9858781695365906,0
0.9856098890304565,0
1.0663882493972778,0
1.2045202255249023,0
0.9832695722579956,0
1.8726850748062134,0
1.1066197156906128,0
1.4681410789489746,0
0.9801084995269775,0
1.1841027736663818,0
0.9808452725410461,0
1.0597363710403442,0
1.0389602184295654,0
1.0681246519088745,0
0.9839860796928406,0
0.9787894487380981,0
1.0014042854309082,0
1.006187081336975,0
1.021052598953247,0
1.3329975605010986,0
1.484876275062561,0
1.0363956689834595,0
11.294120788574219,0
1.3726625442504883,0
1.1480960845947266,0
1.0214406251907349,0
1.2680132389068604,0
1.326723575592041,0
1.0292714834213257,0
1.2045851945877075,0
0.9678001403808594,0
1.0436162948608398,0
1.0076584815979004,0
1.1733916997909546,0
1.0147854089736938,0
1.0164247751235962,0
1.0518118143081665,0
1.035226821899414,0
1.2224572896957397,0
1.0384585857391357,0
1.0823720693588257,0
0.9904100298881531,0
1.1362210512161255,0
1.0169161558151245,0
1.1747177839279175,0
1.3976411819458008,0
1.016781210899353,0
1.1913247108459473,0
1.0178035497665405,0
0.9870845675468445,0
1.0426721572875977,0
1.025755763053894,0
1.009110927581787,0
1.8885226249694824,0
0.970931887626648,0
1.229179859161377,0
1.175760269165039,0
0.993760347366333,0
1.0436464548110962,0
0.9674060940742493,0
0.9524693489074707,0
0.9863873720169067,0
1.2199398279190063,0
1.7681605815887451,0
1.031545639038086,0
1.232599139213562,0
1.055509328842163,0
1.2159948348999023,0
1.0357707738876343,0
1.0937633514404297,0
1.0154061317443848,0
1.0764201879501343,0
1.026821494102478,0
1.0022008419036865,0
1.0431863069534302,0
0.9564865231513977,0
1.3018401861190796,0
1.5110242366790771,0
1.0571328401565552,0
0.9878299236297607,0
1.070162057876587,0
1.048427939414978,0
1.614033818244934,0
0.9887251853942871,0
0.990809977054596,0
0.9999814033508301,0
1.1119824647903442,0
1.0277296304702759,0
1.7496594190597534,0
0.9927923083305359,0
0.9689267873764038,0
1.0165159702301025,0
1.0363295078277588,0
1.116924524307251,0
1.2504600286483765,0
0.9488962292671204,0
1.1109734773635864,0
1.086396336555481,0
1.0645889043807983,0
1.0010288953781128,0
1.0752378702163696,0
1.0023120641708374,0
1.0479135513305664,0
1.1487386226654053,0
1.0430055856704712,0
1.2884794473648071,0
1.1552791595458984,0
1.0869553089141846,0
1.6248244047164917,0
1.0881673097610474,0
1.0986886024475098,0
1.6060317754745483,0
4.649623870849609,0
1.0183990001678467,0
1.8448041677474976,0
1.0317862033843994,0
0.9920122623443604,0
1.3985368013381958,0
1.0394600629806519,0
0.9867072701454163,0
1.004798173904419,0
1.0135067701339722,0
1.0913705825805664,0
1.3021032810211182,0
1.2427451610565186,0
1.0468590259552002,0
1.0206114053726196,0
1.036592721939087,0
1.0075565576553345,0
1.16412353515625,0
1.0612040758132935,0
2.8158953189849854,0
1.127886176109314,0
1.0642900466918945,0
0.99214768409729,0
1.0666944980621338,0
1.003852128982544,0
1.022568702697754,0
1.0429333448410034,0
1.0261409282684326,0
1.3401761054992676,0
1.1494431495666504,0
1.0844579935073853,0
1.0374736785888672,0
1.0364315509796143,0
1.0121445655822754,0
1.0555661916732788,0
0.9590098261833191,0
0.9941468834877014,0
1.0513825416564941,0
1.0234397649765015,0
1.0633609294891357,0
1.2046178579330444,0
0.9551320672035217,0
1.151610255241394,0
1.1727570295333862,0
1.1660572290420532,0
1.3366304636001587,0
1.1017855405807495,0
1.0133743286132812,0
1.0003951787948608,0
1.1088274717330933,0
1.094484806060791,0
1.1488873958587646,0
1.1196181774139404,0
1.0287103652954102,0
1.0051276683807373,0
1.1560249328613281,0
0.9967759847640991,0
0.9881270527839661,0
1.0162242650985718,0
0.9755159616470337,0
1.1209648847579956,0
1.060325264930725,0
0.9976670145988464,0
1.0244333744049072,0
1.063790202140808,0
1.0048868656158447,0
1.2222498655319214,0
1.0231226682662964,0
1.0332263708114624,0
1.0406185388565063,0
0.9831961393356323,0
0.9969605803489685,0
1.00034761428833,0
1.0702741146087646,0
1.2047816514968872,0
1.2281162738800049,0
0.9319182634353638,0
1.0386106967926025,0
1.1119226217269897,0
1.8336915969848633,0
0.9545691013336182,0
1.0900684595108032,0
0.9982756972312927,0
1.1733916997909546,0
1.106155514717102,0
1.3032920360565186,0
1.0001119375228882,0
1.0010401010513306,0
1.0476124286651611,0
1.1856786012649536,0
1.0755057334899902,0
1.0788990259170532,0
0.9826171398162842,0
1.015792965888977,0
1.094826340675354,0
1.235392451286316,0
1.0295029878616333,0
0.9761511087417603,0
1.0066121816635132,0
1.0758661031723022,0
1.1518803834915161,0
1.0585016012191772,0
1.229805827140808,0
1.3093124628067017,0
1.034780502319336,0
1.2591884136199951,0
0.9752194881439209,0
1.079271674156189,0
1.0776398181915283,0
1.092934250831604,0
0.9556251168251038,0
1.0019737482070923,0
0.9941853880882263,0
1.0838894844055176,0
1.0370359420776367,0
1.033075213432312,0
1.0530149936676025,0
0.9818474054336548,0
0.9960453510284424,0
1.122999906539917,0
1.328355073928833,0
1.0332475900650024,0
1.03699791431427,0
1.0428261756896973,0
1.2032355070114136,0
0.9859684109687805,0
0.9883313179016113,0
1.0803773403167725,0
1.824263334274292,0
0.9669395685195923,0
0.9818077087402344,0
0.9684759974479675,0
0.994012713432312,0
0.995208203792572,0
0.9436824917793274,0
0.9673554301261902,0
0.988304853439331,0
1.0843135118484497,0
0.9610012173652649,0
0.9873753190040588,0
1.0828138589859009,0
0.9915473461151123,0
0.9997323751449585,0
0.9991316795349121,0
1.0202972888946533,0
1.019787073135376,0
1.1423265933990479,0
1.0724318027496338,0
1.5266798734664917,0
1.18496572971344,0
1.0928869247436523,0
1.4842255115509033,0
1.1135748624801636,0
1.084406852722168,0
1.0021915435791016,0
1.1072365045547485,0
1.1129859685897827,0
1.0547822713851929,0
1.0438613891601562,0
1.0423023700714111,0
1.084660530090332,0
1.0372761487960815,0
1.0917069911956787,0
1.1147710084915161,0
1.2059581279754639,0
1.0800219774246216,0
1.0299224853515625,0
1.0127453804016113,0
1.0090538263320923,0
1.0270291566848755,0
0.946407675743103,0
0.9800376296043396,0
4.404104232788086,0
1.2664093971252441,0
1.022392988204956,0
1.1442711353302002,0
1.0057899951934814,0
1.0168217420578003,0
1.0049607753753662,0
0.9738092422485352,0
1.1449165344238281,0
1.1931284666061401,0
0.9822313189506531,0
0.9926884770393372,0
1.1641982793807983,0
0.9712257385253906,0
1.0263134241104126,0
0.9829816818237305,0
0.990847110748291,0
1.3883752822875977,0
1.0149378776550293,0
1.058570146560669,0
1.025658130645752,0
1.0365389585494995,0
1.0178582668304443,0
1.2147481441497803,0
1.0385528802871704,0
1.0499582290649414,0
0.996880054473877,0
0.9878415465354919,0
1.0264846086502075,0
1.1500813961029053,0
2.1167168617248535,0
0.9996405243873596,0
0.9899399876594543,0
2.8087270259857178,0
1.0126506090164185,0
1.008673071861267,0
0.987065851688385,0
0.9421525001525879,0
0.9764466285705566,0
0.9918384552001953,0
0.9947030544281006,0
0.9732535481452942,0
1.003753662109375,0
0.9789227843284607,0
1.0432116985321045,0
0.9926750063896179,0
1.1379973888397217,0
1.0641783475875854,0
1.1832302808761597,0
0.9957978129386902,0
1.014485239982605,0
1.1387072801589966,0
0.9556383490562439,0
1.2637792825698853,0
1.0385184288024902,0
1.003666639328003,0
0.9773165583610535,0
1.003637433052063,0
1.0262119770050049,0
0.9980965852737427,0
1.0314781665802002,0
4.40615701675415,0
1.1353522539138794,0
1.0189582109451294,0
2.1967246532440186,0
1.4300991296768188,0
1.0070239305496216,0
1.493654727935791,0
1.1915608644485474,0
0.9882224202156067,0
0.9696670770645142,0
1.1047430038452148,0
1.007371187210083,0
1.1009626388549805,0
1.0061728954315186,0
1.141474723815918,0
1.075406789779663,0
2.8087270259857178,0
1.064253807067871,0
1.088477373123169,0
1.034226894378662,0
1.2988876104354858,0
1.0595449209213257,0
1.2860304117202759,0
1.4539756774902344,0
1.1086750030517578,0
1.1413254737854004,0
1.046798586845398,0
1.0654990673065186,0
1.8622136116027832,0
1.0228259563446045,0
1.7938600778579712,0
0.9882970452308655,0
1.0244381427764893,0
0.9926646947860718,0
0.9974744915962219,0
1.3733354806900024,0
1.0321005582809448,0
10.844844818115234,0
1.0262751579284668,0
1.0006381273269653,0
0.9822399616241455,0
1.0125387907028198,0
1.9178284406661987,0
0.9968441724777222,0
0.9808106422424316,0
1.0243223905563354,0
1.002000093460083,0
1.085688829421997,0
0.9954532980918884,0
1.0493296384811401,0
1.1218634843826294,0
1.0723124742507935,0
1.0864832401275635,0
1.056828260421753,0
1.168792486190796,0
1.058278203010559,0
0.9948232173919678,0
1.0590450763702393,0
1.140726923942566,0
1.03663170337677,0
1.0484654903411865,0
1.009740948677063,0
1.0269330739974976,0
0.9828215837478638,0
1.1682957410812378,0
0.9820379614830017,0
1.068963646888733,0
1.0864615440368652,0
1.0715752840042114,0
1.03447425365448,0
1.50922429561615,0
1.0408936738967896,0
1.0282032489776611,0
0.9728480577468872,0
1.0517274141311646,0
1.1187046766281128,0
1.0127358436584473,0
1.0285906791687012,0
1.027361512184143,0
0.9957138299942017,0
1.1617320775985718,0
1.0343260765075684,0
0.9879496693611145,0
0.898436427116394,0
1.0140143632888794,0
1.2489714622497559,0
0.9845772385597229,0
0.9772452712059021,0
1.2077264785766602,0
0.9854931831359863,0
0.9436482787132263,0
1.1153218746185303,0
0.9920082688331604,0
1.0115848779678345,0
1.0876108407974243,0
1.0198113918304443,0
1.044953465461731,0
1.024972915649414,0
1.1269930601119995,0
0.9592005610466003,0
1.101421594619751,0
0.9645385146141052,0
1.0849684476852417,0
0.9799129962921143,0
1.0502198934555054,0
1.5352859497070312,0
1.1447304487228394,0
1.3129782676696777,0
1.0173157453536987,0
1.025397539138794,0
1.0153789520263672,0
1.2130024433135986,0
1.0504189729690552,0
1.1212316751480103,0
0.9950000047683716,0
1.0024397373199463,0
1.1873420476913452,0
1.0244994163513184,0
1.466291069984436,0
1.2498328685760498,0
1.2119157314300537,0
1.1683109998703003,0
1.0454381704330444,0
2.1485886573791504,0
1.0462722778320312,0
0.9975508451461792,0
1.1056921482086182,0
1.0956288576126099,0
1.0163309574127197,0
1.0134434700012207,0
1.2847031354904175,0
1.2706387042999268,0
1.2020460367202759,0
0.973058819770813,0
1.0694711208343506,0
1.0189892053604126,0
1.0868204832077026,0
0.9986213445663452,0
1.0062164068222046,0
0.9589035511016846,0
1.0334314107894897,0
1.1162195205688477,0
1.7297308444976807,0
0.9491046667098999,0
1.0797966718673706,0
1.138880729675293,0
56.99336624145508,0
0.9942017197608948,0
1.0589962005615234,0
1.0330718755722046,0
1.3848457336425781,0
1.0098634958267212,0
1.1755403280258179,0
1.0930665731430054,0
1.0121527910232544,0
157.82086181640625,0
0.9958036541938782,0
1.1918439865112305,0
0.9959352016448975,0
0.9734116196632385,0
0.9650676846504211,0
1.095637559890747,0
1.0320066213607788,0
1.1114691495895386,0
1.6234397888183594,0
0.9504365921020508,0
1.2764439582824707,0
1.1581817865371704,0
1.08921217918396,0
1.9643864631652832,0
1.0249545574188232,0
1.0255069732666016,0
0.9843507409095764,0
1.013083815574646,0
1.116924524307251,0
1.019156813621521,0
1.0321969985961914,0
1.1690181493759155,0
1.3265951871871948,0
1.0218955278396606,0
1.03189218044281,0
1.272118330001831,0
0.9479525685310364,0
0.9677097797393799,0
1.0041242837905884,0
1.2238150835037231,0
0.9960492849349976,0
1.086702585220337,0
1.0395253896713257,0
1.130400538444519,0
0.990064263343811,0
1.0590651035308838,0
0.9609328508377075,0
1.0050787925720215,0
1.000990629196167,0
1.144342064857483,0
1.0884040594100952,0
0.9724546074867249,0
1.1617292165756226,0
1.0773611068725586,0
1.045911431312561,0
0.9555054903030396,0
0.9840840697288513,0
1.0248254537582397,0
1.037851095199585,0
0.9712590575218201,0
1.0313266515731812,0
1.0025534629821777,0
0.9843464493751526,0
3.310272216796875,0
1.0276802778244019,0
1.2819278240203857,0
1.0671055316925049,0
0.9507179260253906,0
1.580402135848999,0
1.0646127462387085,0
1.0636770725250244,0
1.013728380203247,0
0.9875714182853699,0
0.9323961138725281,0
1.1198962926864624,0
1.061928153038025,0
1.0928149223327637,0
0.9830372333526611,0
1.434049367904663,0
0.9724252820014954,0
1.0989028215408325,0
1.4267640113830566,0
0.9838292598724365,0
1.0021611452102661,0
1.109896183013916,0
1.680648684501648,0
0.9941236972808838,0
1.1187161207199097,0
1.0873087644577026,0
1.0937896966934204,0
1.0939713716506958,0
1.16791570186615,0
0.9985518455505371,0
2.08815598487854,0
1.2099179029464722,0
0.9828508496284485,0
0.9801335334777832,0
1.054569125175476,0
1.4760828018188477,0
1.021357536315918,0
1.0020471811294556,0
1.0319241285324097,0
1.0675214529037476,0
1.2833880186080933,0
1.074111819267273,0
1.0909662246704102,0
1.6533793210983276,0
1.1613409519195557,0
1.0738219022750854,0
1.0080207586288452,0
1.0879851579666138,0
1.3229784965515137,0
1.0849535465240479,0
1.0554801225662231,0
1.0653035640716553,0
1.004294753074646,0
1.1263294219970703,0
1.0398352146148682,0
1.0535876750946045,0
1.1490036249160767,0
1.343982458114624,0
0.9714732766151428,0
0.9865598678588867,0
0.9793775081634521,0
0.982549250125885,0
1.0568602085113525,0
1.0123554468154907,0
1.0820646286010742,0
1.0129073858261108,0
1.0279276371002197,0
1.101991891860962,0
1.1230300664901733,0
1.0232350826263428,0
1.1892179250717163,0
0.9943785667419434,0
1.0449199676513672,0
1.0412992238998413,0
1.0219218730926514,0
1.0249003171920776,0
1.0489329099655151,0
1.0899821519851685,0
1.074816107749939,0
1.1644104719161987,0
0.977626621723175,0
1.2093734741210938,0
1.0316710472106934,0
0.9842928647994995,0
1.4876716136932373,0
1.0249515771865845,0
1.0111984014511108,0
3.408700942993164,0
1.005632996559143,0
0.9988950490951538,0
1.1527495384216309,0
1.0379728078842163,0
1.0254278182983398,0
1.0771872997283936,0
0.9972611665725708,0
1.072975993156433,0
1.041983723640442,0
1.105118989944458,0
1.0057162046432495,0
0.9632253050804138,0
1.0207401514053345,0
1.4498122930526733,0
1.0612040758132935,0
0.9858258962631226,0
1.3544858694076538,0
0.990897536277771,0
1.0319292545318604,0
1.0106533765792847,0
0.9806113243103027,0
1.0071046352386475,0
1.435105562210083,0
1.1281381845474243,0
1.0778807401657104,0
0.9807451963424683,0
0.9980147480964661,0
1.081532597541809,0
1.0320849418640137,0
1.0005284547805786,0
1.1339744329452515,0
1.1190694570541382,0
1.0823966264724731,0
1.0500199794769287,0
1.0251425504684448,0
0.9957675337791443,0
1.0325281620025635,0
1.0782376527786255,0
1.226962924003601,0
1.0979489088058472,0
1.1984014511108398,0
1.0795475244522095,0
1.1390489339828491,0
1.0722426176071167,0
1.0205327272415161,0
1.7825148105621338,0
1.0773537158966064,0
0.9718367457389832,0
1.229593276977539,0
1.0068269968032837,0
1.0497357845306396,0
1.0612105131149292,0
1.0111234188079834,0
1.1325887441635132,0
1.0719716548919678,0
0.9958164095878601,0
0.9781420230865479,0
0.9982235431671143,0
0.9941708445549011,0
1.2216659784317017,0
1.0922499895095825,0
1.1317791938781738,0
1.008461833000183,0
1.008823037147522,0
0.9799835681915283,0
1.0207260847091675,0
1.1401742696762085,0
0.9934822916984558,0
1.0094189643859863,0
0.9879968166351318,0
0.9705231785774231,0
1.0,0
2.8289222717285156,0
1.051438808441162,0
0.9804573059082031,0
0.9777877926826477,0
1.033896803855896,0
1.0591098070144653,0
1.0632742643356323,0
1.2599343061447144,0
1.2053120136260986,0
1.0823643207550049,0
1.0372934341430664,0
1.0151158571243286,0
1.0142759084701538,0
1.0237290859222412,0
0.9924608469009399,0
1.1599444150924683,0
1.6162124872207642,0
0.9842299818992615,0
1.071692705154419,0
1.0561736822128296,0
1.2364656925201416,0
1.0335383415222168,0
0.983441174030304,0
2.8060972690582275,0
0.9760352373123169,0
1.0540564060211182,0
0.9767383933067322,0
1.1062049865722656,0
1.0145361423492432,0
1.2241102457046509,0
1.258070707321167,0
1.2110806703567505,0
1.1689146757125854,0
1.485263705253601,0
0.9824419021606445,0
1.1151878833770752,0
1.212759256362915,0
1.0112144947052002,0
1.0101089477539062,0
1.1446428298950195,0
1.0106266736984253,0
0.9720490574836731,0
1.018205165863037,0
1.0722737312316895,0
0.9812312126159668,0
1.9336198568344116,0
1.0054720640182495,0
1.0648069381713867,0
1.0168848037719727,0
1.06028413772583,0
1.1399048566818237,0
1.0319429636001587,0
1.1709425449371338,0
1.0282707214355469,0
0.9768082499504089,0
1.0419541597366333,0
1.0357544422149658,0
1.1745315790176392,0
0.9703176021575928,0
1.0039657354354858,0
0.9866536855697632,0
1.0358680486679077,0
0.9436482787132263,0
1.0378854274749756,0
0.9607922434806824,0
1.0403356552124023,0
1.1097254753112793,0
0.9887112975120544,0
1.0245076417922974,0
1.223384976387024,0
1.0301083326339722,0
0.9756667017936707,0
1.03643000125885,0
1.497718095779419,0
1.1070438623428345,0
0.9850748181343079,0
0.9856052994728088,0
1.106561303138733,0
1.0175589323043823,0
1.1255323886871338,0
1.284206748008728,0
1.0363858938217163,0
1.114039421081543,0
1.1320114135742188,0
0.996593713760376,0
1.0296939611434937,0
1.106773853302002,0
1.063928246498108,0
1.0240254402160645,0
1.083323359489441,0
1.3078941106796265,0
0.9473771452903748,0
1.0533103942871094,0
0.9681294560432434,0
1.0004289150238037,0
1.0188127756118774,0
1.0017902851104736,0
1.022552728652954,0
1.0804096460342407,0
0.990666925907135,0
1.3497155904769897,0
0.9903885126113892,0
0.9647217392921448,0
1.0375336408615112,0
0.9810827374458313,0
0.9837998747825623,0
0.9437615275382996,0
1.018221378326416,0
0.9883464574813843,0
1.030207633972168,0
0.9908168911933899,0
0.992781400680542,0
0.9822849035263062,0
1.010491967201233,0
1.1077176332473755,0
0.9912289381027222,0
0.9622806906700134,0
1.0261954069137573,0
1.192341685295105,0
1.0612127780914307,0
1.028033971786499,0
1.0603049993515015,0
1.0571043491363525,0
1.1070373058319092,0
3.024044990539551,0
1.0497685670852661,0
1.0524145364761353,0
1.0049930810928345,0
1.0179407596588135,0
1.0751450061798096,0
1.0492242574691772,0
0.9866346716880798,0
1.0690491199493408,0
1.0901793241500854,0
1.0482347011566162,0
1.159895658493042,0
1.0747112035751343,0
1.0095736980438232,0
1.0698987245559692,0
0.9997492432594299,0
0.972806990146637,0
0.9995521903038025,0
1.0439422130584717,0
0.9730205535888672,0
1.2379202842712402,0
1.0024783611297607,0
0.9392674565315247,0
1.0264078378677368,0
1.0656156539916992,0
1.756604552268982,0
1.0189777612686157,0
1.1388587951660156,0
1.0118016004562378,0
0.9980486631393433,0
2.3282394409179688,0
1.1721094846725464,0
1.3572355508804321,0
1.069323182106018,0
1.0169854164123535,0
1.0445727109909058,0
1.1336923837661743,0
1.0026968717575073,0
1.0804309844970703,0
0.9869894981384277,0
1.0359809398651123,0
1.0338642597198486,0
0.9691487550735474,0
1.366268277168274,0
0.9843353629112244,0
1.0565656423568726,0
56.431182861328125,0
0.9940565228462219,0
1.082668662071228,0
1.1025142669677734,0
1.8219010829925537,0
1.1854546070098877,0
1.0941835641860962,0
1.0392446517944336,0
0.9959244132041931,0
1.0559661388397217,0
1.028485655784607,0
1.189159631729126,0
1.0090086460113525,0
0.9365665912628174,0
1.055363655090332,0
1.070332407951355,0
0.9490090608596802,0
1.2085143327713013,0
1.152967929840088,0
0.9733600616455078,0
1.0357670783996582,0
1.024118423461914,0
0.994246244430542,0
1.0558453798294067,0
1.377081036567688,0
1.0463768243789673,0
1.0032798051834106,0
1.0391558408737183,0
1.0103960037231445,0
1.0351084470748901,0
1.007039189338684,0
1.242048740386963,0
1.05122971534729,0
1.2977160215377808,0
0.9687670469284058,0
1.1620759963989258,0
1.0,0
1.0389875173568726,0
1.058171033859253,0
1.001145601272583,0
0.9915605187416077,0
1.1243351697921753,0
1.0880510807037354,0
1.0044361352920532,0
1.1058048009872437,0
1.14767587184906,0
0.9639559388160706,0
1.5398064851760864,0
1.180095911026001,0
0.9666696190834045,0
1.0776326656341553,0
1.4183483123779297,0
1.268985390663147,0
0.9914113879203796,0
0.988178014755249,0
1.0106192827224731,0
1.0229629278182983,0
0.9787275791168213,0
1.4690879583358765,0
1.0577280521392822,0
1.2493029832839966,0
1.1016924381256104,0
0.9919903874397278,0
1.044724702835083,0
1.3252817392349243,0
1.0358613729476929,0
1.4797351360321045,0
1.0274784564971924,0
1.0015379190444946,0
1.011902928352356,0
1.0644147396087646,0
1.0717107057571411,0
0.9790231585502625,0
1.7576509714126587,0
1.0643227100372314,0
1.0021946430206299,0
1.0532435178756714,0
2.817441463470459,0
1.0018885135650635,0
0.9831476807594299,0
1.051334261894226,0
1.0550249814987183,0
2.0659639835357666,0
1.3755290508270264,0
1.1074178218841553,0
1.0385291576385498,0
0.9947484135627747,0
1.3459763526916504,0
0.9980781674385071,0
1.0274029970169067,0
1.1423033475875854,0
1.093216061592102,0
1.179294228553772,0
1.256748914718628,0
1.0637575387954712,0
1.0749118328094482,0
1.0368763208389282,0
1.0168890953063965,0
1.1464370489120483,0
0.9983083605766296,0
1.0628747940063477,0
1.0096865892410278,0
1.011754035949707,0
1.0898882150650024,0
1.1714940071105957,0
1.075792670249939,0
1.2950350046157837,0
1.0394518375396729,0
1.051438808441162,0
1.0049607753753662,0
1.2498794794082642,0
1.245410442352295,0
1.089789628982544,0
1.0762126445770264,0
0.9887130260467529,0
0.9881335496902466,0
1.1086586713790894,0
0.9859889149665833,0
4.570391654968262,0
1.0534889698028564,0
1.024579644203186,0
1.0744179487228394,0
1.1525237560272217,0
1.117997169494629,0
1.0574181079864502,0
1.0325483083724976,0
1.0062023401260376,0
1.0090501308441162,0
1.0235615968704224,0
1.3926377296447754,0
1.0126161575317383,0
1.027812123298645,0
0.9904493689537048,0
1.017983078956604,0
0.9847943186759949,0
1.01812744140625,0
1.0012084245681763,0
1.0509718656539917,0
1.0029023885726929,0
1.1468135118484497,0
1.0134786367416382,0
1.0246238708496094,0
1.022593379020691,0
1.552088737487793,0
1.5284557342529297,0
1.0324100255966187,0
1.2370346784591675,0
1.0526254177093506,0
1.1206328868865967,0
1.0333391427993774,0
0.9787275791168213,0
1.0111685991287231,0
1.0867923498153687,0
1.2033075094223022,0
1.1744314432144165,0
1.0059391260147095,0
1.0049692392349243,0
1.22653329372406,0
0.9916955232620239,0
1.5604039430618286,0
1.1331511735916138,0
1.0172072649002075,0
1.0083914995193481,0
1.2986353635787964,0
1.0227916240692139,0
1.15586256980896,0
1.101944088935852,0
0.9784468412399292,0
1.0573381185531616,0
1.0877223014831543,0
1.0847415924072266,0
1.0197852849960327,0
1.0252748727798462,0
1.5925557613372803,0
1.0116174221038818,0
1.0233131647109985,0
1.0024205446243286,0
1.0053330659866333,0
1.072715163230896,0
1.029411792755127,0
1.0290727615356445,0
1.0451595783233643,0
1.029394507408142,0
0.972015380859375,0
1.6004940271377563,0
0.9817506670951843,0
1.025528907775879,0
1.074481725692749,0
1.0396950244903564,0
0.9866859316825867,0
1.0757960081100464,0
1.0199054479599,0
0.9989873766899109,0
1.0141820907592773,0
1.032762050628662,0
1.0274173021316528,0
0.9990638494491577,0
1.0365310907363892,0
1.0734584331512451,0
1.068556785583496,0
1.1112890243530273,0
1.027387022972107,0
1.0050909519195557,0
1.2985295057296753,0
1.0439932346343994,0
1.1471904516220093,0
0.9880463480949402,0
1.0758358240127563,0
1.0456210374832153,0
1.222428560256958,0
1.0756824016571045,0
1.5180965662002563,0
1.009324550628662,0
0.9919459819793701,0
1.0364289283752441,0
1.1201869249343872,0
1.0233031511306763,0
87.81800842285156,0
0.9854404926300049,0
1.0837687253952026,0
0.9761143922805786,0
1.075434684753418,0
1.3060563802719116,0
0.9833253622055054,0
0.9637290239334106,0
0.9482263922691345,0
1.0707080364227295,0
1.1105374097824097,0
0.966000497341156,0
1.0655295848846436,0
1.2434593439102173,0
1.0623289346694946,0
1.089967966079712,0
1.0519254207611084,0
2.116274833679199,0
1.0214735269546509,0
1.0583337545394897,0
1.1859698295593262,0
1.0116304159164429,0
1.0964056253433228,0
0.990196168422699,0
1.1854723691940308,0
0.9704018235206604,0
1.2007710933685303,0
0.9696206450462341,0
1.0886958837509155,0
1.0,0
0.9752482771873474,0
1.0837839841842651,0
1.0289936065673828,0
1.0390454530715942,0
1.1181151866912842,0
1.097491979598999,0
1.1429204940795898,0
1.0746784210205078,0
1.1507266759872437,0
0.9622504711151123,0
0.9704018235206604,0
0.9891762137413025,0
1.0296651124954224,0
1.0543553829193115,0
1.0525236129760742,0
0.978083610534668,0
2.130110502243042,0
1.2859251499176025,0
1.0478246212005615,0
1.0344908237457275,0
0.9635271430015564,0
1.1799644231796265,0
0.992924153804779,0
0.9586344957351685,0
1.1978896856307983,0
1.0081019401550293,0
1.2007204294204712,0
2.0395452976226807,0
1.0151985883712769,0
0.9913831353187561,0
1.0173752307891846,0
0.9904108047485352,0
1.0425372123718262,0
0.977702796459198,0
1.0622793436050415,0
1.0887432098388672,0
1.1531071662902832,0
1.0748950242996216,0
1.0172324180603027,0
1.0807569026947021,0
1.182721495628357,0
0.9983152151107788,0
1.2605293989181519,0
0.9979402422904968,0
0.9842804670333862,0
1.4088939428329468,0
1.1068220138549805,0
1.1082886457443237,0
1.0106157064437866,0
1.0132741928100586,0
0.985884964466095,0
0.9555083513259888,0
1.1142970323562622,0
1.0151346921920776,0
1.0022236108779907,0
2.817441463470459,0
1.0960451364517212,0
1.320639967918396,0
1.1766400337219238,0
1.0639724731445312,0
0.9309438467025757,0
1.1277048587799072,0
1.009831428527832,0
1.1187950372695923,0
1.0066765546798706,0
1.16269850730896,0
1.0758697986602783,0
1.0307103395462036,0
1.6230653524398804,0
1.101425051689148,0
0.9666666388511658,0
1.0184476375579834,0
1.0211379528045654,0
1.0540512800216675,0
1.160719633102417,0
0.9821264147758484,0
1.0486087799072266,0
0.9921362400054932,0
0.9648571014404297,0
1.087242841720581,0
1.123221755027771,0
1.0624457597732544,0
0.9733145833015442,0
1.0261167287826538,0
1.019972801208496,0
1.1712646484375,0
0.9830417037010193,0
1.0632871389389038,0
1.0483324527740479,0
1.0839910507202148,0
2.817441463470459,0
0.9698590636253357,0
0.9882262349128723,0
1.0358175039291382,0
0.9834190011024475,0
1.159888505935669,0
1.2011637687683105,0
1.0473401546478271,0
1.0455774068832397,0
0.9938627481460571,0
1.0197432041168213,0
1.4629169702529907,0
1.6874254941940308,0
1.130083680152893,0
1.2071212530136108,0
0.9657819867134094,0
1.154086947441101,0
1.0938355922698975,0
1.2550908327102661,0
1.0396718978881836,0
1.1324104070663452,0
0.9834080338478088,0
0.9985442757606506,0
0.9964176416397095,0
1.050131916999817,0
1.081956386566162,0
1.0185625553131104,0
0.9604464173316956,0
1.0906070470809937,0
0.9971848130226135,0
0.9711043834686279,0
1.0266996622085571,0
1.0524342060089111,0
1.0394731760025024,0
1.0014584064483643,0
1.2936064004898071,0
1.1631239652633667,0
1.0288846492767334,0
1.9517052173614502,0
1.5389297008514404,0
1.0779770612716675,0
1.0851248502731323,0
1.0486695766448975,0
1.0373356342315674,0
1.2641422748565674,0
1.015208125114441,0
1.0855151414871216,0
1.1910825967788696,0
0.9996383190155029,0
82.86882781982422,0
1.0377286672592163,0
1.0279991626739502,0
1.230839490890503,0
1.0049203634262085,0
0.9675683379173279,0
1.0969232320785522,0
1.1686387062072754,0
1.0530792474746704,0
1.9904935359954834,0
1.0155731439590454,0
1.0563576221466064,0
0.9611870646476746,0
1.4093438386917114,0
0.9848573803901672,0
0.9892043471336365,0
1.0260018110275269,0
1.1790777444839478,0
0.9860548377037048,0
0.9594820141792297,0
0.9844829440116882,0
1.1162384748458862,0
1.0186952352523804,0
0.9897687435150146,0
1.0179370641708374,0
1.184403896331787,0
0.9716830253601074,0
1.0406193733215332,0
1.0075143575668335,0
1.1761831045150757,0
0.9720118045806885,0
1.103657603263855,0
1.056934118270874,0
0.993453323841095,0
1.0918704271316528,0
1.1733916997909546,0
1.6225944757461548,0
1.0593070983886719,0
1.1584333181381226,0
0.9994834065437317,0
1.0379486083984375,0
1.1758103370666504,0
1.0645701885223389,0
1.1393616199493408,0
1.069573998451233,0
0.9959918856620789,0
1.3240818977355957,0
1.0250986814498901,0
1.1690590381622314,0
1.0449256896972656,0
1.0652251243591309,0
0.9992427825927734,0
1.0643079280853271,0
1.032294750213623,0
0.9881927371025085,0
1.0604419708251953,0
1.2116589546203613,0
1.0089707374572754,0
1.0242054462432861,0
1.0587217807769775,0
0.9584325551986694,0
1.0265185832977295,0
1.418414831161499,0
0.9891737103462219,0
1.263284683227539,0
1.0096285343170166,0
1.5478370189666748,0
1.0697596073150635,0
1.0055091381072998,0
1.0149966478347778,0
1.007188320159912,0
0.9785138368606567,0
1.0041404962539673,0
1.0324161052703857,0
1.9604350328445435,0
1.348495364189148,0
0.9653661847114563,0
45.275421142578125,0
0.9485393166542053,0
1.0604736804962158,0
1.1020658016204834,0
1.017970085144043,0
1.0429065227508545,0
1.0,0
1.6413648128509521,0
0.968792736530304,0
1.1314942836761475,0
1.0,0
1.0393335819244385,0
1.0232629776000977,0
1.0795258283615112,0
1.200706958770752,0
1.142656922340393,0
1.0128231048583984,0
1.0257107019424438,0
1.1069220304489136,0
1.0443345308303833,0
1.1326985359191895,0
1.2484421730041504,0
1.0861411094665527,0
1.3782700300216675,0
1.0198999643325806,0
1.0837510824203491,0
1.1664103269577026,0
1.0649739503860474,0
1.0063413381576538,0
0.9926587343215942,0
1.0622286796569824,0
1.2625322341918945,0
1.02647066116333,0
1.1179512739181519,0
1.0079342126846313,0
0.9875699281692505,0
1.2512465715408325,0
1.0202457904815674,0
1.0734561681747437,0
1.2822436094284058,0
0.9930819272994995,0
1.5198792219161987,0
0.9951452016830444,0
1.182035207748413,0
1.0654404163360596,0
1.281718134880066,0
1.0412578582763672,0
1.150259017944336,0
1.0058108568191528,0
1.0076383352279663,0
1.0197259187698364,0
1.1947557926177979,0
1.0010278224945068,0
1.0035823583602905,0
1.0578219890594482,0
1.023276925086975,0
1.1117573976516724,0
1.1839613914489746,0
1.0016627311706543,0
1.113435983657837,0
0.9494957327842712,0
1.0582536458969116,0
1.564048409461975,0
1.0315710306167603,0
1.1147491931915283,0
1.016140341758728,0
1.0036630630493164,0
1.1094378232955933,0
1.6813603639602661,0
1.0937789678573608,0
1.2623485326766968,0
1.0109400749206543,0
1.3561307191848755,0
1.1240417957305908,0
1.0607479810714722,0
0.9823660254478455,0
0.9785138368606567,0
1.0692960023880005,0
0.9677549004554749,0
1.01521897315979,0
1.4368391036987305,0
1.1733342409133911,0
1.1799756288528442,0
1.0098580121994019,0
1.025402307510376,0
1.0041319131851196,0
1.1589208841323853,0
1.0058053731918335,0
1.250783085823059,0
1.060903787612915,0
1.2953342199325562,0
1.2213417291641235,0
0.9645168781280518,0
0.970768392086029,0
1.066575527191162,0
1.2521761655807495,0
0.9955235123634338,0
1.0131120681762695,0
0.9794063568115234,0
0.9797623157501221,0
1.0007896423339844,0
0.9955255389213562,0
1.0370056629180908,0
1.0243182182312012,0
0.9680759906768799,0
1.0117897987365723,0
1.261581301689148,0
0.9622582197189331,0
1.1973705291748047,0
0.9983702301979065,0
1.25057053565979,0
1.0593247413635254,0
1.006404995918274,0
1.0303961038589478,0
0.9851874113082886,0
1.0278655290603638,0
1.0262172222137451,0
1.0420852899551392,0
0.9946985244750977,0
1.0957106351852417,0
1.0072985887527466,0
1.008157730102539,0
1.3021608591079712,0
1.0084319114685059,0
1.072597622871399,0
1.2744163274765015,0
0.9500542879104614,0
1.0524083375930786,0
1.2085890769958496,0
1.0109807252883911,0
1.1928966045379639,0
0.9829108119010925,0
1.012463927268982,0
0.9547076225280762,0
0.9873858094215393,0
1.015928864479065,0
1.4376131296157837,0
1.0547878742218018,0
1.0664533376693726,0
0.962261974811554,0
1.2444943189620972,0
0.9910351634025574,0
1.2504433393478394,0
0.9843153357505798,0
1.0099985599517822,0
1.066794753074646,0
1.056876540184021,0
1.314436912536621,0
1.0370246171951294,0
1.0264447927474976,0
0.9849963784217834,0
1.0067980289459229,0
1.0079700946807861,0
1.0528631210327148,0
0.9941921830177307,0
1.1379090547561646,0
82.86882781982422,0
0.9875011444091797,0
1.0322644710540771,0
1.2097551822662354,0
1.4490679502487183,0
1.108513593673706,0
1.1875567436218262,0
1.0017189979553223,0
1.104245901107788,0
1.1064221858978271,0
0.9879470467567444,0
1.0464445352554321,0
1.023346185684204,0
1.090270757675171,0
1.0365492105484009,0
1.0490314960479736,0
1.1793996095657349,0
1.3451300859451294,0
1.188055396080017,0
0.9985736608505249,0
1.1887205839157104,0
1.0647941827774048,0
0.9634467959403992,0
1.0098832845687866,0
1.0409430265426636,0
1.0129996538162231,0
1.7739322185516357,0
1.0276215076446533,0
1.014981985092163,0
1.3254528045654297,0
0.97431880235672,0
1.041698694229126,0
1.0078890323638916,0
1.1116186380386353,0
1.018326997756958,0
1.0133719444274902,0
1.0527583360671997,0
1.4711940288543701,0
1.0308282375335693,0
1.0231914520263672,0
1.0493860244750977,0
1.0587027072906494,0
1.099593997001648,0
1.0050410032272339,0
1.067533254623413,0
0.9964308738708496,0
1.067974328994751,0
1.4688087701797485,0
1.0286518335342407,0
1.1080422401428223,0
1.0596674680709839,0
1.012983798980713,0
1.6233789920806885,0
0.9764345288276672,0
0.9767245650291443,0
2.195391893386841,0
1.014242172241211,0
1.0601022243499756,0
1.1311269998550415,0
1.2394320964813232,0
0.9698898792266846,0
0.9893750548362732,0
0.9775240421295166,0
1.050513505935669,0
0.9997298717498779,0
1.3847675323486328,0
1.0191177129745483,0
0.9763576984405518,0
1.1381648778915405,0
1.1287951469421387,0
0.9744594097137451,0
1.0266631841659546,0
0.9849699139595032,0
1.2134233713150024,0
0.9873103499412537,0
1.0275949239730835,0
0.9985132813453674,0
1.3247672319412231,0
0.9993459582328796,0
0.9420545101165771,0
1.2029142379760742,0
1.0329313278198242,0
0.985756516456604,0
1.1793509721755981,0
0.9643388986587524,0
1.0490341186523438,0
1.0717686414718628,0
1.0133640766143799,0
1.2219057083129883,0
1.1758759021759033,0
1.0144126415252686,0
0.9623943567276001,0
1.1615018844604492,0
1.0789103507995605,0
1.021105408668518,0
1.056573510169983,0
0.9886422157287598,0
2.057837724685669,0
1.016181230545044,0
1.1121455430984497,0
2.000098705291748,0
1.0846922397613525,0
1.042918086051941,0
0.9848580956459045,0
1.0181655883789062,0
1.0497208833694458,0
0.9947009682655334,0
0.977581799030304,0
1.0431398153305054,0
1.1090015172958374,0
1.090604543685913,0
1.0273305177688599,0
1.0249487161636353,0
1.0398699045181274,0
1.0957285165786743,0
2.3162693977355957,0
3.8179898262023926,0
1.0129247903823853,0
0.99410480260849,0
1.2661583423614502,0
1.121693730354309,0
0.9987794160842896,0
1.026088833808899,0
1.1140505075454712,0
0.9568029642105103,0
0.9780200719833374,0
1.572405457496643,0
1.0796478986740112,0
1.517132043838501,0
0.9492266774177551,0
1.0760873556137085,0
1.7399464845657349,0
1.0160512924194336,0
1.169377088546753,0
1.0250786542892456,0
1.1571918725967407,0
1.0090277194976807,0
0.9861127734184265,0
1.0942189693450928,0
1.6778570413589478,0
1.232507348060608,0
0.9797248244285583,0
1.0203551054000854,0
0.9948793053627014,0
1.7534148693084717,0
1.0280036926269531,0
0.9888938665390015,0
1.0351085662841797,0
0.9929113984107971,0
1.0504167079925537,0
0.978220522403717,0
1.016931414604187,0
1.123132348060608,0
0.985401451587677,0
1.1765795946121216,0
1.304516315460205,0
1.1899067163467407,0
1.0173743963241577,0
0.9901483654975891,0
0.9849460124969482,0
1.0567653179168701,0
1.0281668901443481,0
1.0476336479187012,0
0.9971764087677002,0
0.9844975471496582,0
1.1081525087356567,0
1.1317484378814697,0
1.5666675567626953,0
1.032493233680725,0
0.9957399368286133,0
1.1458810567855835,0
1.0179229974746704,0
1.0197499990463257,0
1.028305172920227,0
1.1047483682632446,0
1.013312816619873,0
1.0278992652893066,0
0.9947913885116577,0
1.2124100923538208,0
1.2461791038513184,0
1.038715124130249,0
1.2086433172225952,0
1.1849308013916016,0
0.9866717457771301,0
1.0133074522018433,0
1.1840907335281372,0
0.9580096006393433,0
1.6028802394866943,0
1.171546220779419,0
1.0315415859222412,0
1.0481388568878174,0
1.0478872060775757,0
0.9756122827529907,0
1.2449146509170532,0
0.9850071668624878,0
0.9941274523735046,0
1.0160552263259888,0
1.5481665134429932,0
0.9719355702400208,0
0.9810855388641357,0
1.0913975238800049,0
1.0684443712234497,0
1.0471036434173584,0
1.066202998161316,0
1.0157755613327026,0
0.9815582036972046,0
0.9784144163131714,0
1.1066980361938477,0
1.318489909172058,0
1.0233964920043945,0
0.9965236783027649,0
1.1213538646697998,0
1.0876331329345703,0
0.9685754776000977,0
0.9753434062004089,0
21.211854934692383,0
1.1316040754318237,0
1.015964388847351,0
1.1346138715744019,0
1.0125977993011475,0
1.14677095413208,0
1.0887558460235596,0
1.3831522464752197,0
1.9363067150115967,0
1.2077091932296753,0
1.083356261253357,0
1.0049607753753662,0
1.0844788551330566,0
1.2515876293182373,0
1.0294729471206665,0
1.0240342617034912,0
0.9704018235206604,0
1.0199408531188965,0
1.0169026851654053,0
1.0175226926803589,0
1.1317222118377686,0
0.9398183226585388,0
1.3375200033187866,0
0.9907984733581543,0
1.0325475931167603,0
1.195733904838562,0
0.9864391684532166,0
1.0057202577590942,0
1.1637649536132812,0
0.9696654677391052,0
1.0248771905899048,0
1.5559030771255493,0
1.3053637742996216,0
1.084305763244629,0
0.9472466111183167,0
0.9972638487815857,0
1.3996156454086304,0
1.0168452262878418,0
1.2973567247390747,0
1.0504001379013062,0
1.017445683479309,0
1.093494176864624,0
1.0431028604507446,0
1.1213876008987427,0
1.0013728141784668,0
1.0099269151687622,0
2.7286856174468994,0
0.9735548496246338,0
1.8845247030258179,0
1.1299386024475098,0
1.0498911142349243,0
1.0442779064178467,0
1.0319139957427979,0
1.017554759979248,0
1.0877621173858643,0
1.145461916923523,0
1.0427716970443726,0
1.1346344947814941,0
0.9756302237510681,0
1.0023435354232788,0
1.1572047472000122,0
40.97138977050781,0
1.1841741800308228,0
1.6373488903045654,0
1.0054621696472168,0
1.1300076246261597,0
1.1285420656204224,0
1.0754923820495605,0
0.9926875829696655,0
1.0776652097702026,0
1.0017870664596558,0
0.9826667904853821,0
1.121270775794983,0
1.0743942260742188,0
1.1190632581710815,0
0.958372950553894,0
1.0616798400878906,0
1.130311131477356,0
1.0018683671951294,0
1.039815902709961,0
1.08266019821167,0
1.109487533569336,0
1.0451973676681519,0
1.0653048753738403,0
1.1394513845443726,0
2.360910654067993,0
1.6013686656951904,0
1.0278410911560059,0
0.9728255867958069,0
1.4591180086135864,0
0.9508373141288757,0
1.102386713027954,0
0.9845359921455383,0
1.04303777217865,0
1.0127540826797485,0
1.4545316696166992,0
1.0475667715072632,0
1.0138200521469116,0
1.0210407972335815,0
1.0374507904052734,0
1.095974326133728,0
1.309834599494934,0
1.0299197435379028,0
0.9992141127586365,0
1.131691336631775,0
1.1159933805465698,0
1.0593584775924683,0
1.0576587915420532,0
1.1435067653656006,0
1.0284429788589478,0
1.109089732170105,0
1.0334818363189697,0
1.1845455169677734,0
1.1751492023468018,0
0.9910562038421631,0
0.9811608791351318,0
1.0152866840362549,0
1.017637014389038,0
1.0250376462936401,0
1.0203067064285278,0
0.9946233034133911,0
1.000542163848877,0
2.2233235836029053,0
1.0517938137054443,0
0.9538751244544983,0
1.1251351833343506,0
1.043001413345337,0
1.0672414302825928,0
1.3012877702713013,0
1.036084771156311,0
0.9673022031784058,0
1.010296106338501,0
0.9925623536109924,0
1.0754613876342773,0
1.0227621793746948,0
1.0876882076263428,0
0.9928159117698669,0
1.0251232385635376,0
1.0002351999282837,0
1.014113426208496,0
1.0515632629394531,0
1.0121023654937744,0
0.972883403301239,0
0.9935086369514465,0
1.3375279903411865,0
0.9950802326202393,0
1.6017401218414307,0
1.054962158203125,0
1.0376384258270264,0
1.0222349166870117,0
1.0019149780273438,0
1.2079765796661377,0
1.0440441370010376,0
1.1781260967254639,0
2.8087270259857178,0
2.414337635040283,0
1.163686752319336,0
1.1736973524093628,0
1.1030077934265137,0
1.010527491569519,0
1.0815448760986328,0
1.0580475330352783,0
1.013960361480713,0
0.9929554462432861,0
1.3075507879257202,0
1.0228182077407837,0
1.0692732334136963,0
1.0048611164093018,0
1.1451029777526855,0
0.9879987239837646,0
1.291596531867981,0
0.9910351634025574,0
1.0076848268508911,0
1.025410532951355,0
1.112823247909546,0
1.06197988986969,0
1.049960732460022,0
1.0166101455688477,0
1.2215694189071655,0
1.0449371337890625,0
0.9996622204780579,0
1.2205554246902466,0
0.9971817135810852,0
1.0237414836883545,0
1.048855185508728,0
1.2165848016738892,0
1.1468039751052856,0
1.355927586555481,0
1.0446885824203491,0
1.0339694023132324,0
0.955318808555603,0
1.0523239374160767,0
4.423196792602539,0
1.1792582273483276,0
1.1208773851394653,0
1.2586716413497925,0
0.9974047541618347,0
0.9718425273895264,0
1.0233433246612549,0
1.1055514812469482,0
1.0574324131011963,0
1.581549048423767,0
1.0237141847610474,0
1.0069071054458618,0
0.9981335401535034,0
1.0058358907699585,0
0.9679033756256104,0
1.0755832195281982,0
1.048195481300354,0
1.5613168478012085,0
0.995665431022644,0
1.0021021366119385,0
1.0001206398010254,0
1.2215487957000732,0
1.272247552871704,0
2.1459717750549316,0
1.146175503730774,0
1.1175158023834229,0
1.1546250581741333,0
1.3151509761810303,0
1.2618978023529053,0
0.9846168756484985,0
1.2695072889328003,0
1.1605923175811768,0
1.2496073246002197,0
2.1255264282226562,0
1.0324065685272217,0
1.1611785888671875,0
1.0038790702819824,0
1.168585181236267,0
1.0,0
0.9381833672523499,0
1.0013117790222168,0
1.0032442808151245,0
3.5684163570404053,0
1.3124245405197144,0
1.0290124416351318,0
1.1937696933746338,0
1.0040150880813599,0
2.31099534034729,0
0.9946224093437195,0
1.0913840532302856,0
7.208736419677734,0
0.9723400473594666,0
1.1736211776733398,0
0.9452381134033203,0
1.1933457851409912,0
1.116576075553894,0
1.322460412979126,0
1.0782097578048706,0
1.0843915939331055,0
1.186631202697754,0
0.9601055383682251,0
0.9731807112693787,0
1.4130970239639282,0
1.2177497148513794,0
1.0584508180618286,0
1.4601913690567017,0
1.8843138217926025,0
1.0568374395370483,0
0.9938678741455078,0
1.071602702140808,0
0.9939185380935669,0
0.9672805666923523,0
0.9762609601020813,0
0.9950423240661621,0
1.0670725107192993,0
1.020652413368225,0
1.1206222772598267,0
0.996051549911499,0
0.9923823475837708,0
0.993087887763977,0
1.0618152618408203,0
0.9892854690551758,0
1.0927892923355103,0
0.9855461120605469,0
1.044118046760559,0
1.0233019590377808,0
1.050130009651184,0
1.1112892627716064,0
0.9733491539955139,0
1.2533071041107178,0
1.0105981826782227,0
0.9922388792037964,0
1.041892409324646,0
1.0610320568084717,0
0.9798783659934998,0
1.0200146436691284,0
1.001743197441101,0
0.9977070093154907,0
1.0871635675430298,0
0.9935653209686279,0
1.1206642389297485,0
1.0816636085510254,0
0.9633376002311707,0
1.0164737701416016,0
1.135651707649231,0
1.1532938480377197,0
1.1866388320922852,0
0.9702802300453186,0
0.9628036022186279,0
1.0167012214660645,0
1.053102731704712,0
1.150026559829712,0
1.0168980360031128,0
1.1550345420837402,0
1.0415624380111694,0
1.0968246459960938,0
0.9622806906700134,0
0.9905017614364624,0
0.9727999567985535,0
1.0308109521865845,0
1.3566726446151733,0
1.2744251489639282,0
1.1657556295394897,0
1.0746383666992188,0
0.9950000047683716,0
1.1826413869857788,0
2.0268166065216064,0
0.9776274561882019,0
1.106513261795044,0
1.1968201398849487,0
1.1207746267318726,0
1.0028313398361206,0
1.91681706905365,0
1.3042755126953125,0
1.2829196453094482,0
1.141967535018921,0
1.0298362970352173,0
1.0037699937820435,0
0.960940957069397,0
0.9629997611045837,0
0.9680898189544678,0
1.0552822351455688,0
1.0269542932510376,0
1.0896438360214233,0
1.584195852279663,0
1.059828519821167,0
0.9901500344276428,0
1.0175971984863281,0
1.1631284952163696,0
0.9779229164123535,0
1.0927767753601074,0
1.0307855606079102,0
1.1719621419906616,0
1.0061986446380615,0
1.1127114295959473,0
0.9967764019966125,0
1.0593899488449097,0
1.038765549659729,0
1.2090823650360107,0
1.0117965936660767,0
0.992523193359375,0
1.0387277603149414,0
1.0596376657485962,0
1.1066170930862427,0
1.0488920211791992,0
1.122908115386963,0
1.0478938817977905,0
1.3433012962341309,0
1.0973433256149292,0
1.0149513483047485,0
1.1553125381469727,0
0.9664881825447083,0
1.0548534393310547,0
1.0930404663085938,0
2.0685200691223145,0
0.9994844794273376,0
0.9821118712425232,0
1.0475900173187256,0
1.0099823474884033,0
1.0447571277618408,0
1.028536081314087,0
1.0700093507766724,0
1.0848745107650757,0
1.1299738883972168,0
1.06354820728302,0
1.0195239782333374,0
1.081925392150879,0
0.9572657942771912,0
1.1233172416687012,0
1.0545374155044556,0
0.9615194201469421,0
1.1655515432357788,0
0.9777365326881409,0
1.020870327949524,0
1.0547049045562744,0
1.2760334014892578,0
0.9852636456489563,0
0.9735739827156067,0
1.06783127784729,0
1.1743106842041016,0
1.0575817823410034,0
1.2073428630828857,0
1.146043062210083,0
1.0234220027923584,0
1.1314340829849243,0
1.0405412912368774,0
1.0655295848846436,0
1.1142373085021973,0
1.0774922370910645,0
0.9788590669631958,0
1.0145245790481567,0
0.9263637065887451,0
1.192829966545105,0
1.09452486038208,0
1.1602576971054077,0
1.094331979751587,0
1.3716827630996704,0
1.0134620666503906,0
0.9847018718719482,0
1.0579743385314941,0
0.9966068267822266,0
0.9770807027816772,0
0.9901409149169922,0
0.9888932108879089,0
1.0678415298461914,0
1.0153605937957764,0
1.019382357597351,0
1.1723791360855103,0
1.369783878326416,0
1.1185710430145264,0
1.1418064832687378,0
0.9849585294723511,0
1.1801146268844604,0
1.0437430143356323,0
1.5825004577636719,0
2.6480872631073,0
0.987503707408905,0
1.107757568359375,0
1.0540293455123901,0
1.0076531171798706,0
1.0064448118209839,0
1.0199267864227295,0
0.9741565585136414,0
1.1006741523742676,0
1.082195520401001,0
1.3108514547348022,0
1.0210832357406616,0
0.9862205982208252,0
1.2123744487762451,0
1.0027943849563599,0
1.114583969116211,0
1.0872761011123657,0
0.9721270799636841,0
1.0652793645858765,0
1.036868929862976,0
0.9822470545768738,0
0.9907616972923279,0
1.1681650876998901,0
1.138546347618103,0
1.2421096563339233,0
1.001063346862793,0
1.2799314260482788,0
1.0413811206817627,0
1.0454047918319702,0
1.0462815761566162,0
1.229041337966919,0
1.1649832725524902,0
1.064065933227539,0
0.9742754101753235,0
0.9720404744148254,0
1.1110029220581055,0
0.9745096564292908,0
0.9773946404457092,0
1.003951907157898,0
1.28778076171875,0
1.30128014087677,0
1.019848346710205,0
1.092602252960205,0
1.183634638786316,0
0.9452624917030334,0
1.0612883567810059,0
1.2365288734436035,0
0.9654216766357422,0
1.0158439874649048,0
1.0993837118148804,0
1.0587215423583984,0
1.1715481281280518,0
1.1374939680099487,0
1.0805542469024658,0
1.0408806800842285,0
1.3977982997894287,0
1.0443519353866577,0
2.817441463470459,0
1.303688645362854,0
1.1116654872894287,0
1.0754088163375854,0
1.007822871208191,0
0.9894673228263855,0
1.09810209274292,0
1.085457444190979,0
0.9653385877609253,0
1.291416049003601,0
1.0052253007888794,0
1.0454472303390503,0
2.792621612548828,0
0.9785287976264954,0
1.0175434350967407,0
1.0001657009124756,0
1.0087246894836426,0
1.2306784391403198,0
1.0072021484375,0
1.0894955396652222,0
2.478501319885254,0
1.1593341827392578,0
1.7901649475097656,0
0.971360445022583,0
1.2653449773788452,0
1.2065976858139038,0
1.1594178676605225,0
0.9482929706573486,0
1.025557041168213,0
1.0219653844833374,0
1.6142076253890991,0
1.4877606630325317,0
1.2306777238845825,0
1.011443018913269,0
1.0228095054626465,0
1.542559266090393,0
1.1116786003112793,0
1.9849001169204712,0
1.1355512142181396,0
1.0364816188812256,0
1.1721224784851074,0
1.0062768459320068,0
1.2419012784957886,0
1.0309067964553833,0
1.0209027528762817,0
1.0785690546035767,0
1.0612934827804565,0
1.1125651597976685,0
1.0069774389266968,0
0.9930351376533508,0
1.0013916492462158,0
1.0001206398010254,0
1.160899043083191,0
1.0837510824203491,0
1.0346482992172241,0
0.982090950012207,0
1.1845543384552002,0
0.9879169464111328,0
1.0664479732513428,0
0.9947500824928284,0
1.0194116830825806,0
0.969207763671875,0
1.087964653968811,0
0.9775133728981018,0
1.0279117822647095,0
1.0097217559814453,0
0.979214072227478,0
1.0367891788482666,0
1.0889948606491089,0
1.0613396167755127,0
1.1515618562698364,0
1.139459252357483,0
0.9153155088424683,0
1.055837869644165,0
1.2052968740463257,0
0.9900068640708923,0
1.010802149772644,0
1.0324922800064087,0
0.9905962944030762,0
1.2949899435043335,0
1.103538990020752,0
0.9749402403831482,0
1.0369884967803955,0
1.3229174613952637,0
1.1635353565216064,0
1.0063140392303467,0
1.047061800956726,0
1.0515199899673462,0
1.5514686107635498,0
0.9696139097213745,0
1.2121158838272095,0
1.2363340854644775,0
1.0283536911010742,0
1.09227454662323,0
1.1407538652420044,0
1.0604946613311768,0
0.9966497421264648,0
1.1687397956848145,0
1.00154709815979,0
0.9846330285072327,0
1.1674883365631104,0
1.0220152139663696,0
1.1234333515167236,0
1.6129801273345947,0
1.0279442071914673,0
0.9755904078483582,0
1.0004481077194214,0
1.0031161308288574,0
1.3399322032928467,0
0.9770294427871704,0
1.2920962572097778,0
1.1643776893615723,0
1.0199006795883179,0
1.107047200202942,0
1.0301162004470825,0
1.035999059677124,0
0.9617746472358704,0
0.9826693534851074,0
1.2503933906555176,0
1.0454338788986206,0
1.0056703090667725,0
1.0536890029907227,0
1.3359899520874023,0
0.9925786256790161,0
1.051001787185669,0
2.277921199798584,0
1.075163722038269,0
1.0677107572555542,0
1.1088169813156128,0
1.012520432472229,0
1.2294210195541382,0
1.489778757095337,0
1.0061510801315308,0
1.0227620601654053,0
1.0139721632003784,0
1.0979905128479004,0
1.271729826927185,0
1.009055495262146,0
1.1126285791397095,0
0.9886549711227417,0
1.062918782234192,0
1.3481439352035522,0
0.9811816811561584,0
0.9838599562644958,0
1.0597342252731323,0
1.5548405647277832,0
1.0326319932937622,0
1.2764137983322144,0
1.0780236721038818,0
1.161844253540039,0
1.0386016368865967,0
1.0303648710250854,0
1.1448811292648315,0
0.9840027093887329,0
1.0532662868499756,0
1.0167628526687622,0
0.9747435450553894,0
1.288555383682251,0
1.0030416250228882,0
1.0484713315963745,0
1.2259799242019653,0
1.2594385147094727,0
1.0822423696517944,0
1.0274330377578735,0
1.1399061679840088,0
0.9983805418014526,0
1.0726789236068726,0
1.1168020963668823,0
1.0996075868606567,0
1.0544085502624512,0
1.4269975423812866,0
0.9750595092773438,0
0.9970067143440247,0
1.0095912218093872,0
1.1014838218688965,0
1.1510623693466187,0
1.034860372543335,0
1.8068722486495972,0
1.0546561479568481,0
1.068076491355896,0
1.0202339887619019,0
1.0,0
1.0355405807495117,0
1.1267691850662231,0
1.0327942371368408,0
1.0034574270248413,0
1.0222840309143066,0
1.062035083770752,0
1.004485011100769,0
1.1293485164642334,0
1.2986055612564087,0
1.079530954360962,0
1.0696284770965576,0
1.0346317291259766,0
0.9602840542793274,0
1.0641199350357056,0
0.9907703399658203,0
1.3581281900405884,0
1.412615180015564,0
1.0560624599456787,0
0.9667465686798096,0
0.9481750726699829,0
1.204034686088562,0
1.1315226554870605,0
1.4499070644378662,0
1.068929672241211,0
1.1155577898025513,0
0.991975724697113,0
1.1278564929962158,0
0.9782339334487915,0
1.145974040031433,0
1.2176706790924072,0
1.334891676902771,0
1.1269174814224243,0
1.0028334856033325,0
1.0260368585586548,0
1.0274280309677124,0
1.0247551202774048,0
0.9835000038146973,0
1.0080407857894897,0
1.0188326835632324,0
1.040181279182434,0
0.9912003874778748,0
0.9947071671485901,0
1.0262196063995361,0
0.9869861006736755,0
1.0233433246612549,0
1.3123338222503662,0
0.9857139587402344,0
1.117838740348816,0
1.103711724281311,0
1.096117377281189,0
1.1123350858688354,0
0.9706097841262817,0
1.0018147230148315,0
1.0780936479568481,0
1.072787880897522,0
1.0046029090881348,0
1.1587275266647339,0
1.1211413145065308,0
1.0682991743087769,0
1.0359840393066406,0
1.0026681423187256,0
1.0345427989959717,0
1.2309250831604004,0
1.1781980991363525,0
1.0684001445770264,0
1.0033560991287231,0
1.0501160621643066,0
0.9982435703277588,0
1.0131281614303589,0
1.904455304145813,0
0.9739623665809631,0
1.0769400596618652,0
1.005560278892517,0
1.1614521741867065,0
1.2008309364318848,0
1.0309020280838013,0
0.9755299687385559,0
1.0093104839324951,0
2.0589919090270996,0
1.1329799890518188,0
1.0527846813201904,0
1.546154499053955,0
1.0576417446136475,0
1.0446317195892334,0
0.9800779223442078,0
1.068835735321045,0
1.161791205406189,0
1.0220180749893188,0
1.027310848236084,0
1.278411865234375,0
1.0137155055999756,0
2.0462682247161865,0
1.0172638893127441,0
1.0350964069366455,0
1.1547480821609497,0
0.9469135999679565,0
0.978330671787262,0
1.071039080619812,0
1.1172112226486206,0
0.9822946190834045,0
1.0296032428741455,0
1.1527951955795288,0
1.0275801420211792,0
0.9896925091743469,0
1.036057949066162,0
0.9633401036262512,0
1.0802867412567139,0
1.149005651473999,0
1.3300285339355469,0
1.0084388256072998,0
1.0049607753753662,0
1.092143177986145,0
1.1412887573242188,0
0.9823005199432373,0
0.9776854515075684,0
1.0120837688446045,0
0.9982235431671143,0
0.9768850803375244,0
1.0085365772247314,0
1.0644007921218872,0
1.0142698287963867,0
1.0107251405715942,0
1.3094698190689087,0
1.0380077362060547,0
0.9423990249633789,0
1.6038007736206055,0
1.0751012563705444,0
1.658691167831421,0
1.064597249031067,0
0.9966245889663696,0
1.0095429420471191,0
1.0844345092773438,0
0.9808262586593628,0
0.9849438071250916,0
1.1577074527740479,0
1.0667608976364136,0
0.9931421875953674,0
0.9874398112297058,0
2.1255264282226562,0
0.9593831896781921,0
0.9766018986701965,0
1.0227078199386597,0
0.9858118295669556,0
1.1208653450012207,0
1.4424229860305786,0
1.020313024520874,0
0.9864438772201538,0
1.1208035945892334,0
1.0039374828338623,0
0.9976877570152283,0
1.1140623092651367,0
1.1146442890167236,0
1.1999690532684326,0
1.2902253866195679,0
1.028021216392517,0
1.0399105548858643,0
1.2117316722869873,0
1.0202019214630127,0
1.027961015701294,0
0.9871423840522766,0
0.9806115627288818,0
0.977289080619812,0
1.032027006149292,0
0.9744353890419006,0
1.0424280166625977,0
0.9872640371322632,0
1.0225327014923096,0
1.0026997327804565,0
1.0035516023635864,0
0.9873103499412537,0
0.9921815991401672,0
1.0385808944702148,0
1.0602328777313232,0
0.9663079380989075,0
1.0707767009735107,0
2.4389541149139404,0
1.0108859539031982,0
1.032515525817871,0
0.9996927976608276,0
0.9698854088783264,0
1.0536774396896362,0
0.9978320002555847,0
1.0012801885604858,0
1.0160614252090454,0
1.0602197647094727,0
1.03236985206604,0
1.0020945072174072,0
1.0692692995071411,0
1.0561105012893677,0
1.0271122455596924,0
1.0030012130737305,0
1.0592820644378662,0
1.0313656330108643,0
0.9742991328239441,0
1.0951688289642334,0
0.9636186361312866,0
0.9919171929359436,0
1.0881214141845703,0
0.9594820141792297,0
1.1039010286331177,0
1.3582788705825806,0
1.033376693725586,0
1.1321161985397339,0
0.9958683252334595,0
0.9511114358901978,0
1.2024943828582764,0
0.9654847383499146,0
1.0250786542892456,0
0.9782894849777222,0
1.0330853462219238,0
1.281406044960022,0
1.551049828529358,0
1.038662075996399,0
1.3662075996398926,0
1.1439176797866821,0
1.2245559692382812,0
1.0210343599319458,0
0.9908354878425598,0
1.0798712968826294,0
1.0540858507156372,0
1.1860103607177734,0
1.0258474349975586,0
1.0380839109420776,0
1.0658975839614868,0
0.95348060131073,0
1.1733916997909546,0
1.162851333618164,0
0.9725587964057922,0
1.0,0
1.0310975313186646,0
1.1390280723571777,0
1.0530650615692139,0
1.0280934572219849,0
1.1349059343338013,0
1.6034127473831177,0
0.9996803998947144,0
1.0585054159164429,0
0.9585385918617249,0
1.928292989730835,0
1.0387099981307983,0
1.2688747644424438,0
2.8087270259857178,0
1.0140354633331299,0
1.046393632888794,0
1.1190394163131714,0
1.0101968050003052,0
1.1055959463119507,0
1.001034140586853,0
1.0369938611984253,0
1.006312608718872,0
1.2099782228469849,0
1.0449860095977783,0
1.0241546630859375,0
1.0183125734329224,0
0.9847186207771301,0
0.9954210519790649,0
0.9660645127296448,0
0.9619073867797852,0
1.0213608741760254,0
1.0235702991485596,0
1.035324215888977,0
1.2113070487976074,0
1.0231558084487915,0
0.968971848487854,0
1.0410621166229248,0
1.027706265449524,0
1.5216621160507202,0
1.0646697282791138,0
1.012103796005249,0
1.2128549814224243,0
1.0377777814865112,0
0.9886492490768433,0
0.957682192325592,0
1.1183885335922241,0
1.6960233449935913,0
1.1101418733596802,0
1.0547343492507935,0
1.1181659698486328,0
1.1232542991638184,0
0.9425449967384338,0
1.0247142314910889,0
1.0875484943389893,0
1.2140902280807495,0
1.0116956233978271,0
1.1995880603790283,0
1.2545539140701294,0
1.0586252212524414,0
0.9463871717453003,0
0.9833765029907227,0
1.045135259628296,0
0.9956051707267761,0
1.0109878778457642,0
1.0423264503479004,0
0.9788147807121277,0
1.0181652307510376,0
1.1472861766815186,0
1.0468157529830933,0
1.0728111267089844,0
0.9694116115570068,0
0.9931057691574097,0
0.9907141327857971,0
1.116924524307251,0
0.9885472059249878,0
1.0265828371047974,0
1.00832998752594,0
1.1234385967254639,0
0.9920538067817688,0
1.0460716485977173,0
1.2026872634887695,0
1.0695695877075195,0
1.0653003454208374,0
1.034446358680725,0
1.0079607963562012,0
1.0001206398010254,0
1.0750316381454468,0
1.0351228713989258,0
1.118173360824585,0
1.0951651334762573,0
1.4137569665908813,0
1.0773591995239258,0
1.0291821956634521,0
1.06557035446167,0
1.0339655876159668,0
1.036392092704773,0
1.035340428352356,0
1.0511054992675781,0
1.0550925731658936,0
1.1315196752548218,0
1.188012719154358,0
1.0486671924591064,0
0.9905490875244141,0
2.817441463470459,0
1.050498127937317,0
1.0407607555389404,0
1.173426866531372,0
1.1416778564453125,0
1.0086156129837036,0
1.202282428741455,0
1.126182198524475,0
1.1788784265518188,0
1.0169926881790161,0
1.1528692245483398,0
1.1876243352890015,0
1.004041075706482,0
1.0128064155578613,0
1.0053800344467163,0
0.989751935005188,0
0.9584417343139648,0
1.2445753812789917,0
1.3177481889724731,0
1.2085306644439697,0
0.9849741458892822,0
1.0972857475280762,0
1.0220179557800293,0
1.0112475156784058,0
1.026033639907837,0
1.2197790145874023,0
1.1191223859786987,0
0.9942068457603455,0
1.0935709476470947,0
1.0052481889724731,0
1.0674351453781128,0
1.007439136505127,0
0.9714697003364563,0
0.9858506321907043,0
1.1816558837890625,0
1.1071215867996216,0
0.9622806906700134,0
0.942463755607605,0
0.9572820663452148,0
1.138322353363037,0
0.9899828433990479,0
1.3298416137695312,0
1.181825041770935,0
1.0099748373031616,0
1.0854562520980835,0
1.0179336071014404,0
1.033017873764038,0
1.1044816970825195,0
1.5894659757614136,0
1.0276920795440674,0
1.0027803182601929,0
1.1453129053115845,0
1.0718474388122559,0
0.9838401675224304,0
0.9700720906257629,0
0.9693549871444702,0
1.0127593278884888,0
1.1272046566009521,0
1.0463135242462158,0
1.020729660987854,0
0.9933241605758667,0
1.5474016666412354,0
1.0428564548492432,0
1.008736491203308,0
0.9989548325538635,0
0.9872167110443115,0
1.0309276580810547,0
1.0912245512008667,0
1.2606456279754639,0
1.1038577556610107,0
1.1540446281433105,0
1.5579369068145752,0
1.093271255493164,0
1.0857934951782227,0
1.045746922492981,0
1.0851153135299683,0
1.09495210647583,0
0.9976380467414856,0
1.1250768899917603,0
1.0367106199264526,0
1.208297848701477,0
1.0099022388458252,0
0.9981369972229004,0
1.635276436805725,0
0.9654731750488281,0
1.1994729042053223,0
0.9845819473266602,0
1.0530455112457275,0
1.0289803743362427,0
1.0190397500991821,0
1.1199065446853638,0
1.1269601583480835,0
1.035585880279541,0
1.0623955726623535,0
1.121907353401184,0
1.2469089031219482,0
0.9933149218559265,0
2.8087270259857178,0
1.0393332242965698,0
1.169129729270935,0
0.976848840713501,0
1.0637521743774414,0
0.9929031729698181,0
1.778405785560608,0
1.2200908660888672,0
0.981794536113739,0
1.000064492225647,0
0.9844072461128235,0
1.1969616413116455,0
1.0960646867752075,0
1.046398639678955,0
1.0287078619003296,0
1.022091031074524,0
1.0308572053909302,0
1.0070250034332275,0
1.1976807117462158,0
1.1758133172988892,0
1.000216007232666,0
1.1776505708694458,0
1.0708285570144653,0
1.0008708238601685,0
1.1353214979171753,0
1.1220695972442627,0
0.9772425889968872,0
0.9388463497161865,0
1.1951955556869507,0
1.1235299110412598,0
1.0057685375213623,0
1.008129358291626,0
1.0646002292633057,0
1.3460201025009155,0
0.9883285760879517,0
1.323634386062622,0
0.9577986598014832,0
1.0072615146636963,0
1.1059197187423706,0
21.563671112060547,0
1.3841464519500732,0
1.0225616693496704,0
1.050734043121338,0
1.074623703956604,0
1.0501742362976074,0
1.3190778493881226,0
1.019883394241333,0
1.089070200920105,0
1.040826678276062,0
1.0079623460769653,0
0.996636152267456,0
1.127973198890686,0
1.0098683834075928,0
1.2233139276504517,0
0.979272186756134,0
1.0148792266845703,0
1.0629431009292603,0
1.1040698289871216,0
1.0862138271331787,0
0.9930170774459839,0
1.0304532051086426,0
1.1166881322860718,0
0.9869996309280396,0
0.9153155088424683,0
1.0219937562942505,0
1.0991461277008057,0
1.006726622581482,0
1.0843101739883423,0
1.0335583686828613,0
1.1710232496261597,0
1.0670439004898071,0
1.0018965005874634,0
1.4495820999145508,0
1.0435696840286255,0
1.1666446924209595,0
0.9667840003967285,0
1.0658495426177979,0
2.0036230087280273,0
0.9702469110488892,0
0.9647694826126099,0
1.0201237201690674,0
1.0231479406356812,0
0.9927018284797668,0
0.9654026627540588,0
1.025313377380371,0
1.2228519916534424,0
1.2233669757843018,0
1.0251001119613647,0
1.0063270330429077,0
1.0525867938995361,0
1.0006840229034424,0
1.1167784929275513,0
1.0637800693511963,0
2.5524394512176514,0
1.0312434434890747,0
1.0385773181915283,0
1.0029250383377075,0
1.1052671670913696,0
1.0197957754135132,0
2.8087270259857178,0
1.0762687921524048,0
1.075472354888916,0
1.0666650533676147,0
1.1448441743850708,0
0.998056173324585,0
1.0837510824203491,0
1.0000272989273071,0
1.075631856918335,0
1.1658267974853516,0
1.2392516136169434,0
1.1450519561767578,0
1.1180169582366943,0
1.093881368637085,0
1.3054275512695312,0
1.0707273483276367,0
1.2846800088882446,0
1.3891083002090454,0
1.0001049041748047,0
1.2078437805175781,0
0.9887186288833618,0
0.959078311920166,0
0.9614499807357788,0
0.9999688863754272,0
1.0293651819229126,0
1.778405785560608,0
1.022849202156067,0
1.0635614395141602,0
1.0021659135818481,0
1.00501549243927,0
1.0349255800247192,0
1.1300418376922607,0
1.1258572340011597,0
1.0907596349716187,0
0.9787275791168213,0
1.0833085775375366,0
1.064608097076416,0
1.310339093208313,0
1.0837211608886719,0
1.1307337284088135,0
0.9849376082420349,0
1.0362043380737305,0
1.0490182638168335,0
1.0716439485549927,0
0.982415497303009,0
1.0842527151107788,0
0.951963484287262,0
1.254051923751831,0
0.9717639088630676,0
0.9739201068878174,0
1.1521798372268677,0
1.0042064189910889,0
0.9736278653144836,0
0.9864192605018616,0
1.2637044191360474,0
0.9603931307792664,0
1.047502875328064,0
1.0153260231018066,0
1.1119619607925415,0
1.0020272731781006,0
1.2226685285568237,0
1.1984363794326782,0
1.0011974573135376,0
0.9756263494491577,0
1.129654884338379,0
0.9785110950469971,0
1.0702292919158936,0
1.022438883781433,0
1.2260187864303589,0
0.9985697269439697,0
0.9840410947799683,0
1.0160250663757324,0
1.0200473070144653,0
1.0439447164535522,0
1.1488734483718872,0
1.0845561027526855,0
1.2441047430038452,0
0.9555529356002808,0
1.373091220855713,0
0.9388463497161865,0
1.1573307514190674,0
1.3691117763519287,0
1.2094157934188843,0
1.1135878562927246,0
1.0864696502685547,0
1.1155859231948853,0
0.982930600643158,0
1.1366997957229614,0
1.3720369338989258,0
1.0033636093139648,0
1.1185203790664673,0
1.0052300691604614,0
0.9785352945327759,0
1.0232396125793457,0
1.034866213798523,0
1.0583093166351318,0
1.4234941005706787,0
1.1032302379608154,0
1.0292237997055054,0
0.999269425868988,0
0.967112123966217,0
1.0026285648345947,0
1.0302218198776245,0
1.0703080892562866,0
1.105812907218933,0
1.0961979627609253,0
1.0764213800430298,0
1.1628692150115967,0
1.2203251123428345,0
1.009534478187561,0
1.017953634262085,0
1.0016003847122192,0
1.0007179975509644,0
0.9857286214828491,0
1.0074074268341064,0
0.9855169653892517,0
1.1157326698303223,0
1.058021903038025,0
0.9875683784484863,0
56.37662124633789,0
1.680648684501648,0
1.6542257070541382,0
1.1505316495895386,0
1.1226115226745605,0
0.9809277057647705,0
1.0543084144592285,0
1.1595702171325684,0
1.1076992750167847,0
1.1838127374649048,0
0.9958667159080505,0
1.1906999349594116,0
1.1355844736099243,0
0.994858980178833,0
0.9846612811088562,0
0.9619064331054688,0
1.0399848222732544,0
0.9264693856239319,0
1.0641227960586548,0
1.0039914846420288,0
1.099613904953003,0
0.9628375172615051,0
1.0152264833450317,0
1.0373512506484985,0
1.4822872877120972,0
0.9925279021263123,0
1.0169315338134766,0
1.1873204708099365,0
1.0716029405593872,0
1.025566577911377,0
1.1433463096618652,0
1.1430630683898926,0
0.9980124831199646,0
3.8235933780670166,0
1.0288631916046143,0
0.9650579690933228,0
1.0348891019821167,0
1.0335208177566528,0
1.2974388599395752,0
1.1921672821044922,0
0.967571496963501,0
1.1866527795791626,0
1.0239523649215698,0
0.9836010336875916,0
1.4095379114151,0
1.0515918731689453,0
1.0594983100891113,0
1.006404995918274,0
1.1606637239456177,0
1.0156124830245972,0
1.0149513483047485,0
1.0250780582427979,0
0.9975950121879578,0
1.1590511798858643,0
1.0024172067642212,0
1.057932734489441,0
0.9958540797233582,0
1.1142878532409668,0
1.321269154548645,0
1.0235365629196167,0
0.9919760823249817,0
0.9475180506706238,0
1.0427860021591187,0
1.0031672716140747,0
1.435814380645752,0
1.1028560400009155,0
1.02418053150177,0
1.2046594619750977,0
1.0106205940246582,0
1.1467856168746948,0
0.9795315861701965,0
1.0007240772247314,0
0.9996700882911682,0
1.0003511905670166,0
1.0373533964157104,0
1.353490948677063,0
1.6757919788360596,0
0.995069682598114,0
1.0,0
1.1418089866638184,0
1.0631322860717773,0
1.0246655941009521,0
1.1470905542373657,0
0.9884901642799377,0
1.1216089725494385,0
1.0072969198226929,0
1.0696020126342773,0
0.9914385080337524,0
1.0004698038101196,0
0.9676676392555237,0
1.0100537538528442,0
1.0169665813446045,0
1.0129822492599487,0
1.1985015869140625,0
0.9740283489227295,0
1.143791675567627,0
1.5434287786483765,0
0.9907249212265015,0
1.0606091022491455,0
1.2126234769821167,0
0.9691085815429688,0
1.0871193408966064,0
1.0425087213516235,0
1.0401320457458496,0
1.0069667100906372,0
1.3141028881072998,0
1.0001708269119263,0
0.9771462082862854,0
1.0001206398010254,0
2.8125717639923096,0
0.9893999099731445,0
1.0715144872665405,0
1.0902491807937622,0
0.9950000047683716,0
0.9559245109558105,0
1.0295599699020386,0
1.0627930164337158,0
1.1038706302642822,0
1.021781325340271,0
1.2329072952270508,0
1.0215147733688354,0
1.021649956703186,0
1.119659423828125,0
1.0419033765792847,0
1.1027679443359375,0
0.9712282419204712,0
1.1268826723098755,0
1.0134294033050537,0
1.5054270029067993,0
0.9934734106063843,0
1.0590200424194336,0
1.029630422592163,0
1.303931713104248,0
1.1470990180969238,0
0.999424159526825,0
1.3124995231628418,0
1.0268505811691284,0
1.0149458646774292,0
1.0327537059783936,0
0.9959079027175903,0
1.000244140625,0
0.9882525205612183,0
1.0410144329071045,0
0.9898133277893066,0
1.023569107055664,0
1.1679586172103882,0
0.9989560842514038,0
1.0722324848175049,0
1.0784724950790405,0
1.0028268098831177,0
0.9941151142120361,0
1.1545735597610474,0
3.224353551864624,0
1.2029469013214111,0
1.0458145141601562,0
1.0044302940368652,0
1.0010037422180176,0
1.174481749534607,0
1.089816689491272,0
1.0175237655639648,0
1.0185884237289429,0
1.3041361570358276,0
1.05547297000885,0
1.0350102186203003,0
1.0147624015808105,0
1.0004538297653198,0
1.1733916997909546,0
1.0731260776519775,0
1.1536976099014282,0
1.0157091617584229,0
0.9979901313781738,0
1.0390219688415527,0
0.9632253050804138,0
1.2140192985534668,0
1.0938873291015625,0
1.007034182548523,0
0.9894438982009888,0
1.0183899402618408,0
1.0000663995742798,0
1.1102044582366943,0
1.058388113975525,0
0.9865661263465881,0
1.1452358961105347,0
0.9859238266944885,0
1.022337794303894,0
0.9937987923622131,0
1.0238096714019775,0
1.7830275297164917,0
1.044577717781067,0
1.0684669017791748,0
1.2900149822235107,0
1.0052855014801025,0
0.9980626702308655,0
1.518094539642334,0
0.9937301874160767,0
1.0133994817733765,0
1.0243343114852905,0
0.9879618287086487,0
1.0538554191589355,0
0.9786043763160706,0
0.9780722856521606,0
1.0074958801269531,0
1.0426701307296753,0
1.0330514907836914,0
1.5711138248443604,0
0.9585065841674805,0
2.8087270259857178,0
0.9452381134033203,0
1.0671309232711792,0
1.0381115674972534,0
0.9791026711463928,0
1.1614900827407837,0
1.0709974765777588,0
1.0148541927337646,0
1.28095281124115,0
0.9746771454811096,0
1.0628857612609863,0
1.4784742593765259,0
1.0392823219299316,0
0.992056667804718,0
0.9973371028900146,0
1.0125715732574463,0
0.9669792652130127,0
1.0838688611984253,0
1.0210307836532593,0
1.196009635925293,0
1.070605993270874,0
1.1096646785736084,0
1.0860081911087036,0
1.0278478860855103,0
1.0993672609329224,0
1.2910610437393188,0
0.9716585874557495,0
1.0507383346557617,0
0.9889519810676575,0
1.1409462690353394,0
0.9721522927284241,0
1.0752155780792236,0
1.0251976251602173,0
1.1508969068527222,0
1.0537821054458618,0
1.006418228149414,0
1.0754141807556152,0
1.1127005815505981,0
1.0179052352905273,0
1.0157135725021362,0
1.0536596775054932,0
1.0273041725158691,0
0.9587880373001099,0
1.0011361837387085,0
1.100965976715088,0
1.325201392173767,0
1.021289587020874,0
1.0811389684677124,0
1.1502487659454346,0
1.0054398775100708,0
1.5364078283309937,0
0.990270733833313,0
1.5892360210418701,0
0.9790405035018921,0
1.0618932247161865,0
1.0306777954101562,0
1.0290066003799438,0
1.033703327178955,0
1.560351014137268,0
1.090698003768921,0
1.199473261833191,0
1.0314956903457642,0
1.0222344398498535,0
0.9747634530067444,0
1.0975505113601685,0
0.9775248169898987,0
1.0016051530838013,0
1.0300281047821045,0
1.0501292943954468,0
0.9622806906700134,0
0.9977066516876221,0
1.1652886867523193,0
0.9985531568527222,0
1.2177937030792236,0
1.0746490955352783,0
0.9429950714111328,0
1.0156253576278687,0
1.0151325464248657,0
0.9744552373886108,0
1.1507693529129028,0
1.152532696723938,0
0.9777149558067322,0
1.0325480699539185,0
1.0563608407974243,0
0.9595656991004944,0
1.1163429021835327,0
1.0536439418792725,0
0.9486303329467773,0
1.0948277711868286,0
1.0749611854553223,0
1.0105483531951904,0
1.0346168279647827,0
1.0377237796783447,0
1.1199345588684082,0
1.1271567344665527,0
1.052009105682373,0
1.0222680568695068,0
1.0522865056991577,0
1.0064258575439453,0
1.2941298484802246,0
1.0306737422943115,0
1.3950632810592651,0
1.3009389638900757,0
1.1387325525283813,0
0.9725481271743774,0
1.0807651281356812,0
0.9926335215568542,0
1.0558080673217773,0
1.0451618432998657,0
1.0700275897979736,0
1.0563136339187622,0
1.097577691078186,0
0.9854132533073425,0
1.4145461320877075,0
1.2689025402069092,0
1.0347402095794678,0
1.327330231666565,0
1.1237232685089111,0
1.200738787651062,0
1.0955177545547485,0
1.001124620437622,0
1.129475712776184,0
1.0149834156036377,0
1.0954042673110962,0
1.008070945739746,0
1.0568639039993286,0
1.084827184677124,0
1.1957674026489258,0
0.9669778943061829,0
1.01034677028656,0
1.0611544847488403,0
1.0181201696395874,0
0.9603375792503357,0
1.0007880926132202,0
1.0198513269424438,0
1.0458028316497803,0
1.0179142951965332,0
1.0050585269927979,0
1.1125351190567017,0
1.041451096534729,0
1.326090931892395,0
1.0117201805114746,0
0.9490019083023071,0
1.0640288591384888,0
0.9570683836936951,0
1.024611234664917,0
1.4106770753860474,0
0.9923126101493835,0
0.9402430057525635,0
1.0630463361740112,0
1.2180523872375488,0
1.0559725761413574,0
1.182726263999939,0
1.0029473304748535,0
0.9971622824668884,0
1.037833333015442,0
1.1482326984405518,0
1.0047358274459839,0
1.0459015369415283,0
1.1547714471817017,0
1.136276364326477,0
1.003658413887024,0
0.9995958805084229,0
1.102754831314087,0
1.0413508415222168,0
1.02232027053833,0
1.0338279008865356,0
1.076210856437683,0
1.0945664644241333,0
1.2399955987930298,0
1.0626204013824463,0
0.9939917325973511,0
0.9957703948020935,0
0.9783780574798584,0
0.9892086386680603,0
1.0022770166397095,0
1.154990553855896,0
0.9796879291534424,0
1.116956114768982,0
0.9324219226837158,0
1.4797351360321045,0
1.0165257453918457,0
1.1299484968185425,0
1.166014552116394,0
1.086455225944519,0
0.9839040637016296,0
1.591747522354126,0
1.0138494968414307,0
1.0879501104354858,0
0.9924503564834595,0
1.0205320119857788,0
1.3149068355560303,0
1.8011798858642578,0
1.03913414478302,0
1.0042330026626587,0
0.9992887377738953,0
1.0651551485061646,0
1.1127554178237915,0
0.9923599362373352,0
1.5544456243515015,0
1.0188745260238647,0
1.6322062015533447,0
1.4752326011657715,0
1.1826149225234985,0
1.391060471534729,0
1.2421348094940186,0
1.8333609104156494,0
1.086363673210144,0
1.0303304195404053,0
1.0511751174926758,0
1.0385197401046753,0
1.2316621541976929,0
1.1786311864852905,0
1.1248446702957153,0
0.992851734161377,0
1.5202891826629639,0
1.0029605627059937,0
1.0254188776016235,0
1.2065976858139038,0
0.971925675868988,0
1.0297462940216064,0
1.2017608880996704,0
1.1975895166397095,0
1.0270224809646606,0
1.1458545923233032,0
1.0469242334365845,0
1.0102715492248535,0
1.0141854286193848,0
1.4382296800613403,0
1.0754163265228271,0
1.0320253372192383,0
1.0105986595153809,0
1.0620590448379517,0
1.0186362266540527,0
1.0216730833053589,0
1.047358751296997,0
1.749370813369751,0
1.4737392663955688,0
1.1846758127212524,0
1.0147700309753418,0
1.150726556777954,0
1.000617504119873,0
82.86882781982422,0
1.006359338760376,0
1.0319669246673584,0
1.0001306533813477,0
1.0498816967010498,0
1.0077812671661377,0
1.0206822156906128,0
1.2170352935791016,0
0.9381833672523499,0
0.9392057657241821,0
1.0264675617218018,0
1.0112202167510986,0
1.0321799516677856,0
0.9924997091293335,0
1.0387158393859863,0
0.976978063583374,0
1.0230048894882202,0
1.0540809631347656,0
1.183698296546936,0
1.6020663976669312,0
1.0516308546066284,0
1.3113280534744263,0
1.1995782852172852,0
1.3396800756454468,0
1.0221484899520874,0
1.0210809707641602,0
1.0285744667053223,0
1.0251458883285522,0
1.0080381631851196,0
0.9596869945526123,0
1.0940871238708496,0
1.296676754951477,0
1.2277491092681885,0
0.9807619452476501,0
1.0243794918060303,0
1.131605625152588,0
1.0233508348464966,0
1.0001206398010254,0
0.9720198512077332,0
0.9629143476486206,0
1.1826075315475464,0
0.9787275791168213,0
1.333264946937561,0
0.9604745507240295,0
1.1684517860412598,0
1.064996600151062,0
1.264878273010254,0
1.1316852569580078,0
1.0801137685775757,0
0.9721522927284241,0
0.9942713975906372,0
1.3274736404418945,0
1.3301247358322144,0
1.0297784805297852,0
1.1687077283859253,0
1.1392165422439575,0
1.088329553604126,0
1.0261025428771973,0
1.0650354623794556,0
0.9578154683113098,0
0.9902992844581604,0
1.5161818265914917,0
0.9614882469177246,0
1.1483403444290161,0
0.9885331392288208,0
1.0226755142211914,0
1.3516426086425781,0
1.099019169807434,0
1.0215340852737427,0
1.022483468055725,0
1.1042156219482422,0
1.0006133317947388,0
1.022437572479248,0
1.3147284984588623,0
1.012673020362854,0
1.0015618801116943,0
1.2029142379760742,0
0.9717104434967041,0
0.9750248193740845,0
0.9719772934913635,0
1.0836964845657349,0
0.9964176416397095,0
1.0520159006118774,0
1.294687032699585,0
2.4998443126678467,0
1.012558102607727,0
2.3417181968688965,0
1.1528382301330566,0
1.0208098888397217,0
1.0332914590835571,0
1.2659159898757935,0
1.0334010124206543,0
0.9957017302513123,0
1.0281928777694702,0
1.427381992340088,0
0.9810827374458313,0
1.0269054174423218,0
1.119516372680664,0
1.0955578088760376,0
1.2011932134628296,0
1.21196711063385,0
1.0944613218307495,0
1.0765293836593628,0
1.0359994173049927,0
1.3173844814300537,0
0.9859077334403992,0
1.0072288513183594,0
1.1881085634231567,0
0.9955490231513977,0
1.1248193979263306,0
1.091369390487671,0
1.0072826147079468,0
1.371078610420227,0
1.0236274003982544,0
1.0079154968261719,0
1.012826919555664,0
1.408941388130188,0
1.225326418876648,0
1.0509155988693237,0
1.8510137796401978,0
0.9958028197288513,0
1.0457204580307007,0
1.3962161540985107,0
1.0,0
0.9759203791618347,0
1.021052598953247,0
1.0189428329467773,0
0.9737561941146851,0
1.017999291419983,0
1.0015816688537598,0
1.0292325019836426,0
0.9704018235206604,0
1.0235313177108765,0
0.987586259841919,0
1.028485894203186,0
1.1183342933654785,0
1.057551383972168,0
1.0372116565704346,0
1.0198639631271362,0
1.073307752609253,0
1.0202113389968872,0
1.0210214853286743,0
1.003618836402893,0
0.9808046817779541,0
1.3970104455947876,0
6.823388576507568,0
0.9897462129592896,0
1.0760644674301147,0
1.3860139846801758,0
1.0231122970581055,0
1.4648385047912598,0
1.006478190422058,0
1.1058034896850586,0
1.027998447418213,0
1.0147162675857544,0
2.1073009967803955,0
1.0053560733795166,0
1.0,0
1.0213934183120728,0
1.5743132829666138,0
0.9540991187095642,0
1.0553710460662842,0
1.1618762016296387,0
1.1322262287139893,0
0.9755600094795227,0
1.0397484302520752,0
0.9833338856697083,0
1.0817300081253052,0
1.0733107328414917,0
1.0198456048965454,0
0.994587779045105,0
1.051438808441162,0
1.9604350328445435,0
2.9792308807373047,0
0.978428840637207,0
1.0195586681365967,0
1.089492917060852,0
1.06293785572052,0
1.09673273563385,0
1.0316787958145142,0
0.9880965948104858,0
0.9664327502250671,0
1.3501914739608765,0
1.0,0
1.0637978315353394,0
1.0473564863204956,0
1.0766242742538452,0
1.2358373403549194,0
0.9942337274551392,0
1.3003430366516113,0
0.9995992183685303,0
1.0093220472335815,0
1.0858361721038818,0
1.2897828817367554,0
0.9988117218017578,0
0.9821534752845764,0
1.0588737726211548,0
1.062816858291626,0
1.02089262008667,0
1.0046250820159912,0
1.0206775665283203,0
2.0179150104522705,0
1.03302800655365,0
0.96756511926651,0
1.0199466943740845,0
1.0127935409545898,0
1.4054468870162964,0
1.00676691532135,0
56.96746826171875,0
1.024709701538086,0
1.152527928352356,0
1.5194276571273804,0
1.1559401750564575,0
0.9564862847328186,0
1.0512425899505615,0
0.9992339015007019,0
1.120970606803894,0
1.0226261615753174,0
0.9827524423599243,0
0.9955595135688782,0
1.0071972608566284,0
0.9763070344924927,0
1.0036121606826782,0
0.9822704195976257,0
0.997161328792572,0
1.1320462226867676,0
0.9695631861686707,0
1.3680402040481567,0
1.0034974813461304,0
1.1161688566207886,0
0.9979640245437622,0
1.0543931722640991,0
0.9777892827987671,0
1.0498212575912476,0
0.975237250328064,0
0.9872190356254578,0
1.00303316116333,0
1.0289193391799927,0
1.0390352010726929,0
1.1984014511108398,0
1.1338903903961182,0
1.2046159505844116,0
1.0090218782424927,0
1.5000628232955933,0
1.0,0
1.063925862312317,0
1.0267490148544312,0
1.0338025093078613,0
1.1001760959625244,0
1.1534565687179565,0
1.0001184940338135,0
1.1146899461746216,0
0.9837688207626343,0
1.1247954368591309,0
1.0214365720748901,0
0.9886223077774048,0
1.0244660377502441,0
1.0738104581832886,0
1.0189036130905151,0
0.9498474597930908,0
1.154283881187439,0
1.0439575910568237,0
1.2672175168991089,0
0.9961618185043335,0
0.9319157600402832,0
1.3062721490859985,0
1.2040603160858154,0
1.0787925720214844,0
1.0371729135513306,0
0.9320731163024902,0
1.0321074724197388,0
1.0146628618240356,0
1.0093904733657837,0
1.0351547002792358,0
1.0474653244018555,0
0.9995693564414978,0
1.0815527439117432,0
1.1755090951919556,0
1.1496340036392212,0
1.0895031690597534,0
1.0591657161712646,0
1.0084818601608276,0
0.959461510181427,0
0.965666651725769,0
0.9679420590400696,0
1.1929038763046265,0
1.1834603548049927,0
1.3481718301773071,0
0.9729803204536438,0
1.0135380029678345,0
1.0171738862991333,0
1.4943691492080688,0
0.9928155541419983,0
1.323418140411377,0
0.9416497945785522,0
1.0588570833206177,0
1.0683714151382446,0
1.0870956182479858,0
1.0215924978256226,0
1.0972667932510376,0
0.9720032811164856,0
1.1369826793670654,0
1.2380930185317993,0
1.0311163663864136,0
1.0018202066421509,0
1.120080590248108,0
1.0028045177459717,0
1.0735830068588257,0
0.9996837973594666,0
1.034228801727295,0
0.978327214717865,0
1.1900691986083984,0
1.3058806657791138,0
1.269722580909729,0
1.1626319885253906,0
1.0737992525100708,0
1.2134084701538086,0
1.024967074394226,0
1.0031665563583374,0
0.999695897102356,0
0.9794439077377319,0
0.96782386302948,0
1.0073095560073853,0
1.0401220321655273,0
1.0272024869918823,0
1.2624884843826294,0
0.9452381134033203,0
1.0068258047103882,0
1.069587230682373,0
1.101208209991455,0
0.9152644276618958,0
1.0372122526168823,0
1.0901192426681519,0
1.1041637659072876,0
0.9569265842437744,0
0.9758564233779907,0
1.0677406787872314,0
1.008442997932434,0
1.1859707832336426,0
1.0113089084625244,0
1.0733838081359863,0
1.005555510520935,0
1.002131700515747,0
1.1621129512786865,0
0.9946675896644592,0
0.9725309014320374,0
1.0299957990646362,0
0.9980147480964661,0
1.0261389017105103,0
1.1184451580047607,0
1.0072903633117676,0
1.0525089502334595,0
1.1291115283966064,0
1.0651469230651855,0
1.0868167877197266,0
1.1412979364395142,0
1.050633192062378,0
1.0350624322891235,0
1.06162428855896,0
0.9988163113594055,0
1.331979513168335,0
1.0696806907653809,0
1.0224782228469849,0
0.9933627247810364,0
1.024044156074524,0
1.802085518836975,0
1.1287336349487305,0
0.9963198900222778,0
2.2094645500183105,0
1.5551326274871826,0
0.9959490895271301,0
1.0057499408721924,0
1.3497413396835327,0
0.9959109425544739,0
1.071500539779663,0
1.0720711946487427,0
0.9452381134033203,0
1.0198123455047607,0
1.0906062126159668,0
1.0290203094482422,0
1.210927128791809,0
1.4446862936019897,0
0.9997425675392151,0
1.0995893478393555,0
1.0368797779083252,0
1.0330651998519897,0
0.972599446773529,0
1.778405785560608,0
1.0086702108383179,0
1.1489636898040771,0
1.2231520414352417,0
1.184701681137085,0
1.1079355478286743,0
1.2173315286636353,0
0.9895675182342529,0
1.031842589378357,0
1.017268180847168,0
0.9722808003425598,0
0.9902366995811462,0
0.9939779043197632,0
1.0118682384490967,0
0.9701336026191711,0
1.0357927083969116,0
0.9773406386375427,0
1.0948773622512817,0
1.0465471744537354,0
0.9976456165313721,0
0.9968024492263794,0
1.0073833465576172,0
0.9842736721038818,0
1.0151978731155396,0
1.019187569618225,0
0.9680759906768799,0
1.2909486293792725,0
1.0442187786102295,0
1.096526026725769,0
1.070735216140747,0
1.2924188375473022,0
1.0335780382156372,0
0.9842013120651245,0
1.2352620363235474,0
0.9754571318626404,0
1.2576860189437866,0
1.0042822360992432,0
1.0714067220687866,0
1.001145601272583,0
1.3406784534454346,0
1.1733916997909546,0
1.8380000591278076,0
0.9481750726699829,0
1.2540127038955688,0
1.0250073671340942,0
1.334732174873352,0
1.0131372213363647,0
1.037034273147583,0
1.4558953046798706,0
1.164790153503418,0
1.155889630317688,0
1.0320169925689697,0
1.0420125722885132,0
1.1941837072372437,0
0.9953477382659912,0
0.9622806906700134,0
2.0462682247161865,0
1.1219738721847534,0
1.0114096403121948,0
1.0684622526168823,0
1.6000357866287231,0
1.0166929960250854,0
1.0400816202163696,0
0.9597185850143433,0
1.5061182975769043,0
0.9966760873794556,0
1.383012294769287,0
0.975632905960083,0
1.0153919458389282,0
0.9672269225120544,0
1.1239978075027466,0
1.2342039346694946,0
1.1174910068511963,0
1.1799588203430176,0
1.0172178745269775,0
0.9829512238502502,0
1.0558879375457764,0
0.985327959060669,0
1.1025961637496948,0
1.0679084062576294,0
0.9799853563308716,0
1.135189175605774,0
1.000007152557373,0
1.0883029699325562,0
0.9854564070701599,0
0.9951941967010498,0
1.0444589853286743,0
1.3073607683181763,0
1.1873574256896973,0
1.1252127885818481,0
1.1801005601882935,0
1.1163119077682495,0
1.0055488348007202,0
1.0479655265808105,0
1.1328741312026978,0
1.0391517877578735,0
1.0419009923934937,0
1.3143771886825562,0
1.6791353225708008,0
1.0247575044631958,0
1.0480951070785522,0
1.0837510824203491,0
1.0623668432235718,0
1.1285747289657593,0
0.9861279726028442,0
1.0007903575897217,0
1.0060404539108276,0
0.9810416102409363,0
0.9852188229560852,0
1.0724778175354004,0
1.008313536643982,0
0.9814568758010864,0
1.1712632179260254,0
1.337349534034729,0
1.0927077531814575,0
1.0306428670883179,0
1.1645890474319458,0
1.0287078619003296,0
1.0259705781936646,0
1.3318812847137451,0
1.017289161682129,0
0.982272744178772,0
0.9883918166160583,0
1.2149990797042847,0
0.9975000619888306,0
1.0068756341934204,0
1.115666389465332,0
1.435007095336914,0
0.9871923327445984,0
1.0412136316299438,0
1.0200622081756592,0
1.0168641805648804,0
2.629495620727539,0
1.153488278388977,0
2.277921199798584,0
0.9638884663581848,0
0.9766715168952942,0
0.9950000047683716,0
1.2421982288360596,0
1.3239998817443848,0
1.0362505912780762,0
0.9897211790084839,0
1.0158389806747437,0
1.1265764236450195,0
1.1166430711746216,0
1.030442237854004,0
0.9762571454048157,0
1.0479958057403564,0
0.9718419909477234,0
0.9870464205741882,0
0.9743407368659973,0
1.0905543565750122,0
1.2297120094299316,0
1.0151197910308838,0
1.036273717880249,0
1.0593321323394775,0
1.077837586402893,0
1.143889307975769,0
1.1045554876327515,0
0.9456197023391724,0
1.0777322053909302,0
1.247666597366333,0
1.0530169010162354,0
1.0571410655975342,0
1.0164976119995117,0
1.060805320739746,0
0.9803318977355957,0
0.9316407442092896,0
1.0708198547363281,0
1.2328956127166748,0
1.011178731918335,0
0.9739447236061096,0
1.0405470132827759,0
0.9552419781684875,0
1.034737229347229,0
0.991205632686615,0
1.0184088945388794,0
1.0788977146148682,0
1.070332407951355,0
1.4164602756500244,0
1.1155859231948853,0
1.0688682794570923,0
1.0037556886672974,0
1.063581109046936,0
1.365281343460083,0
1.013005018234253,0
1.0128010511398315,0
1.1909189224243164,0
1.0189763307571411,0
1.4449714422225952,0
113.72456359863281,0
0.9844162464141846,0
1.0721302032470703,0
1.0096402168273926,0
1.0110595226287842,0
1.0209378004074097,0
1.1461539268493652,0
1.0173990726470947,0
1.0070717334747314,0
0.9133878350257874,0
1.0582364797592163,0
0.9881353378295898,0
1.124613642692566,0
1.0285766124725342,0
1.1539056301116943,0
1.1013106107711792,0
1.2890585660934448,0
1.377081036567688,0
1.0368465185165405,0
1.1308784484863281,0
1.0456513166427612,0
1.0,0
1.4844543933868408,0
1.0047317743301392,0
0.9980459213256836,0
2.6211390495300293,0
1.0181907415390015,0
1.0450791120529175,0
1.0120083093643188,0
1.0110591650009155,0
1.1132723093032837,0
1.0359258651733398,0
0.9985706210136414,0
1.0984063148498535,0
1.0333967208862305,0
1.1738799810409546,0
1.1452800035476685,0
1.0181829929351807,0
1.0669766664505005,0
1.1662157773971558,0
1.5546681880950928,0
1.0903818607330322,0
1.0410408973693848,0
1.5626647472381592,0
1.022685170173645,0
0.9474517107009888,0
1.1430636644363403,0
0.9829666614532471,0
0.986604630947113,0
0.9863500595092773,0
1.0638768672943115,0
1.0931693315505981,0
1.495071530342102,0
1.1083863973617554,0
0.9550711512565613,0
1.0635924339294434,0
0.9838833808898926,0
1.2029881477355957,0
1.050025224685669,0
1.5288372039794922,0
0.967080295085907,0
2.3422770500183105,0
1.0531781911849976,0
1.1892049312591553,0
0.9845559597015381,0
1.1480704545974731,0
1.3101894855499268,0
0.9828218817710876,0
1.255373477935791,0
1.0166268348693848,0
0.994488537311554,0
1.5146204233169556,0
1.1405068635940552,0
1.2411930561065674,0
0.9802054762840271,0
1.1147611141204834,0
0.9804573059082031,0
0.9726287722587585,0
0.9876450896263123,0
56.371517181396484,0
0.976259708404541,0
1.0088474750518799,0
1.115963339805603,0
1.0157783031463623,0
1.114927887916565,0
0.9696245193481445,0
1.0025089979171753,0
1.0889042615890503,0
1.0296605825424194,0
0.9754595756530762,0
2.317049264907837,0
1.7510926723480225,0
1.0468175411224365,0
1.0548527240753174,0
1.0435470342636108,0
1.6106659173965454,0
1.0981192588806152,0
1.5018457174301147,0
0.9989041686058044,0
1.0941938161849976,0
0.9736981391906738,0
1.047266960144043,0
1.0069433450698853,0
1.0387630462646484,0
1.4016462564468384,0
1.019654393196106,0
1.0521020889282227,0
0.9819418787956238,0
1.2432451248168945,0
1.0645872354507446,0
1.140991449356079,0
1.2598849534988403,0
1.0351145267486572,0
1.0026131868362427,0
1.209978699684143,0
1.100396990776062,0
1.0461806058883667,0
1.0063464641571045,0
1.0670684576034546,0
1.003494143486023,0
1.0321968793869019,0
0.9956018924713135,0
0.9939092993736267,0
1.0113153457641602,0
0.982377290725708,0
1.6269638538360596,0
1.0550237894058228,0
1.1095651388168335,0
1.3268522024154663,0
0.9873490333557129,0
1.0210367441177368,0
0.9817183613777161,0
1.4125734567642212,0
1.0003745555877686,0
1.0420805215835571,0
1.068950891494751,0
1.1368589401245117,0
1.2119359970092773,0
1.005260705947876,0
1.0054848194122314,0
0.9841508269309998,0
0.9770675897598267,0
1.030851125717163,0
0.981697142124176,0
1.0916861295700073,0
0.9807454347610474,0
0.9967295527458191,0
1.1030217409133911,0
1.1360739469528198,0
1.0673872232437134,0
1.0232096910476685,0
1.121290922164917,0
1.0680599212646484,0
0.9811044335365295,0
1.0086525678634644,0
1.0513018369674683,0
1.082842230796814,0
1.0925440788269043,0
1.1502140760421753,0
0.9853988885879517,0
1.1117388010025024,0
1.4318333864212036,0
1.0167832374572754,0
0.9867631196975708,0
1.5722798109054565,0
1.0744800567626953,0
1.0984700918197632,0
0.9417619109153748,0
0.9990319013595581,0
0.989525318145752,0
1.5084877014160156,0
1.2077795267105103,0
1.3090252876281738,0
0.990280270576477,0
1.0299391746520996,0
1.0033016204833984,0
1.0293505191802979,0
1.0191911458969116,0
0.9965527057647705,0
1.1265214681625366,0
1.052978515625,0
1.1173202991485596,0
1.122865915298462,0
1.0346637964248657,0
1.012780785560608,0
1.1423557996749878,0
0.9752025604248047,0
0.9787794351577759,0
1.1212793588638306,0
1.085444450378418,0
1.3076122999191284,0
2.4347574710845947,0
0.9806069135665894,0
1.0386937856674194,0
1.049481749534607,0
1.0536469221115112,0
0.9879549741744995,0
1.0562225580215454,0
1.257332682609558,0
1.0222586393356323,0
0.9876328110694885,0
1.345861554145813,0
1.0362619161605835,0
0.9913100600242615,0
1.0718871355056763,0
0.9635212421417236,0
1.0263488292694092,0
1.11756432056427,0
1.0196397304534912,0
1.0425152778625488,0
1.007068395614624,0
1.4286917448043823,0
1.0666813850402832,0
1.3569716215133667,0
0.9714744687080383,0
1.4549330472946167,0
1.1429119110107422,0
1.1874557733535767,0
1.0685539245605469,0
1.0024337768554688,0
0.9900681376457214,0
1.0373296737670898,0
1.0484637022018433,0
1.0371427536010742,0
0.9731342792510986,0
1.043511152267456,0
2.817441463470459,0
1.0102035999298096,0
0.9832695722579956,0
1.147215723991394,0
1.0564440488815308,0
1.0080851316452026,0
1.0609654188156128,0
1.0056593418121338,0
1.1228466033935547,0
1.8573532104492188,0
1.0729490518569946,0
0.9816515445709229,0
0.9637457132339478,0
1.0089157819747925,0
0.981498658657074,0
1.0078034400939941,0
1.1591777801513672,0
1.0326253175735474,0
1.0411704778671265,0
1.3286526203155518,0
1.1471765041351318,0
0.9794703125953674,0
1.0176657438278198,0
1.1158732175827026,0
1.1454910039901733,0
0.9761928915977478,0
1.1433072090148926,0
1.0332738161087036,0
1.106997013092041,0
1.0337977409362793,0
1.154402256011963,0
0.9984874129295349,0
1.0115360021591187,0
1.4588711261749268,0
1.1355786323547363,0
0.9871730804443359,0
1.0825432538986206,0
1.1351428031921387,0
1.1452401876449585,0
1.0257607698440552,0
1.0407401323318481,0
1.0284422636032104,0
1.1914201974868774,0
1.1567165851593018,0
1.2726819515228271,0
0.975709855556488,0
0.9982261657714844,0
1.0072109699249268,0
1.0158414840698242,0
1.0015336275100708,0
1.0336805582046509,0
1.1647650003433228,0
1.0073400735855103,0
1.0496090650558472,0
1.1832752227783203,0
1.055263876914978,0
1.152255892753601,0
0.9874160289764404,0
1.0263261795043945,0
1.3268476724624634,0
1.0034148693084717,0
1.1172089576721191,0
1.0100140571594238,0
1.1219756603240967,0
1.0072771310806274,0
1.0363821983337402,0
1.0666754245758057,0
1.0702183246612549,0
1.020798683166504,0
1.0778027772903442,0
1.0137591361999512,0
1.100598931312561,0
1.020686149597168,0
0.9692090153694153,0
1.0067346096038818,0
1.2922353744506836,0
0.9786043763160706,0
0.9759013056755066,0
1.5209790468215942,0
1.7226121425628662,0
1.3238604068756104,0
1.0824658870697021,0
1.0944864749908447,0
1.1511330604553223,0
1.0396430492401123,0
1.0504876375198364,0
1.0255948305130005,0
0.9856961369514465,0
1.2695072889328003,0
1.1246837377548218,0
0.9848431348800659,0
1.016136646270752,0
1.0488961935043335,0
1.1736005544662476,0
1.0663650035858154,0
1.0324100255966187,0
1.1812899112701416,0
1.0284879207611084,0
1.7555333375930786,0
1.0156503915786743,0
1.0020965337753296,0
2.0160024166107178,0
0.9526002407073975,0
56.376953125,0
1.1262332201004028,0
0.9799918532371521,0
1.0815023183822632,0
1.0209439992904663,0
1.0067687034606934,0
1.040088176727295,0
1.1418124437332153,0
1.203083872795105,0
0.9996120929718018,0
1.093183159828186,0
1.1227970123291016,0
1.0004689693450928,0
0.9760366678237915,0
1.0445802211761475,0
0.9729670882225037,0
1.3043168783187866,0
1.005452275276184,0
1.0560624599456787,0
1.0178844928741455,0
1.2953534126281738,0
0.9782242178916931,0
0.995863676071167,0
1.103811502456665,0
1.0847294330596924,0
1.1938817501068115,0
1.049464225769043,0
0.9712263941764832,0
1.002383828163147,0
1.0121610164642334,0
0.9578313231468201,0
1.0558122396469116,0
1.0299124717712402,0
0.9406657218933105,0
1.098394513130188,0
1.0567164421081543,0
1.0525970458984375,0
0.9833551049232483,0
1.0127832889556885,0
1.0453307628631592,0
1.1918822526931763,0
1.130153775215149,0
1.0093456506729126,0
1.1433427333831787,0
1.0557546615600586,0
1.0362238883972168,0
0.9887336492538452,0
1.0228002071380615,0
1.0006778240203857,0
0.9961768984794617,0
1.0575772523880005,0
1.0269744396209717,0
0.9908075928688049,0
0.9677241444587708,0
3.308701753616333,0
1.2312471866607666,0
0.9793174862861633,0
1.0163118839263916,0
0.9678354859352112,0
1.036823034286499,0
0.9765932559967041,0
1.0924936532974243,0
1.062997579574585,0
0.9842524528503418,0
1.0086629390716553,0
1.0240545272827148,0
1.0611852407455444,0
1.0928072929382324,0
1.1006543636322021,0
0.9945686459541321,0
0.9970877766609192,0
1.0702096223831177,0
1.5901678800582886,0
1.1605812311172485,0
1.0550956726074219,0
1.1712646484375,0
1.0807185173034668,0
1.1545133590698242,0
1.0523350238800049,0
1.6686874628067017,0
1.1891849040985107,0
1.064188838005066,0
1.0517879724502563,0
1.099424123764038,0
1.0118858814239502,0
1.0633609294891357,0
1.051250696182251,0
1.03736412525177,0
0.9778736233711243,0
1.0631057024002075,0
1.0811139345169067,0
1.013981580734253,0
1.0424127578735352,0
1.0196051597595215,0
1.1523061990737915,0
1.062052607536316,0
0.9934353232383728,0
1.0549015998840332,0
1.164271354675293,0
0.9875682592391968,0
1.0328369140625,0
1.1976385116577148,0
1.1484549045562744,0
1.01387357711792,0
0.9780259132385254,0
1.0196022987365723,0
1.1144990921020508,0
1.3122961521148682,0
1.0668423175811768,0
1.0542523860931396,0
1.134467601776123,0
1.0338139533996582,0
1.1427953243255615,0
1.0526316165924072,0
1.024680495262146,0
1.0712289810180664,0
1.3859282732009888,0
1.0129274129867554,0
1.2226524353027344,0
1.1288455724716187,0
1.8413774967193604,0
1.0728987455368042,0
0.9873277544975281,0
0.9452381134033203,0
1.1069369316101074,0
1.6413648128509521,0
2.7910170555114746,0
1.062599539756775,0
1.113753318786621,0
1.0104409456253052,0
1.0806101560592651,0
1.031309723854065,0
1.0985044240951538,0
0.9572857022285461,0
0.9806956648826599,0
1.0306864976882935,0
1.1285041570663452,0
0.9381833672523499,0
1.043702483177185,0
1.0671991109848022,0
1.0227839946746826,0
0.980577826499939,0
1.5586607456207275,0
1.0043597221374512,0
1.0800936222076416,0
1.0293855667114258,0
1.2072134017944336,0
1.047695517539978,0
1.040081262588501,0
0.9800107479095459,0
1.1590262651443481,0
0.9839099645614624,0
0.9798169136047363,0
1.2045851945877075,0
1.2097545862197876,0
2.0462682247161865,0
1.106932520866394,0
1.0634428262710571,0
1.0085407495498657,0
0.9785847067832947,0
0.9901201725006104,0
1.0342481136322021,0
1.21491539478302,0
1.0316214561462402,0
1.4921497106552124,0
1.0173331499099731,0
1.0066783428192139,0
1.087171196937561,0
1.0776227712631226,0
1.0408052206039429,0
1.1799981594085693,0
0.9533677101135254,0
1.063712239265442,0
0.9730961918830872,0
0.948758602142334,0
1.0531753301620483,0
1.0570769309997559,0
1.0226141214370728,0
1.2181122303009033,0
0.9958979487419128,0
1.0093445777893066,0
1.1170154809951782,0
1.1542744636535645,0
1.0300180912017822,0
1.4867271184921265,0
1.1500928401947021,0
1.1811354160308838,0
0.9843799471855164,0
1.0961493253707886,0
1.0060505867004395,0
0.9786317944526672,0
1.0535461902618408,0
1.1309281587600708,0
1.04131281375885,0
1.2195334434509277,0
0.9859551787376404,0
1.0468175411224365,0
1.0259220600128174,0
1.0194774866104126,0
1.370097279548645,0
1.065724492073059,0
1.1814367771148682,0
0.9798080325126648,0
1.026418924331665,0
0.958957314491272,0
0.9566905498504639,0
1.0142930746078491,0
1.2803106307983398,0
0.9992873072624207,0
1.038594126701355,0
1.2617907524108887,0
1.0215543508529663,0
1.022648572921753,0
0.9579843878746033,0
1.182651162147522,0
1.0490320920944214,0
9.095768928527832,0
1.0424597263336182,0
1.3263418674468994,0
0.996493935585022,0
1.0045225620269775,0
1.1361398696899414,0
0.9987783432006836,0
1.0422167778015137,0
0.9953156113624573,0
0.9704622030258179,0
1.112185001373291,0
1.1727668046951294,0
1.0810058116912842,0
1.1487513780593872,0
1.1016147136688232,0
1.1659002304077148,0
0.9458538889884949,0
1.2739664316177368,0
0.9947611689567566,0
0.9719108939170837,0
1.002579689025879,0
1.039711356163025,0
1.0646265745162964,0
1.0543628931045532,0
1.0296448469161987,0
1.2173351049423218,0
1.2664281129837036,0
1.0056250095367432,0
1.0349787473678589,0
0.9851197600364685,0
0.9438118934631348,0
1.004665493965149,0
0.9952177405357361,0
1.0475469827651978,0
1.0607692003250122,0
1.0277385711669922,0
1.0923858880996704,0
0.9863142371177673,0
1.039966344833374,0
1.1338449716567993,0
0.9991849660873413,0
1.1736762523651123,0
1.2493425607681274,0
1.5473862886428833,0
0.9936889410018921,0
0.9788874983787537,0
1.0171302556991577,0
0.9731713533401489,0
1.1054039001464844,0
1.0514744520187378,0
0.9995008707046509,0
0.983674943447113,0
1.0187677145004272,0
1.0294411182403564,0
2.8943967819213867,0
1.2387757301330566,0
1.2221423387527466,0
1.0019444227218628,0
1.3125489950180054,0
0.9798080325126648,0
1.0604349374771118,0
0.9976879954338074,0
0.9977146983146667,0
1.0532230138778687,0
1.2363903522491455,0
1.1160049438476562,0
1.1073776483535767,0
1.2827551364898682,0
0.963311493396759,0
0.9913087487220764,0
1.1380523443222046,0
1.0161727666854858,0
0.9974790811538696,0
1.0061320066452026,0
1.036798119544983,0
0.9622806906700134,0
1.0266542434692383,0
1.0030709505081177,0
0.9938670992851257,0
1.0186631679534912,0
1.0052701234817505,0
3.9288291931152344,0
1.0380120277404785,0
1.1407063007354736,0
1.0274931192398071,0
1.0100436210632324,0
1.0195419788360596,0
0.9622806906700134,0
1.7866381406784058,0
0.9994326829910278,0
1.0236701965332031,0
1.4590625762939453,0
1.0544376373291016,0
1.0629607439041138,0
1.731886863708496,0
1.2089649438858032,0
1.0051918029785156,0
1.1234166622161865,0
1.011407494544983,0
1.0165952444076538,0
1.7620395421981812,0
1.0821781158447266,0
0.9793733358383179,0
1.03689706325531,0
1.6785979270935059,0
1.0974576473236084,0
1.1073126792907715,0
0.9832651019096375,0
1.041303038597107,0
1.044974446296692,0
0.996205747127533,0
0.9951949119567871,0
1.0527141094207764,0
1.5190200805664062,0
1.0276786088943481,0
1.0102993249893188,0
1.0261480808258057,0
1.006911039352417,0
1.0082850456237793,0
1.32073175907135,0
0.9579691886901855,0
0.9910774827003479,0
1.0459773540496826,0
1.0512499809265137,0
1.0041416883468628,0
1.080596685409546,0
1.1199796199798584,0
0.9684868454933167,0
0.9825608730316162,0
0.9588313102722168,0
1.0783425569534302,0
1.0340973138809204,0
1.402927279472351,0
0.9848810434341431,0
1.371378779411316,0
1.0150957107543945,0
1.0267044305801392,0
1.0131630897521973,0
1.0912529230117798,0
1.096924066543579,0
0.9713788628578186,0
1.1879074573516846,0
1.0183470249176025,0
1.5004148483276367,0
1.1650727987289429,0
1.0041840076446533,0
1.3096764087677002,0
0.9949610233306885,0
1.3330215215682983,0
1.015714168548584,0
0.9960417747497559,0
1.0542548894882202,0
2.0865676403045654,0
0.9631327986717224,0
1.4824501276016235,0
1.2375017404556274,0
1.0235899686813354,0
1.240909218788147,0
1.249454379081726,0
1.0122978687286377,0
1.042439341545105,0
1.0333389043807983,0
1.0717636346817017,0
0.963687539100647,0
0.9725965261459351,0
1.7450448274612427,0
1.151727318763733,0
1.0064387321472168,0
1.3363502025604248,0
1.0122994184494019,0
0.9669864773750305,0
1.3116525411605835,0
0.9612188935279846,0
1.6787470579147339,0
1.0344310998916626,0
1.0526008605957031,0
0.9931556582450867,0
1.0392827987670898,0
1.0479851961135864,0
1.0415880680084229,0
0.9754908680915833,0
0.9875857830047607,0
1.0408238172531128,0
1.0501458644866943,0
0.9831886887550354,0
1.049587607383728,0
1.164533257484436,0
1.2551084756851196,0
0.9649077653884888,0
1.0644032955169678,0
1.0662461519241333,0
1.1298011541366577,0
1.1189275979995728,0
1.0200622081756592,0
1.0347259044647217,0
0.9845461845397949,0
0.9904345273971558,0
0.9705678820610046,0
1.011746883392334,0
1.4955074787139893,0
122.39798736572266,0
0.9941361546516418,0
1.0120868682861328,0
1.0195071697235107,0
1.5100452899932861,0
1.098507046699524,0
1.0100412368774414,0
1.0254279375076294,0
0.9628865122795105,0
1.0436514616012573,0
1.780076503753662,0
0.9693806171417236,0
1.1819514036178589,0
1.394961953163147,0
1.1403133869171143,0
0.9966497421264648,0
0.9950000047683716,0
0.9873103499412537,0
0.9916527271270752,0
0.8911187648773193,0
1.1048903465270996,0
1.2123862504959106,0
0.988956093788147,0
1.2191243171691895,0
1.041503667831421,0
1.0147517919540405,0
1.1194424629211426,0
0.9748674035072327,0
1.1236118078231812,0
1.0740225315093994,0
1.1734082698822021,0
1.0038800239562988,0
1.095075249671936,0
1.1600704193115234,0
0.989177942276001,0
1.2265994548797607,0
1.0722790956497192,0
1.0896861553192139,0
1.005623459815979,0
1.1822148561477661,0
1.0730963945388794,0
1.007388949394226,0
1.0015218257904053,0
0.9889390468597412,0
1.0231823921203613,0
0.9659736156463623,0
1.1839908361434937,0
1.048475742340088,0
0.9721270799636841,0
1.1920711994171143,0
0.9735010266304016,0
1.2382029294967651,0
1.06233811378479,0
1.071536898612976,0
1.239666223526001,0
1.2519830465316772,0
1.4039779901504517,0
0.9838815331459045,0
1.1178829669952393,0
1.0,0
2.9647724628448486,0
1.0666296482086182,0
0.9988123774528503,0
1.1159886121749878,0
1.0109639167785645,0
1.4534623622894287,0
1.0885933637619019,0
1.2748194932937622,0
1.0802710056304932,0
0.9865472912788391,0
1.0703847408294678,0
1.8653532266616821,0
1.340695858001709,0
1.1645278930664062,0
1.3840068578720093,0
6.743278503417969,0
1.0077584981918335,0
1.1469595432281494,0
1.0769498348236084,0
1.339460015296936,0
0.991500198841095,0
1.0021586418151855,0
1.1179478168487549,0
1.1290463209152222,0
1.0646308660507202,0
1.0765328407287598,0
0.9873277544975281,0
1.1749076843261719,0
0.9981963634490967,0
0.9535728096961975,0
1.0805562734603882,0
0.9834349155426025,0
1.0031510591506958,0
1.0371332168579102,0
1.0343432426452637,0
1.031154990196228,0
1.0223640203475952,0
2.813417673110962,0
1.0502638816833496,0
0.9763804078102112,0
1.164151668548584,0
1.0641522407531738,0
1.0761059522628784,0
0.9716518521308899,0
1.4404611587524414,0
1.0198785066604614,0
1.0967366695404053,0
1.0679173469543457,0
1.0019168853759766,0
1.005571722984314,0
1.0274752378463745,0
0.9903801083564758,0
0.9995996952056885,0
1.0834168195724487,0
1.2991867065429688,0
1.0452516078948975,0
1.1830685138702393,0
1.0813541412353516,0
0.9968924522399902,0
0.9948409199714661,0
2.8575806617736816,0
0.9832695722579956,0
1.2212133407592773,0
0.9797623157501221,0
0.9956488013267517,0
1.0512772798538208,0
1.1496416330337524,0
1.50106680393219,0
0.9992607831954956,0
1.3309530019760132,0
1.0368256568908691,0
1.117905855178833,0
1.0,0
0.9635390639305115,0
82.86882781982422,0
0.9901968836784363,0
1.0145981311798096,0
1.0018352270126343,0
1.1782358884811401,0
1.046979546546936,0
1.0843183994293213,0
1.0136932134628296,0
1.030184030532837,0
1.0837510824203491,0
0.9935732483863831,0
1.0916329622268677,0
1.220380187034607,0
0.9918397665023804,0
1.4376460313796997,0
1.0095964670181274,0
1.372817873954773,0
1.046212077140808,0
8.948814392089844,0
1.0406330823898315,0
1.567657470703125,0
1.0891625881195068,0
1.1576448678970337,0
1.0231585502624512,0
0.9822331666946411,0
1.0300737619400024,0
1.2560290098190308,0
1.2927136421203613,0
0.9817045331001282,0
2.2921090126037598,0
1.038511037826538,0
0.975163996219635,0
1.2158026695251465,0
1.1055010557174683,0
1.0033093690872192,0
1.1145259141921997,0
1.0293701887130737,0
1.2632110118865967,0
0.9903905987739563,0
1.343209981918335,0
1.135212779045105,0
0.9937382936477661,0
1.0628055334091187,0
0.980380654335022,0
1.0651501417160034,0
1.1258915662765503,0
0.9653288722038269,0
1.2306102514266968,0
1.32688307762146,0
0.9636183381080627,0
0.965556800365448,0
3.6203482151031494,0
1.5294342041015625,0
1.0856410264968872,0
2.1002087593078613,0
1.0150092840194702,0
1.1571990251541138,0
1.0309585332870483,0
0.9750580191612244,0
1.0647624731063843,0
1.0349870920181274,0
1.0321831703186035,0
1.031826376914978,0
1.1194868087768555,0
1.1371541023254395,0
1.2129460573196411,0
0.9695631861686707,0
1.321101427078247,0
0.9737287759780884,0
1.1170300245285034,0
1.175365686416626,0
1.1241507530212402,0
1272.514892578125,0
1.0442523956298828,0
0.9823173880577087,0
1.0387660264968872,0
1.0317319631576538,0
1.0,0
0.9820531010627747,0
1.0425158739089966,0
0.995029866695404,0
1.043699026107788,0
1.0294443368911743,0
1.5516915321350098,0
1.0207000970840454,0
1.0772205591201782,0
1.0017906427383423,0
1.0047318935394287,0
1.0365060567855835,0
1.0075275897979736,0
1.05769944190979,0
1.2123067378997803,0
1.0178602933883667,0
1.0250173807144165,0
1.0451231002807617,0
1.053817868232727,0
1.020856261253357,0
1.0017497539520264,0
1.0856140851974487,0
0.9597399234771729,0
1.1829825639724731,0
0.9406657218933105,0
3.3351571559906006,0
1.1440905332565308,0
1.1703532934188843,0
1.044533610343933,0
0.9585094451904297,0
1.6684681177139282,0
0.9965707659721375,0
1.047946572303772,0
1.006750226020813,0
1.0539041757583618,0
1.0223037004470825,0
1.0067857503890991,0
1.001006007194519,0
0.9998003840446472,0
1.8008041381835938,0
0.9817591905593872,0
0.9903079867362976,0
1.1799919605255127,0
1.30307137966156,0
5.088223457336426,0
1.0142672061920166,0
204.7621307373047,0
1.0001943111419678,0
1.1331074237823486,0
1.2433234453201294,0
0.9683383703231812,0
1.0217441320419312,0
0.9889858961105347,0
0.9995550513267517,0
1.1378737688064575,0
2.380798101425171,0
1.0566548109054565,0
1.0449036359786987,0
0.9994447231292725,0
1.2803741693496704,0
1.053361177444458,0
1.0183128118515015,0
1.0934847593307495,0
1.0199532508850098,0
1.0804476737976074,0
0.9996464848518372,0
0.959023654460907,0
1.190924882888794,0
1.0264753103256226,0
1.009488821029663,0
1.139218807220459,0
0.9906999468803406,0
1.047931432723999,0
1.0016522407531738,0
0.9718665480613708,0
1.0796897411346436,0
1.039712905883789,0
2.285753011703491,0
1.0541298389434814,0
1.2318193912506104,0
1.1075388193130493,0
1.1191272735595703,0
1.0051356554031372,0
1.3084713220596313,0
1.0525072813034058,0
1.0027960538864136,0
1.2157046794891357,0
1.225413203239441,0
0.9970532059669495,0
1.0734429359436035,0
0.9672819375991821,0
1.0277023315429688,0
1.140172004699707,0
1.0497876405715942,0
1.0117655992507935,0
1.0589855909347534,0
1.152194857597351,0
1.1008139848709106,0
1.043808102607727,0
0.9734673500061035,0
1.3469470739364624,0
1.0683459043502808,0
1.0022140741348267,0
1.045629858970642,0
1.0603386163711548,0
1.0465754270553589,0
1.0698072910308838,0
1.1712646484375,0
0.9721270799636841,0
1.1271947622299194,0
0.9859163165092468,0
0.9810913801193237,0
1.0667816400527954,0
1.080546259880066,0
1.0042448043823242,0
1.2548949718475342,0
0.9841006398200989,0
1.061863899230957,0
1.09705650806427,0
1.4910119771957397,0
1.0207386016845703,0
1.027405858039856,0
1.0154767036437988,0
1.0243308544158936,0
1.8436225652694702,0
1.0229320526123047,0
1.0389293432235718,0
0.975687563419342,0
1.1330667734146118,0
1.0541439056396484,0
1.014897108078003,0
1.0160614252090454,0
1.4087187051773071,0
1.0837510824203491,0
1.0654296875,0
1.1471984386444092,0
1.056849718093872,0
1.081221342086792,0
1.0554941892623901,0
1.0524553060531616,0
1.1774702072143555,0
1.0841740369796753,0
1.006941795349121,0
1.0503734350204468,0
1.0110000371932983,0
1.0542856454849243,0
1.0359505414962769,0
1.1272095441818237,0
0.9690282344818115,0
1.0564050674438477,0
0.9705178737640381,0
1.3468254804611206,0
1.0114620923995972,0
1.1743046045303345,0
1.5709494352340698,0
1.778405785560608,0
1.0137269496917725,0
1.0516494512557983,0
1.082660436630249,0
1.0525734424591064,0
0.9932070374488831,0
0.9575763940811157,0
1.0694260597229004,0
1.0799661874771118,0
1.036084771156311,0
1.133186936378479,0
0.9901678562164307,0
1.2029248476028442,0
1.1507084369659424,0
1.056530475616455,0
1.253109097480774,0
1.0430364608764648,0
1.14033043384552,0
1.0487793684005737,0
1.5354652404785156,0
1.2544876337051392,0
1.0320805311203003,0
0.9997051954269409,0
1.0010390281677246,0
0.9871832728385925,0
1.043879508972168,0
0.9758128523826599,0
1.0101604461669922,0
1.0646947622299194,0
1.1575992107391357,0
1.061814308166504,0
1.1171776056289673,0
1.0478851795196533,0
1.0751564502716064,0
1.0718013048171997,0
1.0538439750671387,0
1.273540735244751,0
1.163588047027588,0
1.3121182918548584,0
1.03734290599823,0
1.0878411531448364,0
1.0148869752883911,0
1.2126033306121826,0
1.3964741230010986,0
1.1158456802368164,0
1.1201857328414917,0
0.9802184104919434,0
0.994797945022583,0
1.0359054803848267,0
1.2050089836120605,0
443.7228698730469,0
1.1897130012512207,0
1.0592303276062012,0
0.9812750816345215,0
0.9991053938865662,0
1.1152490377426147,0
1.0079607963562012,0
1.609174132347107,0
1.014572262763977,0
1.2860304117202759,0
1.0069036483764648,0
1.1927024126052856,0
0.9875652194023132,0
1.1262240409851074,0
0.9676827788352966,0
1.0604714155197144,0
0.9961509704589844,0
1.0752511024475098,0
1.2703906297683716,0
1.0572668313980103,0
1.4281522035598755,0
1.0711143016815186,0
0.9636235237121582,0
3.426661491394043,0
0.9976410865783691,0
1.0745080709457397,0
1.0151346921920776,0
1.0485016107559204,0
1.051438808441162,0
1.2127387523651123,0
1.2674273252487183,0
1.0410408973693848,0
1.025115966796875,0
1.014519453048706,0
1.0062777996063232,0
0.9852561950683594,0
1.038294792175293,0
1.2217191457748413,0
0.9861659407615662,0
1.0733866691589355,0
1.0986524820327759,0
1.0137351751327515,0
0.9709761142730713,0
1.1780812740325928,0
1.2597688436508179,0
1.0239036083221436,0
1.0217081308364868,0
1.9157872200012207,0
1.4269102811813354,0
1.294492244720459,0
1.0155723094940186,0
1.0331119298934937,0
0.9637061357498169,0
0.9681403040885925,0
1.1557813882827759,0
0.9890289902687073,0
1.3185515403747559,0
0.983293354511261,0
1.0137972831726074,0
0.9964176416397095,0
1.020808458328247,0
1.0029739141464233,0
1.0332645177841187,0
1.0582691431045532,0
1.1165105104446411,0
0.9780111312866211,0
1.0548160076141357,0
1.0691471099853516,0
1.0229763984680176,0
1.1831424236297607,0
1.046878695487976,0
1.1118696928024292,0
1.1249316930770874,0
1.0337674617767334,0
1.0026941299438477,0
1.025964379310608,0
1.0250930786132812,0
1.1214873790740967,0
1.0118056535720825,0
1.023022174835205,0
1.0702073574066162,0
1.0302751064300537,0
1.0505443811416626,0
1.0371288061141968,0
1.0410501956939697,0
1.0473647117614746,0
1.05426824092865,0
1.015256404876709,0
1.0082511901855469,0
0.9980147480964661,0
1.3341302871704102,0
1.1569162607192993,0
1.0092862844467163,0
1.0079666376113892,0
1.5858852863311768,0
1.0719562768936157,0
0.9921020865440369,0
0.9515818953514099,0
0.9864820837974548,0
1.0219286680221558,0
1.0608774423599243,0
0.9872337579727173,0
1.0625869035720825,0
1.0753756761550903,0
1.0622035264968872,0
0.9844447374343872,0
1.1231354475021362,0
1.062201738357544,0
1.0817466974258423,0
1.1007791757583618,0
1.3000130653381348,0
0.9946673512458801,0
0.988247275352478,0
1.0042846202850342,0
2.525414228439331,0
1.3401331901550293,0
0.9959139823913574,0
1.01254403591156,0
1.0357179641723633,0
1.1132720708847046,0
1.00139582157135,0
1.017307996749878,0
55.18204879760742,0
1.008001685142517,0
0.9881021976470947,0
1.0236693620681763,0
1.150936484336853,0
1.0248241424560547,0
0.9533202648162842,0
1.0253229141235352,0
1.075469732284546,0
1.0685333013534546,0
1.0353807210922241,0
1.0653445720672607,0
0.9926808476448059,0
1.0510073900222778,0
1.0009043216705322,0
1.0006906986236572,0
1.1494311094284058,0
1.0319585800170898,0
1.690232515335083,0
1.2461843490600586,0
1.3375999927520752,0
1.3101767301559448,0
0.9865095615386963,0
1.0043721199035645,0
1.122158408164978,0
0.9684352278709412,0
1.064457654953003,0
0.9806891083717346,0
1.2742233276367188,0
1.7814470529556274,0
1.1065195798873901,0
0.9956833124160767,0
1.0326091051101685,0
0.9547277688980103,0
1.2344286441802979,0
1.0359963178634644,0
0.9981515407562256,0
1.0137871503829956,0
1.0778447389602661,0
0.9851439595222473,0
1.1482963562011719,0
1.042985439300537,0
1.0564968585968018,0
0.9887887835502625,0
1.0975415706634521,0
1.0660467147827148,0
1.0783936977386475,0
1.1106809377670288,0
1.1124458312988281,0
1.017707109451294,0
0.9801053404808044,0
1.0559546947479248,0
1.000616431236267,0
1.0007578134536743,0
1.3721065521240234,0
1.0428581237792969,0
1.0288889408111572,0
0.9767210483551025,0
0.9688066244125366,0
0.9959079027175903,0
1.0653122663497925,0
1.1561822891235352,0
0.9989436268806458,0
1.0142055749893188,0
1.1627776622772217,0
0.987058162689209,0
0.9998104572296143,0
1.2509522438049316,0
1.0373808145523071,0
1.0714246034622192,0
0.9904227256774902,0
0.9875682592391968,0
0.9994375705718994,0
1.0313669443130493,0
1.119249701499939,0
1.0809032917022705,0
1.2352092266082764,0
1.3097153902053833,0
0.9866886138916016,0
1.8892959356307983,0
0.9931640625,0
1.0332329273223877,0
1.1376128196716309,0
1.1101670265197754,0
1.02052640914917,0
1.073898196220398,0
1.03315269947052,0
0.9827895164489746,0
1.031854510307312,0
1.1996172666549683,0
1.0041210651397705,0
1.0432991981506348,0
1.1174932718276978,0
1.1469286680221558,0
1.0841219425201416,0
1.1107367277145386,0
1.069612741470337,0
1.0953525304794312,0
1.1041913032531738,0
1.293630838394165,0
1.0062768459320068,0
0.9899616241455078,0
1.0410408973693848,0
1.0700459480285645,0
1.2996935844421387,0
1.0908482074737549,0
1.019608974456787,0
1.0233442783355713,0
1.014111042022705,0
1.7463101148605347,0
1.141491413116455,0
1.1030566692352295,0
0.9823656678199768,0
1.1873761415481567,0
1.09937584400177,0
1.0496668815612793,0
0.9891695380210876,0
1.0077006816864014,0
1.0243343114852905,0
0.9945014119148254,0
1.0113400220870972,0
1.196645975112915,0
0.986240804195404,0
1.071871042251587,0
1.0287421941757202,0
1.0030409097671509,0
1.051942229270935,0
0.9811583161354065,0
1.0199053287506104,0
1.090021014213562,0
0.9735958576202393,0
1.421362280845642,0
0.9670279622077942,0
1.3145891427993774,0
0.9720943570137024,0
1.197852611541748,0
1.0985805988311768,0
1.1594501733779907,0
1.1319491863250732,0
0.9573315382003784,0
1.0336451530456543,0
1.00205659866333,0
0.9840825796127319,0
1.116012692451477,0
0.979723334312439,0
1.036675214767456,0
1.0504924058914185,0
1.0539532899856567,0
1.0381659269332886,0
1.042320966720581,0
1.033187747001648,0
1.0478578805923462,0
1.0570296049118042,0
1.008062481880188,0
1.2044281959533691,0
1.063865065574646,0
1.1052370071411133,0
0.9972066283226013,0
1.007561445236206,0
0.9654139280319214,0
1.0850498676300049,0
1.3021914958953857,0
1.1633321046829224,0
0.9803630113601685,0
0.9901971220970154,0
0.9721531271934509,0
1.091861605644226,0
1.0667520761489868,0
1.0716859102249146,0
0.9630584716796875,0
0.9849004149436951,0
1.0581040382385254,0
1.0,0
1.2702447175979614,0
1.0594983100891113,0
1.0518932342529297,0
1.026955485343933,0
0.9667954444885254,0
1.1491934061050415,0
1.0512593984603882,0
1.0209680795669556,0
1.0063276290893555,0
2.8087270259857178,0
1.1226375102996826,0
1.1263681650161743,0
1.1299710273742676,0
1.1794482469558716,0
1.0745930671691895,0
1.0432581901550293,0
1.2815877199172974,0
1.0166279077529907,0
1.0695645809173584,0
3.0102405548095703,0
1.4125369787216187,0
0.9948232173919678,0
1.007062554359436,0
0.9937403798103333,0
0.9571031332015991,0
1.0399646759033203,0
0.9718675017356873,0
1.77245032787323,0
1.0435842275619507,0
1.4316914081573486,0
0.9966108798980713,0
1.3000140190124512,0
1.6937785148620605,0
1.1277872323989868,0
1.0111947059631348,0
0.9643388986587524,0
1.119310975074768,0
1.031337857246399,0
1.0757719278335571,0
1.0366346836090088,0
1.03179931640625,0
1.0832613706588745,0
1.0694622993469238,0
1.1572009325027466,0
1.1869994401931763,0
1.0894538164138794,0
1.0287078619003296,0
1.0604108572006226,0
1.0289891958236694,0
1.0043375492095947,0
1.0706977844238281,0
0.9406657218933105,0
0.9798080325126648,0
1.0532721281051636,0
1.0946818590164185,0
0.9474517107009888,0
0.9828888177871704,0
1.0340068340301514,0
1.0178344249725342,0
0.9796864986419678,0
1.166029453277588,0
1.1301146745681763,0
1.106048345565796,0
1.1111410856246948,0
1.393317461013794,0
0.9834966063499451,0
1.0059406757354736,0
1.1711218357086182,0
1.067873239517212,0
1.0651415586471558,0
1.2443830966949463,0
1.0775318145751953,0
0.9787275791168213,0
0.9805036783218384,0
1.1263588666915894,0
0.9959811568260193,0
0.9634997248649597,0
1.1441880464553833,0
1.0688930749893188,0
1.0761003494262695,0
1.0204474925994873,0
1.404009461402893,0
0.9814592599868774,0
0.9945587515830994,0
1.7445298433303833,0
1.1366369724273682,0
0.9159268140792847,0
2.3280677795410156,0
1.0797659158706665,0
1.118211030960083,0
1.0634371042251587,0
1.1547271013259888,0
1.0410408973693848,0
0.9563409090042114,0
1.0089998245239258,0
1.032399296760559,0
1.0001510381698608,0
1.0320043563842773,0
1.04556143283844,0
0.990175187587738,0
1.0154229402542114,0
0.9798080325126648,0
0.9895786643028259,0
1.016527533531189,0
0.9799795746803284,0
1.1574878692626953,0
1.007959008216858,0
0.9887076616287231,0
1.2408405542373657,0
1.1545069217681885,0
1.031854510307312,0
1.0085980892181396,0
1.0106383562088013,0
1.2100462913513184,0
0.9885550737380981,0
1.24612295627594,0
1.059973120689392,0
1.014465570449829,0
1.5267084836959839,0
1.2281904220581055,0
1.0160382986068726,0
1.000868558883667,0
1.4908337593078613,0
1.1152523756027222,0
1.416020154953003,0
3.019690990447998,0
0.9771275520324707,0
1.0259312391281128,0
1.459944486618042,0
0.9501510858535767,0
1.0314570665359497,0
1.142621397972107,0
0.9944135546684265,0
0.9994165301322937,0
0.9950000047683716,0
1.034143328666687,0
1.0672967433929443,0
1.1515586376190186,0
0.9579722285270691,0
1.0078697204589844,0
1.0493232011795044,0
1.128688931465149,0
1.0717459917068481,0
0.9851981401443481,0
0.9759218692779541,0
0.9560822248458862,0
1.2484421730041504,0
1.017853021621704,0
1.28300142288208,0
0.9903452396392822,0
1.0149003267288208,0
0.9942899942398071,0
1.2386893033981323,0
1.0359176397323608,0
2.099933385848999,0
1.030910849571228,0
1.1158952713012695,0
1.0145944356918335,0
0.999968945980072,0
1.044637680053711,0
1.242181658744812,0
1.1027997732162476,0
1.1355916261672974,0
1.0068933963775635,0
0.9914618730545044,0
1.0794429779052734,0
0.9471902847290039,0
1.6768471002578735,0
1.0165693759918213,0
1.1169567108154297,0
1.0432608127593994,0
0.9957358837127686,0
1.01957368850708,0
1.2448780536651611,0
0.9823708534240723,0
1.0142179727554321,0
1.1668310165405273,0
1.0228207111358643,0
1.1063270568847656,0
1.018117904663086,0
1.0734965801239014,0
1.0467709302902222,0
0.9955475330352783,0
0.986484706401825,0
1.0829784870147705,0
1.0518207550048828,0
1.3178784847259521,0
1.1628365516662598,0
1.397297739982605,0
0.9789215326309204,0
1.0755348205566406,0
0.9794416427612305,0
1.3128423690795898,0
1.3260196447372437,0
1.997670292854309,0
0.9951949119567871,0
1.0502715110778809,0
1.0063964128494263,0
1.0753250122070312,0
1.3007259368896484,0
1.348118543624878,0
1.0027971267700195,0
1.2316508293151855,0
0.989409863948822,0
1.003627896308899,0
1.0228303670883179,0
1.0807530879974365,0
0.9710050225257874,0
1.0127294063568115,0
1.046157956123352,0
1.083089828491211,0
1.0468069314956665,0
1.1238741874694824,0
0.9943075180053711,0
1.459386944770813,0
1.04324209690094,0
1.174268126487732,0
0.9962933659553528,0
0.9956727027893066,0
1.2703837156295776,0
1.0125577449798584,0
0.9753917455673218,0
1.546309471130371,0
1.0585592985153198,0
1.024133324623108,0
1.1018532514572144,0
0.9997362494468689,0
1.1831847429275513,0
1.0894381999969482,0
1.1747030019760132,0
0.9878247976303101,0
1.1139929294586182,0
1.323411464691162,0
0.9892854690551758,0
1.0212503671646118,0
1.0179493427276611,0
1.217692255973816,0
1.0399454832077026,0
0.9966832399368286,0
0.9898875951766968,0
1.0307246446609497,0
1.0112316608428955,0
1.0772576332092285,0
1.0114870071411133,0
1.0608468055725098,0
1.1022307872772217,0
1.039723515510559,0
0.9835138320922852,0
1.1437087059020996,0
0.9754440188407898,0
1.1301554441452026,0
1.0216987133026123,0
1.1715054512023926,0
1.191270112991333,0
1.0239014625549316,0
1.0395383834838867,0
1.1854515075683594,0
0.9904710054397583,0
1.0798723697662354,0
1.2129981517791748,0
0.9750486612319946,0
1.010251522064209,0
1.1000925302505493,0
0.9734171032905579,0
1.0223561525344849,0
0.9961399435997009,0
0.9768203496932983,0
1.1616820096969604,0
1.0203179121017456,0
0.9889821410179138,0
1.112349271774292,0
0.9713222980499268,0
1.0013439655303955,0
0.9776349663734436,0
1.1225188970565796,0
1.0267186164855957,0
0.9975199699401855,0
1.0118755102157593,0
1.1331607103347778,0
0.9844794869422913,0
1.1340142488479614,0
1.0283403396606445,0
1.0232093334197998,0
1.1770155429840088,0
1.0875190496444702,0
1.0970197916030884,0
0.9877499341964722,0
0.9766032099723816,0
1.1971638202667236,0
0.9797946214675903,0
1.0206644535064697,0
1.062352180480957,0
0.9381833672523499,0
0.9751657247543335,0
1.020564317703247,0
1.0940685272216797,0
1.0289454460144043,0
1.0510915517807007,0
1.0442065000534058,0
1.1801940202713013,0
0.9897689819335938,0
1.0290719270706177,0
1.4446043968200684,0
1.7885857820510864,0
1.003095269203186,0
1.1733916997909546,0
1.1159276962280273,0
0.9614612460136414,0
1.1848630905151367,0
1.0635864734649658,0
1.4797351360321045,0
0.9962226748466492,0
1.0102336406707764,0
1.0098625421524048,0
1.0121955871582031,0
0.9950000047683716,0
1.100583791732788,0
1.0785025358200073,0
1.02947199344635,0
0.9319182634353638,0
0.9924810528755188,0
1.154065489768982,0
0.9616878032684326,0
82.86882781982422,0
1.0829836130142212,0
0.9822577238082886,0
1.323906421661377,0
1.0082604885101318,0
191.6783447265625,0
1.0424710512161255,0
0.9616677165031433,0
1.5397039651870728,0
0.9917373657226562,0
1.1449288129806519,0
2.0036230087280273,0
1.1670798063278198,0
1.3951585292816162,0
1.0034784078598022,0
1.0512803792953491,0
0.9538367986679077,0
1.065981149673462,0
1.0181299448013306,0
1.0286259651184082,0
1.179849624633789,0
1.1084277629852295,0
1.0563557147979736,0
1.011566162109375,0
1.2685551643371582,0
1.1167690753936768,0
2.15664005279541,0
1.5720481872558594,0
1.0228900909423828,0
0.9794199466705322,0
1.1438928842544556,0
1.3676360845565796,0
0.9643388986587524,0
1.035293698310852,0
1.0010658502578735,0
1.0322833061218262,0
1.1038873195648193,0
1.2512171268463135,0
0.9787275791168213,0
1.0787851810455322,0
1.0831190347671509,0
1.027849793434143,0
0.9831200242042542,0
1.0104554891586304,0
1.2214720249176025,0
1.0557597875595093,0
0.9900962710380554,0
1.0883119106292725,0
1.0111767053604126,0
1.056622862815857,0
1.0083777904510498,0
1.4019508361816406,0
1.0134637355804443,0
0.9780721068382263,0
1.1613281965255737,0
1.5499107837677002,0
0.9735960960388184,0
1.3224092721939087,0
1.000720739364624,0
1.0434139966964722,0
1.052611231803894,0
0.9415826201438904,0
1.1738128662109375,0
1.0457617044448853,0
0.9702954888343811,0
1.0352979898452759,0
1.1428552865982056,0
1.0555928945541382,0
1.7645269632339478,0
1.0807675123214722,0
1.0556966066360474,0
1.0319812297821045,0
0.9691274762153625,0
1.2405095100402832,0
1.1766349077224731,0
0.987408459186554,0
1.0049607753753662,0
1.1812306642532349,0
1.009775996208191,0
1.007500410079956,0
1.0286282300949097,0
1.037785291671753,0
1.0157414674758911,0
0.9880900979042053,0
1.110719919204712,0
1.0291725397109985,0
1.2095028162002563,0
1.0945385694503784,0
1.0049607753753662,0
0.9754114747047424,0
1.0122331380844116,0
1.1382765769958496,0
1.0766558647155762,0
1.5558655261993408,0
1.1317332983016968,0
1.0726391077041626,0
2.2158401012420654,0
1.2705962657928467,0
0.9750792980194092,0
1.112219214439392,0
1.1005558967590332,0
0.984644889831543,0
1.1093342304229736,0
1.1367225646972656,0
1.059699535369873,0
0.9714961051940918,0
1.1062155961990356,0
1.0253132581710815,0
1.153450608253479,0
0.9629340171813965,0
1.1712656021118164,0
1.4941189289093018,0
1.0335232019424438,0
0.9587733745574951,0
1.1787549257278442,0
1.0695313215255737,0
1.1463582515716553,0
1.3252198696136475,0
1.254422903060913,0
1.0377975702285767,0
0.9996886849403381,0
1.045250654220581,0
0.9762109518051147,0
0.9950263500213623,0
1.0502673387527466,0
1.0470588207244873,0
1.0359981060028076,0
1.0190248489379883,0
0.9563888907432556,0
1.1749030351638794,0
1.0031782388687134,0
1.1303004026412964,0
1.0129766464233398,0
1.0315052270889282,0
1.031366229057312,0
1.0460875034332275,0
0.9984503388404846,0
1.188113808631897,0
1.0184181928634644,0
1.0038888454437256,0
1.0547477006912231,0
1.2903729677200317,0
1.0302364826202393,0
1.0321091413497925,0
0.9923563599586487,0
0.9975833892822266,0
1.0145624876022339,0
1.1164823770523071,0
1.2303037643432617,0
1.0420870780944824,0
1.365639090538025,0
1.0149519443511963,0
1.1565300226211548,0
1.005174160003662,0
1.2719058990478516,0
0.9929782152175903,0
0.9709527492523193,0
1.0532193183898926,0
1.064670205116272,0
1.4548155069351196,0
0.9798080325126648,0
1.1059194803237915,0
1.0038448572158813,0
1.0495771169662476,0
1.0266550779342651,0
0.9979187250137329,0
0.9931069612503052,0
1.1103698015213013,0
0.9983546137809753,0
1.0424391031265259,0
1.0113601684570312,0
0.98006272315979,0
1.3384041786193848,0
1.09831702709198,0
0.99302738904953,0
1.039204478263855,0
1.0808560848236084,0
0.9974408149719238,0
1.0065795183181763,0
1.0673176050186157,0
1.249204158782959,0
1.0529747009277344,0
1.0115911960601807,0
0.9913873672485352,0
1.093152642250061,0
1.0821677446365356,0
1.304303765296936,0
0.9768956899642944,0
1.208504319190979,0
1.0735958814620972,0
1.0408073663711548,0
1.0485800504684448,0
1.0378340482711792,0
1.0134246349334717,0
1.0370935201644897,0
1.0852336883544922,0
1.1540546417236328,0
1.2042417526245117,0
1.191978931427002,0
1.0901745557785034,0
1.026145100593567,0
0.9657099843025208,0
1.0202300548553467,0
1.1090443134307861,0
0.9790775775909424,0
1.0116770267486572,0
0.9269014596939087,0
0.9878419041633606,0
0.9507741928100586,0
1.026426911354065,0
0.9676429033279419,0
1.120701789855957,0
1.0668139457702637,0
1.0077449083328247,0
0.9995179772377014,0
1.4908100366592407,0
1.1984201669692993,0
1.0238474607467651,0
1.0615830421447754,0
0.9637148380279541,0
1.1675474643707275,0
1.022587776184082,0
1.29964280128479,0
1.0482032299041748,0
1.0239641666412354,0
1.0386959314346313,0
1.8573532104492188,0
0.968600869178772,0
1.0256367921829224,0
1.0155303478240967,0
1.5476583242416382,0
1.072396159172058,0
1.020890474319458,0
1.6415268182754517,0
1.3631449937820435,0
1.146849274635315,0
1.0092741250991821,0
2.8087270259857178,0
1.0973175764083862,0
1.0715997219085693,0
1.0018094778060913,0
0.9586125612258911,0
1.457362413406372,0
1.2259610891342163,0
1.654225468635559,0
1.063448429107666,0
1.0314884185791016,0
0.9937581419944763,0
1.0162768363952637,0
1.0071251392364502,0
1.0049607753753662,0
1.32456374168396,0
1.0677688121795654,0
1.0008859634399414,0
1.1525413990020752,0
0.9572962522506714,0
1.0647293329238892,0
1.0482228994369507,0
1.0061745643615723,0
1.0694903135299683,0
1.5918660163879395,0
1.2126412391662598,0
1.0124800205230713,0
0.9509591460227966,0
1.00999915599823,0
1.0018943548202515,0
1.2291734218597412,0
1.090836763381958,0
1.1257661581039429,0
1.085776686668396,0
1.0150703191757202,0
0.9950000047683716,0
1.2580647468566895,0
1.0198731422424316,0
0.9787275791168213,0
1.0168429613113403,0
0.9830710291862488,0
1.0473692417144775,0
0.9743919968605042,0
1.1360307931900024,0
4.547362327575684,0
1.0172621011734009,0
1.0340765714645386,0
1.098974347114563,0
1.1640044450759888,0
1.0139596462249756,0
1.0336291790008545,0
1.2646551132202148,0
0.9798080325126648,0
0.988906979560852,0
1.0532699823379517,0
1.2724437713623047,0
0.9895445704460144,0
1.1665359735488892,0
1.0501281023025513,0
1.0924911499023438,0
1.0349959135055542,0
1.5736616849899292,0
1.1519198417663574,0
1.0766422748565674,0
1.0898377895355225,0
1.0285073518753052,0
1.187402367591858,0
0.991159200668335,0
1.0489118099212646,0
0.956513524055481,0
1.0410035848617554,0
1.0401277542114258,0
1.1420477628707886,0
1.0660922527313232,0
1.0093973875045776,0
1.0901410579681396,0
0.9513214230537415,0
1.047540307044983,0
1.0160984992980957,0
1.0072637796401978,0
1.2183568477630615,0
1.3780854940414429,0
1272.514892578125,0
0.9657043814659119,0
1.0156991481781006,0
1.0886245965957642,0
1.0261788368225098,0
1.0155454874038696,0
1.0280537605285645,0
0.9864943027496338,0
1.3469470739364624,0
1.0100212097167969,0
1.0105763673782349,0
0.9974360466003418,0
1.0489258766174316,0
1.1500130891799927,0
0.9844885468482971,0
1.0024358034133911,0
1.0909497737884521,0
0.9517168998718262,0
1.6562483310699463,0
1.3838289976119995,0
1.000301718711853,0
1.0433229207992554,0
1.015076756477356,0
1.1187117099761963,0
1.5602220296859741,0
1.0186545848846436,0
0.9862802624702454,0
0.9761590361595154,0
1.3616873025894165,0
1.189314842224121,0
0.9680759906768799,0
1.1619213819503784,0
1.0550485849380493,0
1.0398049354553223,0
1.0789947509765625,0
0.9988909363746643,0
1.0827984809875488,0
1.0648002624511719,0
1.0053629875183105,0
1.133591651916504,0
1.1392412185668945,0
0.9867802858352661,0
1.044513463973999,0
1.1780768632888794,0
1.0070767402648926,0
1.009319543838501,0
1.1964119672775269,0
0.9841878414154053,0
0.9790188670158386,0
1.3603789806365967,0
0.9751086235046387,0
1.1499414443969727,0
0.9887713193893433,0
1.6281661987304688,0
1.012050986289978,0
1.0575144290924072,0
1.1910855770111084,0
1.033708930015564,0
1.144657850265503,0
1.1032202243804932,0
0.9940032362937927,0
0.9825752973556519,0
1.0233213901519775,0
0.9749597907066345,0
1.1306297779083252,0
1.1353662014007568,0
1.0179805755615234,0
1.272507667541504,0
1.012660026550293,0
1.0234756469726562,0
1.0363967418670654,0
1.0761797428131104,0
1.0127991437911987,0
1.034967303276062,0
1.0005165338516235,0
1.0152899026870728,0
1.0478734970092773,0
1.0706526041030884,0
1.0372521877288818,0
1.0622196197509766,0
1.0548912286758423,0
0.9662553668022156,0
0.9836408495903015,0
1.037353754043579,0
0.9481750726699829,0
1.055152177810669,0
1.0192646980285645,0
1.0424726009368896,0
1.1220496892929077,0
1.0298346281051636,0
1.748522162437439,0
0.9844571352005005,0
1.0517516136169434,0
1.391542673110962,0
1.3278453350067139,0
1.0451185703277588,0
0.9878982305526733,0
1.0702149868011475,0
1.0662275552749634,0
1.0224145650863647,0
1.4236925840377808,0
1.3141517639160156,0
1.157844066619873,0
1.279388427734375,0
1.0640149116516113,0
1.1155023574829102,0
0.9570117592811584,0
0.9891980886459351,0
1.0435067415237427,0
0.9830915331840515,0
1.0270826816558838,0
1.0141565799713135,0
1.0229116678237915,0
1.028826117515564,0
0.9798080325126648,0
1.0701884031295776,0
1.2058182954788208,0
1.035295844078064,0
1.0188618898391724,0
0.9923679828643799,0
0.9878385663032532,0
1.0487233400344849,0
1.777457594871521,0
1.0804537534713745,0
1.3252294063568115,0
0.9901968836784363,0
1.0767487287521362,0
1.4276134967803955,0
1.2040637731552124,0
1.619456171989441,0
1.1555521488189697,0
0.9777754545211792,0
0.9820393323898315,0
1.4017661809921265,0
1.0178554058074951,0
1.0553895235061646,0
1.042027473449707,0
1.0536882877349854,0
1.124725341796875,0
0.9439957141876221,0
0.9445326924324036,0
1.0000334978103638,0
0.9669098258018494,0
1.0051705837249756,0
0.9615417122840881,0
1.0835695266723633,0
1.0948094129562378,0
1.0154985189437866,0
0.9832398891448975,0
1.191581130027771,0
1.0287141799926758,0
1.0518686771392822,0
1.053367257118225,0
4.350378513336182,0
1.0056482553482056,0
0.9533847570419312,0
0.9803799390792847,0
0.9849253296852112,0
1.206276535987854,0
0.9904954433441162,0
0.9975675344467163,0
1.0999696254730225,0
1.0091952085494995,0
1.111781358718872,0
1.040734052658081,0
0.9878543615341187,0
0.9995952248573303,0
1.04401433467865,0
0.991020679473877,0
1.1529573202133179,0
1.0519858598709106,0
1.0236778259277344,0
1.0181255340576172,0
0.9702526330947876,0
0.973125159740448,0
1.2567198276519775,0
1.0744805335998535,0
0.998471200466156,0
1.09391188621521,0
0.9688242077827454,0
1.324495792388916,0
0.9953598976135254,0
0.9874477982521057,0
1.0292359590530396,0
1.0023510456085205,0
1.2434521913528442,0
1.0157122611999512,0
1.1031153202056885,0
0.9819595217704773,0
1.665838360786438,0
1.090397596359253,0
0.9923799633979797,0
0.9558850526809692,0
1.0282849073410034,0
1.1750937700271606,0
1.2464227676391602,0
0.9779131412506104,0
1.041365623474121,0
1.0023572444915771,0
1.0354961156845093,0
0.9685637950897217,0
1.6367381811141968,0
2.277921199798584,0
1.0155105590820312,0
1.117692232131958,0
1.235021948814392,0
1.0211398601531982,0
0.9703866243362427,0
1.14165461063385,0
1.0578067302703857,0
1.4538789987564087,0
0.9415798187255859,0
1.1533185243606567,0
0.9972837567329407,0
0.9324219226837158,0
1.0559595823287964,0
0.9890440702438354,0
0.9975537061691284,0
1.0879130363464355,0
0.9970449805259705,0
1.0279414653778076,0
1.025672197341919,0
1.1408350467681885,0
1.0465114116668701,0
1.485263705253601,0
1.1406530141830444,0
1.0062023401260376,0
1.0404422283172607,0
1.0040549039840698,0
1.1733171939849854,0
1.0719048976898193,0
0.9896133542060852,0
1.2551714181900024,0
0.9884508848190308,0
1.3899353742599487,0
1.0925345420837402,0
1.0417965650558472,0
0.969933807849884,0
1.1187046766281128,0
1.064038872718811,0
1.0377066135406494,0
1.008470058441162,0
1.127954363822937,0
1.0183744430541992,0
1.0760345458984375,0
1.0181128978729248,0
1.0278667211532593,0
1.0653433799743652,0
0.9490371346473694,0
1.2019494771957397,0
1.024394154548645,0
1.079586148262024,0
0.9991601705551147,0
1.0012489557266235,0
1.4850659370422363,0
1.1348860263824463,0
1.2080223560333252,0
0.9925426244735718,0
1.0811095237731934,0
0.9749216437339783,0
1.1373149156570435,0
0.9933201670646667,0
1.0700786113739014,0
0.9731548428535461,0
1.4908337593078613,0
1.0376367568969727,0
1.0418586730957031,0
1.003966212272644,0
1.3095481395721436,0
1.0217781066894531,0
1.328104853630066,0
1.0284819602966309,0
0.9955313801765442,0
1.1838127374649048,0
1.8501152992248535,0
1.2763843536376953,0
1.0178382396697998,0
1.7390236854553223,0
0.9825608730316162,0
1.0510250329971313,0
1.053890347480774,0
0.9484845995903015,0
1.202917456626892,0
0.975237250328064,0
1.0580490827560425,0
1.0765830278396606,0
1.0086687803268433,0
1.1462393999099731,0
0.9886853098869324,0
0.9953957796096802,0
0.9774583578109741,0
0.966630756855011,0
0.9623943567276001,0
1.1113927364349365,0
0.969929039478302,0
0.9734794497489929,0
1.074995756149292,0
1.2572920322418213,0
0.9930042028427124,0
1.0498507022857666,0
0.9823307991027832,0
1.017637014389038,0
1.0888123512268066,0
1.0319396257400513,0
1.0585345029830933,0
1.0642306804656982,0
1.0614680051803589,0
1.0477137565612793,0
1.0175029039382935,0
1.0868167877197266,0
1.1683480739593506,0
1.4071019887924194,0
1.019747018814087,0
1.0435888767242432,0
1.0466517210006714,0
1.1578071117401123,0
1.0981086492538452,0
0.9869537353515625,0
1.1009581089019775,0
1.3037410974502563,0
1.0466715097427368,0
1.3572876453399658,0
1.1207420825958252,0
1.3422845602035522,0
1.1299470663070679,0
1.1413841247558594,0
1.0437660217285156,0
0.9939175248146057,0
1.0241665840148926,0
1.110146164894104,0
1.2018929719924927,0
1.1493157148361206,0
0.9955313801765442,0
1.0176079273223877,0
1.0,0
1.0554519891738892,0
1.0055179595947266,0
1.1501092910766602,0
1.2769843339920044,0
0.9856234788894653,0
1.019561529159546,0
1.7749077081680298,0
1.182736873626709,0
0.9454256892204285,0
1.1888612508773804,0
1.3138957023620605,0
1.0116984844207764,0
1.0225903987884521,0
1.1409602165222168,0
1.2606452703475952,0
0.9808104038238525,0
1.0674422979354858,0
1.0759896039962769,0
1.0161359310150146,0
1.0915911197662354,0
1.0267316102981567,0
1.745827317237854,0
1.134974479675293,0
1.2961355447769165,0
1.5181968212127686,0
1.0913543701171875,0
1.0608528852462769,0
1.1760019063949585,0
1.593551754951477,0
1.0190876722335815,0
1.0004507303237915,0
1.0408998727798462,0
1.0489407777786255,0
1.0560016632080078,0
1.0546027421951294,0
0.9938657879829407,0
1.0651602745056152,0
1.2495898008346558,0
1.0107778310775757,0
0.9474254846572876,0
1.1461269855499268,0
0.9965317845344543,0
1.017059087753296,0
0.9744853377342224,0
1.0177805423736572,0
1.0145602226257324,0
1.1542309522628784,0
1.0456442832946777,0
1.018693447113037,0
1.022583246231079,0
1.048524022102356,0
1.0403269529342651,0
2.0462682247161865,0
0.973720133304596,0
1.0860843658447266,0
1.1182432174682617,0
1.0208138227462769,0
1.1433242559432983,0
1.1331846714019775,0
2.205442428588867,0
1.1845999956130981,0
1.0246846675872803,0
1.0568702220916748,0
1.0011391639709473,0
1.0371111631393433,0
1.1720837354660034,0
1.041398286819458,0
0.9459182024002075,0
0.9577144384384155,0
1.1623282432556152,0
1.033934235572815,0
1.7149800062179565,0
1.071018099784851,0
0.9919816851615906,0
1.194778323173523,0
1.0451254844665527,0
1.0134539604187012,0
1.0074784755706787,0
1.0344021320343018,0
0.9976427555084229,0
1.0628867149353027,0
1.0867540836334229,0
0.9791170954704285,0
1.1534465551376343,0
1.0152252912521362,0
1.0599157810211182,0
1.0004287958145142,0
2.277921199798584,0
1.1766945123672485,0
1.0237393379211426,0
1.0110490322113037,0
1.1664862632751465,0
1.1723250150680542,0
1.111517071723938,0
1.5007870197296143,0
0.9845747351646423,0
1.1956359148025513,0
0.9911212921142578,0
1.6000357866287231,0
1.1170920133590698,0
1.0783658027648926,0
1.252443790435791,0
1.0537376403808594,0
0.9858810305595398,0
1.0220882892608643,0
1.1474108695983887,0
1.311959147453308,0
1.1160227060317993,0
0.9680759906768799,0
0.9947619438171387,0
1.028782606124878,0
1.0828678607940674,0
0.951320230960846,0
0.9934353232383728,0
1.0206738710403442,0
0.9235923290252686,0
1.0789251327514648,0
1.0603867769241333,0
1.0255943536758423,0
1.1012107133865356,0
1.136533260345459,0
0.9918385148048401,0
1.0272523164749146,0
1.019071340560913,0
1.021131992340088,0
1.0231164693832397,0
1.1043601036071777,0
1.027931571006775,0
1.4651707410812378,0
1.2104392051696777,0
0.9857139587402344,0
1.0678226947784424,0
0.9834190011024475,0
0.963542640209198,0
1.4797351360321045,0
0.9982235431671143,0
1.1445032358169556,0
1.892917275428772,0
1.0396449565887451,0
1.0807044506072998,0
0.9941977858543396,0
1.032529592514038,0
1.211172103881836,0
1.458728551864624,0
1.0609303712844849,0
0.9549791812896729,0
1.5988354682922363,0
0.996336042881012,0
1.0323015451431274,0
1.0137269496917725,0
1.3009915351867676,0
1.2378315925598145,0
1.2141704559326172,0
1.2459144592285156,0
1.5278637409210205,0
1.0091713666915894,0
2.046039342880249,0
1.0257285833358765,0
1.1235685348510742,0
0.9935904741287231,0
1.1292998790740967,0
1.0780408382415771,0
1.015588402748108,0
1.006278395652771,0
1.1447471380233765,0
0.9758375883102417,0
0.999489963054657,0
1.2900235652923584,0
0.9920618534088135,0
0.9849279522895813,0
1.0581296682357788,0
1.3314288854599,0
1.0379725694656372,0
1.052666187286377,0
1.142087459564209,0
1.0298125743865967,0
1.070351481437683,0
1.3275847434997559,0
1.0560905933380127,0
1.0085750818252563,0
0.9739632606506348,0
1.1092677116394043,0
1.1140170097351074,0
1.0966379642486572,0
1.008863925933838,0
1.241690993309021,0
0.9861659407615662,0
1.085139513015747,0
1.102043628692627,0
1.04086172580719,0
0.9917899370193481,0
1.1294254064559937,0
82.86882781982422,0
0.9877200126647949,0
1.1479978561401367,0
1.0049607753753662,0
1.8711535930633545,0
1.0304738283157349,0
1.0229169130325317,0
0.9999333024024963,0
1.2353718280792236,0
1.0323408842086792,0
1.1547287702560425,0
0.9942749738693237,0
1.5025781393051147,0
1.1457167863845825,0
1.0263231992721558,0
1.0713896751403809,0
1.1000851392745972,0
1.0315120220184326,0
1.0052621364593506,0
1.1154017448425293,0
1.1676934957504272,0
0.9796080589294434,0
0.995863139629364,0
1.0344234704971313,0
0.9909130930900574,0
1.068710446357727,0
0.9899745583534241,0
0.9722540974617004,0
1.1475110054016113,0
1.1547287702560425,0
1.002103328704834,0
1.1468192338943481,0
1.114846110343933,0
1.155638575553894,0
0.9790173172950745,0
1.0462868213653564,0
1.0420514345169067,0
4.496262550354004,0
1.1763452291488647,0
1.1265405416488647,0
0.9481750726699829,0
1.0810270309448242,0
0.9381833672523499,0
1.1124134063720703,0
1.203263521194458,0
1.2205277681350708,0
1.215471863746643,0
1.0070337057113647,0
1.0858683586120605,0
1.0,0
0.9801977276802063,0
0.9642058610916138,0
1.0185894966125488,0
1.0230215787887573,0
1.120223045349121,0
1.055127501487732,0
0.9988279938697815,0
0.974847137928009,0
1.0495821237564087,0
1.2783560752868652,0
1.5080950260162354,0
0.9934353232383728,0
0.9800375699996948,0
1.0203018188476562,0
1.1359084844589233,0
1.0098438262939453,0
1.0217705965042114,0
1.0030670166015625,0
1.0453238487243652,0
1.0063742399215698,0
0.9922940135002136,0
19.462928771972656,0
1.0068211555480957,0
1.1107414960861206,0
0.9781532287597656,0
0.9931672811508179,0
0.983680784702301,0
0.9959079027175903,0
1.0591899156570435,0
1.0175745487213135,0
1.118356704711914,0
0.9766542315483093,0
1.1069400310516357,0
1.0836899280548096,0
1.082594871520996,0
1.0594898462295532,0
1.2058756351470947,0
0.9911624193191528,0
1.1266597509384155,0
1.02651047706604,0
1.0602757930755615,0
1.0352457761764526,0
1.0898767709732056,0
0.9973424673080444,0
1.03804612159729,0
0.9867014288902283,0
1.0287078619003296,0
0.9910351634025574,0
0.9625746607780457,0
1.0254433155059814,0
1.043067216873169,0
1.0787433385849,0
1.0352940559387207,0
1.0782077312469482,0
0.9693501591682434,0
1.1093733310699463,0
0.9880682229995728,0
1.089106559753418,0
1.117552638053894,0
1.0682417154312134,0
1.0595184564590454,0
1.3729488849639893,0
1.1215813159942627,0
0.9748762249946594,0
1.2086658477783203,0
0.9722391366958618,0
1.0204331874847412,0
1.0971906185150146,0
1.0176831483840942,0
1.17499840259552,0
1.2203748226165771,0
0.9775768518447876,0
1.0039219856262207,0
1.0129468441009521,0
1.2863860130310059,0
1.1576448678970337,0
1.012602686882019,0
1.1200764179229736,0
1.3281688690185547,0
0.9704018235206604,0
1.056572675704956,0
0.9858874082565308,0
2.0268166065216064,0
1.1883690357208252,0
1.121842622756958,0
1.0273330211639404,0
0.9944366216659546,0
0.9864844083786011,0
1.0031558275222778,0
0.989762544631958,0
1.2081282138824463,0
1.0098876953125,0
0.981607973575592,0
0.988537073135376,0
1.05125892162323,0
0.976733386516571,0
1.000623106956482,0
1.188351035118103,0
0.9675118327140808,0
0.9963624477386475,0
1.1627575159072876,0
1.1101466417312622,0
1.164872407913208,0
1.778405785560608,0
1.1051421165466309,0
1.4048210382461548,0
1.0385336875915527,0
1.0343234539031982,0
1.898991584777832,0
1.2119555473327637,0
1.0207985639572144,0
0.9703415632247925,0
1.1093294620513916,0
1.0416605472564697,0
1.2348066568374634,0
1.0009832382202148,0
2.813417673110962,0
1.0476778745651245,0
1.018898606300354,0
1.0083959102630615,0
1.005873441696167,0
1.046120524406433,0
1.0541701316833496,0
0.9966437816619873,0
1.0422300100326538,0
1.0428931713104248,0
1.4120179414749146,0
1.0084559917449951,0
1.0403578281402588,0
1.0377081632614136,0
1.0623542070388794,0
1.0637049674987793,0
0.9989521503448486,0
1.23450767993927,0
1.018362283706665,0
1.04868483543396,0
0.9839264750480652,0
1.2373942136764526,0
1.142789363861084,0
1.005981206893921,0
1.1798659563064575,0
1.0396018028259277,0
1.0495671033859253,0
0.9837254881858826,0
1.0118436813354492,0
0.9980147480964661,0
1.0104913711547852,0
0.9765467643737793,0
2.1255264282226562,0
1.0073298215866089,0
0.994466245174408,0
0.9490597248077393,0
1.038495659828186,0
1.0253225564956665,0
1.0083340406417847,0
0.968724250793457,0
1.0623908042907715,0
1.2503811120986938,0
1.0365402698516846,0
1.0665597915649414,0
0.9570854902267456,0
1.1786781549453735,0
0.9834778308868408,0
1.1302852630615234,0
1.010350227355957,0
1.005336880683899,0
0.9820919036865234,0
1.0324100255966187,0
1.0806357860565186,0
1.070713996887207,0
1.0508460998535156,0
1.0347445011138916,0
1.0567147731781006,0
1.03001070022583,0
1.0798081159591675,0
1.1852225065231323,0
1.1368852853775024,0
1.095974326133728,0
1.3216177225112915,0
1.0514109134674072,0
1.1074532270431519,0
1.2776004076004028,0
1.0176849365234375,0
1.0122199058532715,0
1.0067498683929443,0
0.982785165309906,0
1.004177451133728,0
0.999057948589325,0
1.2117999792099,0
1.1716041564941406,0
1.159139633178711,0
1.2218596935272217,0
1.0168235301971436,0
1.3722466230392456,0
1.0285001993179321,0
0.9964463114738464,0
1.2409416437149048,0
0.9864028692245483,0
0.9549791812896729,0
1.0348830223083496,0
1.0210553407669067,0
1.0020108222961426,0
1.0699089765548706,0
1.1543081998825073,0
1.1708241701126099,0
1.2381850481033325,0
1.0786950588226318,0
0.9568399786949158,0
1.0619231462478638,0
1.112263798713684,0
1.0807881355285645,0
1.0213944911956787,0
1.1184215545654297,0
1.2846755981445312,0
1.2045503854751587,0
0.9381833672523499,0
1.2308640480041504,0
0.9880762696266174,0
1.1661568880081177,0
0.9972487688064575,0
1.1090810298919678,0
1.1571217775344849,0
1.0417225360870361,0
1.1119585037231445,0
1.460763931274414,0
1.0117329359054565,0
1.1817420721054077,0
1.0864441394805908,0
1.9051425457000732,0
0.9865006804466248,0
1.1039451360702515,0
1.2065976858139038,0
1.116924524307251,0
1.0120487213134766,0
1.4557952880859375,0
1.0628055334091187,0
0.9815546274185181,0
1.079124927520752,0
2.1255264282226562,0
1.1529244184494019,0
1.022003412246704,0
1.0259648561477661,0
1.059158205986023,0
1.0991982221603394,0
1.2551188468933105,0
1.145561695098877,0
1.1484484672546387,0
1.0097551345825195,0
1.0088356733322144,0
1.0354561805725098,0
1.0138354301452637,0
1.092329502105713,0
1.1099578142166138,0
0.9815539121627808,0
1.0000605583190918,0
1.0246477127075195,0
0.9955334663391113,0
1.0307973623275757,0
1.1214337348937988,0
1.1278375387191772,0
1.0213569402694702,0
1.778405785560608,0
1.4941189289093018,0
0.9823656678199768,0
2.593169927597046,0
1.0098226070404053,0
1.0196514129638672,0
0.9751423001289368,0
1.004725456237793,0
1.0997198820114136,0
1.0524147748947144,0
0.977678656578064,0
0.9950000047683716,0
1.0618250370025635,0
1.0785269737243652,0
1.0169059038162231,0
0.9886143803596497,0
0.9847294092178345,0
1.0777391195297241,0
1.062407374382019,0
0.9526416063308716,0
1.1847920417785645,0
1.1016966104507446,0
0.9836715459823608,0
0.9956791400909424,0
1.0823596715927124,0
0.9813856482505798,0
2.37481427192688,0
0.9242399334907532,0
1.0244908332824707,0
1.101270318031311,0
0.9908206462860107,0
1.0040146112442017,0
1.420426368713379,0
0.9852440357208252,0
1.013985276222229,0
1.0870133638381958,0
0.9830806851387024,0
1.1117093563079834,0
1.158657193183899,0
0.9633578062057495,0
1.0727801322937012,0
1.0303672552108765,0
1.0392011404037476,0
1.055422306060791,0
1.077455759048462,0
1.0660037994384766,0
1.0060021877288818,0
0.9863086938858032,0
1.0137269496917725,0
0.9946414232254028,0
1.3413091897964478,0
1.3382256031036377,0
1.2404686212539673,0
1.157439947128296,0
1.03590989112854,0
1.1040645837783813,0
1.198809027671814,0
1.013330101966858,0
1.1206941604614258,0
1.0221550464630127,0
1.248550534248352,0
0.9961886405944824,0
0.9875375032424927,0
1.0330547094345093,0
1.1436794996261597,0
1.0431660413742065,0
1.2293301820755005,0
1.1566922664642334,0
0.9645914435386658,0
0.9678448438644409,0
1.0890167951583862,0
0.9626747965812683,0
1.0198982954025269,0
1.0592542886734009,0
1.0269737243652344,0
1.0733565092086792,0
1.2508132457733154,0
1.0180013179779053,0
1.147975206375122,0
1.045271635055542,0
1.6493351459503174,0
1.2130833864212036,0
1.0243406295776367,0
1.0280256271362305,0
1.103524923324585,0
1.1199778318405151,0
1.0560624599456787,0
1.122499704360962,0
1.0238794088363647,0
1.4814969301223755,0
1.0190820693969727,0
0.9922666549682617,0
1.0472183227539062,0
1.19124174118042,0
1.056449055671692,0
1.1176011562347412,0
1.0259265899658203,0
1.0526883602142334,0
1.3076646327972412,0
1.0929077863693237,0
1.2444366216659546,0
0.9831961393356323,0
0.9662248492240906,0
1.1052048206329346,0
1.0840200185775757,0
1.2270841598510742,0
0.9650309085845947,0
1.0360734462738037,0
1.5507673025131226,0
1.9499930143356323,0
0.9950704574584961,0
1.166311502456665,0
0.9773292541503906,0
1.1678833961486816,0
1.0146783590316772,0
1.0804578065872192,0
1.0389188528060913,0
1.4322328567504883,0
0.9731040596961975,0
0.9897351861000061,0
1.3306634426116943,0
0.9898239970207214,0
1.1852318048477173,0
1.739313006401062,0
0.9862936735153198,0
1.8015859127044678,0
1.0848675966262817,0
3.0474822521209717,0
1.6357840299606323,0
1.3521428108215332,0
1.0521279573440552,0
1.001829981803894,0
1.0728877782821655,0
0.9764001369476318,0
1.059325933456421,0
0.9570683836936951,0
1.0644828081130981,0
1.2259851694107056,0
1.0053452253341675,0
1.3341174125671387,0
0.9716538190841675,0
1.2785305976867676,0
0.974009096622467,0
1.0908604860305786,0
0.9942741990089417,0
1.0024895668029785,0
1.1620014905929565,0
0.9871699213981628,0
0.9768053293228149,0
1.1301803588867188,0
0.9866006970405579,0
1.0895084142684937,0
0.9949167370796204,0
1.0006728172302246,0
1.1433089971542358,0
0.973330557346344,0
0.9712233543395996,0
1.0397188663482666,0
1.140745997428894,0
1.010703682899475,0
1.2310010194778442,0
1.1252139806747437,0
1.1926681995391846,0
1.3916597366333008,0
1.009222149848938,0
1.026277780532837,0
1.424538254737854,0
1.0165144205093384,0
0.9830344319343567,0
0.9936138987541199,0
0.972806990146637,0
1.0150606632232666,0
1.193297266960144,0
0.9916594624519348,0
0.9942988753318787,0
1.1222150325775146,0
1.0472197532653809,0
0.9860636591911316,0
0.9693126678466797,0
0.9877777099609375,0
1.032738208770752,0
1.014468789100647,0
0.9617955684661865,0
0.991424560546875,0
1.0253982543945312,0
0.9224675893783569,0
1.0860806703567505,0
1.0677337646484375,0
1.0299088954925537,0
1.0269851684570312,0
0.9728357195854187,0
1.0821962356567383,0
1.0139614343643188,0
1.0432227849960327,0
0.9884107708930969,0
1.0511448383331299,0
0.9755567908287048,0
1.209364891052246,0
1.0222910642623901,0
0.9890586137771606,0
0.9870712161064148,0
1.3766871690750122,0
1.141274333000183,0
1.0031510591506958,0
1.0188714265823364,0
1.1674137115478516,0
1.0774348974227905,0
1.0114202499389648,0
1.005869746208191,0
1.0057992935180664,0
1.2621527910232544,0
1.0924350023269653,0
0.9938594102859497,0
1.0707734823226929,0
1.0046454668045044,0
1.0467420816421509,0
1.0701239109039307,0
1.0127203464508057,0
1.0708773136138916,0
1.020579218864441,0
1.1712646484375,0
1.3330796957015991,0
1.0452322959899902,0
1.060618281364441,0
1.216784119606018,0
1.1907435655593872,0
0.979556143283844,0
1.0056248903274536,0
1.1584336757659912,0
1.009328842163086,0
1.0906589031219482,0
1.3729037046432495,0
1.378023386001587,0
1.1005698442459106,0
1.4332386255264282,0
1.0665277242660522,0
0.9859251976013184,0
1.0102206468582153,0
0.9961675405502319,0
1.0791680812835693,0
0.9984793066978455,0
1.1404577493667603,0
1.0211600065231323,0
0.9908756613731384,0
1.1435813903808594,0
1.082867980003357,0
1.0378810167312622,0
0.9689127802848816,0
1.0034332275390625,0
1.073799729347229,0
1.1124814748764038,0
1.2305797338485718,0
1.0138908624649048,0
1.8448041677474976,0
1.3480706214904785,0
1.0837510824203491,0
1.0685992240905762,0
1.1234196424484253,0
1.2564513683319092,0
1.051574945449829,0
1.013481616973877,0
1.03965425491333,0
1.1059503555297852,0
1.1469868421554565,0
1.0455623865127563,0
1.0250743627548218,0
1.130066156387329,0
0.9946991801261902,0
1.130383014678955,0
1.014319896697998,0
1.0004067420959473,0
1.009358525276184,0
0.9821150302886963,0
1.0207468271255493,0
2.813417673110962,0
1.205410122871399,0
1.0057505369186401,0
1.1630375385284424,0
1.023189663887024,0
1.1766034364700317,0
0.9842930436134338,0
1.1257003545761108,0
1.0877840518951416,0
1.0296943187713623,0
1.0063577890396118,0
1.2433902025222778,0
1.6944383382797241,0
0.9783422350883484,0
0.9908051490783691,0
0.9630380868911743,0
0.9790037274360657,0
1.2438342571258545,0
0.9916052222251892,0
1.0074553489685059,0
1.0061821937561035,0
1.0596213340759277,0
1.1603763103485107,0
1.0084878206253052,0
1.045645833015442,0
1.0846664905548096,0
1.329371690750122,0
1.261011004447937,0
1.068067193031311,0
1.0001206398010254,0
0.9753990769386292,0
1.0404030084609985,0
0.9997369647026062,0
1.0945526361465454,0
1.0622758865356445,0
1.0335190296173096,0
0.9447789788246155,0
1.0836141109466553,0
0.999455988407135,0
1.0013978481292725,0
0.9766718149185181,0
1.055260419845581,0
0.9816869497299194,0
1.1239385604858398,0
1.0209068059921265,0
1.007788896560669,0
0.957068681716919,0
1.0408557653427124,0
1.0113483667373657,0
1.3108514547348022,0
1.092158555984497,0
0.9786043763160706,0
1.793553352355957,0
1.7709639072418213,0
1.034428358078003,0
1.000243902206421,0
1.054667353630066,0
1.06019127368927,0
0.9504933953285217,0
0.9804630875587463,0
1.207442045211792,0
0.9745593667030334,0
1.0218397378921509,0
1.5702730417251587,0
1.0609402656555176,0
1.0530918836593628,0
1.0007017850875854,0
1.0772908926010132,0
1.017637014389038,0
1.317568063735962,0
1.0235800743103027,0
1.028214693069458,0
1.0168981552124023,0
1.1516830921173096,0
1.3988666534423828,0
1.2819644212722778,0
1.1544854640960693,0
0.9489452838897705,0
1.053476095199585,0
1.0992599725723267,0
1.1681036949157715,0
1.1462100744247437,0
1.068153977394104,0
1.2283449172973633,0
0.9772385954856873,0
1.018020749092102,0
1.1318947076797485,0
1.018004059791565,0
0.9933719635009766,0
0.9950000047683716,0
0.9796218276023865,0
1.0482946634292603,0
1.0573064088821411,0
1.0420145988464355,0
0.9996665716171265,0
1.0221648216247559,0
1.1954528093338013,0
1.119767665863037,0
1.1850324869155884,0
1.0437527894973755,0
0.9631360173225403,0
1.002642035484314,0
0.9973617196083069,0
1.022094488143921,0
1.1357477903366089,0
0.9759926795959473,0
1.03477144241333,0
1.054618000984192,0
1.0388975143432617,0
0.9993100762367249,0
1.3164180517196655,0
0.9785138368606567,0
0.9737254977226257,0
0.9776349663734436,0
1.0666120052337646,0
1.073911428451538,0
1.3112870454788208,0
0.9759538173675537,0
1.226015567779541,0
0.9654408097267151,0
1.156727910041809,0
1.2352631092071533,0
1.1707913875579834,0
1.083900809288025,0
1.2216016054153442,0
1.1106632947921753,0
1.2228193283081055,0
1.0463480949401855,0
1.0666029453277588,0
1.0912773609161377,0
3.316138505935669,0
1.3570117950439453,0
1.0829046964645386,0
0.9719271063804626,0
1.040549397468567,0
1.0400086641311646,0
1.043894648551941,0
1.283186912536621,0
1.031254768371582,0
1.0827058553695679,0
1.4776407480239868,0
1.0764117240905762,0
1.141350269317627,0
1.059225082397461,0
1.2108556032180786,0
0.9768203496932983,0
1.0253301858901978,0
0.9910589456558228,0
0.9797180891036987,0
1.000134825706482,0
1.6351252794265747,0
0.982272744178772,0
0.9733450412750244,0
0.9980147480964661,0
1.1399478912353516,0
1.0213485956192017,0
1.093658685684204,0
0.9549791812896729,0
1.0485589504241943,0
1.3577213287353516,0
1.5723450183868408,0
0.9863086938858032,0
1.0175145864486694,0
1.0060505867004395,0
1.0383248329162598,0
1.2451707124710083,0
0.9936976432800293,0
0.9875425100326538,0
1.1691253185272217,0
1.0222173929214478,0
1.9007107019424438,0
1.211923360824585,0
1.028334617614746,0
1.0,0
0.9657285809516907,0
1.0210392475128174,0
1.29265558719635,0
2.0625226497650146,0
1.5997028350830078,0
1.0023716688156128,0
0.9742419123649597,0
1.159968614578247,0
1.2074699401855469,0
1.0174272060394287,0
1.2328628301620483,0
1.0335876941680908,0
1.3045732975006104,0
1.0502636432647705,0
1.1509462594985962,0
0.9822205305099487,0
1.013379693031311,0
1.0926671028137207,0
1.053584098815918,0
1.0901234149932861,0
1.306418776512146,0
0.9819253087043762,0
1.0355346202850342,0
1.0540382862091064,0
0.9798410534858704,0
1.0001150369644165,0
1.0405480861663818,0
1.0523988008499146,0
1.0428029298782349,0
1.1325229406356812,0
1.0277284383773804,0
1.0650273561477661,0
1.0624803304672241,0
1.0091739892959595,0
1.0111600160598755,0
1.0062594413757324,0
1.5529898405075073,0
143.70143127441406,0
1.0370458364486694,0
1.1577636003494263,0
1.0510931015014648,0
1.0474430322647095,0
1.0299183130264282,0
1.1022499799728394,0
1.0195549726486206,0
1.1303523778915405,0
1.0139940977096558,0
1.4220430850982666,0
1.069434404373169,0
1.3266735076904297,0
0.9750391244888306,0
1.0223735570907593,0
1.0225547552108765,0
1.0636035203933716,0
0.9667807817459106,0
0.9779022932052612,0
1.288571834564209,0
1.0454546213150024,0
1.0155928134918213,0
1.0222697257995605,0
0.9740358591079712,0
1.0958166122436523,0
1.0184986591339111,0
1.5187658071517944,0
1.0282970666885376,0
1.008334994316101,0
1.0222296714782715,0
1.2008434534072876,0
1.2364579439163208,0
1.3592157363891602,0
0.9982559680938721,0
1.183219313621521,0
1.0088648796081543,0
1.012912631034851,0
1.0746015310287476,0
1.1439988613128662,0
1.1171208620071411,0
1.2321585416793823,0
1.2665462493896484,0
0.971811830997467,0
1.0018938779830933,0
1.1403392553329468,0
1.1388965845108032,0
1.1208603382110596,0
1.1271095275878906,0
0.9653288722038269,0
1.045498013496399,0
1.0948224067687988,0
0.9757464528083801,0
1.0001747608184814,0
1.084911823272705,0
1.0494987964630127,0
1.1666878461837769,0
1.0063961744308472,0
1.0421758890151978,0
0.9944889545440674,0
1.1881028413772583,0
0.9594820141792297,0
1.9590909481048584,0
1.037288784980774,0
1.007873296737671,0
1.038554072380066,0
1.027993083000183,0
1.834667444229126,0
0.9916033744812012,0
0.994293212890625,0
0.9722192287445068,0
0.9883311986923218,0
0.9947851896286011,0
0.9655541181564331,0
0.9925923347473145,0
0.9845786094665527,0
1.0293084383010864,0
1.0156959295272827,0
1.0714054107666016,0
0.9743987917900085,0
1.0973637104034424,0
1.0392793416976929,0
1.2541985511779785,0
1.0065425634384155,0
1.141950249671936,0
1.0170953273773193,0
0.9902384281158447,0
1.034245252609253,0
1.2028963565826416,0
1.134425163269043,0
1.5409595966339111,0
1.0200886726379395,0
1.849880337715149,0
1.0015394687652588,0
1.1794791221618652,0
1.0440424680709839,0
1.0969090461730957,0
0.9206499457359314,0
0.9768203496932983,0
0.9635065197944641,0
1.1195982694625854,0
1.0982794761657715,0
1.1045080423355103,0
1.0429729223251343,0
1.494415044784546,0
0.9976844191551208,0
1.5204194784164429,0
1.0149112939834595,0
1.1075688600540161,0
1.150080680847168,0
1.0017567873001099,0
1.02055025100708,0
1.0006651878356934,0
1.1507006883621216,0
1.0361926555633545,0
1.062504768371582,0
1.0926578044891357,0
1.3260709047317505,0
1.1300032138824463,0
0.9889822006225586,0
1.1247304677963257,0
1.0306956768035889,0
1.2374027967453003,0
1.2695072889328003,0
1.2330856323242188,0
1.1416387557983398,0
1.0502948760986328,0
1.0799647569656372,0
1.0166168212890625,0
1.002484679222107,0
1.0002918243408203,0
1.3287423849105835,0
1.010043978691101,0
1.076391339302063,0
1.0205546617507935,0
1.1282284259796143,0
1.0284810066223145,0
0.990101158618927,0
1.0714160203933716,0
1.0378859043121338,0
1.0691546201705933,0
1.026277780532837,0
1.1684929132461548,0
0.9807997345924377,0
0.9805908203125,0
1.0908410549163818,0
1.027627944946289,0
1.0337514877319336,0
0.9759426712989807,0
1.0130977630615234,0
1.2241308689117432,0
1.0464553833007812,0
1.5208555459976196,0
0.9846656918525696,0
1.034809947013855,0
0.9925695061683655,0
1.1765642166137695,0
1.028442144393921,0
0.9879202246665955,0
1.031119465827942,0
1.2419012784957886,0
1.1783146858215332,0
1.0114668607711792,0
1.2501873970031738,0
0.9938918948173523,0
1.0221080780029297,0
1.6398965120315552,0
0.9928335547447205,0
1.0156621932983398,0
1.0092072486877441,0
1.0302425622940063,0
0.9704711437225342,0
1.0002368688583374,0
1.0303572416305542,0
1.1082242727279663,0
1.2081189155578613,0
1.0488734245300293,0
1.0423063039779663,0
1.05251944065094,0
1.0090664625167847,0
1.1594276428222656,0
1.017375111579895,0
0.9950000047683716,0
0.9999569058418274,0
1.1461282968521118,0
1.1149684190750122,0
0.9927036166191101,0
1.0808813571929932,0
4.897665500640869,0
0.9796929955482483,0
1.2028594017028809,0
1.0574567317962646,0
0.9790471792221069,0
1.0183863639831543,0
1.2976462841033936,0
0.9939799308776855,0
1.0525689125061035,0
1.2148997783660889,0
1.8011798858642578,0
1.099980115890503,0
1.004117727279663,0
1.044248342514038,0
1.036084771156311,0
1.016327977180481,0
1.040461778640747,0
0.9686647057533264,0
0.999351441860199,0
1.1291191577911377,0
1.1557989120483398,0
0.9949333667755127,0
1.0349441766738892,0
1.265899896621704,0
1.1994916200637817,0
1.185591459274292,0
1.3264213800430298,0
1.0546979904174805,0
1.0422295331954956,0
0.9940996170043945,0
1.042603850364685,0
0.9935790300369263,0
1.0045746564865112,0
1.049224853515625,0
1.032947301864624,0
1.24521803855896,0
0.9916677474975586,0
1.2569639682769775,0
1.0245850086212158,0
1.227993369102478,0
1.0600391626358032,0
1.055909514427185,0
1.1691067218780518,0
0.9949474334716797,0
1.2904529571533203,0
1.092276692390442,0
1.0949525833129883,0
0.9848584532737732,0
1.3610907793045044,0
0.9688345193862915,0
1.216787338256836,0
1.294877529144287,0
1.0,0
1.0060158967971802,0
1.0354841947555542,0
1.3823506832122803,0
1.013883113861084,0
1.0185469388961792,0
1.0680755376815796,0
1.1202490329742432,0
433.9005432128906,0
1.0785417556762695,0
1.2204326391220093,0
0.9864048957824707,0
1.1171226501464844,0
1.0734148025512695,0
0.9768203496932983,0
0.9701839685440063,0
1.0351917743682861,0
1.1271620988845825,0
1.1276715993881226,0
0.978406548500061,0
1.0555212497711182,0
1.131162166595459,0
1.0005457401275635,0
1.8121310472488403,0
1.0440794229507446,0
1.6182351112365723,0
1.015372395515442,0
1.1258571147918701,0
1.0495110750198364,0
0.994753360748291,0
1.0132973194122314,0
1.4507187604904175,0
0.9770106077194214,0
1.0004955530166626,0
0.9866425395011902,0
1.0645824670791626,0
1.328965425491333,0
1.2388606071472168,0
1.0300148725509644,0
1.040961503982544,0
1.0615283250808716,0
1.1509491205215454,0
1.1185145378112793,0
1.0776646137237549,0
1.3293026685714722,0
1.0092716217041016,0
1.0139150619506836,0
1.091745376586914,0
1.1348721981048584,0
0.9923145174980164,0
1.04104483127594,0
1.0207244157791138,0
1.0366532802581787,0
1.1136963367462158,0
0.9803640246391296,0
1.0270732641220093,0
1.0581773519515991,0
1.078727126121521,0
0.947654664516449,0
1.3662083148956299,0
1.133199691772461,0
0.977433979511261,0
1.2554279565811157,0
1.030073881149292,0
0.9809982180595398,0
0.9726848006248474,0
1.0503793954849243,0
1.0244208574295044,0
0.9984748363494873,0
0.95843905210495,0
0.9819186925888062,0
1.0201880931854248,0
1.0659648180007935,0
1.0697754621505737,0
1.003564476966858,0
1.013035535812378,0
1.2218198776245117,0
1.0610052347183228,0
1.0251559019088745,0
0.9700720906257629,0
1.0488791465759277,0
0.9452381134033203,0
1.015183448791504,0
1.0482959747314453,0
1.1342923641204834,0
1.1096829175949097,0
1.098852276802063,0
1.0106253623962402,0
1.0885037183761597,0
1.1084818840026855,0
1.1299253702163696,0
0.9472977519035339,0
1.0861965417861938,0
1.203083872795105,0
1.227724552154541,0
0.9724987745285034,0
1.0226515531539917,0
1.0258468389511108,0
0.9923024773597717,0
1.0878263711929321,0
1.0316325426101685,0
1.0338428020477295,0
1.1403218507766724,0
1.0565907955169678,0
1.5867488384246826,0
1.0451606512069702,0
1.0133013725280762,0
1.0474430322647095,0
1.0249131917953491,0
1.042130470275879,0
0.9677897691726685,0
1.0179212093353271,0
1.0466654300689697,0
1.0762355327606201,0
1.0639092922210693,0
1.2551153898239136,0
0.927165150642395,0
0.9902544617652893,0
1.0004558563232422,0
0.9781126379966736,0
1.1624552011489868,0
1.1380008459091187,0
1.008851408958435,0
1.110297441482544,0
1.14350163936615,0
0.9952152967453003,0
0.9990994930267334,0
1.0987133979797363,0
0.9752177000045776,0
1.49465012550354,0
1.1410527229309082,0
1.0057750940322876,0
1.0684345960617065,0
0.9844860434532166,0
1.0862184762954712,0
1.0483455657958984,0
1.0058727264404297,0
1.1135671138763428,0
1.1347007751464844,0
0.9844873547554016,0
0.9773851633071899,0
0.9653026461601257,0
1.0465999841690063,0
1.1509000062942505,0
1.152443766593933,0
1.2982661724090576,0
0.9974915981292725,0
0.9852249026298523,0
1.1292563676834106,0
1.0781867504119873,0
1.0671162605285645,0
1.0426018238067627,0
1.0842546224594116,0
1.047234058380127,0
1.0092153549194336,0
1.2479889392852783,0
1.1378958225250244,0
1.2664871215820312,0
1.0698459148406982,0
1.0878335237503052,0
1.0706572532653809,0
1.0249701738357544,0
1.0049203634262085,0
1.271131157875061,0
0.9871453046798706,0
1.008201241493225,0
1.070249080657959,0
1.01087486743927,0
1.0134483575820923,0
0.9452381134033203,0
1.090425729751587,0
1.2065976858139038,0
1.0406864881515503,0
1.0125796794891357,0
1.076022982597351,0
0.9644032120704651,0
1.2419631481170654,0
1.0049607753753662,0
1.3764312267303467,0
1.0130808353424072,0
1.0175212621688843,0
1.0317431688308716,0
1.004476547241211,0
1.080650806427002,0
1.0,0
0.9844735860824585,0
1.0335662364959717,0
1.0797981023788452,0
0.9808022975921631,0
0.9881461262702942,0
1.044569492340088,0
1.0763821601867676,0
1.1099382638931274,0
1.1925169229507446,0
1.0334731340408325,0
1.1564775705337524,0
0.9784691333770752,0
1.0273699760437012,0
1.2588152885437012,0
1.0939075946807861,0
1.1380506753921509,0
1.0822336673736572,0
1.1187102794647217,0
0.9863305687904358,0
1.0808402299880981,0
1.3496075868606567,0
1.193343997001648,0
1.0045627355575562,0
1.7301512956619263,0
1.0665329694747925,0
0.9699996709823608,0
1.124155879020691,0
0.9889124631881714,0
0.9605019092559814,0
0.9787275791168213,0
1.017391324043274,0
1.1088451147079468,0
0.9938807487487793,0
0.9981610178947449,0
1.2522591352462769,0
1.07246994972229,0
1.0090994834899902,0
0.9877991080284119,0
1.069047451019287,0
1.3615620136260986,0
1.370911717414856,0
1.0614542961120605,0
0.9577654600143433,0
1.1004588603973389,0
1.0064568519592285,0
1.170125126838684,0
1.0550727844238281,0
1.0119980573654175,0
0.9855489134788513,0
1.1103904247283936,0
1.0467175245285034,0
1.0645338296890259,0
0.9692090153694153,0
1.1220457553863525,0
0.9991151690483093,0
1.0994263887405396,0
1.0054510831832886,0
0.9969861507415771,0
1.017603874206543,0
1.0207874774932861,0
1.0756062269210815,0
1.9604350328445435,0
1.119980812072754,0
0.971678614616394,0
0.9906262755393982,0
1.04762601852417,0
1.1052464246749878,0
1.1478737592697144,0
0.9739564061164856,0
0.9938611388206482,0
0.9918466210365295,0
1.0671038627624512,0
0.998846709728241,0
1.0441335439682007,0
0.9840594530105591,0
0.9750553369522095,0
0.9831258058547974,0
1.1633793115615845,0
1.4674774408340454,0
1.2047066688537598,0
0.9638311266899109,0
1.0231258869171143,0
1.0949643850326538,0
1.2199766635894775,0
1.101508378982544,0
1.1851506233215332,0
0.9621143937110901,0
1.6315934658050537,0
1.0415610074996948,0
0.9804573059082031,0
1.2320307493209839,0
1.0083322525024414,0
1.0947777032852173,0
1.0238970518112183,0
1.001940131187439,0
0.9817027449607849,0
1.0862541198730469,0
1.093623161315918,0
0.9712371826171875,0
1.164808750152588,0
1.0859816074371338,0
1.001779317855835,0
1.021544098854065,0
1.141418695449829,0
0.9522771239280701,0
0.9617968797683716,0
1.322744607925415,0
1.001078724861145,0
1.162285566329956,0
1.6441564559936523,0
1.1000034809112549,0
0.9794162511825562,0
1.0388973951339722,0
1.2183936834335327,0
2.8158953189849854,0
1.1117098331451416,0
1.0296099185943604,0
1.0079582929611206,0
1.2733145952224731,0
1.005873680114746,0
1.0612107515335083,0
1.0463805198669434,0
1.053617000579834,0
0.9645898342132568,0
1.0977306365966797,0
1.3287540674209595,0
1.1203405857086182,0
1.0560624599456787,0
1.1301676034927368,0
1.1357378959655762,0
1.0492701530456543,0
1.0807644128799438,0
2.8087270259857178,0
1.0,0
0.9938306212425232,0
1.062912940979004,0
0.9947162866592407,0
1.050937533378601,0
0.9487943053245544,0
1.2714341878890991,0
1.2086166143417358,0
1.5861419439315796,0
1.1535028219223022,0
1.5332063436508179,0
1.0359103679656982,0
1.0538586378097534,0
1.0139691829681396,0
0.9836954474449158,0
1.0337448120117188,0
0.9750049710273743,0
0.9844772219657898,0
1.0222041606903076,0
0.9776843190193176,0
0.9622806906700134,0
1.032179355621338,0
1.1839531660079956,0
0.9985878467559814,0
0.9959667325019836,0
0.9805975556373596,0
1.092816948890686,0
1.0278103351593018,0
1.012532114982605,0
1.0076990127563477,0
1.1164660453796387,0
1.2272456884384155,0
2.088331460952759,0
0.9706191420555115,0
1.0580745935440063,0
1.1428254842758179,0
1.034153699874878,0
1.3130733966827393,0
1.0141223669052124,0
1.139968752861023,0
1.0068621635437012,0
1.1739848852157593,0
0.9820438027381897,0
1.1917529106140137,0
0.9984890818595886,0
1.309991717338562,0
1.0322495698928833,0
1.1816558837890625,0
0.9736900925636292,0
0.9812135696411133,0
1.0841901302337646,0
1.1473662853240967,0
0.9736416935920715,0
1.043319582939148,0
0.9796524047851562,0
1.4594742059707642,0
1.222172737121582,0
1.2030634880065918,0
1.0485351085662842,0
1.0838475227355957,0
1.057461142539978,0
1.0089998245239258,0
1.2642745971679688,0
1.087281584739685,0
1.0068730115890503,0
2.0260469913482666,0
1.0020321607589722,0
1.000261664390564,0
1.4407217502593994,0
0.9885232448577881,0
1.127238154411316,0
1.058509349822998,0
1.0230894088745117,0
1.0356725454330444,0
1.165941834449768,0
1.1258829832077026,0
1.3361438512802124,0
1.1766793727874756,0
1.078131079673767,0
0.9868266582489014,0
0.9804630279541016,0
1.0072799921035767,0
1.066245198249817,0
1.7353525161743164,0
1.1118563413619995,0
1.0302461385726929,0
1.683144211769104,0
1.007468581199646,0
1.0747390985488892,0
0.9954297542572021,0
0.989814281463623,0
1.0058106184005737,0
1.0295649766921997,0
1.6886889934539795,0
1.07053804397583,0
1.1137537956237793,0
0.98298180103302,0
1.0261061191558838,0
1.0318975448608398,0
1.0929290056228638,0
1.097135066986084,0
1.081446886062622,0
1.0739696025848389,0
1.21781587600708,0
0.9977306127548218,0
1.0263725519180298,0
1.1204530000686646,0
1.1179051399230957,0
1.6069352626800537,0
1.1712646484375,0
1.1002975702285767,0
1.0277221202850342,0
0.9718965291976929,0
1.0314443111419678,0
1.0784143209457397,0
0.9425501227378845,0
1.241797685623169,0
0.9947435855865479,0
1.1351531744003296,0
1.0210522413253784,0
1.0193184614181519,0
1.616719365119934,0
0.9837180972099304,0
1.0561732053756714,0
1.1685259342193604,0
0.9842928647994995,0
1.0043832063674927,0
1.0022504329681396,0
1.0727319717407227,0
1.1160613298416138,0
0.9848760366439819,0
1.1797759532928467,0
1.0360798835754395,0
1.0010809898376465,0
1.1697907447814941,0
1.1831939220428467,0
1.111836314201355,0
1.1704243421554565,0
1.0111429691314697,0
1.3329033851623535,0
1.9695594310760498,0
1.5183908939361572,0
1.0883560180664062,0
1.0511499643325806,0
1.0334831476211548,0
1.0130194425582886,0
0.9811421036720276,0
0.9967200756072998,0
0.9752526879310608,0
1.1493330001831055,0
1.033140778541565,0
1.7792807817459106,0
1.2840934991836548,0
1.0173778533935547,0
0.9891830682754517,0
1.0306452512741089,0
1.1430150270462036,0
1.00511634349823,0
1.068501591682434,0
1.308953046798706,0
1.1676608324050903,0
1.037641167640686,0
1.1743066310882568,0
1.0301774740219116,0
2.8158953189849854,0
0.9867432117462158,0
1.0604757070541382,0
1.1087417602539062,0
0.987682580947876,0
0.9666025042533875,0
0.9628869295120239,0
1.083143949508667,0
1.0994148254394531,0
1.022797703742981,0
1.0110503435134888,0
0.9778023362159729,0
1.5246036052703857,0
1.2803088426589966,0
0.9637238383293152,0
1.0410834550857544,0
1.059238314628601,0
0.9975427389144897,0
1.064888834953308,0
1.0667062997817993,0
1.0394701957702637,0
1.167604684829712,0
1.0136693716049194,0
1.0116933584213257,0
1.0464874505996704,0
1.0216176509857178,0
1.0103083848953247,0
1.0072649717330933,0
0.9768203496932983,0
1.270645260810852,0
1.0624910593032837,0
1.0403262376785278,0
1.0355077981948853,0
0.9545390009880066,0
0.9889580011367798,0
1.6444404125213623,0
1.0472103357315063,0
1.472687005996704,0
1.0905135869979858,0
1.3687100410461426,0
0.989516019821167,0
1.0341764688491821,0
1.0459010601043701,0
0.9988987445831299,0
1.211271047592163,0
1.0685657262802124,0
1.3274325132369995,0
21.117536544799805,0
1.1192307472229004,0
1.003763198852539,0
1.0860358476638794,0
1.1036490201950073,0
1.1037118434906006,0
1.2239859104156494,0
0.9752780199050903,0
1.0152618885040283,0
1.0604727268218994,0
0.99651700258255,0
1.0725798606872559,0
1.3716310262680054,0
1.0165684223175049,0
1.0056241750717163,0
1.2653820514678955,0
1.0015993118286133,0
1.0935012102127075,0
1.0978803634643555,0
1.249430775642395,0
1.0134774446487427,0
1.0103977918624878,0
1.0769741535186768,0
1.000510573387146,0
2.8125717639923096,0
1.052988052368164,0
1.0729525089263916,0
1.000888466835022,0
1.4476165771484375,0
1.1084659099578857,0
1.443115472793579,0
1.0328915119171143,0
1.1022132635116577,0
0.9791119694709778,0
1.0056145191192627,0
1.0248708724975586,0
0.9392811059951782,0
0.980183482170105,0
1.3813685178756714,0
1.0025948286056519,0
1.0273590087890625,0
0.9737254977226257,0
0.975473940372467,0
1.0297300815582275,0
1.7466280460357666,0
1.1977835893630981,0
0.9751121997833252,0
1.03106689453125,0
1.1384761333465576,0
4.475588321685791,0
1.023403525352478,0
1.0307775735855103,0
1.1681394577026367,0
0.987827718257904,0
1.0346968173980713,0
0.9686404466629028,0
1.0025972127914429,0
2.8125717639923096,0
1.2565784454345703,0
1.0628999471664429,0
0.9872568249702454,0
1.1491038799285889,0
200.827392578125,0
1.1879109144210815,0
1.0467358827590942,0
0.9861677289009094,0
10.015843391418457,0
1.079053282737732,0
1.0736217498779297,0
1.0051674842834473,0
0.966373860836029,0
1.1058763265609741,0
0.9779214262962341,0
1.013839840888977,0
82.86882781982422,0
1.1160718202590942,0
1.0217827558517456,0
0.9803237318992615,0
1.0189356803894043,0
1.0375087261199951,0
1.0013188123703003,0
1.0145047903060913,0
1.0465521812438965,0
1.1733916997909546,0
1.163306474685669,0
1.309834599494934,0
1.0006181001663208,0
1.0718587636947632,0
1.1982897520065308,0
1.0190681219100952,0
1.0032837390899658,0
0.9762154221534729,0
1.1566596031188965,0
1.4078161716461182,0
1.158484697341919,0
1.1419446468353271,0
0.9863240122795105,0
0.9967038631439209,0
1.4638875722885132,0
1.0600210428237915,0
0.9841279983520508,0
1.0216671228408813,0
1.0864827632904053,0
1.1728748083114624,0
1.0893899202346802,0
1.026103138923645,0
1.279159426689148,0
0.9842702150344849,0
0.9571933150291443,0
1.0585695505142212,0
1.1571327447891235,0
1.1816558837890625,0
0.9774702787399292,0
1.2802854776382446,0
1.084226369857788,0
1.1770797967910767,0
1.3976688385009766,0
1.0425934791564941,0
1.2495561838150024,0
1.1934387683868408,0
0.9461787939071655,0
1.0001206398010254,0
0.9797623157501221,0
2.3859312534332275,0
1.0337764024734497,0
1.0856492519378662,0
1.0670746564865112,0
1.168226957321167,0
0.9438093900680542,0
1.031923532485962,0
1.0536383390426636,0
1.0328325033187866,0
1.0688856840133667,0
1.0970385074615479,0
1.1533844470977783,0
1.0186446905136108,0
1.001971960067749,0
1.116061806678772,0
0.9889840483665466,0
1.0248496532440186,0
0.994650661945343,0
1.0666029453277588,0
1.4532883167266846,0
1.0371557474136353,0
0.9998802542686462,0
1.0581164360046387,0
0.9816646575927734,0
1.0110737085342407,0
0.9697558283805847,0
1.0063223838806152,0
2.330428123474121,0
1.0195821523666382,0
1.4400027990341187,0
1.043555498123169,0
1.0,0
1.0921170711517334,0
1.0137269496917725,0
0.9804855585098267,0
0.9913171529769897,0
0.9725815057754517,0
1.0809706449508667,0
1.0234482288360596,0
1.1336820125579834,0
1.0042064189910889,0
1.178945779800415,0
1.1614534854888916,0
0.9570683836936951,0
1.04841947555542,0
0.9787275791168213,0
1.0070723295211792,0
1.093141794204712,0
1.0172457695007324,0
1.0174051523208618,0
1.016614317893982,0
1.0474553108215332,0
0.9986236095428467,0
1.9604350328445435,0
1.2422298192977905,0
1.0845324993133545,0
1.0225021839141846,0
1.037764549255371,0
0.9969304800033569,0
0.9991495609283447,0
1.0334148406982422,0
0.9890608191490173,0
1.0601046085357666,0
1.0003628730773926,0
0.9751213788986206,0
0.9661256670951843,0
0.9891587495803833,0
1.20688796043396,0
1.2575936317443848,0
1.134860634803772,0
1.0134793519973755,0
1.0561200380325317,0
0.963970959186554,0
1.0073431730270386,0
1.0856964588165283,0
1.0341134071350098,0
1.0274871587753296,0
0.9774361848831177,0
0.986780047416687,0
0.9959079027175903,0
0.9921267628669739,0
0.9797952175140381,0
1.1114131212234497,0
1.2825186252593994,0
1.062034010887146,0
1.088672161102295,0
0.9684635996818542,0
1.040658712387085,0
1.1567683219909668,0
1.026652216911316,0
0.9550776481628418,0
1.095388412475586,0
0.9924787878990173,0
1.189726710319519,0
1.021052598953247,0
1.1790863275527954,0
1.0150089263916016,0
1.0521743297576904,0
1.0647598505020142,0
1.113827109336853,0
1.0193450450897217,0
1.0109920501708984,0
1.0262113809585571,0
1.0029913187026978,0
0.9739767909049988,0
0.9632766842842102,0
1.0190227031707764,0
1.055129051208496,0
0.9625253081321716,0
1.0127791166305542,0
1.1567450761795044,0
1.3012419939041138,0
2.661290168762207,0
1.023511290550232,0
1.060649037361145,0
1.0911755561828613,0
1.011098861694336,0
1.2053524255752563,0
0.9319157600402832,0
1.0052564144134521,0
0.9690293669700623,0
0.9980719685554504,0
0.9786165952682495,0
1.6329575777053833,0
1.0037647485733032,0
1.0301129817962646,0
1.372663140296936,0
1.0137057304382324,0
82.86882781982422,0
1.0577982664108276,0
1.2335667610168457,0
0.9838884472846985,0
1.1928129196166992,0
0.9861111044883728,0
1.0369271039962769,0
1.012305736541748,0
1.0167903900146484,0
1.154567837715149,0
2.8743865489959717,0
1.0611937046051025,0
1.0508613586425781,0
1.0,0
0.9799128174781799,0
1.061174750328064,0
1.0402618646621704,0
1.0456867218017578,0
1.0124598741531372,0
1.043867588043213,0
1.0302127599716187,0
1.008958339691162,0
1.1340276002883911,0
2.2570955753326416,0
1.0041619539260864,0
1.05425226688385,0
1.060962438583374,0
0.968732476234436,0
0.9830990433692932,0
1.043817162513733,0
0.9815781712532043,0
1.2298492193222046,0
1.051781177520752,0
1.1523082256317139,0
1.0268654823303223,0
1.028253197669983,0
1.114999532699585,0
1.1747180223464966,0
0.9750013947486877,0
1.00273859500885,0
1.2646547555923462,0
0.9672831892967224,0
1.218100666999817,0
1.00437331199646,0
1.4581420421600342,0
1.0125384330749512,0
0.96200031042099,0
0.9667148590087891,0
1.0623602867126465,0
1.0619938373565674,0
1.5535727739334106,0
1.0274349451065063,0
0.9992111921310425,0
1.037939429283142,0
1.0673576593399048,0
1.054811954498291,0
0.979243814945221,0
1.4083709716796875,0
0.9852882623672485,0
1.2605667114257812,0
1.2415424585342407,0
1.0859709978103638,0
1.0997198820114136,0
0.9877920746803284,0
1.3564918041229248,0
1.057558298110962,0
1.0340906381607056,0
1.1031991243362427,0
1.5341256856918335,0
1.485263705253601,0
0.9888004660606384,0
0.966907799243927,0
0.9769237637519836,0
1.0444289445877075,0
0.9934896230697632,0
1.0238100290298462,0
0.9857139587402344,0
1.1088682413101196,0
1.0945011377334595,0
0.9839175343513489,0
1.0857034921646118,0
0.9415826201438904,0
0.9908784031867981,0
1.014419436454773,0
1.0037084817886353,0
2.8125717639923096,0
1.0036571025848389,0
1.008461833000183,0
0.9795124530792236,0
1.0073974132537842,0
1.1440495252609253,0
1.1130257844924927,0
1.0319151878356934,0
1.1109108924865723,0
1.4349182844161987,0
0.9984028935432434,0
1.025050401687622,0
369.4812316894531,0
1.0331916809082031,0
2.0036230087280273,0
0.9837366938591003,0
1.0177208185195923,0
2.0462682247161865,0
1.0227971076965332,0
1.0,0
1.0040643215179443,0
1.0527456998825073,0
0.9798080325126648,0
1.103468418121338,0
1.0428255796432495,0
1.0629568099975586,0
3.459836959838867,0
1.0528379678726196,0
1.0103514194488525,0
1.003390908241272,0
1.0567092895507812,0
0.9845929741859436,0
1.2307566404342651,0
1.0511120557785034,0
0.9396825432777405,0
1.2296191453933716,0
0.9912058115005493,0
1.0163168907165527,0
1.0110177993774414,0
1.0413215160369873,0
1.139660120010376,0
0.9961146116256714,0
1.231308937072754,0
1.0195671319961548,0
1.0591692924499512,0
1.131093978881836,0
0.992836058139801,0
1.1171503067016602,0
0.9892013669013977,0
1.0315436124801636,0
0.9818715453147888,0
1.2177172899246216,0
1.2120295763015747,0
1.0279191732406616,0
0.9708365201950073,0
4.909905910491943,0
1.070573091506958,0
1.1160190105438232,0
1.680648684501648,0
0.9978981614112854,0
1.0287567377090454,0
1.028905987739563,0
0.9446999430656433,0
0.9901459813117981,0
82.86882781982422,0
1.1126867532730103,0
0.9835742115974426,0
1.0011849403381348,0
0.9799476861953735,0
1.0017277002334595,0
1.0058060884475708,0
0.9691374897956848,0
1.0743240118026733,0
1.0303192138671875,0
1.0343902111053467,0
1.0632641315460205,0
1.0039715766906738,0
0.990587055683136,0
0.9582904577255249,0
0.9874786734580994,0
1.0904369354248047,0
1.0568292140960693,0
1.0287646055221558,0
1.1159249544143677,0
1.2105112075805664,0
0.9863011837005615,0
82.86882781982422,0
1.0347665548324585,0
1.1632094383239746,0
0.9817378520965576,0
0.9748693108558655,0
0.9587987065315247,0
0.9769470691680908,0
1.0133005380630493,0
1.0264501571655273,0
1.0201650857925415,0
1.0812963247299194,0
1.1510593891143799,0
1.2173351049423218,0
0.9827337861061096,0
0.9595476984977722,0
1.0805540084838867,0
0.9944363236427307,0
1.518049716949463,0
1.1054725646972656,0
1.0837510824203491,0
1.0153754949569702,0
1.0012519359588623,0
0.9779601693153381,0
1.0120859146118164,0
0.9921267628669739,0
1.1326662302017212,0
0.9794427752494812,0
1.011343002319336,0
0.9812392592430115,0
13.57678508758545,0
1.080004096031189,0
0.9588127732276917,0
1.0178990364074707,0
1.1053580045700073,0
1.003713607788086,0
1.9154232740402222,0
1.0866035223007202,0
1.0877189636230469,0
1.2227346897125244,0
1.055295467376709,0
1.0353271961212158,0
1.242548942565918,0
1.0583385229110718,0
1.1429260969161987,0
0.966373860836029,0
1.0276862382888794,0
1.2240849733352661,0
0.9874423146247864,0
0.9576584100723267,0
1.1163192987442017,0
0.9925996661186218,0
1.2043235301971436,0
1.0069628953933716,0
1.1042598485946655,0
0.9849460124969482,0
0.9763335585594177,0
1.0463413000106812,0
0.9987677335739136,0
1.0623819828033447,0
1.194743037223816,0
1.0956141948699951,0
1.022886037826538,0
1.2999323606491089,0
1.2653133869171143,0
0.9705482125282288,0
0.9766718149185181,0
0.9879114031791687,0
1.5297882556915283,0
1.1339111328125,0
1.0561290979385376,0
1.0375332832336426,0
1.0628057718276978,0
0.9783614277839661,0
1.2821319103240967,0
1.0321810245513916,0
0.9697341322898865,0
0.9552653431892395,0
1.086894154548645,0
1.1343538761138916,0
1.0145336389541626,0
1.0599035024642944,0
1.026113748550415,0
1.1741727590560913,0
1.780820608139038,0
1.0123345851898193,0
1.6094557046890259,0
1.008070945739746,0
1.1796660423278809,0
1.087778091430664,0
0.9956636428833008,0
1.0314302444458008,0
0.9925916194915771,0
1.0381606817245483,0
1.2688958644866943,0
0.9666666388511658,0
1.2703776359558105,0
1.0061895847320557,0
1.4751837253570557,0
1.035737156867981,0
1.0426688194274902,0
1.1842083930969238,0
1.0,0
0.9912435412406921,0
1.1050326824188232,0
1.0036392211914062,0
0.9995068311691284,0
0.9841445088386536,0
1.0044611692428589,0
1.0552585124969482,0
1.0168880224227905,0
1.196543574333191,0
0.9735660552978516,0
1.0130715370178223,0
1.0204540491104126,0
1.0,0
1.0618045330047607,0
1.0448647737503052,0
0.9731516242027283,0
1.5093994140625,0
1.2448225021362305,0
1.088202714920044,0
1.0737113952636719,0
0.9865630269050598,0
0.9924608469009399,0
1.0245369672775269,0
1.0535494089126587,0
1.0727020502090454,0
1.018110752105713,0
1.0137269496917725,0
1.0542247295379639,0
0.9740157127380371,0
2.292637348175049,0
1.064759373664856,0
1.0654723644256592,0
0.9695631861686707,0
1.0749918222427368,0
1.024975061416626,0
0.9767305850982666,0
0.9763541221618652,0
1.0934995412826538,0
1.0491971969604492,0
0.9942944049835205,0
0.9829183220863342,0
0.9862541556358337,0
0.9545336365699768,0
1.021618366241455,0
1.1733916997909546,0
1.039923071861267,0
0.9842169880867004,0
1.009741187095642,0
1.2005926370620728,0
0.9583026766777039,0
1.133209228515625,0
1.0154187679290771,0
1.232217788696289,0
1.8378334045410156,0
1.2531356811523438,0
0.9421011209487915,0
0.9919726252555847,0
1.0653514862060547,0
0.9955599308013916,0
1.0426242351531982,0
1.0710811614990234,0
1.0499862432479858,0
1.0002270936965942,0
1.133984923362732,0
1.7421904802322388,0
2.4120843410491943,0
1.0683300495147705,0
1.1034222841262817,0
1.0277167558670044,0
1.063961148262024,0
1.136049747467041,0
0.9798080325126648,0
1.029803991317749,0
0.9950000047683716,0
1.2452675104141235,0
1.0508310794830322,0
0.973251461982727,0
1.039599061012268,0
1.0267137289047241,0
0.9974215626716614,0
1.0635442733764648,0
1.0047850608825684,0
1.0884259939193726,0
2.817441463470459,0
1.332382082939148,0
1.2048742771148682,0
1.0385740995407104,0
1.0712463855743408,0
0.9493175148963928,0
1.0947802066802979,0
1.0157029628753662,0
1.0699163675308228,0
1.5501052141189575,0
1.115364670753479,0
1.0311964750289917,0
1.1649162769317627,0
1.0049632787704468,0
1.274149775505066,0
1.1505340337753296,0
1.1885093450546265,0
0.9772147536277771,0
0.9660437107086182,0
1.0036513805389404,0
1.0763689279556274,0
1.0092110633850098,0
1.0358211994171143,0
0.9924383163452148,0
1.0072487592697144,0
1.0782231092453003,0
0.9622354507446289,0
1.0278599262237549,0
1.4597275257110596,0
0.9890930652618408,0
1.0984190702438354,0
1.09346604347229,0
1.0726642608642578,0
1.0745067596435547,0
1.067730188369751,0
0.9866587519645691,0
1.100109577178955,0
1.103843092918396,0
0.9809954166412354,0
1.0870994329452515,0
0.9859755635261536,0
0.9854156970977783,0
1.0388158559799194,0
1.1096867322921753,0
1.0607872009277344,0
1.0403497219085693,0
1.0029877424240112,0
0.9577040672302246,0
1.0567715167999268,0
0.9692090153694153,0
0.9970141649246216,0
1.0687243938446045,0
0.9812089800834656,0
1.2409250736236572,0
1.637707233428955,0
1.145151972770691,0
1.000848412513733,0
0.9819421768188477,0
0.9421751499176025,0
1.062030553817749,0
1.1490534543991089,0
1.284887433052063,0
0.9911182522773743,0
1.7152588367462158,0
1.2318564653396606,0
1.4008821249008179,0
0.9778267741203308,0
1.0884040594100952,0
1.1050893068313599,0
1.2260336875915527,0
2.374239444732666,0
1.0221185684204102,0
1.0600948333740234,0
1.253076434135437,0
1.0251268148422241,0
1.0877816677093506,0
1.2049939632415771,0
1.0725435018539429,0
1.06027090549469,0
1.4056185483932495,0
0.9594725966453552,0
0.9657493829727173,0
1.0128095149993896,0
1.575727939605713,0
1.022015929222107,0
0.9914460778236389,0
1.0268210172653198,0
1.0100470781326294,0
1.0052824020385742,0
0.9895411133766174,0
1.0207738876342773,0
1.1897859573364258,0
1.2531356811523438,0
1.626688003540039,0
0.9760013222694397,0
1.185474157333374,0
1.024794101715088,0
0.961442232131958,0
1.1303234100341797,0
1.142909288406372,0
1.071108102798462,0
1.1689790487289429,0
1.0374064445495605,0
1.041100263595581,0
1.1344175338745117,0
1.0218278169631958,0
0.9657053351402283,0
1.0101149082183838,0
1.110110878944397,0
1.0897847414016724,0
1.485263705253601,0
1.0022656917572021,0
1.0991084575653076,0
1.053637981414795,0
1.0770201683044434,0
0.9837418794631958,0
1.1137142181396484,0
1.1309839487075806,0
1.0061379671096802,0
1.0809838771820068,0
1.0913581848144531,0
0.9959079027175903,0
0.9716643691062927,0
1.0592831373214722,0
1.0204975605010986,0
1.0843924283981323,0
0.9942277669906616,0
1.0166587829589844,0
1.0138787031173706,0
0.9580215811729431,0
1.0232685804367065,0
1.1594557762145996,0
1.0002572536468506,0
1.0193930864334106,0
0.9539670348167419,0
1.1595983505249023,0
1.0523837804794312,0
1.2087593078613281,0
1.0362979173660278,0
1.0120700597763062,0
0.967301070690155,0
1.0044454336166382,0
1.1384564638137817,0
0.9862527251243591,0
1.0014841556549072,0
0.9900659918785095,0
1.0356751680374146,0
1.042596459388733,0
1.0177232027053833,0
0.9843600392341614,0
1.4809380769729614,0
1.02325439453125,0
0.9912596940994263,0
1.6830072402954102,0
0.9859960079193115,0
1.1302800178527832,0
0.9724365472793579,0
0.9910861253738403,0
1.0890518426895142,0
0.9996718764305115,0
1.0411449670791626,0
1.1205098628997803,0
1.046728491783142,0
0.9794667959213257,0
1.0512700080871582,0
1.0314745903015137,0
1.0837510824203491,0
1.16378653049469,0
1.1014541387557983,0
0.9622806906700134,0
0.9809233546257019,0
1.023932695388794,0
1.0463348627090454,0
1.6249151229858398,0
0.9825608730316162,0
0.9704585671424866,0
1.022749900817871,0
1.0528461933135986,0
1.1323964595794678,0
1.0462214946746826,0
1.187117338180542,0
1.6241693496704102,0
1.1058270931243896,0
0.9425449967384338,0
1.1056866645812988,0
1.0163286924362183,0
1.3680402040481567,0
1.058817982673645,0
1.1631035804748535,0
1.2483009099960327,0
1.0522397756576538,0
0.9789416193962097,0
1.072627067565918,0
0.9955599308013916,0
1.1712646484375,0
1.033313512802124,0
1.0054209232330322,0
0.996798038482666,0
0.9878415465354919,0
1.1470837593078613,0
1.1355117559432983,0
1.0707006454467773,0
1.1697038412094116,0
1.064998984336853,0
0.9988521337509155,0
1.3984586000442505,0
1.3706504106521606,0
1.1670001745224,0
1.3009241819381714,0
0.9794648289680481,0
1.1042916774749756,0
1.126678705215454,0
1.2145156860351562,0
1.8223700523376465,0
1.0410408973693848,0
1.0683064460754395,0
0.9797623157501221,0
1.0460306406021118,0
1.0983967781066895,0
1.1059153079986572,0
1.1117253303527832,0
1.0817152261734009,0
1.015608787536621,0
1.0393866300582886,0
0.9949139952659607,0
1.020641803741455,0
1.0265228748321533,0
1.0467562675476074,0
1.1572171449661255,0
1.1883095502853394,0
1.023735523223877,0
1.1500848531723022,0
1.0151346921920776,0
1.1235649585723877,0
0.9837180972099304,0
0.9437989592552185,0
0.9931662082672119,0
1.0129419565200806,0
0.9653202295303345,0
1.027611494064331,0
1.4518775939941406,0
0.9773765206336975,0
1.506568431854248,0
1.0230029821395874,0
0.9819831848144531,0
1.1629680395126343,0
1.1960175037384033,0
1.0319302082061768,0
0.998055636882782,0
0.98843914270401,0
0.9728547930717468,0
1.2173290252685547,0
1.2671422958374023,0
1.5533843040466309,0
1.0246707201004028,0
0.9793174862861633,0
1.019112467765808,0
1.0506473779678345,0
1.082884669303894,0
0.9945632219314575,0
1.433323860168457,0
1.0,0
1.0090054273605347,0
1.0789294242858887,0
1.0919132232666016,0
35.347660064697266,0
1.4088135957717896,0
0.9823963046073914,0
0.9371044635772705,0
1.1504498720169067,0
1.0684727430343628,0
1.0617990493774414,0
1.4236925840377808,0
1.3620994091033936,0
0.9993492960929871,0
1.068029522895813,0
1.0290008783340454,0
1.1234558820724487,0
2.8087270259857178,0
0.9868058562278748,0
0.9960778951644897,0
0.9758965969085693,0
1.1053504943847656,0
1.2641422748565674,0
1.281887412071228,0
1.0032798051834106,0
1.0064611434936523,0
0.9984146952629089,0
1.0560624599456787,0
0.9708904027938843,0
0.9874423146247864,0
1.0827062129974365,0
1.0303674936294556,0
1.021052598953247,0
1.0089609622955322,0
1.053475022315979,0
1.0015729665756226,0
1.1147143840789795,0
1.0363013744354248,0
1.0363000631332397,0
1.115382194519043,0
1.1085362434387207,0
1.0575971603393555,0
0.9837977886199951,0
0.9842773079872131,0
2.8158953189849854,0
0.9153155088424683,0
1.0094012022018433,0
0.9829918146133423,0
1.1597228050231934,0
1.1803474426269531,0
1.114330768585205,0
1.1344035863876343,0
1.0806690454483032,0
1.0494824647903442,0
1.0344407558441162,0
1.1632250547409058,0
0.9602535963058472,0
1.184802532196045,0
1.0925942659378052,0
0.9890666604042053,0
1.0409526824951172,0
1.126079797744751,0
1.0595693588256836,0
1.0578317642211914,0
1.0892348289489746,0
0.9774181246757507,0
1.0275791883468628,0
0.9692584276199341,0
1.0243041515350342,0
1.0543909072875977,0
1.2934441566467285,0
1.1027535200119019,0
1.1503907442092896,0
0.9796226024627686,0
1.2407339811325073,0
1.2732374668121338,0
1.39216148853302,0
1.0056232213974,0
1.000821828842163,0
1.2606984376907349,0
1.1229532957077026,0
0.9783780574798584,0
1.0211420059204102,0
1.1549333333969116,0
1.2911288738250732,0
1.0298740863800049,0
1.0240377187728882,0
0.9808299541473389,0
1.051890254020691,0
1.0395631790161133,0
1.0284109115600586,0
1.196137547492981,0
1.030910611152649,0
1.0003633499145508,0
0.9689896106719971,0
1.1204527616500854,0
1.0446393489837646,0
1.0764381885528564,0
0.9955028891563416,0
1.1980643272399902,0
1.019300937652588,0
1.1444872617721558,0
1.08624267578125,0
1.0734277963638306,0
1.1779648065567017,0
1.0081231594085693,0
1.0648239850997925,0
1.1335943937301636,0
1.0178403854370117,0
1.194701910018921,0
0.9956955909729004,0
0.9950000047683716,0
1.2696627378463745,0
1.0142749547958374,0
1.6171960830688477,0
1.7298061847686768,0
1.02272629737854,0
1.1950536966323853,0
0.9771535396575928,0
1.8228651285171509,0
0.9612188935279846,0
0.9892854690551758,0
0.9883044958114624,0
281.0751647949219,0
1.0103241205215454,0
1.0574735403060913,0
1.2765058279037476,0
1.0522727966308594,0
1.025731086730957,0
1.0204166173934937,0
1.0363155603408813,0
0.9746342301368713,0
1.4717378616333008,0
0.9781214594841003,0
1.0153355598449707,0
1.1770155429840088,0
1.0298261642456055,0
1.0656167268753052,0
1.0585662126541138,0
1.1160086393356323,0
2.4531540870666504,0
0.98114413022995,0
1.2329782247543335,0
1.0311534404754639,0
0.9939247369766235,0
0.9912149310112,0
1.0109905004501343,0
1.0474879741668701,0
1.2652372121810913,0
0.9892752170562744,0
1.0458744764328003,0
1.5383492708206177,0
1.2998719215393066,0
1.0105504989624023,0
100.45636749267578,0
1.0458331108093262,0
1.0392365455627441,0
1.0819182395935059,0
1.2238484621047974,0
0.9812830686569214,0
1.008070945739746,0
1.041111707687378,0
1.3280895948410034,0
1.1513868570327759,0
1.0070239305496216,0
1.2655936479568481,0
0.9797561764717102,0
1.053514003753662,0
0.9549791812896729,0
1.0153782367706299,0
0.9552730917930603,0
0.9987051486968994,0
0.9905577898025513,0
1.0655931234359741,0
1.6533793210983276,0
1.1716443300247192,0
1.0836665630340576,0
1.079589605331421,0
0.9966093897819519,0
1.0258959531784058,0
1.0379300117492676,0
0.9934535026550293,0
1.2143393754959106,0
1.1099258661270142,0
1.22724187374115,0
0.9629946351051331,0
1.5274696350097656,0
1.0880663394927979,0
1.0354138612747192,0
0.9668042659759521,0
1.005194902420044,0
1.2484421730041504,0
1.1567661762237549,0
1.0315431356430054,0
1.7989839315414429,0
1.0188490152359009,0
0.9876405000686646,0
1.0709344148635864,0
1.0787874460220337,0
0.9597527384757996,0
1.0568463802337646,0
1.0583593845367432,0
1.17850923538208,0
1.246645212173462,0
1.0860518217086792,0
1.0371602773666382,0
0.9621197581291199,0
1.049634337425232,0
0.9853547811508179,0
0.9832218885421753,0
4.414957046508789,0
1.4505690336227417,0
0.9829699993133545,0
1.0825661420822144,0
1.2869261503219604,0
0.9832695722579956,0
1.0669965744018555,0
1.071576476097107,0
1.1489320993423462,0
0.9717559218406677,0
0.95291668176651,0
1.253068447113037,0
1.3676267862319946,0
1.265641450881958,0
1.0238263607025146,0
1.0040533542633057,0
1.0101557970046997,0
1.0574449300765991,0
1.0324093103408813,0
0.9994610548019409,0
1.0945600271224976,0
1.040449619293213,0
1.0913059711456299,0
1.0876630544662476,0
1.0995416641235352,0
1.0314154624938965,0
0.9593801498413086,0
0.9798080325126648,0
1.002244472503662,0
1.0309638977050781,0
1.0192466974258423,0
0.9969508051872253,0
1.1012771129608154,0
1.3042248487472534,0
0.9559772610664368,0
1.0163025856018066,0
0.9676092863082886,0
1.3128423690795898,0
0.9952502250671387,0
1.1664738655090332,0
0.9755579233169556,0
1.032309651374817,0
1.064136266708374,0
0.9973564743995667,0
1.1319257020950317,0
1.0351743698120117,0
1.0480401515960693,0
1.0709679126739502,0
1.5650993585586548,0
1.0284600257873535,0
1.0631178617477417,0
1.0186965465545654,0
1.1610231399536133,0
1.0070879459381104,0
1.080810785293579,0
0.9905632734298706,0
1.1232465505599976,0
0.9785138368606567,0
1.2857943773269653,0
0.9611746072769165,0
1.2748748064041138,0
1.1186296939849854,0
0.9902814626693726,0
0.9776888489723206,0
1.0847760438919067,0
1.135359764099121,0
1.0498334169387817,0
1.0774296522140503,0
1.0143736600875854,0
1.0302159786224365,0
1.004111409187317,0
0.9319157600402832,0
0.9989116787910461,0
1.034224033355713,0
1.158692717552185,0
1.1535868644714355,0
0.9692090153694153,0
1.0672945976257324,0
1.214962363243103,0
1.0034973621368408,0
1.4104297161102295,0
1.0054807662963867,0
1.1096227169036865,0
1.0863699913024902,0
1.0380525588989258,0
0.9971835017204285,0
1.2801086902618408,0
0.9536633491516113,0
0.9766350388526917,0
1.0079114437103271,0
1.0269522666931152,0
0.9952301383018494,0
0.9629449844360352,0
1.1362617015838623,0
1.2560334205627441,0
0.9917330145835876,0
1.2283791303634644,0
1.1140475273132324,0
1.3802748918533325,0
1.0,0
1.15205717086792,0
1.1066584587097168,0
1.3775995969772339,0
1.042704701423645,0
0.9725507497787476,0
1.0534883737564087,0
0.9925628304481506,0
1.0141935348510742,0
1.6964534521102905,0
1.0021305084228516,0
1.0563288927078247,0
1.0099040269851685,0
1.1238524913787842,0
1.0534878969192505,0
0.9813846349716187,0
1.0697073936462402,0
1.0979201793670654,0
0.9834200739860535,0
1.0194623470306396,0
1.7993696928024292,0
1.23341703414917,0
1.003383994102478,0
1.5720030069351196,0
1.0920825004577637,0
1.0231870412826538,0
1.1816558837890625,0
0.997780978679657,0
1.0,0
1.0308725833892822,0
1.1173664331436157,0
1.0716079473495483,0
1.2950448989868164,0
1.130843162536621,0
1.0237244367599487,0
1.0646907091140747,0
1.0200966596603394,0
0.9964061379432678,0
1.0833516120910645,0
1.311159610748291,0
1.3482744693756104,0
0.9905527234077454,0
0.9922248721122742,0
1.082039713859558,0
1.4159414768218994,0
1.006985068321228,0
1.0623549222946167,0
1.084614634513855,0
0.9950000047683716,0
1.0411521196365356,0
1.1381269693374634,0
0.9923417568206787,0
0.9806653261184692,0
1.0027883052825928,0
1.1074597835540771,0
0.9381833672523499,0
1.116924524307251,0
1.7322245836257935,0
1.000169038772583,0
0.9651034474372864,0
1.0000581741333008,0
1.225928783416748,0
1.0182956457138062,0
1.0421589612960815,0
0.9759007692337036,0
0.9998345375061035,0
1.0820127725601196,0
1.131880521774292,0
1.02118980884552,0
1.195409893989563,0
1.1255663633346558,0
1.0158026218414307,0
1.0985851287841797,0
0.9702810645103455,0
1.0868582725524902,0
0.9759109020233154,0
1.024195671081543,0
1.059486746788025,0
1.4002636671066284,0
1.040583610534668,0
0.9904009103775024,0
1.059213638305664,0
1.070514440536499,0
0.989483118057251,0
1.063602328300476,0
1.697758674621582,0
1.0517505407333374,0
0.9832695722579956,0
1.0112909078598022,0
2.3421385288238525,0
1.15297269821167,0
1.0565481185913086,0
1.1045910120010376,0
1.0052082538604736,0
1.0603693723678589,0
1.03269624710083,0
1.1080456972122192,0
0.959652841091156,0
1.2786047458648682,0
1.1484788656234741,0
1.0656371116638184,0
1.0,0
1.0238096714019775,0
1.0125906467437744,0
1.0767719745635986,0
0.9702149629592896,0
1.100520133972168,0
2.380798101425171,0
0.9764391779899597,0
1.0363000631332397,0
1.2121057510375977,0
0.9949144124984741,0
1.004512906074524,0
0.9755426645278931,0
1.0077053308486938,0
1.146436095237732,0
1.1704211235046387,0
1.0683790445327759,0
1.2061309814453125,0
2.813417673110962,0
1.035752534866333,0
1.0334054231643677,0
1.0499342679977417,0
1.3971924781799316,0
1.547272801399231,0
0.9877151846885681,0
1.1693733930587769,0
0.9905344843864441,0
1.0169097185134888,0
1.1326638460159302,0
1.002787709236145,0
0.9962207674980164,0
0.9381833672523499,0
1.1334811449050903,0
1.0541365146636963,0
1.084857702255249,0
1.022845983505249,0
1.0113168954849243,0
1.012365698814392,0
1.0828735828399658,0
1.4019508361816406,0
0.9782339334487915,0
1.044517159461975,0
1.0620319843292236,0
0.9598703384399414,0
0.9907615780830383,0
1.0235997438430786,0
1.2839076519012451,0
1.028468132019043,0
0.9972670674324036,0
1.2309781312942505,0
1.2211754322052002,0
1.1116693019866943,0
1.0209870338439941,0
1.0120487213134766,0
1.093435525894165,0
1.1885210275650024,0
1.2576936483383179,0
1.040508508682251,0
1.030311107635498,0
1.0250623226165771,0
1.1607760190963745,0
1.0749675035476685,0
0.9974561929702759,0
0.9787275791168213,0
1.5346578359603882,0
1.1000691652297974,0
1.148610234260559,0
1.0838468074798584,0
1.0229610204696655,0
0.9887946248054504,0
1.0001206398010254,0
0.9704018235206604,0
1.0637785196304321,0
1.0446381568908691,0
1.0107091665267944,0
1.4692472219467163,0
1.0969440937042236,0
1.0886561870574951,0
1.0993014574050903,0
1.0089664459228516,0
0.9580689668655396,0
1.1763039827346802,0
1.0440531969070435,0
1.107852816581726,0
1.128349781036377,0
1.0182323455810547,0
0.991936206817627,0
1.0441272258758545,0
2.817441463470459,0
1.0676935911178589,0
0.9816557168960571,0
1.0430314540863037,0
1.0126831531524658,0
0.9690507650375366,0
1.2191592454910278,0
1.026729941368103,0
1.0991122722625732,0
1.2280105352401733,0
1.7442221641540527,0
0.9577239155769348,0
0.9797440767288208,0
1.0628055334091187,0
1.0097588300704956,0
1.3939443826675415,0
1.0027663707733154,0
1.026450514793396,0
0.9499198198318481,0
1.00692617893219,0
1.1032185554504395,0
1.3775945901870728,0
1.1266775131225586,0
1.1622977256774902,0
1.0502779483795166,0
1.0359351634979248,0
1.2542680501937866,0
0.9994686841964722,0
1.0887774229049683,0
1.0317057371139526,0
1.1213388442993164,0
1.2252075672149658,0
1.2610210180282593,0
0.9807997345924377,0
1.0274584293365479,0
1.0224063396453857,0
0.9999105930328369,0
1.0266033411026,0
0.9736139178276062,0
1.0032798051834106,0
1.2172037363052368,0
0.9748249650001526,0
1.0029960870742798,0
0.9996777772903442,0
1.0656921863555908,0
1.338449478149414,0
1.0112926959991455,0
0.9960472583770752,0
1.1042063236236572,0
1.0388096570968628,0
1.0285342931747437,0
1.050632119178772,0
0.991737425327301,0
1.3091790676116943,0
4.415116786956787,0
1.1303768157958984,0
1.2395628690719604,0
1.106446623802185,0
1.0093536376953125,0
1.0163254737854004,0
0.9841707348823547,0
1.052206039428711,0
1.0621904134750366,0
1.3848966360092163,0
1.003585934638977,0
1.0072901248931885,0
1.1626358032226562,0
1.0051729679107666,0
0.9549142122268677,0
1.2087663412094116,0
0.9935199022293091,0
1.090425729751587,0
1.1008108854293823,0
1.8316359519958496,0
1.0084378719329834,0
1.0116087198257446,0
1.195702314376831,0
1.0413556098937988,0
0.9975456595420837,0
1.272507667541504,0
1.0134141445159912,0
0.9840582013130188,0
1.104610562324524,0
1.1250102519989014,0
0.9950518012046814,0
1.036283254623413,0
1.100028157234192,0
1.0343378782272339,0
1.1804393529891968,0
1.4486068487167358,0
1.1472241878509521,0
1.1055991649627686,0
1.405375361442566,0
1.0311436653137207,0
1.0111984014511108,0
1.0388091802597046,0
1.0689356327056885,0
1.0376425981521606,0
1.0409598350524902,0
1.0903974771499634,0
1.0855417251586914,0
1.0442160367965698,0
1.0055075883865356,0
1.5182225704193115,0
1.003282070159912,0
1.0110148191452026,0
0.984807550907135,0
1.0137269496917725,0
1.0969703197479248,0
1.0092804431915283,0
1.5926258563995361,0
1.1751757860183716,0
1.0620691776275635,0
1.0248160362243652,0
1.0570577383041382,0
0.9929513335227966,0
1.0439491271972656,0
1.3883033990859985,0
0.9892854690551758,0
0.999207615852356,0
1.181204915046692,0
1.0717649459838867,0
1.0535908937454224,0
1.1484332084655762,0
0.9885008335113525,0
1.0111335515975952,0
1.0563781261444092,0
0.9697511792182922,0
0.9798080325126648,0
1.0771310329437256,0
1.0517395734786987,0
1.0604000091552734,0
1.0654103755950928,0
412.2567138671875,0
1.0143858194351196,0
1.018882155418396,0
1.0031195878982544,0
0.9804573059082031,0
1.0764762163162231,0
1.0414241552352905,0
1.0539894104003906,0
1.0943682193756104,0
1.1206928491592407,0
1.1130856275558472,0
1.038720726966858,0
1.1108102798461914,0
1.0268447399139404,0
1.078426718711853,0
1.0171924829483032,0
1.0729444026947021,0
1.0763403177261353,0
1.101755976676941,0
1.1167341470718384,0
1.0591624975204468,0
1.0309910774230957,0
1.1309891939163208,0
1.7053946256637573,0
1.1437151432037354,0
1.0681744813919067,0
1.048666000366211,0
0.9882009625434875,0
1.0841494798660278,0
0.9923269748687744,0
0.9853354692459106,0
1.1781985759735107,0
1.1310232877731323,0
0.9998520612716675,0
1.011412501335144,0
1.118184208869934,0
1.1144943237304688,0
1.2009950876235962,0
0.9899685382843018,0
1.0566929578781128,0
1.0231691598892212,0
1.0419529676437378,0
1.3358277082443237,0
1.0608311891555786,0
1.1269714832305908,0
1.1689187288284302,0
1.0803306102752686,0
1.0790635347366333,0
1.117096185684204,0
1.434549331665039,0
1.2193399667739868,0
1.0133681297302246,0
1.1557276248931885,0
1.1595700979232788,0
1.018632411956787,0
1.0018246173858643,0
1.0758812427520752,0
1.1234652996063232,0
0.9583325386047363,0
1.0481246709823608,0
0.9853456616401672,0
1.0239025354385376,0
2.8125717639923096,0
1.0173035860061646,0
1.0525641441345215,0
1.0200798511505127,0
2.2329983711242676,0
1.2602235078811646,0
1.1040831804275513,0
1.1356377601623535,0
1.2218198776245117,0
1.099395990371704,0
1.804215908050537,0
1.0265002250671387,0
0.9761918187141418,0
0.9894211292266846,0
1.1816558837890625,0
1.1512975692749023,0
1.1359813213348389,0
1.0115032196044922,0
1.0553056001663208,0
1.0589125156402588,0
1.0865861177444458,0
0.9895786643028259,0
0.9798080325126648,0
1.0228711366653442,0
1.0222159624099731,0
1.053379774093628,0
0.9779091477394104,0
1.0513815879821777,0
1.000348448753357,0
2.150969982147217,0
1.020408272743225,0
1.0138118267059326,0
1.205834150314331,0
1.0531872510910034,0
0.972806990146637,0
1.1628286838531494,0
1.419484257698059,0
1.0313084125518799,0
0.9975957274436951,0
1.1466606855392456,0
1.071346640586853,0
1.2052193880081177,0
1.0244406461715698,0
1.09646737575531,0
1.0165627002716064,0
1.1222078800201416,0
1.0186594724655151,0
1.0251069068908691,0
0.9994239211082458,0
1.342708706855774,0
1.0751322507858276,0
1.2265688180923462,0
1.1972012519836426,0
1.065401315689087,0
0.9937273263931274,0
1.191656231880188,0
1.1009303331375122,0
1.6785979270935059,0
1.0509812831878662,0
0.959496021270752,0
1.0056802034378052,0
1.0079888105392456,0
1.0160040855407715,0
0.9760051965713501,0
1.135941505432129,0
1.2104723453521729,0
0.973910391330719,0
0.9714428186416626,0
1.1030480861663818,0
0.9823886156082153,0
1.0655351877212524,0
1.9669030904769897,0
1.1422473192214966,0
1.2279491424560547,0
1.3102995157241821,0
1.082564115524292,0
1.1282527446746826,0
1.0204323530197144,0
1.073823094367981,0
1.1423474550247192,0
0.9841445088386536,0
1.0881481170654297,0
1.0049829483032227,0
1.4339760541915894,0
1.074346899986267,0
1.0406070947647095,0
1.5874639749526978,0
1.0449488162994385,0
0.9730857610702515,0
1.0402147769927979,0
0.9811346530914307,0
1.2035181522369385,0
0.9857370257377625,0
1.0121735334396362,0
1.2576024532318115,0
1.0750348567962646,0
1.1322503089904785,0
1.0106197595596313,0
1.0171442031860352,0
0.9772167801856995,0
1.1343337297439575,0
0.9748163223266602,0
1.0731353759765625,0
1.04832124710083,0
1.0423961877822876,0
1.018330693244934,0
1.1173757314682007,0
1.0960023403167725,0
1.6000357866287231,0
1.0662498474121094,0
1.1717652082443237,0
1.029632806777954,0
1.1030460596084595,0
1.1121299266815186,0
0.9858836531639099,0
1.0376206636428833,0
0.978488028049469,0
1.0151318311691284,0
1.7253588438034058,0
1.886315941810608,0
0.9765528440475464,0
1.0676518678665161,0
1.0496948957443237,0
1.010603666305542,0
1.0999870300292969,0
1.3410471677780151,0
1.096138596534729,0
1.016361117362976,0
0.9688742160797119,0
0.9959567189216614,0
0.9659930467605591,0
1.0124495029449463,0
1.0282646417617798,0
1.0868206024169922,0
1.1757820844650269,0
1.1403895616531372,0
1.2077077627182007,0
0.9914500117301941,0
1.104920744895935,0
1.013153076171875,0
1.4106030464172363,0
0.9944447875022888,0
0.9853814840316772,0
1.0086482763290405,0
1.0796669721603394,0
0.9625104665756226,0
1.0733251571655273,0
1.0665117502212524,0
1.0723645687103271,0
1.0337388515472412,0
1.5879688262939453,0
1.234007716178894,0
1.2272412776947021,0
1.1031615734100342,0
1.0278394222259521,0
0.9764345288276672,0
1.017442226409912,0
1.0,0
0.9415826201438904,0
1.0410778522491455,0
1.8709536790847778,0
1.0424679517745972,0
1.0315250158309937,0
1.143649935722351,0
0.9847739338874817,0
1.155653953552246,0
1.0289357900619507,0
1.0148018598556519,0
0.9883281588554382,0
1.0369703769683838,0
1.3133116960525513,0
1.050711750984192,0
1.0105599164962769,0
1.5187658071517944,0
0.9888966083526611,0
0.9678664207458496,0
1.0035851001739502,0
1.3031855821609497,0
1.2865486145019531,0
1.242050051689148,0
1.0861222743988037,0
1.1599444150924683,0
1.171509861946106,0
1.0896459817886353,0
1.2321498394012451,0
1.017452597618103,0
1.0188758373260498,0
1.4539433717727661,0
1.1486068964004517,0
1.20331871509552,0
1.030282735824585,0
0.993381679058075,0
1.4767045974731445,0
0.9625304937362671,0
1.3551853895187378,0
1.0185126066207886,0
1.0046826601028442,0
1.0493159294128418,0
1.0192468166351318,0
1.042272925376892,0
0.9846625328063965,0
1.0602115392684937,0
1.0528358221054077,0
0.9848268032073975,0
0.989414632320404,0
1.0120905637741089,0
1.520249843597412,0
1.0293010473251343,0
1.00374436378479,0
1.3752070665359497,0
1.041433334350586,0
1.0383104085922241,0
1.1299022436141968,0
0.9733723998069763,0
0.9574998021125793,0
1.0121879577636719,0
1.1377928256988525,0
1.105656623840332,0
0.9714334607124329,0
1.1938297748565674,0
1.0281946659088135,0
1.012636423110962,0
1.0067273378372192,0
1.0732171535491943,0
1.1468476057052612,0
0.9847211241722107,0
1.0085763931274414,0
1.1009137630462646,0
1.0512306690216064,0
1.0078513622283936,0
1.0114691257476807,0
0.973684549331665,0
1.035354733467102,0
1.063538670539856,0
1.03926420211792,0
2.277921199798584,0
0.9953556060791016,0
1.4353245496749878,0
0.9832695722579956,0
0.9914204478263855,0
1.0413094758987427,0
0.9943687319755554,0
1.1088883876800537,0
1.0497640371322632,0
1.0057566165924072,0
1.0159761905670166,0
1.2303427457809448,0
1.3459724187850952,0
1.265281081199646,0
1.580127239227295,0
1.1803158521652222,0
1.207608938217163,0
0.9953860640525818,0
0.9673170447349548,0
1.040224313735962,0
0.9830824136734009,0
1.0328361988067627,0
1.0091361999511719,0
1.1155859231948853,0
1.014303207397461,0
1.7945634126663208,0
1.3717522621154785,0
1.0789953470230103,0
1.5442545413970947,0
1.0685412883758545,0
1.0006029605865479,0
1.01682710647583,0
1.143874168395996,0
0.9945123791694641,0
1.18743097782135,0
1.2389427423477173,0
1.0,0
2.715001106262207,0
0.9842722415924072,0
1.6834712028503418,0
1.0464497804641724,0
1.3554519414901733,0
1.040078043937683,0
0.9702152013778687,0
1.0298211574554443,0
1.0875335931777954,0
1.0,0
1.1841578483581543,0
1.295419454574585,0
1.0701782703399658,0
1.0175646543502808,0
1.0001206398010254,0
1.1168133020401,0
1.085578441619873,0
1.0387026071548462,0
1.0191975831985474,0
1.0175082683563232,0
1.140731692314148,0
0.9720322489738464,0
1.015754222869873,0
1.294119954109192,0
1.0047882795333862,0
1.3732622861862183,0
1.1413137912750244,0
1.0837393999099731,0
1.5365700721740723,0
1.190071702003479,0
0.9630469679832458,0
1.0608553886413574,0
1.6362495422363281,0
1.095400094985962,0
1.0658643245697021,0
1.0661760568618774,0
1.050897240638733,0
1.1120188236236572,0
0.988228976726532,0
0.9907750487327576,0
1.0986683368682861,0
0.9646122455596924,0
1.0309497117996216,0
0.9674222469329834,0
1.0238507986068726,0
1.0396493673324585,0
1.1987135410308838,0
1.065567970275879,0
0.9951708316802979,0
1.037532925605774,0
1.0442968606948853,0
0.9851123094558716,0
2.195629358291626,0
1.1407009363174438,0
1.0573903322219849,0
1.0970741510391235,0
2.8010129928588867,0
1.1800825595855713,0
1.0221165418624878,0
1.2138159275054932,0
0.9784789681434631,0
1.3014250993728638,0
1.0811930894851685,0
1.302566409111023,0
0.9474517107009888,0
0.9960030317306519,0
0.9827857613563538,0
1.1030536890029907,0
1.3289785385131836,0
1.1643553972244263,0
1.1069289445877075,0
0.9974595308303833,0
1.0053954124450684,0
1.0115993022918701,0
0.9520924091339111,0
1.052608609199524,0
1.0942745208740234,0
1.232734203338623,0
1.0325167179107666,0
1.0244163274765015,0
1.1022709608078003,0
1.0145183801651,0
1.2276626825332642,0
0.9996421933174133,0
1.0146785974502563,0
1.0684216022491455,0
1.049559473991394,0
1.1546034812927246,0
1.0778220891952515,0
1.0577958822250366,0
1.0220123529434204,0
1.028781533241272,0
1.1709084510803223,0
1.0735152959823608,0
1.0233988761901855,0
1.0253254175186157,0
1.1259806156158447,0
0.9952031970024109,0
1.1472960710525513,0
1.062629222869873,0
1.0145453214645386,0
1.0090117454528809,0
1.1544190645217896,0
1.030073881149292,0
0.9528866410255432,0
0.9726112484931946,0
1.0987215042114258,0
1.1207271814346313,0
1.1375858783721924,0
0.9851023554801941,0
1.0133836269378662,0
0.9598906636238098,0
1.0368707180023193,0
1.1412009000778198,0
1.032676100730896,0
1.002172589302063,0
1.0011235475540161,0
1.0366885662078857,0
1.02480947971344,0
1.0151281356811523,0
1.1095443964004517,0
1.0757954120635986,0
1.101112961769104,0
1.1224156618118286,0
1.0188825130462646,0
0.9633426666259766,0
1.2992537021636963,0
1.0378509759902954,0
1.0550615787506104,0
1.0562310218811035,0
1.0457687377929688,0
1.0751380920410156,0
1.751772403717041,0
1.0238794088363647,0
0.9885499477386475,0
1.0865914821624756,0
1.0280224084854126,0
1.031872034072876,0
1.015946865081787,0
1.0480259656906128,0
1.1334997415542603,0
0.9946977496147156,0
1.1533803939819336,0
1.0007963180541992,0
1.0035659074783325,0
1.1520568132400513,0
0.9903421401977539,0
1.0474947690963745,0
1.1863588094711304,0
1.1815106868743896,0
1.0384972095489502,0
1.0685293674468994,0
0.9956273436546326,0
1.1451605558395386,0
1.0877989530563354,0
1.0283775329589844,0
0.9549107551574707,0
1.0641216039657593,0
1.0359045267105103,0
1.0583436489105225,0
0.9832488298416138,0
1.1459904909133911,0
0.9503483772277832,0
2.6019914150238037,0
1.013481855392456,0
1.0272746086120605,0
1.389418601989746,0
0.9862555265426636,0
1.2202825546264648,0
0.983367919921875,0
0.9484386444091797,0
1.0568115711212158,0
1.0015580654144287,0
1.0212689638137817,0
1.037419319152832,0
1.691055417060852,0
1.0356625318527222,0
0.9969289302825928,0
0.9949002265930176,0
1.1404093503952026,0
1.055019736289978,0
1.2659987211227417,0
1.007111668586731,0
1.014706015586853,0
1.0898654460906982,0
1.0471956729888916,0
1.2063775062561035,0
1.0636924505233765,0
0.9935629367828369,0
1.15192449092865,0
1.0238083600997925,0
1.0881673097610474,0
1.0291870832443237,0
1.1059002876281738,0
0.9936649799346924,0
1.0702874660491943,0
1.017949104309082,0
1.066457748413086,0
1.0509651899337769,0
1.2122952938079834,0
1.0178807973861694,0
1.6924289464950562,0
1.7788676023483276,0
0.9732092618942261,0
1.0293244123458862,0
1.0434203147888184,0
0.9881846308708191,0
1.026604175567627,0
1.0871148109436035,0
1.0698591470718384,0
1.0324366092681885,0
1.0026216506958008,0
1.025983214378357,0
1.143499493598938,0
0.9820687174797058,0
1.126152753829956,0
1.063925862312317,0
1.0507547855377197,0
1.212385654449463,0
1.246196985244751,0
1.1266753673553467,0
1.0365878343582153,0
1.7166919708251953,0
1.0641781091690063,0
1.2167887687683105,0
0.9922779202461243,0
1.0037034749984741,0
0.998397707939148,0
1.0542916059494019,0
1.3022730350494385,0
1.0031720399856567,0
1.0233736038208008,0
1.2821755409240723,0
1.660359501838684,0
1.0494530200958252,0
1.127551794052124,0
1.068647861480713,0
1.0742708444595337,0
1.0629127025604248,0
0.9633368849754333,0
1.1601303815841675,0
1.0396336317062378,0
1.4057995080947876,0
1.0197051763534546,0
2.13702130317688,0
0.9715816378593445,0
1.1175140142440796,0
1.0916707515716553,0
1.0180069208145142,0
1.0284076929092407,0
1.1660560369491577,0
1.0377665758132935,0
1.0604835748672485,0
1.1567193269729614,0
1.0332881212234497,0
1.1808738708496094,0
1.0000272989273071,0
1.0041215419769287,0
1.0281487703323364,0
1.0394978523254395,0
0.9810994267463684,0
0.9787275791168213,0
1.2263139486312866,0
0.9562742710113525,0
1.130900502204895,0
0.9782169461250305,0
1.0212512016296387,0
0.998016893863678,0
1.0690033435821533,0
1.022750735282898,0
1.1335822343826294,0
1.0193674564361572,0
1.0090906620025635,0
1.0049915313720703,0
1.14827561378479,0
1.0737054347991943,0
1.0145576000213623,0
1.095742106437683,0
1.0,0
2.813417673110962,0
1.034336805343628,0
1.0587973594665527,0
1.0546742677688599,0
1.0657868385314941,0
0.9874495267868042,0
1.0784600973129272,0
1.1705315113067627,0
1.0195088386535645,0
1.035156011581421,0
1.0779706239700317,0
1.1156222820281982,0
1.1592775583267212,0
1.1182337999343872,0
1.0737810134887695,0
1.1354700326919556,0
1.1420962810516357,0
1.247525691986084,0
1.0298665761947632,0
1.0042822360992432,0
1.0381213426589966,0
0.9605609178543091,0
1.12803316116333,0
1.0457950830459595,0
0.9931178092956543,0
0.9991645216941833,0
1.0549466609954834,0
1.9567148685455322,0
1.2095152139663696,0
1.1091291904449463,0
1.0575865507125854,0
1.1292566061019897,0
1.0932683944702148,0
1.094534158706665,0
0.9800068736076355,0
1.214136004447937,0
1.305656909942627,0
1.1836059093475342,0
1.2803537845611572,0
1.0211551189422607,0
0.9939468502998352,0
1.3565337657928467,0
1.1358006000518799,0
1.0199024677276611,0
1.0435479879379272,0
1.0762593746185303,0
0.9754765033721924,0
1.0641536712646484,0
1.35670804977417,0
1.1191266775131226,0
1.2476706504821777,0
1.1007791757583618,0
1.0420894622802734,0
2.1255264282226562,0
1.217550277709961,0
1.0226026773452759,0
1.094618558883667,0
0.9881511926651001,0
3.7088441848754883,0
1.0031510591506958,0
0.9958046674728394,0
1.2294342517852783,0
1.2361259460449219,0
1.1440646648406982,0
1.1957392692565918,0
1.0106157064437866,0
0.9454483389854431,0
1.0085837841033936,0
1.0310944318771362,0
1.0107940435409546,0
0.9804390668869019,0
1.2041486501693726,0
1.3827793598175049,0
1.0045758485794067,0
1.0974386930465698,0
1.0057892799377441,0
1.3916597366333008,0
1.7812100648880005,0
1.1216776371002197,0
1.1685351133346558,0
1.0350853204727173,0
1.0380343198776245,0
1.0900298357009888,0
1.1213080883026123,0
0.983383059501648,0
1.0491278171539307,0
1.0886335372924805,0
0.9896500110626221,0
1.0484583377838135,0
1.1830151081085205,0
1.122653841972351,0
1.2741672992706299,0
1.0693548917770386,0
1.51212477684021,0
1.0822036266326904,0
1.0736922025680542,0
1.0153735876083374,0
1.171409249305725,0
1.1596909761428833,0
1.4361660480499268,0
1.0440014600753784,0
1.585080862045288,0
1.0211600065231323,0
1.1014885902404785,0
1.1439353227615356,0
1.0264354944229126,0
1.0920137166976929,0
1.0878797769546509,0
1.4614357948303223,0
1.0296752452850342,0
1.1203131675720215,0
1.0132571458816528,0
1.029721736907959,0
0.9672993421554565,0
0.9682645201683044,0
1.009786605834961,0
1.0320466756820679,0
1.0488759279251099,0
1.0013614892959595,0
0.9853043556213379,0
0.9153155088424683,0
0.993552029132843,0
1.0838364362716675,0
0.9919897317886353,0
1.0728740692138672,0
0.9839898943901062,0
1.0041956901550293,0
0.9864798188209534,0
1.2695072889328003,0
1.0404784679412842,0
1.0919593572616577,0
0.9853315353393555,0
1.0022565126419067,0
1.0015279054641724,0
1.0785094499588013,0
1.0336508750915527,0
1.006190538406372,0
1.0959113836288452,0
1.1614222526550293,0
0.9898614287376404,0
1.1124356985092163,0
0.994519054889679,0
1.1782642602920532,0
1.1989909410476685,0
0.9624595642089844,0
1.8061364889144897,0
1.5422228574752808,0
1.341868281364441,0
0.9895599484443665,0
1.376621127128601,0
1.2191243171691895,0
1.3328559398651123,0
1.2037928104400635,0
1.0009031295776367,0
1.0073307752609253,0
1.1312460899353027,0
1.0328702926635742,0
1.2233175039291382,0
1.233912467956543,0
0.9998550415039062,0
0.9950000047683716,0
1.0059775114059448,0
1.0021917819976807,0
1.0805796384811401,0
0.9452381134033203,0
1.0186512470245361,0
1.3625279664993286,0
1.0522098541259766,0
1.045906662940979,0
1.018536925315857,0
0.9636974930763245,0
0.9415826201438904,0
0.9538622498512268,0
1.0833085775375366,0
1.0539000034332275,0
1.0132174491882324,0
1.0146920680999756,0
1.1115156412124634,0
0.9804043769836426,0
1.085705280303955,0
1.3774892091751099,0
1.0562635660171509,0
1.0623472929000854,0
1.1151756048202515,0
1.0101672410964966,0
0.9966792464256287,0
1.0179213285446167,0
1.0372272729873657,0
1.0187797546386719,0
1.1810752153396606,0
1.0611786842346191,0
0.9969512224197388,0
0.9937863945960999,0
0.9865389466285706,0
1.0352243185043335,0
0.9918838143348694,0
1.8622136116027832,0
1.031295895576477,0
1.0200278759002686,0
1.040408968925476,0
0.9923467636108398,0
1.0047838687896729,0
1.1154900789260864,0
1.2528598308563232,0
1.036358118057251,0
0.9877713322639465,0
0.9712979793548584,0
1.053719162940979,0
0.98920077085495,0
1.0194737911224365,0
1.0287694931030273,0
1.1835893392562866,0
1.0348767042160034,0
1.0739483833312988,0
0.9506010413169861,0
0.9806168079376221,0
1.0276364088058472,0
1.0365046262741089,0
0.9858405590057373,0
1.2225474119186401,0
1.2482057809829712,0
0.9932721853256226,0
1.0536123514175415,0
1.0073816776275635,0
1.932614803314209,0
1.075757622718811,0
1.3786612749099731,0
1.0270123481750488,0
0.9956291317939758,0
1.0477265119552612,0
1.580402135848999,0
1.1054731607437134,0
0.9766741394996643,0
1.0257556438446045,0
1.0455483198165894,0
0.9742154479026794,0
2.1255264282226562,0
1.1275570392608643,0
0.9545968174934387,0
0.9702955484390259,0
1.138968586921692,0
0.9927312731742859,0
0.9950810074806213,0
0.9820507168769836,0
1.135804533958435,0
1.0271352529525757,0
1.0131995677947998,0
1.4174339771270752,0
1.003360390663147,0
1.486417531967163,0
1.0843939781188965,0
1.1639610528945923,0
1.0294617414474487,0
1.1421620845794678,0
1.017531156539917,0
1.0288045406341553,0
1.1248682737350464,0
1.0525462627410889,0
0.9693108797073364,0
1.2772338390350342,0
1.5709494352340698,0
1.0497462749481201,0
0.9766588807106018,0
1.1404627561569214,0
0.9909101128578186,0
0.9722716808319092,0
0.9841508269309998,0
1.2736694812774658,0
1.0450620651245117,0
0.9540855884552002,0
1.0697829723358154,0
0.9928253293037415,0
0.9964033365249634,0
0.9960324764251709,0
0.9987199306488037,0
1.1147328615188599,0
1.0087168216705322,0
1.0249483585357666,0
0.9787970781326294,0
1.2073835134506226,0
1.0188130140304565,0
1.0322993993759155,0
0.9882177114486694,0
1.0989009141921997,0
1.528113842010498,0
1.6008846759796143,0
1.0372153520584106,0
1.0101022720336914,0
1.0718932151794434,0
1.1293786764144897,0
1.0689845085144043,0
1.1871869564056396,0
1.0355174541473389,0
1.4114216566085815,0
1.1287858486175537,0
0.9921029210090637,0
0.9947675466537476,0
1.0395746231079102,0
1.0480622053146362,0
1.010443925857544,0
0.9883126020431519,0
1.020421028137207,0
1.3074817657470703,0
1.0123528242111206,0
0.9849947690963745,0
1.0046738386154175,0
1.1651601791381836,0
1.1564112901687622,0
1.1655422449111938,0
1.003788709640503,0
1.0213408470153809,0
1.0220922231674194,0
0.98851078748703,0
1.079887866973877,0
0.9782836437225342,0
1.0158770084381104,0
0.988951563835144,0
1.3018605709075928,0
1.0650194883346558,0
2.1306309700012207,0
1.0390114784240723,0
0.9831636548042297,0
1.1196506023406982,0
1.2198035717010498,0
1.3301721811294556,0
1.0081026554107666,0
1.1404528617858887,0
1.0702852010726929,0
1.0118249654769897,0
1.021546721458435,0
1.0239853858947754,0
1.0725704431533813,0
1.1533029079437256,0
1.0331661701202393,0
1.0000675916671753,0
1.1251108646392822,0
1.041715145111084,0
1.0060557126998901,0
1.0427393913269043,0
0.9908344745635986,0
0.9955759048461914,0
0.99214768409729,0
0.9931978583335876,0
1.116924524307251,0
1.038468360900879,0
1.0539696216583252,0
1.0409877300262451,0
1.0348979234695435,0
0.9896074533462524,0
1.1277717351913452,0
1.0930662155151367,0
0.9672632813453674,0
1.0525996685028076,0
1.0630767345428467,0
1.1189570426940918,0
1.0249402523040771,0
1.5017768144607544,0
1.0462716817855835,0
1.0329138040542603,0
1.0,0
1.5043361186981201,0
0.9625304937362671,0
1.1007401943206787,0
0.9965190887451172,0
1.0772335529327393,0
1.0235521793365479,0
1.0039273500442505,0
1.0732516050338745,0
1.0419591665267944,0
2.047311305999756,0
1.1028692722320557,0
2.016618013381958,0
1.5231667757034302,0
0.981465756893158,0
1.0205984115600586,0
1.070094108581543,0
1.0528773069381714,0
1.078149676322937,0
1.0280858278274536,0
1.0344150066375732,0
1.4374431371688843,0
1.0096019506454468,0
1.2426897287368774,0
1.0084338188171387,0
0.9631590843200684,0
1.0210905075073242,0
1.008192777633667,0
1.0015838146209717,0
1.009756326675415,0
1.0410408973693848,0
1.278721809387207,0
1.0564666986465454,0
1.1102949380874634,0
1.4351767301559448,0
0.966657280921936,0
1.8573532104492188,0
0.971801221370697,0
0.962209165096283,0
0.995794415473938,0
0.9636180996894836,0
1.0427647829055786,0
1.0944533348083496,0
1.0387762784957886,0
1.1729750633239746,0
1.2575777769088745,0
1.0588910579681396,0
1.1051311492919922,0
1.54770827293396,0
1.0497595071792603,0
1.0332831144332886,0
0.9731220602989197,0
1.1024326086044312,0
1.6209239959716797,0
1.2088372707366943,0
1.179276943206787,0
1.2457650899887085,0
0.952771782875061,0
1.0439614057540894,0
1.5181381702423096,0
0.9973572492599487,0
0.9734176397323608,0
1.5904649496078491,0
0.9748061895370483,0
1.0906586647033691,0
1.0216143131256104,0
1.0333586931228638,0
1.0462815761566162,0
1.01958167552948,0
1.5548405647277832,0
1.163149118423462,0
1.0658197402954102,0
1.0484936237335205,0
0.9712292551994324,0
1.3399559259414673,0
0.9349094033241272,0
1.31564199924469,0
1.100996971130371,0
1.1379934549331665,0
1.4849684238433838,0
2.007323741912842,0
1.0458215475082397,0
1.3704595565795898,0
1.4287066459655762,0
1.0189969539642334,0
1.0440161228179932,0
1.1530346870422363,0
1.0878366231918335,0
1.0236955881118774,0
1.3839809894561768,0
1.4142444133758545,0
1.0345520973205566,0
1.1076841354370117,0
1.0790714025497437,0
1.0044015645980835,0
1.48899507522583,0
1.227003812789917,0
0.9659146070480347,0
1.0428417921066284,0
1.0819387435913086,0
1.0751497745513916,0
1.0176671743392944,0
1.0135667324066162,0
1.1805353164672852,0
1.0213555097579956,0
1.0354174375534058,0
0.9646533727645874,0
2.8087270259857178,0
1.0519015789031982,0
1.07487154006958,0
1.0890772342681885,0
1.1857889890670776,0
1.0891098976135254,0
1.0108603239059448,0
0.9832695722579956,0
0.9827074408531189,0
1.0555771589279175,0
1.069199562072754,0
1.1311662197113037,0
0.9604982733726501,0
1.370684266090393,0
1.0650755167007446,0
1.0081727504730225,0
1.1180665493011475,0
1.0,0
1.1110987663269043,0
0.9643347859382629,0
1.0143070220947266,0
1.3081568479537964,0
1.0774922370910645,0
1.0714173316955566,0
1.0409877300262451,0
1.7158169746398926,0
1.0080746412277222,0
1.049937129020691,0
1.0606334209442139,0
1.3012877702713013,0
1.1081050634384155,0
1.110338568687439,0
1.0940065383911133,0
1.0284911394119263,0
1.0571378469467163,0
0.9517168998718262,0
1.0855162143707275,0
1.023337483406067,0
1.4384123086929321,0
1.095039963722229,0
1.148885726928711,0
1.0703080892562866,0
1.1083146333694458,0
0.9503147602081299,0
1.6045000553131104,0
0.9863100647926331,0
1.0304303169250488,0
1.0360971689224243,0
1.0240135192871094,0
1.5017768144607544,0
1.026827096939087,0
1.0124297142028809,0
1.0457110404968262,0
0.9944595694541931,0
1.2391525506973267,0
1.0347548723220825,0
1.0490403175354004,0
0.9992578029632568,0
1.0461887121200562,0
0.9829512238502502,0
1.0744043588638306,0
1.0542638301849365,0
38.76047134399414,0
1.0056556463241577,0
0.9684227705001831,0
1.1313307285308838,0
1.0384753942489624,0
0.9816973209381104,0
1.1074470281600952,0
1.1756057739257812,0
1.1979188919067383,0
1.0128250122070312,0
1.0001206398010254,0
0.9890324473381042,0
1.0316190719604492,0
0.9702810645103455,0
0.9985128045082092,0
1.0193136930465698,0
1.0306813716888428,0
1.0158642530441284,0
1.0179704427719116,0
0.9792836308479309,0
0.9598504304885864,0
0.9797623157501221,0
1.0470715761184692,0
1.08171808719635,0
1.0004680156707764,0
0.9377760887145996,0
1.135606288909912,0
1.0763510465621948,0
1.2090563774108887,0
1.010310411453247,0
1.0581672191619873,0
1.0573381185531616,0
1.0723774433135986,0
1.1736195087432861,0
0.9856390357017517,0
1.0788694620132446,0
1.02150559425354,0
1.0151499509811401,0
1.0269885063171387,0
1.3173329830169678,0
1.1298836469650269,0
1.017073392868042,0
1.0880664587020874,0
1.0409717559814453,0
0.9875631928443909,0
0.9425449967384338,0
1.1016026735305786,0
1.1173255443572998,0
1.00625741481781,0
1.0074197053909302,0
1.235561490058899,0
1.0897548198699951,0
1.0707985162734985,0
0.9818359017372131,0
1.044057846069336,0
1.0228215456008911,0
0.9730218648910522,0
1.2121552228927612,0
1.293018102645874,0
1.1546937227249146,0
1.2130833864212036,0
1.0739201307296753,0
1.008897066116333,0
1.2532247304916382,0
3.5139477252960205,0
0.9806501269340515,0
1.2699106931686401,0
1.0211222171783447,0
1.2952402830123901,0
1.1789013147354126,0
1.076991319656372,0
1.0724842548370361,0
1.1755839586257935,0
1.025578260421753,0
1.001276969909668,0
1.0004172325134277,0
0.9697578549385071,0
0.9817973375320435,0
1.0223079919815063,0
0.9735894799232483,0
0.953295111656189,0
1.0636494159698486,0
1.407576560974121,0
0.9970263838768005,0
0.9682320356369019,0
1.0062214136123657,0
1.00929594039917,0
1.0275115966796875,0
1.2874507904052734,0
1.0026689767837524,0
0.9710217118263245,0
0.9837211966514587,0
0.9852489829063416,0
1.6413648128509521,0
1.211134433746338,0
0.9714239835739136,0
1.0565656423568726,0
1.026199460029602,0
1.0502697229385376,0
1.1087102890014648,0
0.9533368349075317,0
1.0336955785751343,0
1.0933940410614014,0
1.1730433702468872,0
1.0308409929275513,0
1.0287213325500488,0
1.3974171876907349,0
1.0092650651931763,0
1.0106197595596313,0
1.0331809520721436,0
0.9875762462615967,0
0.9980596303939819,0
0.9902932047843933,0
1.0287078619003296,0
1.069037675857544,0
1.0485402345657349,0
1.0968239307403564,0
1.0273157358169556,0
1.2217187881469727,0
1.2497516870498657,0
1.104135513305664,0
1.3096129894256592,0
1.1073875427246094,0
1.009810447692871,0
0.9737353324890137,0
0.9644134044647217,0
1.0206464529037476,0
0.970291018486023,0
1.0,0
1.073319435119629,0
1.0717076063156128,0
1.1545841693878174,0
2.277921199798584,0
1.1666251420974731,0
1.004491925239563,0
0.9895899295806885,0
1.0370807647705078,0
1.1236222982406616,0
0.9839277267456055,0
0.9661993980407715,0
1.494210124015808,0
2.0638604164123535,0
1.0351299047470093,0
0.9876461029052734,0
1.244918942451477,0
0.9825124144554138,0
1.0289281606674194,0
1.0765867233276367,0
0.950646162033081,0
0.9883909821510315,0
1.6541712284088135,0
1.1628459692001343,0
1.2287319898605347,0
0.9874098300933838,0
1.0020357370376587,0
1.0149519443511963,0
1.2610968351364136,0
1.003143310546875,0
1.1286917924880981,0
1.0247174501419067,0
1.0159200429916382,0
0.9885703921318054,0
1.1719436645507812,0
1.0732488632202148,0
1.043687343597412,0
1.008139967918396,0
1.0071295499801636,0
1.173600435256958,0
1.100795030593872,0
1.408856987953186,0
1.0473343133926392,0
2.6251535415649414,0
0.9822559356689453,0
1.2246805429458618,0
1.160731315612793,0
0.9797440767288208,0
0.9616429209709167,0
1.0077636241912842,0
0.9673053622245789,0
1.4622595310211182,0
1.0103808641433716,0
1.009161353111267,0
1.0235790014266968,0
1.024963140487671,0
1.826506495475769,0
1.1280204057693481,0
1.0858162641525269,0
1.0955396890640259,0
0.9900840520858765,0
2.30428147315979,0
1.0462098121643066,0
1.0637199878692627,0
1.054589033126831,0
1.1576448678970337,0
1.047141432762146,0
1.0790255069732666,0
1.0888704061508179,0
1.00711190700531,0
0.9987552165985107,0
1.2086231708526611,0
1.012337327003479,0
1.0137852430343628,0
1.1881234645843506,0
0.9768203496932983,0
1.2903249263763428,0
1.0653085708618164,0
1.0319784879684448,0
1.0204415321350098,0
1.0971508026123047,0
0.9787253737449646,0
1.0087764263153076,0
1.1704562902450562,0
1.1009787321090698,0
1.3248636722564697,0
0.982634961605072,0
1.044350266456604,0
1.0266104936599731,0
0.9724818468093872,0
1.619892954826355,0
1.0604946613311768,0
1.1598690748214722,0
1.0837904214859009,0
1.2827422618865967,0
1.1889015436172485,0
0.9754765033721924,0
1.0552533864974976,0
0.9870257377624512,0
1.1098443269729614,0
1.0269173383712769,0
1.0925514698028564,0
1.6440694332122803,0
1.3091250658035278,0
1.3662075996398926,0
1.005036473274231,0
1.015838384628296,0
1.0380653142929077,0
0.9797623157501221,0
1.0428593158721924,0
1.1562429666519165,0
1.1956182718276978,0
0.9784796237945557,0
1.3641878366470337,0
1.0439164638519287,0
1.098667025566101,0
1.2030601501464844,0
1.3273406028747559,0
1.2270971536636353,0
1.0535575151443481,0
1.158876895904541,0
0.9998251795768738,0
1.052238941192627,0
1.0180394649505615,0
1.0231541395187378,0
0.9897791147232056,0
1.020779013633728,0
1.335760235786438,0
1.330270767211914,0
2.817441463470459,0
1.004818320274353,0
0.9723839163780212,0
1.1728200912475586,0
1.058703064918518,0
0.9894397258758545,0
1.0266423225402832,0
1.1090898513793945,0
22.16303253173828,0
1.0793535709381104,0
1.0896267890930176,0
1.0378363132476807,0
0.9912299513816833,0
0.9452148079872131,0
1.0855616331100464,0
0.9870136976242065,0
0.9950809478759766,0
1.0676796436309814,0
0.9912160634994507,0
1.0411274433135986,0
1.0069011449813843,0
1.2530308961868286,0
1.1350995302200317,0
0.9943387508392334,0
1.1015936136245728,0
1.0311002731323242,0
1.7645304203033447,0
1.2122994661331177,0
0.9890768527984619,0
1.092778205871582,0
1.0954395532608032,0
0.9906060695648193,0
0.9493802785873413,0
1.1155809164047241,0
1.0107359886169434,0
0.9781821966171265,0
1.1734915971755981,0
1.1377685070037842,0
1.0162571668624878,0
1.0392913818359375,0
0.9785138368606567,0
2.8087270259857178,0
1.015413522720337,0
1.009552240371704,0
1.073983073234558,0
1.0026695728302002,0
1.03520667552948,0
1.064677357673645,0
1.4372676610946655,0
1.0084971189498901,0
1.019213318824768,0
1.5539146661758423,0
1.0467114448547363,0
2.8087270259857178,0
1.67043137550354,0
1.0000120401382446,0
1.1095651388168335,0
1.0175589323043823,0
1.216225504875183,0
1.0314276218414307,0
1.0611486434936523,0
0.984131932258606,0
1.102664589881897,0
1.039611577987671,0
1.0033410787582397,0
1.026627540588379,0
1.286449670791626,0
1.0326133966445923,0
1.0920732021331787,0
1.1999136209487915,0
1.1161704063415527,0
1.0005961656570435,0
1.1375513076782227,0
0.9996016621589661,0
1.1704057455062866,0
0.983938455581665,0
1.0166618824005127,0
1.074266791343689,0
0.9845542311668396,0
1.1247029304504395,0
1.0980403423309326,0
1.0296549797058105,0
1.1191927194595337,0
1.2072557210922241,0
1.0,0
1.6179736852645874,0
1.0398868322372437,0
1.0462344884872437,0
1.1411348581314087,0
1.0144884586334229,0
1.0635931491851807,0
1.4248695373535156,0
1.3563281297683716,0
1.063925862312317,0
1.099077582359314,0
1.1827495098114014,0
1.0181504487991333,0
1.0220586061477661,0
1.0288572311401367,0
0.9533289074897766,0
0.974682092666626,0
1.0210392475128174,0
1.6276568174362183,0
1.0966962575912476,0
1.0148183107376099,0
1.0172570943832397,0
1.0723507404327393,0
1.0276330709457397,0
1.025201439857483,0
1.1464674472808838,0
1.2382782697677612,0
1.2458562850952148,0
1.1402716636657715,0
1.009365200996399,0
1.027461290359497,0
1.3080846071243286,0
1.0104740858078003,0
1.3127570152282715,0
1.1216024160385132,0
1.0174057483673096,0
1.0307062864303589,0
1.1710361242294312,0
1.2749985456466675,0
0.9704018235206604,0
0.9680431485176086,0
1.0048203468322754,0
1.4057800769805908,0
1.1962699890136719,0
1.1077075004577637,0
0.9405538439750671,0
1.0634007453918457,0
1.0827420949935913,0
1.2075161933898926,0
1.071825623512268,0
1.0546523332595825,0
1.032654047012329,0
1.1383295059204102,0
1.0469948053359985,0
1.084720253944397,0
1.0816771984100342,0
1.0304851531982422,0
1.1548371315002441,0
1.0401519536972046,0
0.9867546558380127,0
1.0487267971038818,0
0.9947664141654968,0
1.021052598953247,0
1.0232784748077393,0
1.2976518869400024,0
1.01924729347229,0
1.3163349628448486,0
0.9893530607223511,0
1.0190188884735107,0
1.0443631410598755,0
0.996304452419281,0
1.0402051210403442,0
1.118056058883667,0
0.9749690294265747,0
1.0094218254089355,0
0.9742376804351807,0
1.0106443166732788,0
1.0395467281341553,0
0.982785165309906,0
1.0438770055770874,0
0.994753360748291,0
1.0716159343719482,0
0.9793292880058289,0
1.005346655845642,0
0.9839872121810913,0
1.04365074634552,0
1.0190448760986328,0
1.0594669580459595,0
1.0060021877288818,0
1.0299038887023926,0
1.0280611515045166,0
0.9894537329673767,0
0.9805217385292053,0
1.349847674369812,0
1.0118299722671509,0
1.0186198949813843,0
1.1074833869934082,0
0.9711753129959106,0
1.143206238746643,0
1.0688228607177734,0
0.9811798334121704,0
1.127662181854248,0
0.952644407749176,0
1.030701994895935,0
1.1899428367614746,0
0.9701469540596008,0
1.0080527067184448,0
0.9837302565574646,0
1.010987401008606,0
1.0685211420059204,0
1.1857948303222656,0
1.2084240913391113,0
0.9585675597190857,0
1.018751621246338,0
2.001037836074829,0
0.9988337159156799,0
1.065403938293457,0
1.1141051054000854,0
1.3928327560424805,0
0.9469842910766602,0
0.9690028429031372,0
1.0182784795761108,0
1.19184148311615,0
1.0560816526412964,0
0.9722680449485779,0
1.5364078283309937,0
0.9889880418777466,0
0.9764192700386047,0
1.0643723011016846,0
0.9966217279434204,0
1.1181294918060303,0
0.952376663684845,0
1.4617905616760254,0
1.0181000232696533,0
1.03062105178833,0
1.1001371145248413,0
1.0972700119018555,0
0.9516228437423706,0
1.094312310218811,0
1.2421659231185913,0
1.0157488584518433,0
1.1120094060897827,0
1.1219074726104736,0
0.9666666388511658,0
1.0598058700561523,0
1.1572190523147583,0
0.962311863899231,0
2.1167168617248535,0
299.3455505371094,0
1.138863205909729,0
1.018904209136963,0
0.9939514994621277,0
1.457159161567688,0
1.0190067291259766,0
0.9749085307121277,0
0.9829223155975342,0
1.1057344675064087,0
1.0502052307128906,0
1.0324100255966187,0
0.9961424469947815,0
1.1091992855072021,0
1.0466986894607544,0
1.0227069854736328,0
1.5663880109786987,0
1.1238555908203125,0
1.0548559427261353,0
1.2005053758621216,0
1.0811092853546143,0
1.3030482530593872,0
1.0884017944335938,0
1.044517159461975,0
1.0791983604431152,0
1.0110398530960083,0
0.9820860028266907,0
1.082910180091858,0
1.037805199623108,0
1.0222740173339844,0
1.086775779724121,0
1.2123273611068726,0
1.0042717456817627,0
1.0031203031539917,0
1.074326753616333,0
1.0,0
1.1007534265518188,0
0.9891898036003113,0
1.0683923959732056,0
1.178277611732483,0
1.2368310689926147,0
1.0886476039886475,0
1.0754282474517822,0
1.2071402072906494,0
1.00132417678833,0
1.1403214931488037,0
1.0737090110778809,0
1.0456448793411255,0
1.0356993675231934,0
1.118912696838379,0
1.106345534324646,0
1.077066421508789,0
0.9787275791168213,0
0.987644612789154,0
0.9645542502403259,0
0.9803654551506042,0
1.1136225461959839,0
1.156072735786438,0
0.9929539561271667,0
1.0215457677841187,0
1.0172230005264282,0
1.003237247467041,0
1.1711339950561523,0
1.1779648065567017,0
1.2977579832077026,0
1.032347559928894,0
1.0008883476257324,0
0.9869808554649353,0
1.8459062576293945,0
1.0138018131256104,0
1.538001537322998,0
1.0125843286514282,0
0.9768223762512207,0
1.0532110929489136,0
1.0263056755065918,0
1.0446958541870117,0
1.0204095840454102,0
1.1065473556518555,0
0.9629324078559875,0
1.030556321144104,0
1.261818289756775,0
1.0368256568908691,0
389.17706298828125,0
1.4097388982772827,0
1.0297064781188965,0
0.9937668442726135,0
1.3607244491577148,0
1.0120244026184082,0
1.0998659133911133,0
1.0376015901565552,0
1.0462729930877686,0
1.0114178657531738,0
0.9774792790412903,0
1.0124105215072632,0
1.0390597581863403,0
0.9952787160873413,0
1.0670230388641357,0
1.0464073419570923,0
1.594801425933838,0
2.2122347354888916,0
1.0026878118515015,0
1.41224205493927,0
0.9867356419563293,0
1.018652081489563,0
1.033079743385315,0
1.1547167301177979,0
1.0363446474075317,0
1.0134313106536865,0
1.1047643423080444,0
0.9896849393844604,0
1.0520434379577637,0
1.00844407081604,0
1.0224671363830566,0
1.0620983839035034,0
1.0323773622512817,0
1.003842830657959,0
1.2100777626037598,0
0.9689257740974426,0
1.735803246498108,0
1.020964503288269,0
1.0643726587295532,0
1.0323255062103271,0
1.0065944194793701,0
1.1122668981552124,0
1.1987415552139282,0
1.0796924829483032,0
1.1741080284118652,0
1.0646809339523315,0
1.1631468534469604,0
1.01786208152771,0
1.0410408973693848,0
1.0098581314086914,0
1.0485122203826904,0
1.0030378103256226,0
1.0858943462371826,0
1.0419061183929443,0
1.201774001121521,0
0.9629459977149963,0
1.074163794517517,0
1.0942485332489014,0
1.3747256994247437,0
1.2673985958099365,0
1.1710644960403442,0
1.6423554420471191,0
1.3696491718292236,0
0.9948049187660217,0
1.0023910999298096,0
1.0484886169433594,0
1.2144688367843628,0
1.0187971591949463,0
1.0106781721115112,0
1.0389596223831177,0
1.3175339698791504,0
0.997568666934967,0
1.0794098377227783,0
1.1214051246643066,0
1.124881386756897,0
0.9851476550102234,0
1.0326173305511475,0
0.9956737160682678,0
1.059901475906372,0
1.0262227058410645,0
0.9895069599151611,0
1.0972568988800049,0
1.8219801187515259,0
0.9962179660797119,0
1.0109435319900513,0
1.0908565521240234,0
1.0321696996688843,0
1.3259721994400024,0
1.0056250095367432,0
0.9787275791168213,0
1.1526046991348267,0
1.0391948223114014,0
1.0796912908554077,0
1.1257283687591553,0
1.2821142673492432,0
1.0016133785247803,0
1.0584080219268799,0
1.883786916732788,0
0.9910351634025574,0
1.1073758602142334,0
1.0029513835906982,0
1.1261154413223267,0
1.2157615423202515,0
1.0386850833892822,0
1.0499744415283203,0
1.189466953277588,0
1.0701878070831299,0
2.504668951034546,0
1.1219265460968018,0
1.2192788124084473,0
1.1774823665618896,0
1.2821794748306274,0
1.0518218278884888,0
0.9929084777832031,0
1.0409114360809326,0
1.2058273553848267,0
1.1002851724624634,0
1.009903907775879,0
1.0040868520736694,0
0.9834436178207397,0
0.9449723362922668,0
1.0335627794265747,0
0.9873791933059692,0
0.9730541110038757,0
1.1904139518737793,0
1.037097692489624,0
2.39351224899292,0
1.1227929592132568,0
0.9452042579650879,0
1.0136747360229492,0
1.3015185594558716,0
1.052686333656311,0
0.9869294762611389,0
1.0670337677001953,0
2.1715612411499023,0
1.070420265197754,0
0.9930768013000488,0
0.9425449967384338,0
1.1581196784973145,0
1.082674503326416,0
1.036322832107544,0
1.0632729530334473,0
1.060308575630188,0
1.0600124597549438,0
1.0833022594451904,0
1.0131789445877075,0
1.0208443403244019,0
0.9877273440361023,0
1.0066579580307007,0
1.0290826559066772,0
1.019343376159668,0
0.9768203496932983,0
1.0656030178070068,0
0.9860448837280273,0
1.013023018836975,0
0.9869452118873596,0
0.9763831496238708,0
1.1034541130065918,0
1.3655678033828735,0
1.7132238149642944,0
1.0491201877593994,0
0.987810492515564,0
1.0176599025726318,0
0.9394800662994385,0
1.0741888284683228,0
1.053994059562683,0
1.2215632200241089,0
1.0143846273422241,0
1.0817240476608276,0
1.0257374048233032,0
0.990371584892273,0
2.8158953189849854,0
1.162907600402832,0
1.0279216766357422,0
1.0101488828659058,0
1.0204904079437256,0
1.2337602376937866,0
4.048881530761719,0
2.6450984477996826,0
1.1237947940826416,0
1.0497605800628662,0
1.1379660367965698,0
0.9569081664085388,0
0.9906548857688904,0
1.0449663400650024,0
0.9415826201438904,0
1.0009959936141968,0
1.0282063484191895,0
1.2381563186645508,0
0.9319157600402832,0
0.9851857423782349,0
1.0151857137680054,0
1.0140740871429443,0
1.0378504991531372,0
1.2695072889328003,0
0.9589452147483826,0
1.0668821334838867,0
1.205430269241333,0
1.290322184562683,0
1.1617276668548584,0
1.0411503314971924,0
1.0204790830612183,0
1.219378113746643,0
1.559752345085144,0
1.0185173749923706,0
10.835528373718262,0
1.0102804899215698,0
0.9846034049987793,0
1.1088314056396484,0
1.1295229196548462,0
1.0696768760681152,0
1.0160561800003052,0
0.9612079858779907,0
1.1301803588867188,0
0.9807249903678894,0
1.020613431930542,0
0.9593035578727722,0
1.0225796699523926,0
0.997094988822937,0
1.7004870176315308,0
1.5173178911209106,0
1.2993100881576538,0
0.9616152048110962,0
0.9988511204719543,0
1.0555757284164429,0
1.056774616241455,0
1.1105844974517822,0
0.996992290019989,0
1.1848387718200684,0
1.0611501932144165,0
1.086902141571045,0
0.9973636865615845,0
0.9973730444908142,0
0.9760692119598389,0
1.0034513473510742,0
1.0339332818984985,0
0.9538682699203491,0
1.0084388256072998,0
1.0374119281768799,0
1.0044716596603394,0
1.4227043390274048,0
0.9988877773284912,0
1.0742607116699219,0
1.010973334312439,0
1.0440579652786255,0
1.2144380807876587,0
1.0646744966506958,0
0.9744705557823181,0
1.073941707611084,0
0.9755200147628784,0
0.9803141951560974,0
0.9995943307876587,0
1.045278787612915,0
1.0500245094299316,0
1.1678247451782227,0
1.0879212617874146,0
1.0909346342086792,0
1.0990707874298096,0
1.1677196025848389,0
1.0260896682739258,0
1.0085240602493286,0
1.04233980178833,0
0.9622558355331421,0
1.034632682800293,0
1.0173195600509644,0
1.050826907157898,0
0.934606671333313,0
1.1333198547363281,0
0.9754945039749146,0
3.8179898262023926,0
1.0049985647201538,0
1.026767373085022,0
1.0208772420883179,0
1.0071059465408325,0
1.0824968814849854,0
1.0284903049468994,0
1.145383358001709,0
1.0837510824203491,0
1.1480343341827393,0
1.0532379150390625,0
1.328296184539795,0
0.9940563440322876,0
1.0,0
1.2908650636672974,0
1.026167392730713,0
0.9852797985076904,0
1.0866878032684326,0
1.0137101411819458,0
1.026249885559082,0
1.0134468078613281,0
2.3648533821105957,0
1.0899291038513184,0
0.9943643808364868,0
1.1104751825332642,0
0.9995723962783813,0
1.1276962757110596,0
0.972343385219574,0
1.36753511428833,0
0.9966703057289124,0
1.0170173645019531,0
1.024285912513733,0
1.2384485006332397,0
0.9983516931533813,0
1.0504624843597412,0
1.1422213315963745,0
1.0635106563568115,0
1.0008054971694946,0
1.0501203536987305,0
1.016985297203064,0
1.2416884899139404,0
1.0069787502288818,0
1.041141152381897,0
1.1026520729064941,0
1.2184134721755981,0
1.2998952865600586,0
1.008919596672058,0
1.0628174543380737,0
0.9657959938049316,0
1.0702224969863892,0
1.0058499574661255,0
1.0211719274520874,0
1.0047636032104492,0
1.0477932691574097,0
0.9575424194335938,0
0.9982564449310303,0
1.206974744796753,0
1.2216992378234863,0
0.9980429410934448,0
1.1662945747375488,0
1.142349123954773,0
1.0374122858047485,0
0.9869727492332458,0
1.0896267890930176,0
1.3658277988433838,0
1.0512224435806274,0
0.9997707605361938,0
1.0719438791275024,0
1.4397631883621216,0
1.2192471027374268,0
1.0238184928894043,0
1.5364078283309937,0
1.1679803133010864,0
1.5761544704437256,0
1.0385066270828247,0
0.968535304069519,0
0.993966817855835,0
0.9973942041397095,0
1.1953935623168945,0
0.9819046258926392,0
1.0453838109970093,0
1.375066876411438,0
1.0336540937423706,0
0.9797754287719727,0
0.9606717824935913,0
1.044359564781189,0
0.9849460124969482,0
1.2208781242370605,0
1.007216215133667,0
1.0167731046676636,0
0.9968856573104858,0
1.0353586673736572,0
1.073946475982666,0
1.0427653789520264,0
1.3675470352172852,0
1.0696145296096802,0
1.1769025325775146,0
1.0340614318847656,0
1.079027533531189,0
1.0652879476547241,0
1.5193673372268677,0
1.014190435409546,0
1.2493160963058472,0
1.305572271347046,0
0.9824873208999634,0
1.0172010660171509,0
0.9913903474807739,0
1.0312105417251587,0
0.9935084581375122,0
1.0364303588867188,0
0.9975938200950623,0
1.1609317064285278,0
1.019122838973999,0
1.0385711193084717,0
0.9748061895370483,0
1.0104776620864868,0
1.3438948392868042,0
0.9676769375801086,0
1.0488234758377075,0
1.0,0
1.0719767808914185,0
1.111738681793213,0
1.0625910758972168,0
1.0047885179519653,0
1.0440340042114258,0
0.9964308738708496,0
0.9575424194335938,0
26.44015884399414,0
1.2764620780944824,0
0.9324219226837158,0
1.213193416595459,0
1.1724212169647217,0
0.9951736330986023,0
0.9967930912971497,0
0.9933111071586609,0
1.0016429424285889,0
1.0012460947036743,0
1.0631991624832153,0
1.3570568561553955,0
1.0763019323349,0
0.9951838254928589,0
1.2496435642242432,0
1.10756254196167,0
1.2036265134811401,0
1.7681605815887451,0
1.1626538038253784,0
1.0216065645217896,0
1.0167795419692993,0
1.2498329877853394,0
0.9630166888237,0
1.0554536581039429,0
1.0587183237075806,0
0.9615742564201355,0
1.0189424753189087,0
1.063925862312317,0
0.9987717270851135,0
5.835408687591553,0
0.9996201395988464,0
1.0430575609207153,0
1.0152734518051147,0
1.1516987085342407,0
0.9826903343200684,0
1.1797244548797607,0
1.5516059398651123,0
1.007751703262329,0
1.0179181098937988,0
1.0091294050216675,0
1.0712158679962158,0
1.1061937808990479,0
1.0505359172821045,0
1.1486594676971436,0
0.9550307989120483,0
1.1244553327560425,0
0.9969081282615662,0
1.0619980096817017,0
1.0298019647598267,0
1.0193958282470703,0
1.1997931003570557,0
1.2536609172821045,0
0.9583694934844971,0
2.3558151721954346,0
1.1617436408996582,0
1.2316558361053467,0
0.9944140911102295,0
1.0250808000564575,0
1.0174981355667114,0
1.016021728515625,0
1.1139249801635742,0
1.0124142169952393,0
2.8289222717285156,0
2.121687412261963,0
1.0716471672058105,0
0.9836832284927368,0
1.092483401298523,0
0.9804573059082031,0
1.0056359767913818,0
1.0227961540222168,0
1.0427223443984985,0
1.044163703918457,0
0.9975224733352661,0
0.982009768486023,0
1.1762551069259644,0
1.0118051767349243,0
1.0254381895065308,0
1.0789756774902344,0
1.0080463886260986,0
0.9854568243026733,0
1.0417077541351318,0
0.9926808476448059,0
1.0089470148086548,0
1.3010833263397217,0
0.9922605156898499,0
1.1184066534042358,0
2.5757718086242676,0
1.0547754764556885,0
1.0063564777374268,0
0.9780513048171997,0
0.9974607229232788,0
1.1379680633544922,0
0.9182639122009277,0
1.0629737377166748,0
1.0120081901550293,0
1.0549695491790771,0
0.982272744178772,0
1.035654902458191,0
1.218641757965088,0
0.9892976880073547,0
1.0095802545547485,0
1.0303161144256592,0
0.9487252831459045,0
1.220697283744812,0
1.255557656288147,0
0.987447202205658,0
1.0686615705490112,0
1.1721502542495728,0
1.2682456970214844,0
1.032265067100525,0
1.651046633720398,0
1.0312856435775757,0
1.0351862907409668,0
1.1714364290237427,0
1.2412514686584473,0
1.2191592454910278,0
1.0641621351242065,0
1.0542500019073486,0
0.9673958420753479,0
0.992265522480011,0
0.9641702175140381,0
1.1430660486221313,0
1.0049325227737427,0
1.0525355339050293,0
1.0503064393997192,0
1.0035388469696045,0
1.014799952507019,0
1.2509511709213257,0
0.9903890490531921,0
0.9401761889457703,0
1.3075180053710938,0
1.0975912809371948,0
0.9948232173919678,0
1.1085362434387207,0
0.9943367838859558,0
1.034798502922058,0
0.9731625914573669,0
0.9980476498603821,0
0.9897564649581909,0
1.0664193630218506,0
0.9931066036224365,0
1.1291439533233643,0
1.048760175704956,0
1.0017695426940918,0
1.1902228593826294,0
1.0,0
1.022107720375061,0
1.0373274087905884,0
0.987558126449585,0
1.1517724990844727,0
1.002507209777832,0
1.0331239700317383,0
1.177179217338562,0
1.0454423427581787,0
1.0857328176498413,0
1.0375438928604126,0
1.1289770603179932,0
1.0299017429351807,0
1.1288940906524658,0
0.9939845204353333,0
0.9763399362564087,0
1.0343793630599976,0
0.9978801012039185,0
2.6211390495300293,0
1.0836646556854248,0
1.0659265518188477,0
0.9824584722518921,0
1.0176807641983032,0
1.0131711959838867,0
0.9813927412033081,0
1.8691861629486084,0
1.0419284105300903,0
1.0831023454666138,0
1.0450546741485596,0
1.134245753288269,0
1.447319507598877,0
1.0106196403503418,0
1.3566638231277466,0
1.00289785861969,0
1.096429467201233,0
1.0913203954696655,0
1.0416532754898071,0
1.4598839282989502,0
1.2521746158599854,0
1.0317630767822266,0
0.9429299831390381,0
0.9402758479118347,0
0.9703205227851868,0
1.0131765604019165,0
1.26815927028656,0
1.0169636011123657,0
1.1561663150787354,0
1.085273027420044,0
1.2287758588790894,0
1.0430246591567993,0
1.0154374837875366,0
0.9950196743011475,0
0.9875242114067078,0
1.4696542024612427,0
1.111707329750061,0
1.1565617322921753,0
1.1722619533538818,0
0.9854928255081177,0
1.013324499130249,0
0.9872244596481323,0
1.0197967290878296,0
1.0188993215560913,0
1.059873342514038,0
1.0057941675186157,0
1.0102291107177734,0
1.3568249940872192,0
1.0067270994186401,0
1.2345694303512573,0
1.014493465423584,0
0.9668921232223511,0
1.085019826889038,0
0.970016598701477,0
1.0517375469207764,0
1.1238917112350464,0
1.1737231016159058,0
1.166698932647705,0
0.9708713889122009,0
0.9602060914039612,0
1.229610800743103,0
1.0118826627731323,0
1.1943039894104004,0
1.0202864408493042,0
1.0756466388702393,0
1.0151638984680176,0
1.064940094947815,0
1.2168254852294922,0
0.9885486364364624,0
1.1125260591506958,0
1.1446326971054077,0
1.0087438821792603,0
1.0217114686965942,0
1.0348485708236694,0
1.03948175907135,0
1.0051017999649048,0
1.1964603662490845,0
1.004704236984253,0
1.111993432044983,0
1.086343765258789,0
1.028854250907898,0
1.1033225059509277,0
1.3786602020263672,0
1.0156375169754028,0
1.0063188076019287,0
0.9896352887153625,0
1.008223295211792,0
1.0214735269546509,0
1.0433573722839355,0
0.9977054595947266,0
1.0191279649734497,0
0.9816429615020752,0
1.1126991510391235,0
0.990273654460907,0
1.1363718509674072,0
1.0466152429580688,0
1.113964319229126,0
0.9549791812896729,0
0.9779377579689026,0
1.0914663076400757,0
1.0824917554855347,0
1.2441911697387695,0
1.1084091663360596,0
143.70143127441406,0
1.0228149890899658,0
1.0224014520645142,0
0.976975679397583,0
1.0341200828552246,0
1.0251657962799072,0
1.0423530340194702,0
1.0833522081375122,0
0.9815130233764648,0
1.0269006490707397,0
1.0150625705718994,0
1.0149513483047485,0
1.0397827625274658,0
0.9997711181640625,0
1.1175692081451416,0
1.045744776725769,0
1.5900198221206665,0
1.0049607753753662,0
0.9807747602462769,0
1.1086342334747314,0
1.0242878198623657,0
1.0927009582519531,0
1.094275712966919,0
1.0740994215011597,0
0.9471952319145203,0
1.0145014524459839,0
0.9897845983505249,0
1.0133047103881836,0
1.0182818174362183,0
0.98816978931427,0
0.9867091178894043,0
1.4129784107208252,0
1.0051167011260986,0
1.0385198593139648,0
1.2320314645767212,0
1.000879168510437,0
0.967993438243866,0
1.0606071949005127,0
1.3794187307357788,0
1.1174765825271606,0
1.0215226411819458,0
1.058793306350708,0
0.9654108881950378,0
1.1041057109832764,0
1.016932487487793,0
0.9827700257301331,0
1.0668617486953735,0
1.986309289932251,0
1.0057709217071533,0
1.1827887296676636,0
0.9894563555717468,0
0.9609328508377075,0
1.0716445446014404,0
1.1294583082199097,0
1.8845247030258179,0
1.0148777961730957,0
1.0479066371917725,0
1.3487522602081299,0
0.9577003717422485,0
1.04074227809906,0
1.285081386566162,0
1.0137269496917725,0
0.9535312652587891,0
1.0272712707519531,0
0.9774124622344971,0
1.049243450164795,0
1.1494413614273071,0
1.1330015659332275,0
1.1374571323394775,0
0.9648709893226624,0
1.049235463142395,0
1.1306023597717285,0
1.0099767446517944,0
1.1901761293411255,0
1.6443614959716797,0
1.0085855722427368,0
1.134731411933899,0
1.103018045425415,0
1.0848126411437988,0
1.091461181640625,0
0.9722192287445068,0
1.1144359111785889,0
1.0,0
0.9836180210113525,0
1.0377024412155151,0
1.1269431114196777,0
1.011359691619873,0
1.1417821645736694,0
1.0878525972366333,0
1.0143828392028809,0
1.3581901788711548,0
1.1887551546096802,0
1.0034126043319702,0
1.0057823657989502,0
1.0286298990249634,0
0.9853039383888245,0
1.0314301252365112,0
0.9622806906700134,0
1.0843743085861206,0
1.0427403450012207,0
1.029450535774231,0
1.1268051862716675,0
0.9899534583091736,0
1.0295733213424683,0
1.1519132852554321,0
1.005307674407959,0
1.7025423049926758,0
1.0134021043777466,0
1.78121018409729,0
1.220698356628418,0
1.0047775506973267,0
1.1149686574935913,0
0.9740879535675049,0
0.982607364654541,0
1.0521456003189087,0
1.1149557828903198,0
1.0503028631210327,0
0.9841445088386536,0
0.9712477922439575,0
0.9964176416397095,0
1.0645971298217773,0
0.9597926139831543,0
0.9684650897979736,0
1.0384068489074707,0
1.0499061346054077,0
1.0215858221054077,0
1.0234652757644653,0
1.0148625373840332,0
1.011924147605896,0
1.0601593255996704,0
0.9961972236633301,0
1.0400854349136353,0
1.5773102045059204,0
1.0052300691604614,0
1.023557424545288,0
1.1180181503295898,0
1.133655309677124,0
1.028036117553711,0
1.0414071083068848,0
1.0137614011764526,0
1.0816563367843628,0
1.2370147705078125,0
1.070607304573059,0
1.028503179550171,0
1.2235448360443115,0
1.4926472902297974,0
1.0592585802078247,0
1.020947813987732,0
1.0582973957061768,0
0.9751502275466919,0
1.0216054916381836,0
1.2760168313980103,0
0.9865780472755432,0
1.1237211227416992,0
0.9873283505439758,0
1.054785966873169,0
1.1133710145950317,0
1.239758014678955,0
1.2172868251800537,0
1.1474833488464355,0
0.9879149198532104,0
1.0270655155181885,0
0.9549791812896729,0
0.9761871695518494,0
1.0920522212982178,0
1.0070372819900513,0
1.0422919988632202,0
1.0542486906051636,0
1.2022569179534912,0
0.9942854046821594,0
1.1307862997055054,0
1.376832127571106,0
1.0095736980438232,0
1.0829830169677734,0
1.0002782344818115,0
1.1139098405838013,0
0.9523894786834717,0
2.0036230087280273,0
1.1528563499450684,0
0.987677276134491,0
1.0096246004104614,0
0.9870008826255798,0
1.0499428510665894,0
1.032848834991455,0
1.0328307151794434,0
1.211022973060608,0
1.1642966270446777,0
0.9848779439926147,0
1.3488459587097168,0
1.0080375671386719,0
1.1685508489608765,0
1.0297987461090088,0
1.298991084098816,0
1.0723445415496826,0
0.9796741604804993,0
1.0535850524902344,0
0.9972589015960693,0
0.9929441809654236,0
0.9893675446510315,0
2.8320376873016357,0
1.055479884147644,0
1.0368256568908691,0
1.0532689094543457,0
1.0545191764831543,0
1.1180719137191772,0
1.0181140899658203,0
1.0275869369506836,0
0.9943625926971436,0
1.105650544166565,0
2.3282394409179688,0
1.1769168376922607,0
1.1002955436706543,0
1.2127164602279663,0
1.0917631387710571,0
1.001806378364563,0
0.9991511106491089,0
0.9593879580497742,0
1.6533793210983276,0
1.0302064418792725,0
1.0170832872390747,0
1.0005465745925903,0
1.0151903629302979,0
1.2266595363616943,0
1.0446025133132935,0
1.205379605293274,0
0.991302490234375,0
1.075716495513916,0
1.4475042819976807,0
1.0544846057891846,0
1.0020838975906372,0
1.0231726169586182,0
1.0572407245635986,0
1.3773592710494995,0
1.0276035070419312,0
1.167648434638977,0
1.019963264465332,0
0.9968321919441223,0
1.0820884704589844,0
1.0782822370529175,0
1.042993187904358,0
1.0498709678649902,0
1.437619924545288,0
1.115230679512024,0
1.004390835762024,0
1.020783543586731,0
1.129067063331604,0
1.218609094619751,0
1.172123670578003,0
1.0334131717681885,0
1.053290843963623,0
1.780624270439148,0
1.0638117790222168,0
1.1180344820022583,0
1.1214739084243774,0
1.0138052701950073,0
1.1286669969558716,0
0.9570378661155701,0
1.0105353593826294,0
1.02817964553833,0
1.057666540145874,0
0.9666666388511658,0
1.0084388256072998,0
1.1340866088867188,0
0.9878467917442322,0
1.485472321510315,0
1.0811113119125366,0
1.2649694681167603,0
1.2153356075286865,0
1.1901854276657104,0
1.015816569328308,0
1.0027168989181519,0
0.9346325993537903,0
1.1481049060821533,0
0.9707889556884766,0
1.4534813165664673,0
0.9778040647506714,0
1.3325961828231812,0
1.1765778064727783,0
0.9692090153694153,0
0.9723839163780212,0
1.019262433052063,0
1.1731423139572144,0
0.9804189205169678,0
0.9996736645698547,0
0.9849851131439209,0
1.1318241357803345,0
1.007824182510376,0
1.1643012762069702,0
1.065727949142456,0
1.079383373260498,0
1.047877311706543,0
0.951510488986969,0
1.2532941102981567,0
1.073777437210083,0
1.1533585786819458,0
1.1627416610717773,0
1.0588797330856323,0
0.9858489036560059,0
1.1111552715301514,0
0.9674057364463806,0
1.0229017734527588,0
1.0053822994232178,0
2.8087270259857178,0
1.1871072053909302,0
1.428024411201477,0
0.9700659513473511,0
0.9924810528755188,0
1.273314118385315,0
1.3131263256072998,0
1.0999616384506226,0
0.9860649704933167,0
1.0380350351333618,0
2.277921199798584,0
1.3538689613342285,0
1.026279330253601,0
1.007550835609436,0
0.9262964725494385,0
1.5982308387756348,0
1.061142921447754,0
1.0156151056289673,0
1.0157078504562378,0
1.0388638973236084,0
1.1003401279449463,0
1.1377233266830444,0
1.120047926902771,0
1.0221600532531738,0
1.8436225652694702,0
1.1950170993804932,0
1.019662618637085,0
1.064387559890747,0
1.047639012336731,0
1.0784332752227783,0
0.9976451992988586,0
0.9949944019317627,0
1.1139518022537231,0
1.059471845626831,0
0.996897280216217,0
1.2184433937072754,0
1.116556167602539,0
1.0153573751449585,0
1.0917925834655762,0
1.0679807662963867,0
1.0211094617843628,0
96.5197525024414,0
1.0775107145309448,0
1.0815497636795044,0
1.2219833135604858,0
0.9610527753829956,0
1.1385329961776733,0
1.2106093168258667,0
1.2783195972442627,0
0.9936572909355164,0
1.0023307800292969,0
1.0236119031906128,0
1.0581443309783936,0
1.179162621498108,0
1.06019127368927,0
0.9547900557518005,0
1.3024791479110718,0
1.0443787574768066,0
0.9632253050804138,0
1.4038463830947876,0
1.040745496749878,0
1.0060715675354004,0
1.0695793628692627,0
0.9973999261856079,0
0.9739972352981567,0
1.0330697298049927,0
1.0884469747543335,0
1.0485280752182007,0
1.1134942770004272,0
0.9931430220603943,0
1.082213282585144,0
1.0396863222122192,0
1.108995795249939,0
1.012363076210022,0
1.30634605884552,0
3.2768893241882324,0
1.017755389213562,0
1.1503722667694092,0
1.1633638143539429,0
0.9780344367027283,0
1.2704150676727295,0
1.0484745502471924,0
1.0398164987564087,0
1.051413655281067,0
1.0460050106048584,0
1.1367579698562622,0
1.1768522262573242,0
1.0451006889343262,0
0.9932976365089417,0
1.067568063735962,0
0.993499219417572,0
1.1603089570999146,0
1.009588599205017,0
1.0068223476409912,0
1.0798081159591675,0
1.0272064208984375,0
1.0807716846466064,0
1.0412724018096924,0
0.9379590153694153,0
1.141076922416687,0
1.002813696861267,0
0.9865776300430298,0
0.9622806906700134,0
1.0557605028152466,0
1.0635380744934082,0
0.9757397174835205,0
0.9890857338905334,0
1.0683094263076782,0
1.2686843872070312,0
1.0837510824203491,0
1.0492218732833862,0
1.0334898233413696,0
1.5451120138168335,0
1.719854712486267,0
1.0929867029190063,0
0.9516276717185974,0
1.1298686265945435,0
0.9853741526603699,0
0.9946291446685791,0
1.056553602218628,0
0.9418904781341553,0
0.9153155088424683,0
1.119134545326233,0
0.9995362758636475,0
1.1397846937179565,0
0.9914302229881287,0
1.0637211799621582,0
1.0302999019622803,0
1.2677634954452515,0
1.1292989253997803,0
1.0365409851074219,0
0.971433162689209,0
1.2957602739334106,0
1.1253212690353394,0
1.1682794094085693,0
1.0527006387710571,0
7.20065975189209,0
1.0397374629974365,0
1.1936780214309692,0
1.0440294742584229,0
1.1717482805252075,0
1.0410408973693848,0
1.0173016786575317,0
1.036295771598816,0
1.0247395038604736,0
1.1508398056030273,0
1.0055456161499023,0
1.1093806028366089,0
0.9605164527893066,0
1.132629156112671,0
1.0063427686691284,0
1.0167185068130493,0
1.0579746961593628,0
1.0,0
0.9796807765960693,0
1.0210007429122925,0
1.6189558506011963,0
0.9898116588592529,0
1.0084363222122192,0
1.4190773963928223,0
1.8958172798156738,0
1.0820562839508057,0
1.137341022491455,0
1.1580531597137451,0
1.1314663887023926,0
1.3795872926712036,0
0.9886136651039124,0
0.9775843620300293,0
1.0517762899398804,0
1.067908763885498,0
1.2296253442764282,0
0.9660984873771667,0
1.2468987703323364,0
1.0651166439056396,0
1.7954223155975342,0
1.31689453125,0
1.1129512786865234,0
1.0842365026474,0
1.0013055801391602,0
1.0190858840942383,0
1.113024353981018,0
1.109808325767517,0
1.0381418466567993,0
1.0456666946411133,0
1.0681577920913696,0
1.9264962673187256,0
1.1429519653320312,0
0.983497679233551,0
1.0425543785095215,0
1.0714815855026245,0
0.9909474849700928,0
1.0595226287841797,0
1.0055900812149048,0
0.9842867851257324,0
1.1989821195602417,0
1.140870213508606,0
1.011895775794983,0
1.0113672018051147,0
2.4088938236236572,0
1.0915067195892334,0
1.224181890487671,0
1.0008567571640015,0
0.9922442436218262,0
0.9848420023918152,0
1.1603024005889893,0
1.0069960355758667,0
1.0659037828445435,0
1.110561728477478,0
1.9363528490066528,0
0.9798080325126648,0
0.9906207919120789,0
1.0122339725494385,0
1.0751665830612183,0
1.036055088043213,0
0.9690011739730835,0
1.0283100605010986,0
1.0981858968734741,0
1.1044100522994995,0
1.0601813793182373,0
1.0059785842895508,0
1.1309494972229004,0
1.0616941452026367,0
1.510007619857788,0
0.9959079027175903,0
1.4165735244750977,0
1.0429080724716187,0
1.0467500686645508,0
1.0937678813934326,0
1.0258210897445679,0
1.062552809715271,0
1.1814764738082886,0
1.3012877702713013,0
1.78121018409729,0
0.9616790413856506,0
1.0887373685836792,0
0.9984821081161499,0
1.0893324613571167,0
3.109649896621704,0
1.0317293405532837,0
1.0053188800811768,0
261.9832458496094,0
1.096405029296875,0
1.0839221477508545,0
0.9940382242202759,0
1.0952873229980469,0
2.9200832843780518,0
1.169847011566162,0
2.3224029541015625,0
1.1674948930740356,0
1.0488560199737549,0
1.335945963859558,0
0.9762265086174011,0
1.2096489667892456,0
1.1119723320007324,0
1.086267113685608,0
1.1009989976882935,0
1.1733916997909546,0
1.0959776639938354,0
1.026545763015747,0
1.0149513483047485,0
1.0493884086608887,0
0.9721234440803528,0
1.0061805248260498,0
0.9901581406593323,0
1.0484042167663574,0
1.1435105800628662,0
1.0366936922073364,0
0.9820192456245422,0
1.1089011430740356,0
1.0771071910858154,0
0.9807620048522949,0
1.0148340463638306,0
1.1369843482971191,0
0.9463503956794739,0
1.011863350868225,0
1.0604382753372192,0
0.98114413022995,0
1.097372055053711,0
2.4362471103668213,0
1.1836464405059814,0
1.0904408693313599,0
0.963437020778656,0
1.009766936302185,0
0.9783228039741516,0
0.99610835313797,0
1.217692255973816,0
0.9782339334487915,0
1.0338703393936157,0
0.9888362288475037,0
1.0273562669754028,0
1.079268217086792,0
1.069513201713562,0
0.9815622568130493,0
1.0933386087417603,0
1.0030243396759033,0
0.997215986251831,0
1.1051881313323975,0
1.0542209148406982,0
1.325934648513794,0
1.1056010723114014,0
1.1645419597625732,0
1.0409959554672241,0
1.0139721632003784,0
1.004347801208496,0
0.9622806906700134,0
1.2854979038238525,0
1.1083104610443115,0
1.028198480606079,0
1.0,0
1.7386258840560913,0
1.0921258926391602,0
1.117614507675171,0
1.1091997623443604,0
1.1073060035705566,0
1.1359755992889404,0
1.094205617904663,0
1.1508439779281616,0
1.0027780532836914,0
1.1128827333450317,0
1.0245721340179443,0
1.1232385635375977,0
0.9743683934211731,0
1.0078644752502441,0
1.072016954421997,0
1.750407099723816,0
0.9570825695991516,0
1.0116429328918457,0
1.256835699081421,0
1.0165282487869263,0
0.9901378154754639,0
1.0845983028411865,0
1.0224636793136597,0
1.0037635564804077,0
1.0274696350097656,0
0.9763819575309753,0
1.0430824756622314,0
1.12369704246521,0
1.0379490852355957,0
1.0430853366851807,0
1.171051025390625,0
0.9957782030105591,0
1.0594161748886108,0
1.051079511642456,0
2.2181954383850098,0
1.0249391794204712,0
1.0156558752059937,0
1.0524251461029053,0
1.0249922275543213,0
1.0394220352172852,0
1.0422223806381226,0
1.1303424835205078,0
1.3360930681228638,0
96.5197525024414,0
1.1403464078903198,0
1.045305848121643,0
0.9798080325126648,0
1.0323548316955566,0
1.007509708404541,0
0.9516479969024658,0
1.0142406225204468,0
2.782769203186035,0
1.1093395948410034,0
1.1861475706100464,0
0.9966703653335571,0
1.0008034706115723,0
1.0706448554992676,0
1.0329866409301758,0
1.0001932382583618,0
1.0158953666687012,0
1.086638331413269,0
1.2048771381378174,0
0.9735845327377319,0
1.133056640625,0
1.0055299997329712,0
0.9928922057151794,0
1.0609941482543945,0
1.2809975147247314,0
0.9901434779167175,0
1.0041877031326294,0
1.0179836750030518,0
0.9914374351501465,0
0.9954404830932617,0
1.0439525842666626,0
1.0823928117752075,0
1.028528094291687,0
1.8135994672775269,0
1.0448753833770752,0
0.9715227484703064,0
1.0034205913543701,0
1.1562609672546387,0
2.813417673110962,0
0.9526804089546204,0
1.061065435409546,0
1.0584197044372559,0
1.1870917081832886,0
1.001587986946106,0
1.1481401920318604,0
1.1534560918807983,0
0.9848951101303101,0
1.0267266035079956,0
1.1724750995635986,0
1.2111040353775024,0
1.0099791288375854,0
1.052994728088379,0
1.0585671663284302,0
0.9549791812896729,0
1.0423803329467773,0
1.0323537588119507,0
1.020737648010254,0
1.0171340703964233,0
1.0762914419174194,0
0.9425449967384338,0
1.0364136695861816,0
0.9866470098495483,0
1.0953525304794312,0
1.3164674043655396,0
1.036000370979309,0
1.0129259824752808,0
1.0045931339263916,0
1.0049607753753662,0
1.0921839475631714,0
0.9809677600860596,0
1.1765317916870117,0
0.9973639249801636,0
1.0170615911483765,0
1.0102542638778687,0
1.1638250350952148,0
0.9872227311134338,0
1.1699199676513672,0
1.0273393392562866,0
1.0301507711410522,0
1.0181492567062378,0
1.0046555995941162,0
1.139275074005127,0
1.0451685190200806,0
0.9752057194709778,0
1.4061633348464966,0
1.0236924886703491,0
1.055608868598938,0
1.021052598953247,0
0.9930362701416016,0
1.1517620086669922,0
1.0275036096572876,0
1.2027387619018555,0
1.0054231882095337,0
1.052168369293213,0
1.031810998916626,0
1.0199490785598755,0
0.9803099632263184,0
1.1061480045318604,0
1.1460063457489014,0
1.055311918258667,0
1.0585362911224365,0
1.0055075883865356,0
0.9724422693252563,0
0.9760971069335938,0
0.9726377129554749,0
0.9860566854476929,0
1.0584090948104858,0
1.0406198501586914,0
1.705724835395813,0
1.103783369064331,0
0.9596313834190369,0
1.0283342599868774,0
1.1756502389907837,0
2.446869134902954,0
1.057024359703064,0
0.9934936761856079,0
1.8622136116027832,0
0.9892854690551758,0
1.5555200576782227,0
0.9867250919342041,0
1.0397698879241943,0
1.0868167877197266,0
1.0154739618301392,0
1.0022828578948975,0
0.965255856513977,0
1.2680894136428833,0
1.0419126749038696,0
1.0167876482009888,0
1.1501173973083496,0
0.971248209476471,0
1.1019755601882935,0
1.016298532485962,0
1.026803970336914,0
0.9873916506767273,0
0.9951949119567871,0
0.9618428945541382,0
1.0322272777557373,0
1.154609203338623,0
1.0757472515106201,0
1.1209380626678467,0
1.060996174812317,0
1.0133832693099976,0
1.001118779182434,0
0.9852384924888611,0
1.065565586090088,0
1.0590240955352783,0
2.1293582916259766,0
1.0331683158874512,0
2.813417673110962,0
1.089267373085022,0
1.133575677871704,0
1.0870590209960938,0
1.6469608545303345,0
1.0444011688232422,0
1.047481656074524,0
1.002802848815918,0
1.0250385999679565,0
1.102593183517456,0
1.050301194190979,0
1.1588584184646606,0
1.0405712127685547,0
0.9835852384567261,0
1.0004868507385254,0
1.2540404796600342,0
1.0758159160614014,0
1.1872310638427734,0
0.9922870993614197,0
1.118868350982666,0
1.2379053831100464,0
1.171922206878662,0
1.0469352006912231,0
1.395681619644165,0
1.1024632453918457,0
1.0412111282348633,0
1.1020809412002563,0
1.008364200592041,0
1.0753217935562134,0
1.1084091663360596,0
0.9553061723709106,0
1.010436773300171,0
0.998744785785675,0
1.0255508422851562,0
1.1015950441360474,0
1.0242671966552734,0
2.3211920261383057,0
1.1276386976242065,0
0.9955903887748718,0
1.0310221910476685,0
1.0198079347610474,0
1.0518125295639038,0
1.0439125299453735,0
1.126056432723999,0
1.4931912422180176,0
1.0210061073303223,0
1.0687346458435059,0
1.211614966392517,0
0.9566524624824524,0
0.9908260107040405,0
0.9648990035057068,0
1.1147546768188477,0
1.007491946220398,0
0.9734622240066528,0
0.9664614200592041,0
0.9940988421440125,0
0.9721522927284241,0
1.001125454902649,0
1.0024867057800293,0
1.015627384185791,0
1.1723933219909668,0
1.041472315788269,0
0.9768203496932983,0
0.9481750726699829,0
1.5092769861221313,0
1.0217269659042358,0
1.0745737552642822,0
1.0287646055221558,0
1.0606354475021362,0
0.9661664962768555,0
1.2140076160430908,0
1.1265369653701782,0
1.1317856311798096,0
1.0097144842147827,0
1.2409743070602417,0
1.0611075162887573,0
1.054250955581665,0
1.0492125749588013,0
1.0394376516342163,0
1.2506965398788452,0
1.0303704738616943,0
1.013235330581665,0
1.0193849802017212,0
1.0219764709472656,0
1.0498169660568237,0
0.974984347820282,0
0.9953364729881287,0
0.9655464887619019,0
1.0235002040863037,0
1.0436742305755615,0
1.114167332649231,0
1.2484588623046875,0
0.9964405298233032,0
1.0099267959594727,0
1.1139596700668335,0
1.0180360078811646,0
1.0179184675216675,0
1.1740772724151611,0
0.973908543586731,0
1.1006625890731812,0
1.1159342527389526,0
1.0240024328231812,0
1.151678204536438,0
1.1016403436660767,0
1.007270097732544,0
1.027813196182251,0
1.0148067474365234,0
1.096826434135437,0
1.06367826461792,0
1.1121745109558105,0
1.0427682399749756,0
1.0581958293914795,0
1.0214834213256836,0
1.156895399093628,0
1.0317696332931519,0
1.068963646888733,0
0.9842713475227356,0
1.0051758289337158,0
1.11735200881958,0
2.7220394611358643,0
1.1099903583526611,0
1.146222710609436,0
1.011755347251892,0
0.9925572872161865,0
1.2046211957931519,0
0.9804336428642273,0
1.17769455909729,0
0.9916377067565918,0
1.0211937427520752,0
1.0254274606704712,0
0.9653930068016052,0
1.0948315858840942,0
1.205398678779602,0
1.0852761268615723,0
1.1085362434387207,0
1.0987826585769653,0
1.3056929111480713,0
1.0063782930374146,0
1.1164231300354004,0
1.0266900062561035,0
0.9777747392654419,0
0.9700973629951477,0
1.128401756286621,0
1.007779598236084,0
1.3044337034225464,0
1.605779767036438,0
1.0733884572982788,0
1.0056642293930054,0
1.2090044021606445,0
1.1235207319259644,0
1.5316791534423828,0
1.0971643924713135,0
1.1453872919082642,0
0.9727423191070557,0
1.0438605546951294,0
1.0659143924713135,0
1.2073884010314941,0
1.1363376379013062,0
1.0311274528503418,0
1.0439420938491821,0
1.1733916997909546,0
1.0800909996032715,0
1.0684425830841064,0
0.9943905472755432,0
1.0078362226486206,0
1.1201239824295044,0
1.068676471710205,0
1.0060302019119263,0
1.051438808441162,0
1.192964792251587,0
1.1007941961288452,0
1.2713632583618164,0
1.0646274089813232,0
1.8541761636734009,0
1.0628055334091187,0
1.0117355585098267,0
1.0898733139038086,0
1.048780083656311,0
1.103812575340271,0
1.0247961282730103,0
1.3895875215530396,0
1.0464800596237183,0
1.0953525304794312,0
1.1314151287078857,0
1.0347402095794678,0
0.996580958366394,0
1.039414644241333,0
1.0285534858703613,0
1.0184533596038818,0
1.045404076576233,0
0.9994081258773804,0
1.2095685005187988,0
1.021041750907898,0
1.0034793615341187,0
1.0866072177886963,0
1.0453394651412964,0
1.040579080581665,0
1.035186529159546,0
1.0081117153167725,0
0.945907711982727,0
1.084240198135376,0
1.078589916229248,0
1.1221864223480225,0
1.054364562034607,0
0.9474754929542542,0
1.0024713277816772,0
1.1283618211746216,0
0.9898183345794678,0
1.0136404037475586,0
1.0491998195648193,0
0.9556866884231567,0
1.3749287128448486,0
1.0716469287872314,0
1.0574795007705688,0
0.9797287583351135,0
0.9651892781257629,0
1.0132336616516113,0
1.2512181997299194,0
1.005740761756897,0
1.0550893545150757,0
1.184403896331787,0
1.0136890411376953,0
1.0099899768829346,0
1.0544612407684326,0
1.9718745946884155,0
1.260723352432251,0
1.0711878538131714,0
1.0036463737487793,0
1.0037651062011719,0
1.0201337337493896,0
1.1008433103561401,0
1.2794309854507446,0
1.1416510343551636,0
1.4029827117919922,0
1.0428040027618408,0
0.965238630771637,0
0.9797623157501221,0
1.05180823802948,0
2.8158953189849854,0
1.3882091045379639,0
1.0040076971054077,0
1.0326107740402222,0
1.1374883651733398,0
1.014697790145874,0
1.0443452596664429,0
1.0322015285491943,0
1.1034573316574097,0
1.0554664134979248,0
0.9787275791168213,0
1.279940128326416,0
1.109853744506836,0
0.9979414343833923,0
1.050759196281433,0
1.1747751235961914,0
1.0340685844421387,0
1.0120233297348022,0
1.009563684463501,0
1.1016589403152466,0
1.0278220176696777,0
0.9800438284873962,0
1.1312602758407593,0
1.0633023977279663,0
1.0089499950408936,0
1.1185282468795776,0
1.2150367498397827,0
1.0895894765853882,0
1.0075370073318481,0
1.0011974573135376,0
1.2865958213806152,0
1.0301934480667114,0
0.9807161688804626,0
1.00559401512146,0
1.0428653955459595,0
1.0386918783187866,0
1.0566825866699219,0
1.4518797397613525,0
1.0452141761779785,0
2.817441463470459,0
0.9782431721687317,0
1.013749599456787,0
0.9887116551399231,0
1.2987247705459595,0
0.9639273285865784,0
1.0049607753753662,0
1.1019980907440186,0
1.163571834564209,0
1.1146831512451172,0
0.9823608994483948,0
0.9930382370948792,0
1.1533560752868652,0
1.050443410873413,0
1.5861670970916748,0
1.022648572921753,0
1.473935842514038,0
1.4888756275177002,0
0.9381833672523499,0
1.0259627103805542,0
1.0526865720748901,0
0.9865778684616089,0
1.1105226278305054,0
1.0201236009597778,0
1.0763514041900635,0
0.990649938583374,0
1.3280971050262451,0
1.0156424045562744,0
1.053772211074829,0
1.2247700691223145,0
1.0899324417114258,0
0.9644281268119812,0
1.1487154960632324,0
0.9860554337501526,0
1.0769553184509277,0
1.0092271566390991,0
1.422035813331604,0
1.0226186513900757,0
1.0572102069854736,0
1.0007516145706177,0
1.0855494737625122,0
1.2743898630142212,0
1.0256491899490356,0
1.098565697669983,0
0.9801326990127563,0
1.0151346921920776,0
0.9797909259796143,0
0.9784256219863892,0
1.2088295221328735,0
1.0670167207717896,0
1.0041691064834595,0
1.0936697721481323,0
1.0896737575531006,0
1.0070416927337646,0
1.0614073276519775,0
0.9811504483222961,0
1.1232612133026123,0
1.1670559644699097,0
0.9996867775917053,0
0.9839808344841003,0
1.073407530784607,0
1.0009387731552124,0
1.0501749515533447,0
1.1590369939804077,0
1.0574736595153809,0
1.0545265674591064,0
1.2237340211868286,0
0.975413978099823,0
1.0049883127212524,0
0.9536920785903931,0
1.0239266157150269,0
1.093307614326477,0
0.9918347597122192,0
0.9320731163024902,0
1.0666054487228394,0
1.2623414993286133,0
1.0200600624084473,0
1.0195358991622925,0
1.1344205141067505,0
0.9998077154159546,0
1.060579538345337,0
1.4561184644699097,0
0.9954578280448914,0
0.9848014712333679,0
1.1010205745697021,0
1.0135807991027832,0
1.4574153423309326,0
1.0222917795181274,0
2.120112895965576,0
1.069390058517456,0
1.0106453895568848,0
0.9999688863754272,0
1.1670511960983276,0
1.0147546529769897,0
1.0838582515716553,0
1.0104659795761108,0
1.0492229461669922,0
1.0476536750793457,0
1.052773118019104,0
0.976378858089447,0
1.1317297220230103,0
1.1234514713287354,0
1.9094054698944092,0
0.9900897741317749,0
1.0307191610336304,0
1.0165237188339233,0
1.0091192722320557,0
1.0209317207336426,0
1.1477267742156982,0
1.0240837335586548,0
105.8148422241211,0
1.0924909114837646,0
0.9615514278411865,0
1.224144697189331,0
1.3112870454788208,0
1.0573954582214355,0
1.8585288524627686,0
0.9684737324714661,0
1.0839654207229614,0
1.0089266300201416,0
1.197842001914978,0
1.099891185760498,0
1.0943931341171265,0
1.2395423650741577,0
1.0961600542068481,0
1.0331058502197266,0
1.33420729637146,0
0.9852407574653625,0
0.9952116012573242,0
1.0257200002670288,0
1.283088207244873,0
1.2207701206207275,0
1.0156359672546387,0
1.0196536779403687,0
0.9452381134033203,0
1.041759729385376,0
1.1777020692825317,0
1.0690923929214478,0
1.1171296834945679,0
1.0090906620025635,0
1.0109782218933105,0
1.4363998174667358,0
1.003374457359314,0
1.0081614255905151,0
1.0380452871322632,0
1.0153192281723022,0
1.3014112710952759,0
1.3109585046768188,0
1.0882874727249146,0
0.9977404475212097,0
1.0314337015151978,0
1.0146232843399048,0
1.053056001663208,0
0.9468004107475281,0
1.1527599096298218,0
1.6638516187667847,0
1.0970520973205566,0
1.0422128438949585,0
1.155257225036621,0
1.0007894039154053,0
0.9956614375114441,0
1.0277135372161865,0
1.004814863204956,0
0.9756367206573486,0
1.1816558837890625,0
0.9695878624916077,0
1.0263158082962036,0
1.2761162519454956,0
1.0515097379684448,0
1.123571753501892,0
0.9947744011878967,0
1.0269466638565063,0
1.1972911357879639,0
1.1767956018447876,0
0.9984338283538818,0
1.036116123199463,0
1.2009146213531494,0
1.155720591545105,0
1.020453929901123,0
1.1008226871490479,0
0.9878016710281372,0
1.007766604423523,0
0.9606413245201111,0
1.049439787864685,0
1.144779086112976,0
0.9921825528144836,0
1.1832119226455688,0
1.0338541269302368,0
1.0740550756454468,0
1.1835933923721313,0
1.1626673936843872,0
2.813417673110962,0
1.0,0
1.0665677785873413,0
1.3019354343414307,0
1.0558092594146729,0
1.0079444646835327,0
0.981400728225708,0
1.265281081199646,0
1.1438608169555664,0
1.4740594625473022,0
2.6721463203430176,0
1.0079618692398071,0
1.026470422744751,0
1.4136886596679688,0
1.197493553161621,0
1.0360766649246216,0
1.073988437652588,0
1.026577115058899,0
1.1816558837890625,0
1.0847121477127075,0
0.9952793121337891,0
1.0267078876495361,0
1.0317288637161255,0
1.0269874334335327,0
1.0354703664779663,0
1.1906661987304688,0
1.2055628299713135,0
1.0494476556777954,0
1.538007140159607,0
0.99379962682724,0
0.970271646976471,0
1.1203655004501343,0
1.0554717779159546,0
1.2022900581359863,0
0.9500280022621155,0
1.0266010761260986,0
1.5681767463684082,0
0.9990653991699219,0
1.007522463798523,0
1.2774059772491455,0
1.0216957330703735,0
0.9786120653152466,0
1.0369164943695068,0
1.2911186218261719,0
1.0253987312316895,0
1.0940016508102417,0
1.0482183694839478,0
1.2301175594329834,0
1.2226362228393555,0
1.2299180030822754,0
1.0403679609298706,0
0.9992083311080933,0
1.0778192281723022,0
1.0956249237060547,0
1.0211600065231323,0
1.5527747869491577,0
0.9932311177253723,0
1.0450904369354248,0
1.0290417671203613,0
0.9889980554580688,0
0.9879973530769348,0
1.1948479413986206,0
0.9970346689224243,0
1.0514600276947021,0
1.0014106035232544,0
0.9762930274009705,0
1.0095242261886597,0
0.9789215922355652,0
1.02053964138031,0
1.1431100368499756,0
1.020577311515808,0
1.0425397157669067,0
1.129578709602356,0
1.0083622932434082,0
1.0140703916549683,0
1.058898687362671,0
1.0419586896896362,0
1.2174452543258667,0
1.1269207000732422,0
2.1019210815429688,0
1.002252221107483,0
1.1339348554611206,0
1.0334358215332031,0
1.1251412630081177,0
0.9920669794082642,0
1.0675194263458252,0
2.8087270259857178,0
1.0320771932601929,0
1.2199069261550903,0
0.9804932475090027,0
0.9947402477264404,0
1.09225594997406,0
1.0685831308364868,0
1.141111969947815,0
1.0085221529006958,0
1.0103548765182495,0
1.1039652824401855,0
1.2011516094207764,0
1.2565627098083496,0
1.0065749883651733,0
1.0886892080307007,0
1.0527774095535278,0
1.03402578830719,0
1.0437372922897339,0
1.0898663997650146,0
0.9622988700866699,0
1.0185856819152832,0
0.9906032681465149,0
1.0325658321380615,0
1.3717095851898193,0
1.0609394311904907,0
1.0334769487380981,0
1.0181483030319214,0
1.02244234085083,0
0.9670494198799133,0
1.0415349006652832,0
1.0435324907302856,0
0.992458164691925,0
1.055708408355713,0
1.083625078201294,0
0.990121603012085,0
1.0595184564590454,0
1.18951416015625,0
1.0633772611618042,0
1.5364078283309937,0
1.015633463859558,0
2.0941884517669678,0
1.0872993469238281,0
1.0601969957351685,0
1.028268814086914,0
1.1104241609573364,0
1.0877360105514526,0
1.0806280374526978,0
1.2835783958435059,0
1.071590542793274,0
1.1152862310409546,0
0.9963693618774414,0
1.1889562606811523,0
0.9949142932891846,0
1.1383761167526245,0
1.0026617050170898,0
1.1020593643188477,0
1.0529234409332275,0
1.025807499885559,0
1.020429253578186,0
1.0403708219528198,0
1.4679789543151855,0
2.3772075176239014,0
1.002058982849121,0
1.011566162109375,0
1.0735139846801758,0
1.1222771406173706,0
1.098888635635376,0
1.0277996063232422,0
1.2393081188201904,0
0.9915458559989929,0
1.0489670038223267,0
1.2093509435653687,0
1.5309474468231201,0
0.9734572768211365,0
0.9855881929397583,0
1.114863634109497,0
1.3231561183929443,0
1.0640466213226318,0
5.679805278778076,0
1.0990365743637085,0
1.380312442779541,0
0.9850220084190369,0
0.9950000047683716,0
2.7728312015533447,0
1.0816385746002197,0
1.0515453815460205,0
1.1865123510360718,0
1.0711644887924194,0
1.0329562425613403,0
1.169448971748352,0
0.9526931047439575,0
1.333807349205017,0
1.0002871751785278,0
1.0321017503738403,0
1.0098109245300293,0
0.9947874546051025,0
1.0709729194641113,0
1.1739321947097778,0
0.9925639629364014,0
1.057562232017517,0
1.3560726642608643,0
1.192405104637146,0
1.1350535154342651,0
0.9871103167533875,0
1.0695630311965942,0
1.0734121799468994,0
1.4777920246124268,0
1.1279468536376953,0
1.1593735218048096,0
1.3776865005493164,0
1.2715719938278198,0
1.0229685306549072,0
1.0101380348205566,0
1.1279501914978027,0
0.9779753088951111,0
1.0621583461761475,0
1.0825287103652954,0
1.0205261707305908,0
0.9736764430999756,0
1.009233832359314,0
1.0282281637191772,0
1.0121631622314453,0
1.0419076681137085,0
1.1620311737060547,0
1.0091947317123413,0
1.1769275665283203,0
1.4468085765838623,0
0.9472977519035339,0
0.9919342398643494,0
1.1373412609100342,0
1.0182467699050903,0
1.1678766012191772,0
1.0113027095794678,0
1.0442065000534058,0
1.079356074333191,0
1.1207536458969116,0
1.0106854438781738,0
1.0018784999847412,0
1.0210974216461182,0
1.0605981349945068,0
1.0881673097610474,0
0.9855450987815857,0
1.021982192993164,0
1.0769098997116089,0
0.9600158333778381,0
1.0087472200393677,0
1.0610949993133545,0
0.9957485795021057,0
1.8431954383850098,0
1.0835344791412354,0
1.127506136894226,0
1.015438437461853,0
1.0054240226745605,0
1.043900966644287,0
1.1879266500473022,0
1.0229889154434204,0
0.9493847489356995,0
0.9721522927284241,0
1.0033481121063232,0
1.3635507822036743,0
1.7862179279327393,0
0.977776050567627,0
0.9870624542236328,0
1.0261006355285645,0
1.105549693107605,0
1.0811002254486084,0
1.052864670753479,0
1.008040428161621,0
1.0127370357513428,0
1.121085524559021,0
1.0056135654449463,0
1.0696710348129272,0
1.105544090270996,0
1.214145302772522,0
0.966373860836029,0
1.1216269731521606,0
1.0496373176574707,0
0.9986844062805176,0
1.0029771327972412,0
0.9962700009346008,0
1.1099923849105835,0
1.194022297859192,0
1.002204179763794,0
1.207529902458191,0
1.8326128721237183,0
1.0245075225830078,0
1.0778580904006958,0
1.1164034605026245,0
0.9993645548820496,0
1.0376726388931274,0
1.0133899450302124,0
0.9385533928871155,0
0.979556143283844,0
1.1221656799316406,0
0.9982198476791382,0
1.007785677909851,0
0.9742262959480286,0
1.1746951341629028,0
1.0141873359680176,0
1.159222960472107,0
1.1033583879470825,0
0.9542829990386963,0
1.2936865091323853,0
1.1743656396865845,0
0.9909272789955139,0
1.1364572048187256,0
1.2803270816802979,0
0.9872850179672241,0
1.09817636013031,0
1.0255675315856934,0
1.0018559694290161,0
1.3685020208358765,0
1.010328769683838,0
1.045462727546692,0
1.067678451538086,0
1.0327296257019043,0
2.743227243423462,0
1.996781826019287,0
0.9936712980270386,0
1.0266183614730835,0
1.1194825172424316,0
1.0093635320663452,0
1.0517233610153198,0
0.982593297958374,0
1.0020338296890259,0
1.0557372570037842,0
1.1103622913360596,0
1.0086528062820435,0
1.4987080097198486,0
1.0731415748596191,0
1.8787381649017334,0
1.0663827657699585,0
1.0051032304763794,0
0.9735894799232483,0
1.0924413204193115,0
0.9915741086006165,0
1.021052598953247,0
1.7685343027114868,0
1.0661797523498535,0
2.0036230087280273,0
0.9950000047683716,0
0.9831476807594299,0
1.0351253747940063,0
1.0021207332611084,0
0.985354483127594,0
1.2513401508331299,0
0.9713287949562073,0
0.9787275791168213,0
1.0569658279418945,0
1.0403714179992676,0
1.036017894744873,0
1.0049607753753662,0
1.1502689123153687,0
1.9880393743515015,0
1.060831069946289,0
1.0135867595672607,0
0.9979257583618164,0
0.989207923412323,0
1.0165212154388428,0
1.2540615797042847,0
0.9938700795173645,0
1.0347900390625,0
1.0412006378173828,0
1.047595739364624,0
1.2498348951339722,0
2.0553436279296875,0
0.973571240901947,0
1.0503593683242798,0
1.0474743843078613,0
1.262151837348938,0
1.068708062171936,0
1.0018197298049927,0
1.028889775276184,0
1.493450403213501,0
1.1133354902267456,0
1.0023483037948608,0
0.9549791812896729,0
1.38491690158844,0
1.3045545816421509,0
1.0503755807876587,0
1.0882600545883179,0
1.034049153327942,0
1.0370604991912842,0
1.0122803449630737,0
1.0874669551849365,0
0.9472977519035339,0
1.0245994329452515,0
1.0834156274795532,0
0.9522771239280701,0
1.0237585306167603,0
1.113612413406372,0
1.3392274379730225,0
1.20786714553833,0
1.1398160457611084,0
0.9962313771247864,0
1.0223499536514282,0
0.9841508269309998,0
1.6316051483154297,0
1.05815589427948,0
1.0331801176071167,0
0.9688020348548889,0
1.1190637350082397,0
1.3343170881271362,0
1.0498064756393433,0
1.0689258575439453,0
1.1977789402008057,0
1.1002649068832397,0
1.0026968717575073,0
1.2198764085769653,0
1.2860304117202759,0
1.0420345067977905,0
1.0049607753753662,0
1.0497242212295532,0
1.0235257148742676,0
0.9962165951728821,0
1.2247546911239624,0
1.1275813579559326,0
1.3477145433425903,0
1.2994294166564941,0
1.0325865745544434,0
1.2379001379013062,0
1.1329630613327026,0
1.1135870218276978,0
1.282165765762329,0
1.6603174209594727,0
1.0275294780731201,0
1.005153775215149,0
1.0626611709594727,0
0.9975070953369141,0
1.0809584856033325,0
1.0385401248931885,0
0.974148690700531,0
1.010682225227356,0
1.09394371509552,0
1.0435640811920166,0
1.1002957820892334,0
1.0255837440490723,0
1.0827158689498901,0
2.311400890350342,0
1.0505847930908203,0
1.3145411014556885,0
1.0771563053131104,0
1.00618314743042,0
1.0292248725891113,0
1.0178256034851074,0
1.0089348554611206,0
1.081222414970398,0
0.9990985989570618,0
0.975670576095581,0
1.0193711519241333,0
1.1474785804748535,0
0.9795902371406555,0
1.1437891721725464,0
299.3455505371094,0
1.0324865579605103,0
1.022419810295105,0
1.0042240619659424,0
2.813417673110962,0
1.2554377317428589,0
1.1147449016571045,0
0.9882847666740417,0
1.1692981719970703,0
1.0943161249160767,0
1.0131901502609253,0
1.0096123218536377,0
1.0395171642303467,0
1.409949779510498,0
1.0222830772399902,0
1.0024875402450562,0
0.9764466285705566,0
1.0189625024795532,0
1.0043970346450806,0
1.0804344415664673,0
1.0464942455291748,0
1.0194553136825562,0
0.9952393770217896,0
0.9922677278518677,0
1.0107125043869019,0
1.005308985710144,0
0.9973232746124268,0
1.643484354019165,0
1.0732238292694092,0
1.1433674097061157,0
0.9961705803871155,0
0.9833931922912598,0
1.0619633197784424,0
1.3773057460784912,0
1.41632878780365,0
1.28860342502594,0
1.0713130235671997,0
1.1948670148849487,0
1.441613793373108,0
1.0398386716842651,0
1.2853676080703735,0
0.9510197043418884,0
1.071312665939331,0
1.0777344703674316,0
1.2719178199768066,0
1.0243951082229614,0
0.986490786075592,0
1.0835609436035156,0
1.4446877241134644,0
1.1444220542907715,0
1.306665062904358,0
1.0906627178192139,0
1.490249514579773,0
1.207621455192566,0
0.989305317401886,0
0.9869616031646729,0
1.124809980392456,0
0.9797623157501221,0
1.1823692321777344,0
1.0108413696289062,0
1.1595498323440552,0
0.9714453220367432,0
1.148775339126587,0
1.0903127193450928,0
0.9851948618888855,0
1.1800752878189087,0
0.9934176206588745,0
1.0714037418365479,0
1.009667992591858,0
0.9818025827407837,0
1.7792807817459106,0
0.9679428935050964,0
1.0883934497833252,0
1.0185506343841553,0
1.0024691820144653,0
0.9661788940429688,0
1.1075628995895386,0
1.1179434061050415,0
0.9630035161972046,0
1.043953537940979,0
1.0261238813400269,0
0.9867967367172241,0
0.9740287065505981,0
1.0859118700027466,0
1.0600671768188477,0
1.1236364841461182,0
0.991576075553894,0
1.083522081375122,0
1.0414750576019287,0
0.9542628526687622,0
0.9635545611381531,0
1.0343621969223022,0
1.1436821222305298,0
0.9319157600402832,0
0.9802813529968262,0
1.38121497631073,0
1.1523048877716064,0
1.1602569818496704,0
1.0185043811798096,0
1.0619832277297974,0
1.101699709892273,0
2.153687000274658,0
1.072517991065979,0
1.056334137916565,0
1.2303911447525024,0
1.006086826324463,0
1.1319713592529297,0
1.020678162574768,0
1.1875355243682861,0
1.0747151374816895,0
1.0271496772766113,0
1.782421350479126,0
0.9985764026641846,0
0.9921270608901978,0
1.0201992988586426,0
1.0242419242858887,0
1.0380555391311646,0
0.9635802507400513,0
1.0585399866104126,0
0.9319157600402832,0
0.9629561305046082,0
0.9917858242988586,0
1.155415654182434,0
0.9930930137634277,0
0.9797152280807495,0
1.0805349349975586,0
0.998313307762146,0
1.169846534729004,0
1.0198533535003662,0
0.972806990146637,0
1.144727110862732,0
1.07175874710083,0
0.9738924503326416,0
1.134101390838623,0
1.14958918094635,0
1.2630831003189087,0
1.0247677564620972,0
0.9813307523727417,0
1.0014078617095947,0
0.9624603390693665,0
0.9974968433380127,0
1.032200574874878,0
1.15631103515625,0
1.0382660627365112,0
1.0379173755645752,0
1.0,0
1.266409993171692,0
1.031198501586914,0
1.3186125755310059,0
0.9605625867843628,0
1.0893138647079468,0
1.181454062461853,0
0.9695631861686707,0
0.9901139736175537,0
1.0069866180419922,0
1.155258059501648,0
1.5791724920272827,0
1.0636365413665771,0
1.3858342170715332,0
1.0937860012054443,0
1.044754981994629,0
1.1780188083648682,0
0.9896481037139893,0
1.2322039604187012,0
1.0269545316696167,0
2.0659639835357666,0
1.0618598461151123,0
1.1601552963256836,0
1.32451331615448,0
1.0089277029037476,0
1.088045358657837,0
1.064563274383545,0
0.9557698965072632,0
1.0002992153167725,0
0.9632222056388855,0
1.0690441131591797,0
1.0660269260406494,0
1.0451453924179077,0
1.2314802408218384,0
1.03909432888031,0
1.7822269201278687,0
1.2939876317977905,0
1.0263663530349731,0
0.9696637988090515,0
1.1192104816436768,0
1.0436499118804932,0
1.2787823677062988,0
1.53908371925354,0
1.0726314783096313,0
1.0415160655975342,0
1.3907902240753174,0
1.0936692953109741,0
1.2431316375732422,0
0.9797623157501221,0
0.9765140414237976,0
1.1614385843276978,0
1.1196712255477905,0
1.2681082487106323,0
1.0749425888061523,0
1.2177631855010986,0
1.0534296035766602,0
1.1104239225387573,0
1.1560946702957153,0
0.978079080581665,0
1.1385407447814941,0
0.9959354400634766,0
1.5006091594696045,0
1.0183799266815186,0
1.1542954444885254,0
1.146563172340393,0
0.9971104860305786,0
1.2189700603485107,0
1.016823649406433,0
1.0151346921920776,0
1.0790504217147827,0
1.0934785604476929,0
0.9980147480964661,0
1.0817240476608276,0
0.9654847383499146,0
1.0000683069229126,0
1.2077205181121826,0
1.1424020528793335,0
1.0748045444488525,0
0.9874509572982788,0
1.0451685190200806,0
1.005863904953003,0
1.0614293813705444,0
1.4198609590530396,0
1.2274686098098755,0
1.0511506795883179,0
1.02668035030365,0
1.2201824188232422,0
1.3228247165679932,0
1.2080485820770264,0
0.9817165732383728,0
1.037260890007019,0
1.2631540298461914,0
1.0789034366607666,0
1.183302879333496,0
0.9959445595741272,0
1.008132815361023,0
0.9907958507537842,0
1.0897091627120972,0
1.0049875974655151,0
0.9973827004432678,0
1.0354399681091309,0
1.2295441627502441,0
1.2549114227294922,0
1.032071828842163,0
0.9856518507003784,0
1.0055021047592163,0
1.0073878765106201,0
1.1666251420974731,0
0.9877106547355652,0
1.1266956329345703,0
0.9853861331939697,0
1.1155190467834473,0
1.1215569972991943,0
1.3179231882095337,0
1.025692105293274,0
1.311499834060669,0
0.9794938564300537,0
1.1650474071502686,0
1.065324306488037,0
1.2108662128448486,0
1.0395578145980835,0
1.035452127456665,0
1.0083718299865723,0
1.0688287019729614,0
1.1398595571517944,0
1.1816679239273071,0
1.135804533958435,0
1.318158507347107,0
1.1163522005081177,0
1.159031867980957,0
0.9869189262390137,0
1.0367170572280884,0
1.6000357866287231,0
1.2371755838394165,0
1.2115066051483154,0
0.968509316444397,0
1.1305726766586304,0
1.241153359413147,0
1.0602399110794067,0
0.9687090516090393,0
1.0422381162643433,0
438.4142761230469,0
1.0125519037246704,0
1.0226738452911377,0
1.0221365690231323,0
0.9811516404151917,0
1.047131061553955,0
1.0722416639328003,0
1.1385875940322876,0
1.0506000518798828,0
1.014580249786377,0
0.9945358633995056,0
1.0298125743865967,0
1.5842666625976562,0
1.0111297369003296,0
1.0890737771987915,0
0.9606326818466187,0
1.0244171619415283,0
0.9962617754936218,0
1.103144645690918,0
1.097596526145935,0
1.036307454109192,0
0.996381938457489,0
1.080438256263733,0
1.0650447607040405,0
1.0961178541183472,0
1.0932687520980835,0
1.056092619895935,0
1.3752756118774414,0
1.0063996315002441,0
0.9940299987792969,0
1.0516940355300903,0
1.486893892288208,0
1.1476753950119019,0
1.0647011995315552,0
1.1011821031570435,0
1.0750545263290405,0
1.0582062005996704,0
1.058151364326477,0
1.140296220779419,0
1.028072476387024,0
1.0676628351211548,0
0.9869294762611389,0
1.2116940021514893,0
1.0033032894134521,0
1.0058752298355103,0
1.6733393669128418,0
1.008252739906311,0
1.1080392599105835,0
1.0359222888946533,0
1.1087031364440918,0
1.0501548051834106,0
0.9564563035964966,0
1.0541248321533203,0
1.2282495498657227,0
1.172071099281311,0
1.079721450805664,0
0.9731760621070862,0
1.0234692096710205,0
1.0132124423980713,0
1.015586018562317,0
1.0016874074935913,0
0.9905229210853577,0
1.1441682577133179,0
1.014682650566101,0
1.1112879514694214,0
0.9460462927818298,0
1.0203598737716675,0
1.072399377822876,0
1.0156595706939697,0
1.0543252229690552,0
1.1283413171768188,0
1.319457769393921,0
1.2742798328399658,0
1.396048903465271,0
1.022220492362976,0
1.0216493606567383,0
1.0825185775756836,0
1.0872125625610352,0
1.0204881429672241,0
1.0302971601486206,0
0.9795718193054199,0
1.1058695316314697,0
1.053282618522644,0
0.9568727612495422,0
0.9841508269309998,0
1.0324898958206177,0
1.1015446186065674,0
1.0079084634780884,0
0.9952200651168823,0
0.9763335585594177,0
1.0572209358215332,0
1.0638974905014038,0
1.0546040534973145,0
1.0385098457336426,0
1.1202647686004639,0
1.0015405416488647,0
1.1892486810684204,0
1.25899338722229,0
1.0704007148742676,0
1.3860139846801758,0
1.0153980255126953,0
2.1223337650299072,0
1.0364627838134766,0
1.0026968717575073,0
1.1141444444656372,0
1.1130160093307495,0
0.9832777380943298,0
1.1967978477478027,0
0.9761431813240051,0
1.02597975730896,0
1.0606871843338013,0
0.9711940884590149,0
1.0534491539001465,0
1.0986547470092773,0
1.0054572820663452,0
1.0476077795028687,0
0.9620989561080933,0
1.1708155870437622,0
0.9983952045440674,0
1.0077227354049683,0
1.0153263807296753,0
1.0491411685943604,0
1.4720306396484375,0
1.030572533607483,0
1.0069435834884644,0
0.9739276170730591,0
1.0432202816009521,0
1.048150658607483,0
1.017073392868042,0
1.0684001445770264,0
1.03370201587677,0
1.0194391012191772,0
1.0932104587554932,0
1.6140528917312622,0
0.989877462387085,0
1.1028236150741577,0
1.0260848999023438,0
0.9950000047683716,0
1.1344306468963623,0
1.002981185913086,0
1.1061699390411377,0
1.1212151050567627,0
1.1533255577087402,0
1.4254504442214966,0
0.9787293076515198,0
1.0923420190811157,0
1.115764856338501,0
1.375075340270996,0
1.0458446741104126,0
1.1259108781814575,0
1.059171199798584,0
1.0797053575515747,0
1.0162302255630493,0
1.0721089839935303,0
1.0148239135742188,0
1.0327659845352173,0
1.0143699645996094,0
1.0827926397323608,0
1.093295693397522,0
1.0319454669952393,0
0.9719141125679016,0
1.046104907989502,0
1.5835175514221191,0
1.2219338417053223,0
1.2764893770217896,0
0.9779723286628723,0
1.0389710664749146,0
1.067759394645691,0
0.9810247421264648,0
1.0102119445800781,0
1.0074751377105713,0
0.9798080325126648,0
1.0718023777008057,0
0.97562175989151,0
1.1966456174850464,0
0.9974969029426575,0
1.0040709972381592,0
1.3498880863189697,0
1.1958155632019043,0
1.0151950120925903,0
0.9886414408683777,0
0.9882174134254456,0
1.0071221590042114,0
0.9957070350646973,0
1.10756254196167,0
1.0350703001022339,0
1.096813440322876,0
1.475477695465088,0
1.287297010421753,0
1.0752503871917725,0
1.100685477256775,0
0.9834455847740173,0
0.9657362103462219,0
0.9937573075294495,0
1.1791883707046509,0
1.0042331218719482,0
1.0415462255477905,0
1.3288888931274414,0
2.3282394409179688,0
1.0095924139022827,0
1.060633897781372,0
1.0135782957077026,0
1.098265528678894,0
0.977250337600708,0
1.0930709838867188,0
1.003961443901062,0
1.6321672201156616,0
0.989441990852356,0
1.1029269695281982,0
1.7139824628829956,0
1.1934674978256226,0
1.024828553199768,0
1.025994896888733,0
1.6390423774719238,0
2.277921199798584,0
1.0763132572174072,0
1.004837155342102,0
1.02461576461792,0
1.0515261888504028,0
0.9946081638336182,0
1.0798081159591675,0
1.0938009023666382,0
1.0182459354400635,0
1.0399004220962524,0
1.029000163078308,0
1.0615283250808716,0
1.0997947454452515,0
1.5864977836608887,0
1.1121973991394043,0
0.9662514925003052,0
1.1118255853652954,0
0.9620102047920227,0
1.0681625604629517,0
1.0248936414718628,0
1.1268075704574585,0
1.0352636575698853,0
1.096548318862915,0
1.1882765293121338,0
1.2899844646453857,0
1.1127678155899048,0
1.0321701765060425,0
1.0784392356872559,0
0.9926066398620605,0
1.066938877105713,0
1.4551026821136475,0
0.9979018568992615,0
0.969441294670105,0
1.0394319295883179,0
0.9425449967384338,0
1.164629578590393,0
0.9897906184196472,0
1.1170800924301147,0
0.9404484033584595,0
1.0609880685806274,0
2.813417673110962,0
1.0111840963363647,0
1.0041731595993042,0
1.0832360982894897,0
0.9442446231842041,0
1.0144777297973633,0
0.9825608730316162,0
1.033447265625,0
1.0693137645721436,0
0.9766589999198914,0
1.1357024908065796,0
0.9558706879615784,0
1.0110220909118652,0
1.049980640411377,0
0.9600335359573364,0
0.9447277188301086,0
1.1814886331558228,0
1.1078822612762451,0
0.9935953617095947,0
1.0603370666503906,0
1.021806001663208,0
0.9934353232383728,0
3.505812168121338,0
2.2518420219421387,0
1.0100716352462769,0
1.3660997152328491,0
0.9809278249740601,0
1.0154401063919067,0
1.01311194896698,0
143.70143127441406,0
0.9716057181358337,0
2.4487392902374268,0
1.0696113109588623,0
1.0097765922546387,0
1.0049607753753662,0
1.0029642581939697,0
1.0991586446762085,0
1.142836332321167,0
1.3297293186187744,0
1.4107253551483154,0
1.345717430114746,0
1.1581827402114868,0
0.9559474587440491,0
1.0321235656738281,0
1.0375266075134277,0
1.0460894107818604,0
1.0271506309509277,0
1.0419987440109253,0
2.813417673110962,0
1.7143651247024536,0
1.0438636541366577,0
1.0955884456634521,0
1.19023859500885,0
1.0020530223846436,0
1.1450473070144653,0
0.972055196762085,0
1.037044882774353,0
1.043516755104065,0
1.0788650512695312,0
0.9917638301849365,0
1.175062656402588,0
1.0863441228866577,0
0.953088104724884,0
1.015549898147583,0
0.9932287931442261,0
1.0532366037368774,0
0.9987359046936035,0
1.3342536687850952,0
1.1023571491241455,0
0.9452381134033203,0
1.1809077262878418,0
0.9980147480964661,0
0.975277841091156,0
0.9882083535194397,0
1.1470348834991455,0
1.0016429424285889,0
1.0471866130828857,0
1.1166560649871826,0
0.9396825432777405,0
0.9950622916221619,0
0.9927210211753845,0
1.0461783409118652,0
1.2738205194473267,0
1.006404995918274,0
1.47267746925354,0
0.9923707246780396,0
1.0157963037490845,0
1.178958535194397,0
1.0420550107955933,0
1.4219903945922852,0
1.0460991859436035,0
1.0718824863433838,0
1.0088330507278442,0
1.0150480270385742,0
1.0024845600128174,0
1.2618135213851929,0
1.004400610923767,0
1.0432713031768799,0
0.9794009923934937,0
1.0926716327667236,0
1.0349122285842896,0
1.16472589969635,0
0.993636965751648,0
0.9904168844223022,0
1.2222590446472168,0
1.0315991640090942,0
1.0371148586273193,0
1.2337424755096436,0
1.1506643295288086,0
1.4114874601364136,0
1.0159904956817627,0
1.1301724910736084,0
0.980393648147583,0
1.0516135692596436,0
1.063938021659851,0
1.1085608005523682,0
1.038722038269043,0
1.0270379781723022,0
1.0736466646194458,0
0.9799990653991699,0
0.9838303327560425,0
1.02499258518219,0
2.571990728378296,0
108.15164184570312,0
1.1581157445907593,0
1.0997968912124634,0
1.2475885152816772,0
1.4257714748382568,0
1.3180688619613647,0
1.034879446029663,0
1.1866729259490967,0
1.0666800737380981,0
0.9869185090065002,0
1.060817837715149,0
1.2190040349960327,0
1.0140103101730347,0
1.0779871940612793,0
0.9545946717262268,0
1.026138424873352,0
1.2617104053497314,0
1.0365437269210815,0
1.2060422897338867,0
1.2548401355743408,0
1.032585620880127,0
1.0318700075149536,0
1.0638965368270874,0
1.0336331129074097,0
1.0149513483047485,0
1.0517287254333496,0
0.9920076727867126,0
0.9603174924850464,0
1.1575095653533936,0
1.0560624599456787,0
1.073734164237976,0
1.1446996927261353,0
1.2992942333221436,0
1.106400728225708,0
1.0180805921554565,0
0.9406657218933105,0
1.014420747756958,0
0.9663452506065369,0
1.4834017753601074,0
0.9997102618217468,0
1.0790337324142456,0
1.2860304117202759,0
1.0396085977554321,0
1.1773945093154907,0
1.0235496759414673,0
1.9208909273147583,0
1.0084317922592163,0
1.0647079944610596,0
1.1092077493667603,0
1.0707507133483887,0
1.5199968814849854,0
1.0295857191085815,0
1.2126156091690063,0
1.06019127368927,0
0.9746641516685486,0
1.1013106107711792,0
0.9910708665847778,0
1.0747448205947876,0
1.0343550443649292,0
1.0199800729751587,0
1.025688886642456,0
0.9958343505859375,0
1.0799120664596558,0
1.089732050895691,0
1.2486673593521118,0
1.1578600406646729,0
0.9926494359970093,0
1.1430623531341553,0
1.1205352544784546,0
1.1615921258926392,0
1.0198930501937866,0
1.033423900604248,0
1.1551457643508911,0
1.005070686340332,0
1.0534353256225586,0
1.0239766836166382,0
1.023410677909851,0
1.0209318399429321,0
0.9803070425987244,0
1.127942681312561,0
1.0020970106124878,0
0.9879090189933777,0
1.121876835823059,0
1.072242021560669,0
0.9452817440032959,0
0.9998559355735779,0
1.2262026071548462,0
0.9991785883903503,0
1.0984656810760498,0
1.1256617307662964,0
1.049187183380127,0
2.2717316150665283,0
1.2665692567825317,0
1.0435724258422852,0
0.9831244945526123,0
0.9917551875114441,0
1.0671563148498535,0
1.0381243228912354,0
1.0911282300949097,0
1.053395390510559,0
1.1807693243026733,0
1.395956039428711,0
82.86882781982422,0
1.1778233051300049,0
1.021583914756775,0
0.9876255393028259,0
0.9727656841278076,0
2.0867502689361572,0
0.9828553199768066,0
1.0206876993179321,0
1.0720678567886353,0
1.0154523849487305,0
0.9459688067436218,0
1.0217770338058472,0
0.988925039768219,0
1.358486533164978,0
1.104601502418518,0
1.0104955434799194,0
47.157142639160156,0
1.430665135383606,0
1.1924721002578735,0
1.0200785398483276,0
1.013358473777771,0
1.0733914375305176,0
1.0686615705490112,0
0.9832452535629272,0
1.035378098487854,0
0.9912717342376709,0
1.2869216203689575,0
1.2188578844070435,0
1.1744951009750366,0
1.3424327373504639,0
0.9974402189254761,0
0.9754773378372192,0
1.008690357208252,0
0.9967783093452454,0
1.0834031105041504,0
1.0882642269134521,0
1.115601897239685,0
1.1850227117538452,0
0.9674348831176758,0
1.019034743309021,0
0.9913918972015381,0
1.0969281196594238,0
1.0582375526428223,0
0.9869943857192993,0
1.0853862762451172,0
1.08292818069458,0
1.1642093658447266,0
1.0672011375427246,0
1.0568981170654297,0
0.9920114278793335,0
1.0663180351257324,0
1.187760591506958,0
0.9683061838150024,0
1.0225574970245361,0
1.0004538297653198,0
1.0043169260025024,0
1.0065802335739136,0
1.025374174118042,0
1.5081334114074707,0
1.2409993410110474,0
1.0206693410873413,0
0.9657077789306641,0
2.813417673110962,0
1.2861361503601074,0
0.988721489906311,0
0.9953457117080688,0
1.0948868989944458,0
1.0058752298355103,0
1.497714638710022,0
0.9695211052894592,0
1.1282862424850464,0
0.9791924357414246,0
1.0283643007278442,0
0.9824120402336121,0
1.0428118705749512,0
1.0761423110961914,0
1.0008256435394287,0
1.2371565103530884,0
1.0982556343078613,0
1.018047571182251,0
3.5159783363342285,0
1.0025840997695923,0
1.0985805988311768,0
0.9619149565696716,0
1.0240947008132935,0
1.031409740447998,0
1.027845859527588,0
1.00529944896698,0
1.012777328491211,0
1.0298000574111938,0
1.1216202974319458,0
1.1852612495422363,0
1.1722397804260254,0
1.162895917892456,0
1.0539195537567139,0
0.9842967391014099,0
1.1141681671142578,0
1.2385449409484863,0
1.1174262762069702,0
0.9814535975456238,0
0.990998387336731,0
1.001583456993103,0
1.104018211364746,0
1.0031877756118774,0
1.0691412687301636,0
1.1412954330444336,0
1.1358119249343872,0
1.1174530982971191,0
1.3931635618209839,0
0.9914888739585876,0
1.0016688108444214,0
0.9992436766624451,0
1.0110403299331665,0
1.0549240112304688,0
1.0985723733901978,0
1.1674991846084595,0
1.105663537979126,0
1.8386555910110474,0
0.983178436756134,0
1.1738358736038208,0
0.9767558574676514,0
1.0207551717758179,0
1.0367181301116943,0
1.0944167375564575,0
0.9776531457901001,0
1.0855975151062012,0
1.0858497619628906,0
1.0097225904464722,0
0.9453918933868408,0
1.0123106241226196,0
1.6562762260437012,0
1.0411522388458252,0
1.192198634147644,0
0.9878502488136292,0
1.3117977380752563,0
0.960094690322876,0
1.3245116472244263,0
0.9768568277359009,0
1.0380377769470215,0
1.0209366083145142,0
1.6974586248397827,0
1.1900557279586792,0
1.0087757110595703,0
1.1002062559127808,0
1.0058106184005737,0
1.0335705280303955,0
1.8866751194000244,0
1.314460039138794,0
1.0199552774429321,0
1.040195345878601,0
0.9811108112335205,0
1.0040478706359863,0
1.1597223281860352,0
1.1400818824768066,0
0.9537070989608765,0
0.9948446750640869,0
1.051225185394287,0
0.9825392365455627,0
1.1008464097976685,0
0.9576320648193359,0
1.0963630676269531,0
1.0201547145843506,0
1.052721619606018,0
1.490932822227478,0
1.0186114311218262,0
1.0421741008758545,0
1.0998252630233765,0
1.0079410076141357,0
1.186513066291809,0
1.0338376760482788,0
1.1126537322998047,0
1.056045651435852,0
0.9785123467445374,0
0.988623321056366,0
0.9674756526947021,0
3.755629301071167,0
0.9950667023658752,0
1.0786538124084473,0
1.0346453189849854,0
1.0329201221466064,0
1.1656792163848877,0
1.022247076034546,0
1.4867832660675049,0
0.9864451885223389,0
1.0,0
1.052211880683899,0
0.9768612384796143,0
1.6578869819641113,0
1.1196547746658325,0
1.056311011314392,0
0.9998819828033447,0
1.0740225315093994,0
0.9681355357170105,0
1.0968979597091675,0
1.1929547786712646,0
1.0895315408706665,0
1.0026453733444214,0
0.9645992517471313,0
1.0162252187728882,0
1.0499705076217651,0
0.9828448295593262,0
1.0232131481170654,0
0.9969350695610046,0
1.0469509363174438,0
0.9706124663352966,0
1.0197092294692993,0
1.0210050344467163,0
1.2047394514083862,0
1.016708254814148,0
0.95722496509552,0
1.004086971282959,0
0.9643889665603638,0
0.9807993769645691,0
0.9928853511810303,0
1.0782551765441895,0
0.9788498282432556,0
1.0110749006271362,0
1.0678794384002686,0
1.921579122543335,0
1.0021613836288452,0
1.313333511352539,0
0.9792463183403015,0
1.1810405254364014,0
0.9885786771774292,0
1.1985986232757568,0
0.9848035573959351,0
1.096583366394043,0
1.0122392177581787,0
0.9849883913993835,0
0.9755380749702454,0
1.057790994644165,0
0.9861848950386047,0
1.096491813659668,0
1.0010319948196411,0
0.9829449653625488,0
1.025678277015686,0
0.9830306172370911,0
1.0403566360473633,0
0.9779225587844849,0
1.01174795627594,0
1.0004714727401733,0
0.9974488019943237,0
1.2077535390853882,0
0.95836341381073,0
0.9621399641036987,0
1.0165029764175415,0
1.0744825601577759,0
1.0031877756118774,0
1.1832877397537231,0
1.2980540990829468,0
1.2692954540252686,0
1.0050475597381592,0
1.4880317449569702,0
0.970399022102356,0
1.077755331993103,0
1.2084869146347046,0
1.940436840057373,0
1.0479704141616821,0
1.0520086288452148,0
1.7832810878753662,0
1.144065499305725,0
1.0329328775405884,0
1.0318151712417603,0
1.2550127506256104,0
1.0179035663604736,0
0.981759786605835,0
1.1193450689315796,0
1.0542078018188477,0
1.0982818603515625,0
0.9862768650054932,0
0.9892854690551758,0
1.1190060377120972,0
1.1731250286102295,0
1.048978567123413,0
0.9797623157501221,0
1.1579797267913818,0
1.2094178199768066,0
1.005348801612854,0
1.0311239957809448,0
1.037582278251648,0
0.9490307569503784,0
1.0275150537490845,0
1.0350327491760254,0
0.9975566864013672,0
1.615705966949463,0
1.0217134952545166,0
1.0771154165267944,0
0.9728893637657166,0
1.0314137935638428,0
38.81135177612305,0
1.1440507173538208,0
0.9938836097717285,0
0.9753991961479187,0
1.203588604927063,0
0.9999882578849792,0
0.9821220636367798,0
0.9715707898139954,0
1.0105232000350952,0
0.9817591905593872,0
0.997170090675354,0
1.2081148624420166,0
0.9562559127807617,0
1.392543077468872,0
1.1410226821899414,0
1.1286042928695679,0
1.0037221908569336,0
0.9991779923439026,0
1.2906508445739746,0
1.5226967334747314,0
1.0676966905593872,0
1.027726173400879,0
0.9907020926475525,0
1.0305787324905396,0
1.2441805601119995,0
1.1918108463287354,0
0.9783701300621033,0
1.415440559387207,0
1.0007963180541992,0
1.048197865486145,0
1.1316946744918823,0
1.2366986274719238,0
1.098982334136963,0
0.9823110699653625,0
1.0935728549957275,0
0.9801000356674194,0
0.977847158908844,0
0.9778176546096802,0
0.9730517864227295,0
1.0459078550338745,0
0.9081869125366211,0
0.9988054037094116,0
0.9830119609832764,0
1.0171995162963867,0
1.093308448791504,0
0.9549317359924316,0
1.1383744478225708,0
0.9893421530723572,0
1.048499584197998,0
1.0372613668441772,0
1.0475265979766846,0
1.113296389579773,0
1.0734212398529053,0
0.984266996383667,0
1.0868184566497803,0
0.9436430931091309,0
1.6508312225341797,0
0.9816098809242249,0
1.0,0
0.9967200756072998,0
1.0282284021377563,0
1.2264074087142944,0
1.1008129119873047,0
1.5002110004425049,0
0.9969616532325745,0
0.9813776612281799,0
1.0137600898742676,0
0.9319157600402832,0
1.104605793952942,0
0.9917003512382507,0
1.0835869312286377,0
1.2081632614135742,0
1.0254849195480347,0
1.1408970355987549,0
1.2496941089630127,0
1.4177839756011963,0
1.1239631175994873,0
1.245623230934143,0
0.9796226024627686,0
1.2394652366638184,0
1.0674059391021729,0
1.1592342853546143,0
1.1838810443878174,0
2.1575162410736084,0
1.031202793121338,0
0.9888374209403992,0
1.5650352239608765,0
1.0051430463790894,0
1.009893536567688,0
1.1991924047470093,0
1.4428586959838867,0
0.9779418706893921,0
1.2368406057357788,0
1.1128097772598267,0
1.1082277297973633,0
1.1577229499816895,0
1.0331906080245972,0
1.0275447368621826,0
1.274824619293213,0
1.003293752670288,0
1.4875123500823975,0
1.0302367210388184,0
1.1197227239608765,0
1.2207974195480347,0
1.1855534315109253,0
0.9956874847412109,0
1.3190462589263916,0
0.9734789729118347,0
1.1605898141860962,0
1.18374502658844,0
1.0717628002166748,0
0.9894736409187317,0
1.0969222784042358,0
1.0280265808105469,0
1.3670598268508911,0
0.9785138368606567,0
1.1072893142700195,0
1.0288866758346558,0
1.0691207647323608,0
1.0438153743743896,0
1.0970953702926636,0
1.0192878246307373,0
1.0145848989486694,0
1.4408988952636719,0
1.3004307746887207,0
0.9624239802360535,0
0.9883653521537781,0
0.9985558390617371,0
1.0443841218948364,0
1.0208280086517334,0
0.9687751531600952,0
1.0088785886764526,0
0.9948135018348694,0
1.0106620788574219,0
1.1816083192825317,0
1.0767103433609009,0
1.0389295816421509,0
1.0241351127624512,0
1.2377816438674927,0
1.092710256576538,0
1.2169535160064697,0
1.01622474193573,0
1.0102543830871582,0
0.9752577543258667,0
1.0070594549179077,0
1.104757308959961,0
1.041140079498291,0
1.1936707496643066,0
0.9771068692207336,0
1.0319151878356934,0
1.0064283609390259,0
0.999647855758667,0
1.0018573999404907,0
1.1255781650543213,0
1.0437374114990234,0
1.1566364765167236,0
1.065814733505249,0
1.0390557050704956,0
1.0685657262802124,0
1.0232362747192383,0
1.0245683193206787,0
1.0268305540084839,0
1.1008052825927734,0
1.6315934658050537,0
1.2274948358535767,0
1.2219972610473633,0
1.0303833484649658,0
0.9968739151954651,0
1.1234827041625977,0
0.9803903698921204,0
0.9885982275009155,0
0.9617106318473816,0
0.9980147480964661,0
0.9909274578094482,0
1.005531668663025,0
1.0208662748336792,0
1.5760385990142822,0
1.0231845378875732,0
1.0299121141433716,0
1.6826204061508179,0
1.0359994173049927,0
1.0324140787124634,0
1.309954047203064,0
1.1059932708740234,0
1.1263236999511719,0
1.2793700695037842,0
1.0069284439086914,0
1.1910827159881592,0
3.5116755962371826,0
0.9657673239707947,0
1.0751034021377563,0
1.0600239038467407,0
1.3481470346450806,0
1.044861078262329,0
0.96933513879776,0
2.380798101425171,0
2.0659728050231934,0
1.065903902053833,0
1.20137619972229,0
1.102876901626587,0
1.0352318286895752,0
1.207390546798706,0
1.0477956533432007,0
1.050606369972229,0
1.0019649267196655,0
1.1407614946365356,0
1.0111585855484009,0
1.2579991817474365,0
1.2169344425201416,0
1.038534164428711,0
1.009488821029663,0
0.9967318177223206,0
0.9714524149894714,0
1.2027587890625,0
1.1703052520751953,0
1.0163739919662476,0
1.0165044069290161,0
1.41224205493927,0
1.1553595066070557,0
1.080965280532837,0
1.0217770338058472,0
1.0918227434158325,0
1.0811641216278076,0
1.0745209455490112,0
1.0510653257369995,0
0.9950101375579834,0
1.164615273475647,0
1.0846753120422363,0
1.086875319480896,0
0.9763253927230835,0
1.014175295829773,0
0.9575424194335938,0
1.1767780780792236,0
1.4664093255996704,0
0.9854503870010376,0
1.3400880098342896,0
1.0828531980514526,0
1.0877299308776855,0
0.9885455369949341,0
1.5377840995788574,0
0.9921274781227112,0
1.0440434217453003,0
1.0012024641036987,0
0.967129111289978,0
1.002684473991394,0
1.1840589046478271,0
1.0653445720672607,0
1.3977782726287842,0
1.0087722539901733,0
1.1006340980529785,0
1.0378509759902954,0
1.0517160892486572,0
1.1171088218688965,0
1.057430386543274,0
1.0975755453109741,0
1.1249310970306396,0
1.0763497352600098,0
0.9846030473709106,0
1.1188716888427734,0
1.0709586143493652,0
1.0044136047363281,0
1.0200817584991455,0
1.1628286838531494,0
1.0140464305877686,0
1.1185282468795776,0
1.2148452997207642,0
1.0196661949157715,0
1.3296161890029907,0
1.000564694404602,0
1.1978137493133545,0
1.3443905115127563,0
1.0358210802078247,0
1.0781344175338745,0
0.9915967583656311,0
1.021120548248291,0
1.1407290697097778,0
1.0311789512634277,0
1.2075737714767456,0
1.012140154838562,0
1.0065219402313232,0
1.0314656496047974,0
1.026606559753418,0
1.121086835861206,0
1.0257383584976196,0
0.9882778525352478,0
1.0610320568084717,0
0.9934496879577637,0
1.1102845668792725,0
1.018151879310608,0
1.2592511177062988,0
1.1667171716690063,0
0.9751001596450806,0
1.1871947050094604,0
1.0623668432235718,0
0.9995825886726379,0
1.0368332862854004,0
1.0601197481155396,0
1.0475373268127441,0
0.9358655214309692,0
0.9912851452827454,0
1.0100963115692139,0
1.059401273727417,0
1.3400880098342896,0
1.204972267150879,0
1.029114842414856,0
1.1009093523025513,0
1.0074657201766968,0
1.1570098400115967,0
1.005763292312622,0
1.0928775072097778,0
0.9901521801948547,0
1.0271857976913452,0
1.1655632257461548,0
0.9847897887229919,0
1.0901336669921875,0
1.0283068418502808,0
1.0031594038009644,0
0.9899170994758606,0
1.0454460382461548,0
1.0190426111221313,0
1.0523000955581665,0
0.9637882709503174,0
1.0116612911224365,0
1.2950329780578613,0
1.0740728378295898,0
1.1034214496612549,0
1.0244725942611694,0
0.9920114278793335,0
1.6276984214782715,0
1.5655298233032227,0
0.9798080325126648,0
0.9704018235206604,0
1.1943739652633667,0
1.016168236732483,0
1.1085362434387207,0
1.1407887935638428,0
1.6586189270019531,0
1.008495807647705,0
1.0118769407272339,0
1.241312026977539,0
1.2535308599472046,0
1.011788010597229,0
1.0888890027999878,0
1.1271061897277832,0
1.0195339918136597,0
1.0417526960372925,0
1.0266635417938232,0
1.0221108198165894,0
0.9930909276008606,0
1.0107142925262451,0
0.9806460738182068,0
1.0104585886001587,0
1.0032490491867065,0
1.0049020051956177,0
1.2298144102096558,0
1.7522311210632324,0
1.0410068035125732,0
0.9597484469413757,0
1.0779304504394531,0
0.9474754929542542,0
0.9887401461601257,0
0.990096390247345,0
1.0182956457138062,0
1.0217669010162354,0
1.0716248750686646,0
1.1277947425842285,0
1.100135326385498,0
1.0034829378128052,0
1.1291728019714355,0
2.5964083671569824,0
1.0166361331939697,0
0.9834190011024475,0
0.9818078279495239,0
1.6810733079910278,0
1.1036068201065063,0
0.9933410286903381,0
1.4478040933609009,0
1.0158833265304565,0
1.052857518196106,0
1.5586607456207275,0
1.1283233165740967,0
1.0135319232940674,0
1.0743235349655151,0
1.0752370357513428,0
1.0625755786895752,0
1.0030674934387207,0
0.9733222723007202,0
1.1401922702789307,0
1.0154666900634766,0
0.9887300729751587,0
1.0511868000030518,0
1.425451636314392,0
1.195749044418335,0
0.9421696066856384,0
1.0463013648986816,0
1.5219067335128784,0
1.0972274541854858,0
1.0434598922729492,0
1.3260716199874878,0
0.9944041967391968,0
1.2182637453079224,0
1.0445103645324707,0
1.0282857418060303,0
1.075101375579834,0
1.0670411586761475,0
1.095097303390503,0
1.002119779586792,0
1.0415351390838623,0
1.0686941146850586,0
1.0165687799453735,0
1.0177383422851562,0
1.0199388265609741,0
1.0381548404693604,0
1.0801392793655396,0
1.0077825784683228,0
1.0105968713760376,0
1.026290774345398,0
1.0629388093948364,0
1.0056437253952026,0
1.21165132522583,0
1.134247064590454,0
1.0091173648834229,0
1.5364078283309937,0
1.074212908744812,0
1.0636910200119019,0
1.0300174951553345,0
2.817441463470459,0
1.0751067399978638,0
1.1009926795959473,0
1.0252716541290283,0
1.1377818584442139,0
0.9950000047683716,0
1.0601824522018433,0
1.0132966041564941,0
0.9964993000030518,0
1.1397329568862915,0
1.020942211151123,0
1.2445975542068481,0
0.9950059056282043,0
1.433115839958191,0
1.086363673210144,0
1.2218198776245117,0
1.0108577013015747,0
1.0783952474594116,0
1.0367921590805054,0
1.3356200456619263,0
1.054656982421875,0
1.009687900543213,0
1.013290524482727,0
1.0831453800201416,0
1.010853886604309,0
1.2200901508331299,0
1.0929169654846191,0
1.3078941106796265,0
1.3027698993682861,0
1.207557201385498,0
1.8501152992248535,0
1.0060102939605713,0
0.9994145035743713,0
1.2386049032211304,0
1.0819709300994873,0
0.9739201068878174,0
1.0651487112045288,0
1.036912202835083,0
1.0095765590667725,0
1.1209627389907837,0
0.9841031432151794,0
1.135871171951294,0
1.0134873390197754,0
1.0000343322753906,0
0.984535813331604,0
0.9610645771026611,0
1.263318419456482,0
1.268972635269165,0
1.0253654718399048,0
1.182265043258667,0
0.9799688458442688,0
1.3243170976638794,0
2.2909586429595947,0
1.0606327056884766,0
1.485263705253601,0
0.9914348125457764,0
1.1001044511795044,0
1.0770608186721802,0
1.3626230955123901,0
1.2283483743667603,0
1.0042937994003296,0
1.093785285949707,0
1.071087121963501,0
1.1626225709915161,0
1.0523579120635986,0
0.9570013284683228,0
1.0300827026367188,0
1.1693689823150635,0
1.5061354637145996,0
1.0501115322113037,0
1.0903394222259521,0
1.219980001449585,0
0.9929872751235962,0
1.00835120677948,0
0.9974611401557922,0
0.9807557463645935,0
0.9928188323974609,0
1.022943377494812,0
1.4339760541915894,0
0.9746617674827576,0
0.9925963282585144,0
1.5137085914611816,0
1.0655322074890137,0
1.1125355958938599,0
1.1727021932601929,0
1.0472232103347778,0
0.9796651601791382,0
1.0238964557647705,0
1.0492125749588013,0
1.008606195449829,0
1.008830189704895,0
1.551635980606079,0
0.9822964668273926,0
1.0987790822982788,0
1.0636917352676392,0
1.066028118133545,0
1.007897973060608,0
1.1076797246932983,0
1.0077755451202393,0
1.0002362728118896,0
0.994329035282135,0
1.1089121103286743,0
1.0099782943725586,0
1.060397982597351,0
1.0491878986358643,0
0.9780548214912415,0
0.9927788972854614,0
1.1330653429031372,0
1.0507563352584839,0
1.0557324886322021,0
0.9925940036773682,0
1.2435908317565918,0
1.066165566444397,0
0.9819144010543823,0
1.2535115480422974,0
0.9153155088424683,0
1.0139455795288086,0
1.0538599491119385,0
0.9950000047683716,0
1.1029778718948364,0
1.1476237773895264,0
1.0286219120025635,0
0.9877662062644958,0
1.4508980512619019,0
1.0970581769943237,0
1.8578394651412964,0
1.2667866945266724,0
0.9416988492012024,0
1.2625372409820557,0
0.9801968932151794,0
1.1261872053146362,0
0.9925241470336914,0
1.0098652839660645,0
450.3414001464844,0
1.005510687828064,0
1.304040551185608,0
1.0089876651763916,0
1.0034412145614624,0
1.2588636875152588,0
1.0641974210739136,0
1.2098255157470703,0
1.0878212451934814,0
1.2410409450531006,0
1.1064820289611816,0
0.9742087125778198,0
1.187578797340393,0
0.9872521162033081,0
1.0098282098770142,0
1.0939900875091553,0
1.029888391494751,0
1.0394096374511719,0
2.813417673110962,0
1.1515952348709106,0
1.1496074199676514,0
1.0156073570251465,0
1.1072076559066772,0
1.027854084968567,0
1.0396184921264648,0
1.0263044834136963,0
1.2928414344787598,0
1.0385444164276123,0
1.0362083911895752,0
1.0229766368865967,0
1.0822885036468506,0
0.9797623157501221,0
0.9784423112869263,0
0.9837271571159363,0
1.0365521907806396,0
1.1330357789993286,0
1.071103572845459,0
1.0330058336257935,0
0.9445635676383972,0
1.3128423690795898,0
1.006187915802002,0
1.9674904346466064,0
1.3285990953445435,0
0.9764004349708557,0
1.0516752004623413,0
0.9750676155090332,0
1.0049009323120117,0
1.0383955240249634,0
0.9751991033554077,0
0.9959063529968262,0
0.9425449967384338,0
1.168251872062683,0
1.009985327720642,0
1.1351057291030884,0
0.9880427718162537,0
1.234010934829712,0
1.039014220237732,0
2.698028802871704,0
1.0067564249038696,0
1.1438062191009521,0
0.9774498343467712,0
1.1468356847763062,0
1.0134259462356567,0
0.9381833672523499,0
1.0998328924179077,0
1.0136687755584717,0
0.9714462161064148,0
1.0150675773620605,0
0.9876170754432678,0
1.0156363248825073,0
0.9910256862640381,0
1.1670137643814087,0
1.368638038635254,0
1.1683034896850586,0
1.148820400238037,0
0.9930925965309143,0
1.0676350593566895,0
1.0066454410552979,0
0.9890289902687073,0
1.0183048248291016,0
1.0289820432662964,0
1.0678794384002686,0
0.9808362722396851,0
1.0335187911987305,0
0.9810839295387268,0
1.0313910245895386,0
1.1385221481323242,0
1.1982638835906982,0
1.7534247636795044,0
0.9826744198799133,0
1.43221914768219,0
1.0789477825164795,0
0.9623943567276001,0
1.2600452899932861,0
1.1168969869613647,0
1.0110430717468262,0
0.99034184217453,0
1.17415452003479,0
1.1182535886764526,0
1.0721114873886108,0
1.3329461812973022,0
1.4296458959579468,0
1.0019853115081787,0
0.9801981449127197,0
1.0673065185546875,0
1.0116236209869385,0
0.9847142100334167,0
1.0806443691253662,0
1.0150560140609741,0
1.031477451324463,0
1.3294682502746582,0
1.0255725383758545,0
1.0264743566513062,0
0.9897348284721375,0
1.0108604431152344,0
1.1173970699310303,0
1.0552104711532593,0
0.9892741441726685,0
1.0152772665023804,0
2.5352094173431396,0
1.0400114059448242,0
1.038069248199463,0
1.0074177980422974,0
1.0050926208496094,0
0.9675188064575195,0
1.3574681282043457,0
0.9978413581848145,0
0.9793490767478943,0
1.0667575597763062,0
1.1479525566101074,0
1.0496925115585327,0
1.1884599924087524,0
1.0655347108840942,0
1.0494757890701294,0
1.2317066192626953,0
0.95836341381073,0
1.027370572090149,0
1.1859689950942993,0
1.088339924812317,0
1.0785435438156128,0
1.2076842784881592,0
2.8087270259857178,0
2.1255264282226562,0
1.025452733039856,0
1.0555697679519653,0
0.9990096688270569,0
1.0428587198257446,0
1.0099164247512817,0
1.1192224025726318,0
1.043822169303894,0
0.9993128180503845,0
1.0651025772094727,0
1.006749153137207,0
1.1712270975112915,0
1.0225422382354736,0
1.023557186126709,0
0.9623943567276001,0
1.1134051084518433,0
1.0611252784729004,0
1.2395868301391602,0
1.0077871084213257,0
1.3826889991760254,0
1.0477657318115234,0
1.0240108966827393,0
1.007386565208435,0
1.034173846244812,0
1.230666160583496,0
0.954788088798523,0
1.009110927581787,0
1.0785466432571411,0
0.965748131275177,0
0.9856758713722229,0
1.0838361978530884,0
0.9841830730438232,0
1.1491636037826538,0
1.0347473621368408,0
1.1326355934143066,0
1.113239049911499,0
1.1495572328567505,0
1.5171761512756348,0
1.0012651681900024,0
0.9940382242202759,0
1.0502759218215942,0
1.2442067861557007,0
1.009264588356018,0
1.1926021575927734,0
1.0449196100234985,0
1.0742924213409424,0
1.0031834840774536,0
1.074505090713501,0
1.000148892402649,0
1.0685114860534668,0
1.043025255203247,0
1.0205786228179932,0
0.9671384692192078,0
0.9809598922729492,0
0.9708320498466492,0
1.0934520959854126,0
0.987202525138855,0
1.215469241142273,0
1.0902808904647827,0
1.1577389240264893,0
1.1404144763946533,0
1.0213611125946045,0
0.9660022258758545,0
1.0060207843780518,0
1.0544545650482178,0
1.0213345289230347,0
1.1535786390304565,0
1.048884391784668,0
1.2679108381271362,0
1.0046226978302002,0
1.0498206615447998,0
1.0683794021606445,0
1.0472992658615112,0
0.9898332953453064,0
1.2411065101623535,0
1.0869594812393188,0
1.0368378162384033,0
1.0178890228271484,0
1.100583791732788,0
1.0945789813995361,0
1.1710727214813232,0
1.1778072118759155,0
0.9971297979354858,0
1.0431275367736816,0
0.9633336663246155,0
1.0644172430038452,0
3.7587344646453857,0
1.1637541055679321,0
1.0193532705307007,0
1.0407731533050537,0
1.1297893524169922,0
1.048093318939209,0
1.376987099647522,0
1.135895848274231,0
1.0794885158538818,0
0.9829453825950623,0
1.123091220855713,0
0.9623943567276001,0
1.1613842248916626,0
1.1458561420440674,0
1.5190075635910034,0
1.1195785999298096,0
0.947695791721344,0
1.2097229957580566,0
0.9863878488540649,0
1.6834712028503418,0
1.0863820314407349,0
1.0495250225067139,0
1.0965991020202637,0
1.067523717880249,0
1.0003408193588257,0
1.0534214973449707,0
1.0380263328552246,0
1.0277845859527588,0
1.1734107732772827,0
0.9872746467590332,0
0.9584412574768066,0
2.6703388690948486,0
0.9977304935455322,0
1.1275314092636108,0
1.1067578792572021,0
1.0775237083435059,0
1.1921862363815308,0
1.1972360610961914,0
0.9626080393791199,0
1.1930599212646484,0
1.0855728387832642,0
1.067714810371399,0
1.0428493022918701,0
1.0217336416244507,0
1.0819557905197144,0
1.0728521347045898,0
1.082962989807129,0
0.9686794877052307,0
1.0067404508590698,0
1.2690266370773315,0
1.1529523134231567,0
1.0298751592636108,0
1.199434518814087,0
1.0156033039093018,0
0.9888291954994202,0
0.9714965224266052,0
0.9681494832038879,0
1.016015648841858,0
1.0864466428756714,0
1.0331041812896729,0
1.0489615201950073,0
1.001950740814209,0
0.9634373188018799,0
0.9893786907196045,0
1.0092793703079224,0
0.9695631861686707,0
1.0736784934997559,0
1.1816655397415161,0
1.0240956544876099,0
1.0529168844223022,0
1.001145601272583,0
1.098513126373291,0
1.1951830387115479,0
1.146604299545288,0
1.1219764947891235,0
1.1411378383636475,0
0.9768203496932983,0
0.999687671661377,0
1.0735273361206055,0
1.1567260026931763,0
1.1740643978118896,0
4.009199619293213,0
1.033747911453247,0
1.0494836568832397,0
1.0392906665802002,0
1.015434741973877,0
1.0941776037216187,0
1.0220319032669067,0
1.1370902061462402,0
1.252265214920044,0
1.0423794984817505,0
1.1233211755752563,0
1.0806121826171875,0
0.9943408966064453,0
1.039085030555725,0
1.2079071998596191,0
1.0004088878631592,0
1.22484290599823,0
1.0736762285232544,0
0.9406657218933105,0
1.038404107093811,0
0.9945034980773926,0
1.4581165313720703,0
1.2213612794876099,0
1.1555286645889282,0
1.05537748336792,0
1.0033795833587646,0
1.167040228843689,0
0.9877676963806152,0
1.5706044435501099,0
1.1196212768554688,0
1.1344176530838013,0
1.1812394857406616,0
1.9859644174575806,0
1.0420500040054321,0
1.042149543762207,0
1.1589415073394775,0
1.024141550064087,0
1.0659881830215454,0
1.0174586772918701,0
1.0077491998672485,0
1.1224985122680664,0
1.1899821758270264,0
1.0444574356079102,0
1.096391201019287,0
1.107731580734253,0
0.9648993015289307,0
1.0361193418502808,0
2.007323741912842,0
1.02122163772583,0
1.002406358718872,0
1.0017951726913452,0
1.0507714748382568,0
1.2042064666748047,0
1.2115517854690552,0
1.0935455560684204,0
1.056492567062378,0
1.0890134572982788,0
1.0214197635650635,0
1.1551315784454346,0
1.0027216672897339,0
0.9858767986297607,0
1.1812421083450317,0
1.007896065711975,0
0.9957525134086609,0
0.990204393863678,0
1.0803122520446777,0
1.0817750692367554,0
1.2025364637374878,0
1.010290265083313,0
0.9870233535766602,0
0.978715181350708,0
1.0316215753555298,0
1.0179463624954224,0
1.0046648979187012,0
1.0260953903198242,0
1.021428108215332,0
1.0421582460403442,0
2.1255264282226562,0
1.0744937658309937,0
1.0000674724578857,0
1.0001522302627563,0
1.192848801612854,0
1.1258453130722046,0
1.1283059120178223,0
0.9859296083450317,0
1.0770286321640015,0
0.9488946795463562,0
1.27214777469635,0
0.9666666388511658,0
1.0474460124969482,0
1.0089157819747925,0
1.1242603063583374,0
4.050022602081299,0
1.0523622035980225,0
1.043867826461792,0
1.02057683467865,0
0.9678104519844055,0
1.0632644891738892,0
1.1804900169372559,0
1.0999482870101929,0
0.9575424194335938,0
1.1036622524261475,0
0.9504244923591614,0
1.0817240476608276,0
1.3496978282928467,0
0.9610930681228638,0
1.1479864120483398,0
1.0432227849960327,0
1.05547034740448,0
0.9938743710517883,0
0.9756279587745667,0
3.061126232147217,0
0.9910935759544373,0
1.6508078575134277,0
0.9865326285362244,0
1.030124545097351,0
1.0770113468170166,0
1.0164101123809814,0
1.1004551649093628,0
1.164149284362793,0
1.024565577507019,0
0.9815719723701477,0
1.038621425628662,0
1.0365232229232788,0
0.9576006531715393,0
1.118835687637329,0
1.078127384185791,0
1.063925862312317,0
1.110328197479248,0
1.0074764490127563,0
1.09181809425354,0
1.0202116966247559,0
1.076403021812439,0
1.1076747179031372,0
1.071602702140808,0
1.0290437936782837,0
1.07152259349823,0
1.0369285345077515,0
0.9795284271240234,0
1.20500648021698,0
1.3277026414871216,0
5.005716800689697,0
1.0245349407196045,0
1.0420867204666138,0
1.0202374458312988,0
1.3312283754348755,0
0.9985032081604004,0
1.0649616718292236,0
1.02025306224823,0
1.104015588760376,0
1.3293026685714722,0
1.4952306747436523,0
1.0048693418502808,0
0.9798080325126648,0
1.0237382650375366,0
1.045333743095398,0
1.0031535625457764,0
1.2491825819015503,0
0.9650734066963196,0
1.0090075731277466,0
0.9622806906700134,0
1.1026719808578491,0
1.0260294675827026,0
0.9947256445884705,0
1.1733916997909546,0
0.9913431406021118,0
1.138612985610962,0
1.1936485767364502,0
1.3223596811294556,0
0.9775999784469604,0
0.992035984992981,0
1.114501714706421,0
1.0041821002960205,0
1.4777920246124268,0
1.0134094953536987,0
1.6057010889053345,0
0.9810751080513,0
1.0423461198806763,0
0.9508771300315857,0
0.9968451857566833,0
1.0698885917663574,0
1.0091344118118286,0
1.116273283958435,0
1.651473045349121,0
1.2607089281082153,0
0.997269868850708,0
1.3559637069702148,0
1.0387873649597168,0
1.0885422229766846,0
1.448984146118164,0
1.7649736404418945,0
0.9905372858047485,0
1.1124300956726074,0
1.0139721632003784,0
1.0440280437469482,0
1.0043290853500366,0
1.044293999671936,0
1.979322075843811,0
1.1107614040374756,0
1.0448510646820068,0
0.9756463170051575,0
0.9538037776947021,0
1.0741463899612427,0
0.9859050512313843,0
1.0178495645523071,0
1.0731834173202515,0
0.998207688331604,0
1.0396075248718262,0
0.9930641055107117,0
1.0734584331512451,0
1.0739680528640747,0
1.00576651096344,0
1.0442785024642944,0
1.1934468746185303,0
0.9876421093940735,0
0.9936339259147644,0
1.8118361234664917,0
1.008632779121399,0
1.0705697536468506,0
1.077903389930725,0
1.0222852230072021,0
1.0519700050354004,0
1.000990629196167,0
1.4103447198867798,0
1.0475564002990723,0
1.1621090173721313,0
1.0747638940811157,0
1.0149354934692383,0
1.7568622827529907,0
1.0123672485351562,0
1.0746434926986694,0
1.8573532104492188,0
1.0249346494674683,0
0.9538000226020813,0
0.9989185333251953,0
0.9659561514854431,0
1.036084771156311,0
1.033205509185791,0
1.0460280179977417,0
1.6315934658050537,0
1.0118240118026733,0
0.9622806906700134,0
1.3157280683517456,0
1.7030659914016724,0
1.3660610914230347,0
1.121522307395935,0
1.0190517902374268,0
1.0456464290618896,0
1.0676754713058472,0
0.9451759457588196,0
1.1027655601501465,0
1.0868167877197266,0
1.0333857536315918,0
1.0271600484848022,0
1.173746109008789,0
1.1229912042617798,0
1.0321446657180786,0
1.1099196672439575,0
1.0242770910263062,0
1.0362786054611206,0
1.0065155029296875,0
1.1427091360092163,0
3.472731828689575,0
1.1665630340576172,0
1.3272771835327148,0
1.5068066120147705,0
1.0068708658218384,0
0.9645243287086487,0
1.0412077903747559,0
1.0664124488830566,0
1.6065990924835205,0
0.9995974898338318,0
1.3732315301895142,0
1.0964531898498535,0
1.0314662456512451,0
1.1711629629135132,0
1.2047724723815918,0
1.0762066841125488,0
0.9825910925865173,0
1.0268821716308594,0
0.9465550184249878,0
0.9664879441261292,0
1.0983366966247559,0
0.9887883067131042,0
1.0544077157974243,0
1.2714240550994873,0
1.138843059539795,0
1.0538067817687988,0
1.031760573387146,0
1.3009241819381714,0
1.00124990940094,0
1.2132285833358765,0
1.2322509288787842,0
1.0596674680709839,0
0.9381833672523499,0
1.0105888843536377,0
1.071829080581665,0
1.0040298700332642,0
1.160856008529663,0
1.0255694389343262,0
1.1112803220748901,0
0.9543092846870422,0
1.060890555381775,0
1.758690357208252,0
0.9752047657966614,0
1.0384917259216309,0
1.0097466707229614,0
0.9768203496932983,0
0.94949871301651,0
1.7301512956619263,0
1.3423174619674683,0
1.0152630805969238,0
1.0383282899856567,0
1.0525225400924683,0
1.0033406019210815,0
1.0638313293457031,0
1.106156587600708,0
1.0017428398132324,0
1.0076971054077148,0
0.9787275791168213,0
1.0384682416915894,0
1.079615831375122,0
1.0095608234405518,0
1.0135667324066162,0
0.9949063658714294,0
1.0588995218276978,0
1.020592451095581,0
1.095643401145935,0
1.165160059928894,0
0.9935732483863831,0
0.996918797492981,0
1.054482340812683,0
1.0647796392440796,0
1.1403212547302246,0
0.9829784035682678,0
1.2260373830795288,0
1.0073137283325195,0
0.9656241536140442,0
1.1736195087432861,0
1.0260217189788818,0
0.9984458088874817,0
1.312979817390442,0
1.0018309354782104,0
1.3072705268859863,0
1.1673953533172607,0
0.9425449967384338,0
1.0417439937591553,0
1.0364117622375488,0
1.148477554321289,0
1.489824652671814,0
1.000435709953308,0
0.9825054407119751,0
2.817441463470459,0
1.0412678718566895,0
1.024220585823059,0
0.9917762279510498,0
1.0016837120056152,0
1.1605923175811768,0
1.159968614578247,0
1.2421714067459106,0
1.0144131183624268,0
1.1718363761901855,0
1.0610170364379883,0
1.0418778657913208,0
1.0,0
0.9964750409126282,0
1.0156025886535645,0
0.9917169213294983,0
0.9944531321525574,0
0.9798080325126648,0
0.9957359433174133,0
1.0142226219177246,0
1.1517951488494873,0
0.9798080325126648,0
1.095367431640625,0
1.0973719358444214,0
1.0255496501922607,0
1.0163451433181763,0
1.023378849029541,0
1.033535361289978,0
1.0264458656311035,0
0.9997538924217224,0
1.0599409341812134,0
0.9970479011535645,0
1.107318639755249,0
1.1296015977859497,0
1.0139721632003784,0
1.0210040807724,0
1.0137269496917725,0
1.445197343826294,0
1.0141249895095825,0
1.5499581098556519,0
0.9854797124862671,0
1.021712064743042,0
0.9799249172210693,0
1.0289723873138428,0
1.0890618562698364,0
1.0443636178970337,0
1.1912025213241577,0
1.0972594022750854,0
1.0233911275863647,0
1.0008896589279175,0
0.9940136671066284,0
0.9940800666809082,0
1.121252179145813,0
1.0543009042739868,0
1.0777713060379028,0
0.9477242231369019,0
1.0414509773254395,0
0.9797623157501221,0
1.1656173467636108,0
1.0868167877197266,0
1.0230836868286133,0
1.0889124870300293,0
1.0496892929077148,0
1.001959204673767,0
0.957831859588623,0
82.86882781982422,0
0.9978362321853638,0
0.9736406207084656,0
0.9727343916893005,0
1.020607590675354,0
1.0631937980651855,0
1.0363247394561768,0
1.0156716108322144,0
1.1903976202011108,0
1.1240217685699463,0
1.2166872024536133,0
0.9824554324150085,0
1.0300147533416748,0
2.3529269695281982,0
1.017637014389038,0
1.2194267511367798,0
1.1453460454940796,0
4.570391654968262,0
0.9968668818473816,0
1.0216666460037231,0
1.6469322443008423,0
0.95283442735672,0
1.2179962396621704,0
1.0239368677139282,0
1.0004310607910156,0
0.9454347491264343,0
1.0573381185531616,0
1.0902233123779297,0
0.9834190011024475,0
1.3736690282821655,0
1.0171918869018555,0
1.0984418392181396,0
0.9551241993904114,0
134.26820373535156,0
0.9832663536071777,0
1.1573729515075684,0
1.2162271738052368,0
1.1176679134368896,0
0.9925963878631592,0
1.1103016138076782,0
1.3459656238555908,0
1.0337430238723755,0
1.036084771156311,0
1.0445603132247925,0
1.2318798303604126,0
1.2308937311172485,0
1.1173394918441772,0
0.9967571496963501,0
1.0787229537963867,0
1.6515449285507202,0
1.165863037109375,0
1.0416735410690308,0
1.0410128831863403,0
1.274513840675354,0
1.105204701423645,0
1.0542614459991455,0
1.138115406036377,0
1.1997463703155518,0
1.0839966535568237,0
1.0342665910720825,0
1.0236384868621826,0
0.9926806688308716,0
1.060831904411316,0
1.094188928604126,0
1.152148723602295,0
1.1167457103729248,0
1.0257328748703003,0
1.0290780067443848,0
1.002017617225647,0
1.0340192317962646,0
2.065974712371826,0
1.1285384893417358,0
1.0443027019500732,0
1.0993473529815674,0
0.9888402223587036,0
1.1123051643371582,0
1.0526732206344604,0
1.0634772777557373,0
1.157414436340332,0
0.9628660082817078,0
1.3782439231872559,0
1.0115524530410767,0
1.031054973602295,0
1.4280474185943604,0
1.0350335836410522,0
1.1234312057495117,0
0.9285748600959778,0
0.9792769551277161,0
0.992501974105835,0
1.1012526750564575,0
1.0056228637695312,0
1.0393166542053223,0
1.194678544998169,0
1.2252484560012817,0
1.1471086740493774,0
1.0376237630844116,0
1.0108281373977661,0
1.165461540222168,0
1.0564558506011963,0
1.1438148021697998,0
0.9721795320510864,0
1.0309096574783325,0
1.2397290468215942,0
1.457200050354004,0
1.0559375286102295,0
1.1086654663085938,0
0.9700234532356262,0
1.0450787544250488,0
1.3811386823654175,0
0.9675752520561218,0
1.0519514083862305,0
0.9874558448791504,0
1.0338795185089111,0
1.0649248361587524,0
0.9378289580345154,0
1.0210986137390137,0
0.9877737760543823,0
1.1779639720916748,0
1.419787883758545,0
0.9953666925430298,0
1.0644241571426392,0
1.166245937347412,0
0.9921361804008484,0
2.813417673110962,0
1.059898018836975,0
1.2448539733886719,0
1.0970855951309204,0
0.9806955456733704,0
0.9782478213310242,0
1.5397369861602783,0
1.0281472206115723,0
0.9699881076812744,0
1.0396891832351685,0
1.0019234418869019,0
1.213477373123169,0
1.1609357595443726,0
1.8117091655731201,0
2.481219530105591,0
1.0469721555709839,0
1.0266376733779907,0
1.6295440196990967,0
0.9909565448760986,0
0.9876057505607605,0
1.2130095958709717,0
2.277921199798584,0
0.9879769086837769,0
1.1765035390853882,0
1.1444056034088135,0
1.3730076551437378,0
1.0579808950424194,0
1.0450661182403564,0
1.0116651058197021,0
1.0901985168457031,0
1.0044032335281372,0
0.9864640831947327,0
1.0506839752197266,0
0.9781824946403503,0
1.0556997060775757,0
1.0211848020553589,0
1.003670334815979,0
1.0164068937301636,0
1.1739308834075928,0
1.0543826818466187,0
1.0496174097061157,0
1.0371840000152588,0
0.9319157600402832,0
1.0735063552856445,0
1.0684205293655396,0
0.9729128479957581,0
1.2144523859024048,0
1.1326489448547363,0
1.1338099241256714,0
0.985529363155365,0
1.029025673866272,0
1.0574742555618286,0
1.0160467624664307,0
1.1044247150421143,0
0.9846590757369995,0
1.051622986793518,0
1.0322399139404297,0
1.9111545085906982,0
1.0268642902374268,0
1.2276757955551147,0
1.2138657569885254,0
0.9974367022514343,0
1.075770378112793,0
1.1182855367660522,0
1.1823451519012451,0
1.937861442565918,0
0.9692243933677673,0
2.277921199798584,0
0.9953999519348145,0
1.0661931037902832,0
1.0502315759658813,0
1.0217225551605225,0
1.1987301111221313,0
1.0218307971954346,0
1.1434969902038574,0
1.1267714500427246,0
1.1100528240203857,0
1.0172617435455322,0
1.0300052165985107,0
1.1872804164886475,0
0.9981749653816223,0
1.0110230445861816,0
1.025919795036316,0
1.1631968021392822,0
0.9675815105438232,0
1.010373830795288,0
1.017184853553772,0
1.05072021484375,0
1.0485551357269287,0
1.0808095932006836,0
1.124964714050293,0
0.9941666126251221,0
1.0521594285964966,0
1.0120617151260376,0
1.0572930574417114,0
0.9647186398506165,0
1.0269883871078491,0
1.116519808769226,0
1.0038732290267944,0
1.0985742807388306,0
1.074612021446228,0
82.86882781982422,0
1.0531690120697021,0
1.1448484659194946,0
1.0531529188156128,0
1.7117618322372437,0
0.9996627569198608,0
1.1799923181533813,0
1.3630218505859375,0
1.0327867269515991,0
0.9850972294807434,0
0.9910709261894226,0
1.1159056425094604,0
1.0584502220153809,0
1.0475908517837524,0
1.040279507637024,0
1.02382230758667,0
1.1959983110427856,0
1.0675770044326782,0
0.9782661199569702,0
1.239506483078003,0
1.2378673553466797,0
1.0022028684616089,0
1.1110769510269165,0
55.182044982910156,0
1.0079981088638306,0
1.132583737373352,0
1.0867310762405396,0
1.8508986234664917,0
0.9956908822059631,0
1.0817643404006958,0
0.9738759994506836,0
1.1002682447433472,0
0.9796093106269836,0
0.9973024129867554,0
0.972806990146637,0
5.858715534210205,0
1.0901179313659668,0
1.0907008647918701,0
1.0115026235580444,0
1.0200622081756592,0
1.0017906427383423,0
1.1802799701690674,0
1.0544430017471313,0
0.9987223744392395,0
2.086019277572632,0
1.2804977893829346,0
1.134723424911499,0
1.5143027305603027,0
1.0720096826553345,0
1.5558655261993408,0
1.179518699645996,0
1.1849536895751953,0
1.3883825540542603,0
1.0211201906204224,0
1.019609808921814,0
1.0261527299880981,0
1.0302237272262573,0
1.0365277528762817,0
1.0376379489898682,0
1.0469573736190796,0
0.9985954761505127,0
0.9901038408279419,0
1.028729796409607,0
0.9760926961898804,0
1.0457677841186523,0
1.216282606124878,0
1.1370693445205688,0
1.0692849159240723,0
1.0196369886398315,0
1.0000734329223633,0
1.1044915914535522,0
0.9953683018684387,0
1.0807136297225952,0
1.002362608909607,0
0.9672516584396362,0
47.72881317138672,0
0.9862819314002991,0
1.0340149402618408,0
1.1135332584381104,0
1.0001932382583618,0
1.1304669380187988,0
1.0946383476257324,0
1.255929946899414,0
0.9976779818534851,0
1.1571629047393799,0
0.994466245174408,0
1.0032224655151367,0
0.9731963872909546,0
1.3288888931274414,0
1.0200622081756592,0
1.1229348182678223,0
1.149811863899231,0
1.005259394645691,0
1.0049607753753662,0
1.0175234079360962,0
1.0608155727386475,0
1.1469463109970093,0
0.9615232348442078,0
1.0109111070632935,0
1.1270458698272705,0
1.0537985563278198,0
1.1740978956222534,0
0.9702810645103455,0
1.0589994192123413,0
0.9755085110664368,0
0.9781872034072876,0
1.1117799282073975,0
0.9873142838478088,0
1.0339449644088745,0
1.0471768379211426,0
1.0449073314666748,0
1.0891218185424805,0
1.023775339126587,0
1.0180091857910156,0
0.9998953342437744,0
1.034833312034607,0
1.021537184715271,0
1.104120135307312,0
1.0412547588348389,0
1.0115870237350464,0
1.851804494857788,0
1.0227868556976318,0
1.1816558837890625,0
1.0283323526382446,0
1.019105315208435,0
1.0381380319595337,0
1.0379409790039062,0
1.0152442455291748,0
0.9575835466384888,0
2.0572450160980225,0
1.0731244087219238,0
0.9958835244178772,0
1.057681918144226,0
1.150855541229248,0
1.0193421840667725,0
1.0720634460449219,0
1.0418007373809814,0
1.0161675214767456,0
1.631961464881897,0
1.460109829902649,0
0.9877347946166992,0
1.2233424186706543,0
0.972806990146637,0
1.5246036052703857,0
1.2551908493041992,0
0.9843491911888123,0
1.1607016324996948,0
0.9929083585739136,0
1.2733166217803955,0
1.1732999086380005,0
1.1303119659423828,0
1.06981360912323,0
0.9961367249488831,0
1.395674228668213,0
1.227197527885437,0
1.0927865505218506,0
1.2072879076004028,0
0.9541776776313782,0
1.0565465688705444,0
1.0637789964675903,0
1.0173838138580322,0
1.6300201416015625,0
1.0248215198516846,0
1.1189632415771484,0
1.0831568241119385,0
1.506147027015686,0
1.0139721632003784,0
1.0687851905822754,0
1.0370323657989502,0
0.9686459302902222,0
1.025638461112976,0
0.9885858297348022,0
1.113044023513794,0
0.999372661113739,0
1.0166431665420532,0
0.9736520648002625,0
0.9894646406173706,0
1.0288094282150269,0
1.1587483882904053,0
1.0383974313735962,0
1.0131312608718872,0
0.9381833672523499,0
0.962756872177124,0
0.9793542623519897,0
1.1583507061004639,0
1.060326099395752,0
1.0588209629058838,0
1.1100314855575562,0
0.9887392520904541,0
1.0435636043548584,0
1.1607528924942017,0
1.1453437805175781,0
0.9830917716026306,0
1.3584493398666382,0
1.0728012323379517,0
0.9973134398460388,0
0.9886655807495117,0
1.0493276119232178,0
1.1099224090576172,0
1.109825611114502,0
1.1293638944625854,0
0.9687681794166565,0
1.0896469354629517,0
0.9736747145652771,0
1.0383468866348267,0
1.0084487199783325,0
0.9799033999443054,0
0.9850267767906189,0
1.0910106897354126,0
1.1646500825881958,0
1.0281668901443481,0
1.1863327026367188,0
1.1204311847686768,0
0.9797623157501221,0
1.4151113033294678,0
1.003247857093811,0
1.0525588989257812,0
1.0614333152770996,0
1.1486866474151611,0
0.9958029985427856,0
1.0216373205184937,0
0.9744821190834045,0
1.0470396280288696,0
1.0061372518539429,0
0.9886333346366882,0
1.316908597946167,0
1.05875825881958,0
0.948118269443512,0
1.1037731170654297,0
1.018154263496399,0
1.1313401460647583,0
1.0557949542999268,0
316.5681457519531,0
0.999699056148529,0
1.0242542028427124,0
1.0025197267532349,0
1.1063249111175537,0
0.9713536500930786,0
1.2487854957580566,0
1.075467586517334,0
0.9933111071586609,0
1.0777102708816528,0
1.2222247123718262,0
1.1316605806350708,0
0.9769707322120667,0
1.311159610748291,0
1.0154978036880493,0
1.0968483686447144,0
1.0884701013565063,0
1.018365740776062,0
1.094407081604004,0
1.0021648406982422,0
1.17746102809906,0
0.9891672730445862,0
1.0662111043930054,0
1.1238032579421997,0
1.1387122869491577,0
1.0392531156539917,0
1.0432512760162354,0
1.238538384437561,0
1.0696583986282349,0
1.9781184196472168,0
0.9663625359535217,0
1.4147053956985474,0
1.054787039756775,0
1.0534095764160156,0
1.0400103330612183,0
1.0137176513671875,0
1.651593565940857,0
1.0336247682571411,0
1.0489163398742676,0
1.074347972869873,0
1.3240611553192139,0
1.4017757177352905,0
1.2500436305999756,0
0.9733499884605408,0
0.9782640933990479,0
0.9797126054763794,0
1.1211360692977905,0
1.0242315530776978,0
1.2346320152282715,0
1.2793833017349243,0
1.1671279668807983,0
1.0764834880828857,0
0.994716465473175,0
0.9761343598365784,0
0.9721173048019409,0
1.1631351709365845,0
1.1543900966644287,0
1.1422231197357178,0
0.9822125434875488,0
1.0634417533874512,0
0.9776175022125244,0
1.045243501663208,0
1.016723871231079,0
1.0952558517456055,0
0.9926295280456543,0
1.0099470615386963,0
1.0133541822433472,0
0.9854393601417542,0
1.0239266157150269,0
1.4498652219772339,0
1.0483181476593018,0
1.006933331489563,0
1.2075343132019043,0
1.1887551546096802,0
0.9979070425033569,0
1.0372655391693115,0
0.9899316430091858,0
1.0098317861557007,0
1.0268687009811401,0
1.9061927795410156,0
1.0197044610977173,0
1.1026279926300049,0
1.6505863666534424,0
0.9979274868965149,0
1.1434553861618042,0
1.0887267589569092,0
1.0282233953475952,0
1.0837510824203491,0
0.971240758895874,0
1.0030783414840698,0
1.0363215208053589,0
1.0697730779647827,0
1.0523828268051147,0
1.1773496866226196,0
0.958039402961731,0
1.0231916904449463,0
1.018527865409851,0
1.2472165822982788,0
1.0147149562835693,0
1.1368290185928345,0
1.0917370319366455,0
1.1825006008148193,0
1.044219732284546,0
1.0310230255126953,0
1.0878571271896362,0
0.9798626899719238,0
1.036661982536316,0
1.0295276641845703,0
1.0076289176940918,0
1.0295768976211548,0
1.09173583984375,0
1.0228891372680664,0
1.0152060985565186,0
1.0640980005264282,0
0.974509060382843,0
1.0482442378997803,0
1.0055075883865356,0
1.0049607753753662,0
1.028902292251587,0
1.7451215982437134,0
1.0355167388916016,0
1.012684941291809,0
1.0286619663238525,0
1.0050313472747803,0
0.9965211749076843,0
0.9474600553512573,0
1.0593219995498657,0
0.9944959282875061,0
1.06240713596344,0
1.1685248613357544,0
0.9900110960006714,0
2.8087270259857178,0
0.9681385159492493,0
1.0413843393325806,0
0.9837250113487244,0
1.0036604404449463,0
0.9980147480964661,0
1.0942823886871338,0
1.1772657632827759,0
1.0206162929534912,0
0.9999489784240723,0
1.0052008628845215,0
1.039945363998413,0
1.1136263608932495,0
1.0237126350402832,0
1.4487682580947876,0
1.0244269371032715,0
1.0639517307281494,0
0.9769554138183594,0
2.380798101425171,0
1.0869237184524536,0
1.239335060119629,0
1.21406090259552,0
1.2169578075408936,0
1.0209585428237915,0
0.9816749095916748,0
2.39351224899292,0
1.0161582231521606,0
1.5203157663345337,0
0.9950249195098877,0
0.9871341586112976,0
1.051064372062683,0
1.037817358970642,0
1.0634994506835938,0
0.9787400364875793,0
1.063771367073059,0
1.7500358819961548,0
0.9907314777374268,0
1.4941080808639526,0
0.9809226393699646,0
1.0605617761611938,0
0.9885923862457275,0
0.9738113284111023,0
1.0338248014450073,0
1.044488549232483,0
0.9867823719978333,0
1.085609793663025,0
1.0221080780029297,0
0.9559245109558105,0
1.0896254777908325,0
1.1611247062683105,0
0.9985763430595398,0
1.0062991380691528,0
1.0312762260437012,0
1.1045104265213013,0
0.9319182634353638,0
1.029617428779602,0
1.0455185174942017,0
1.0884720087051392,0
1.0871347188949585,0
1.0190459489822388,0
1.3442606925964355,0
1.0495812892913818,0
0.9973126649856567,0
1.117667317390442,0
0.9950000047683716,0
1.065480351448059,0
1.128679871559143,0
1.1085362434387207,0
0.981735110282898,0
0.9974852800369263,0
0.992683470249176,0
1.3386341333389282,0
1.025246024131775,0
0.9975321292877197,0
1.011558175086975,0
1.2312020063400269,0
1.1589428186416626,0
0.9642269015312195,0
0.9722315669059753,0
0.9798331260681152,0
1.0220924615859985,0
1.0452462434768677,0
1.0619391202926636,0
0.9865754246711731,0
1.036055326461792,0
1.121870756149292,0
1.031334400177002,0
0.9441470503807068,0
1.0204716920852661,0
1.0166994333267212,0
1.2609935998916626,0
0.9952965974807739,0
1.0713434219360352,0
2.0656352043151855,0
0.9964176416397095,0
1.102404236793518,0
1.0106605291366577,0
1.1067578792572021,0
1.0115364789962769,0
0.9704018235206604,0
0.9970167279243469,0
1.113956332206726,0
1.0009684562683105,0
1.1439799070358276,0
1.0131795406341553,0
1.013819694519043,0
0.9853729605674744,0
1.5054270029067993,0
1.1636544466018677,0
1.09367036819458,0
1.0257328748703003,0
0.9799286723136902,0
1.1733342409133911,0
1.1097458600997925,0
1.1168193817138672,0
1.0510900020599365,0
1.4525355100631714,0
1.0899003744125366,0
0.9826824069023132,0
1.204080581665039,0
0.9925567507743835,0
2.698063850402832,0
0.9876077771186829,0
1.057551383972168,0
1.0469002723693848,0
1.048439860343933,0
1.0051661729812622,0
0.9966671466827393,0
1.2028400897979736,0
0.9940592646598816,0
0.9723747372627258,0
2.7825536727905273,0
1.0978608131408691,0
1.1408462524414062,0
1.0264966487884521,0
1.0921452045440674,0
1.0546138286590576,0
1.1061530113220215,0
1.0856961011886597,0
1.062004804611206,0
0.974506676197052,0
1.1486382484436035,0
1.1655776500701904,0
1.0289695262908936,0
0.9452381134033203,0
0.9823006391525269,0
1.2446531057357788,0
1.4911670684814453,0
1.0402277708053589,0
1.0116379261016846,0
1.0225317478179932,0
1.089911699295044,0
0.9872648119926453,0
1.058516263961792,0
1.0,0
1.05605149269104,0
2.0659637451171875,0
1.0636916160583496,0
1.010326623916626,0
1.1764644384384155,0
1.0328055620193481,0
1.0543346405029297,0
1.6047691106796265,0
1.2005434036254883,0
0.9873103499412537,0
1.0273157358169556,0
1.1614876985549927,0
1.0923517942428589,0
1.0584100484848022,0
1.0613515377044678,0
1.0377418994903564,0
0.9961656928062439,0
1.3804559707641602,0
1.068345546722412,0
0.971552848815918,0
0.9898209571838379,0
0.997207522392273,0
0.966000497341156,0
1.0027127265930176,0
1.1150548458099365,0
0.9658701419830322,0
1.1119415760040283,0
1.0370692014694214,0
1.0178145170211792,0
2.072052478790283,0
0.9707038402557373,0
1.1359672546386719,0
1.0555914640426636,0
1.4800528287887573,0
1.0344663858413696,0
1.073322057723999,0
1.1457446813583374,0
1.030816674232483,0
0.9950000047683716,0
1.067392110824585,0
0.9677082300186157,0
0.9976651072502136,0
1.0579829216003418,0
1.0166375637054443,0
1.0454694032669067,0
1.10939359664917,0
1.0190168619155884,0
1.246445894241333,0
0.9963341355323792,0
1.0531724691390991,0
1.0689446926116943,0
0.9952837228775024,0
1.0349981784820557,0
0.9988174438476562,0
0.9918282628059387,0
1.0721269845962524,0
1.3713655471801758,0
1.0025252103805542,0
0.999571681022644,0
0.9851180911064148,0
0.9536511301994324,0
1.0377517938613892,0
1.177374005317688,0
1.0532643795013428,0
0.9755191206932068,0
1.000178575515747,0
0.9766960144042969,0
1.5737193822860718,0
0.982272744178772,0
0.9794199466705322,0
1.5010308027267456,0
2.4527475833892822,0
0.9876694679260254,0
1.0534483194351196,0
1.0678069591522217,0
0.958823025226593,0
1.0503042936325073,0
1.1874122619628906,0
1.0326818227767944,0
1.257598638534546,0
1.0090515613555908,0
3.6524341106414795,0
1.0418778657913208,0
0.97584068775177,0
0.9415826201438904,0
1.6011942625045776,0
1.044255018234253,0
1.0872408151626587,0
1.219399094581604,0
1.081767201423645,0
1.0099066495895386,0
1.1609255075454712,0
1.0301316976547241,0
0.9716574549674988,0
1.2594592571258545,0
1.1524579524993896,0
0.971688449382782,0
1.0586313009262085,0
0.9717121124267578,0
1.0969702005386353,0
1.202703595161438,0
1.1081985235214233,0
0.9596428871154785,0
0.9902835488319397,0
1.0214461088180542,0
0.9911101460456848,0
1.0424261093139648,0
1.018633246421814,0
1.4126787185668945,0
0.999062716960907,0
0.9920274615287781,0
0.9738923907279968,0
1.368799090385437,0
1.0276859998703003,0
1.0013964176177979,0
1.0315179824829102,0
0.989409863948822,0
1.0730270147323608,0
1.1292842626571655,0
0.9704138040542603,0
1.0330692529678345,0
1.0256916284561157,0
0.9978847503662109,0
1.3098031282424927,0
0.9908111691474915,0
0.9737677574157715,0
1.0623668432235718,0
0.9669022560119629,0
1.0032151937484741,0
0.9780181646347046,0
0.9697080254554749,0
1.1431777477264404,0
1.0057213306427002,0
1.0180450677871704,0
1.0415892601013184,0
1.155585527420044,0
0.998708188533783,0
1.1172685623168945,0
1.0535175800323486,0
1.0217770338058472,0
1.1308605670928955,0
1.0051586627960205,0
1.297071099281311,0
1.0020136833190918,0
0.993158221244812,0
3.5678911209106445,0
1.106471300125122,0
3.1353962421417236,0
1.0337824821472168,0
1.0748428106307983,0
0.9577945470809937,0
1.2280856370925903,0
0.974265992641449,0
1.0335838794708252,0
1.1734155416488647,0
1.0821959972381592,0
0.9745797514915466,0
1.0302355289459229,0
1.1677088737487793,0
0.9593690037727356,0
0.9768203496932983,0
1.0595896244049072,0
0.958279013633728,0
0.9969742298126221,0
82.86882781982422,0
1.0035239458084106,0
1.0583231449127197,0
1.0130013227462769,0
1.00214684009552,0
0.9785138368606567,0
1.0359141826629639,0
0.9811975955963135,0
0.9785138368606567,0
1.0953173637390137,0
0.9756805896759033,0
1.0336182117462158,0
1.02772057056427,0
1.2334344387054443,0
1.6261876821517944,0
1.2603564262390137,0
1.0126723051071167,0
1.1325453519821167,0
1.1300104856491089,0
1.8501152992248535,0
1.0117607116699219,0
1.0313141345977783,0
1.0450851917266846,0
1.0504822731018066,0
1.1590921878814697,0
1.1032896041870117,0
1.0548515319824219,0
0.981603741645813,0
1.7378405332565308,0
0.9956907629966736,0
1.0088354349136353,0
0.9821035861968994,0
1.0972274541854858,0
1.016717791557312,0
0.9863500595092773,0
1.0433435440063477,0
2.277921199798584,0
1.0496352910995483,0
1.0403611660003662,0
0.9973667860031128,0
0.9852138161659241,0
0.9843125343322754,0
1.0667147636413574,0
1.0072788000106812,0
1.0485517978668213,0
1.011718511581421,0
1.0016264915466309,0
0.9763587713241577,0
1.4058746099472046,0
1.044965147972107,0
0.9740027785301208,0
1.2181761264801025,0
143.70143127441406,0
1.0992536544799805,0
0.9793450832366943,0
1.3297992944717407,0
1.4174935817718506,0
0.9832555651664734,0
1.0962061882019043,0
1.0499076843261719,0
1.0972036123275757,0
1.1069544553756714,0
1.1482993364334106,0
1.3879554271697998,0
0.9888895750045776,0
1.2833689451217651,0
1.1939048767089844,0
0.956576943397522,0
1.1682063341140747,0
0.9991142749786377,0
1.234025239944458,0
1.0915555953979492,0
1.0153242349624634,0
1.0216619968414307,0
1.047188639640808,0
1.1031402349472046,0
0.9628114104270935,0
0.9296410083770752,0
0.9966021776199341,0
1.1066973209381104,0
1.121164321899414,0
1.151357650756836,0
0.9960930943489075,0
0.9803236722946167,0
1.0298491716384888,0
0.9791139364242554,0
1.263569712638855,0
1.0247979164123535,0
0.956611692905426,0
1.5698901414871216,0
1.15593683719635,0
1.0395008325576782,0
1.1325197219848633,0
1.0788524150848389,0
1.0528432130813599,0
0.9907268285751343,0
1.044880986213684,0
1.133323311805725,0
0.9680930376052856,0
0.9801149964332581,0
1.1401761770248413,0
1.0423187017440796,0
0.9760891199111938,0
1.229303240776062,0
1.0634171962738037,0
1.08533775806427,0
1.4408892393112183,0
1.0673478841781616,0
1.5266282558441162,0
0.9740833640098572,0
1.0350033044815063,0
1.400312066078186,0
1.1517879962921143,0
1.1739180088043213,0
1.0453444719314575,0
2.817441463470459,0
1.0877108573913574,0
0.9753455519676208,0
0.9784265756607056,0
1.0188238620758057,0
1.0622903108596802,0
1.206207513809204,0
0.9926808476448059,0
3.305544376373291,0
1.230103611946106,0
1.0042343139648438,0
1.0347330570220947,0
1.2171063423156738,0
1.0461552143096924,0
1.0002328157424927,0
1.0382487773895264,0
1.0573989152908325,0
1.1688380241394043,0
1.0595569610595703,0
1.0232319831848145,0
7.158008098602295,0
1.0225026607513428,0
1.5008636713027954,0
1.0697749853134155,0
1.312482476234436,0
1.0371081829071045,0
1.0210192203521729,0
1.016731858253479,0
0.9986187219619751,0
1.161995530128479,0
1.0847294330596924,0
0.9749010801315308,0
1.249322772026062,0
0.9875242114067078,0
1.2109471559524536,0
1.0145747661590576,0
1.0041016340255737,0
1.0610320568084717,0
1.0474604368209839,0
1.066217303276062,0
1.0122731924057007,0
0.9513377547264099,0
0.9640103578567505,0
1.0808534622192383,0
1.3631916046142578,0
0.978831946849823,0
1.0380396842956543,0
1.5364078283309937,0
1.0196337699890137,0
1.008866786956787,0
0.9774244427680969,0
1.0222302675247192,0
1.0327136516571045,0
1.0769400596618652,0
1.0392570495605469,0
1.0879102945327759,0
1.0018174648284912,0
1.008551001548767,0
1.0303550958633423,0
1.008070945739746,0
1.5308915376663208,0
1.0917268991470337,0
1.5351688861846924,0
1.0419155359268188,0
1.0060524940490723,0
1.0700047016143799,0
1.0718249082565308,0
1.0049607753753662,0
1.3615620136260986,0
1.1520479917526245,0
1.0641191005706787,0
1.1018675565719604,0
1.2382736206054688,0
1.047288417816162,0
1.0835261344909668,0
0.9892691969871521,0
1.0924408435821533,0
1.163540244102478,0
1.109132170677185,0
0.9849726557731628,0
1.0555719137191772,0
1.0038905143737793,0
0.9877219796180725,0
1.0303937196731567,0
1.264757752418518,0
1.0118341445922852,0
0.9687762260437012,0
1.3311419486999512,0
1.031429648399353,0
1.0160945653915405,0
1.0646499395370483,0
1.580402135848999,0
1.036084771156311,0
1.0951393842697144,0
1.410599946975708,0
1.170728087425232,0
1.3536546230316162,0
1.018617868423462,0
1.1253623962402344,0
1.0588804483413696,0
1.1185282468795776,0
1.0377743244171143,0
0.9950463175773621,0
1.1677430868148804,0
1.4639865159988403,0
0.9822368025779724,0
1.2574105262756348,0
0.9858721494674683,0
1.0241167545318604,0
1.322506070137024,0
1.0545533895492554,0
1.0499171018600464,0
1.0520962476730347,0
1.0502252578735352,0
1.0169636011123657,0
0.9764345288276672,0
0.9882575869560242,0
1.0168788433074951,0
0.9912036657333374,0
0.9789593815803528,0
1.0062531232833862,0
1.0834859609603882,0
1.0298115015029907,0
1.017966389656067,0
1.06422758102417,0
1.1062142848968506,0
1.0747745037078857,0
1.1051146984100342,0
1.0439990758895874,0
0.9998139142990112,0
1.0061166286468506,0
1.1572704315185547,0
1.178189992904663,0
1.389591932296753,0
1.078381896018982,0
1.2466169595718384,0
0.9978678226470947,0
1.0155149698257446,0
0.9994236826896667,0
1.019205093383789,0
2.6061460971832275,0
1.0159293413162231,0
1.153721570968628,0
0.9726076126098633,0
1.0033000707626343,0
1.1108107566833496,0
1.104825735092163,0
1.073578119277954,0
0.9949674606323242,0
1.0801011323928833,0
1.036532998085022,0
1.0229750871658325,0
1.3218557834625244,0
0.9740151166915894,0
0.9805349707603455,0
1.0255807638168335,0
1.048313856124878,0
1.3523530960083008,0
0.9564059376716614,0
1.098956823348999,0
1.0214791297912598,0
1.295753002166748,0
1.1034222841262817,0
0.9885798692703247,0
1.011703610420227,0
1.0277918577194214,0
1.4435679912567139,0
1.018036961555481,0
1.039489984512329,0
1.0591660737991333,0
0.952644407749176,0
1.0206600427627563,0
1.018241286277771,0
1.0088132619857788,0
0.9745069742202759,0
1.084166407585144,0
1.2180452346801758,0
0.9608190655708313,0
1.0897228717803955,0
1.1693397760391235,0
1.036312460899353,0
0.9818460941314697,0
0.9921033978462219,0
1.2266688346862793,0
1.5701266527175903,0
1.0457478761672974,0
0.9999945163726807,0
1.1231114864349365,0
1.073371171951294,0
1.2266935110092163,0
0.9785138368606567,0
1.295271396636963,0
1.093997597694397,0
1.29606032371521,0
1.0214574337005615,0
1.1116654872894287,0
1.0456854104995728,0
0.9968746900558472,0
1.051544189453125,0
0.9910221099853516,0
1.8993120193481445,0
0.9561313390731812,0
1.1397374868392944,0
1.0008150339126587,0
1.0259265899658203,0
0.988358199596405,0
1.2168322801589966,0
1.116924524307251,0
1.0745545625686646,0
1.099372386932373,0
0.9789912700653076,0
1.185742974281311,0
1.22150719165802,0
1.040899395942688,0
1.0390616655349731,0
1.0200986862182617,0
1.0049607753753662,0
1.0532013177871704,0
1.1570411920547485,0
0.9958513975143433,0
1.2255491018295288,0
1.062034010887146,0
1.0052359104156494,0
1.0872852802276611,0
1.1110984086990356,0
0.9846460223197937,0
1.0095736980438232,0
1.0820409059524536,0
1.2491265535354614,0
1.0562175512313843,0
1.0012316703796387,0
1.6282193660736084,0
3.1686830520629883,0
1.0501132011413574,0
1.0161511898040771,0
0.9928573966026306,0
1.0045225620269775,0
1.0952645540237427,0
0.9716125726699829,0
0.9897136688232422,0
0.978606104850769,0
1.1433063745498657,0
1.1079769134521484,0
0.9729903936386108,0
1.0643377304077148,0
1.0858980417251587,0
104.49588775634766,0
1.5602220296859741,0
0.9745305180549622,0
1.0366621017456055,0
0.9834350347518921,0
1.0077874660491943,0
1.0921452045440674,0
1.0342223644256592,0
1.9869974851608276,0
1.0128473043441772,0
2.8125717639923096,0
0.9795442819595337,0
1.048292636871338,0
1.0888988971710205,0
1.1451811790466309,0
1.2380439043045044,0
0.9825319051742554,0
0.9857139587402344,0
1.1631108522415161,0
1.0739420652389526,0
0.9384199976921082,0
0.9855158925056458,0
0.9824931621551514,0
1.101406455039978,0
1.2485520839691162,0
1.1049257516860962,0
1.0032235383987427,0
1.091948390007019,0
1.738072156906128,0
1.1236627101898193,0
1.0205671787261963,0
1.0302313566207886,0
0.9612599015235901,0
1.0649263858795166,0
1.0444821119308472,0
1.0537927150726318,0
1.051438808441162,0
1.028000831604004,0
0.9452381134033203,0
1.1357550621032715,0
1.0183522701263428,0
1.0190837383270264,0
1.0106585025787354,0
1.0766009092330933,0
1.0648682117462158,0
0.9963762164115906,0
1.0981546640396118,0
1.2441680431365967,0
0.9580079913139343,0
1.0789250135421753,0
0.9988561868667603,0
1.2083061933517456,0
1.502158522605896,0
0.9854498505592346,0
1.0374798774719238,0
0.9996308088302612,0
1.1099921464920044,0
1.5740549564361572,0
1.0050610303878784,0
1.067718267440796,0
0.9980147480964661,0
1.0082488059997559,0
1.844880223274231,0
1.1603227853775024,0
1.1794016361236572,0
1.0875760316848755,0
1.025107502937317,0
1.0572888851165771,0
0.9190405607223511,0
1.0211453437805176,0
0.9867589473724365,0
1.0803428888320923,0
1.5873239040374756,0
1.049315333366394,0
1.1150211095809937,0
1.0574569702148438,0
0.9650086164474487,0
1.0260748863220215,0
1.0797497034072876,0
1.1972600221633911,0
0.9828631281852722,0
1.1159679889678955,0
1.0107457637786865,0
1.4541547298431396,0
1.112114667892456,0
0.9702048301696777,0
1.2914314270019531,0
1.5981435775756836,0
1.0716824531555176,0
1.0442808866500854,0
0.9944685101509094,0
1.1564953327178955,0
1.2509338855743408,0
1.0699423551559448,0
1.0204706192016602,0
1.0077875852584839,0
1.017653465270996,0
0.9719729423522949,0
1.061159610748291,0
0.9893678426742554,0
1.0027621984481812,0
1.325943946838379,0
1.0635079145431519,0
1.904787302017212,0
0.9899798631668091,0
1.0547343492507935,0
2.817441463470459,0
2.3005096912384033,0
1.1083705425262451,0
0.9703660607337952,0
1.021068811416626,0
1.2281986474990845,0
1.2075632810592651,0
1.0169847011566162,0
0.9848952889442444,0
0.9816986322402954,0
1.046122670173645,0
0.9381833672523499,0
1.0479894876480103,0
1.0464928150177002,0
1.0403721332550049,0
1.1053718328475952,0
0.9993568658828735,0
0.9713432788848877,0
1.1258589029312134,0
1.0645822286605835,0
1.059593915939331,0
0.9850953817367554,0
1.1631742715835571,0
1.0334477424621582,0
1.1364390850067139,0
1.0138027667999268,0
1.0802688598632812,0
1.122746467590332,0
0.9774987101554871,0
1.239489197731018,0
1.3573511838912964,0
1.0695040225982666,0
1.1028469800949097,0
0.9653014540672302,0
1.1191086769104004,0
3.1750309467315674,0
1.351317048072815,0
1.0188984870910645,0
1.3139185905456543,0
1.0799881219863892,0
1.1945562362670898,0
1.066608190536499,0
1.0083057880401611,0
1.3133518695831299,0
0.9904438257217407,0
0.9782567620277405,0
1.048050880432129,0
0.9696229696273804,0
1.0455538034439087,0
0.9976093769073486,0
1.1867021322250366,0
1.0225776433944702,0
0.9852474331855774,0
1.057138204574585,0
1.0143860578536987,0
0.9643425345420837,0
1.0341923236846924,0
1.0306230783462524,0
1.254493236541748,0
1.0487399101257324,0
0.9995275139808655,0
1.354730486869812,0
1.1733916997909546,0
0.9588279724121094,0
1.1136332750320435,0
0.9704293608665466,0
1.0170012712478638,0
1.0253206491470337,0
1.1096888780593872,0
1.018314003944397,0
1.0077136754989624,0
1.0160614252090454,0
1.0485563278198242,0
1.178189992904663,0
1.0098344087600708,0
1.0973676443099976,0
1.014195442199707,0
1.1375784873962402,0
0.9841508269309998,0
1.0285682678222656,0
0.9407032132148743,0
0.9821000695228577,0
1.074615478515625,0
1.0302702188491821,0
1.0574777126312256,0
1.021680474281311,0
0.9942727088928223,0
1.1572914123535156,0
0.9671860337257385,0
1.0433015823364258,0
1.0019817352294922,0
1.1178487539291382,0
1.0805000066757202,0
1.040629506111145,0
1.079975962638855,0
1.0863879919052124,0
0.9986166954040527,0
0.9319157600402832,0
0.9850773215293884,0
1.162813425064087,0
1.0280686616897583,0
1.129654884338379,0
1.040743112564087,0
1.0022923946380615,0
1.258837103843689,0
1.0039955377578735,0
1.0894801616668701,0
1.0443599224090576,0
0.9694010019302368,0
1.0727767944335938,0
1.1501842737197876,0
45.32463836669922,0
1.0324842929840088,0
1.059056282043457,0
1.1607666015625,0
1.111816167831421,0
1.0704972743988037,0
1.1777429580688477,0
1.2199926376342773,0
1.1373258829116821,0
0.9639313220977783,0
1.0783790349960327,0
0.9854707717895508,0
0.9663164019584656,0
1.2070015668869019,0
0.9920114278793335,0
1.0598727464675903,0
1.022825837135315,0
1.049614667892456,0
0.9862335920333862,0
1.0676311254501343,0
1.1125314235687256,0
1.1831419467926025,0
0.9955182075500488,0
0.9950015544891357,0
1.0453987121582031,0
1.1401517391204834,0
1.0974323749542236,0
1.0868167877197266,0
1.0771759748458862,0
0.9826623797416687,0
1.0310648679733276,0
0.9825066924095154,0
1.048209547996521,0
1.0134190320968628,0
1.3065056800842285,0
1.3568713665008545,0
1.0119307041168213,0
1.082383394241333,0
0.980406641960144,0
1.6347417831420898,0
1.0397608280181885,0
1.0390998125076294,0
1.0015881061553955,0
1.105214238166809,0
1.4505590200424194,0
1.0142399072647095,0
1.029778003692627,0
1.0857146978378296,0
1.0215188264846802,0
1.0679365396499634,0
0.9814535975456238,0
1.0241771936416626,0
1.0111116170883179,0
0.9719447493553162,0
0.9748005270957947,0
1.0268045663833618,0
1.0907156467437744,0
1.182860255241394,0
1.0356463193893433,0
1.7912238836288452,0
0.9960846900939941,0
0.9644331336021423,0
1.1864293813705444,0
2.184328079223633,0
0.9739277362823486,0
1.6035027503967285,0
1.0366673469543457,0
1.0568231344223022,0
1.2257412672042847,0
0.9828488230705261,0
0.9717028141021729,0
0.9908419251441956,0
1.1040120124816895,0
1.0246434211730957,0
1.001366376876831,0
0.9664781093597412,0
1.1450632810592651,0
1.0044920444488525,0
1.0091593265533447,0
1.0501155853271484,0
1.2376925945281982,0
0.9849339723587036,0
1.4897818565368652,0
1.0252174139022827,0
1.0661200284957886,0
1.0057201385498047,0
1.2069200277328491,0
0.9391342401504517,0
1.1798089742660522,0
1.122599482536316,0
1.1095366477966309,0
1.0080727338790894,0
1.030694842338562,0
1.0021566152572632,0
1.0543687343597412,0
0.9630739092826843,0
1.0604857206344604,0
0.975692093372345,0
1.121410608291626,0
1.2503316402435303,0
1.1076841354370117,0
1.0221850872039795,0
1.0441035032272339,0
1.0767695903778076,0
0.9731009602546692,0
1.1314570903778076,0
0.9636974930763245,0
1.0950448513031006,0
1.0115710496902466,0
1.1415278911590576,0
1.1036336421966553,0
0.9812822937965393,0
1.0928767919540405,0
1.0074347257614136,0
0.967380702495575,0
1.0813161134719849,0
1.0094692707061768,0
1.2889682054519653,0
1.0662592649459839,0
2.0659639835357666,0
1.0094823837280273,0
1.1302167177200317,0
1.004514217376709,0
1.0112611055374146,0
1.1141544580459595,0
1.0175576210021973,0
0.9923311471939087,0
1.2016395330429077,0
1.1394091844558716,0
0.9964820146560669,0
1.1011817455291748,0
1.1098473072052002,0
1.0817492008209229,0
0.980952799320221,0
1.0530754327774048,0
1.0798275470733643,0
0.9954441785812378,0
0.9768203496932983,0
1.0184147357940674,0
0.9615417122840881,0
1.000486969947815,0
1.2165675163269043,0
1.0845239162445068,0
1.7330244779586792,0
1.5709494352340698,0
1.039044737815857,0
1.1209681034088135,0
1.0087722539901733,0
0.9770961999893188,0
1.0438947677612305,0
1.2428079843521118,0
1.298773169517517,0
1.010151982307434,0
0.9481750726699829,0
1.0452930927276611,0
1.1136444807052612,0
1.0502718687057495,0
1.0166726112365723,0
0.9798080325126648,0
1.2086721658706665,0
1.2984539270401,0
1.007451057434082,0
0.9789677262306213,0
0.9947706460952759,0
0.990879237651825,0
0.9858303666114807,0
0.9919867515563965,0
1.09308922290802,0
0.9890823364257812,0
1.0765348672866821,0
1.0144224166870117,0
1.0,0
1.0283640623092651,0
1.1018829345703125,0
1.0717523097991943,0
1.600860357284546,0
1.1667506694793701,0
1.0143414735794067,0
1.4254251718521118,0
1.0368256568908691,0
1.060118317604065,0
1.0381823778152466,0
1.2589454650878906,0
1.089766502380371,0
1.07478928565979,0
1.0581028461456299,0
1.0948777198791504,0
0.9504183530807495,0
1.678247332572937,0
1.011670708656311,0
1.495080590248108,0
1.249907374382019,0
0.9774085283279419,0
1.0477737188339233,0
1.1797679662704468,0
1.029143214225769,0
1.165683627128601,0
1.0508989095687866,0
1.0402805805206299,0
1.3429433107376099,0
1.0036985874176025,0
1.1544194221496582,0
1.0033279657363892,0
1.0297751426696777,0
1.4099016189575195,0
0.9900304675102234,0
1.0399770736694336,0
1.015912652015686,0
1.0584908723831177,0
1.0410031080245972,0
1.0763076543807983,0
1.289663553237915,0
1.1068259477615356,0
1.1264041662216187,0
1.0818637609481812,0
1.087723970413208,0
0.9895551204681396,0
1.001649260520935,0
0.9693931937217712,0
1.0427919626235962,0
1.0282962322235107,0
1.0236283540725708,0
1.1298500299453735,0
0.9381833672523499,0
1.0085293054580688,0
0.9943920373916626,0
1.0603282451629639,0
1.0763120651245117,0
1.047209620475769,0
1.045367956161499,0
1.2964743375778198,0
1.0658451318740845,0
1.1984243392944336,0
1.0110424757003784,0
0.9561052918434143,0
1.284907341003418,0
2.3211798667907715,0
1.2066850662231445,0
1.0056833028793335,0
1.086930513381958,0
1.109788417816162,0
1.0023083686828613,0
1.622677206993103,0
1.0181589126586914,0
0.9940398335456848,0
1.0184277296066284,0
1.2184698581695557,0
1.026251196861267,0
0.9897542595863342,0
1.0540971755981445,0
1.1433813571929932,0
1.6013745069503784,0
1.0428125858306885,0
1.255431056022644,0
1.0689215660095215,0
1.152504324913025,0
1.2567476034164429,0
1.0485237836837769,0
0.9955620765686035,0
1.0991154909133911,0
1.0108256340026855,0
0.9662827849388123,0
1.1088186502456665,0
0.9732217192649841,0
1.176495909690857,0
1.2459162473678589,0
1.1043882369995117,0
1.0391530990600586,0
1.160831093788147,0
1.011533260345459,0
1.138857126235962,0
1.2048344612121582,0
1.0127533674240112,0
1.0532641410827637,0
1.7573251724243164,0
1.0243159532546997,0
1.064459204673767,0
1.1076431274414062,0
0.9919698238372803,0
1.0636600255966187,0
1.0369914770126343,0
1.0208712816238403,0
1.2347302436828613,0
1.1025961637496948,0
0.9729535579681396,0
1.3535821437835693,0
1.4061275720596313,0
1.0045009851455688,0
1.2930347919464111,0
0.9920111894607544,0
1.3658524751663208,0
0.9662407040596008,0
1.05908203125,0
0.9450693726539612,0
1.2855699062347412,0
1.1853935718536377,0
1.2016929388046265,0
1.0542505979537964,0
1.1375579833984375,0
1.0300267934799194,0
1.1511471271514893,0
1.1946762800216675,0
1.0690531730651855,0
1.0125906467437744,0
1.0426926612854004,0
1.0971258878707886,0
0.9629892110824585,0
1.2977533340454102,0
1.0110247135162354,0
0.9950411319732666,0
0.9907275438308716,0
1.0096428394317627,0
0.9817933440208435,0
1.1501173973083496,0
0.993946373462677,0
1.1598235368728638,0
1.1235930919647217,0
1.0082988739013672,0
1.057634949684143,0
1.0658812522888184,0
1.0196208953857422,0
0.9797135591506958,0
0.9900871515274048,0
0.9797421097755432,0
1.0121902227401733,0
0.9834455847740173,0
1.0451818704605103,0
1.076390266418457,0
0.9715179800987244,0
1.0441899299621582,0
0.9891060590744019,0
1.098489761352539,0
1.0991981029510498,0
1.0049976110458374,0
0.9945269227027893,0
1.0577110052108765,0
1.4695565700531006,0
1.087316870689392,0
1.0316394567489624,0
1.1269832849502563,0
1.0150980949401855,0
1.0240306854248047,0
0.9632253050804138,0
1.047775149345398,0
1.0506647825241089,0
1.19692862033844,0
0.9888158440589905,0
397.1740417480469,0
1.4030431509017944,0
1.0421587228775024,0
7.166523456573486,0
0.9975972771644592,0
1.1060084104537964,0
1.0397427082061768,0
0.9914121627807617,0
1.0238624811172485,0
1.0272548198699951,0
0.989409327507019,0
1.0670740604400635,0
1.2463871240615845,0
1.0681490898132324,0
0.9793174862861633,0
1.060221552848816,0
1.0090036392211914,0
0.9770685434341431,0
1.0941457748413086,0
1.044528841972351,0
1.042461633682251,0
1.048471212387085,0
1.108270525932312,0
0.9926808476448059,0
1.1958510875701904,0
1.009972095489502,0
1.5013669729232788,0
1.38191556930542,0
1.4043593406677246,0
1.6342509984970093,0
1.0139538049697876,0
1.1793763637542725,0
1.0998950004577637,0
1.120551347732544,0
1.063899278640747,0
1.3927350044250488,0
1.0342867374420166,0
0.9972509145736694,0
0.9974093437194824,0
1.0057346820831299,0
1.0361353158950806,0
1.2985295057296753,0
0.9979704022407532,0
0.9785138368606567,0
1.5741307735443115,0
0.9842320680618286,0
1.0036898851394653,0
1.3724234104156494,0
1.0191205739974976,0
3.1348347663879395,0
0.9863768219947815,0
1.0049607753753662,0
0.9836969971656799,0
1.0465360879898071,0
0.9943882822990417,0
0.9935540556907654,0
0.963043749332428,0
1.1954931020736694,0
1.0132145881652832,0
1.008531093597412,0
1.146130084991455,0
1.20994234085083,0
0.9513657689094543,0
1.0441758632659912,0
1.5125763416290283,0
1.1032955646514893,0
1.7016851902008057,0
1.0127817392349243,0
1.0166940689086914,0
0.9967005252838135,0
1.0032434463500977,0
1.2288615703582764,0
1.0465418100357056,0
1.0549757480621338,0
1.126397728919983,0
1.0079505443572998,0
0.9832695722579956,0
1.0103212594985962,0
1.0091172456741333,0
1.0926905870437622,0
2.3282394409179688,0
1.0143369436264038,0
0.9944578409194946,0
1.07478666305542,0
0.9662318825721741,0
0.967563807964325,0
1.0142143964767456,0
1.0149339437484741,0
1.0046802759170532,0
1.1440391540527344,0
1.0381669998168945,0
1.0048518180847168,0
1.1294224262237549,0
0.9737935662269592,0
0.9849158525466919,0
1.022499680519104,0
0.9645181894302368,0
1.0243586301803589,0
1.0341297388076782,0
1.460423469543457,0
1.359508991241455,0
1.0282031297683716,0
1.1150227785110474,0
0.9881600141525269,0
0.982374370098114,0
1.0584716796875,0
1.0776029825210571,0
1.166424036026001,0
0.9895023107528687,0
2.8087270259857178,0
2.374305248260498,0
1.076375126838684,0
1.0374656915664673,0
0.9972543120384216,0
1.0397772789001465,0
1.0154067277908325,0
1.0828293561935425,0
1.0363103151321411,0
1.0887508392333984,0
1.2705632448196411,0
1.0085145235061646,0
1.2065976858139038,0
1.0679713487625122,0
1.0872074365615845,0
0.9678414463996887,0
1.1431560516357422,0
1.1738638877868652,0
1.2469422817230225,0
1.0787957906723022,0
1.215298056602478,0
1.0081408023834229,0
1.0056248903274536,0
1.2058236598968506,0
1.0149513483047485,0
1.5800448656082153,0
1.0111037492752075,0
1.003641128540039,0
1.053693175315857,0
1.0411173105239868,0
1.033140778541565,0
1.0322880744934082,0
1.0360091924667358,0
0.9938960075378418,0
1.0,0
1.0008481740951538,0
1.1131787300109863,0
1.2095986604690552,0
1.0173841714859009,0
1.1231104135513306,0
1.1561592817306519,0
0.9701067805290222,0
0.9615643620491028,0
1.1244235038757324,0
1.3943004608154297,0
1.0034290552139282,0
49.18827819824219,0
0.9886190891265869,0
1.5582367181777954,0
1.225746750831604,0
1.016088843345642,0
0.9900986552238464,0
1.070433497428894,0
1.0507205724716187,0
1.0685734748840332,0
1.0758079290390015,0
1.0266550779342651,0
1.1048275232315063,0
1.2624372243881226,0
1.2796679735183716,0
1.0452141761779785,0
0.9839032888412476,0
3.2062933444976807,0
1.2126538753509521,0
1.112821102142334,0
1.2063374519348145,0
1.0362943410873413,0
1.0133531093597412,0
1.1694632768630981,0
1.028915286064148,0
1.0216642618179321,0
1.0137425661087036,0
1.0664197206497192,0
0.9381833672523499,0
1.129040241241455,0
0.9765430092811584,0
1.0574487447738647,0
1.0098645687103271,0
1.0177268981933594,0
1.0,0
3.5370450019836426,0
1.059382438659668,0
1.4895071983337402,0
1.0056700706481934,0
0.9573506116867065,0
0.9733216762542725,0
1.0855151414871216,0
0.9963998198509216,0
0.9967491030693054,0
1.0324100255966187,0
1.0189061164855957,0
0.99303138256073,0
0.9782085418701172,0
1.0892868041992188,0
0.9460673332214355,0
1.0482126474380493,0
1.073541283607483,0
0.9768441915512085,0
1.0213760137557983,0
1.017977237701416,0
1.1466925144195557,0
0.9934508800506592,0
1.0063711404800415,0
1.131062388420105,0
1.0367029905319214,0
1.1361753940582275,0
1.0683377981185913,0
1.451095700263977,0
1.2016630172729492,0
0.9934922456741333,0
1.0059608221054077,0
0.9921203851699829,0
1.31689453125,0
0.9622806906700134,0
0.9867957830429077,0
0.9845561385154724,0
1.5406713485717773,0
1.0202114582061768,0
1.3765935897827148,0
1.1093041896820068,0
1.0679771900177002,0
1.0695416927337646,0
1.0068106651306152,0
0.9684736132621765,0
0.9618539810180664,0
0.9782395958900452,0
0.9951577186584473,0
1.0323647260665894,0
0.9735110998153687,0
1.0488919019699097,0
1.3292824029922485,0
0.9846681952476501,0
1.0378509759902954,0
1.0739082098007202,0
0.977482795715332,0
1.0484429597854614,0
1.034500002861023,0
1.0420911312103271,0
1.0309597253799438,0
3.3959543704986572,0
1.105193853378296,0
1.1371980905532837,0
0.9701277613639832,0
1.754043698310852,0
1.0847952365875244,0
2.778538942337036,0
0.9914854168891907,0
1.0193932056427002,0
1.022205114364624,0
1.175666332244873,0
1.0589324235916138,0
1.079058289527893,0
1.7522914409637451,0
1.038914442062378,0
1.122257947921753,0
0.9859783053398132,0
1.0583966970443726,0
0.9949415326118469,0
1.0347263813018799,0
1.6970981359481812,0
0.9986047148704529,0
1.2252075672149658,0
1.0424391031265259,0
1.0239514112472534,0
1.1978158950805664,0
1.0984218120574951,0
1.0290154218673706,0
438.77227783203125,0
1.0366390943527222,0
1.0368256568908691,0
1.0210250616073608,0
1.0209330320358276,0
1.1095651388168335,0
0.9950000047683716,0
1.225288987159729,0
0.9768407344818115,0
1.1496206521987915,0
1.014737606048584,0
1.0123504400253296,0
1.7058446407318115,0
1.0388323068618774,0
1.1283448934555054,0
0.9622806906700134,0
1.2088435888290405,0
1.9061927795410156,0
1.4238632917404175,0
1.0069252252578735,0
1.0523204803466797,0
0.9829363822937012,0
0.9322780966758728,0
1.0497426986694336,0
0.9661993980407715,0
1.0672787427902222,0
1.5709494352340698,0
0.9576854705810547,0
1.1904687881469727,0
0.9857343435287476,0
1.4302310943603516,0
0.9820887446403503,0
1.2127913236618042,0
1.170844316482544,0
1.0832105875015259,0
1.1210156679153442,0
1.0817341804504395,0
1.2721474170684814,0
0.9914687275886536,0
1.0294301509857178,0
1.007508397102356,0
1.0316474437713623,0
1.0451557636260986,0
1.0117371082305908,0
1.073796272277832,0
1.0545213222503662,0
1.0703058242797852,0
1.0117558240890503,0
1.0782243013381958,0
1.0126405954360962,0
1.2191243171691895,0
1.0954625606536865,0
0.9795600771903992,0
1.0269702672958374,0
1.0183912515640259,0
1.1235994100570679,0
1.0241578817367554,0
1.0229417085647583,0
1.0911521911621094,0
1.2435460090637207,0
1.0186434984207153,0
0.9906325936317444,0
2.817441463470459,0
1.0170809030532837,0
2.225147008895874,0
1.034448504447937,0
0.9917895793914795,0
1.4520986080169678,0
0.9901703596115112,0
1.0411261320114136,0
1.1171993017196655,0
0.9757480025291443,0
1.1438812017440796,0
1.002729058265686,0
1.0479729175567627,0
1.3528598546981812,0
1.2239280939102173,0
1.9358612298965454,0
1.0666457414627075,0
0.9830769300460815,0
1.0324203968048096,0
0.9837383031845093,0
1.0061814785003662,0
1.0066015720367432,0
1.2647223472595215,0
1.0274202823638916,0
1.1351544857025146,0
1.680045485496521,0
0.9980449676513672,0
0.980035662651062,0
1.3720369338989258,0
1.3766976594924927,0
1.0005220174789429,0
1.0040545463562012,0
1.0082690715789795,0
1.1258453130722046,0
0.9761096239089966,0
1.1368589401245117,0
0.9696051478385925,0
1.1101161241531372,0
1.2014518976211548,0
1.073811411857605,0
0.9892897009849548,0
1.6033623218536377,0
0.9969972372055054,0
0.9700661301612854,0
134.27992248535156,0
1.0161447525024414,0
1.0815542936325073,0
1.1451029777526855,0
0.9798184037208557,0
1.225787878036499,0
1.1405086517333984,0
0.9882757067680359,0
0.9688021540641785,0
1.0996335744857788,0
1.5352383852005005,0
1.1723953485488892,0
0.9964146018028259,0
1.0278018712997437,0
1.0047733783721924,0
1.0065138339996338,0
1.026106595993042,0
1.0185948610305786,0
1.052700161933899,0
1.3431230783462524,0
1.0457308292388916,0
1.1052181720733643,0
1.001094102859497,0
1.1464004516601562,0
2.817441463470459,0
1.1033754348754883,0
1.0279725790023804,0
1.0047097206115723,0
0.9746383428573608,0
1.0021291971206665,0
1.1884498596191406,0
0.9955107569694519,0
1.1896226406097412,0
0.9541628956794739,0
1.130245327949524,0
1.0024335384368896,0
1.2980520725250244,0
1.055052638053894,0
0.9919055104255676,0
1.560130000114441,0
1.1416754722595215,0
1.0908054113388062,0
0.9786749482154846,0
1.1276090145111084,0
0.9653248190879822,0
1.1779649257659912,0
1.1405311822891235,0
1.0010310411453247,0
0.9974636435508728,0
1.2779994010925293,0
0.9925234913825989,0
1.011139988899231,0
1.3929126262664795,0
1.1934499740600586,0
1.142989993095398,0
1.0861232280731201,0
1.009148359298706,0
1.073625922203064,0
0.9447975754737854,0
0.9670572876930237,0
1.043313980102539,0
0.9951252341270447,0
1.1183688640594482,0
1.0317730903625488,0
1.0061763525009155,0
1.0894968509674072,0
1.0667648315429688,0
0.9825608730316162,0
1.0379685163497925,0
1.1380523443222046,0
1.3012877702713013,0
1.0112838745117188,0
1.3510606288909912,0
1.0522444248199463,0
0.9717413783073425,0
0.9963713884353638,0
1.1048654317855835,0
1.0567947626113892,0
1.0934134721755981,0
1.0150712728500366,0
0.9973945617675781,0
0.9728484153747559,0
1.0784485340118408,0
1.0981897115707397,0
1.0267337560653687,0
1.0024927854537964,0
1.136643886566162,0
1.0006023645401,0
0.9862440824508667,0
1.0824244022369385,0
1.0462074279785156,0
1.0904823541641235,0
40.0430908203125,0
1.038046956062317,0
1.044675350189209,0
1.0670180320739746,0
0.993728756904602,0
1.6913247108459473,0
1.0390782356262207,0
1.0773290395736694,0
1.0,0
1.037738561630249,0
1.1245477199554443,0
0.9821697473526001,0
1.1887322664260864,0
1.017760157585144,0
1.0372703075408936,0
1.09624183177948,0
0.9632903933525085,0
0.9622464776039124,0
1.0594983100891113,0
1.0195629596710205,0
0.9872235059738159,0
1.7973655462265015,0
1.003810167312622,0
0.9948973059654236,0
1.1395680904388428,0
0.9622806906700134,0
1.016082525253296,0
0.9593682289123535,0
1.0825649499893188,0
1.0740822553634644,0
1.1884145736694336,0
1.018344759941101,0
1.150113582611084,0
0.9831674098968506,0
1.0125839710235596,0
1.4516526460647583,0
1.23403799533844,0
0.9324219226837158,0
1.0200754404067993,0
1.0212063789367676,0
0.9694392681121826,0
1.1348958015441895,0
1.007071614265442,0
1.0059775114059448,0
1.2854267358779907,0
1.8909772634506226,0
1.2130833864212036,0
1.005763292312622,0
1.2206696271896362,0
1.016801118850708,0
1.0722112655639648,0
0.9481750726699829,0
2.647326707839966,0
1.443598747253418,0
1.0413867235183716,0
1.1228680610656738,0
1.008070945739746,0
0.9899572134017944,0
1.0222373008728027,0
1.0818907022476196,0
1.0131179094314575,0
0.9804733991622925,0
1.048875331878662,0
1.0167714357376099,0
1.0199646949768066,0
1.123740792274475,0
1.1749600172042847,0
1.0552228689193726,0
0.9986886382102966,0
1.0162620544433594,0
0.9822496175765991,0
1.0783488750457764,0
0.967380702495575,0
1.1003270149230957,0
1.0200706720352173,0
0.9692286849021912,0
1.0037341117858887,0
1.1264994144439697,0
1.2358850240707397,0
0.9812285900115967,0
0.9801061153411865,0
1.6413648128509521,0
1.049319863319397,0
0.9911577701568604,0
1.39216148853302,0
0.951606035232544,0
0.9904944896697998,0
1.2484290599822998,0
1.304516315460205,0
0.9583990573883057,0
1.105104684829712,0
1.402313232421875,0
1.0628228187561035,0
1.106706976890564,0
1.2289934158325195,0
1.0628472566604614,0
0.9862833619117737,0
1.4499304294586182,0
0.979060709476471,0
0.9772934913635254,0
1.0639686584472656,0
0.9941276907920837,0
0.9636645317077637,0
1.0460582971572876,0
1.0457547903060913,0
1.062389612197876,0
1.0469340085983276,0
1.0396015644073486,0
1.0250874757766724,0
0.9758480191230774,0
1.0606131553649902,0
1.0442826747894287,0
1.156194806098938,0
0.9728637337684631,0
1.0125855207443237,0
1.0281559228897095,0
1.106860637664795,0
1.046862006187439,0
1.0015829801559448,0
1.0223897695541382,0
1.0750503540039062,0
1.0948830842971802,0
1.0906473398208618,0
1.0728700160980225,0
1.1943598985671997,0
0.9939767122268677,0
0.9669147729873657,0
1.0890220403671265,0
1.046045184135437,0
0.9415860772132874,0
1.0571715831756592,0
1.0657247304916382,0
1.178629994392395,0
1.0072250366210938,0
1.2049226760864258,0
1.23176109790802,0
1.1037161350250244,0
1.0059527158737183,0
1.0141607522964478,0
1.0438666343688965,0
1.0200603008270264,0
1.0439902544021606,0
0.9667425751686096,0
0.967380702495575,0
1.1708011627197266,0
1.0072473287582397,0
2.0036230087280273,0
1.1894763708114624,0
1.0316665172576904,0
1.2119994163513184,0
1.053278923034668,0
1.0427764654159546,0
1.100426435470581,0
0.9653854370117188,0
1.0329163074493408,0
1.008273720741272,0
1.2824225425720215,0
1.054211974143982,0
1.192934513092041,0
1.0957733392715454,0
0.9622609615325928,0
0.9702839255332947,0
1.6759322881698608,0
1.3082491159439087,0
0.9889901876449585,0
1.284887433052063,0
1.0615981817245483,0
1.0472187995910645,0
0.9923447370529175,0
1.4734818935394287,0
1.0030168294906616,0
1.002492904663086,0
1.1985899209976196,0
0.9953455924987793,0
1.6310492753982544,0
1.0796068906784058,0
1.152491807937622,0
0.9800420999526978,0
1.0355966091156006,0
1.2645701169967651,0
1.041425347328186,0
1.0666508674621582,0
0.9851220846176147,0
0.9678162932395935,0
1.053756833076477,0
0.9811896681785583,0
0.9960060119628906,0
1.0183640718460083,0
0.9781481623649597,0
0.9873277544975281,0
1.0813443660736084,0
1.0297603607177734,0
1.0749249458312988,0
1.0507632493972778,0
1.0847368240356445,0
0.976701021194458,0
1.252075433731079,0
1.115723729133606,0
1.22324800491333,0
1.1121746301651,0
1.0036855936050415,0
1.0373996496200562,0
1.0579274892807007,0
1.0283164978027344,0
0.9765467643737793,0
0.9902872443199158,0
1.1987203359603882,0
1.074183702468872,0
1.0593754053115845,0
1.0725526809692383,0
1.0356122255325317,0
0.9655289649963379,0
0.9821650385856628,0
0.9452381134033203,0
1.1780283451080322,0
1.1391870975494385,0
1.0140622854232788,0
1.0302283763885498,0
1.0692789554595947,0
1.067979335784912,0
1.160707712173462,0
0.9684023261070251,0
0.984859049320221,0
1.6415395736694336,0
1.1412224769592285,0
1.0361318588256836,0
1.0250287055969238,0
1.000820279121399,0
1.03569495677948,0
1.0227245092391968,0
1.049778699874878,0
0.9800872206687927,0
0.990391731262207,0
1.0375536680221558,0
1.0302772521972656,0
1.100938320159912,0
1.0411088466644287,0
1.2509865760803223,0
1.0177624225616455,0
1.0284302234649658,0
1.0314445495605469,0
1.064335823059082,0
1.047777771949768,0
1.2324413061141968,0
0.9981182217597961,0
1.0008256435394287,0
1.0157034397125244,0
0.979418933391571,0
1.0617470741271973,0
0.982262909412384,0
1.0447502136230469,0
1.0576595067977905,0
1.2475110292434692,0
1.0174195766448975,0
1.0650919675827026,0
1.2005133628845215,0
2.1665284633636475,0
1.0468229055404663,0
1.8279200792312622,0
1.1536576747894287,0
1.0486904382705688,0
0.9841493964195251,0
1.0416746139526367,0
1.0606318712234497,0
1.0560624599456787,0
1.1062952280044556,0
0.9554123878479004,0
1.077759861946106,0
1.4313085079193115,0
1.00693941116333,0
1.0115289688110352,0
0.9540297985076904,0
0.9895039796829224,0
1.1135896444320679,0
1.0936020612716675,0
1.360547423362732,0
0.9762826561927795,0
0.9796205759048462,0
0.9863735437393188,0
0.9690198302268982,0
2.813417673110962,0
1.1374268531799316,0
1.1591897010803223,0
1.1013751029968262,0
1.0496938228607178,0
1.0847934484481812,0
1.0093635320663452,0
1.294843077659607,0
1.3076790571212769,0
1.0352059602737427,0
1.1029778718948364,0
1.044542670249939,0
0.9893878102302551,0
1.0128734111785889,0
1.0430265665054321,0
1.0598496198654175,0
1.0199403762817383,0
1.1097272634506226,0
1.0295087099075317,0
1.034230351448059,0
1.0264110565185547,0
3.1785168647766113,0
1.1557135581970215,0
2.8289222717285156,0
1.2037041187286377,0
2.8158953189849854,0
1.0436147451400757,0
1.1045887470245361,0
1.6013745069503784,0
1.1496503353118896,0
0.9715233445167542,0
1.1217155456542969,0
1.049034595489502,0
0.9846455454826355,0
0.9958800673484802,0
1.0463080406188965,0
0.979759156703949,0
1.1047091484069824,0
1.1435797214508057,0
1.0261156558990479,0
1.764689326286316,0
1.043241262435913,0
1.2130833864212036,0
1.0229220390319824,0
1.0348559617996216,0
1.0532552003860474,0
1.014716625213623,0
1.0061087608337402,0
0.9747401475906372,0
1.1635780334472656,0
1.0383384227752686,0
1.1469511985778809,0
0.9804471731185913,0
1.0063952207565308,0
1.2917149066925049,0
1.1132961511611938,0
1.0986319780349731,0
1.2936903238296509,0
1.136610507965088,0
1.0607690811157227,0
1.0372308492660522,0
0.9452381134033203,0
1.0787279605865479,0
1.2028123140335083,0
1.21267569065094,0
1.0800399780273438,0
0.9821790456771851,0
1.0054174661636353,0
0.9518393874168396,0
1.0267404317855835,0
1.284751534461975,0
1.663426399230957,0
1.0395911931991577,0
1.4200856685638428,0
1.1313170194625854,0
1.030170202255249,0
0.9939602613449097,0
1.0795623064041138,0
1.1044676303863525,0
1.0018410682678223,0
1.0455803871154785,0
0.9782493710517883,0
1.4105875492095947,0
1.0823036432266235,0
1.0457818508148193,0
0.9927400350570679,0
1.0918848514556885,0
1.1048948764801025,0
0.9958168864250183,0
1.1950474977493286,0
1.072862982749939,0
1.0582656860351562,0
1.084079384803772,0
1.002468228340149,0
1.0905293226242065,0
1.095741868019104,0
1.0486520528793335,0
1.0728000402450562,0
1.27181077003479,0
0.9914833307266235,0
1.004019021987915,0
1.0282156467437744,0
0.9575286507606506,0
0.9761456251144409,0
1.0123107433319092,0
1.146651029586792,0
1.1575555801391602,0
1.0212379693984985,0
1.0258311033248901,0
1.039370059967041,0
1.2056126594543457,0
0.9836885333061218,0
1.0505539178848267,0
1.454576849937439,0
1.024275302886963,0
1.0198771953582764,0
1.0532599687576294,0
1.0303492546081543,0
1.0905306339263916,0
1.0676099061965942,0
1.2000236511230469,0
1.1661843061447144,0
1.435950756072998,0
0.9948157072067261,0
1.0492448806762695,0
0.997189998626709,0
1.0762449502944946,0
0.9825608730316162,0
1.1687004566192627,0
1.1886860132217407,0
1.163571834564209,0
1.0909714698791504,0
1.3307737112045288,0
1.3433805704116821,0
1.0853327512741089,0
1.0215764045715332,0
0.9896484017372131,0
1.0169636011123657,0
1.1490782499313354,0
1.003537654876709,0
1.0011870861053467,0
1.0692158937454224,0
0.953872799873352,0
1.0316916704177856,0
1.1937971115112305,0
1.4195494651794434,0
1.0628055334091187,0
1.0385383367538452,0
0.9834125638008118,0
1.0003083944320679,0
1.0548937320709229,0
1.0338951349258423,0
1.3011071681976318,0
1.0336289405822754,0
1.2706959247589111,0
1.0117897987365723,0
1.0975687503814697,0
1.0155353546142578,0
1.043135404586792,0
1.0051640272140503,0
1.0553151369094849,0
1.0927623510360718,0
1.0551371574401855,0
0.9922128915786743,0
0.9229951500892639,0
0.9732591509819031,0
1.1311657428741455,0
1.0052858591079712,0
0.9976029992103577,0
0.9989784359931946,0
1.0757709741592407,0
0.9620342254638672,0
1.476394772529602,0
0.9714377522468567,0
1.0268309116363525,0
1.0378646850585938,0
1.029152274131775,0
1.2254042625427246,0
1.0355910062789917,0
1.502373218536377,0
1.006404995918274,0
1.025362491607666,0
0.9960881471633911,0
1.1193214654922485,0
1.131710410118103,0
1.1935311555862427,0
1.0029914379119873,0
0.9804043769836426,0
1.2269288301467896,0
0.9914698004722595,0
1.0166895389556885,0
1.0047816038131714,0
1.098961353302002,0
1.0183879137039185,0
0.9583415985107422,0
0.9881048202514648,0
0.9635643362998962,0
0.9624711275100708,0
1.1235837936401367,0
1.0724848508834839,0
1.0141197443008423,0
1.1596128940582275,0
1.0295549631118774,0
0.9573231339454651,0
1.077841877937317,0
1.1787549257278442,0
1.1071242094039917,0
1.785534381866455,0
0.9972055554389954,0
1.1032238006591797,0
0.9721270799636841,0
1.0124515295028687,0
1.000807523727417,0
1.0964404344558716,0
1.0414276123046875,0
0.995960533618927,0
1.228645920753479,0
1.150105595588684,0
1.2447509765625,0
1.0198943614959717,0
1.1753953695297241,0
1.2044572830200195,0
1.2139952182769775,0
1.054439663887024,0
1.127686619758606,0
1.260640263557434,0
2.556201696395874,0
1.1171518564224243,0
2.78412127494812,0
0.9954426884651184,0
0.9787275791168213,0
0.9690269231796265,0
1.0418778657913208,0
1.035014033317566,0
1.1728262901306152,0
1.0047037601470947,0
0.9776848554611206,0
1.1824533939361572,0
1.2116721868515015,0
1.120497226715088,0
0.9944033622741699,0
0.9820801019668579,0
1.3026543855667114,0
1.2579387426376343,0
0.9895839691162109,0
1.0413888692855835,0
0.9935685992240906,0
1.3803527355194092,0
1.0500320196151733,0
1.0344864130020142,0
1.0394837856292725,0
1.1132522821426392,0
0.9623943567276001,0
1.003061056137085,0
1.2153148651123047,0
1.2076976299285889,0
0.9749637842178345,0
1.0875753164291382,0
1.0312888622283936,0
1.097072720527649,0
2.3417181968688965,0
0.985471248626709,0
2.0659735202789307,0
1.6013611555099487,0
1.0927644968032837,0
1.0017971992492676,0
1.0766692161560059,0
1.756604552268982,0
0.9996695518493652,0
1.0369936227798462,0
0.9849460124969482,0
1.1986106634140015,0
1.0315542221069336,0
0.9764742851257324,0
1.0001206398010254,0
1.0222797393798828,0
1.0001206398010254,0
0.9817591905593872,0
0.9968971014022827,0
1.0748562812805176,0
0.9777114987373352,0
0.9927266240119934,0
1.0932608842849731,0
1.010772466659546,0
1.2029403448104858,0
1.0268988609313965,0
1.0026494264602661,0
1.0089149475097656,0
1.085852861404419,0
0.9890244007110596,0
1.1554055213928223,0
1.021929144859314,0
0.971084713935852,0
1.6151341199874878,0
1.100350022315979,0
1.139054536819458,0
1.0163803100585938,0
1.0554835796356201,0
0.9946237802505493,0
1.0393325090408325,0
0.9844934344291687,0
0.9730851650238037,0
1.1522729396820068,0
1.0061469078063965,0
0.9846587181091309,0
1.1182433366775513,0
1.0068717002868652,0
1.0316296815872192,0
1.0341321229934692,0
0.9915645718574524,0
0.994985818862915,0
1.0231770277023315,0
1.0388325452804565,0
0.9877622127532959,0
1.088350534439087,0
1.0391348600387573,0
1.0977036952972412,0
1.0289568901062012,0
1.7760220766067505,0
1.0871732234954834,0
1.1148555278778076,0
0.9652374386787415,0
0.975997805595398,0
0.9963095188140869,0
1.00374436378479,0
1.1033132076263428,0
0.9603550434112549,0
1.0276967287063599,0
1.2227309942245483,0
1.003158450126648,0
1.2312287092208862,0
1.0289528369903564,0
1.2227129936218262,0
1.2576494216918945,0
0.9606177806854248,0
1.1668051481246948,0
0.9826812148094177,0
1.0881879329681396,0
1.163766622543335,0
0.9954076409339905,0
1.3182191848754883,0
0.9989326596260071,0
1.1716530323028564,0
1.027335286140442,0
0.9766718149185181,0
1.19054114818573,0
0.9632531404495239,0
1.0442701578140259,0
1.2183191776275635,0
1.019928216934204,0
1.0590251684188843,0
0.9924252033233643,0
1.0185884237289429,0
0.9957547783851624,0
1.0471476316452026,0
1.0438586473464966,0
0.9851948618888855,0
1.16704523563385,0
1.044063925743103,0
1.1176701784133911,0
1.0593209266662598,0
1.1265348196029663,0
1.0494433641433716,0
0.9796265959739685,0
1.0228619575500488,0
1.010900855064392,0
1.085286021232605,0
1.0209999084472656,0
0.9559245109558105,0
1.2954773902893066,0
0.9764372110366821,0
1.0238035917282104,0
1.3505175113677979,0
1.3132803440093994,0
1.0512371063232422,0
0.9753538370132446,0
1.1599211692810059,0
0.9594820141792297,0
1.0099562406539917,0
1.039665937423706,0
1.0333688259124756,0
1.046645164489746,0
1.0753217935562134,0
1.008070945739746,0
1.0001087188720703,0
1.0615042448043823,0
1.284540057182312,0
1.039426326751709,0
1.4196619987487793,0
0.9736166596412659,0
0.9415826201438904,0
1.4781043529510498,0
1.0456432104110718,0
0.9702624082565308,0
21.104415893554688,0
1.0071496963500977,0
1.0602902173995972,0
1.6802653074264526,0
0.9825690388679504,0
1.0186665058135986,0
3.0126168727874756,0
1.003247857093811,0
0.978754997253418,0
1.0280777215957642,0
1.0617533922195435,0
1.018027663230896,0
0.9645506739616394,0
1.1161986589431763,0
1.113457202911377,0
2.813417673110962,0
1.0216715335845947,0
1.0942538976669312,0
1.396487832069397,0
1.3370778560638428,0
0.9950000047683716,0
1.015358805656433,0
0.9681108593940735,0
1.1257950067520142,0
0.9947510957717896,0
1.0011515617370605,0
1.0,0
1.0594048500061035,0
1.0229110717773438,0
1.1285111904144287,0
0.9945222735404968,0
1.0709679126739502,0
1.2949836254119873,0
1.1247543096542358,0
0.973109245300293,0
1.3155980110168457,0
1.0783270597457886,0
1.0437358617782593,0
1.0958447456359863,0
1.0267236232757568,0
1.0089571475982666,0
1.0823618173599243,0
1.0528448820114136,0
0.9949405789375305,0
1.061096429824829,0
1.15495765209198,0
1.0378975868225098,0
1.0023285150527954,0
0.9860384464263916,0
0.9772477149963379,0
0.994753360748291,0
1.1918822526931763,0
1.2730121612548828,0
1.0773625373840332,0
1.1177476644515991,0
0.9783213138580322,0
1.0999478101730347,0
2.5731446743011475,0
1.0250016450881958,0
1.0526528358459473,0
1.1406645774841309,0
1.1108027696609497,0
1.0155558586120605,0
1.218668818473816,0
1.0065701007843018,0
1.4146124124526978,0
1.1237338781356812,0
1.8839784860610962,0
1.1621111631393433,0
1.1769273281097412,0
1.0122588872909546,0
0.994046688079834,0
1.2032068967819214,0
1.1681208610534668,0
0.9944983124732971,0
1.0325511693954468,0
1.2352635860443115,0
1.043063759803772,0
0.9395676255226135,0
1.0323189496994019,0
1.0230365991592407,0
1.004389762878418,0
1.2363468408584595,0
0.9983368515968323,0
1.032686710357666,0
1.0708091259002686,0
1.3949077129364014,0
1.245934247970581,0
1.0259820222854614,0
1.1869934797286987,0
1.0088123083114624,0
1.1380105018615723,0
1.0291870832443237,0
0.9857587814331055,0
1.0230729579925537,0
1.0141491889953613,0
1.0251777172088623,0
1.0944938659667969,0
1.0181955099105835,0
0.9763335585594177,0
1.1064776182174683,0
0.9987138509750366,0
0.9894910454750061,0
1.0940524339675903,0
1.0388853549957275,0
0.9964146018028259,0
1.2150031328201294,0
1.0074082612991333,0
1.1159933805465698,0
1.0273457765579224,0
0.9721522927284241,0
1.0417120456695557,0
1.1735749244689941,0
1.1899904012680054,0
1.0558274984359741,0
1.0290772914886475,0
0.9567885994911194,0
1.0793899297714233,0
1.062497854232788,0
49.207786560058594,0
1.0318328142166138,0
0.9667465686798096,0
1.0536285638809204,0
0.9942607879638672,0
0.9714124202728271,0
1.5412558317184448,0
0.9787275791168213,0
1.08169686794281,0
0.9980147480964661,0
0.9949554204940796,0
1.0060133934020996,0
1.0242249965667725,0
0.9539546370506287,0
0.9818938374519348,0
1.1286237239837646,0
0.9551989436149597,0
1.108440637588501,0
1.1770888566970825,0
1.1733916997909546,0
1.1963706016540527,0
0.9740366339683533,0
0.9670323133468628,0
1.0574471950531006,0
1.0502493381500244,0
0.9914394617080688,0
1.0977647304534912,0
1.1565717458724976,0
1.1720812320709229,0
0.9996681213378906,0
1.0782256126403809,0
1.5341919660568237,0
1.1555861234664917,0
1.0418778657913208,0
1.0815174579620361,0
1.054311990737915,0
1.0498087406158447,0
1.0823278427124023,0
1.052087426185608,0
1.0275843143463135,0
0.96986985206604,0
0.988209068775177,0
0.9696926474571228,0
1.0035444498062134,0
1.012266993522644,0
1.048705816268921,0
1.0124331712722778,0
1.0066097974777222,0
1.0959575176239014,0
1.0775467157363892,0
1.1193269491195679,0
1.034422755241394,0
1.1396574974060059,0
1.0187162160873413,0
1.0060158967971802,0
1.0069438219070435,0
1.2459936141967773,0
1.331268072128296,0
1.03321373462677,0
1.6375386714935303,0
1.116924524307251,0
1.0219944715499878,0
1.0767037868499756,0
1.083966612815857,0
1.2904284000396729,0
1.048766851425171,0
1.0448200702667236,0
1.1570746898651123,0
0.9797623157501221,0
1.0154712200164795,0
1.025709629058838,0
1.5602220296859741,0
1.035035252571106,0
1.1923723220825195,0
1.0322067737579346,0
1.0608997344970703,0
0.9959079027175903,0
1.5061182975769043,0
55.17587661743164,0
1.1390100717544556,0
1.0292932987213135,0
1.0166428089141846,0
1.0888464450836182,0
0.976385235786438,0
0.974887490272522,0
1.2732374668121338,0
1.2910887002944946,0
0.9133878350257874,0
1.0354810953140259,0
1.3152172565460205,0
1.0299701690673828,0
1.0179284811019897,0
1.0139864683151245,0
1.080312728881836,0
1.0294743776321411,0
1.042431354522705,0
1.5676217079162598,0
1.0258814096450806,0
1.1097195148468018,0
1.0475608110427856,0
1.144800066947937,0
1.2427304983139038,0
0.9666666388511658,0
1.0640534162521362,0
1.0511281490325928,0
1.8262701034545898,0
1.0354536771774292,0
0.9876000881195068,0
1.0056730508804321,0
1.056935429573059,0
0.9225108027458191,0
1.0639251470565796,0
1.052435040473938,0
1.027182698249817,0
0.9731817841529846,0
1.137660264968872,0
1.1806867122650146,0
1.097133994102478,0
1.0239875316619873,0
1.5810344219207764,0
1.0273480415344238,0
1.6000357866287231,0
0.994328498840332,0
0.9565268754959106,0
1.0179753303527832,0
1.012691855430603,0
1.0029689073562622,0
1.0958374738693237,0
1.0684194564819336,0
1.0692263841629028,0
1.034484624862671,0
1.3991432189941406,0
1.1563303470611572,0
0.9952520132064819,0
1.0287078619003296,0
1.2826275825500488,0
1.00885009765625,0
1.0113904476165771,0
1.0622984170913696,0
1.220253825187683,0
1.1049268245697021,0
1.0461583137512207,0
1.0217655897140503,0
1.1971194744110107,0
1.0564508438110352,0
1.0392924547195435,0
1.7579808235168457,0
1.151674509048462,0
1.1403391361236572,0
1.0621273517608643,0
1.015243649482727,0
0.9590135812759399,0
0.9855292439460754,0
0.9731652736663818,0
1.0667638778686523,0
0.9767296314239502,0
0.9801717400550842,0
1.5302448272705078,0
1.0239611864089966,0
0.9943378567695618,0
1.0027551651000977,0
1.0439183712005615,0
1.001842737197876,0
1.0719386339187622,0
1.16237473487854,0
0.9981365203857422,0
0.9831511378288269,0
0.9626058340072632,0
0.9787275791168213,0
1.0201973915100098,0
1.1412994861602783,0
1.0372461080551147,0
1.4783941507339478,0
1.0235662460327148,0
1.012482762336731,0
1.1267212629318237,0
1.8535178899765015,0
1.4955848455429077,0
1.0010906457901,0
4.378605842590332,0
0.9692090153694153,0
1.0400174856185913,0
1.0091406106948853,0
1.0389617681503296,0
1.0253551006317139,0
1.0878722667694092,0
1.2849596738815308,0
0.9672635197639465,0
1.0463484525680542,0
126.16163635253906,0
1.076427698135376,0
0.9805305600166321,0
1.055289626121521,0
1.0534437894821167,0
1.0077459812164307,0
1.1189379692077637,0
1.1455674171447754,0
0.952644407749176,0
1.3078941106796265,0
0.9927018284797668,0
1.0117603540420532,0
1.0089771747589111,0
0.993812084197998,0
0.9914965629577637,0
1.0067529678344727,0
1.0172131061553955,0
1.4242160320281982,0
1.3574696779251099,0
1.2271504402160645,0
1.8458973169326782,0
1.096136212348938,0
1.1738309860229492,0
1.1269662380218506,0
1.0660582780838013,0
1.060686707496643,0
2.5656497478485107,0
1.0359303951263428,0
1.0224162340164185,0
1.0870046615600586,0
0.9381833672523499,0
1.2182772159576416,0
1.0659037828445435,0
0.9886162281036377,0
1.1168146133422852,0
1.0796486139297485,0
1.2593052387237549,0
1.3267332315444946,0
0.9820236563682556,0
1.028248906135559,0
2.0310723781585693,0
0.9859201908111572,0
1.0364010334014893,0
1.0816771984100342,0
1.147840142250061,0
1.1031477451324463,0
1.050417423248291,0
0.9873050451278687,0
0.9795965552330017,0
1.0312001705169678,0
0.9843496084213257,0
0.9666668176651001,0
0.994689404964447,0
1.1181715726852417,0
1.1154555082321167,0
0.994440495967865,0
1.0153720378875732,0
1.0316234827041626,0
1.049862027168274,0
1.095130443572998,0
1.0884790420532227,0
0.9883282780647278,0
1.0372430086135864,0
0.9959906339645386,0
0.9776279926300049,0
1.0553991794586182,0
1.3841688632965088,0
1.0745841264724731,0
1.0290248394012451,0
1.2389203310012817,0
0.9568339586257935,0
1.129481554031372,0
1.0633147954940796,0
1.0400484800338745,0
1.097341537475586,0
1.1278406381607056,0
0.9334234595298767,0
1.2586328983306885,0
1.065802812576294,0
0.9563830494880676,0
1.076151967048645,0
1.0012174844741821,0
1.1017991304397583,0
1.2889811992645264,0
1.0349986553192139,0
1.0053800344467163,0
1.2977460622787476,0
1.032896637916565,0
1.0155487060546875,0
1.8054029941558838,0
1.54458749294281,0
1.7980983257293701,0
1.0292448997497559,0
0.9853761196136475,0
2.065964460372925,0
0.9949570894241333,0
1.1872183084487915,0
0.9768203496932983,0
1.2015362977981567,0
1.0317085981369019,0
1.0834031105041504,0
1.1262609958648682,0
1.0174236297607422,0
1.2265000343322754,0
1.001930832862854,0
1.1202119588851929,0
1.0288028717041016,0
1.8699216842651367,0
0.9605911374092102,0
1.0572845935821533,0
1.0405237674713135,0
0.9818623065948486,0
1.0519394874572754,0
0.9930412769317627,0
1.0211602449417114,0
1.3474997282028198,0
0.9786224961280823,0
1.0040040016174316,0
1.0223355293273926,0
1.1585487127304077,0
0.9934731721878052,0
1.0122584104537964,0
1.0264160633087158,0
1.0149513483047485,0
1.1339962482452393,0
1.099302053451538,0
1.129388689994812,0
1.1184111833572388,0
1.002144694328308,0
1.0970385074615479,0
1.1968319416046143,0
0.9523349404335022,0
0.9902902841567993,0
1.120245099067688,0
1.0270445346832275,0
0.9880837798118591,0
1.134657859802246,0
1.0285799503326416,0
0.984187126159668,0
0.9754049181938171,0
1.0000922679901123,0
1.019791603088379,0
1.0183779001235962,0
0.9481840133666992,0
1.0519951581954956,0
1.0528868436813354,0
1.0633223056793213,0
0.9774705767631531,0
1.082167148590088,0
1.0884795188903809,0
1.0177583694458008,0
1.0671720504760742,0
1.0363258123397827,0
1.056694746017456,0
1.2103219032287598,0
0.9611294865608215,0
0.987076461315155,0
0.9596113562583923,0
1.3746724128723145,0
0.9882147908210754,0
0.9929930567741394,0
1.1195909976959229,0
1.259356141090393,0
1.155613899230957,0
1.190071702003479,0
1.1039174795150757,0
0.995845377445221,0
0.9783591628074646,0
1.3387669324874878,0
1.393033504486084,0
1.3571349382400513,0
1.1073167324066162,0
1.011643409729004,0
1.0961999893188477,0
1.7338171005249023,0
1.0480624437332153,0
1.6108630895614624,0
1.1307767629623413,0
1.036084771156311,0
1.0573809146881104,0
0.9835116267204285,0
1.011967658996582,0
1.0131679773330688,0
1.136546015739441,0
1.0728482007980347,0
82.86882781982422,0
1.0085804462432861,0
1.0992881059646606,0
0.9870797991752625,0
1.0084928274154663,0
1.2802646160125732,0
1.1439067125320435,0
0.9676005840301514,0
1.0091450214385986,0
0.9583026766777039,0
0.985994279384613,0
1.0505181550979614,0
0.9452381134033203,0
1.27302086353302,0
1.166635513305664,0
1.0189334154129028,0
0.9765932559967041,0
1.0635168552398682,0
0.9882355332374573,0
1.027106523513794,0
1.0172802209854126,0
1.0083037614822388,0
1.0849896669387817,0
1.0710173845291138,0
1.0056533813476562,0
1.0398528575897217,0
1.0420398712158203,0
0.9940692186355591,0
1.000089406967163,0
1.0849689245224,0
1.0588387250900269,0
0.9860518574714661,0
1.0222326517105103,0
1.0222710371017456,0
1.1406059265136719,0
0.9919028878211975,0
1.1077543497085571,0
0.9878254532814026,0
1.5694941282272339,0
0.976911723613739,0
1.0187565088272095,0
0.9997506737709045,0
1.208431363105774,0
0.9934936165809631,0
1.7668819427490234,0
1.0889687538146973,0
0.9993833303451538,0
1.0046367645263672,0
4.817555904388428,0
1.0681437253952026,0
0.9550264477729797,0
1.0693209171295166,0
1.011684536933899,0
1.5074377059936523,0
1.0708024501800537,0
1.026973843574524,0
1.6131560802459717,0
1.2156637907028198,0
1.1433066129684448,0
1.0751080513000488,0
0.9761068224906921,0
1.0523601770401,0
1.0588254928588867,0
1.000934362411499,0
1.0230320692062378,0
1.0228184461593628,0
1.1228880882263184,0
1.283814787864685,0
1.0134600400924683,0
1.130852222442627,0
1.062739372253418,0
1.0001251697540283,0
1.0354411602020264,0
1.1472705602645874,0
1.4048365354537964,0
1.013551115989685,0
0.9720228314399719,0
0.9980147480964661,0
1.135862946510315,0
1.057687520980835,0
1.0238481760025024,0
1.0069133043289185,0
0.9859788417816162,0
1.0200194120407104,0
1.082031011581421,0
3.11338472366333,0
1.4608049392700195,0
1.1170504093170166,0
1.0347402095794678,0
1.0543111562728882,0
1.0298668146133423,0
1.1065090894699097,0
1.0862728357315063,0
0.988304853439331,0
1.0564496517181396,0
0.937878429889679,0
1.1773964166641235,0
0.9926490187644958,0
1.0388946533203125,0
1.176331877708435,0
1.0860058069229126,0
1.1034598350524902,0
1.0202383995056152,0
1.1298335790634155,0
1.0675820112228394,0
0.9683459997177124,0
1.0271642208099365,0
1.0497772693634033,0
1.0240705013275146,0
1.1670958995819092,0
1.0102248191833496,0
0.9464793801307678,0
1.049523115158081,0
1.1598529815673828,0
0.9966992735862732,0
1.1719235181808472,0
1.0100637674331665,0
1.1300737857818604,0
1.010503888130188,0
1.062188744544983,0
0.9740995764732361,0
1.0192766189575195,0
1.179640769958496,0
1.1261802911758423,0
1.0022107362747192,0
1.134467601776123,0
1.072676658630371,0
1.071502447128296,0
1.0482289791107178,0
1.0027068853378296,0
0.999533474445343,0
1.031569242477417,0
1.3315670490264893,0
0.9766057133674622,0
1.0796079635620117,0
1.3867199420928955,0
1.1178139448165894,0
0.9989332556724548,0
4.91020393371582,0
1.057603359222412,0
0.9739154577255249,0
1.0350432395935059,0
1.0645745992660522,0
1.2503232955932617,0
0.999234676361084,0
1.0259265899658203,0
1.2113838195800781,0
1.1736408472061157,0
0.9901546239852905,0
0.9743200540542603,0
0.9738668203353882,0
1.8883591890335083,0
1.0198935270309448,0
1.05580472946167,0
1.2171303033828735,0
0.9710512757301331,0
0.9418810606002808,0
1.017845869064331,0
1.0722073316574097,0
1.0356104373931885,0
1.3726484775543213,0
1.0696523189544678,0
1.29580819606781,0
1.4742162227630615,0
1.0639861822128296,0
0.9896765351295471,0
1.2182338237762451,0
0.996211588382721,0
6.101413249969482,0
1.0181388854980469,0
1.0060311555862427,0
1.226445198059082,0
1.0920685529708862,0
1.7825148105621338,0
0.995341420173645,0
0.9970014095306396,0
1.369588017463684,0
1.2343559265136719,0
1.002058982849121,0
0.9796018004417419,0
1.0245777368545532,0
2.831536054611206,0
1.0936949253082275,0
1.1369296312332153,0
1.095788598060608,0
1.0324513912200928,0
1.007063627243042,0
1.010675072669983,0
1.0293604135513306,0
1.0064784288406372,0
0.9777041673660278,0
0.992230236530304,0
1.003352403640747,0
0.9933804869651794,0
0.9702810645103455,0
1.0154311656951904,0
0.9783279299736023,0
1.9395978450775146,0
0.9895166158676147,0
1.1125305891036987,0
1.1160178184509277,0
1.3687649965286255,0
1.0033658742904663,0
1.1684587001800537,0
0.9663112163543701,0
1.0896331071853638,0
0.9938678741455078,0
1.0271291732788086,0
1.0365166664123535,0
0.9776446223258972,0
1.02609121799469,0
0.9587531685829163,0
0.9860750436782837,0
1.4523342847824097,0
0.9813045859336853,0
1.198198914527893,0
1.0935088396072388,0
1.181757926940918,0
1.4244978427886963,0
1.0597572326660156,0
1.0507752895355225,0
1.549818515777588,0
1.0910003185272217,0
1.0108859539031982,0
1.004634141921997,0
1.05198335647583,0
0.9555255770683289,0
1.100683569908142,0
1.0159896612167358,0
0.9720079302787781,0
1.0842187404632568,0
0.9859843850135803,0
1.0527865886688232,0
1.0691771507263184,0
1.001498818397522,0
0.9924540519714355,0
1.1009398698806763,0
1.471380591392517,0
1.144888162612915,0
1.096198558807373,0
1.0464096069335938,0
0.9966999292373657,0
1.003437876701355,0
0.9891253113746643,0
1.2015511989593506,0
1.006589651107788,0
1.0693142414093018,0
1.0707508325576782,0
1.0645945072174072,0
1.275831699371338,0
0.966079592704773,0
1.2938313484191895,0
1.1750588417053223,0
1.4797351360321045,0
1.0943603515625,0
1.0168150663375854,0
0.9854308366775513,0
1.0056291818618774,0
1.026788592338562,0
1.1769276857376099,0
1.0151796340942383,0
0.9820224642753601,0
1.0646803379058838,0
1.1507320404052734,0
0.9853792786598206,0
1.0791523456573486,0
1.1443616151809692,0
1.0052821636199951,0
1.0518226623535156,0
1.0122160911560059,0
1.454795002937317,0
1.0668314695358276,0
0.9868937730789185,0
1.0351310968399048,0
0.9952124357223511,0
1.0434284210205078,0
1.0732775926589966,0
0.9995750188827515,0
0.9913195967674255,0
0.9878074526786804,0
1.0920106172561646,0
0.9583078026771545,0
1.1459275484085083,0
0.9976249933242798,0
0.9854070544242859,0
1.0078328847885132,0
1.010196566581726,0
1.0356507301330566,0
1.0874242782592773,0
1.1899845600128174,0
1.0880481004714966,0
1.1643859148025513,0
1.1766270399093628,0
1.2003650665283203,0
1.0477606058120728,0
1.2485692501068115,0
1.0477598905563354,0
1.301023244857788,0
0.9892247319221497,0
1.0150763988494873,0
1.6935728788375854,0
1.0076680183410645,0
1.1727795600891113,0
1.1241053342819214,0
1.0770697593688965,0
0.9577813148498535,0
1.1102261543273926,0
1.1134450435638428,0
1.2360578775405884,0
0.9884155988693237,0
1.0958179235458374,0
0.9850451946258545,0
1.0657154321670532,0
2.033601999282837,0
2.1255264282226562,0
1.112278699874878,0
1.785534381866455,0
1.2301515340805054,0
0.9838205575942993,0
1.0289584398269653,0
1.2237083911895752,0
1.021573543548584,0
1.004262924194336,0
1.3091250658035278,0
1.1031264066696167,0
1.0015993118286133,0
1.0691447257995605,0
1.1008915901184082,0
0.9977250695228577,0
1.0005985498428345,0
0.9830965995788574,0
0.9874259829521179,0
1.0550029277801514,0
0.999842643737793,0
1.1283714771270752,0
0.9787964224815369,0
1.180321216583252,0
0.9969533085823059,0
2.530247211456299,0
0.9757311940193176,0
0.9754660129547119,0
1.0640652179718018,0
0.9913635849952698,0
1.061058521270752,0
1.5956162214279175,0
1.0460854768753052,0
1.1416281461715698,0
0.996458888053894,0
1.29964280128479,0
1.0216463804244995,0
0.9717370867729187,0
1.1689388751983643,0
1.1556204557418823,0
0.9736332893371582,0
1.6673907041549683,0
1.105096459388733,0
1.035856008529663,0
1.0203495025634766,0
1.0204523801803589,0
1.0949169397354126,0
1.0726901292800903,0
1.1177144050598145,0
1.0309672355651855,0
1.0180306434631348,0
1.1108757257461548,0
1.6413648128509521,0
0.9319157600402832,0
1.0305324792861938,0
1.0656019449234009,0
1.0369303226470947,0
1.0893417596817017,0
1.2539544105529785,0
1.0804498195648193,0
1.377081036567688,0
1.0112700462341309,0
1.0133123397827148,0
1.160836100578308,0
1.0538426637649536,0
1.2096999883651733,0
3.438565492630005,0
1.1126048564910889,0
0.9652353525161743,0
1.2068713903427124,0
1.025954246520996,0
1.0313427448272705,0
1.418875813484192,0
1.0027869939804077,0
1.004350185394287,0
1.1465224027633667,0
0.9876489043235779,0
1.1113629341125488,0
1.1097609996795654,0
2.0395452976226807,0
1.1683850288391113,0
1.1030112504959106,0
1.0041930675506592,0
1.0280795097351074,0
1.210518479347229,0
1.877140760421753,0
1.0042805671691895,0
1.0217792987823486,0
1.082849383354187,0
1.009386658668518,0
1.0741890668869019,0
0.9498192071914673,0
1.212977647781372,0
0.9442530274391174,0
0.9914343357086182,0
1.0053906440734863,0
0.9451759457588196,0
1.164080023765564,0
1.1097512245178223,0
1.113182783126831,0
0.9842582941055298,0
1.1229532957077026,0
1.0258616209030151,0
0.9800217151641846,0
0.9910573959350586,0
1.0258716344833374,0
1.2532398700714111,0
1.1754357814788818,0
1.5842666625976562,0
1.057721495628357,0
1.1708656549453735,0
0.9716158509254456,0
0.9275546669960022,0
1.262163758277893,0
1.0220142602920532,0
1.0024337768554688,0
1.1341266632080078,0
1.286617636680603,0
0.9890634417533875,0
1.3770370483398438,0
1.11196768283844,0
1.0545997619628906,0
1.090418815612793,0
1.0321440696716309,0
1.0077903270721436,0
1.0147603750228882,0
0.9984785914421082,0
1.077906847000122,0
1.2693899869918823,0
1.0,0
0.9601991772651672,0
1.2725887298583984,0
0.9670724272727966,0
1.0073248147964478,0
1.0368660688400269,0
1.0860906839370728,0
1.0640671253204346,0
0.98114413022995,0
1.3061673641204834,0
1.0571800470352173,0
0.9944460391998291,0
1.0105637311935425,0
1.0555623769760132,0
1.3109968900680542,0
1.325762152671814,0
1.0002987384796143,0
1.0798081159591675,0
1.148832082748413,0
1.0330584049224854,0
1.1507266759872437,0
1.2756296396255493,0
1.0454950332641602,0
1.2201669216156006,0
1.156514286994934,0
1.0663762092590332,0
0.9452381134033203,0
1.323362946510315,0
1.090516448020935,0
3.03765606880188,0
1.1459388732910156,0
1.019482135772705,0
1.1829497814178467,0
1.1918822526931763,0
1.0376020669937134,0
1.091124176979065,0
1.0204081535339355,0
1.0001295804977417,0
0.9674937129020691,0
1.0534852743148804,0
1.107155203819275,0
1.129680871963501,0
1.1050266027450562,0
0.9519439935684204,0
0.9870797991752625,0
0.9704018235206604,0
1.0892589092254639,0
2.8727242946624756,0
1.0789339542388916,0
2.8087270259857178,0
0.9855394959449768,0
1.1210585832595825,0
1.0998033285140991,0
1.131905436515808,0
1.1036759614944458,0
1.118781328201294,0
0.9821128249168396,0
1.2183759212493896,0
1.0572489500045776,0
100.45636749267578,0
1.0001168251037598,0
1.0201202630996704,0
1.0024961233139038,0
0.995069682598114,0
0.9406657218933105,0
0.9808345437049866,0
1.0900640487670898,0
134.27992248535156,0
1.1013243198394775,0
1.1362053155899048,0
0.9472977519035339,0
1.0409117937088013,0
1.0570063591003418,0
1.072991132736206,0
0.9809683561325073,0
0.966458797454834,0
1.021813988685608,0
0.9997389316558838,0
0.9964388608932495,0
1.0396586656570435,0
1.3497546911239624,0
1.5817261934280396,0
1.0817068815231323,0
1.1469924449920654,0
1.1230993270874023,0
1.0850415229797363,0
0.9950000047683716,0
1.3301721811294556,0
1.1657485961914062,0
1.052988052368164,0
1.1748130321502686,0
1.0240154266357422,0
1.9003632068634033,0
1.0055075883865356,0
1.0261785984039307,0
1.035751223564148,0
1.0026968717575073,0
1.110429048538208,0
1.1523140668869019,0
2.277921199798584,0
1.052230715751648,0
1.485263705253601,0
1.0927696228027344,0
1.1544361114501953,0
1.0264753103256226,0
1.0398763418197632,0
1.1407808065414429,0
1.0189687013626099,0
1.0141957998275757,0
1.2982337474822998,0
0.9797623157501221,0
1.6797466278076172,0
1.4272128343582153,0
1.1612284183502197,0
1.051283836364746,0
1.2520400285720825,0
1.0079416036605835,0
1.2165172100067139,0
1.0013426542282104,0
0.9812712073326111,0
1.1362353563308716,0
1.0069255828857422,0
1.132551670074463,0
1.0355888605117798,0
0.961030125617981,0
1.5816190242767334,0
2.0677173137664795,0
1.0274710655212402,0
1.0324739217758179,0
1.1461504697799683,0
0.9798080325126648,0
1.2045286893844604,0
0.9719562530517578,0
0.9927443861961365,0
0.9814114570617676,0
1.015704870223999,0
1.0352857112884521,0
1.1973437070846558,0
1.3105816841125488,0
1.05525541305542,0
0.9572772979736328,0
1.0330716371536255,0
0.9922521710395813,0
0.9757953882217407,0
0.9939240217208862,0
0.9968277215957642,0
1.0010902881622314,0
1.0838114023208618,0
1.0465176105499268,0
1.2440557479858398,0
1.0061993598937988,0
0.9988888502120972,0
1.2374422550201416,0
1.0587031841278076,0
1.051255464553833,0
1.0079421997070312,0
0.9843142628669739,0
1.0699256658554077,0
1.0184755325317383,0
1.0827898979187012,0
1.181276559829712,0
1.0061179399490356,0
1.042898416519165,0
0.9886534214019775,0
0.9987719655036926,0
1.218354344367981,0
1.1461666822433472,0
2.9910223484039307,0
1.0633522272109985,0
1.0767385959625244,0
1.0140745639801025,0
1.109017252922058,0
1.1003024578094482,0
1.0610545873641968,0
1.136077642440796,0
1.0253602266311646,0
1.0797451734542847,0
0.9868224859237671,0
0.9814708828926086,0
1.0143475532531738,0
1.0722393989562988,0
1.0737029314041138,0
0.9705381393432617,0
1.2634406089782715,0
1.0019142627716064,0
1.0377930402755737,0
1.2778891324996948,0
1.0061370134353638,0
1.019171953201294,0
1.0505541563034058,0
0.9753942489624023,0
1.2574646472930908,0
1.1627898216247559,0
1.0682194232940674,0
1.0216388702392578,0
1.0083262920379639,0
5.380761623382568,0
1.060968279838562,0
1.336348533630371,0
1.1315172910690308,0
1.6505941152572632,0
1.082350730895996,0
0.9906309843063354,0
1.2264045476913452,0
1.015874981880188,0
1.0079151391983032,0
1.2252075672149658,0
1.1115574836730957,0
1.6589205265045166,0
1.0281107425689697,0
1.0425893068313599,0
0.9887735247612,0
1.0097770690917969,0
1.0251089334487915,0
1.043857455253601,0
1.0156834125518799,0
1.0103076696395874,0
1.0161004066467285,0
0.9785695672035217,0
1.0211496353149414,0
1.424705982208252,0
1.0082980394363403,0
1.0416066646575928,0
1.059765100479126,0
0.9695219397544861,0
1.3117824792861938,0
1.0137193202972412,0
1.0603623390197754,0
1.4121224880218506,0
1.0338926315307617,0
1.009770393371582,0
1.0475223064422607,0
1.0621132850646973,0
1.0725616216659546,0
1.0688756704330444,0
0.9797623157501221,0
1.320757508277893,0
1.12241530418396,0
1.0023350715637207,0
1.4459515810012817,0
1.023813247680664,0
0.9931517839431763,0
1.0959266424179077,0
1.0389299392700195,0
0.9735010266304016,0
1.8617594242095947,0
0.9913434386253357,0
1.0057036876678467,0
1.0750348567962646,0
0.9910004138946533,0
1.0046570301055908,0
1.5935873985290527,0
1.034758448600769,0
1.003280520439148,0
0.9849691390991211,0
0.9549791812896729,0
1.0204370021820068,0
1.224297285079956,0
1.1606522798538208,0
1.087075114250183,0
1.0791151523590088,0
0.9962970614433289,0
1.0672943592071533,0
1.094180703163147,0
1.2169488668441772,0
1.0622373819351196,0
1.0203443765640259,0
1.0323333740234375,0
1.0297291278839111,0
0.9784113764762878,0
1.6161205768585205,0
0.989285945892334,0
0.9802504181861877,0
1.0028811693191528,0
0.9698089957237244,0
1.0223917961120605,0
0.9725202322006226,0
1.1493936777114868,0
1.1070815324783325,0
1.0424401760101318,0
1.650492787361145,0
1.1790326833724976,0
1.074983835220337,0
1.2195931673049927,0
0.9269014596939087,0
1.025768756866455,0
1.031849980354309,0
0.9802467226982117,0
1.0201137065887451,0
0.9822500944137573,0
1.4415854215621948,0
0.9777121543884277,0
0.9712035655975342,0
1.1937694549560547,0
1.0398595333099365,0
1.0095293521881104,0
0.9946919083595276,0
1.152597188949585,0
1.0011703968048096,0
1.0197428464889526,0
1.8118361234664917,0
1.4312759637832642,0
1.190698266029358,0
1.055847406387329,0
1.0219253301620483,0
0.9748061895370483,0
1.137193202972412,0
1.0882949829101562,0
1.058013916015625,0
0.9630270004272461,0
1.012756109237671,0
0.9645519256591797,0
1.126711368560791,0
1.018310785293579,0
1.0811903476715088,0
1.0245623588562012,0
1.0256942510604858,0
1.0406025648117065,0
1.0320593118667603,0
1.0716472864151,0
1.0258344411849976,0
0.9861487150192261,0
1.056534767150879,0
1.1279206275939941,0
1.0031472444534302,0
1.0241552591323853,0
1.2181649208068848,0
1.1227421760559082,0
1.07066810131073,0
1.1461548805236816,0
1.2584872245788574,0
1.0324575901031494,0
1.0465060472488403,0
0.968255877494812,0
1.6811637878417969,0
0.9986044764518738,0
2.702418088912964,0
1.204309105873108,0
1.231857180595398,0
1.1450382471084595,0
1.0794153213500977,0
0.9812712669372559,0
1.0853391885757446,0
1.0117326974868774,0
1.1153826713562012,0
1.1096373796463013,0
1.0016283988952637,0
1.0229028463363647,0
1.1097036600112915,0
1.2468615770339966,0
1.1137208938598633,0
0.9948185682296753,0
0.971808671951294,0
1.4328173398971558,0
0.9888814687728882,0
0.978400468826294,0
0.9615494012832642,0
1.1557234525680542,0
1.172005534172058,0
1.0014939308166504,0
1.1317112445831299,0
0.9781842827796936,0
1.1967288255691528,0
1.0135382413864136,0
1.1222443580627441,0
1.1025512218475342,0
1.021039366722107,0
0.9901817440986633,0
1.0047955513000488,0
0.9947399497032166,0
1.2130833864212036,0
1.1195820569992065,0
1.0523643493652344,0
1.114033818244934,0
1.349869728088379,0
1.0496779680252075,0
1.0665348768234253,0
0.9996017813682556,0
1.8705768585205078,0
1.5689547061920166,0
1.1111844778060913,0
1.8974133729934692,0
1.0315881967544556,0
1.0311905145645142,0
1.023440957069397,0
0.9979554414749146,0
1.1075443029403687,0
1.0395393371582031,0
1.1311171054840088,0
1.0733200311660767,0
1.1359813213348389,0
1.1520966291427612,0
1.8286076784133911,0
0.972806990146637,0
1.124342441558838,0
1.5259144306182861,0
0.9675177335739136,0
1.0305966138839722,0
1.083369493484497,0
1.0172698497772217,0
1.0094248056411743,0
0.9793838858604431,0
0.9638799428939819,0
1.096389651298523,0
1.0200802087783813,0
1.0928252935409546,0
1.0260543823242188,0
1.0476373434066772,0
0.9841508269309998,0
1.0407381057739258,0
1.1927666664123535,0
1.5554488897323608,0
0.9979573488235474,0
1.1823879480361938,0
0.9978358745574951,0
1.1434754133224487,0
1.142581582069397,0
1.2009321451187134,0
1.9830015897750854,0
1.039221167564392,0
1.1176596879959106,0
1.0560641288757324,0
1.193619728088379,0
2.1019210815429688,0
1.0371084213256836,0
0.9967418313026428,0
1.0059667825698853,0
1.001474142074585,0
1.035409688949585,0
1.2027208805084229,0
1.0114721059799194,0
1.004631519317627,0
1.0330156087875366,0
0.9638307094573975,0
1.2885823249816895,0
0.9781872034072876,0
0.9936127662658691,0
0.9649710059165955,0
1.2882546186447144,0
1.0079550743103027,0
1.3098770380020142,0
1.0273785591125488,0
1.090183973312378,0
1.0305908918380737,0
1.1903750896453857,0
0.9889655113220215,0
1.1676287651062012,0
0.9754765033721924,0
1.157999038696289,0
1.0449568033218384,0
0.9623943567276001,0
0.9941021203994751,0
1.083061695098877,0
1.0175729990005493,0
0.9883871078491211,0
0.9901791214942932,0
3.5077197551727295,0
1.102008581161499,0
1.175203561782837,0
1.001487135887146,0
1.0887243747711182,0
1.0621103048324585,0
1.0262675285339355,0
1.0532435178756714,0
1.014192819595337,0
1.1752935647964478,0
1.081313133239746,0
1.0558958053588867,0
1.0385775566101074,0
1.1092286109924316,0
0.9864261746406555,0
1.0033880472183228,0
1.0079021453857422,0
1.0525778532028198,0
1.0208951234817505,0
1.1965199708938599,0
0.9880148768424988,0
1.028580665588379,0
1.1982073783874512,0
1.056835412979126,0
1.014053225517273,0
1.0803143978118896,0
1.3911980390548706,0
1.14934241771698,0
1.0076658725738525,0
1.1715493202209473,0
0.9878177046775818,0
0.9593997001647949,0
1.8764607906341553,0
1.0359320640563965,0
1.049683928489685,0
1.0476053953170776,0
0.9948232173919678,0
1.0454696416854858,0
1.2905855178833008,0
1.2351772785186768,0
1.0196512937545776,0
1.2395226955413818,0
0.9706425666809082,0
1.0046920776367188,0
1.1310572624206543,0
1.0307652950286865,0
1.036168098449707,0
1.390883207321167,0
0.9817591905593872,0
1.2753111124038696,0
1.0064144134521484,0
1.0509847402572632,0
1.119088053703308,0
0.9794576168060303,0
1.0959746837615967,0
1.1165995597839355,0
0.9787275791168213,0
1.1829609870910645,0
1.03117036819458,0
1.1192537546157837,0
1.148794412612915,0
1.0672224760055542,0
1.3942644596099854,0
0.9745464324951172,0
1.3499723672866821,0
1.1248784065246582,0
0.9425449967384338,0
1.0233120918273926,0
1.291823387145996,0
1.0154592990875244,0
1.0817853212356567,0
1.0699372291564941,0
1.032109022140503,0
0.9945324063301086,0
1.0695202350616455,0
0.9818410873413086,0
0.9888337850570679,0
1.182478904724121,0
0.994967520236969,0
1.0637056827545166,0
1.0032482147216797,0
0.9834190011024475,0
1.2065510749816895,0
1.0492067337036133,0
1.0164872407913208,0
1.0598933696746826,0
1.1414052248001099,0
1.005733609199524,0
1.033272624015808,0
1.1542900800704956,0
1.0721561908721924,0
1.1178773641586304,0
1.6138571500778198,0
4.066273212432861,0
1.251978874206543,0
1.0402017831802368,0
0.9680761694908142,0
1.0134661197662354,0
1.1049715280532837,0
1.0356943607330322,0
1.2243452072143555,0
1.0693587064743042,0
1.295512318611145,0
1.6440026760101318,0
1.0364670753479004,0
1.0664770603179932,0
0.9515048265457153,0
1.2097543478012085,0
1.007939338684082,0
1.0939967632293701,0
1.2288800477981567,0
0.9801284074783325,0
1.083669900894165,0
1.270881175994873,0
0.9920567274093628,0
1.1610021591186523,0
1.0650016069412231,0
1.0619657039642334,0
2.63392972946167,0
1.05893075466156,0
1.007334589958191,0
1.1078705787658691,0
0.9653050899505615,0
1.0004807710647583,0
0.9928940534591675,0
1.0372411012649536,0
1.0011203289031982,0
1.1955983638763428,0
1.106284499168396,0
1.1060473918914795,0
1.8118361234664917,0
1.0323982238769531,0
0.9856855273246765,0
0.9608361721038818,0
1.2674719095230103,0
1.0103923082351685,0
0.9638374447822571,0
1.0886117219924927,0
0.9682675004005432,0
1.4682139158248901,0
0.9940329790115356,0
1.046350359916687,0
1.0320985317230225,0
1.0179470777511597,0
1.1256948709487915,0
1.0,0
1.0633153915405273,0
1.1569677591323853,0
0.9880450963973999,0
1.0562665462493896,0
1.0526258945465088,0
1.0532541275024414,0
1.27061128616333,0
1.0596340894699097,0
1.0051767826080322,0
1.0873072147369385,0
1.0423246622085571,0
0.984869122505188,0
1.0277551412582397,0
1.0054209232330322,0
1.5250523090362549,0
1.005271077156067,0
1.057464361190796,0
1.0874810218811035,0
1.1981873512268066,0
0.9893951416015625,0
0.9963352680206299,0
0.9722192287445068,0
1.0034291744232178,0
1.176360011100769,0
0.9748720526695251,0
1.0898023843765259,0
1.0663409233093262,0
1.0762711763381958,0
0.9810047745704651,0
0.9700720906257629,0
1.0006176233291626,0
0.9922671318054199,0
1.1536163091659546,0
1.021052598953247,0
1.4425842761993408,0
1.1356555223464966,0
0.9777665734291077,0
1.0401431322097778,0
1.0673249959945679,0
1.1851907968521118,0
1.1684776544570923,0
1.0089339017868042,0
1.0010113716125488,0
1.0602062940597534,0
1.0560624599456787,0
1.0881673097610474,0
1.0401691198349,0
0.9986364245414734,0
1.0074448585510254,0
1.0868167877197266,0
1.0752530097961426,0
1.1492770910263062,0
0.9808136820793152,0
1.0380910634994507,0
1.0561772584915161,0
1.0569337606430054,0
1.0339924097061157,0
1.0490881204605103,0
0.9823557734489441,0
1.293125867843628,0
0.9680061340332031,0
1.1009931564331055,0
1.0732711553573608,0
0.9592428207397461,0
1.0625015497207642,0
1.028681755065918,0
1.1198232173919678,0
1.131778597831726,0
1.0002731084823608,0
1.0980631113052368,0
1.2036406993865967,0
0.9708811640739441,0
1.2045727968215942,0
1.0111013650894165,0
0.9776757955551147,0
1.1893078088760376,0
1.0276234149932861,0
0.9732092618942261,0
0.9986981153488159,0
1.5017908811569214,0
1.0765806436538696,0
1.123838186264038,0
1.0581389665603638,0
1.2754154205322266,0
1.0632530450820923,0
1.359266996383667,0
1.2738420963287354,0
1.0829248428344727,0
1.073960542678833,0
1.1763231754302979,0
1.354406476020813,0
0.9762442111968994,0
1.0969643592834473,0
1.3807110786437988,0
1.0246593952178955,0
1.0100294351577759,0
1.1028470993041992,0
1.0581934452056885,0
1.0007071495056152,0
1.0014612674713135,0
1.0615251064300537,0
1.3916701078414917,0
0.9963923096656799,0
1.0034902095794678,0
0.9513377547264099,0
0.9794063568115234,0
0.995557963848114,0
1.006572961807251,0
1.0174399614334106,0
1.0290884971618652,0
1.000803828239441,0
1.001840353012085,0
1.0087624788284302,0
1.395210862159729,0
1.0356898307800293,0
1.196344017982483,0
1.0439705848693848,0
1.076796293258667,0
1.0213572978973389,0
1.8584693670272827,0
1.1142090559005737,0
0.9817535877227783,0
1.0047436952590942,0
1.1050230264663696,0
1.0861963033676147,0
0.9749143123626709,0
0.996251106262207,0
1.0145058631896973,0
1.0,0
1.1801018714904785,0
0.9959079027175903,0
1.0,0
1.1359790563583374,0
1.0039522647857666,0
1.0549999475479126,0
0.9559258222579956,0
1.0955607891082764,0
1.003090262413025,0
1.0269386768341064,0
1.3072644472122192,0
1.1980817317962646,0
1.033913493156433,0
2.817441463470459,0
0.974551796913147,0
1.0167138576507568,0
1.0443490743637085,0
2.9660096168518066,0
1.5364078283309937,0
1.021052598953247,0
2.8087270259857178,0
1.0106374025344849,0
1.0205777883529663,0
1.2306852340698242,0
1.0060243606567383,0
1.0703080892562866,0
0.9864327311515808,0
0.973720133304596,0
1.0995597839355469,0
2.293607473373413,0
0.9859421253204346,0
1.042495846748352,0
1.1238808631896973,0
0.9766011834144592,0
1.120810866355896,0
1.0470714569091797,0
82.86882781982422,0
1.000852346420288,0
1.076073169708252,0
1.0175526142120361,0
1.313463568687439,0
1.3566663265228271,0
1.0800045728683472,0
1.0217770338058472,0
1.0105957984924316,0
1.0324586629867554,0
1.2484146356582642,0
1.376387596130371,0
1.011236548423767,0
1.0160036087036133,0
1.0058974027633667,0
1.070586919784546,0
0.9934353232383728,0
1.0248767137527466,0
1.009679913520813,0
0.9737560749053955,0
1.0839123725891113,0
1.2483059167861938,0
1.0164453983306885,0
1.2577334642410278,0
1.0785417556762695,0
1.1866003274917603,0
1.0995880365371704,0
0.9712418913841248,0
1.3741563558578491,0
1.1194581985473633,0
1.129895567893982,0
0.9849167466163635,0
1.195447564125061,0
1.1262074708938599,0
0.9840440154075623,0
1.011542558670044,0
1.2719677686691284,0
1.0501481294631958,0
1.010117769241333,0
0.9976325035095215,0
1.0233547687530518,0
0.9869727492332458,0
0.9825608730316162,0
1.2506955862045288,0
1.149001121520996,0
1.0152074098587036,0
1.0140982866287231,0
1.3592133522033691,0
1.0464400053024292,0
1.2004987001419067,0
0.9631185531616211,0
1.0971609354019165,0
1.2752965688705444,0
1.1243654489517212,0
1.139777421951294,0
1.1196212768554688,0
1.114019513130188,0
1.0464948415756226,0
1.0352510213851929,0
1.1280291080474854,0
0.9883355498313904,0
1.9104533195495605,0
1.0498771667480469,0
1.1706483364105225,0
1.0006146430969238,0
1.0584169626235962,0
0.9980800747871399,0
1.152192234992981,0
1.1875947713851929,0
1.0618623495101929,0
1.2463092803955078,0
2.0036230087280273,0
1.108588457107544,0
1.0059611797332764,0
1.0271614789962769,0
1.1557164192199707,0
1.0092201232910156,0
1.0406724214553833,0
0.9970986247062683,0
1.027126431465149,0
1.1386123895645142,0
0.9867979884147644,0
1.4849767684936523,0
1.0251712799072266,0
1.1228691339492798,0
1.0093261003494263,0
0.9859335422515869,0
0.9849587082862854,0
1.041285514831543,0
0.9898682832717896,0
1.2723431587219238,0
1.1307767629623413,0
1.1240754127502441,0
1.015013575553894,0
0.9324219226837158,0
1.0319175720214844,0
1.1550359725952148,0
1.1532012224197388,0
1.0701823234558105,0
1.1164051294326782,0
1.2380913496017456,0
1.0418672561645508,0
1.2782484292984009,0
1.1031653881072998,0
1.0698164701461792,0
1.1079466342926025,0
2.813417673110962,0
1.0275015830993652,0
1.0650060176849365,0
0.9959079027175903,0
0.9941465258598328,0
1.539490818977356,0
1.0624719858169556,0
0.9975626468658447,0
1.770047664642334,0
0.9798240065574646,0
1.451632022857666,0
0.9940773248672485,0
1.0746474266052246,0
1.1536474227905273,0
0.9856143593788147,0
1.014693260192871,0
1.0126816034317017,0
1.3443512916564941,0
1.000711441040039,0
1.2689844369888306,0
0.998779296875,0
1.1560949087142944,0
0.9954921007156372,0
1.0078113079071045,0
1.0678685903549194,0
1.0884281396865845,0
1.326554775238037,0
1.1913715600967407,0
1.3474222421646118,0
1.0267422199249268,0
1.008070945739746,0
1.0567383766174316,0
1.0729402303695679,0
1.0011547803878784,0
1.0334354639053345,0
0.9833913445472717,0
0.9548240303993225,0
1.272701621055603,0
0.9954042434692383,0
0.998131513595581,0
0.9714018106460571,0
0.990260660648346,0
0.9319157600402832,0
0.9428032636642456,0
0.9481750726699829,0
1.2837049961090088,0
0.9925069212913513,0
1.0063656568527222,0
1.0681276321411133,0
1.299871802330017,0
1.2341243028640747,0
1.3197957277297974,0
1.1045337915420532,0
1.0530279874801636,0
1.002614974975586,0
1.388437271118164,0
1.0180163383483887,0
1.004736304283142,0
1.2589192390441895,0
0.9786043763160706,0
1.0072846412658691,0
1.133221983909607,0
0.9548316597938538,0
0.9778233170509338,0
1.0571973323822021,0
1.0983790159225464,0
1.127942681312561,0
1.0357813835144043,0
1.073562502861023,0
1.03650963306427,0
1.038387417793274,0
0.9658415913581848,0
1.2648882865905762,0
1.0338422060012817,0
1.0224534273147583,0
1.0678693056106567,0
0.9775388836860657,0
1.0542137622833252,0
1.3158422708511353,0
1.0850051641464233,0
0.9460462927818298,0
1.1351131200790405,0
1.1571327447891235,0
1.108933448791504,0
1.0576316118240356,0
1.1516045331954956,0
0.972806990146637,0
1.1262471675872803,0
1.1969679594039917,0
1.2437918186187744,0
0.9911537170410156,0
0.9871386289596558,0
1.1422513723373413,0
1.0564440488815308,0
1.0237650871276855,0
1.0311710834503174,0
1.1515092849731445,0
1.1226599216461182,0
1.0451918840408325,0
1.1095041036605835,0
1.025342583656311,0
1.2316558361053467,0
1.026474118232727,0
1.033025860786438,0
1.0189372301101685,0
1.1900829076766968,0
1.049278736114502,0
1.0822985172271729,0
0.9840942621231079,0
1.0033612251281738,0
0.9966721534729004,0
1.0127453804016113,0
1.2388406991958618,0
1.1366440057754517,0
1.2995041608810425,0
21.101882934570312,0
1.1151938438415527,0
1.002644419670105,0
1.5162353515625,0
1.0074248313903809,0
1.0415648221969604,0
1.3964630365371704,0
1.070859432220459,0
0.9948065876960754,0
1.138446569442749,0
1.2411088943481445,0
0.9977936744689941,0
1.0820224285125732,0
1.1143286228179932,0
1.0502177476882935,0
1.323488473892212,0
1.0249369144439697,0
1.0191595554351807,0
1.0948195457458496,0
1.1895025968551636,0
1.059760570526123,0
0.966111421585083,0
1.0291848182678223,0
1.3935110569000244,0
1.0023889541625977,0
1.0288269519805908,0
1.0211600065231323,0
1.1536681652069092,0
1.1106231212615967,0
1.2395743131637573,0
1.0160906314849854,0
1.1579504013061523,0
1.155139684677124,0
1.136706829071045,0
1.1114485263824463,0
0.9531867504119873,0
1.0152363777160645,0
0.9939361810684204,0
1.2997983694076538,0
0.9474517107009888,0
1.0265483856201172,0
1.0601119995117188,0
1.036197543144226,0
0.9947419762611389,0
0.9931504726409912,0
0.9623943567276001,0
1.3469470739364624,0
1.3469222784042358,0
0.9961422085762024,0
1.0205177068710327,0
1.0103610754013062,0
1.062243103981018,0
1.0247780084609985,0
1.0653899908065796,0
1.6357840299606323,0
1.0527523756027222,0
1.0156186819076538,0
1.0208156108856201,0
1.0371356010437012,0
1.044119954109192,0
1.1543500423431396,0
0.9823150634765625,0
0.9991561770439148,0
0.9641535878181458,0
0.9685394763946533,0
1.071225643157959,0
1.0695308446884155,0
0.9947314262390137,0
1.201944351196289,0
1.0443596839904785,0
1.0011091232299805,0
1.0418778657913208,0
0.9907840490341187,0
1.0362123250961304,0
0.9803654551506042,0
1.6014301776885986,0
1.018967866897583,0
1.0179224014282227,0
1.1163142919540405,0
1.1283714771270752,0
1.0626301765441895,0
1.2796097993850708,0
1.2625949382781982,0
1.1088858842849731,0
2.305762529373169,0
1.2695043087005615,0
1.0673283338546753,0
1.057662844657898,0
1.3647990226745605,0
1.3012877702713013,0
1.124213457107544,0
1.1835757493972778,0
1.175264835357666,0
1.0467736721038818,0
1.0837510824203491,0
0.9381833672523499,0
1.0618762969970703,0
1.079907774925232,0
1.0236186981201172,0
1.028260350227356,0
1.0430517196655273,0
1.21773099899292,0
1.0190978050231934,0
1.0950119495391846,0
1.0058106184005737,0
1.0983667373657227,0
1.044983983039856,0
1.2079954147338867,0
1.1427289247512817,0
1.0441300868988037,0
1.000314712524414,0
1.0189694166183472,0
1.0096198320388794,0
0.9932489991188049,0
0.993424117565155,0
1.1402778625488281,0
0.9967383742332458,0
1.209903359413147,0
1.166587233543396,0
1.0170881748199463,0
1.4477667808532715,0
1.4604982137680054,0
1.1910455226898193,0
1.0601385831832886,0
1.2229303121566772,0
1.0089356899261475,0
0.9559245109558105,0
1.2284512519836426,0
1.2064660787582397,0
0.9948170185089111,0
1.0056889057159424,0
1.051923155784607,0
0.9768203496932983,0
0.9856496453285217,0
1.0128512382507324,0
1.0287984609603882,0
2.094198226928711,0
1.1801881790161133,0
0.99186110496521,0
0.9754765033721924,0
1.1198906898498535,0
1.0315935611724854,0
1.182368278503418,0
1.277282953262329,0
1.2262004613876343,0
1.0010451078414917,0
1.22152841091156,0
1.2040913105010986,0
0.9988965392112732,0
1.0212512016296387,0
1.1027618646621704,0
1.0623804330825806,0
1.1025394201278687,0
1.5017023086547852,0
1.1001359224319458,0
1.4735804796218872,0
0.9763335585594177,0
1.0410408973693848,0
1.020902156829834,0
1.1294900178909302,0
65.44807434082031,0
0.9779589772224426,0
0.988967776298523,0
1.0379626750946045,0
1.0679866075515747,0
1.0419543981552124,0
1.087497591972351,0
1.1454719305038452,0
1.072290062904358,0
0.9887575507164001,0
1.1502885818481445,0
0.9286564588546753,0
1.098945140838623,0
0.9836167693138123,0
0.9555757641792297,0
1.0088584423065186,0
1.0719903707504272,0
1.0429198741912842,0
1.0034751892089844,0
1.0170214176177979,0
1.0109683275222778,0
1.058203101158142,0
1.1932100057601929,0
1.0356851816177368,0
1.0769131183624268,0
1.4886928796768188,0
1.0137901306152344,0
0.9976342916488647,0
1.1867597103118896,0
0.9758062958717346,0
1.5352383852005005,0
1.2378042936325073,0
0.9641308784484863,0
0.9753983020782471,0
1.009143590927124,0
1.0083684921264648,0
1.0458215475082397,0
1.5622972249984741,0
0.9830142855644226,0
1.063498616218567,0
1.051349401473999,0
1.029601812362671,0
0.9709460735321045,0
1.1378107070922852,0
1.0224792957305908,0
1.0485804080963135,0
1.051734209060669,0
1.0240352153778076,0
1.0933928489685059,0
1.0531517267227173,0
0.9406657218933105,0
1.0382908582687378,0
0.9909019470214844,0
0.9809238910675049,0
1.049302101135254,0
0.9873096346855164,0
1.0066871643066406,0
1.0536203384399414,0
0.9623943567276001,0
1.0842156410217285,0
1.3537143468856812,0
1.041126012802124,0
1.1409708261489868,0
6.823388576507568,0
1.0167112350463867,0
1.1050523519515991,0
1.0943524837493896,0
1.1369839906692505,0
1.0763895511627197,0
1.1556204557418823,0
1.038374423980713,0
0.9452381134033203,0
1.376988172531128,0
1.2517057657241821,0
0.9928534030914307,0
1.2680914402008057,0
1.055741310119629,0
1.0,0
1.0687345266342163,0
1.2654414176940918,0
0.993811845779419,0
0.9817743897438049,0
1.0842326879501343,0
0.9763335585594177,0
1.0161187648773193,0
1.0020514726638794,0
0.9884188771247864,0
0.986361563205719,0
0.9912348985671997,0
1.1292363405227661,0
1.597332239151001,0
0.9853037595748901,0
1.0755290985107422,0
0.9728749990463257,0
1.0048993825912476,0
0.9458910822868347,0
1.2651699781417847,0
1.027909517288208,0
1.0821646451950073,0
1.082563042640686,0
1.0,0
1.005448341369629,0
0.9631980061531067,0
1.3187936544418335,0
1.6965913772583008,0
1.0666096210479736,0
1.1523265838623047,0
1.051663875579834,0
0.9992642402648926,0
1.2952028512954712,0
1.0322282314300537,0
1.0153770446777344,0
1.2719569206237793,0
1.1009536981582642,0
0.9399475455284119,0
0.9834455847740173,0
1.1121255159378052,0
0.9684981107711792,0
1.0536489486694336,0
0.9912131428718567,0
0.9822813272476196,0
1.3700541257858276,0
1.0339951515197754,0
1.0928475856781006,0
1.1545735597610474,0
1.0317904949188232,0
1.0994585752487183,0
0.9898971319198608,0
1.0985475778579712,0
1.0105619430541992,0
1.0059431791305542,0
1.0265032052993774,0
1.0391002893447876,0
0.9920775890350342,0
1.0127121210098267,0
2.078550100326538,0
1.0337378978729248,0
1.0594983100891113,0
0.9982247948646545,0
1.1672881841659546,0
0.9357984066009521,0
1.073102593421936,0
1.1087315082550049,0
1.16995108127594,0
1.0374869108200073,0
1.0368211269378662,0
1.1307531595230103,0
5.149770736694336,0
1.0019415616989136,0
1.1243890523910522,0
0.9886781573295593,0
0.9519556760787964,0
1.0558223724365234,0
1.0624076128005981,0
1.0105117559432983,0
1.3017046451568604,0
0.9960101842880249,0
1.1046377420425415,0
1.0746022462844849,0
1.0028407573699951,0
1.2717623710632324,0
0.9858092665672302,0
1.0178346633911133,0
1.0450903177261353,0
0.9705662727355957,0
1.0425643920898438,0
0.9788118600845337,0
1.0197970867156982,0
1.0267354249954224,0
1.0829836130142212,0
0.9892098903656006,0
1.3175429105758667,0
0.9795124530792236,0
1.1390597820281982,0
1.0239053964614868,0
1.0805245637893677,0
1.0097966194152832,0
1.0572845935821533,0
1.013729453086853,0
1.0670838356018066,0
1.2148067951202393,0
0.9869067668914795,0
0.9889054298400879,0
0.9928842782974243,0
1.8330926895141602,0
0.980762243270874,0
1.18195378780365,0
1.0331368446350098,0
1.0580453872680664,0
1.0323452949523926,0
0.9814293384552002,0
1.1083229780197144,0
1.004259705543518,0
0.9601854085922241,0
1.1239373683929443,0
1.0340192317962646,0
0.9996979236602783,0
1.037850022315979,0
0.9941208958625793,0
1.1062872409820557,0
1.0768325328826904,0
0.9963183403015137,0
1.028023600578308,0
1.0966250896453857,0
0.9959079027175903,0
1.5134687423706055,0
1.1251205205917358,0
1.0446182489395142,0
1.1590282917022705,0
0.9492266774177551,0
1.2611995935440063,0
1.2821509838104248,0
1.198521375656128,0
1.1195462942123413,0
1.0891519784927368,0
1.0455163717269897,0
1.0094367265701294,0
1.1190680265426636,0
1.2082213163375854,0
1.7598636150360107,0
1.001001000404358,0
1.0301117897033691,0
1.4200856685638428,0
1.4613714218139648,0
1.2750669717788696,0
0.9874504804611206,0
1.0015978813171387,0
1.0550537109375,0
1.1221529245376587,0
1.1354011297225952,0
1.056022047996521,0
1.0450942516326904,0
1.0124406814575195,0
1.136350393295288,0
1.095949411392212,0
1.0144760608673096,0
1.12772798538208,0
1.2295522689819336,0
1.114597201347351,0
1.0078942775726318,0
1.185038447380066,0
1.070228099822998,0
1.4895296096801758,0
1.0747244358062744,0
1.0830684900283813,0
1.054413914680481,0
1.02360999584198,0
1.0382829904556274,0
1.0137269496917725,0
1.1645489931106567,0
1.010682225227356,0
1.0417258739471436,0
1.017132043838501,0
1.0752675533294678,0
1.0720099210739136,0
1.001826524734497,0
1.1083126068115234,0
1.0515581369400024,0
0.9756367206573486,0
1.0358281135559082,0
1.0506623983383179,0
1.0208042860031128,0
1.074174165725708,0
1.0115364789962769,0
1.0330408811569214,0
1.1615502834320068,0
1.0023353099822998,0
1.0793901681900024,0
1.0868167877197266,0
1.0978803634643555,0
1.0473133325576782,0
1.0874384641647339,0
0.986831784248352,0
1.0108287334442139,0
1.0139559507369995,0
1.1545875072479248,0
0.9789392948150635,0
0.9745069742202759,0
1.1309659481048584,0
1.0233023166656494,0
1.0172795057296753,0
1.148226261138916,0
1.0372350215911865,0
1.4499638080596924,0
1.0135235786437988,0
2.658470869064331,0
1.4026240110397339,0
1.0043394565582275,0
1.1715260744094849,0
1.0053660869598389,0
1.4236441850662231,0
1.1525830030441284,0
1.038275957107544,0
1.1203445196151733,0
0.9751571416854858,0
1.3396862745285034,0
0.9760973453521729,0
1.052797794342041,0
1.0119909048080444,0
0.990692675113678,0
1.1229867935180664,0
1.0734142065048218,0
1.0939555168151855,0
1.089101791381836,0
1.17404043674469,0
1.0020421743392944,0
1.1084843873977661,0
1.0178571939468384,0
1.051590085029602,0
0.9995887875556946,0
1.1176425218582153,0
1.034794569015503,0
1.0193848609924316,0
1.0165057182312012,0
1.7831542491912842,0
1.1071951389312744,0
1.1533442735671997,0
1.0001206398010254,0
1.0463138818740845,0
1.0344014167785645,0
1.0506126880645752,0
1.053991675376892,0
1.1011136770248413,0
1.130226731300354,0
0.9590719938278198,0
1.0796384811401367,0
1.1849554777145386,0
1.15887451171875,0
1.1085362434387207,0
1.0149924755096436,0
1.0137578248977661,0
1.2302184104919434,0
1.009660005569458,0
1.0344387292861938,0
0.9953057169914246,0
1.0931501388549805,0
1.0981162786483765,0
1.0654505491256714,0
0.9703077077865601,0
1.002040147781372,0
1.084855556488037,0
1.0914018154144287,0
1.0313698053359985,0
1.0,0
1.0373446941375732,0
1.113722562789917,0
1.9580178260803223,0
1.0501961708068848,0
1.0298017263412476,0
0.988224983215332,0
1.2653037309646606,0
1.1287811994552612,0
0.9985100030899048,0
1.2026281356811523,0
1.2411528825759888,0
1.0233131647109985,0
0.9685261845588684,0
1.0907052755355835,0
1.1115050315856934,0
1.2746527194976807,0
1.0432538986206055,0
1.003653883934021,0
1.0947067737579346,0
1.0074617862701416,0
1.1482993364334106,0
0.9708197116851807,0
0.9762570261955261,0
1.0049482583999634,0
1.0365798473358154,0
1.1213080883026123,0
0.9803288578987122,0
1.1147369146347046,0
1.083310842514038,0
1.121133804321289,0
0.9862024188041687,0
1.0136208534240723,0
0.9534009099006653,0
1.1679311990737915,0
0.963761031627655,0
0.9539014101028442,0
1.0446233749389648,0
0.9990472197532654,0
1.0463361740112305,0
0.9845820665359497,0
1.0503937005996704,0
1.224851369857788,0
1.3056766986846924,0
1.3026117086410522,0
1.0735085010528564,0
1.0205256938934326,0
1.2392973899841309,0
1.060520052909851,0
1.0239472389221191,0
0.9896197319030762,0
0.9799291491508484,0
1.0716532468795776,0
0.9728437662124634,0
1.054583191871643,0
8.999642372131348,0
1.0510379076004028,0
0.9828965663909912,0
0.9851628541946411,0
1.0207321643829346,0
1.0099706649780273,0
0.9931051731109619,0
1.1193921566009521,0
1.31419038772583,0
0.984611451625824,0
2.786782741546631,0
1.0542815923690796,0
1.1530916690826416,0
1.2978944778442383,0
1.0672160387039185,0
1.0637397766113281,0
1.0725082159042358,0
1.0617119073867798,0
1.4047282934188843,0
1.032347559928894,0
0.9794241786003113,0
1.0170893669128418,0
1.1274759769439697,0
1.0147122144699097,0
1.1526176929473877,0
0.9928577542304993,0
1.2196815013885498,0
1.0005474090576172,0
1.0136761665344238,0
1.0540674924850464,0
1.3935903310775757,0
0.9970820546150208,0
1.1443761587142944,0
0.9971921443939209,0
1.0151665210723877,0
1.1945538520812988,0
1.0180244445800781,0
0.9548450112342834,0
1.0156068801879883,0
1.0025148391723633,0
0.9836451411247253,0
0.9706335663795471,0
0.9855750203132629,0
1.1548784971237183,0
1.053671956062317,0
1.0309507846832275,0
1.0957993268966675,0
1.0123822689056396,0
0.9952020645141602,0
1.3535810708999634,0
1.1384130716323853,0
2.1111867427825928,0
1.0991623401641846,0
1.0259090662002563,0
2.813417673110962,0
1.0411711931228638,0
0.9787275791168213,0
1.0410408973693848,0
1.0339220762252808,0
1.1562871932983398,0
0.9599279761314392,0
0.992065966129303,0
1.0041618347167969,0
1.2366942167282104,0
0.9782260060310364,0
0.9813183546066284,0
82.86882781982422,0
0.9852190613746643,0
1.01878023147583,0
1.036689043045044,0
1.8786964416503906,0
1.1678625345230103,0
1.0693364143371582,0
1.103073239326477,0
0.9759272336959839,0
1.4727487564086914,0
0.9841508269309998,0
1.0219694375991821,0
1.0895177125930786,0
1.0290899276733398,0
1.0005269050598145,0
1.0443782806396484,0
1.033223271369934,0
1.0114209651947021,0
1.0794402360916138,0
1.0449965000152588,0
1.108465313911438,0
1.0508426427841187,0
1.5981675386428833,0
1.0736976861953735,0
1.176551342010498,0
1.075156807899475,0
1.0055075883865356,0
1.0677874088287354,0
0.9800466895103455,0
0.9535460472106934,0
1.030645728111267,0
1.0178852081298828,0
1.7121509313583374,0
1.63731050491333,0
0.9792366623878479,0
0.9685453772544861,0
1.0141792297363281,0
1.2019388675689697,0
1.052006721496582,0
0.9860609769821167,0
0.9996252655982971,0
1.1333850622177124,0
1.2071633338928223,0
1.04954993724823,0
1.0030258893966675,0
0.9632253050804138,0
1.1308010816574097,0
1.0505666732788086,0
0.9811027646064758,0
1.0337907075881958,0
1.0332804918289185,0
0.9698278903961182,0
1.1485353708267212,0
1.052077054977417,0
1.0775285959243774,0
1.1405775547027588,0
1.1967992782592773,0
2.2656912803649902,0
1.0633522272109985,0
0.9803020358085632,0
1.0155059099197388,0
1.0226644277572632,0
0.9493871331214905,0
1.0062392950057983,0
0.9788613319396973,0
1.146708607673645,0
1.203762412071228,0
1.0502910614013672,0
0.9903222322463989,0
1.0735570192337036,0
1.0497549772262573,0
1.047987937927246,0
0.9632253050804138,0
1.0418304204940796,0
1.0216517448425293,0
1.1210525035858154,0
1.2870829105377197,0
0.9582773447036743,0
1.166364312171936,0
1.0493429899215698,0
1.006615400314331,0
1.1001194715499878,0
1.1338326930999756,0
1.0539700984954834,0
0.9853835105895996,0
1.0150461196899414,0
1.3729443550109863,0
1.026243805885315,0
1.0225096940994263,0
1.0534586906433105,0
1.2232304811477661,0
1.0613079071044922,0
1.121203899383545,0
1.0441700220108032,0
1.1275534629821777,0
1.03451669216156,0
1.0833804607391357,0
1.2756580114364624,0
1.2058712244033813,0
1.056260108947754,0
1.0203282833099365,0
1.0219157934188843,0
0.9643388986587524,0
1.1453009843826294,0
1.0623079538345337,0
1.2466212511062622,0
1.4474735260009766,0
1.0410317182540894,0
1.5682541131973267,0
1.0329605340957642,0
1.1130272150039673,0
1.1286520957946777,0
1.1179035902023315,0
0.9319157600402832,0
1.2391277551651,0
6.101413249969482,0
1.225461483001709,0
1.1264640092849731,0
1.0272204875946045,0
0.9918946623802185,0
1.0219494104385376,0
1.0009689331054688,0
1.1457746028900146,0
1.0283656120300293,0
1.059219241142273,0
1.0573970079421997,0
1.1198657751083374,0
1.188696026802063,0
1.1517488956451416,0
1.0489661693572998,0
1.0411102771759033,0
1.3438620567321777,0
0.9706875085830688,0
1.055391550064087,0
1.5542300939559937,0
1.1039155721664429,0
0.9487245678901672,0
0.9983594417572021,0
1.0443923473358154,0
1.0576715469360352,0
1.0515803098678589,0
1.0297906398773193,0
1.0416425466537476,0
1.0051813125610352,0
0.9459474682807922,0
1.0073034763336182,0
0.9862261414527893,0
1.1909985542297363,0
1.0437217950820923,0
1.0706262588500977,0
0.9949991106987,0
1.0398797988891602,0
1.0920608043670654,0
1.0445473194122314,0
1.0007476806640625,0
0.9829635620117188,0
1.0750939846038818,0
1.182737946510315,0
1.0637083053588867,0
1.01494562625885,0
1.0128366947174072,0
1.4831167459487915,0
0.9727597236633301,0
0.997268557548523,0
0.9841845631599426,0
1.0380843877792358,0
1.5052913427352905,0
1.0662469863891602,0
1.0587401390075684,0
1.2109880447387695,0
1.0264472961425781,0
1.1599444150924683,0
0.989030659198761,0
1.1825674772262573,0
1.0284669399261475,0
1.1439176797866821,0
1.4412257671356201,0
1.0160776376724243,0
1.4119884967803955,0
1.0217770338058472,0
1.1034530401229858,0
1.1010619401931763,0
1.0365424156188965,0
1.0851191282272339,0
1.0160737037658691,0
1.0037609338760376,0
1.1030300855636597,0
1.2542918920516968,0
1.19743013381958,0
1.0169404745101929,0
1.339011549949646,0
1.0359975099563599,0
0.9967911243438721,0
1.0582410097122192,0
2.8087270259857178,0
1.1585811376571655,0
1.6621707677841187,0
1.0382813215255737,0
0.9831218123435974,0
1.1418983936309814,0
1.009846806526184,0
1.0695537328720093,0
1.2420789003372192,0
1.1520823240280151,0
1.1229941844940186,0
1.1110005378723145,0
1.0282994508743286,0
1.4191025495529175,0
1.5709494352340698,0
1.0295991897583008,0
1.0667986869812012,0
0.9950000047683716,0
1.0007954835891724,0
1.094786286354065,0
1.3535757064819336,0
1.132130742073059,0
1.0517686605453491,0
1.041866421699524,0
1.0043513774871826,0
0.9681730270385742,0
1.025101661682129,0
1.6089030504226685,0
1.538001537322998,0
0.9976112842559814,0
1.0270136594772339,0
0.9801282286643982,0
0.9912557005882263,0
1.4038876295089722,0
1.0243761539459229,0
1.3277889490127563,0
1.0871821641921997,0
1.0105866193771362,0
1.0087782144546509,0
1.4498190879821777,0
3.761293649673462,0
0.9794211387634277,0
1.0431469678878784,0
0.9896436929702759,0
1.0370153188705444,0
1.156813383102417,0
1.033825159072876,0
1.0657997131347656,0
1.1484583616256714,0
0.9467287659645081,0
1.1895017623901367,0
1.1032618284225464,0
1.00616455078125,0
1.0903263092041016,0
1.0362130403518677,0
1.269007921218872,0
1.0116374492645264,0
1.577697992324829,0
1.00643789768219,0
1.1099127531051636,0
0.9643388986587524,0
1.047031044960022,0
1.0940707921981812,0
1.0068503618240356,0
1.1044485569000244,0
1.0062960386276245,0
0.9813759922981262,0
1.0006062984466553,0
1.002356767654419,0
1.0229095220565796,0
1.2810001373291016,0
1.1569641828536987,0
1.019134283065796,0
1.0906620025634766,0
6.101413249969482,0
0.9738987684249878,0
0.9595656991004944,0
1.4886928796768188,0
1.1578679084777832,0
1.4899957180023193,0
1.0145150423049927,0
1.2192518711090088,0
1.3097052574157715,0
0.9936321973800659,0
1.1749908924102783,0
1.1876260042190552,0
0.9961256980895996,0
1.1009141206741333,0
1.4902729988098145,0
1.1184014081954956,0
1.010596513748169,0
1.1159541606903076,0
0.9854326248168945,0
1.049562692642212,0
0.9793174862861633,0
0.9787275791168213,0
1.0069564580917358,0
1.0871617794036865,0
4.509066581726074,0
0.9657459855079651,0
0.99903404712677,0
1.0180864334106445,0
1.0025345087051392,0
1.016893982887268,0
1.0590572357177734,0
1.1191041469573975,0
0.979207456111908,0
0.9746294021606445,0
1.9726014137268066,0
1.1458364725112915,0
0.99973464012146,0
1.0514044761657715,0
0.9604344367980957,0
0.9700808525085449,0
1.2442283630371094,0
1.0046031475067139,0
1.0963191986083984,0
1.0302143096923828,0
1.0207937955856323,0
1.0612925291061401,0
1.1847577095031738,0
1.177522897720337,0
1.2904362678527832,0
1.0182353258132935,0
1.025494933128357,0
1.005117416381836,0
0.9977211356163025,0
1.02377188205719,0
0.9847010374069214,0
1.1045353412628174,0
1.3807706832885742,0
0.9662233591079712,0
0.9783678650856018,0
1.022613763809204,0
1.006564974784851,0
1.066604733467102,0
1.0946952104568481,0
1.3700541257858276,0
0.9892854690551758,0
1.706795334815979,0
1.0745779275894165,0
1.109047532081604,0
1.0458301305770874,0
0.9833697080612183,0
1.2090893983840942,0
1.0898152589797974,0
0.9878636002540588,0
1.122338056564331,0
0.9489461183547974,0
1.1439493894577026,0
1.0914016962051392,0
1.0107483863830566,0
1.2189278602600098,0
1.1444480419158936,0
1.0430063009262085,0
1.0127015113830566,0
1.1888189315795898,0
1.179384469985962,0
1.097143530845642,0
1.1016470193862915,0
0.9969897866249084,0
1.02229905128479,0
1.0059181451797485,0
1.1733026504516602,0
1.0152277946472168,0
0.9800131320953369,0
1.3555777072906494,0
1.00450599193573,0
1.0363147258758545,0
1.0373889207839966,0
1.0270527601242065,0
2.1948583126068115,0
1.0324628353118896,0
1.0982552766799927,0
1.6463543176651,0
1.0952248573303223,0
1.1216745376586914,0
1.0528982877731323,0
1.1222128868103027,0
0.9632253050804138,0
1.0487923622131348,0
0.9490395784378052,0
1.002406358718872,0
1.0904182195663452,0
1.1034027338027954,0
1.1894419193267822,0
1.0578560829162598,0
0.9946452975273132,0
1.0399798154830933,0
0.9796882271766663,0
1.006975769996643,0
1.0333888530731201,0
1.1421180963516235,0
1.1347463130950928,0
1.065679669380188,0
1.0620081424713135,0
0.9999995827674866,0
1.007244348526001,0
0.9575424194335938,0
1.0758097171783447,0
1.0295727252960205,0
1.147321105003357,0
0.9622806906700134,0
1.0308102369308472,0
1.1719918251037598,0
1.1014723777770996,0
0.9519060254096985,0
1.0904412269592285,0
0.9828932285308838,0
1.1935884952545166,0
1.096320390701294,0
1.0818884372711182,0
1.3075391054153442,0
1.0625675916671753,0
0.9345542788505554,0
1.007662057876587,0
0.9452381134033203,0
1.1467055082321167,0
1.0045148134231567,0
1.0095527172088623,0
1.0838693380355835,0
1.4465428590774536,0
1.2134227752685547,0
0.9921315908432007,0
1.2098979949951172,0
0.9726191163063049,0
0.9782368540763855,0
1.0668119192123413,0
1.074174165725708,0
1.0643925666809082,0
1.159283995628357,0
1.10804283618927,0
0.966158926486969,0
0.9840410947799683,0
0.99089515209198,0
1.0722140073776245,0
1.090146780014038,0
1.0196706056594849,0
1.357334852218628,0
1.1419702768325806,0
1.0102834701538086,0
1.071291208267212,0
1.1816728115081787,0
1.0504157543182373,0
1.0597319602966309,0
0.9942624568939209,0
1.0357935428619385,0
1.1292580366134644,0
1.0157042741775513,0
1.538001537322998,0
1.2216041088104248,0
1.6388781070709229,0
1.0013412237167358,0
1.147497534751892,0
1.0591585636138916,0
1.0217770338058472,0
1.0247209072113037,0
1.3309459686279297,0
1.0119454860687256,0
1.0503699779510498,0
1.2113549709320068,0
1.138135552406311,0
1.03215491771698,0
0.9787275791168213,0
1.0628321170806885,0
1.0063989162445068,0
1.00110924243927,0
1.113813877105713,0
0.9795291423797607,0
1.0009223222732544,0
1.1051397323608398,0
1.0349091291427612,0
1.215724229812622,0
0.982018768787384,0
1.1278512477874756,0
1.0107396841049194,0
1.6642663478851318,0
1.1677414178848267,0
1.0969982147216797,0
1.1468569040298462,0
1.0720728635787964,0
0.9932612776756287,0
1.2091374397277832,0
1.1013002395629883,0
1.053112268447876,0
1.1532154083251953,0
1.0699372291564941,0
1.02752685546875,0
0.9690507650375366,0
1.098753571510315,0
1.0111584663391113,0
1.083295464515686,0
1.0067369937896729,0
1.0472111701965332,0
1.1857335567474365,0
1.0623668432235718,0
1.172040581703186,0
0.9940196871757507,0
0.9864273071289062,0
1.2986353635787964,0
1.075984239578247,0
1.0075992345809937,0
0.9532883763313293,0
1.1344422101974487,0
1.048003077507019,0
1.0470622777938843,0
0.9998654723167419,0
0.9782518148422241,0
1.0300111770629883,0
1.0475609302520752,0
1.1737825870513916,0
1.022707223892212,0
1.029771327972412,0
1.0446544885635376,0
1.0217770338058472,0
1.0055876970291138,0
1.0489503145217896,0
1.288263201713562,0
1.039698839187622,0
1.0512292385101318,0
1.0055439472198486,0
1.217692255973816,0
1.1048682928085327,0
1.005624771118164,0
0.9761871695518494,0
1.081358551979065,0
1.0777883529663086,0
1.1492486000061035,0
1.0539264678955078,0
1.1512020826339722,0
1.0992048978805542,0
1.1426211595535278,0
1.132177710533142,0
1.0451303720474243,0
1.0933233499526978,0
1.0595393180847168,0
1.0026133060455322,0
1.0171146392822266,0
1.3059993982315063,0
1.100799560546875,0
1.0582377910614014,0
1.0074636936187744,0
1.0057169198989868,0
1.2224411964416504,0
1.0356045961380005,0
0.978937566280365,0
1.0263819694519043,0
1.0049607753753662,0
1.0481648445129395,0
0.9880027174949646,0
1.0571415424346924,0
1.116959571838379,0
1.0872629880905151,0
1.0114020109176636,0
1.062880516052246,0
1.300270438194275,0
0.9740402102470398,0
1.073343276977539,0
1.219123125076294,0
0.9920532703399658,0
0.9848406314849854,0
1.0682415962219238,0
0.9973052144050598,0
1.0184568166732788,0
1.2631840705871582,0
1.0536247491836548,0
1.033280372619629,0
1.0896307229995728,0
1.216843843460083,0
1.0942903757095337,0
1.045430302619934,0
1.1149041652679443,0
1.011250376701355,0
1.070708155632019,0
1.0589321851730347,0
1.0466841459274292,0
0.9990890026092529,0
1.027461290359497,0
1.4608221054077148,0
1.1294598579406738,0
0.9938918948173523,0
1.064992070198059,0
1.0475890636444092,0
1.0030760765075684,0
1.0086652040481567,0
1.2087229490280151,0
1.000582218170166,0
0.9802555441856384,0
1.020686388015747,0
1.148789405822754,0
0.9871575236320496,0
1.0299010276794434,0
1.0605731010437012,0
1.0139721632003784,0
1.020192265510559,0
1.0817344188690186,0
1.0742532014846802,0
1.0784205198287964,0
0.9513214230537415,0
1.1472194194793701,0
1.096064805984497,0
1.0157285928726196,0
1.0188548564910889,0
1.1701749563217163,0
1.0320883989334106,0
1.0128952264785767,0
1.0140949487686157,0
1.0081195831298828,0
1.0001206398010254,0
1.1009711027145386,0
0.969120979309082,0
0.9964176416397095,0
1.0055700540542603,0
1.0015990734100342,0
1.2306300401687622,0
1.0038667917251587,0
1.06577730178833,0
1.472321629524231,0
1.1260730028152466,0
1.9223116636276245,0
1.252549409866333,0
1.0648846626281738,0
1.7160229682922363,0
1.0666618347167969,0
1.070250391960144,0
1.0149717330932617,0
1.0361647605895996,0
0.9976564049720764,0
1.007925033569336,0
0.9938459396362305,0
1.6016347408294678,0
1.0532079935073853,0
1.0199284553527832,0
0.9832414388656616,0
1.32949960231781,0
1.0047478675842285,0
1.0379631519317627,0
1.2121902704238892,0
1.3705376386642456,0
1.0588382482528687,0
1.1167932748794556,0
1.145768165588379,0
1.1525094509124756,0
0.9877027273178101,0
1.0,0
1.0984911918640137,0
1.089364767074585,0
1.1282180547714233,0
0.9720719456672668,0
1.002705693244934,0
1.1814961433410645,0
1.2694623470306396,0
0.9844525456428528,0
0.9728549718856812,0
1.0862635374069214,0
1.2428094148635864,0
0.9916989803314209,0
1.016065001487732,0
1.2720686197280884,0
1.0521743297576904,0
1.2307229042053223,0
1.0800920724868774,0
1.1955220699310303,0
1.2321730852127075,0
1.1274354457855225,0
1.0129462480545044,0
1.0598479509353638,0
1.002601146697998,0
1.0810894966125488,0
1.0392736196517944,0
1.0532864332199097,0
1.0959887504577637,0
1.0239691734313965,0
0.9694489240646362,0
0.9666179418563843,0
0.982337236404419,0
1.5420383214950562,0
1.3102669715881348,0
1.8326128721237183,0
1.0766130685806274,0
1.0305519104003906,0
1.0158113241195679,0
0.9681880474090576,0
1.0497643947601318,0
1.0456486940383911,0
0.9932850003242493,0
1.133081078529358,0
1.006404995918274,0
1.0111854076385498,0
1.0115631818771362,0
1.0456527471542358,0
1.056307315826416,0
1.062886357307434,0
1.2924896478652954,0
1.0070606470108032,0
1.0011919736862183,0
1.1310088634490967,0
1.124133586883545,0
1.0122404098510742,0
1.2368422746658325,0
1.0021848678588867,0
1.0202770233154297,0
1.0551203489303589,0
1.0275263786315918,0
0.9942805767059326,0
0.9942606687545776,0
1.2692549228668213,0
1.0600371360778809,0
1.1342363357543945,0
0.9689056873321533,0
1.0978803634643555,0
1.050660490989685,0
0.9719061851501465,0
1.0126622915267944,0
2.651111364364624,0
1.1712646484375,0
0.9760707020759583,0
0.980545699596405,0
1.2720807790756226,0
0.9768117070198059,0
1.066407322883606,0
1.485263705253601,0
0.9720444083213806,0
1.0441842079162598,0
1.0235364437103271,0
0.9868571758270264,0
0.9768203496932983,0
1.0166583061218262,0
1.0807300806045532,0
1.0098177194595337,0
1.082372784614563,0
0.9888760447502136,0
0.9773378372192383,0
0.9989039897918701,0
1.2396713495254517,0
1.0627635717391968,0
1.3287562131881714,0
1.1803123950958252,0
1.0230426788330078,0
1.0332976579666138,0
1.3598029613494873,0
1.3338414430618286,0
1.028039574623108,0
0.9458237886428833,0
0.9884992837905884,0
0.9918742775917053,0
1.0444188117980957,0
1.0018184185028076,0
1.043321132659912,0
0.9528183341026306,0
1.0185734033584595,0
1.0037150382995605,0
1.0421825647354126,0
1.0155229568481445,0
1.0030015707015991,0
1.0353703498840332,0
1.2241185903549194,0
0.9803237318992615,0
1.0077320337295532,0
1.0790995359420776,0
1.018185019493103,0
0.9746048450469971,0
1.190534234046936,0
0.9746595025062561,0
0.9939094185829163,0
1.038667917251587,0
1.216199278831482,0
1.0356155633926392,0
0.9939428567886353,0
1.0092476606369019,0
1.002999186515808,0
0.9800671339035034,0
0.9992001056671143,0
0.9649845957756042,0
1.0048917531967163,0
1.1076138019561768,0
1.063709020614624,0
1.0805402994155884,0
1.032545566558838,0
1.0031510591506958,0
0.9452381134033203,0
0.9992677569389343,0
0.9829892516136169,0
0.9936891198158264,0
1.123684287071228,0
0.9593862295150757,0
0.9920721054077148,0
0.9933149218559265,0
1.0009363889694214,0
0.9686052799224854,0
1.080407977104187,0
1.0943979024887085,0
1.0817240476608276,0
0.980567216873169,0
0.9941723942756653,0
2.5741190910339355,0
0.9969208836555481,0
1.0556498765945435,0
1.0430811643600464,0
1.0072081089019775,0
1.0135893821716309,0
1.0997309684753418,0
1.0012476444244385,0
1.3634397983551025,0
1.036176323890686,0
1.0582292079925537,0
1.1460566520690918,0
1.0536247491836548,0
1.0820438861846924,0
1.1252282857894897,0
1.4910569190979004,0
0.9839786887168884,0
1.129652500152588,0
1.3311567306518555,0
1.078630805015564,0
0.9877737164497375,0
1.2027281522750854,0
1.1155922412872314,0
1.1284096240997314,0
1.009656310081482,0
1.6198934316635132,0
1.0751372575759888,0
1.1171702146530151,0
1.0460329055786133,0
1.081899642944336,0
1.0034143924713135,0
1.04736328125,0
1.0309029817581177,0
1.2307965755462646,0
1.1748570203781128,0
0.9866951704025269,0
0.9643343687057495,0
1.3544858694076538,0
1.0200624465942383,0
1.0047610998153687,0
1.2528650760650635,0
1.1118285655975342,0
1.2281144857406616,0
1.1542153358459473,0
1.0376920700073242,0
0.9713917970657349,0
1.2181569337844849,0
0.9975458979606628,0
1.0189255475997925,0
0.9800151586532593,0
1.4757853746414185,0
1.2130833864212036,0
1.0708895921707153,0
0.9745567440986633,0
1.9485937356948853,0
1.1817798614501953,0
0.9658823609352112,0
1.015687346458435,0
1.170931339263916,0
1.0260289907455444,0
1.1354436874389648,0
1.5422228574752808,0
1.0238701105117798,0
1.4888756275177002,0
1.074615478515625,0
1.0298444032669067,0
1.2918893098831177,0
1.1653975248336792,0
0.9762362837791443,0
0.9726822376251221,0
1.027116298675537,0
1.1353611946105957,0
1.002388596534729,0
1.1164157390594482,0
1.0277785062789917,0
1.1408249139785767,0
1.080765724182129,0
1.025217890739441,0
1.0639318227767944,0
1.0161582231521606,0
1.0673209428787231,0
0.9863696694374084,0
1.0526915788650513,0
1.1340752840042114,0
0.9834349155426025,0
1.010064721107483,0
1.0220160484313965,0
1.0167797803878784,0
1.0753333568572998,0
1.140207052230835,0
1.005454659461975,0
0.9965232014656067,0
1.485263705253601,0
1.0137269496917725,0
1.0720109939575195,0
1.216572880744934,0
1.0469095706939697,0
0.998812735080719,0
1.271633267402649,0
1.0172725915908813,0
1.2343838214874268,0
1.057796835899353,0
1.1148977279663086,0
2.6589159965515137,0
1.62248694896698,0
1.006615400314331,0
1.0381526947021484,0
1.2384448051452637,0
1.0630980730056763,0
0.9548293352127075,0
1.0774664878845215,0
1.6494368314743042,0
1.2077438831329346,0
1.050760269165039,0
1.1688485145568848,0
1.0375919342041016,0
1.0983978509902954,0
0.9743210673332214,0
0.9786161184310913,0
0.9622806906700134,0
1.0243602991104126,0
1.0837397575378418,0
1.0030847787857056,0
1.0097354650497437,0
1.0078089237213135,0
1.3091872930526733,0
1.1222161054611206,0
1.1326320171356201,0
1.1596492528915405,0
0.9640248417854309,0
1.0178080797195435,0
0.9876324534416199,0
1.0003138780593872,0
1.0173687934875488,0
1.0537770986557007,0
1.01568603515625,0
1.1092123985290527,0
1.1223013401031494,0
1.0424749851226807,0
1.0227322578430176,0
0.9691659808158875,0
0.9888215661048889,0
1.0573381185531616,0
0.9831831455230713,0
1.131542444229126,0
0.9717636108398438,0
0.973720133304596,0
1.1512439250946045,0
1.0258958339691162,0
1.044769048690796,0
1.2034608125686646,0
2.1255264282226562,0
1.00449538230896,0
1.0127400159835815,0
1.2205342054367065,0
0.9684557914733887,0
0.995725154876709,0
0.9734612703323364,0
1.0016738176345825,0
1.0670876502990723,0
1.047884225845337,0
1.0,0
1.6571285724639893,0
1.107239842414856,0
0.9893723726272583,0
1.1365784406661987,0
0.9731366038322449,0
0.9949976205825806,0
1.00066339969635,0
1.2504628896713257,0
1.0587255954742432,0
0.9771915078163147,0
0.9924054741859436,0
1.1750621795654297,0
1.2084290981292725,0
1.0668094158172607,0
1.1495531797409058,0
1.0280933380126953,0
0.9633104205131531,0
1.0799683332443237,0
0.9701461791992188,0
1.0102061033248901,0
1.0549674034118652,0
0.9769129157066345,0
1.137872576713562,0
1.0172981023788452,0
0.9999662637710571,0
0.9777149558067322,0
1.080691933631897,0
1.0453300476074219,0
0.9832516312599182,0
1.021052598953247,0
1.0689623355865479,0
1.0130424499511719,0
0.9806953072547913,0
1.0038336515426636,0
1.0343972444534302,0
1.0993715524673462,0
1.3508095741271973,0
1.2504159212112427,0
1.2922683954238892,0
1.1075152158737183,0
1.0254758596420288,0
1.0287922620773315,0
1.6533793210983276,0
1.1180435419082642,0
1.3076711893081665,0
1.0342968702316284,0
0.9861421585083008,0
1.4271728992462158,0
1.1995495557785034,0
1.2603564262390137,0
1.112885594367981,0
1.0311754941940308,0
1.038315773010254,0
0.9999756813049316,0
0.9790785908699036,0
0.9946600198745728,0
1.0193144083023071,0
1.0706976652145386,0
1.0244473218917847,0
1.0507670640945435,0
1.1119130849838257,0
1.1083801984786987,0
1.0587133169174194,0
1.0748803615570068,0
0.9555068016052246,0
1.0732659101486206,0
1.2123504877090454,0
1.1936638355255127,0
0.9897373914718628,0
1.002284049987793,0
1.022339105606079,0
1.4928929805755615,0
1.173183798789978,0
1.9904935359954834,0
1.1072560548782349,0
0.9463052749633789,0
1.2169729471206665,0
1.1703147888183594,0
0.9860804677009583,0
0.9995023608207703,0
1.0250680446624756,0
1.0001206398010254,0
1.0424818992614746,0
1.023053765296936,0
1.0151317119598389,0
1.0489040613174438,0
1.0132254362106323,0
1.100504994392395,0
1.1912500858306885,0
1.008094072341919,0
0.9843960404396057,0
0.9422642588615417,0
0.9950000047683716,0
1.0043984651565552,0
0.9570541977882385,0
1.0443930625915527,0
1.5466935634613037,0
0.9702637195587158,0
1.111632227897644,0
1.4626641273498535,0
0.9472977519035339,0
1.0610274076461792,0
1.171915888786316,0
1.4361896514892578,0
1.0593763589859009,0
1.0766750574111938,0
0.9628188014030457,0
1.034195065498352,0
1.0151009559631348,0
1.4272689819335938,0
0.9910619258880615,0
1.2637338638305664,0
1.0931241512298584,0
1.037675142288208,0
1.071553111076355,0
1.0188453197479248,0
1.1978387832641602,0
1.0106805562973022,0
1.061234951019287,0
1.0434318780899048,0
1.4511998891830444,0
0.9763628244400024,0
1.042723298072815,0
1.0268380641937256,0
1.2042675018310547,0
1.1416006088256836,0
1.1547539234161377,0
1.0507241487503052,0
1.0212790966033936,0
1.3046741485595703,0
1.0186641216278076,0
1.2602214813232422,0
1.0238351821899414,0
0.9814908504486084,0
1.00973641872406,0
1.141838788986206,0
0.9683395624160767,0
1.0431023836135864,0
1.6947574615478516,0
1.163143277168274,0
1.3604127168655396,0
0.9985252022743225,0
1.0577157735824585,0
0.9670841097831726,0
0.9618251323699951,0
1.061224102973938,0
1.2695072889328003,0
1.0330827236175537,0
0.9761905074119568,0
0.9978471994400024,0
0.9928035736083984,0
1.0772868394851685,0
1.016441822052002,0
2.817441463470459,0
1.2390177249908447,0
0.966148316860199,0
1.0095527172088623,0
1.0149339437484741,0
1.2397223711013794,0
1.0968588590621948,0
1.3046824932098389,0
1.1288397312164307,0
1.806976318359375,0
1.0502560138702393,0
1.0347938537597656,0
1.0665782690048218,0
1.1448639631271362,0
0.9948065876960754,0
1.0,0
1.0138884782791138,0
1.1215169429779053,0
1.043205738067627,0
1.0758461952209473,0
1.007453203201294,0
0.9708970785140991,0
1.5462528467178345,0
0.9737266898155212,0
1.9067491292953491,0
0.9792133569717407,0
1.222179651260376,0
1.0558273792266846,0
1.0875732898712158,0
1.06221604347229,0
0.967422604560852,0
0.9751938581466675,0
1.027561902999878,0
0.9780048727989197,0
1.0385233163833618,0
1.0693968534469604,0
1.0330411195755005,0
1.07371985912323,0
0.993100106716156,0
1.0200567245483398,0
1.0308409929275513,0
1.2342454195022583,0
1.0278890132904053,0
1.0106366872787476,0
0.9744939208030701,0
1.4733039140701294,0
1.0800522565841675,0
1.328028917312622,0
1.028384804725647,0
1.0070245265960693,0
0.9715701341629028,0
0.9666666388511658,0
0.9838899970054626,0
1.087965488433838,0
1.015172004699707,0
3.5140771865844727,0
1.0490087270736694,0
7.167870998382568,0
3.8235933780670166,0
1.9648513793945312,0
1.0465344190597534,0
0.9648265838623047,0
1.1922001838684082,0
1.0916237831115723,0
0.9765717387199402,0
0.9798080325126648,0
1.007931113243103,0
1.0043721199035645,0
1.107630729675293,0
0.9527319669723511,0
1.110110878944397,0
1.057865023612976,0
1.3236565589904785,0
1.0388575792312622,0
1.0052499771118164,0
1.2799980640411377,0
1.0951924324035645,0
0.9965201616287231,0
1.05227530002594,0
1.0105775594711304,0
0.9647353291511536,0
1.0260591506958008,0
1.0061142444610596,0
1.1267882585525513,0
1.110443115234375,0
0.9941741228103638,0
1.0476495027542114,0
0.9809691905975342,0
1.137986660003662,0
1.0315618515014648,0
0.9792653918266296,0
1.1363681554794312,0
1.0771805047988892,0
0.9987177848815918,0
1.0186959505081177,0
1.1794179677963257,0
0.9894694685935974,0
1.1704107522964478,0
1.0578421354293823,0
1.010144829750061,0
2.4564433097839355,0
2.0659749507904053,0
1.277517318725586,0
1.0919305086135864,0
1.0774857997894287,0
1.0467045307159424,0
0.9948147535324097,0
0.9841445088386536,0
1.184136152267456,0
1.0239814519882202,0
0.9980127215385437,0
1.0419082641601562,0
1.4608221054077148,0
0.9699046611785889,0
1.1842013597488403,0
1.7223985195159912,0
1.050333857536316,0
1.0385675430297852,0
1.0647491216659546,0
0.9854018688201904,0
1.0599589347839355,0
1.0211106538772583,0
1.0339590311050415,0
1.105539321899414,0
1.1006535291671753,0
1.0594135522842407,0
1.0307185649871826,0
1.1949011087417603,0
1.1783567667007446,0
1.0007892847061157,0
1.2152141332626343,0
1.0319067239761353,0
1.0433675050735474,0
0.9974523186683655,0
1.0256049633026123,0
1.0156047344207764,0
1.050361156463623,0
1.9889321327209473,0
1.0116490125656128,0
0.9941866397857666,0
1.098513126373291,0
1.0,0
1.0370069742202759,0
1.0355788469314575,0
1.0948448181152344,0
1.2490354776382446,0
1.2552874088287354,0
0.9987754225730896,0
1.0961493253707886,0
0.9475504159927368,0
1.198068380355835,0
0.9988157153129578,0
2.9898500442504883,0
1.036145806312561,0
1.1115851402282715,0
0.9520556926727295,0
1.145774483680725,0
0.9857286214828491,0
1.062636375427246,0
0.9970077276229858,0
1.0253037214279175,0
1.6406121253967285,0
1.1692029237747192,0
1.1147657632827759,0
1.1415940523147583,0
100.11851501464844,0
1.1048089265823364,0
0.9801335334777832,0
1.3469470739364624,0
0.9745075106620789,0
1.0270674228668213,0
0.9847764372825623,0
0.9708534479141235,0
1.0401102304458618,0
1.0798962116241455,0
1.03786039352417,0
1.0050970315933228,0
1.0366992950439453,0
1.133928656578064,0
1.0159720182418823,0
1.0909972190856934,0
1.016252875328064,0
1.5190200805664062,0
1.0360722541809082,0
1.1113696098327637,0
1.5461608171463013,0
1.000562071800232,0
1.0433728694915771,0
1.034259557723999,0
0.9668811559677124,0
0.982200026512146,0
0.9908962249755859,0
1.3509794473648071,0
0.9785138368606567,0
1.1006097793579102,0
1.0445176362991333,0
1.0424270629882812,0
1.744185447692871,0
1.1870721578598022,0
1.011375069618225,0
0.9736829400062561,0
1.049561858177185,0
1.0159658193588257,0
1.0560942888259888,0
1.0919175148010254,0
1.7622268199920654,0
1.1134353876113892,0
1.057423710823059,0
1.0474480390548706,0
1.1316014528274536,0
0.9896661043167114,0
1.1349520683288574,0
1.026963710784912,0
1.3499572277069092,0
1.0369629859924316,0
0.995320200920105,0
0.9704018235206604,0
1.080451488494873,0
1.0170601606369019,0
0.969309389591217,0
1.0221904516220093,0
1.004171371459961,0
1.0225834846496582,0
1.0422958135604858,0
1.2506297826766968,0
1.591997742652893,0
0.9822714924812317,0
1.100706934928894,0
1.028286337852478,0
1.061216950416565,0
0.9700533747673035,0
1.1076369285583496,0
1.0373529195785522,0
1.0180995464324951,0
0.9712924957275391,0
1.0003323554992676,0
1.0283914804458618,0
1.0113215446472168,0
1.150080680847168,0
1.0631606578826904,0
1.202332854270935,0
1.031259298324585,0
0.9706529974937439,0
1.0092992782592773,0
1.0656296014785767,0
1.048830270767212,0
1.0170040130615234,0
1.0261975526809692,0
1.0206586122512817,0
1.0335994958877563,0
1.1547987461090088,0
1.0760911703109741,0
1.277174711227417,0
1.0523000955581665,0
1.8732585906982422,0
0.937352180480957,0
1.1321828365325928,0
1.0910134315490723,0
1.0199214220046997,0
0.9738003015518188,0
1.046350359916687,0
1.0532246828079224,0
1.0886741876602173,0
1.4706454277038574,0
1.0070899724960327,0
0.9568455219268799,0
0.9695362448692322,0
1.0753750801086426,0
0.9963383078575134,0
1.0761284828186035,0
1.6415002346038818,0
1.017637014389038,0
0.9971820712089539,0
1.0174256563186646,0
1.0572552680969238,0
0.9808185696601868,0
1.0153498649597168,0
1.0338897705078125,0
1.0506693124771118,0
1.0450602769851685,0
1.037764072418213,0
0.9900262951850891,0
1.014286994934082,0
1.012777328491211,0
1.0006499290466309,0
1.1888424158096313,0
1.0237375497817993,0
1.1156922578811646,0
0.9828541874885559,0
1.1271146535873413,0
0.9517415761947632,0
1.0702232122421265,0
1.020635962486267,0
0.9737159013748169,0
1.2917557954788208,0
1.0074659585952759,0
2.1255264282226562,0
0.9977445602416992,0
1.0287221670150757,0
1.0917890071868896,0
1.033934235572815,0
1.2490893602371216,0
1.0089998245239258,0
0.9842965006828308,0
0.9735783338546753,0
1.448582649230957,0
0.9674584865570068,0
1.0242685079574585,0
1.0214369297027588,0
1.2102346420288086,0
0.9485167264938354,0
0.9889094233512878,0
1.139460802078247,0
1.0160630941390991,0
1.0361053943634033,0
1.0591769218444824,0
0.9852814078330994,0
1.0053032636642456,0
1.172529935836792,0
1.0117665529251099,0
1.0873510837554932,0
1.3197740316390991,0
1.032553791999817,0
1.0381722450256348,0
1.0287755727767944,0
1.0893017053604126,0
0.9703569412231445,0
1.0707138776779175,0
0.9758921265602112,0
1.2999019622802734,0
1.0149513483047485,0
1.0411032438278198,0
1.0403163433074951,0
1.0104955434799194,0
0.966000497341156,0
1.0177738666534424,0
1.237947940826416,0
0.9893815517425537,0
1.0256884098052979,0
1.0019158124923706,0
1.0072354078292847,0
1.0,0
1.0541303157806396,0
1.1550217866897583,0
1.0459113121032715,0
1.0009559392929077,0
1.1391299962997437,0
1.051438808441162,0
1.0357118844985962,0
1.0814357995986938,0
0.9721522927284241,0
1.0023436546325684,0
1.1278172731399536,0
0.9888807535171509,0
0.9919982552528381,0
0.9753991961479187,0
1.095128059387207,0
1.0075806379318237,0
1.0801031589508057,0
0.9783045053482056,0
1.0079660415649414,0
1.1586812734603882,0
1.043920636177063,0
1.1397860050201416,0
1.1073722839355469,0
1.0560123920440674,0
1.0196797847747803,0
1.176234483718872,0
1.0053657293319702,0
0.9934803247451782,0
1.1337730884552002,0
1.178378701210022,0
0.9681320190429688,0
1.1008131504058838,0
1.069901466369629,0
1.0102291107177734,0
0.9771232008934021,0
1.030555009841919,0
1.1987584829330444,0
1.1195651292800903,0
1.4321670532226562,0
1.0060632228851318,0
1.0362281799316406,0
0.9856436252593994,0
1.0099259614944458,0
1.0092031955718994,0
1.0993518829345703,0
1.340392827987671,0
1.3017878532409668,0
1.0466368198394775,0
1.2826237678527832,0
1.109151005744934,0
0.9887077212333679,0
0.9982542991638184,0
1.0077669620513916,0
0.9871841073036194,0
0.9799618124961853,0
1.0884183645248413,0
1.0596883296966553,0
0.9884408712387085,0
1.0037518739700317,0
0.9819978475570679,0
1.0232069492340088,0
1.1124085187911987,0
1.0740138292312622,0
1.1571943759918213,0
0.9866514205932617,0
0.9859052300453186,0
0.9819100499153137,0
1.0705840587615967,0
1.1643580198287964,0
1.1941365003585815,0
1.125758409500122,0
0.9777538776397705,0
0.9892658591270447,0
0.9913927316665649,0
1.0853607654571533,0
0.9984766840934753,0
1.3579517602920532,0
1.0345820188522339,0
0.9904724359512329,0
1.000644564628601,0
1.01226806640625,0
1.0596576929092407,0
0.9937884211540222,0
1.011538028717041,0
1.0004950761795044,0
0.9451759457588196,0
1.0396395921707153,0
2.7388393878936768,0
0.9842380285263062,0
1.1832307577133179,0
1.085210919380188,0
1.018341302871704,0
1.0354090929031372,0
1.45622980594635,0
0.9927095174789429,0
0.9878559112548828,0
1.1090747117996216,0
0.9416988492012024,0
1.040653109550476,0
1.0847822427749634,0
1.050157070159912,0
1.0646722316741943,0
1.0476727485656738,0
1.3318159580230713,0
1.0032254457473755,0
1.111636757850647,0
1.1477876901626587,0
0.9636330008506775,0
1.3212577104568481,0
1.0031929016113281,0
1.5647512674331665,0
1.0000979900360107,0
0.9882668852806091,0
1.1617158651351929,0
1.0089585781097412,0
1.0919673442840576,0
1.0351332426071167,0
1.093672752380371,0
1.212082028388977,0
1.0344154834747314,0
1.340543508529663,0
1.0902059078216553,0
1.035356044769287,0
1.158384919166565,0
0.9532960057258606,0
1.1005314588546753,0
1.0045807361602783,0
1.1236321926116943,0
1.0112675428390503,0
0.9996259808540344,0
0.9901576042175293,0
1.0703080892562866,0
1.2707210779190063,0
1.2671422958374023,0
1.0849840641021729,0
1.1534243822097778,0
0.9824343919754028,0
0.975210964679718,0
1.0359880924224854,0
1.0862382650375366,0
1.0453046560287476,0
1.0591598749160767,0
1.0406078100204468,0
0.9788942337036133,0
0.9694986939430237,0
1.144526720046997,0
1.1623796224594116,0
1.0104984045028687,0
1.0023359060287476,0
1.2691802978515625,0
0.9802101850509644,0
1.030377745628357,0
0.9496898055076599,0
1.397412896156311,0
1.0151615142822266,0
1.0272053480148315,0
1.0456770658493042,0
0.9792806506156921,0
1.0388894081115723,0
1.0853227376937866,0
143.70143127441406,0
0.9996020793914795,0
1.0951688289642334,0
0.9825046062469482,0
0.9836323857307434,0
1.2266921997070312,0
1.1125102043151855,0
2.139627456665039,0
1.1135637760162354,0
0.9935081601142883,0
1.450020432472229,0
1.0123871564865112,0
1.0677756071090698,0
1.11480712890625,0
0.9951974153518677,0
2.7499847412109375,0
0.9802666306495667,0
1.0705411434173584,0
1.0682148933410645,0
1.2704969644546509,0
1.0550254583358765,0
1.1403344869613647,0
1.0053629875183105,0
1.0107052326202393,0
0.9704254865646362,0
1.0143389701843262,0
1.2276365756988525,0
1.3433549404144287,0
1.021100640296936,0
0.9549791812896729,0
1.7809807062149048,0
1.3823915719985962,0
0.9698119163513184,0
1.1621532440185547,0
1.0410327911376953,0
1.0310839414596558,0
1.0012127161026,0
0.9887225031852722,0
0.9599301218986511,0
1.2072174549102783,0
1.1911474466323853,0
1.0474649667739868,0
1.0164369344711304,0
1.2099034786224365,0
1.466810941696167,0
1.1768052577972412,0
1.0306923389434814,0
1.109071135520935,0
1.122492790222168,0
1.0127254724502563,0
1.1315656900405884,0
0.9926861524581909,0
1.2972787618637085,0
1.0117515325546265,0
0.971696674823761,0
0.9852705597877502,0
1.0067858695983887,0
0.9832695722579956,0
1.0303473472595215,0
1.1666277647018433,0
1.1167972087860107,0
1.1247575283050537,0
1.0204435586929321,0
1.05155611038208,0
0.9708800315856934,0
1.0026968717575073,0
0.9853180050849915,0
1.0810825824737549,0
1.1805393695831299,0
0.9622862935066223,0
1.2048921585083008,0
1.0304844379425049,0
1.511931300163269,0
1.0661892890930176,0
0.9935739040374756,0
1.044264554977417,0
1.0,0
1.0972635746002197,0
1.6573059558868408,0
1.1612670421600342,0
1.0943573713302612,0
1.0050108432769775,0
1.0247406959533691,0
1.236194372177124,0
0.9543472528457642,0
1.0241652727127075,0
1.0915489196777344,0
1.0933374166488647,0
1.0067462921142578,0
1.4324463605880737,0
0.9959447383880615,0
1.1681278944015503,0
1.0340992212295532,0
1.0240166187286377,0
0.976658284664154,0
1.1689748764038086,0
1.001145601272583,0
1.0881860256195068,0
0.9643721580505371,0
1.0464035272598267,0
1.1894961595535278,0
1.0183289051055908,0
1.0223037004470825,0
1.0531370639801025,0
0.9812646508216858,0
1.0515365600585938,0
1.1713299751281738,0
1.129015564918518,0
1.223492980003357,0
1.3121215105056763,0
1.0853840112686157,0
0.989784300327301,0
1.0055102109909058,0
0.9783695340156555,0
1.0076608657836914,0
1.024325966835022,0
1.0308468341827393,0
0.9808436036109924,0
0.9933911561965942,0
1.0458341836929321,0
1.0244265794754028,0
0.9767457842826843,0
1.3907798528671265,0
1.0521610975265503,0
1.0572258234024048,0
1.0641517639160156,0
1.2772693634033203,0
0.9995104670524597,0
1.3117461204528809,0
1.0516589879989624,0
1.1001888513565063,0
1.0178234577178955,0
1.1826075315475464,0
1.0112807750701904,0
1.0992217063903809,0
1.0406898260116577,0
1.0442129373550415,0
1.0216857194900513,0
1.0286554098129272,0
0.9763335585594177,0
1.0943228006362915,0
1.0852680206298828,0
0.9794025421142578,0
0.991070568561554,0
0.9631950259208679,0
1.1897934675216675,0
1.028462529182434,0
1.0379618406295776,0
1.1293448209762573,0
1.1072925329208374,0
1.0042575597763062,0
1.0903517007827759,0
1.1300666332244873,0
1.560093879699707,0
1.0426381826400757,0
1.0225940942764282,0
1.0746952295303345,0
0.9865903854370117,0
0.9841480255126953,0
1.0381903648376465,0
1.1447904109954834,0
1.9349141120910645,0
1.0476447343826294,0
0.9842410087585449,0
1.0356336832046509,0
1.061733365058899,0
1.0119218826293945,0
1.023264765739441,0
1.1046974658966064,0
1.0487010478973389,0
0.9863713979721069,0
0.9530022740364075,0
0.972118079662323,0
1.1192336082458496,0
1.0,0
2.476799726486206,0
1.088484764099121,0
1.0179126262664795,0
1.1770155429840088,0
1.002586007118225,0
1.0054532289505005,0
1.0386430025100708,0
0.9889273643493652,0
1.408563494682312,0
1.0553704500198364,0
1.117555022239685,0
1.0756053924560547,0
1.1937447786331177,0
1.0478973388671875,0
1.1132134199142456,0
1.0618613958358765,0
1.0004817247390747,0
1.0686557292938232,0
1.0171548128128052,0
1.1846190690994263,0
1.0120368003845215,0
1.1413378715515137,0
0.9748613834381104,0
0.9701364040374756,0
1.078599214553833,0
1.1354289054870605,0
1.244980812072754,0
1.119383454322815,0
1.6513426303863525,0
1.2918781042099,0
0.9991987347602844,0
0.9714950323104858,0
1.112175464630127,0
1.048509120941162,0
1.0140557289123535,0
1.1678208112716675,0
1.2040746212005615,0
1.095091700553894,0
1.3433040380477905,0
0.9538868069648743,0
1.0011388063430786,0
1.0987553596496582,0
0.9861147999763489,0
1.5476588010787964,0
0.9481750726699829,0
1.378928780555725,0
1.8991303443908691,0
1.0414537191390991,0
0.9823189973831177,0
1.0594662427902222,0
0.9717487692832947,0
0.9957811236381531,0
1.0560624599456787,0
1.1834944486618042,0
1.3866757154464722,0
1.1030199527740479,0
1.0771236419677734,0
1.0422999858856201,0
1.0924005508422852,0
0.9874724745750427,0
1.0709973573684692,0
1.1099293231964111,0
1.1046769618988037,0
1.004798173904419,0
1.0839710235595703,0
1.038630485534668,0
1.5260789394378662,0
1.067063808441162,0
0.9868756532669067,0
0.9815747737884521,0
0.998918354511261,0
1.0792269706726074,0
1.0748372077941895,0
1.119936227798462,0
1.088082194328308,0
1.0030933618545532,0
1.0071865320205688,0
1.016366720199585,0
1.0638363361358643,0
1.2450554370880127,0
1.1158039569854736,0
1.7866625785827637,0
1.1562433242797852,0
1.3655574321746826,0
1.2923692464828491,0
0.9880858063697815,0
0.9825748205184937,0
1.4064580202102661,0
0.9472525715827942,0
1.2771849632263184,0
1.218039631843567,0
1.078698992729187,0
0.9553446173667908,0
0.9922899007797241,0
9.499425888061523,0
1.01923406124115,0
1.0511611700057983,0
0.9928008317947388,0
1.0011383295059204,0
1.0988566875457764,0
1.3247488737106323,0
1.0318971872329712,0
1.057030439376831,0
1.0105552673339844,0
1.4242470264434814,0
1.0103085041046143,0
1.099825143814087,0
1.03284752368927,0
1.0077825784683228,0
1.0049397945404053,0
1.0896296501159668,0
0.976279079914093,0
1.2766976356506348,0
1.0231958627700806,0
1.1332018375396729,0
0.9763240218162537,0
1.002289891242981,0
1.6720484495162964,0
1.0973570346832275,0
1.002444863319397,0
1.0443501472473145,0
1.0019794702529907,0
1.1085094213485718,0
1.006280779838562,0
1.0271881818771362,0
1.0718698501586914,0
1.0684808492660522,0
1.0217649936676025,0
0.9722045063972473,0
1.0311874151229858,0
1.626554012298584,0
1.202944040298462,0
1.1821503639221191,0
0.987384021282196,0
0.9998970031738281,0
1.0433818101882935,0
0.9609328508377075,0
1.1903769969940186,0
1.0142802000045776,0
1.0694986581802368,0
1.1019923686981201,0
1.0071333646774292,0
1.0011731386184692,0
1.1407928466796875,0
1.1261855363845825,0
1.005028486251831,0
1.0572638511657715,0
1.1608290672302246,0
1.3898038864135742,0
0.9836600422859192,0
1.0242869853973389,0
1.1172624826431274,0
1.6000357866287231,0
1.0244837999343872,0
1.2027506828308105,0
1.5365869998931885,0
1.0366616249084473,0
0.9995391964912415,0
1.0079607963562012,0
1.0205376148223877,0
1.0631494522094727,0
1.1679937839508057,0
0.9785138368606567,0
1.033104419708252,0
0.9947354197502136,0
0.9871170520782471,0
1.1102875471115112,0
0.9965135455131531,0
0.9839789271354675,0
1.0139721632003784,0
1.0946006774902344,0
1.057520866394043,0
1.0333248376846313,0
1.059184193611145,0
1.0071611404418945,0
1.0285128355026245,0
1.084972858428955,0
1.0149513483047485,0
1.235529899597168,0
1.5348447561264038,0
0.9999493360519409,0
1.1538282632827759,0
0.9767705798149109,0
0.9737889170646667,0
1.0806081295013428,0
1.34870445728302,0
1.0417444705963135,0
1.0046523809432983,0
0.9758643507957458,0
1.1205165386199951,0
1.131382703781128,0
1.2262858152389526,0
1.0146888494491577,0
1.1031991243362427,0
1.0835700035095215,0
1.0719375610351562,0
1.146317958831787,0
1.5529898405075073,0
0.9797317981719971,0
1.0204722881317139,0
0.9971047043800354,0
1.0232751369476318,0
0.9996848702430725,0
1.0176005363464355,0
1.4841158390045166,0
1.2053278684616089,0
1.2896926403045654,0
0.9815577864646912,0
0.9843774437904358,0
1.11552095413208,0
0.9892400503158569,0
1.1956199407577515,0
1.038805603981018,0
1.248031735420227,0
0.9885191321372986,0
2.514946699142456,0
1.2466367483139038,0
1.123247504234314,0
1.0498356819152832,0
1.5829198360443115,0
1.0810145139694214,0
1.0398905277252197,0
1.0266236066818237,0
1.0553630590438843,0
1.0157440900802612,0
1.1302434206008911,0
1.2566900253295898,0
1.2202913761138916,0
1.0983071327209473,0
0.9881475567817688,0
1.0747168064117432,0
1.0699706077575684,0
1.0844584703445435,0
1.6380382776260376,0
1.2169578075408936,0
1.1082768440246582,0
0.9949637055397034,0
0.9822719097137451,0
1.0030916929244995,0
1.0128360986709595,0
0.9687867164611816,0
1.1344306468963623,0
1.1374791860580444,0
1.0813850164413452,0
0.9950000047683716,0
0.9950000047683716,0
1.9082425832748413,0
1.1136726140975952,0
1.0102035999298096,0
1.0125727653503418,0
2.0659639835357666,0
1.166182279586792,0
1.0712285041809082,0
1.0020214319229126,0
1.0147230625152588,0
1.00251305103302,0
1.0374023914337158,0
1.4626641273498535,0
0.9939805269241333,0
1.0274736881256104,0
1.1938755512237549,0
0.9572163820266724,0
1.0402981042861938,0
1.052905559539795,0
1.0471681356430054,0
1.0152591466903687,0
1.0272821187973022,0
1.1153323650360107,0
1.0096445083618164,0
1.0212098360061646,0
1.0276801586151123,0
1.0424665212631226,0
1.1070964336395264,0
1.0331233739852905,0
1.142501711845398,0
1.1321488618850708,0
1.0227487087249756,0
1.0225261449813843,0
0.999548614025116,0
0.9750036597251892,0
1.1297168731689453,0
1.3974369764328003,0
1.0808322429656982,0
1.1018589735031128,0
1.1273292303085327,0
1.1419004201889038,0
0.9789449572563171,0
1.184047818183899,0
1.191336989402771,0
1.0791583061218262,0
0.9680037498474121,0
1.3905519247055054,0
0.967380702495575,0
82.86882781982422,0
1.8861407041549683,0
0.9809473752975464,0
1.1601879596710205,0
1.1560505628585815,0
0.9573845267295837,0
1.032850742340088,0
0.9635565876960754,0
1.00400710105896,0
1.1193313598632812,0
1.2926867008209229,0
1.0164918899536133,0
1.3572865724563599,0
1.0299692153930664,0
0.9820099472999573,0
0.9692090153694153,0
1.066574215888977,0
0.9798110723495483,0
1.1003788709640503,0
0.9526341557502747,0
1.0888617038726807,0
1.0181021690368652,0
1.0534018278121948,0
0.9938458800315857,0
1.0299264192581177,0
1.0284878015518188,0
1.2276256084442139,0
1.189244270324707,0
1.0187593698501587,0
0.9967604875564575,0
0.9516813158988953,0
1.0034232139587402,0
1.1293842792510986,0
1.0347380638122559,0
1.0831503868103027,0
0.9863907098770142,0
0.9832695722579956,0
1.0420981645584106,0
1.0712088346481323,0
1.0177251100540161,0
1.0213117599487305,0
1.010299801826477,0
1.3512513637542725,0
1.093168020248413,0
1.2599188089370728,0
1.0541101694107056,0
0.9761799573898315,0
1.0124499797821045,0
0.994909405708313,0
1.0263526439666748,0
1.1848081350326538,0
0.9932200312614441,0
1.098310947418213,0
0.9496432542800903,0
0.9623943567276001,0
1.0893059968948364,0
0.9675349593162537,0
1.2071590423583984,0
1.0478590726852417,0
1.051028847694397,0
1.0183690786361694,0
1.0472432374954224,0
1.2748701572418213,0
0.9964743256568909,0
1.0138648748397827,0
3.7905187606811523,0
1.0408116579055786,0
0.9942574501037598,0
1.0098172426223755,0
2.5413825511932373,0
1.119983196258545,0
1.0104420185089111,0
1.1044247150421143,0
1.5937998294830322,0
0.979795515537262,0
1.1219384670257568,0
0.981864869594574,0
1.174246072769165,0
1.056763768196106,0
2.568986415863037,0
1.120806336402893,0
0.9961268305778503,0
0.9882845282554626,0
0.9731181859970093,0
0.9732100963592529,0
1.0384643077850342,0
1.0273919105529785,0
1.0443449020385742,0
1.3628602027893066,0
1.0817240476608276,0
1.0120623111724854,0
1.045325517654419,0
1.3344122171401978,0
1.0126081705093384,0
1.1165568828582764,0
1.0917906761169434,0
1.0075150728225708,0
1.0839742422103882,0
1.0679337978363037,0
1.124680519104004,0
0.9730736613273621,0
1.0365231037139893,0
1.0036613941192627,0
1.0375109910964966,0
1.2433559894561768,0
1.0182427167892456,0
0.9844733476638794,0
1.0701009035110474,0
0.9643552899360657,0
0.9968022108078003,0
1.113677740097046,0
1.0509802103042603,0
1.0624449253082275,0
1.0347402095794678,0
1.0074609518051147,0
0.9916526675224304,0
1.0236924886703491,0
1.118462085723877,0
1.1577035188674927,0
1.013063669204712,0
0.9838611483573914,0
1.0306121110916138,0
1.0192832946777344,0
0.95423823595047,0
1.1404924392700195,0
1.0187182426452637,0
1.0560890436172485,0
0.9964890480041504,0
1.0071154832839966,0
1.1916649341583252,0
1.0522353649139404,0
0.995401918888092,0
1.241100549697876,0
1.03019118309021,0
1.034233570098877,0
1.0551438331604004,0
1.042706847190857,0
82.86882781982422,0
1.2880676984786987,0
0.979826807975769,0
1.7474309206008911,0
1.074174165725708,0
1.0559725761413574,0
0.9752560257911682,0
1.4379355907440186,0
1.120215892791748,0
1.046644926071167,0
0.9971413612365723,0
1.119407057762146,0
1.059155821800232,0
1.0146557092666626,0
1.0286325216293335,0
1.0507962703704834,0
1.0046168565750122,0
0.9876946210861206,0
1.1706774234771729,0
1.0623784065246582,0
1.082808017730713,0
1.0556130409240723,0
1.393033504486084,0
1.0344209671020508,0
1.3012877702713013,0
1.0027499198913574,0
0.9944421648979187,0
1.0197715759277344,0
1.1062840223312378,0
0.9690362811088562,0
2.817441463470459,0
0.9640437960624695,0
1.0275912284851074,0
1.149112343788147,0
1.0086114406585693,0
0.9153155088424683,0
1.7315069437026978,0
1.4470449686050415,0
0.9997081160545349,0
1.0188838243484497,0
1.0596026182174683,0
1.0045925378799438,0
1.0776447057724,0
1.0966078042984009,0
0.9636573195457458,0
0.9707139134407043,0
0.9860958456993103,0
1.1014596223831177,0
1.0097771883010864,0
0.9643388986587524,0
1.0070908069610596,0
0.9524200558662415,0
1.022125482559204,0
0.9792270660400391,0
0.9995644688606262,0
1.0603466033935547,0
1.2007064819335938,0
1.0197585821151733,0
1.0580838918685913,0
3.129119634628296,0
1.0242624282836914,0
1.0667883157730103,0
1.1915239095687866,0
1.0497307777404785,0
1.3088806867599487,0
1.1071754693984985,0
1.000951886177063,0
1.0196720361709595,0
1.0329115390777588,0
1.027039647102356,0
0.9964580535888672,0
0.9943973422050476,0
1.6184041500091553,0
0.9867924451828003,0
1.1269999742507935,0
1.348395824432373,0
0.9542979001998901,0
0.9901979565620422,0
0.9843615293502808,0
1.0076614618301392,0
1.6413648128509521,0
1.232977271080017,0
1.0476853847503662,0
1.2380839586257935,0
0.9553365111351013,0
1.0439536571502686,0
2.250256061553955,0
1.5168371200561523,0
1.2149794101715088,0
1.0463252067565918,0
0.9606637358665466,0
1.0059877634048462,0
1.0481817722320557,0
1.063375473022461,0
1.0217770338058472,0
1.2529155015945435,0
1.1233097314834595,0
0.9898059368133545,0
0.9698899388313293,0
1.0953525304794312,0
0.9770126938819885,0
1.08475923538208,0
1.019411325454712,0
1.0163334608078003,0
1.0068280696868896,0
1.0401207208633423,0
1.2070279121398926,0
1.9152199029922485,0
1.036084771156311,0
1.3749197721481323,0
1.0460163354873657,0
1.0102335214614868,0
1.1069303750991821,0
0.9816401600837708,0
1.1697286367416382,0
1.2101690769195557,0
2.8158953189849854,0
1.04181969165802,0
1.1918822526931763,0
1.2311360836029053,0
1.0481513738632202,0
1.0257643461227417,0
1.1385776996612549,0
0.9995013475418091,0
1.051400899887085,0
0.965215802192688,0
1.19935142993927,0
0.9679450988769531,0
1.0460788011550903,0
1.0059922933578491,0
1.0670225620269775,0
2.583876848220825,0
1.0973681211471558,0
1.108969807624817,0
1.2280195951461792,0
1.017552375793457,0
1.273746371269226,0
0.9634698033332825,0
1.0317330360412598,0
0.9666666388511658,0
1.0789777040481567,0
0.967902660369873,0
1.0932188034057617,0
1.0192921161651611,0
1.6507169008255005,0
0.989489734172821,0
1.4644131660461426,0
1.0154863595962524,0
1.1418732404708862,0
1.0678268671035767,0
1.247653841972351,0
1.1130211353302002,0
1.0890624523162842,0
1.0544198751449585,0
1.1501524448394775,0
1.1170904636383057,0
1.0252207517623901,0
108.70484161376953,0
1.0416884422302246,0
1.0034406185150146,0
1.2009927034378052,0
1.0698357820510864,0
1.161474347114563,0
1.0099620819091797,0
1.0546618700027466,0
0.9869762659072876,0
1.0582562685012817,0
0.9907230734825134,0
0.9978843927383423,0
1.1075491905212402,0
1.1665650606155396,0
1.380427360534668,0
0.9683443903923035,0
1.3141846656799316,0
1.0637801885604858,0
1.0177509784698486,0
1.018465280532837,0
1.1680080890655518,0
1.1363898515701294,0
1.0583020448684692,0
0.9932405352592468,0
0.999646008014679,0
1.0323158502578735,0
1.3991807699203491,0
1.0137578248977661,0
1.0817240476608276,0
1.0417200326919556,0
1.3554316759109497,0
1.0177390575408936,0
1.2545862197875977,0
1.29440438747406,0
1.0274581909179688,0
1.0984303951263428,0
1.0968464612960815,0
0.9631478190422058,0
1.11483633518219,0
1.019185185432434,0
1.3705859184265137,0
0.9686694741249084,0
0.9903712868690491,0
1.0135136842727661,0
1.07804274559021,0
1.1658519506454468,0
1.0136518478393555,0
0.9930874109268188,0
0.9813016653060913,0
1.1886067390441895,0
1.1452094316482544,0
0.9492140412330627,0
1.129425287246704,0
1.211999773979187,0
1.0324941873550415,0
1.0058529376983643,0
1.0958819389343262,0
1.1052649021148682,0
1.0674569606781006,0
1.0056079626083374,0
1.0482268333435059,0
1.6413648128509521,0
0.9761786460876465,0
1.0134445428848267,0
1.2019577026367188,0
1.711179256439209,0
0.9690507650375366,0
1.0198593139648438,0
1.1170340776443481,0
0.9481750726699829,0
1.062819242477417,0
1.8273532390594482,0
1.3453044891357422,0
1.0379977226257324,0
0.9717649817466736,0
1.1241095066070557,0
1.0410642623901367,0
1.181619644165039,0
1.057619571685791,0
1.0032631158828735,0
1.0845996141433716,0
1.0717113018035889,0
1.0089489221572876,0
0.9951732754707336,0
0.9919770359992981,0
1.014798641204834,0
1.074174165725708,0
1.011369228363037,0
1.0821770429611206,0
1.1266424655914307,0
0.962194561958313,0
0.9745545983314514,0
1.138612985610962,0
1.0274566411972046,0
1.125834584236145,0
1.2081329822540283,0
2.277921199798584,0
0.9852341413497925,0
0.9233384728431702,0
1.183601975440979,0
1.007165789604187,0
0.9884936809539795,0
1.0600093603134155,0
1.0406818389892578,0
1.0070104598999023,0
0.958200216293335,0
0.99300217628479,0
0.9542360901832581,0
1.0629279613494873,0
1.0268839597702026,0
1.0382797718048096,0
1.2909486293792725,0
0.9866618514060974,0
1.0205981731414795,0
1.0016202926635742,0
0.9823251366615295,0
1.0062450170516968,0
2.0659725666046143,0
1.0281672477722168,0
0.9943846464157104,0
0.982872724533081,0
1.1390137672424316,0
1.008070945739746,0
1.1628040075302124,0
1.0632359981536865,0
1.1012794971466064,0
0.9708700180053711,0
1.5615712404251099,0
1.016952633857727,0
1.4895296096801758,0
1.0280755758285522,0
1.0637658834457397,0
1.0370184183120728,0
0.9922133088111877,0
1.0487844944000244,0
1.1289160251617432,0
1.0079116821289062,0
1.0381990671157837,0
1.11408531665802,0
1.0189728736877441,0
1.0202994346618652,0
1.006846308708191,0
1.3247672319412231,0
1.1142040491104126,0
1.0588018894195557,0
0.9549791812896729,0
1.204625129699707,0
1.0148732662200928,0
0.9870494604110718,0
1.0301311016082764,0
1.1038799285888672,0
0.9855010509490967,0
1.045778751373291,0
0.9801896214485168,0
0.971867024898529,0
0.9867789149284363,0
0.9852719902992249,0
143.70143127441406,0
1.0053703784942627,0
1.0015732049942017,0
1.0833992958068848,0
1.0417526960372925,0
0.9826897382736206,0
0.9987214803695679,0
0.9836307764053345,0
0.9797623157501221,0
1.0269488096237183,0
1.0007826089859009,0
1.1440995931625366,0
1.4985374212265015,0
1.070771336555481,0
1.077713966369629,0
1.0460631847381592,0
1.2035489082336426,0
1.0914173126220703,0
1.018143653869629,0
1.0669121742248535,0
1.0245248079299927,0
4.294459342956543,0
0.9787275791168213,0
1.0301083326339722,0
1.2191592454910278,0
1.0671048164367676,0
1.1051133871078491,0
1.7873693704605103,0
1.0007433891296387,0
1.0317550897598267,0
1.1024473905563354,0
1.1291555166244507,0
1.3821555376052856,0
1.0058708190917969,0
1.0038142204284668,0
0.9978514313697815,0
0.9866117835044861,0
1.0120364427566528,0
1.0223782062530518,0
1.0208057165145874,0
1.1127634048461914,0
0.9587824940681458,0
0.9983837008476257,0
1.1697946786880493,0
0.9381833672523499,0
1.0066189765930176,0
1.0344078540802002,0
0.9961033463478088,0
1.430719017982483,0
1.573148250579834,0
1.0057462453842163,0
1.0218976736068726,0
1.007187843322754,0
1.0434563159942627,0
1.148445963859558,0
1.030989170074463,0
1.250296950340271,0
1.371044397354126,0
1.3053529262542725,0
1.0537999868392944,0
0.9720286726951599,0
1.0006555318832397,0
1.0871316194534302,0
1.026841402053833,0
1.0086413621902466,0
1.027651071548462,0
1.0864977836608887,0
1.4033697843551636,0
1.0259253978729248,0
1.0301361083984375,0
1.5504111051559448,0
1.158966064453125,0
1.0882457494735718,0
0.9875578284263611,0
1.4094651937484741,0
1.36427903175354,0
0.9844317436218262,0
1.0046931505203247,0
1.170613408088684,0
1.0137269496917725,0
1.0045756101608276,0
1.250365972518921,0
1.041148066520691,0
1.1692731380462646,0
1.2445636987686157,0
1.0248726606369019,0
0.9966979026794434,0
1.0798752307891846,0
0.9926435351371765,0
1.0705713033676147,0
1.1277828216552734,0
1.2126471996307373,0
1.1866289377212524,0
1.1071139574050903,0
0.9953328967094421,0
1.074043869972229,0
1.2550538778305054,0
1.0373204946517944,0
1.702461838722229,0
1.0294911861419678,0
1.1193125247955322,0
1.0173105001449585,0
1.0426440238952637,0
0.9997915029525757,0
0.9833017587661743,0
1.0266692638397217,0
1.3112208843231201,0
1.0552515983581543,0
0.9696663618087769,0
1.099877953529358,0
1.0336029529571533,0
1.020287036895752,0
0.9473879337310791,0
1.045404076576233,0
1.0671312808990479,0
0.9995489716529846,0
1.1853034496307373,0
0.998538613319397,0
1.035093903541565,0
1.0504635572433472,0
0.992688775062561,0
1.0017220973968506,0
1.1126956939697266,0
1.006104826927185,0
1.2142828702926636,0
1.140904426574707,0
1.0352184772491455,0
0.9859774708747864,0
1.100150227546692,0
0.9915022253990173,0
1.0378382205963135,0
0.9908918142318726,0
1.1733916997909546,0
1.1298695802688599,0
1.2219136953353882,0
1.0338666439056396,0
1.074294924736023,0
1.0042357444763184,0
1.0351877212524414,0
1.0240176916122437,0
1.2389980554580688,0
1.9626153707504272,0
1.0452862977981567,0
1.053373098373413,0
1.1791669130325317,0
0.9754765033721924,0
1.1312447786331177,0
0.992247998714447,0
1.0112049579620361,0
1.0174790620803833,0
0.9910861253738403,0
1.1760101318359375,0
0.9779057502746582,0
1.2180205583572388,0
1.0202925205230713,0
1.105678677558899,0
1.0904072523117065,0
3.091902732849121,0
0.9991379380226135,0
0.9891341328620911,0
1.0273103713989258,0
1.0103610754013062,0
1.032652735710144,0
1.0357803106307983,0
0.9884501695632935,0
82.86882781982422,0
1.0269713401794434,0
1.0207701921463013,0
1.2930153608322144,0
2.8289222717285156,0
1.0339165925979614,0
1.07428777217865,0
1.1521342992782593,0
0.9707379937171936,0
1.0384225845336914,0
1.0159248113632202,0
1.0594500303268433,0
0.9704729914665222,0
0.9806473851203918,0
1.0982563495635986,0
1.0157983303070068,0
1.0108230113983154,0
1.0864579677581787,0
82.86882781982422,0
1.0181652307510376,0
1.0712882280349731,0
1.0794799327850342,0
1.040479063987732,0
1.0622825622558594,0
1.1067523956298828,0
1.0457520484924316,0
1.079615831375122,0
1.0069891214370728,0
0.9838401675224304,0
0.9794952273368835,0
0.9756690263748169,0
1.0991580486297607,0
1.0195226669311523,0
1.0332692861557007,0
0.9875132441520691,0
1.0503233671188354,0
1.2619551420211792,0
1.0878452062606812,0
1.2899497747421265,0
1.0381900072097778,0
0.9736877679824829,0
1.02249276638031,0
1.0639811754226685,0
1.0607529878616333,0
1.005950689315796,0
1.0485925674438477,0
1.038918137550354,0
1.0847352743148804,0
1.0370408296585083,0
1.027334451675415,0
1.040868878364563,0
1.0215537548065186,0
0.9937238097190857,0
1.0227209329605103,0
0.9962174892425537,0
0.998373806476593,0
0.8903480768203735,0
1.054753303527832,0
1.2053816318511963,0
1.020004391670227,0
1.0117477178573608,0
1.0367244482040405,0
1.0879557132720947,0
1.1083117723464966,0
1.1833750009536743,0
1.035814642906189,0
1.4804794788360596,0
1.054667353630066,0
1.0186071395874023,0
0.9801720380783081,0
1.1558254957199097,0
1.106598138809204,0
1.028667688369751,0
1.0197709798812866,0
1.0868265628814697,0
0.9814176559448242,0
1.042549967765808,0
1.0636056661605835,0
2.7775094509124756,0
1.0277111530303955,0
1.5828526020050049,0
1.2153255939483643,0
1.0302320718765259,0
1.224098563194275,0
0.961817741394043,0
1.1155399084091187,0
0.9934896230697632,0
1.0418273210525513,0
1.1992663145065308,0
1.0628730058670044,0
1.0235100984573364,0
0.9388463497161865,0
1.6140228509902954,0
0.9812493920326233,0
1.1255251169204712,0
1.1903263330459595,0
1.0415663719177246,0
1.1078581809997559,0
1.080030918121338,0
1.070806860923767,0
1.0410734415054321,0
1.0724210739135742,0
1.1446449756622314,0
1.0257090330123901,0
0.9932096004486084,0
1.0188137292861938,0
1.2455987930297852,0
1.0517809391021729,0
1.0336616039276123,0
1.0145241022109985,0
0.9561614394187927,0
1.1471034288406372,0
1.0797008275985718,0
1.913969874382019,0
1.2002835273742676,0
1.2825292348861694,0
1.2958965301513672,0
1.0247015953063965,0
1.0120505094528198,0
1.0383867025375366,0
1.0762133598327637,0
0.9600852727890015,0
1.1856908798217773,0
1.1118961572647095,0
0.9686686992645264,0
1.1886004209518433,0
1.177509069442749,0
1.023763656616211,0
0.9924881458282471,0
0.9588119387626648,0
1.1952167749404907,0
1.0580565929412842,0
2.1954221725463867,0
1.0684401988983154,0
0.9784097671508789,0
0.9785138368606567,0
1.0452748537063599,0
1.1271482706069946,0
1.007785677909851,0
1.0277094841003418,0
1.0246473550796509,0
0.9652772545814514,0
1.040865421295166,0
1.0689339637756348,0
0.9874435067176819,0
1.0519440174102783,0
1.2170709371566772,0
1.1366245746612549,0
1.4576427936553955,0
1.1058757305145264,0
1.030884027481079,0
1.116924524307251,0
1.0867033004760742,0
1.2769187688827515,0
1.1271556615829468,0
1.0234163999557495,0
1.0031921863555908,0
0.980462372303009,0
1.240740418434143,0
1.2657554149627686,0
1.0427677631378174,0
1.029259204864502,0
1.0109058618545532,0
1.072268009185791,0
1.0220938920974731,0
0.9518939256668091,0
1.443321943283081,0
1.2938199043273926,0
1.0872572660446167,0
1.06659734249115,0
0.9962291121482849,0
1.1163235902786255,0
1.0177024602890015,0
1.137349009513855,0
1.080051064491272,0
1.0128390789031982,0
1.15250825881958,0
1.163367509841919,0
1.0016075372695923,0
1.0160614252090454,0
1.0381377935409546,0
1.0056953430175781,0
0.9937958717346191,0
1.0084971189498901,0
1.0171698331832886,0
1.185135006904602,0
1.0150622129440308,0
1.0169260501861572,0
1.8271210193634033,0
1.0864284038543701,0
1.0293976068496704,0
1.0288841724395752,0
0.9452381134033203,0
1.0837510824203491,0
1.0046736001968384,0
1.0973948240280151,0
1.1988286972045898,0
1.0120710134506226,0
1.1276782751083374,0
1.0090396404266357,0
1.146743893623352,0
0.9415826201438904,0
1.0118577480316162,0
1.0160151720046997,0
1.1133477687835693,0
0.9960654377937317,0
0.9958640336990356,0
1.0172088146209717,0
1.0627917051315308,0
1.0586680173873901,0
1.0114752054214478,0
1.0243343114852905,0
1.1163861751556396,0
1.6682900190353394,0
1.0265326499938965,0
1.778405785560608,0
1.013448715209961,0
1.1359044313430786,0
1.087673544883728,0
1.178635597229004,0
1.0456904172897339,0
1.053983211517334,0
1.0103446245193481,0
1.0335164070129395,0
1.128084659576416,0
1.0473231077194214,0
1.1524548530578613,0
0.9854638576507568,0
0.972804844379425,0
1.0398527383804321,0
1.0628513097763062,0
1.0795246362686157,0
1.1416664123535156,0
0.9798080325126648,0
0.9657610058784485,0
1.035587191581726,0
1.1426907777786255,0
1.0553394556045532,0
1.0283275842666626,0
1.1139994859695435,0
0.9830108284950256,0
1.0815587043762207,0
1.0793746709823608,0
1.0462108850479126,0
1.048689365386963,0
1.0470728874206543,0
1.0382500886917114,0
1.1871354579925537,0
1.1611766815185547,0
1.0492548942565918,0
0.9906880855560303,0
1.0417137145996094,0
1.0411332845687866,0
0.9832261204719543,0
1.0658646821975708,0
1.041078805923462,0
0.9858877658843994,0
1.1429566144943237,0
0.9982235431671143,0
1.3851882219314575,0
1.004698634147644,0
1.0199419260025024,0
1.0827374458312988,0
1.1642955541610718,0
0.9898209571838379,0
0.9668161273002625,0
1.1612144708633423,0
1.298148274421692,0
1.001237392425537,0
1.048682689666748,0
0.9727717638015747,0
1.1104400157928467,0
1.0412135124206543,0
1.1063748598098755,0
1.1142852306365967,0
1.1098144054412842,0
1.3537309169769287,0
1.4089641571044922,0
1.0141425132751465,0
1.118363857269287,0
1.117961049079895,0
1.031793236732483,0
0.9762167930603027,0
1.5221565961837769,0
1.0620027780532837,0
1.068989872932434,0
1.0432019233703613,0
1.129757285118103,0
1.3111571073532104,0
1.0328551530838013,0
1.767238736152649,0
0.9568974375724792,0
1.0394386053085327,0
0.9922988414764404,0
0.9733447432518005,0
1.0071945190429688,0
1.0066938400268555,0
0.9806617498397827,0
1.0871522426605225,0
0.9843873381614685,0
0.9963682293891907,0
1.0565730333328247,0
1.2746986150741577,0
0.9733209609985352,0
1.1217291355133057,0
1.0017913579940796,0
0.9892854690551758,0
1.0186131000518799,0
0.9854690432548523,0
1.026560664176941,0
1.0217770338058472,0
1.0244921445846558,0
0.9819384813308716,0
1.0335118770599365,0
1.2598633766174316,0
1.0322260856628418,0
1.0454455614089966,0
1.0393717288970947,0
1.3447734117507935,0
1.1464124917984009,0
1.0783487558364868,0
1.0122824907302856,0
1.0743616819381714,0
1.1656396389007568,0
1.0249220132827759,0
1.0818954706192017,0
1.1637392044067383,0
1.1677218675613403,0
1.3863298892974854,0
0.9773438572883606,0
1.1646795272827148,0
1.0059634447097778,0
1.0747177600860596,0
0.9718419909477234,0
1.0543675422668457,0
1.0063116550445557,0
1.074197769165039,0
4.76945686340332,0
0.9927183985710144,0
1.068989872932434,0
1.0121134519577026,0
1.0060654878616333,0
1.0632039308547974,0
1.0988537073135376,0
0.9783806204795837,0
0.9919856190681458,0
1.0436233282089233,0
1.12220299243927,0
1.015184998512268,0
1.045377492904663,0
1.2031583786010742,0
0.9959508776664734,0
1.0961943864822388,0
1.1729756593704224,0
2.065964698791504,0
1.1272879838943481,0
1.1662962436676025,0
1.1401258707046509,0
1.0131784677505493,0
0.9790604114532471,0
1.072485089302063,0
1.1081570386886597,0
1.0037024021148682,0
1.0422248840332031,0
1.119885802268982,0
1.0183168649673462,0
1.0192782878875732,0
1.1553829908370972,0
82.86882781982422,0
1.785078525543213,0
1.1031090021133423,0
0.9977883100509644,0
1.0253909826278687,0
1.083044171333313,0
1.3684743642807007,0
0.9922515153884888,0
1.680648684501648,0
1.0639675855636597,0
1.0136351585388184,0
1.124045491218567,0
1.0637633800506592,0
1.2250679731369019,0
1.2517173290252686,0
0.970577597618103,0
1.156985878944397,0
1.0346229076385498,0
1.2351150512695312,0
1.1637392044067383,0
1.1562113761901855,0
1.1182940006256104,0
0.9824090003967285,0
0.9809281826019287,0
1.2287840843200684,0
0.9988440275192261,0
1.2882989645004272,0
1.494569182395935,0
0.9980147480964661,0
0.9947714805603027,0
1.198209524154663,0
0.9918045401573181,0
0.9952660202980042,0
1.1514228582382202,0
1.4094042778015137,0
0.9628165364265442,0
1.1027311086654663,0
1.0221368074417114,0
1.0008995532989502,0
1.0,0
0.9716873168945312,0
1.6005975008010864,0
1.0779534578323364,0
1.3082549571990967,0
1.08074152469635,0
0.9471422433853149,0
1.027414083480835,0
1.003787875175476,0
1.38050377368927,0
0.9849415421485901,0
0.9751642942428589,0
1.0948781967163086,0
1.0028423070907593,0
0.9767115116119385,0
1.0420392751693726,0
0.9932522177696228,0
1.0285903215408325,0
0.9980147480964661,0
1.2208244800567627,0
1.0602672100067139,0
1.1565479040145874,0
0.9672986268997192,0
1.2993748188018799,0
1.314530849456787,0
1.176873803138733,0
1.066070556640625,0
1.020180583000183,0
1.004746437072754,0
1.167284607887268,0
1.0304304361343384,0
1.0218360424041748,0
1.0050607919692993,0
1.040497064590454,0
1.1807193756103516,0
0.9961951971054077,0
1.0703080892562866,0
2.2315406799316406,0
0.9691487550735474,0
1.0659269094467163,0
1.017637014389038,0
1.2049620151519775,0
1.1473259925842285,0
1.9315073490142822,0
1.0560624599456787,0
1.0446888208389282,0
0.9596831202507019,0
1.1823163032531738,0
1.2477127313613892,0
1.2623436450958252,0
1.2159287929534912,0
1.081000804901123,0
1.0152827501296997,0
1.0713269710540771,0
1.0713319778442383,0
1.3089227676391602,0
1.1734788417816162,0
1.066578984260559,0
0.9854629635810852,0
0.9803902506828308,0
1.0015137195587158,0
1.2653578519821167,0
1.0043838024139404,0
1.0110609531402588,0
1.110062837600708,0
0.9939883351325989,0
1.06981360912323,0
1.1761081218719482,0
1.0729022026062012,0
1.0498253107070923,0
1.1446211338043213,0
1.2579809427261353,0
0.9807689785957336,0
1.101256012916565,0
0.9894116520881653,0
1.0086090564727783,0
1.0464085340499878,0
1.002204418182373,0
1.1283044815063477,0
1.0311847925186157,0
1.0476644039154053,0
0.9532422423362732,0
1.0270265340805054,0
1.3078941106796265,0
1.0237056016921997,0
1.0305254459381104,0
1.0864434242248535,0
0.9319157600402832,0
1.4110668897628784,0
0.9722564816474915,0
1.183286428451538,0
1.1641534566879272,0
1.0360281467437744,0
1.0868167877197266,0
1.1467888355255127,0
1.0453907251358032,0
0.9645441174507141,0
0.9649631381034851,0
0.9898906946182251,0
1.0812525749206543,0
1.0417767763137817,0
0.9691940546035767,0
1.009503722190857,0
1.030186414718628,0
0.9923797249794006,0
1.0175036191940308,0
1.214679479598999,0
0.9924538135528564,0
1.0883657932281494,0
1.0004433393478394,0
1.4769690036773682,0
1.002301812171936,0
1.3846445083618164,0
1.031193494796753,0
1.037915825843811,0
1.5286206007003784,0
0.9670526385307312,0
0.9697166681289673,0
1.192251443862915,0
1.027388572692871,0
1.836281180381775,0
1.1059969663619995,0
1.113163709640503,0
0.995878279209137,0
0.9982588887214661,0
0.9886938333511353,0
1.342708706855774,0
0.9875355958938599,0
1.0067170858383179,0
1.052412509918213,0
1.0579743385314941,0
1.1002044677734375,0
1.0053560733795166,0
1.0993798971176147,0
0.9666666388511658,0
1.052391767501831,0
1.0700308084487915,0
1.0158597230911255,0
1.3028569221496582,0
1.1261931657791138,0
1.0990885496139526,0
1.3194537162780762,0
0.9976057410240173,0
1.068425178527832,0
1.0030885934829712,0
1.5511382818222046,0
1.0139451026916504,0
1.0516974925994873,0
1.0260181427001953,0
0.9702227115631104,0
1.1124892234802246,0
1.079027533531189,0
0.9797440767288208,0
1.0381749868392944,0
1.0259265899658203,0
0.9916774034500122,0
1.8391090631484985,0
1.043941855430603,0
0.9884682297706604,0
1.07068932056427,0
1.0413380861282349,0
1.1931780576705933,0
1.0012668371200562,0
1.0156203508377075,0
1.1296837329864502,0
0.9762526154518127,0
1.0899900197982788,0
0.9950000047683716,0
1.1617863178253174,0
1.0088013410568237,0
0.9826033711433411,0
1.007137417793274,0
1.3451721668243408,0
1.2574074268341064,0
1.0085413455963135,0
0.9623754024505615,0
1.0893352031707764,0
1.1752936840057373,0
1.0802117586135864,0
0.99871426820755,0
1.225257158279419,0
0.9625935554504395,0
1.1787230968475342,0
1.1037007570266724,0
1.8818000555038452,0
1.1703616380691528,0
1.3955239057540894,0
0.9907963275909424,0
0.9556710720062256,0
1.0737894773483276,0
1.5208555459976196,0
0.9791666865348816,0
1.05204439163208,0
1.198615550994873,0
0.9549791812896729,0
1.0060328245162964,0
1.163517951965332,0
1.107324242591858,0
1.7825931310653687,0
0.9645741581916809,0
0.9910351634025574,0
1.1363012790679932,0
1.0260660648345947,0
1.002138614654541,0
1.0050737857818604,0
1.0926287174224854,0
0.9589480757713318,0
1.0118075609207153,0
1.0796602964401245,0
0.9921116828918457,0
1.021045446395874,0
1.0661711692810059,0
1.2572952508926392,0
1.683918833732605,0
0.9732092618942261,0
1.051635980606079,0
1.0384143590927124,0
0.967424213886261,0
0.9826400279998779,0
1.0309159755706787,0
0.9874674081802368,0
1.0631952285766602,0
1.0162032842636108,0
1.9479658603668213,0
1.2398611307144165,0
1.7931574583053589,0
1.0420805215835571,0
1.0622327327728271,0
4.509066581726074,0
0.9777432084083557,0
0.9834455847740173,0
1.8147000074386597,0
1.0052499771118164,0
1.1372673511505127,0
1.0467712879180908,0
1.0357139110565186,0
1.0037329196929932,0
0.9982376098632812,0
0.9816017150878906,0
0.9873462319374084,0
1.0400549173355103,0
1.969521164894104,0
1.0194664001464844,0
1.0171030759811401,0
1.0943113565444946,0
0.9570683836936951,0
1.0463374853134155,0
1.0263158082962036,0
1.1617751121520996,0
1.0286198854446411,0
1.1248996257781982,0
0.980449378490448,0
1.0003256797790527,0
0.9597703218460083,0
1.1862729787826538,0
1.0001192092895508,0
1.062601923942566,0
1.0437341928482056,0
1.007944107055664,0
1.0376076698303223,0
0.9755107164382935,0
1.1076629161834717,0
1.0202571153640747,0
1.4590792655944824,0
1.0515472888946533,0
1.002611517906189,0
1.071448564529419,0
0.9996711015701294,0
1.2315235137939453,0
1.1722267866134644,0
1.2549115419387817,0
1.0029066801071167,0
0.9943146109580994,0
1.0836654901504517,0
1.1406774520874023,0
0.9966068267822266,0
1.175784945487976,0
0.9920148253440857,0
1.1111809015274048,0
1.0508744716644287,0
1.1025270223617554,0
1.0137269496917725,0
1.2259588241577148,0
1.028130292892456,0
1.0111992359161377,0
1.1013435125350952,0
1.0030697584152222,0
1.0567630529403687,0
1.1051597595214844,0
1.4441170692443848,0
1.0804378986358643,0
1.020493507385254,0
1.5495930910110474,0
1.0813806056976318,0
1.0101802349090576,0
1.661745309829712,0
1.2337225675582886,0
1.061654806137085,0
0.9999674558639526,0
1.3750768899917603,0
1.1737383604049683,0
1.0312232971191406,0
1.3577654361724854,0
0.9811059236526489,0
1.0685489177703857,0
1.0117838382720947,0
1.0139721632003784,0
1.0244771242141724,0
1.115097165107727,0
1.0659867525100708,0
0.9983421564102173,0
0.9785481095314026,0
1.2159546613693237,0
1.0024728775024414,0
1.0470463037490845,0
0.960704505443573,0
1.4943534135818481,0
0.9930254817008972,0
1.2767473459243774,0
1.904787302017212,0
1.0358163118362427,0
1.4313760995864868,0
1.001989722251892,0
1.07684326171875,0
1.0066540241241455,0
1.121942400932312,0
1.179238200187683,0
1.3575520515441895,0
1.0252885818481445,0
1.0601428747177124,0
1.312814712524414,0
1.083093523979187,0
1.0115662813186646,0
1.0574170351028442,0
1.0887595415115356,0
1.036084771156311,0
0.9738221168518066,0
1.5244814157485962,0
0.9952681660652161,0
0.9872624278068542,0
1.161056637763977,0
0.9748061895370483,0
1.132647156715393,0
1.0313748121261597,0
1.2038546800613403,0
1.0235884189605713,0
0.9993166327476501,0
1.0452585220336914,0
1.0003889799118042,0
1.5089482069015503,0
1.0112080574035645,0
2.738025426864624,0
1.0009419918060303,0
0.9849066138267517,0
0.9889293313026428,0
0.9906792044639587,0
1.0104318857192993,0
1.1610532999038696,0
1.165137529373169,0
1.3631184101104736,0
1.0393123626708984,0
1.0049856901168823,0
0.9588960409164429,0
1.5521365404129028,0
1.0154523849487305,0
1.1024113893508911,0
0.9891499280929565,0
0.9666666388511658,0
1.0897183418273926,0
1.0489006042480469,0
1.3774892091751099,0
1.0600616931915283,0
1.0717836618423462,0
0.9998406171798706,0
1.0909088850021362,0
0.9572857022285461,0
0.9625020027160645,0
1.0584290027618408,0
0.9622806906700134,0
1.0204017162322998,0
1.0706754922866821,0
1.2706589698791504,0
1.1211496591567993,0
1.1691349744796753,0
0.9558022022247314,0
1.0207023620605469,0
1.1216537952423096,0
1.9567148685455322,0
1.3099510669708252,0
1.0073148012161255,0
0.9646375179290771,0
0.9675703644752502,0
1.0913389921188354,0
0.9541776776313782,0
1.156327724456787,0
1.084822416305542,0
1.0676629543304443,0
0.9980147480964661,0
0.9574069380760193,0
1.283152461051941,0
1.0259265899658203,0
1.2456607818603516,0
1.012558102607727,0
1.0300213098526,0
1.0330888032913208,0
1.336234450340271,0
1.136570692062378,0
1.2217779159545898,0
0.9498981833457947,0
1.1145658493041992,0
1.091321349143982,0
1.1463619470596313,0
1.1627397537231445,0
1.4639865159988403,0
1.0532509088516235,0
1.2050238847732544,0
1.0342482328414917,0
82.86882781982422,0
1.0318042039871216,0
1.1243566274642944,0
1.0209636688232422,0
1.144987940788269,0
1.0855871438980103,0
1.0614500045776367,0
1.1129765510559082,0
0.969071090221405,0
1.0570061206817627,0
0.9564716815948486,0
1.1477880477905273,0
1.4419465065002441,0
1.1931287050247192,0
0.9807409644126892,0
1.3605338335037231,0
1.018566608428955,0
1.2683831453323364,0
1.0432478189468384,0
1.1117023229599,0
1.321093201637268,0
1.0444964170455933,0
1.03281831741333,0
1.0366473197937012,0
1.006205677986145,0
2.8158953189849854,0
1.0661762952804565,0
1.1663130521774292,0
1.0461934804916382,0
1.0482069253921509,0
0.9772040843963623,0
1.334871768951416,0
1.0563697814941406,0
1.1025663614273071,0
1.0827221870422363,0
0.9457895159721375,0
1.1329166889190674,0
1.2454209327697754,0
1.246798038482666,0
1.0803338289260864,0
2.817441463470459,0
1.1148407459259033,0
1.0964186191558838,0
0.9958528876304626,0
1.0603790283203125,0
1.002123236656189,0
1.0913532972335815,0
1.1193214654922485,0
0.9985764026641846,0
0.9533446431159973,0
1.0625886917114258,0
1.0257463455200195,0
1.5410748720169067,0
0.9871681928634644,0
0.9837180972099304,0
1.4980807304382324,0
1.2313284873962402,0
1.0494261980056763,0
0.9760698676109314,0
1.1914474964141846,0
0.9529439210891724,0
0.9787275791168213,0
1.2150077819824219,0
0.9689635038375854,0
2.120112895965576,0
0.9425449967384338,0
1.0874634981155396,0
1.0925416946411133,0
1.2195255756378174,0
1.0625762939453125,0
0.9792442321777344,0
1.2513129711151123,0
1.0693267583847046,0
1.1689140796661377,0
1.1315586566925049,0
1.0963258743286133,0
1.0688709020614624,0
1.0076676607131958,0
1.0440317392349243,0
1.0786449909210205,0
0.9888489842414856,0
1.0295265913009644,0
1.0060495138168335,0
1.0632976293563843,0
0.9965866208076477,0
0.9666666388511658,0
1.485263705253601,0
0.9752901792526245,0
1.0081545114517212,0
1.8044543266296387,0
1.0412667989730835,0
1.4925589561462402,0
1.2145382165908813,0
1.0343687534332275,0
0.9927313327789307,0
1.0418778657913208,0
1.077790379524231,0
1.047311544418335,0
1.0917320251464844,0
1.2861361503601074,0
0.9854683876037598,0
1.0338729619979858,0
1.0424126386642456,0
1.2316372394561768,0
1.1664952039718628,0
1.4472157955169678,0
0.9797681570053101,0
0.9780314564704895,0
1.0803509950637817,0
0.9432768225669861,0
0.964269757270813,0
1.0681601762771606,0
1.1910260915756226,0
1.0856760740280151,0
1.162107229232788,0
1.0618045330047607,0
1.1830387115478516,0
1.0297436714172363,0
1.5522150993347168,0
1.043633222579956,0
1.0214545726776123,0
1.0080870389938354,0
1.0116981267929077,0
1.0369884967803955,0
1.004184365272522,0
0.9828711152076721,0
1.130946397781372,0
1.020169973373413,0
1.00359046459198,0
1.0015020370483398,0
1.2138490676879883,0
1.0034297704696655,0
1.3506807088851929,0
1.2082699537277222,0
0.9593831896781921,0
1.0512042045593262,0
1.1825236082077026,0
1.0482083559036255,0
0.9960192441940308,0
1.0064443349838257,0
1.0236828327178955,0
0.9902821183204651,0
0.9647402167320251,0
1.024904727935791,0
1.1475125551223755,0
1.045279860496521,0
1.0136094093322754,0
1.1695348024368286,0
1.0438623428344727,0
0.9870719909667969,0
1.0785423517227173,0
1.2960827350616455,0
0.968136727809906,0
0.997176468372345,0
1.1798338890075684,0
1.1363329887390137,0
1.397810459136963,0
2.3157451152801514,0
0.9703632593154907,0
1.2462844848632812,0
1.1596782207489014,0
1.6401941776275635,0
0.9884535670280457,0
1.0348767042160034,0
0.9929094910621643,0
1.2452210187911987,0
2.227659225463867,0
1.100817322731018,0
1.2922111749649048,0
0.9812393188476562,0
1.0372511148452759,0
0.9713899493217468,0
1.2097551822662354,0
0.9925376772880554,0
1.0769436359405518,0
0.9832173585891724,0
1.012615442276001,0
1.0828906297683716,0
0.9948807954788208,0
1.0884329080581665,0
1.0138720273971558,0
1.3703243732452393,0
1.0333126783370972,0
1.286726951599121,0
1.2078747749328613,0
1.2239230871200562,0
0.982930600643158,0
1.0174918174743652,0
1.025438904762268,0
1.0292201042175293,0
0.9570683836936951,0
1.7317754030227661,0
1.778405785560608,0
1.2407187223434448,0
1.0893250703811646,0
1.296299695968628,0
0.9911245107650757,0
1.1059361696243286,0
0.9927006959915161,0
1.6152726411819458,0
1.0087547302246094,0
1.048203706741333,0
1.12283194065094,0
1.0367040634155273,0
1.4882255792617798,0
0.9981171488761902,0
1.2219853401184082,0
0.9958152174949646,0
1.1044926643371582,0
1.1805273294448853,0
1.2923035621643066,0
1.546801209449768,0
1.093216061592102,0
0.9920114278793335,0
1.0880720615386963,0
0.9850128293037415,0
0.9909624457359314,0
1.1515145301818848,0
0.9748067259788513,0
1.160634994506836,0
0.995617687702179,0
1.0749047994613647,0
1.4010883569717407,0
0.9795786738395691,0
1.0451695919036865,0
1.1074186563491821,0
21.211854934692383,0
1.0011078119277954,0
1.1570298671722412,0
0.9932036399841309,0
1.0028923749923706,0
1.0772935152053833,0
1.2390451431274414,0
1.1267913579940796,0
1.31689453125,0
0.9752883911132812,0
1.0237607955932617,0
1.0723499059677124,0
1.178703784942627,0
1.0267894268035889,0
1.1989284753799438,0
0.9871366620063782,0
0.998837947845459,0
1.0532687902450562,0
1.1595182418823242,0
1.130555272102356,0
1.0301212072372437,0
1.0014568567276,0
1.0354374647140503,0
1.0600147247314453,0
1.7172091007232666,0
1.004075288772583,0
1.0534855127334595,0
1.0463563203811646,0
1.1669459342956543,0
1.0021649599075317,0
0.9767029285430908,0
1.0132863521575928,0
1.0854960680007935,0
2.1255264282226562,0
1.1246380805969238,0
0.9924338459968567,0
1.0125724077224731,0
1.1327465772628784,0
1.077247977256775,0
0.9422971606254578,0
1.1714037656784058,0
1.011025309562683,0
1.4577841758728027,0
1.0707024335861206,0
1.005628228187561,0
1.1589909791946411,0
1.125348448753357,0
0.9959079027175903,0
0.9840357899665833,0
0.9778883457183838,0
1.0238096714019775,0
1.0513293743133545,0
1.0057284832000732,0
1.0831166505813599,0
0.9639691114425659,0
1.175911784172058,0
1.091257095336914,0
1.034075379371643,0
1.047484040260315,0
1.021740436553955,0
1.061352014541626,0
0.9766273498535156,0
1.1482993364334106,0
1.0514109134674072,0
1.09981107711792,0
1.0126965045928955,0
0.9513214230537415,0
1.0120759010314941,0
1.0528051853179932,0
1.335551381111145,0
1.0031110048294067,0
1.0824002027511597,0
1.4381130933761597,0
0.966672420501709,0
0.9833413362503052,0
1.0521471500396729,0
1.0819181203842163,0
1.0183156728744507,0
1.3163189888000488,0
1.2633740901947021,0
1.1661455631256104,0
1.0083208084106445,0
1.313957691192627,0
1.0359171628952026,0
1.4203392267227173,0
0.9858791828155518,0
0.9797623157501221,0
1.035703420639038,0
1.0094701051712036,0
1.11553955078125,0
1.1188437938690186,0
1.1242444515228271,0
0.9905897378921509,0
1.1178417205810547,0
1.0619481801986694,0
1.0119751691818237,0
2.813417673110962,0
1.0067565441131592,0
0.9884293675422668,0
1.1264842748641968,0
1.1022372245788574,0
1.2794815301895142,0
0.9841508269309998,0
1.7137240171432495,0
1.1602450609207153,0
1.0368707180023193,0
1.0505861043930054,0
1.2092719078063965,0
1.271652102470398,0
0.9948104619979858,0
1.0144803524017334,0
1.192735195159912,0
0.9606543183326721,0
1.1406896114349365,0
4.389050006866455,0
1.046260118484497,0
1.0219794511795044,0
1.125197410583496,0
1.1633470058441162,0
1.0622611045837402,0
1.058763861656189,0
1.0794709920883179,0
1.0193554162979126,0
4.434366226196289,0
0.987296998500824,0
1.0590317249298096,0
1.0037094354629517,0
1.1057549715042114,0
0.9923310875892639,0
0.9973239898681641,0
1.0420726537704468,0
1.0978803634643555,0
0.9851253628730774,0
1.0517443418502808,0
1.0248278379440308,0
1.0760173797607422,0
1.012520432472229,0
1.024668574333191,0
1.2122994661331177,0
21.343008041381836,0
0.9994127154350281,0
1.0365225076675415,0
1.1790614128112793,0
0.979452908039093,0
1.013390064239502,0
1.1425862312316895,0
1.1995213031768799,0
1.2271186113357544,0
0.9628998041152954,0
1.0324996709823608,0
1.0380496978759766,0
0.9867852330207825,0
1.1731113195419312,0
1.0394943952560425,0
1.0034838914871216,0
0.9924216866493225,0
1.0150195360183716,0
1.011345386505127,0
1.0095914602279663,0
4.547362327575684,0
1.0130066871643066,0
1.002671241760254,0
1.0017627477645874,0
1.056972861289978,0
1.0049203634262085,0
1.006946086883545,0
0.9883995652198792,0
1.0809218883514404,0
1.0026968717575073,0
1.01609206199646,0
0.9875242114067078,0
1.0801013708114624,0
1.0234655141830444,0
0.9887304902076721,0
1.0713576078414917,0
1.0263442993164062,0
0.996425986289978,0
1.1186699867248535,0
1.0253292322158813,0
1.680648684501648,0
1.6826204061508179,0
1.0745787620544434,0
1.2188146114349365,0
0.990587055683136,0
1.1180719137191772,0
1.5436373949050903,0
1.0358039140701294,0
1.056546926498413,0
1.071775197982788,0
1.3431506156921387,0
1.0622483491897583,0
1.2458014488220215,0
1.02387535572052,0
1.109633445739746,0
0.9750524759292603,0
1.113887071609497,0
1.1439133882522583,0
1.0765690803527832,0
1.0341764688491821,0
1.2114993333816528,0
1.106549859046936,0
1.4195494651794434,0
1.2241095304489136,0
1.24342942237854,0
1.0141727924346924,0
1.3988271951675415,0
1.1028175354003906,0
0.994329035282135,0
1.0372122526168823,0
1.0018126964569092,0
1.0166373252868652,0
1.0128341913223267,0
1.0,0
1.0830423831939697,0
0.9723260402679443,0
1.0202865600585938,0
0.9775016903877258,0
0.9948872327804565,0
1.0848497152328491,0
0.9865441918373108,0
0.9841427206993103,0
1.158043384552002,0
1.034030795097351,0
1.4214224815368652,0
0.9736177325248718,0
1.0406579971313477,0
1.346930742263794,0
1.049545168876648,0
1.0521591901779175,0
1.009301781654358,0
1.0347325801849365,0
1.007215976715088,0
0.976814866065979,0
1.0220727920532227,0
0.9536952972412109,0
1.0698119401931763,0
1.2262846231460571,0
1.1173399686813354,0
1.0834529399871826,0
1.0414271354675293,0
1.0562056303024292,0
1.2307475805282593,0
1.0285555124282837,0
0.9868777394294739,0
1.0519531965255737,0
1.031877040863037,0
1.0973676443099976,0
1.0280518531799316,0
1.0073093175888062,0
1.0934138298034668,0
1.0595834255218506,0
0.9951856136322021,0
0.9632651805877686,0
0.9992912411689758,0
1.0880982875823975,0
1.0589731931686401,0
1.6562762260437012,0
1.2487486600875854,0
1.1437454223632812,0
1.0250786542892456,0
1.0764909982681274,0
1.0060807466506958,0
1.0343756675720215,0
1.0522022247314453,0
1.003017544746399,0
1.6151864528656006,0
1.0570796728134155,0
1.062432050704956,0
1.203879475593567,0
1.206419825553894,0
0.9944458603858948,0
1.277589201927185,0
1.000354290008545,0
1.448391318321228,0
0.9829995036125183,0
1.0514705181121826,0
1.1003280878067017,0
1.2536475658416748,0
1.1508198976516724,0
0.9920374751091003,0
1.0034559965133667,0
1.0794340372085571,0
1.0624288320541382,0
1.442431926727295,0
1.0232460498809814,0
0.9911457300186157,0
1.31068754196167,0
3.5505177974700928,0
0.9702247381210327,0
2.400033950805664,0
1.0549784898757935,0
0.9686362743377686,0
0.9508775472640991,0
1.1806867122650146,0
0.974432110786438,0
1.249805212020874,0
1.083396553993225,0
0.9943153858184814,0
0.9837251901626587,0
1.061017632484436,0
0.9988239407539368,0
1.0653610229492188,0
0.9869443774223328,0
0.9622806906700134,0
1.1154836416244507,0
1.0587948560714722,0
1.0252081155776978,0
1.1614493131637573,0
0.9949175119400024,0
1.0313129425048828,0
1.1628286838531494,0
1.029411792755127,0
1.0677536725997925,0
0.9969230890274048,0
1.2446199655532837,0
2.0659639835357666,0
1.7673554420471191,0
1.0151506662368774,0
1.1714532375335693,0
0.9984506368637085,0
1.058109164237976,0
1.0386086702346802,0
1.1531540155410767,0
0.9787572622299194,0
1.1175158023834229,0
1.216409683227539,0
1.0089040994644165,0
1.017885446548462,0
1.0080969333648682,0
1.1424298286437988,0
0.9801391959190369,0
1.229887843132019,0
0.9826516509056091,0
1.1661185026168823,0
0.9952036142349243,0
1.320673942565918,0
1.0205522775650024,0
1.0490734577178955,0
1.0696660280227661,0
0.9455248117446899,0
1.0445741415023804,0
1.2705566883087158,0
1.0978370904922485,0
2.3282394409179688,0
1.7129614353179932,0
1.1721177101135254,0
1.0447481870651245,0
1.2065976858139038,0
1.6021069288253784,0
1.0977400541305542,0
0.9967499375343323,0
1.0663939714431763,0
1.007388949394226,0
1.0042661428451538,0
1.0328750610351562,0
1.0015331506729126,0
1.0469849109649658,0
1.1016186475753784,0
1.1801942586898804,0
1.0443103313446045,0
1.0271891355514526,0
0.9622806906700134,0
1.0370253324508667,0
1.0364370346069336,0
1.0724775791168213,0
1.557950735092163,0
1.0287914276123047,0
1.2075960636138916,0
1.0295567512512207,0
1.0406150817871094,0
1.0140894651412964,0
1.0041470527648926,0
1.0414695739746094,0
1.012400507926941,0
55.17501449584961,0
1.1812585592269897,0
1.1495198011398315,0
0.9874821901321411,0
0.9939554929733276,0
1.1973470449447632,0
1.064582347869873,0
1.1163820028305054,0
1.0653445720672607,0
1.0773043632507324,0
1.032083511352539,0
1.0915086269378662,0
1.0443397760391235,0
4.434366226196289,0
1.311227798461914,0
0.9776783585548401,0
1.0640003681182861,0
0.9734770059585571,0
1.087273120880127,0
0.9992545247077942,0
1.0119776725769043,0
0.9936361312866211,0
1.1081416606903076,0
1.1479052305221558,0
1.0395931005477905,0
1.0915313959121704,0
0.9722108840942383,0
1.370402455329895,0
1.0525579452514648,0
1.3242928981781006,0
1.019423246383667,0
1.0466028451919556,0
1.001997947692871,0
1.0124629735946655,0
1.0834178924560547,0
0.9511688947677612,0
1.1207271814346313,0
0.9832695722579956,0
1.2337666749954224,0
1.003676414489746,0
1.0144095420837402,0
1.0005366802215576,0
1.2769843339920044,0
1.1168142557144165,0
1.0236643552780151,0
1.033117413520813,0
0.9964176416397095,0
1.2121706008911133,0
0.9793866872787476,0
1.050866961479187,0
1.0526965856552124,0
1.019397497177124,0
1.0847628116607666,0
1.0193296670913696,0
1.0255663394927979,0
1.0124192237854004,0
0.9867846369743347,0
1.1275912523269653,0
1.179808259010315,0
2.683328628540039,0
1.1494359970092773,0
1.006496548652649,0
0.9798122048377991,0
1.0340666770935059,0
1.0760682821273804,0
1.01870596408844,0
1.3357399702072144,0
1.0146918296813965,0
1.0053995847702026,0
1.2562400102615356,0
1.073365330696106,0
0.9958781599998474,0
1.0759018659591675,0
0.9700720906257629,0
1.032342553138733,0
1.0125559568405151,0
1.141781210899353,0
0.9843040108680725,0
0.9653487801551819,0
1.0650707483291626,0
1.2675639390945435,0
1.0600872039794922,0
1.0548352003097534,0
1.3867199420928955,0
1.200735330581665,0
1.658691167831421,0
0.9896447658538818,0
0.9764468669891357,0
1.068687915802002,0
1.181179165840149,0
0.9525970816612244,0
1.005314588546753,0
1.0200417041778564,0
1.0476800203323364,0
1.0330673456192017,0
0.9678661227226257,0
1.420609951019287,0
1.197232961654663,0
1.011441946029663,0
1.017903447151184,0
1.6523935794830322,0
1.0019407272338867,0
1.292214035987854,0
1.2514512538909912,0
1.139487624168396,0
1.1951237916946411,0
1.0403321981430054,0
1.1207243204116821,0
0.9764369130134583,0
1.0850006341934204,0
1.0105640888214111,0
0.9876149296760559,0
1.057444453239441,0
1.0374095439910889,0
1.025412678718567,0
0.9798080325126648,0
1.2587251663208008,0
1.0582780838012695,0
1.0450609922409058,0
1.2972503900527954,0
0.981461763381958,0
1.07961905002594,0
1.2790051698684692,0
1.0191867351531982,0
1.083465337753296,0
1.0240814685821533,0
1.0585726499557495,0
1.0828702449798584,0
1.021952509880066,0
1.0841139554977417,0
0.9480218887329102,0
1.1052513122558594,0
1.6146442890167236,0
1.005120038986206,0
1.8121930360794067,0
1.0143945217132568,0
1.0527437925338745,0
0.9767428040504456,0
1.143109917640686,0
0.9717413783073425,0
1.0269705057144165,0
1.9003632068634033,0
1.0827590227127075,0
1.0308858156204224,0
0.9783506989479065,0
0.9648473858833313,0
1.1197774410247803,0
1.9544669389724731,0
1.0012426376342773,0
1.045974850654602,0
1.1775484085083008,0
0.9743028879165649,0
1.155760407447815,0
0.9721270799636841,0
1.0055029392242432,0
0.9885539412498474,0
0.9993060827255249,0
1.080072045326233,0
1.1491854190826416,0
1.0289621353149414,0
1.2133277654647827,0
1.0744473934173584,0
0.9804233312606812,0
1.2463663816452026,0
1.14871084690094,0
1.034056305885315,0
1.0098413228988647,0
1.1913508176803589,0
1.0191047191619873,0
1.0146816968917847,0
1.0794869661331177,0
1.1158111095428467,0
1.022329330444336,0
1.0463578701019287,0
1.0949373245239258,0
0.9895711541175842,0
0.9964441657066345,0
1.1600315570831299,0
0.9793816804885864,0
1.013501763343811,0
1.0288501977920532,0
1.4603655338287354,0
1.0784473419189453,0
1.1217548847198486,0
1.085127353668213,0
1.0356773138046265,0
0.9911047220230103,0
1.2148067951202393,0
0.977674126625061,0
1.0536580085754395,0
1.0056486129760742,0
1.1373729705810547,0
1.0627403259277344,0
0.9904965162277222,0
1.0463098287582397,0
0.9823021292686462,0
1.1128827333450317,0
1.0128217935562134,0
1.4564073085784912,0
1.0354365110397339,0
1.1595224142074585,0
1.006190538406372,0
1.4941030740737915,0
0.9878965020179749,0
1.1088138818740845,0
1.0695345401763916,0
1.1328012943267822,0
0.9999653697013855,0
1.1438031196594238,0
0.9854699969291687,0
1.1233398914337158,0
0.9878406524658203,0
0.986752986907959,0
1.3764632940292358,0
1.1565687656402588,0
1.365286946296692,0
1.0123062133789062,0
1.05121648311615,0
1.0043199062347412,0
0.9872946739196777,0
1.0190160274505615,0
1.0234733819961548,0
1.166811466217041,0
1.043190360069275,0
1.0370275974273682,0
1.0154170989990234,0
1.0265933275222778,0
0.9868359565734863,0
1.1400067806243896,0
1.104519248008728,0
1.0426524877548218,0
1.0003377199172974,0
1.0972105264663696,0
1.1286083459854126,0
0.994605541229248,0
1.1721738576889038,0
1.045501947402954,0
1.31689453125,0
1.1830472946166992,0
0.9993169903755188,0
0.9787429571151733,0
1.0320866107940674,0
0.961797833442688,0
1.068150520324707,0
1.0767924785614014,0
1.020115613937378,0
1.046363353729248,0
1.0219156742095947,0
1.038905143737793,0
1.0118544101715088,0
0.9787275791168213,0
1.1103132963180542,0
1.3129521608352661,0
0.9877058863639832,0
0.9779347777366638,0
0.9905927181243896,0
1.0094475746154785,0
1.052885890007019,0
0.9996626377105713,0
1.1055880784988403,0
1.333343744277954,0
1.0136710405349731,0
0.9983478784561157,0
1.0733327865600586,0
0.9931468367576599,0
0.9783046841621399,0
0.9704018235206604,0
0.9865868091583252,0
1.0549837350845337,0
1.0100853443145752,0
1.015106201171875,0
1.0285297632217407,0
1.0123095512390137,0
1.0135271549224854,0
0.9843414425849915,0
1.014212965965271,0
1.3652050495147705,0
1.1092424392700195,0
0.9876351952552795,0
0.997474730014801,0
0.9603774547576904,0
1.0412272214889526,0
0.9821088910102844,0
0.9962775111198425,0
1.0467026233673096,0
1.0489579439163208,0
1.1221439838409424,0
1.3573869466781616,0
1.0079553127288818,0
1.1967841386795044,0
1.3492599725723267,0
1.0245589017868042,0
1.1870287656784058,0
1.1639268398284912,0
1.0957350730895996,0
1.047974944114685,0
1.0642238855361938,0
0.9819228053092957,0
1.1077557802200317,0
1.0667575597763062,0
1.419173002243042,0
1.1070424318313599,0
1.0830820798873901,0
1.0247961282730103,0
1.0953770875930786,0
1.0169172286987305,0
0.9966049194335938,0
1.0298511981964111,0
1.0144221782684326,0
0.9845235347747803,0
1.1622183322906494,0
1.2090497016906738,0
1.2522542476654053,0
1.412653923034668,0
1.060577630996704,0
1.117830514907837,0
0.9822272658348083,0
1.1025911569595337,0
1.0,0
1.0036368370056152,0
1.0764305591583252,0
1.0418305397033691,0
1.0274333953857422,0
1.1566393375396729,0
0.9874660968780518,0
1.1009633541107178,0
1.0118941068649292,0
1.1973720788955688,0
1.1768003702163696,0
1.0930439233779907,0
1.0189934968948364,0
1.2961468696594238,0
1.0359214544296265,0
1.2798655033111572,0
1.055017352104187,0
0.9812883138656616,0
1.0217868089675903,0
1.1164722442626953,0
1.0177910327911377,0
1.0108416080474854,0
1.0377838611602783,0
0.9764661192893982,0
1.084978461265564,0
0.9682675004005432,0
1.1455050706863403,0
1.0728991031646729,0
0.9762675166130066,0
0.9830196499824524,0
0.9739015102386475,0
1.0273802280426025,0
1.0866432189941406,0
1.1625094413757324,0
1.039628267288208,0
1.1351115703582764,0
1.2525607347488403,0
1.3935110569000244,0
1.0239578485488892,0
0.9924346804618835,0
1.1286609172821045,0
0.9980147480964661,0
1.0225718021392822,0
1.0167880058288574,0
1.0033857822418213,0
1.0095736980438232,0
1.1380398273468018,0
1.044427514076233,0
1.0026264190673828,0
1.0075361728668213,0
1.010737657546997,0
1.1596088409423828,0
1.04165780544281,0
1.1349318027496338,0
0.982009768486023,0
0.9945295453071594,0
0.9965041875839233,0
1.038076639175415,0
0.9796736240386963,0
1.0362581014633179,0
1.498755693435669,0
1.2791712284088135,0
1.1024473905563354,0
0.9935806393623352,0
0.9524393081665039,0
0.9837180972099304,0
1.0722600221633911,0
1.0171754360198975,0
1.0978575944900513,0
0.9925940036773682,0
1.3275775909423828,0
0.9856720566749573,0
1.1681387424468994,0
1.228481411933899,0
1.3990833759307861,0
1.0757571458816528,0
1.1014492511749268,0
0.972806990146637,0
1.2763954401016235,0
1.1869702339172363,0
2.813417673110962,0
1.1126909255981445,0
1.013434886932373,0
1.0,0
1.0641517639160156,0
1.6217175722122192,0
0.9686394333839417,0
0.9366390705108643,0
1.0596661567687988,0
1.1369876861572266,0
1.3054897785186768,0
0.9901576042175293,0
1.060318946838379,0
0.9841009378433228,0
1.0870773792266846,0
1.0564242601394653,0
1.0283154249191284,0
1.1114188432693481,0
1.076145887374878,0
0.9950000047683716,0
1.0456836223602295,0
1.0092204809188843,0
1.1827685832977295,0
1.0002514123916626,0
1.0032275915145874,0
1.1387548446655273,0
1.0872899293899536,0
1.0123506784439087,0
1.0032317638397217,0
1.0998109579086304,0
1.1046013832092285,0
1.2193353176116943,0
1.3001134395599365,0
0.9612717032432556,0
1.4249415397644043,0
1.5227147340774536,0
1.2584872245788574,0
1.0598416328430176,0
0.9968408346176147,0
1.0367158651351929,0
1.1649019718170166,0
1.1638028621673584,0
1.1290394067764282,0
1.0108596086502075,0
1.0208219289779663,0
0.992910623550415,0
1.0384490489959717,0
1.2264115810394287,0
0.9644168615341187,0
0.9929872751235962,0
1.0206491947174072,0
1.0438485145568848,0
1.1316522359848022,0
1.050673246383667,0
1.0837510824203491,0
1.009653091430664,0
0.9942778944969177,0
0.9872075319290161,0
1.0126631259918213,0
1.1206157207489014,0
1.1176022291183472,0
0.9886284470558167,0
1.0609279870986938,0
0.9824283719062805,0
1.0589512586593628,0
1.3090397119522095,0
1.0081424713134766,0
1.0,0
1.0703229904174805,0
1.0776652097702026,0
1.001604437828064,0
1.0626484155654907,0
1.0201802253723145,0
0.9863868355751038,0
1.035548448562622,0
1.1016845703125,0
0.9821367859840393,0
4.417469024658203,0
1.1409472227096558,0
0.9760284423828125,0
1.1808948516845703,0
0.949327290058136,0
1.05019211769104,0
1.5613805055618286,0
1.2020621299743652,0
0.9733371138572693,0
1.0290119647979736,0
0.9569470286369324,0
1.3922451734542847,0
1.0033495426177979,0
1.0505421161651611,0
0.9948582053184509,0
1.3013176918029785,0
1.0221067667007446,0
1.107290267944336,0
1.0268751382827759,0
0.9572893381118774,0
0.9651188254356384,0
0.9764094352722168,0
0.9487494826316833,0
1.030210256576538,0
1.0786705017089844,0
0.9964953064918518,0
1.1391377449035645,0
1.318519115447998,0
0.9872429370880127,0
1.0111840963363647,0
0.9925014972686768,0
1.0041775703430176,0
1.0074317455291748,0
0.9549791812896729,0
0.9569768309593201,0
0.9846656918525696,0
1.0533500909805298,0
1.2087851762771606,0
1.0464303493499756,0
1.1406145095825195,0
1.1692261695861816,0
1.2055468559265137,0
1.0885357856750488,0
1.1209723949432373,0
0.9877750277519226,0
1.0495320558547974,0
1.0137927532196045,0
1.181122064590454,0
1.0026601552963257,0
1.1095918416976929,0
1.1939698457717896,0
0.9851204752922058,0
1.193749189376831,0
1.0288372039794922,0
1.083409070968628,0
1.0083142518997192,0
1.30375337600708,0
0.9902092814445496,0
0.9794031977653503,0
0.9847116470336914,0
0.9948709607124329,0
1.0535718202590942,0
1.0829704999923706,0
1.0303583145141602,0
1.0129289627075195,0
1.1908559799194336,0
1.0237823724746704,0
1.072426676750183,0
0.9817585945129395,0
1.084371566772461,0
0.991391658782959,0
1.0593053102493286,0
1.1963326930999756,0
1.0587238073349,0
1.2197006940841675,0
1.002931833267212,0
1.086802363395691,0
1.0465093851089478,0
1.2740423679351807,0
1.0749328136444092,0
1.2426363229751587,0
1.3736642599105835,0
1.0411152839660645,0
1.0012786388397217,0
1.06019127368927,0
1.2101330757141113,0
56.399620056152344,0
1.016191840171814,0
1.0347974300384521,0
0.975508451461792,0
0.9980666637420654,0
1.0114333629608154,0
1.0019794702529907,0
1.0894794464111328,0
1.076936960220337,0
1.0003371238708496,0
1.0785824060440063,0
0.957483172416687,0
1.1093037128448486,0
1.010191559791565,0
1.0747733116149902,0
1.034083366394043,0
1.0146387815475464,0
1.182046890258789,0
1.005022406578064,0
1.1973847150802612,0
1.1873191595077515,0
0.9670163989067078,0
1.0020688772201538,0
1.024178385734558,0
1.129244089126587,0
0.9981670379638672,0
1.0064499378204346,0
1.608932614326477,0
0.9678301215171814,0
1.2227857112884521,0
1.2152642011642456,0
1.2384240627288818,0
1.031013011932373,0
1.053640604019165,0
1.0008792877197266,0
1.1866891384124756,0
1.3012652397155762,0
0.98786461353302,0
1.138584852218628,0
1.1800494194030762,0
0.9850972294807434,0
1.0324054956436157,0
1.0427576303482056,0
1.0163168907165527,0
1.007672667503357,0
1.0052478313446045,0
1.0032306909561157,0
0.9559245109558105,0
0.9822030663490295,0
0.9730280041694641,0
1.0058225393295288,0
1.3151888847351074,0
0.9714528322219849,0
2.0462682247161865,0
1.0418446063995361,0
0.9895110726356506,0
1.1913862228393555,0
1.0458521842956543,0
1.1068812608718872,0
0.9806148409843445,0
1.057384967803955,0
1.0007578134536743,0
1.0055075883865356,0
1.0212455987930298,0
1.1946173906326294,0
1.0,0
0.9950000047683716,0
1.0299286842346191,0
1.0003547668457031,0
1.1676322221755981,0
0.9754649996757507,0
1.0159633159637451,0
2.8125717639923096,0
1.0225701332092285,0
1.0145419836044312,0
0.9934271574020386,0
1.395300030708313,0
1.0787439346313477,0
0.9999499320983887,0
1.0616159439086914,0
1.0973114967346191,0
1.1051619052886963,0
1.027695655822754,0
1.0946297645568848,0
1.1393097639083862,0
0.9983206391334534,0
1.1032532453536987,0
1.3192137479782104,0
1.027333378791809,0
1.0677590370178223,0
0.9915604591369629,0
1.0232876539230347,0
1.175062656402588,0
0.8903480768203735,0
1.4993042945861816,0
1.025036334991455,0
1.3368254899978638,0
1.0177103281021118,0
1.1401913166046143,0
0.9758855700492859,0
0.9869727492332458,0
1.1327874660491943,0
1.0126219987869263,0
0.9696211218833923,0
1.3670287132263184,0
1.0053088665008545,0
1.0147368907928467,0
1.0293474197387695,0
1.017215609550476,0
1.025199294090271,0
1.0672048330307007,0
1.0263158082962036,0
1.0410408973693848,0
1.0448813438415527,0
0.9657033681869507,0
1.0112019777297974,0
1.246191382408142,0
0.9928522109985352,0
1.0979382991790771,0
1.0454330444335938,0
1.09039306640625,0
1.0067130327224731,0
1.3511393070220947,0
1.049099326133728,0
0.9765673875808716,0
1.1121805906295776,0
0.966373860836029,0
0.995069682598114,0
1.1101740598678589,0
0.969409167766571,0
1.0187195539474487,0
1.0408384799957275,0
1.0506876707077026,0
1.0351359844207764,0
0.992272675037384,0
1.0116616487503052,0
0.9509458541870117,0
1.076357126235962,0
1.257883071899414,0
1.160306692123413,0
1.1595405340194702,0
0.9841508269309998,0
1.0179861783981323,0
0.9840882420539856,0
1.0085827112197876,0
1.0349013805389404,0
1.4591180086135864,0
1.020986795425415,0
1.1618722677230835,0
0.9783123731613159,0
1.0011870861053467,0
0.9670019149780273,0
1.393813133239746,0
1.0300241708755493,0
1.0141669511795044,0
1.185655117034912,0
1.7160229682922363,0
1.437619924545288,0
0.9790489673614502,0
1.0129919052124023,0
1.05461585521698,0
1.0446605682373047,0
1.1343693733215332,0
1.228620171546936,0
1.0383974313735962,0
1.0352896451950073,0
0.9838579297065735,0
1.6321684122085571,0
1.0400855541229248,0
1.106663465499878,0
1.3707218170166016,0
1.004428505897522,0
0.992035984992981,0
1.0552951097488403,0
1.002068042755127,0
1.1611287593841553,0
1.3166425228118896,0
1.0070512294769287,0
1.2224884033203125,0
1.115309238433838,0
1.5372514724731445,0
1.193018913269043,0
1.6248117685317993,0
1.012847661972046,0
1.0011838674545288,0
1.0454732179641724,0
1.544628620147705,0
1.042178750038147,0
1.056004285812378,0
0.9787275791168213,0
1.044396996498108,0
1.0408923625946045,0
1.0031301975250244,0
1.1351672410964966,0
1.096138834953308,0
1.051587700843811,0
1.0549895763397217,0
0.9883813858032227,0
0.9975377321243286,0
1.3191741704940796,0
1.0924755334854126,0
1.1102527379989624,0
1.0256516933441162,0
0.9153155088424683,0
1.0389988422393799,0
1.03312087059021,0
1.75489342212677,0
1.219008207321167,0
1.089451551437378,0
1.028456211090088,0
1.0096279382705688,0
1.232677936553955,0
0.9882214665412903,0
1.0057121515274048,0
1.0334073305130005,0
1.1206111907958984,0
1.3388553857803345,0
0.9660124778747559,0
1.0589226484298706,0
1.2021028995513916,0
1.0677947998046875,0
1.1490460634231567,0
1.0403834581375122,0
1.0092073678970337,0
1.0287989377975464,0
1.0584357976913452,0
1.016788125038147,0
1.1184523105621338,0
1.199935793876648,0
1.0783193111419678,0
0.9713121056556702,0
0.9583298563957214,0
1.1462914943695068,0
1.0067311525344849,0
1.022687315940857,0
1.125166416168213,0
1.1392985582351685,0
1.1236991882324219,0
0.960704505443573,0
1.0743374824523926,0
1.072950839996338,0
1.0827138423919678,0
1.4570287466049194,0
1.0825612545013428,0
1.0999642610549927,0
1.1536792516708374,0
1.1570342779159546,0
1.0352087020874023,0
1.0018994808197021,0
1.223049521446228,0
0.9682106375694275,0
1.0512590408325195,0
1.0693684816360474,0
1.0217437744140625,0
1.0503524541854858,0
1.4054158926010132,0
1.6058671474456787,0
1.0270715951919556,0
1.015871524810791,0
1.0537251234054565,0
1.0531785488128662,0
1.034050464630127,0
1.1617823839187622,0
0.986778199672699,0
1.0337088108062744,0
0.9478471279144287,0
0.9918676614761353,0
1.0869208574295044,0
1.0563865900039673,0
1.3728538751602173,0
1.2147598266601562,0
0.9832300543785095,0
1.1032896041870117,0
1.4868336915969849,0
1.028574824333191,0
1.25240957736969,0
0.9990770220756531,0
1.044621229171753,0
2.4829514026641846,0
1.0137782096862793,0
1.485263705253601,0
1.045179843902588,0
1.0817240476608276,0
1.1078661680221558,0
0.9859598278999329,0
1.1047773361206055,0
1.1926681995391846,0
1.0186138153076172,0
0.9978241324424744,0
1.1335556507110596,0
1.0142277479171753,0
1.0374559164047241,0
1.045851707458496,0
0.9657266736030579,0
1.3777987957000732,0
1.0428422689437866,0
1.0125577449798584,0
1.0796558856964111,0
0.9768203496932983,0
1.0692496299743652,0
1.000271201133728,0
1.0607469081878662,0
0.9704847931861877,0
1.0035035610198975,0
0.9323065280914307,0
1.0447171926498413,0
0.9531583786010742,0
1.3967952728271484,0
1.0267653465270996,0
1.0373005867004395,0
1.11110520362854,0
1.030367374420166,0
0.999882698059082,0
0.9988892078399658,0
1.0055783987045288,0
1.0163847208023071,0
1.8016514778137207,0
0.9656770825386047,0
1.0516115427017212,0
0.9873103499412537,0
1.0318944454193115,0
1.0134881734848022,0
0.9949843287467957,0
1.0885858535766602,0
0.9845281839370728,0
1.231332778930664,0
1.25320565700531,0
1.5213836431503296,0
0.9885472655296326,0
1.0016196966171265,0
1.0818195343017578,0
0.9776812195777893,0
2.8087270259857178,0
1.0098319053649902,0
1.059773325920105,0
1.0326714515686035,0
1.2351853847503662,0
1.1783158779144287,0
1.2533197402954102,0
1.0149513483047485,0
1.1739976406097412,0
0.9426010847091675,0
1.0510125160217285,0
1.063405156135559,0
1.035006046295166,0
1.0413143634796143,0
1.06027090549469,0
1.1191151142120361,0
0.9992558360099792,0
1.1265392303466797,0
1.0837457180023193,0
1.076018214225769,0
1.3013207912445068,0
1.0446902513504028,0
1.080893635749817,0
1.210107445716858,0
1.0266456604003906,0
1.4824837446212769,0
1.0210851430892944,0
1.22690749168396,0
0.9944025278091431,0
1.1457602977752686,0
1.1816558837890625,0
1.7237192392349243,0
0.9879244565963745,0
1.167353630065918,0
0.9947866201400757,0
1.0282191038131714,0
0.977780818939209,0
1.0575188398361206,0
1.0239959955215454,0
1.258478045463562,0
1.2297074794769287,0
1.0764436721801758,0
1.072507381439209,0
1.3046224117279053,0
1.0373355150222778,0
0.9849765300750732,0
1.307713508605957,0
1.0192304849624634,0
1.0482158660888672,0
1.0877140760421753,0
1.0139918327331543,0
1.031214714050293,0
1.2046208381652832,0
1.0844873189926147,0
1.2954814434051514,0
1.1693769693374634,0
1.570921778678894,0
1.268843650817871,0
1.0322740077972412,0
1.018336296081543,0
1.2353854179382324,0
1.0013935565948486,0
1.2387326955795288,0
2.375744104385376,0
0.9756314754486084,0
1.0311102867126465,0
1.4797351360321045,0
0.9947323203086853,0
0.9350244402885437,0
1.1112076044082642,0
1.2163223028182983,0
0.9889134764671326,0
1.3404816389083862,0
0.9857139587402344,0
1.056854248046875,0
1.07840895652771,0
0.9954360723495483,0
1.31689453125,0
2.8125717639923096,0
1.0536094903945923,0
1.0610569715499878,0
1.2182605266571045,0
1.0227835178375244,0
1.2156476974487305,0
1.0117202997207642,0
0.9961957335472107,0
1.036084771156311,0
1.043944001197815,0
1.1495429277420044,0
1.0204977989196777,0
1.1215754747390747,0
1.0054205656051636,0
1.0442687273025513,0
1.951332688331604,0
1.0576186180114746,0
1.035339117050171,0
1.0035638809204102,0
1.058645248413086,0
1.004961371421814,0
1.0496612787246704,0
1.036486268043518,0
1.0659774541854858,0
1.112358808517456,0
1.1341537237167358,0
1.1457442045211792,0
0.9957612156867981,0
1.0910871028900146,0
1.3964929580688477,0
1.143509030342102,0
1.0799447298049927,0
1.0374614000320435,0
1.010331392288208,0
1.0758384466171265,0
1.0947635173797607,0
1.5666189193725586,0
1.0048847198486328,0
1.0935012102127075,0
1.3199553489685059,0
0.9966310262680054,0
1.0156627893447876,0
5.572587013244629,0
1.0654042959213257,0
1.131398320198059,0
1.026821255683899,0
1.5141425132751465,0
1.0015476942062378,0
1.0431853532791138,0
1.008759617805481,0
0.9757814407348633,0
1.098008155822754,0
1.0815012454986572,0
1.1956377029418945,0
1.0642900466918945,0
1.0170139074325562,0
1.0216827392578125,0
1.0302538871765137,0
1.0549006462097168,0
1.107818841934204,0
0.9775888323783875,0
1.0030438899993896,0
0.9804345369338989,0
0.9984574913978577,0
0.9914397597312927,0
1.05829918384552,0
1.034112811088562,0
1.074721336364746,0
1.005170464515686,0
1.0845471620559692,0
1.1837828159332275,0
1.1013106107711792,0
1.0476675033569336,0
1.0556129217147827,0
1.1092861890792847,0
1.0139330625534058,0
1.0165462493896484,0
1.0535407066345215,0
1.0362294912338257,0
0.9881837368011475,0
1.1942596435546875,0
1.051347017288208,0
0.9781269431114197,0
0.9818428754806519,0
1.3587814569473267,0
1.101741909980774,0
1.0401562452316284,0
1.176030158996582,0
1.305735468864441,0
1.0116015672683716,0
1.0116231441497803,0
1.2589662075042725,0
1.0576695203781128,0
1.1489508152008057,0
1.2969239950180054,0
0.9961509704589844,0
0.9841508269309998,0
1.239832878112793,0
1.0029139518737793,0
1.0302393436431885,0
1.1882908344268799,0
0.9799760580062866,0
1.0214438438415527,0
1.1377261877059937,0
1.0369826555252075,0
1.068501591682434,0
0.9817731380462646,0
1.2028617858886719,0
1.1996325254440308,0
1.1008975505828857,0
0.9452788829803467,0
0.9765064120292664,0
1.0737159252166748,0
2.003953695297241,0
0.9950000047683716,0
1.0351648330688477,0
1.0074353218078613,0
1.2054378986358643,0
0.9776673913002014,0
0.9898040294647217,0
0.9868001341819763,0
1.3260053396224976,0
1.0411841869354248,0
0.9783579111099243,0
1.001186728477478,0
1.1222801208496094,0
1.1459240913391113,0
1.3139958381652832,0
1.0533075332641602,0
1.0026164054870605,0
1.036648154258728,0
1.008070945739746,0
1.008693814277649,0
1.074628233909607,0
0.9815393686294556,0
0.9810436367988586,0
1.1712646484375,0
1.0282881259918213,0
1.116949439048767,0
1.010353446006775,0
0.9699891805648804,0
1.0205409526824951,0
0.9759892225265503,0
1.0090090036392212,0
0.9994041919708252,0
1.0247821807861328,0
1.2024673223495483,0
1.0228538513183594,0
0.9762429594993591,0
1.0309617519378662,0
1.149930477142334,0
1.7415356636047363,0
1.3642891645431519,0
1.2778115272521973,0
1.2496553659439087,0
0.9478938579559326,0
1.0663410425186157,0
0.9960998296737671,0
1.1472783088684082,0
1.1743409633636475,0
0.993667721748352,0
0.9741989374160767,0
0.9452817440032959,0
1.020810604095459,0
1.155245304107666,0
1.0308959484100342,0
1.8063061237335205,0
1.0959078073501587,0
1.6174638271331787,0
0.9984287619590759,0
0.9763256907463074,0
1.0772346258163452,0
1.0051056146621704,0
0.9926961660385132,0
1.1350407600402832,0
0.9730541110038757,0
1.0552881956100464,0
1.0218278169631958,0
0.9798080325126648,0
0.9668565988540649,0
0.9965411424636841,0
1.0457470417022705,0
1.165152907371521,0
1.005618691444397,0
1.0785554647445679,0
1.0006393194198608,0
1.0415830612182617,0
0.980839729309082,0
0.9929357767105103,0
1.0788724422454834,0
0.9741672873497009,0
1.3228217363357544,0
1.0002590417861938,0
2.1578075885772705,0
1.077554702758789,0
1.2711788415908813,0
0.9319157600402832,0
0.9849138855934143,0
1.0417579412460327,0
1.2645263671875,0
0.9908950328826904,0
0.963761031627655,0
1.0461466312408447,0
1.0267986059188843,0
1.8122488260269165,0
0.9931479096412659,0
1.0709407329559326,0
0.9962077736854553,0
0.9666523933410645,0
1.017952799797058,0
1.0120865106582642,0
0.9721671342849731,0
1.0684216022491455,0
1.0376908779144287,0
1.0509860515594482,0
0.9601104855537415,0
1.0118979215621948,0
0.9992642998695374,0
0.9616734981536865,0
0.9707228541374207,0
1.392786979675293,0
1.1805987358093262,0
1.0629732608795166,0
1.264622688293457,0
1.0602149963378906,0
1.0170047283172607,0
1.0062540769577026,0
1.300644040107727,0
1.0905237197875977,0
1.020401120185852,0
1.0964246988296509,0
0.9843491315841675,0
1.0326803922653198,0
1.0,0
1.0080798864364624,0
1.0525299310684204,0
0.9614588022232056,0
1.9165371656417847,0
1.1059235334396362,0
1.039886236190796,0
1.0259703397750854,0
0.9957752823829651,0
1.002333641052246,0
1.8147000074386597,0
1.0021511316299438,0
0.9527459740638733,0
1.0441011190414429,0
1.0236051082611084,0
1.108619213104248,0
1.1117305755615234,0
1.001937985420227,0
1.3873456716537476,0
1.1874964237213135,0
1.0277106761932373,0
1.1679556369781494,0
1.9604350328445435,0
1.121295690536499,0
1.6000357866287231,0
1.0257182121276855,0
1.1494865417480469,0
1.680648684501648,0
1.3062008619308472,0
1.0187244415283203,0
1.009615182876587,0
1.057083010673523,0
1.0146327018737793,0
1.197257399559021,0
1.1787335872650146,0
0.9903611540794373,0
1.1299527883529663,0
1.1195487976074219,0
1.0555238723754883,0
1.1310197114944458,0
1.1089540719985962,0
1.1442625522613525,0
0.9754765033721924,0
1.0291647911071777,0
1.0575463771820068,0
1.0899542570114136,0
1.0254448652267456,0
0.9872056245803833,0
1.0008115768432617,0
1.095491886138916,0
1.0592820644378662,0
1.316930890083313,0
1.074351191520691,0
0.9657241702079773,0
1.0268791913986206,0
1.0518929958343506,0
0.9797376990318298,0
1.0255718231201172,0
0.9858906865119934,0
1.6962133646011353,0
1.1661783456802368,0
1.2128134965896606,0
1.102055549621582,0
0.9781891107559204,0
0.991161048412323,0
0.9755131602287292,0
0.9807538986206055,0
1.3475269079208374,0
1.2212053537368774,0
0.9702810645103455,0
1.0186728239059448,0
0.950859546661377,0
0.974873423576355,0
1.147071123123169,0
1.0508559942245483,0
1.1268653869628906,0
1.0155391693115234,0
0.9667055606842041,0
1.0289443731307983,0
1.1069544553756714,0
1.1199811697006226,0
1.02633535861969,0
1.1319588422775269,0
1.5838972330093384,0
1.0020380020141602,0
1.0166326761245728,0
0.9917900562286377,0
1.0881673097610474,0
0.9946957230567932,0
0.9971731305122375,0
0.9809939861297607,0
0.9849726557731628,0
1.0602635145187378,0
0.9709084630012512,0
0.9697316288948059,0
1.1156071424484253,0
1.0791581869125366,0
0.9714789390563965,0
1.0883499383926392,0
1.0384854078292847,0
1.1048128604888916,0
1.043223261833191,0
0.9929702877998352,0
1.0472129583358765,0
1.016501784324646,0
1.019431233406067,0
0.9621925950050354,0
1.1531842947006226,0
1.0607020854949951,0
0.9982292652130127,0
1.1618133783340454,0
3.1184659004211426,0
1.0100783109664917,0
0.9774390459060669,0
1.0055488348007202,0
1.3391633033752441,0
1.410492181777954,0
0.9441865086555481,0
0.9924032092094421,0
0.9933601021766663,0
1.1851146221160889,0
1.0615296363830566,0
1.00210440158844,0
1.0802725553512573,0
1.0196386575698853,0
1.2818574905395508,0
1.0049203634262085,0
0.9953202605247498,0
1.1619826555252075,0
0.9862716197967529,0
1.0008466243743896,0
0.9950000047683716,0
1.0015928745269775,0
0.9888157844543457,0
0.9923599362373352,0
1.211773157119751,0
1.0011179447174072,0
2.094198226928711,0
0.9995635747909546,0
1.2978944778442383,0
1.395856261253357,0
0.9704505205154419,0
1.2325475215911865,0
1.0353838205337524,0
1.7667896747589111,0
1.2895727157592773,0
1.0414811372756958,0
1.0585970878601074,0
0.99491947889328,0
0.9843147397041321,0
1.040435791015625,0
0.9977074861526489,0
0.9596313834190369,0
1.0968759059906006,0
1.056045651435852,0
1.5616027116775513,0
1.006706953048706,0
1.0818856954574585,0
1.1420835256576538,0
1.6053683757781982,0
1.2216376066207886,0
1.0049315690994263,0
0.9849460124969482,0
1.1010732650756836,0
0.9934192299842834,0
1.1019234657287598,0
1.0128724575042725,0
1.140599250793457,0
0.967180609703064,0
1.0890743732452393,0
1.0159683227539062,0
1.241560459136963,0
1.360443353652954,0
1.4759302139282227,0
1.0948272943496704,0
1.177908182144165,0
1.0208518505096436,0
1.0331199169158936,0
1.0350606441497803,0
1.1474488973617554,0
1.0071688890457153,0
1.6044131517410278,0
1.017675518989563,0
1.1124438047409058,0
1.0292245149612427,0
1.0184385776519775,0
2.8289222717285156,0
0.9890077114105225,0
1.4553301334381104,0
1.0890569686889648,0
0.9643613696098328,0
1.0198148488998413,0
1.005154013633728,0
1.0635789632797241,0
1.0483129024505615,0
1.0232727527618408,0
0.9827429056167603,0
1.0547789335250854,0
1.5006128549575806,0
1.0671751499176025,0
1.0241652727127075,0
1.1630984544754028,0
0.972806990146637,0
1.0949938297271729,0
1.0244265794754028,0
1.1753981113433838,0
1.128527045249939,0
1.139847993850708,0
1.1340234279632568,0
1.0217846632003784,0
1.064141869544983,0
2.3556065559387207,0
0.9569187760353088,0
1.3685466051101685,0
1.0064611434936523,0
0.9733022451400757,0
0.985190212726593,0
1.0780788660049438,0
1.1030926704406738,0
0.9680759906768799,0
1.1657601594924927,0
1.0278278589248657,0
1.1969058513641357,0
1.0303139686584473,0
1.1060160398483276,0
1.2766741514205933,0
0.9807912707328796,0
1.3574856519699097,0
0.9541727304458618,0
1.0154650211334229,0
1.0089952945709229,0
1.0068540573120117,0
1.0118186473846436,0
2.8125717639923096,0
1.0142372846603394,0
1.0615836381912231,0
1.2657705545425415,0
2.813417673110962,0
1.520656943321228,0
1.708912968635559,0
1.0237609148025513,0
1.3434503078460693,0
1.1065809726715088,0
0.9933216571807861,0
7.386887073516846,0
0.9875242114067078,0
1.1559984683990479,0
0.9975730776786804,0
1.1368279457092285,0
1.1680322885513306,0
1.0784614086151123,0
0.9692758321762085,0
1.7602360248565674,0
0.9809679388999939,0
1.0,0
0.9811514019966125,0
1.2415642738342285,0
1.0150518417358398,0
1.1025664806365967,0
1.0029270648956299,0
0.9938502311706543,0
1.0476840734481812,0
1.2252075672149658,0
1.0608792304992676,0
1.0401110649108887,0
1.3771114349365234,0
1.0160614252090454,0
0.9994019865989685,0
1.066957950592041,0
1.133432149887085,0
1.0633395910263062,0
1.0188695192337036,0
1.1059300899505615,0
1.2010818719863892,0
1.0239683389663696,0
1.655548334121704,0
1.0276434421539307,0
1.1486009359359741,0
1.064459204673767,0
0.9939020276069641,0
1.451642632484436,0
1.6000357866287231,0
1.0084216594696045,0
1.0800546407699585,0
1.04283607006073,0
1.08645761013031,0
1.1736143827438354,0
0.9920273423194885,0
1.100150465965271,0
0.9709472060203552,0
0.9792519211769104,0
0.9832742214202881,0
1.0002706050872803,0
1.0695600509643555,0
0.9634597897529602,0
0.9912020564079285,0
0.9919587969779968,0
1.3110255002975464,0
1.0824968814849854,0
1.0532282590866089,0
1.0322200059890747,0
1.8261076211929321,0
1.0087333917617798,0
1.0545191764831543,0
1.183771014213562,0
1.1023939847946167,0
1.0003844499588013,0
1.218070149421692,0
1.3070319890975952,0
1.22415030002594,0
1.0746630430221558,0
0.993668794631958,0
1.035050868988037,0
1.0167875289916992,0
1.0475724935531616,0
1.2415761947631836,0
1.3414413928985596,0
1.0284628868103027,0
11.3958158493042,0
1.0341235399246216,0
0.991727352142334,0
1.0266879796981812,0
1.2648433446884155,0
1.3251062631607056,0
0.972806990146637,0
1.0850560665130615,0
0.9901927709579468,0
1.0011026859283447,0
0.985754132270813,0
1.0039781332015991,0
0.9887301325798035,0
1.542894959449768,0
1.1502220630645752,0
0.9937055110931396,0
1.0467482805252075,0
1.1485110521316528,0
0.9948310852050781,0
1.0089213848114014,0
1.1686497926712036,0
0.9824873208999634,0
1.1546703577041626,0
0.990191638469696,0
1.1331669092178345,0
1.0230202674865723,0
1.016777753829956,0
1.0020995140075684,0
0.9895558953285217,0
1.0748562812805176,0
0.9872037172317505,0
1.3310246467590332,0
1.072654366493225,0
1.102185606956482,0
1.142498254776001,0
1.048227310180664,0
1.0183943510055542,0
1.0456911325454712,0
1.0917271375656128,0
1.0001206398010254,0
1.0059775114059448,0
1.0542242527008057,0
1.177076816558838,0
0.9768393039703369,0
0.9956560730934143,0
1.0174369812011719,0
1.1344716548919678,0
1.259319543838501,0
0.9745922088623047,0
0.9848521947860718,0
1.0288091897964478,0
1.0318628549575806,0
1.0735913515090942,0
0.9982960224151611,0
1.002734661102295,0
0.9537593126296997,0
0.9817616939544678,0
1.0088512897491455,0
1.1148314476013184,0
1.3501882553100586,0
1.0229161977767944,0
1.0397980213165283,0
1.0470978021621704,0
0.9805461764335632,0
1.1712902784347534,0
0.9967703223228455,0
1.004159688949585,0
1.0622743368148804,0
1.1136850118637085,0
1.0278055667877197,0
1.099701166152954,0
0.9989347457885742,0
1.0788273811340332,0
1.153527855873108,0
1.0034499168395996,0
1.3660997152328491,0
0.982930600643158,0
1.0407673120498657,0
1.0042250156402588,0
1.0492258071899414,0
1.0447032451629639,0
1.073131799697876,0
1.0784595012664795,0
1.0088374614715576,0
0.9887323975563049,0
1.3066129684448242,0
1.188578486442566,0
0.9719477295875549,0
2.7316808700561523,0
1.0193426609039307,0
1.207215428352356,0
0.980449914932251,0
1.0449742078781128,0
1.0106472969055176,0
1.026515007019043,0
1.044145941734314,0
1.1181011199951172,0
1.076507806777954,0
1.0106474161148071,0
1.042070984840393,0
1.0343183279037476,0
1.0255850553512573,0
1.0413380861282349,0
0.9913511276245117,0
1.033013105392456,0
0.9845877289772034,0
1.1341922283172607,0
1.0927281379699707,0
1.0220584869384766,0
0.9832695722579956,0
1.379116177558899,0
1.9234428405761719,0
1.2046679258346558,0
1.1013760566711426,0
0.9923104643821716,0
1.287293791770935,0
1.5541702508926392,0
1.0286675691604614,0
0.9963030219078064,0
1.0275908708572388,0
1.1151175498962402,0
1.0392847061157227,0
1.1368107795715332,0
1.0800695419311523,0
1.082128882408142,0
1.0101889371871948,0
1.1324923038482666,0
1.411717414855957,0
1.057373285293579,0
1.2251607179641724,0
1.0184606313705444,0
1.1005936861038208,0
1.0862537622451782,0
1.2880102396011353,0
0.9768766164779663,0
1.0836119651794434,0
65.44807434082031,0
1.042587161064148,0
1.1437336206436157,0
1.026344656944275,0
1.0168421268463135,0
1.1092172861099243,0
0.9817591905593872,0
1.1264374256134033,0
1.0199921131134033,0
2.7268741130828857,0
1.3579572439193726,0
1.0836669206619263,0
0.9873916506767273,0
1.0171228647232056,0
1.1394240856170654,0
1.017615795135498,0
1.042614459991455,0
1.0269607305526733,0
1.0399466753005981,0
1.0134849548339844,0
1.0731427669525146,0
1.5148710012435913,0
1.1036616563796997,0
0.9697838425636292,0
1.5104987621307373,0
1.0181924104690552,0
1.1313503980636597,0
1.0334464311599731,0
1.0290549993515015,0
1.0111660957336426,0
1.0727262496948242,0
0.9826712012290955,0
0.9780811667442322,0
1.0037965774536133,0
1.207801342010498,0
1.4027621746063232,0
1.0221929550170898,0
0.9954420924186707,0
1.056542992591858,0
1.0196011066436768,0
1.3141947984695435,0
1.2147046327590942,0
1.0057939291000366,0
1.1390043497085571,0
1.6230411529541016,0
1.0058752298355103,0
1.58022141456604,0
1.0379505157470703,0
1.0513522624969482,0
1.0619633197784424,0
0.9921842813491821,0
1.3409289121627808,0
1.0206775665283203,0
1.0236217975616455,0
1.0683826208114624,0
1.0153793096542358,0
0.9797087907791138,0
0.9712418913841248,0
1.0015828609466553,0
1.2542918920516968,0
1.019272804260254,0
1.0230743885040283,0
1.0315189361572266,0
1.0181523561477661,0
1.1418975591659546,0
1.049085259437561,0
1.0433576107025146,0
1.003095030784607,0
1.0827051401138306,0
1.1226850748062134,0
1.1307122707366943,0
1.0393091440200806,0
1.082831621170044,0
1.089260458946228,0
1.1024084091186523,0
1.0387178659439087,0
0.9784029722213745,0
2.817441463470459,0
1.0,0
0.9705560207366943,0
1.0182327032089233,0
1.0240651369094849,0
1.3848457336425781,0
1.055522084236145,0
0.9917920231819153,0
1.0015782117843628,0
1.0126221179962158,0
1.0587724447250366,0
1.0,0
1.3650189638137817,0
1.0679104328155518,0
1.0500922203063965,0
1.103688359260559,0
1.0708701610565186,0
1.0651800632476807,0
1.2700189352035522,0
1.090002417564392,0
1.0954961776733398,0
1.0614293813705444,0
1.1945677995681763,0
1.0851681232452393,0
1.0057017803192139,0
0.9832695722579956,0
1.0083779096603394,0
0.9819359183311462,0
2.366575241088867,0
1.2269505262374878,0
1.00226891040802,0
0.9842785000801086,0
1.1333436965942383,0
1.088431477546692,0
1.0415507555007935,0
1.0624682903289795,0
0.9863171577453613,0
1.0482017993927002,0
1.4064708948135376,0
0.987627387046814,0
1.1436998844146729,0
1.0769394636154175,0
1.0031700134277344,0
1.0249910354614258,0
1.5886597633361816,0
0.9616135358810425,0
1.2060213088989258,0
3.1315572261810303,0
1.010314702987671,0
1.1069544553756714,0
1.8734558820724487,0
1.0528205633163452,0
1.3513761758804321,0
1.0160582065582275,0
1.1222633123397827,0
1.0127809047698975,0
1.0314891338348389,0
1.0041743516921997,0
2.7319371700286865,0
1.4753830432891846,0
1.1103715896606445,0
0.9943044185638428,0
1.3272156715393066,0
1.0329643487930298,0
1.0,0
1.6431503295898438,0
0.9879845380783081,0
1.0520989894866943,0
0.9983123540878296,0
1.2101941108703613,0
1.013022541999817,0
1.0589346885681152,0
1.157012939453125,0
1.0201181173324585,0
0.9874269366264343,0
1.042471170425415,0
1.0271071195602417,0
0.9549791812896729,0
1.020135760307312,0
1.096451759338379,0
0.9979051947593689,0
1.317518949508667,0
1.0635005235671997,0
1.1067291498184204,0
1.0333613157272339,0
1.016055941581726,0
1.0137178897857666,0
0.9910711050033569,0
1.0120079517364502,0
2.1625919342041016,0
1.0401211977005005,0
1.0668370723724365,0
1.0538079738616943,0
0.988017737865448,0
0.9823253750801086,0
0.9523508548736572,0
0.9550849199295044,0
0.9874531030654907,0
1.1313978433609009,0
1.0119731426239014,0
1.0011357069015503,0
1.196950078010559,0
0.9817136526107788,0
1.0711599588394165,0
1.1791019439697266,0
1.012400507926941,0
1.0390630960464478,0
0.9992896318435669,0
1.1107741594314575,0
1.0167887210845947,0
1.0304640531539917,0
1.1649665832519531,0
1.041829228401184,0
1.0056716203689575,0
1.3410773277282715,0
1.0866293907165527,0
1.0644530057907104,0
0.974058210849762,0
0.9612122178077698,0
1.0202181339263916,0
1.20469331741333,0
1.2048662900924683,0
0.9926889538764954,0
1.3439273834228516,0
1.135765552520752,0
1.0002955198287964,0
1.1139917373657227,0
1.064681053161621,0
1.3510240316390991,0
1.0377135276794434,0
1.0483343601226807,0
0.9787275791168213,0
1.1602511405944824,0
1.3469470739364624,0
1.0009918212890625,0
1.0815653800964355,0
1.0082005262374878,0
1.0503379106521606,0
0.9983217120170593,0
1.0443631410598755,0
1.3663322925567627,0
1.2579655647277832,0
1.107285976409912,0
0.9846996068954468,0
0.9442265629768372,0
1.1205823421478271,0
1.0179296731948853,0
0.9755789637565613,0
1.076948642730713,0
1.0594072341918945,0
1.0093121528625488,0
0.9910750389099121,0
1.2468913793563843,0
1.0366476774215698,0
1.1276105642318726,0
1.0461602210998535,0
7.143894672393799,0
1.4754822254180908,0
1.1020878553390503,0
1.0214446783065796,0
1.030210018157959,0
1.1521518230438232,0
1.042371392250061,0
1.485263705253601,0
0.9983269572257996,0
0.9700610637664795,0
1.0315042734146118,0
1.0764689445495605,0
0.9746244549751282,0
1.0380126237869263,0
21.104421615600586,0
0.999181866645813,0
0.9663360714912415,0
0.9856031537055969,0
1.1010411977767944,0
1.5298914909362793,0
0.9983809590339661,0
1.0229443311691284,0
1.0192281007766724,0
0.9972879886627197,0
1.0002572536468506,0
1.0719969272613525,0
0.9860052466392517,0
1.119153380393982,0
1.0090279579162598,0
1.0663615465164185,0
0.9908314943313599,0
0.9912040829658508,0
1.0752257108688354,0
1.0208948850631714,0
1.1338717937469482,0
1.050394892692566,0
1.2421146631240845,0
1.0160614252090454,0
1.0941786766052246,0
0.9845812916755676,0
1.2181856632232666,0
0.978538990020752,0
1.0159536600112915,0
0.9720842838287354,0
1.1135358810424805,0
0.9618749022483826,0
1.085045576095581,0
1.0449292659759521,0
0.9766589999198914,0
1.4816964864730835,0
1.0107173919677734,0
1.3011560440063477,0
1.0464909076690674,0
1.2054588794708252,0
0.9486007690429688,0
1.0014574527740479,0
1.0901778936386108,0
1.0231696367263794,0
1.0051852464675903,0
1.222998857498169,0
1.0614755153656006,0
1.1476593017578125,0
1.3288888931274414,0
1.0032860040664673,0
1.0638258457183838,0
0.995265781879425,0
1.0601435899734497,0
1.0232280492782593,0
1.0440047979354858,0
1.0395458936691284,0
1.0886893272399902,0
1.0171750783920288,0
1.001328468322754,0
1.108700156211853,0
1.305651307106018,0
1.0560461282730103,0
1.1639810800552368,0
1.0433069467544556,0
0.9865125417709351,0
1.0586578845977783,0
1.4673024415969849,0
1.042344093322754,0
1.3642319440841675,0
1.234269380569458,0
1.0069085359573364,0
0.9978606104850769,0
1.1861968040466309,0
1.0043344497680664,0
1.2609410285949707,0
0.9918774962425232,0
1.0568641424179077,0
1.0088289976119995,0
0.9951570630073547,0
1.0069680213928223,0
0.9959171414375305,0
1.0375312566757202,0
1.0251277685165405,0
1.0357667207717896,0
1.1174417734146118,0
1.146949052810669,0
1.0141080617904663,0
1.0,0
1.0635679960250854,0
1.2213749885559082,0
1.1926491260528564,0
1.0222017765045166,0
1.0305323600769043,0
0.9905602335929871,0
0.9926395416259766,0
1.006327509880066,0
0.9859830141067505,0
1.2066738605499268,0
1.3970352411270142,0
1.2816588878631592,0
1.105809211730957,0
1.335455298423767,0
1.30516517162323,0
1.0152919292449951,0
1.2030166387557983,0
0.9538151621818542,0
1.0458744764328003,0
1.0424367189407349,0
1.1680008172988892,0
0.9959079027175903,0
0.9919567704200745,0
0.9706754684448242,0
1.0914424657821655,0
0.9915558695793152,0
1.1244555711746216,0
1.113076090812683,0
1.1383657455444336,0
1.0642943382263184,0
1.0473712682724,0
1.0300400257110596,0
0.998849093914032,0
1.023900032043457,0
1.0376297235488892,0
0.9870800375938416,0
1.048455834388733,0
1.1713212728500366,0
1.0087276697158813,0
1.0175745487213135,0
1.1048903465270996,0
1.0276501178741455,0
1.016527533531189,0
1.0067572593688965,0
1.5231781005859375,0
1.177623987197876,0
1.0001206398010254,0
0.9609531164169312,0
1.2330414056777954,0
0.9574061632156372,0
1.1409939527511597,0
1.1179271936416626,0
1.2118051052093506,0
1.0659362077713013,0
1.0616329908370972,0
0.9797623157501221,0
0.9881040453910828,0
1.0805113315582275,0
1.070691704750061,0
1.4948437213897705,0
0.9931793808937073,0
1.2761834859848022,0
1.0342681407928467,0
2.8125717639923096,0
1.0041110515594482,0
1.0066196918487549,0
0.9801051020622253,0
1.0597368478775024,0
1.4186913967132568,0
1.066902995109558,0
1.1196212768554688,0
0.9595667123794556,0
1.0619664192199707,0
1.2525668144226074,0
1.3948242664337158,0
1.641333818435669,0
1.0127007961273193,0
1.0050829648971558,0
0.9997212290763855,0
1.015407681465149,0
1.085383415222168,0
1.053641438484192,0
1.1802992820739746,0
1.0318630933761597,0
0.997170090675354,0
1.2161093950271606,0
1.0025488138198853,0
1.0181665420532227,0
1.0851287841796875,0
1.8099030256271362,0
1.0222221612930298,0
1.036806344985962,0
0.984976053237915,0
1.030897855758667,0
0.968384861946106,0
1.3380101919174194,0
1.0068244934082031,0
0.9949830770492554,0
1.142016887664795,0
1.187551736831665,0
0.9702578186988831,0
0.9896307587623596,0
1.0009649991989136,0
1.0818421840667725,0
1.055748701095581,0
1.080240249633789,0
1.0511116981506348,0
1.1909565925598145,0
0.9875242114067078,0
0.9522075653076172,0
0.9563678503036499,0
1.2842546701431274,0
1.1347875595092773,0
0.9789987802505493,0
1.130452036857605,0
1.146369218826294,0
0.98098224401474,0
1.1543751955032349,0
1.206102728843689,0
6.073583126068115,0
1.0242162942886353,0
1.0669344663619995,0
1.046398639678955,0
1.0146090984344482,0
3.096707820892334,0
1.0121161937713623,0
0.9833427667617798,0
0.9977980852127075,0
1.339076280593872,0
1.029344081878662,0
1.2101796865463257,0
1.8512572050094604,0
0.9966919422149658,0
0.9897831678390503,0
1.1899139881134033,0
1.0779420137405396,0
0.9873103499412537,0
1.1396479606628418,0
1.0049607753753662,0
1.0573381185531616,0
1.0529286861419678,0
1.1295607089996338,0
1.1204386949539185,0
1.0310108661651611,0
1.0139509439468384,0
1.0661909580230713,0
1.112108588218689,0
1.201964020729065,0
1.0559567213058472,0
0.9680714011192322,0
1.0062823295593262,0
1.011954665184021,0
1.1323199272155762,0
1.1696950197219849,0
1.0040721893310547,0
1.0600132942199707,0
1.0690033435821533,0
1.0079690217971802,0
1.1271946430206299,0
0.9968675971031189,0
0.9806678891181946,0
0.9787275791168213,0
0.9967586994171143,0
0.9792121648788452,0
0.997568666934967,0
1.0925636291503906,0
0.9592862725257874,0
1.0055618286132812,0
1.0484141111373901,0
1.154751181602478,0
1.4868017435073853,0
1.069517970085144,0
1.0,0
0.9663257598876953,0
0.997471034526825,0
1.0393719673156738,0
0.9947870969772339,0
1.0801814794540405,0
0.9440193772315979,0
1.1723169088363647,0
1.1867690086364746,0
1.0018677711486816,0
1.8098825216293335,0
1.1134108304977417,0
1.0910313129425049,0
0.9915398955345154,0
1.1343070268630981,0
1.1047794818878174,0
1.001550555229187,0
1.0201212167739868,0
1.286525011062622,0
0.9745156168937683,0
1.057358980178833,0
1.025010585784912,0
1.1925197839736938,0
0.9796010851860046,0
1.0703744888305664,0
1.0402559041976929,0
1.271447777748108,0
0.9951375126838684,0
0.9768203496932983,0
1.1464405059814453,0
0.9643388986587524,0
0.9883025884628296,0
0.9967608451843262,0
1.066180944442749,0
1.0764961242675781,0
1.053942084312439,0
0.9929730892181396,0
0.969534158706665,0
1.0174955129623413,0
1.0556498765945435,0
1.0916928052902222,0
1.1598999500274658,0
1.036658763885498,0
1.0640424489974976,0
1.5271155834197998,0
1.0209802389144897,0
1.0027692317962646,0
1.4543776512145996,0
1.229219675064087,0
1.0849072933197021,0
1.0600144863128662,0
1.1846998929977417,0
1.1102999448776245,0
1.160292148590088,0
1.0081920623779297,0
0.9481750726699829,0
1.0701640844345093,0
0.9567016959190369,0
1.0459914207458496,0
1.093918800354004,0
1.0143308639526367,0
1.6540062427520752,0
1.0260729789733887,0
0.9879775643348694,0
1.0116856098175049,0
1.5337989330291748,0
1.0394866466522217,0
1.381531000137329,0
1.1226732730865479,0
1.000290870666504,0
1.0217770338058472,0
0.9478267431259155,0
1.1926947832107544,0
1.0445326566696167,0
1.0144838094711304,0
0.994247555732727,0
1.0311164855957031,0
1.0332943201065063,0
1.0507675409317017,0
1.127942681312561,0
1.1572726964950562,0
1.1265506744384766,0
1.1844112873077393,0
1.002096176147461,0
0.9781404733657837,0
0.9789932370185852,0
0.9594910740852356,0
1.1425944566726685,0
0.9742958545684814,0
0.979658842086792,0
1.051119327545166,0
1.216464877128601,0
1.131614327430725,0
1.0063964128494263,0
0.9823452830314636,0
1.0957530736923218,0
0.9884532690048218,0
1.2447432279586792,0
1.0241451263427734,0
1.1057605743408203,0
1.0299537181854248,0
1.0815138816833496,0
1.0003538131713867,0
0.9893834590911865,0
1.2513999938964844,0
1.2989460229873657,0
0.9489443898200989,0
1.7833209037780762,0
0.9902911186218262,0
1.15453040599823,0
1.0177327394485474,0
1.076431393623352,0
0.9838685989379883,0
1.0790072679519653,0
1.054748296737671,0
1.087349534034729,0
1.0351642370224,0
0.9926718473434448,0
0.9904263615608215,0
3.4646615982055664,0
1.4247968196868896,0
1.012305498123169,0
1.0933213233947754,0
0.9947510957717896,0
1.655731439590454,0
1.0288667678833008,0
1.0541805028915405,0
1.226879358291626,0
1.0633556842803955,0
0.9888023734092712,0
1.1314316987991333,0
3.509431838989258,0
1.1882468461990356,0
1.0606060028076172,0
1.0793360471725464,0
1.0225834846496582,0
2.0484700202941895,0
1.0278493165969849,0
0.988975465297699,0
1.3451610803604126,0
1.1660008430480957,0
1.0017902851104736,0
1.2048112154006958,0
1.0467640161514282,0
0.9950574636459351,0
1.0544472932815552,0
0.9619379639625549,0
0.9895776510238647,0
1.0664931535720825,0
1.2287760972976685,0
1.049791693687439,0
1.1778117418289185,0
1.0639870166778564,0
1.0198529958724976,0
1.0347180366516113,0
1.0,0
1.0444035530090332,0
0.966583251953125,0
1.0218297243118286,0
1.001779556274414,0
1.1593141555786133,0
1.0655477046966553,0
1.1196229457855225,0
1.0118170976638794,0
5.232946872711182,0
1.145755410194397,0
1.0360556840896606,0
1.009560227394104,0
1.0319268703460693,0
1.225279688835144,0
1.0408039093017578,0
1.01922607421875,0
0.9752331376075745,0
1.0294076204299927,0
1.0795871019363403,0
1.015222430229187,0
1.116171956062317,0
0.9690468311309814,0
1.1082099676132202,0
1.1021101474761963,0
1.0081908702850342,0
1.550766110420227,0
0.9797561764717102,0
1.004351258277893,0
0.982140302658081,0
1.1014313697814941,0
1.055010437965393,0
1.2367479801177979,0
0.9555502533912659,0
1.14899742603302,0
1.0614335536956787,0
1.0115631818771362,0
1.016793131828308,0
1.0546568632125854,0
1.1526414155960083,0
0.9884762763977051,0
1.3240751028060913,0
1.3046163320541382,0
0.9606187343597412,0
1.3592133522033691,0
1.1545754671096802,0
1.1542954444885254,0
0.9884588122367859,0
0.9896402955055237,0
1.5238749980926514,0
1.0817240476608276,0
1.0015428066253662,0
1.0463749170303345,0
0.9609882235527039,0
1.0271047353744507,0
1.0188367366790771,0
1.0402699708938599,0
1.0529476404190063,0
1.1755845546722412,0
0.9997184872627258,0
1.0263158082962036,0
1.0220035314559937,0
1.0084254741668701,0
1.0195566415786743,0
1.0675987005233765,0
1.2231696844100952,0
0.9708877205848694,0
1.1777899265289307,0
0.9643388986587524,0
1.083565354347229,0
1.0703694820404053,0
1.1672892570495605,0
1.0150744915008545,0
1.0385499000549316,0
1.08968985080719,0
1.0671308040618896,0
1.025205135345459,0
0.9996004104614258,0
1.0204819440841675,0
0.9991795420646667,0
1.0057611465454102,0
0.9815537929534912,0
0.9999938607215881,0
1.0310924053192139,0
1.0012869834899902,0
1.1148601770401,0
1.0337287187576294,0
1.0272296667099,0
1.021332025527954,0
1.0223714113235474,0
0.989936888217926,0
1.3752936124801636,0
2.314709424972534,0
1.8630667924880981,0
1.0355983972549438,0
0.9619479775428772,0
1.0662921667099,0
1.2632811069488525,0
1.1408215761184692,0
1.1036486625671387,0
1.063827633857727,0
1.0725058317184448,0
1.0722403526306152,0
1.0549336671829224,0
1.1414127349853516,0
1.140842318534851,0
1.077286720275879,0
1.1059989929199219,0
1.0089128017425537,0
0.9905444383621216,0
1.3161019086837769,0
1.2004132270812988,0
1.0109254121780396,0
1.0729303359985352,0
1.366147518157959,0
1.0606142282485962,0
1.0178765058517456,0
1.0242724418640137,0
1.058536410331726,0
1.0073761940002441,0
0.9415826201438904,0
1.4673751592636108,0
0.9765327572822571,0
1.1098726987838745,0
1.2539703845977783,0
0.9809281229972839,0
0.972806990146637,0
0.9950000047683716,0
1.0971426963806152,0
1.3216643333435059,0
1.0470749139785767,0
0.9878283739089966,0
1.008518934249878,0
1.0290122032165527,0
1.065476417541504,0
1.1113241910934448,0
1.1149861812591553,0
0.9892069697380066,0
1.2826529741287231,0
1.074450135231018,0
1.0943958759307861,0
0.9832695722579956,0
0.9970268607139587,0
0.9984438419342041,0
2.9681379795074463,0
1.1843891143798828,0
1.7945634126663208,0
1.0971980094909668,0
0.9966015219688416,0
1.0367100238800049,0
1.0380388498306274,0
143.70143127441406,0
1.0255987644195557,0
1.1459639072418213,0
1.1024272441864014,0
1.0330911874771118,0
1.1122151613235474,0
1.148443341255188,0
1.0077624320983887,0
1.0879889726638794,0
1.065704107284546,0
1.0464036464691162,0
1.005622148513794,0
1.1450533866882324,0
1.0775198936462402,0
1.1128827333450317,0
0.9707942008972168,0
1.009386420249939,0
1.101689100265503,0
1.1187046766281128,0
1.1095826625823975,0
1.1482031345367432,0
1.2033884525299072,0
1.062406301498413,0
1.0452245473861694,0
1.5542300939559937,0
1.2793564796447754,0
0.9891436100006104,0
1.1286256313323975,0
1.1240895986557007,0
0.9726118445396423,0
0.9938583970069885,0
0.9657835364341736,0
1.4589509963989258,0
1.0034908056259155,0
1.1597135066986084,0
1.0335779190063477,0
1.0614680051803589,0
1.0050138235092163,0
1.1405940055847168,0
0.9757344126701355,0
1.1796579360961914,0
1.1226215362548828,0
2.8713481426239014,0
1.128982663154602,0
1.0304380655288696,0
1.0586824417114258,0
0.9942812323570251,0
0.9706577062606812,0
1.0362530946731567,0
0.9986675977706909,0
0.9542815685272217,0
1.0972890853881836,0
0.991952121257782,0
1.0181018114089966,0
1.0604087114334106,0
0.9991400837898254,0
1.1815968751907349,0
1.0439238548278809,0
0.9976547956466675,0
1.0236661434173584,0
1.054140329360962,0
1.2062504291534424,0
1.1019091606140137,0
1.055619239807129,0
1.4053614139556885,0
1.0719623565673828,0
1.0203784704208374,0
0.9889237880706787,0
0.9912909865379333,0
1.0537155866622925,0
1.0431855916976929,0
0.9832308888435364,0
1.009403109550476,0
1.200280785560608,0
1.0086073875427246,0
1.1217941045761108,0
1.6413648128509521,0
0.9425449967384338,0
1.124664068222046,0
1.0433375835418701,0
1.0331876277923584,0
1.1892112493515015,0
1.1557945013046265,0
1.1392441987991333,0
0.9977474212646484,0
1.1107655763626099,0
0.9950000047683716,0
1.0200599431991577,0
1.0704363584518433,0
0.9594443440437317,0
1.0331603288650513,0
14.660783767700195,0
1.0977089405059814,0
1.0127921104431152,0
1.1025490760803223,0
1.552573800086975,0
1.059037446975708,0
1.0058965682983398,0
1.0758877992630005,0
1.1004739999771118,0
0.9783005118370056,0
1.1619510650634766,0
1.0,0
1.0359299182891846,0
1.1482820510864258,0
1.1232433319091797,0
1.0055984258651733,0
1.0254381895065308,0
0.969974935054779,0
1.0977776050567627,0
1.0200622081756592,0
0.9798080325126648,0
1.0455479621887207,0
1.1209559440612793,0
1.1365463733673096,0
1.0131165981292725,0
1.0213924646377563,0
1.021052598953247,0
1.1263903379440308,0
0.9469248652458191,0
0.9732092618942261,0
1.0015689134597778,0
1.0792745351791382,0
1.0123485326766968,0
1.030501365661621,0
1.0869743824005127,0
0.9962544441223145,0
1.040381669998169,0
0.9970769286155701,0
1.0529674291610718,0
1.015958547592163,0
1.0891327857971191,0
1.0151346921920776,0
1.0610129833221436,0
1.497155785560608,0
1.0638649463653564,0
1.088545560836792,0
1.0162400007247925,0
0.9899441599845886,0
1.0125211477279663,0
0.997796893119812,0
1.0703080892562866,0
1.007419228553772,0
0.9836389422416687,0
1.1652767658233643,0
1.1425095796585083,0
1.070480227470398,0
1.1632766723632812,0
1.1056824922561646,0
1.0006862878799438,0
1.0074518918991089,0
1.1807193756103516,0
0.9894209504127502,0
1.0188863277435303,0
1.7530772686004639,0
0.9962140321731567,0
1.0347464084625244,0
1.094957709312439,0
1.0285365581512451,0
1.0058022737503052,0
0.9666666388511658,0
1.283083200454712,0
1.0046800374984741,0
1.0160940885543823,0
1.1549856662750244,0
1.0000287294387817,0
1.0255672931671143,0
1.1596086025238037,0
1.0845165252685547,0
0.9738591909408569,0
1.1618397235870361,0
1.1941988468170166,0
0.970873236656189,0
1.0327730178833008,0
1.419926643371582,0
0.9861114025115967,0
1.0374633073806763,0
1.0542185306549072,0
1.4243443012237549,0
0.9658523797988892,0
1.0766403675079346,0
1.0921391248703003,0
0.995297908782959,0
1.3036384582519531,0
1.0371872186660767,0
0.9897474050521851,0
1.2336124181747437,0
0.9903415441513062,0
1.0000020265579224,0
1.1270126104354858,0
1.061951994895935,0
1.1311745643615723,0
1.1092262268066406,0
2.8087270259857178,0
1.2194035053253174,0
1.2184529304504395,0
1.0183321237564087,0
1.1929277181625366,0
1.2178457975387573,0
1.1208394765853882,0
1.0093598365783691,0
0.9759221076965332,0
1.0338549613952637,0
1.1124703884124756,0
0.9850395917892456,0
0.9865767955780029,0
0.9425501227378845,0
0.9960957169532776,0
1.097145438194275,0
1.43397057056427,0
1.0772696733474731,0
0.9916498064994812,0
1.1919844150543213,0
1.0108245611190796,0
1.0534043312072754,0
1.035621166229248,0
1.0021904706954956,0
1.0382685661315918,0
1.0795272588729858,0
1.0934014320373535,0
82.86882781982422,0
1.1114052534103394,0
1.520656943321228,0
1.0153671503067017,0
1.0647594928741455,0
1.0808296203613281,0
1.1182633638381958,0
1.019945502281189,0
1.2014046907424927,0
1.195365309715271,0
1.0286979675292969,0
1.0789800882339478,0
1.4300024509429932,0
0.9939740300178528,0
1.0411427021026611,0
0.9876511096954346,0
1.067376971244812,0
1.0605520009994507,0
1.273424744606018,0
1.0627756118774414,0
1.175521969795227,0
1.064156174659729,0
0.9968369007110596,0
1.5579369068145752,0
0.9991910457611084,0
1.1097161769866943,0
0.9798122048377991,0
1.0337378978729248,0
0.9794149994850159,0
1.2513129711151123,0
1.0196847915649414,0
0.9915834665298462,0
1.2135603427886963,0
1.000314712524414,0
1.252868890762329,0
1.0401188135147095,0
0.9568732976913452,0
1.1088870763778687,0
1.2657229900360107,0
1.0042109489440918,0
1.2385121583938599,0
1.0480265617370605,0
1.77245032787323,0
1.12589693069458,0
1.1015887260437012,0
1.0279780626296997,0
1.1846424341201782,0
0.9862789511680603,0
0.9776283502578735,0
1.0621581077575684,0
1.0097177028656006,0
1.061560869216919,0
0.9479228258132935,0
1.134177565574646,0
0.9799440503120422,0
1.0407044887542725,0
3.1707541942596436,0
1.2558261156082153,0
1.0186402797698975,0
1.2442049980163574,0
0.9631996750831604,0
1.0278593301773071,0
1.0540516376495361,0
1.006702184677124,0
0.9847378134727478,0
0.9913392066955566,0
1.0618982315063477,0
1.0725078582763672,0
1.0780434608459473,0
1.8622136116027832,0
0.9934353232383728,0
1.1557655334472656,0
0.9699785113334656,0
1.0031781196594238,0
1.0060787200927734,0
1.9843953847885132,0
1.0057655572891235,0
1.0049470663070679,0
1.3494900465011597,0
1.0975366830825806,0
0.9452381134033203,0
1.0015881061553955,0
0.9965989589691162,0
1.0811434984207153,0
0.952644407749176,0
1.332822561264038,0
1.1577125787734985,0
2.145813226699829,0
1.0648421049118042,0
1.2625205516815186,0
1.0117568969726562,0
0.9864006638526917,0
1.0518877506256104,0
1.0575435161590576,0
0.9922702312469482,0
0.9968135952949524,0
1.063755989074707,0
1.1371604204177856,0
1.0412710905075073,0
82.86882781982422,0
1.0311976671218872,0
1.1695748567581177,0
0.9782649278640747,0
0.9452381134033203,0
1.0822205543518066,0
0.9938269257545471,0
1.069484829902649,0
1.0549466609954834,0
0.9888696670532227,0
1.052193522453308,0
0.9785723686218262,0
1.8331327438354492,0
1.0524394512176514,0
1.0877786874771118,0
1.1659605503082275,0
0.9951223134994507,0
1.205886960029602,0
1.104798674583435,0
1.0156779289245605,0
0.966873288154602,0
1.2804547548294067,0
1.0968033075332642,0
1.240602970123291,0
1.015267252922058,0
1.0190008878707886,0
0.9864597916603088,0
1.0508267879486084,0
1.139732003211975,0
0.9846976399421692,0
1.0441821813583374,0
1.0037126541137695,0
1.0536940097808838,0
1.0476943254470825,0
1.0121772289276123,0
1.0296210050582886,0
1.0599886178970337,0
1.0325701236724854,0
0.9628662467002869,0
1.0254794359207153,0
1.0443998575210571,0
1.0217770338058472,0
1.0309594869613647,0
1.5902127027511597,0
1.0031086206436157,0
1.2029496431350708,0
1.4475317001342773,0
1.0240693092346191,0
0.9865643978118896,0
1.0542664527893066,0
1.3298542499542236,0
1.1659228801727295,0
1.3311103582382202,0
1.044469952583313,0
1.178779125213623,0
0.9850848913192749,0
1.0089107751846313,0
1.1005946397781372,0
1.0043686628341675,0
1.1530652046203613,0
1.0135279893875122,0
1.3266470432281494,0
1.0380113124847412,0
1.1332924365997314,0
1.0254184007644653,0
1.0217770338058472,0
1.0001206398010254,0
1.0016093254089355,0
0.9674893617630005,0
1.0413880348205566,0
1.109974980354309,0
1.1895110607147217,0
1.0961461067199707,0
2.578791618347168,0
1.0464199781417847,0
1.0120247602462769,0
0.9738100171089172,0
0.9645727872848511,0
1.0547953844070435,0
1.015700101852417,0
1.2611507177352905,0
1.1334717273712158,0
1.0287936925888062,0
0.9767009615898132,0
2.3027472496032715,0
1.0270323753356934,0
0.9959113001823425,0
0.9785138368606567,0
1.0318975448608398,0
1.0249465703964233,0
0.9886462688446045,0
0.952644407749176,0
1.2396215200424194,0
1.0223946571350098,0
1.1589492559432983,0
1.0690666437149048,0
1.0079416036605835,0
1.0808336734771729,0
1.0662636756896973,0
0.995115339756012,0
1.5719043016433716,0
1.2105162143707275,0
1.237492561340332,0
0.9914039373397827,0
0.9745170474052429,0
1.0500608682632446,0
1.403496503829956,0
0.9537261128425598,0
1.0279945135116577,0
1.0116509199142456,0
1.1966062784194946,0
1.0347282886505127,0
0.9731309413909912,0
0.980053722858429,0
0.9984542727470398,0
1.1380615234375,0
0.9776897430419922,0
1.0001881122589111,0
2.2462902069091797,0
1.11865234375,0
0.9649547338485718,0
1.0025328397750854,0
1.1631239652633667,0
1.013355016708374,0
1.0015596151351929,0
1.0661559104919434,0
0.9918656945228577,0
0.9926985502243042,0
1.057769536972046,0
0.9918307065963745,0
1.1733916997909546,0
1.017084002494812,0
0.9643480777740479,0
0.9549791812896729,0
1.097990870475769,0
1.31689453125,0
1.036799669265747,0
1.0107157230377197,0
1.0481812953948975,0
1.0293974876403809,0
0.9859833717346191,0
0.9910010099411011,0
0.9754272103309631,0
1.0265204906463623,0
1.0152618885040283,0
1.0459401607513428,0
1.162282109260559,0
1.0463889837265015,0
1.057357668876648,0
1.3665155172348022,0
1.1113778352737427,0
1.092620849609375,0
1.0963588953018188,0
0.9708865284919739,0
0.9833945631980896,0
1.4659087657928467,0
1.1200865507125854,0
1.052763819694519,0
1.0856401920318604,0
0.9926395416259766,0
1.2862251996994019,0
0.9768494367599487,0
1.0941779613494873,0
1.0731960535049438,0
1.1261866092681885,0
1.0,0
0.9628516435623169,0
4.531622886657715,0
1.166136384010315,0
1.0347585678100586,0
0.9928342700004578,0
0.9792157411575317,0
1.1780976057052612,0
1.0764933824539185,0
1.4282376766204834,0
1.112956166267395,0
1.0024774074554443,0
1.0254119634628296,0
1.0071338415145874,0
1.0507140159606934,0
0.9666666388511658,0
1.0265828371047974,0
1.0749914646148682,0
0.9622806906700134,0
1.0226484537124634,0
1.525588035583496,0
1.0871145725250244,0
1.0940461158752441,0
1.0152252912521362,0
1.0022785663604736,0
1.08274507522583,0
0.9948225021362305,0
1.0329456329345703,0
1.0994746685028076,0
1.0613343715667725,0
1.1084935665130615,0
1.1497132778167725,0
1.0369083881378174,0
1.2349514961242676,0
1.3670377731323242,0
1.0539458990097046,0
0.9892269372940063,0
1.4396803379058838,0
1.0386786460876465,0
1.0141313076019287,0
0.999602735042572,0
1.0122050046920776,0
1.0313801765441895,0
1.4714092016220093,0
1.8108519315719604,0
0.9883647561073303,0
0.9711131453514099,0
1.005393385887146,0
1.3247672319412231,0
0.9855296015739441,0
1.1550116539001465,0
1.075487732887268,0
0.9925307035446167,0
1.0095354318618774,0
1.0458664894104004,0
0.9808587431907654,0
1.0485622882843018,0
1.0273915529251099,0
1.1224526166915894,0
1.3245230913162231,0
1.3587092161178589,0
0.9643388986587524,0
105.8148422241211,0
1.0148292779922485,0
1.0953060388565063,0
0.9885281920433044,0
0.9622806906700134,0
1.120658040046692,0
1.2346034049987793,0
1.2177879810333252,0
0.9785073399543762,0
1.093216061592102,0
1.0727620124816895,0
1.296645998954773,0
1.0208749771118164,0
1.073864221572876,0
1.1976091861724854,0
1.2790635824203491,0
1.004778265953064,0
0.9912070035934448,0
0.972806990146637,0
0.9719938039779663,0
0.9841081500053406,0
1.0117651224136353,0
1.537348985671997,0
1.098787784576416,0
1.0322306156158447,0
0.9898967146873474,0
1.0073466300964355,0
1.0988298654556274,0
1.0114901065826416,0
1.033191204071045,0
1.0872540473937988,0
1.00758695602417,0
1.161711573600769,0
1.0421518087387085,0
0.9913169741630554,0
0.9990197420120239,0
1.1937521696090698,0
1.1364986896514893,0
1.2463486194610596,0
77.28086853027344,0
1.0473065376281738,0
1.0346431732177734,0
1.000417947769165,0
0.9691610932350159,0
1.0799500942230225,0
1.1164660453796387,0
1.1791577339172363,0
1.220442771911621,0
1.0643051862716675,0
1.037194848060608,0
1.0259265899658203,0
0.996792733669281,0
1.083723783493042,0
1.058517575263977,0
1.003236174583435,0
1.0550802946090698,0
1.226259469985962,0
0.9873164892196655,0
1.740778923034668,0
6.101413249969482,0
1.051422119140625,0
1.0585778951644897,0
1.0347689390182495,0
2.1116597652435303,0
1.0466701984405518,0
1.3102201223373413,0
0.9570567607879639,0
1.2563709020614624,0
1.0056129693984985,0
1.264862060546875,0
1.0058073997497559,0
1.105034589767456,0
1.0146187543869019,0
1.0188803672790527,0
0.9960653185844421,0
1.0200622081756592,0
0.9740228652954102,0
1.014132022857666,0
1.2251286506652832,0
1.0222762823104858,0
1.073123574256897,0
1.644687533378601,0
0.9922205209732056,0
1.3340648412704468,0
1.0068559646606445,0
0.9432143568992615,0
0.968730628490448,0
0.9376850724220276,0
1.0911327600479126,0
1.5892360210418701,0
0.9705996513366699,0
0.9797623157501221,0
1.035338044166565,0
0.9929353594779968,0
1.087221384048462,0
1.0010535717010498,0
1.289931058883667,0
1.1671404838562012,0
1.0091997385025024,0
1.5679948329925537,0
1.0096232891082764,0
1.0287078619003296,0
1.008297085762024,0
1.2346165180206299,0
1.0758545398712158,0
1.0136308670043945,0
0.9993411898612976,0
1.095034122467041,0
0.9832361340522766,0
1.012845754623413,0
1.0963784456253052,0
1.135948657989502,0
1.130966067314148,0
1.1051048040390015,0
1.0521947145462036,0
1.0524550676345825,0
1.116913080215454,0
1.0095736980438232,0
1.040920615196228,0
1.038737177848816,0
1.0509238243103027,0
1.0403921604156494,0
1.0112477540969849,0
1.0461149215698242,0
1.1351100206375122,0
0.9832980632781982,0
1.076629638671875,0
0.9734171032905579,0
0.9816817045211792,0
1.175245761871338,0
1.0411027669906616,0
1.1777442693710327,0
1.1390504837036133,0
0.9789410829544067,0
0.9749115109443665,0
0.9709854125976562,0
1.097232460975647,0
1.0461957454681396,0
1.0410454273223877,0
0.988496720790863,0
1.0378473997116089,0
1.0418778657913208,0
1.6646366119384766,0
1.0473442077636719,0
1.0968468189239502,0
1.5183366537094116,0
2.0346474647521973,0
1.0147560834884644,0
0.9974154829978943,0
1.088192343711853,0
1.5224485397338867,0
1.1507394313812256,0
0.9890289306640625,0
1.0640978813171387,0
1.026753544807434,0
1.024720549583435,0
1.01641845703125,0
1.2027777433395386,0
2.656323194503784,0
1.0489357709884644,0
1.0590882301330566,0
1.0547940731048584,0
0.9938136339187622,0
1.161685824394226,0
1.0372658967971802,0
1.0098508596420288,0
1.016659140586853,0
1.0982142686843872,0
1.0232422351837158,0
1.1460150480270386,0
1.0729235410690308,0
1.0663570165634155,0
0.99942547082901,0
1.2379555702209473,0
1.2406699657440186,0
0.988904595375061,0
1.0366661548614502,0
1.204167366027832,0
1.0251473188400269,0
0.9941005706787109,0
1.0095736980438232,0
1.0333006381988525,0
1.0077779293060303,0
1.0023738145828247,0
1.0099356174468994,0
1.0108834505081177,0
1.074304461479187,0
1.0110371112823486,0
0.9859479069709778,0
1.0409904718399048,0
1.058312177658081,0
0.9645384550094604,0
1.035071611404419,0
1.0325781106948853,0
0.9763080477714539,0
1.047120451927185,0
1.131136417388916,0
1.1743786334991455,0
1.0058188438415527,0
1.0029840469360352,0
1.0848586559295654,0
1.0229768753051758,0
1.0452557802200317,0
1.2327229976654053,0
1.1562367677688599,0
1.1360578536987305,0
1.0660691261291504,0
1.528051733970642,0
0.9897052645683289,0
1.1541062593460083,0
1.0336394309997559,0
0.9567492604255676,0
1.62248694896698,0
1.030944585800171,0
1.2479889392852783,0
0.974026620388031,0
1.0331977605819702,0
1.0114797353744507,0
0.9768203496932983,0
1.0175886154174805,0
0.9993711113929749,0
1.0508841276168823,0
1.1950687170028687,0
1.1541944742202759,0
1.3108919858932495,0
1.3810205459594727,0
0.9839264750480652,0
1.1773351430892944,0
1.2513129711151123,0
1.1499965190887451,0
2.8158953189849854,0
1.092710018157959,0
1.0498608350753784,0
1.216282606124878,0
1.0713244676589966,0
1.0087685585021973,0
1.0511020421981812,0
1.111206293106079,0
1.0237188339233398,0
1.0447309017181396,0
0.9877058267593384,0
1.2085480690002441,0
1.0161322355270386,0
1.068771481513977,0
1.0538713932037354,0
1.0149513483047485,0
1.0977942943572998,0
1.3206979036331177,0
1.0423400402069092,0
1.0829678773880005,0
1.0191032886505127,0
1.1587097644805908,0
1.0353718996047974,0
1.0601073503494263,0
1.0250953435897827,0
0.9917046427726746,0
1.0461030006408691,0
1.0110559463500977,0
1.3609282970428467,0
1.005457878112793,0
1.1085362434387207,0
1.5926240682601929,0
1.0793029069900513,0
1.3787219524383545,0
0.9807553291320801,0
1.4771970510482788,0
1.0303232669830322,0
1.5669430494308472,0
0.966373860836029,0
1.6315934658050537,0
2.0462682247161865,0
0.9893714785575867,0
1.075272560119629,0
1.0046072006225586,0
1.280396580696106,0
1.2201550006866455,0
1.0335232019424438,0
1.0377165079116821,0
1.0683014392852783,0
0.9959079027175903,0
0.9892206192016602,0
0.9474517107009888,0
1.1067970991134644,0
1.0663200616836548,0
1.5602786540985107,0
1.259523868560791,0
1.0961214303970337,0
1.475212812423706,0
1.0448594093322754,0
1.0240395069122314,0
1.0999394655227661,0
1.0010290145874023,0
1.1920478343963623,0
1.2584872245788574,0
1.2074015140533447,0
1.0319061279296875,0
0.9793010950088501,0
1.0340880155563354,0
1.1406294107437134,0
0.9615781903266907,0
1.0093872547149658,0
0.9869294762611389,0
0.9908162951469421,0
1.0718685388565063,0
0.9932248592376709,0
1.010988712310791,0
1.1025351285934448,0
1.0900038480758667,0
1.0122102499008179,0
0.9843483567237854,0
1.0106769800186157,0
0.9889697432518005,0
1.1413663625717163,0
1.2690191268920898,0
1.1817259788513184,0
1.157995581626892,0
1.049787998199463,0
0.9717972874641418,0
1.1506425142288208,0
0.9982298016548157,0
1.1943671703338623,0
1.1318635940551758,0
3.5734870433807373,0
0.9763152599334717,0
1.0086085796356201,0
1.364688515663147,0
134.2176513671875,0
1.0088019371032715,0
0.9855255484580994,0
1.2107625007629395,0
1.0,0
1.0436043739318848,0
1.0444602966308594,0
1.2460696697235107,0
1.2073994874954224,0
0.9620096683502197,0
1.0174115896224976,0
0.9864305853843689,0
1.0144457817077637,0
1.14540433883667,0
0.978661835193634,0
1.0470683574676514,0
1.0465524196624756,0
1.0353519916534424,0
1.1418827772140503,0
1.0004113912582397,0
1.0114694833755493,0
1.0087133646011353,0
0.9752467274665833,0
1.0237770080566406,0
0.9836069941520691,0
1.0328277349472046,0
1.0218863487243652,0
1.4797351360321045,0
8.999114036560059,0
1.140997052192688,0
1.1190694570541382,0
0.9840906858444214,0
1.0498511791229248,0
1.3061538934707642,0
0.9964502453804016,0
1.0911197662353516,0
0.9751499891281128,0
1.0324100255966187,0
1.2191243171691895,0
1.1314235925674438,0
1.6318250894546509,0
1.001054286956787,0
1.1720634698867798,0
1.0025970935821533,0
1.458888292312622,0
1.1963797807693481,0
1.0136773586273193,0
1.2067985534667969,0
1.186664342880249,0
1.201209545135498,0
0.972806990146637,0
1.0779879093170166,0
0.9580152630805969,0
1.109925627708435,0
0.9804573059082031,0
1.0625745058059692,0
1.0549253225326538,0
1.8573532104492188,0
0.9811679124832153,0
1.0614148378372192,0
0.9864498972892761,0
1.1307241916656494,0
2.2396907806396484,0
1.0555318593978882,0
0.9932390451431274,0
0.9815801978111267,0
1.0684727430343628,0
1.0605303049087524,0
0.9905998110771179,0
0.962385892868042,0
1.2560579776763916,0
1.036492109298706,0
1.0981495380401611,0
1.1299715042114258,0
1.0103371143341064,0
1.0723344087600708,0
1.0361344814300537,0
1.9485641717910767,0
1.8958172798156738,0
1.0362939834594727,0
1.0534453392028809,0
1.0007517337799072,0
0.9859574437141418,0
1.245870590209961,0
1.1994580030441284,0
1.027796745300293,0
1.0254616737365723,0
1.1463637351989746,0
1.2533018589019775,0
1.1656382083892822,0
1.1480330228805542,0
1.0267748832702637,0
1.7753909826278687,0
1.9104609489440918,0
1.034767985343933,0
1.5013378858566284,0
1.0835161209106445,0
1.3029789924621582,0
1.1677184104919434,0
1.097601294517517,0
1.0030829906463623,0
1.336412787437439,0
0.9893079996109009,0
1.0262227058410645,0
1.0379258394241333,0
1.0008703470230103,0
1.0248723030090332,0
1.0872619152069092,0
1.1341792345046997,0
0.9793587923049927,0
1.1231133937835693,0
1.0192232131958008,0
1.0272315740585327,0
0.9995357990264893,0
0.9443777799606323,0
1.114998459815979,0
1.000417947769165,0
0.988195538520813,0
1.0230762958526611,0
0.9919232726097107,0
1.487540364265442,0
0.971670389175415,0
1.0575337409973145,0
1.0235328674316406,0
1.1176478862762451,0
0.967380702495575,0
1.0110876560211182,0
1.041488528251648,0
1.6795161962509155,0
1.1295185089111328,0
1.0227752923965454,0
1.0202960968017578,0
1.1034352779388428,0
1.2427568435668945,0
1.2956279516220093,0
1.105697512626648,0
1.0014076232910156,0
1.002982497215271,0
1.1062029600143433,0
0.9560117721557617,0
0.972806990146637,0
1.039050579071045,0
1.103036880493164,0
1.1668885946273804,0
1.6161746978759766,0
1.0933668613433838,0
1.5183366537094116,0
1.0015881061553955,0
0.9779369235038757,0
1.0181607007980347,0
1.0579109191894531,0
1.3226361274719238,0
1.1807124614715576,0
1.1705799102783203,0
1.018433928489685,0
0.992608368396759,0
2.2150661945343018,0
1.4432950019836426,0
2.8158953189849854,0
1.1010668277740479,0
0.9775248169898987,0
1.124222755432129,0
0.9947658181190491,0
1.0897952318191528,0
1.207743763923645,0
1.0690747499465942,0
1.01035475730896,0
1.2513024806976318,0
0.9936582446098328,0
0.9799128770828247,0
1.2053314447402954,0
1.008958339691162,0
1.0127466917037964,0
0.9935732483863831,0
1.1536595821380615,0
0.9863086938858032,0
1.01420259475708,0
0.9801251888275146,0
1.117489218711853,0
1.0938087701797485,0
1.1128449440002441,0
1.200683832168579,0
1.0963592529296875,0
1.097883701324463,0
1.736348271369934,0
1.4430232048034668,0
2.277921199798584,0
1.1252468824386597,0
1.009110927581787,0
1.020345687866211,0
1.0623668432235718,0
1.0523070096969604,0
1.0485092401504517,0
1.0410408973693848,0
1.0608490705490112,0
1.0760300159454346,0
0.9991035461425781,0
1.1594502925872803,0
1.4808905124664307,0
1.144523024559021,0
1.0915734767913818,0
0.9996289014816284,0
1.0261564254760742,0
0.9690507650375366,0
1.0247489213943481,0
1.0261090993881226,0
0.9324219226837158,0
0.9668855667114258,0
1.7544769048690796,0
0.9953139424324036,0
1.533105492591858,0
1.2332907915115356,0
1.2958964109420776,0
1.002780795097351,0
1.0,0
0.9776794910430908,0
1.1130229234695435,0
82.86882781982422,0
1.168380618095398,0
2.6765711307525635,0
1.062591552734375,0
1.0250931978225708,0
0.9909000992774963,0
1.0058714151382446,0
1.1192710399627686,0
1.0190314054489136,0
1.6525763273239136,0
1.0538196563720703,0
1.206800937652588,0
47.03316116333008,0
1.0123988389968872,0
1.1812922954559326,0
1.0262001752853394,0
1.053059458732605,0
1.2944438457489014,0
1.0075385570526123,0
1.0249919891357422,0
1.050927758216858,0
1.2164939641952515,0
1.1207085847854614,0
1.0208650827407837,0
0.9845945835113525,0
0.9667252898216248,0
1.2873293161392212,0
1.19720458984375,0
1.176378607749939,0
1.0533409118652344,0
1.001145601272583,0
1.0306733846664429,0
1.0400054454803467,0
0.951953649520874,0
1.1821141242980957,0
1.1194403171539307,0
0.9889436364173889,0
1.0431334972381592,0
1.146628975868225,0
1.1513134241104126,0
0.9870882630348206,0
1.0021631717681885,0
1.0369493961334229,0
1.012102484703064,0
0.9822342395782471,0
1.0637257099151611,0
1.0108624696731567,0
1.0175000429153442,0
0.9843045473098755,0
1.1911908388137817,0
1.0137799978256226,0
1.2907166481018066,0
1.0635191202163696,0
1.3104276657104492,0
1.0476315021514893,0
1.0205442905426025,0
1.0061779022216797,0
1.1402513980865479,0
0.9992427825927734,0
1.1158088445663452,0
1.2698614597320557,0
1.0179394483566284,0
1.1491156816482544,0
0.9849143624305725,0
204.76177978515625,0
1.0450869798660278,0
1.0246516466140747,0
0.9636116623878479,0
1.0301146507263184,0
0.9530080556869507,0
0.9824432134628296,0
1.044849157333374,0
1.090425729751587,0
1.1770155429840088,0
1.0960718393325806,0
1.0853699445724487,0
1.09178626537323,0
1.3866333961486816,0
1.1477959156036377,0
1.030548334121704,0
1.0659563541412354,0
1.1386691331863403,0
1.0405943393707275,0
1.28196382522583,0
1.0144070386886597,0
1.1032652854919434,0
1.3509150743484497,0
1.0164556503295898,0
0.9725233316421509,0
1.2510524988174438,0
1.0773316621780396,0
1.037856101989746,0
1.0269216299057007,0
1.073711633682251,0
1.0417007207870483,0
0.9818363189697266,0
1.1112747192382812,0
1.1259679794311523,0
1.0466550588607788,0
1.185344934463501,0
1.0573381185531616,0
1.1725317239761353,0
1.1673154830932617,0
0.9688529968261719,0
1.016155481338501,0
1.0259889364242554,0
1.0755583047866821,0
1.0168802738189697,0
1.0023629665374756,0
1.5202250480651855,0
1.2649221420288086,0
0.9986734390258789,0
1.1734081506729126,0
1.094884991645813,0
1.589558482170105,0
1.112446904182434,0
1.2261275053024292,0
1.019545316696167,0
1.0092275142669678,0
1.0386472940444946,0
0.9957103729248047,0
0.997153103351593,0
1.0906620025634766,0
1.057582974433899,0
1.256069302558899,0
0.9935082197189331,0
1.0609780550003052,0
1.2076181173324585,0
1.0851551294326782,0
0.9622806906700134,0
1.0667026042938232,0
1.2841901779174805,0
1.0050930976867676,0
0.9804615378379822,0
1.038425087928772,0
1.0004414319992065,0
1.0892696380615234,0
1.0,0
1.0671215057373047,0
1.0270074605941772,0
1.1234135627746582,0
0.982870876789093,0
1.1150181293487549,0
1.1022251844406128,0
1.0474345684051514,0
1.2435765266418457,0
1.0242865085601807,0
0.9793735146522522,0
1.0016275644302368,0
1.1178247928619385,0
1.0752075910568237,0
0.9809151887893677,0
0.9904058575630188,0
1.483021855354309,0
1.0231781005859375,0
1.1832715272903442,0
1.0086965560913086,0
0.9630363583564758,0
1.105569839477539,0
1.0950374603271484,0
1.10854172706604,0
1.0655114650726318,0
0.9955986142158508,0
1.0364091396331787,0
1.0170773267745972,0
0.9758560061454773,0
1.1197655200958252,0
0.9986575841903687,0
0.9931879043579102,0
1.0467073917388916,0
1.0775854587554932,0
0.982930600643158,0
1.0323501825332642,0
0.9960182905197144,0
1.0046790838241577,0
0.991862952709198,0
1.1274906396865845,0
1.1874659061431885,0
1.2675026655197144,0
0.9922217726707458,0
1.0229028463363647,0
1.0896248817443848,0
1.2818621397018433,0
2.4380834102630615,0
1.3122295141220093,0
0.9981651902198792,0
1.0254048109054565,0
1.0538108348846436,0
1.0558658838272095,0
1.042282223701477,0
1.0424034595489502,0
1.2266123294830322,0
1.0739160776138306,0
1.0384550094604492,0
1.1268521547317505,0
1.1726391315460205,0
1.053194522857666,0
5.880427360534668,0
1.4664777517318726,0
1.044517159461975,0
1.0551371574401855,0
1.36283540725708,0
1.083211898803711,0
0.9955686330795288,0
0.9884478449821472,0
1.0513441562652588,0
1.1440454721450806,0
1.1184687614440918,0
1.1677385568618774,0
1.017381191253662,0
1.597112774848938,0
1.3012877702713013,0
1.002272605895996,0
1.1513477563858032,0
0.9908322691917419,0
1.0993393659591675,0
1.0585027933120728,0
1.0352625846862793,0
1.0836420059204102,0
1.0133832693099976,0
1.1995296478271484,0
0.9972093105316162,0
1.1243773698806763,0
1.0783907175064087,0
1.0959453582763672,0
1.065820574760437,0
1.0996780395507812,0
1.0726044178009033,0
0.9488193392753601,0
1.086319088935852,0
0.9728549718856812,0
1.032325267791748,0
0.9835826754570007,0
1.0080173015594482,0
1.0047142505645752,0
2.8158953189849854,0
1.0657050609588623,0
1.0275921821594238,0
1.0161582231521606,0
1.156678318977356,0
1.3400230407714844,0
0.9879840612411499,0
1.0074807405471802,0
1.0514583587646484,0
1.0318571329116821,0
1.0049607753753662,0
1.1018904447555542,0
1.0916619300842285,0
1.040162205696106,0
0.9754765033721924,0
1.011033296585083,0
1.0608702898025513,0
0.9872035384178162,0
1.2123569250106812,0
1.1993350982666016,0
1.0200493335723877,0
0.998584508895874,0
7.331684112548828,0
1.1202738285064697,0
1.0161540508270264,0
1.0895212888717651,0
1.0,0
0.9643756151199341,0
1.0537828207015991,0
0.9838687181472778,0
1.7061136960983276,0
0.9434187412261963,0
1.0405890941619873,0
0.9768203496932983,0
1.208992838859558,0
1.1862170696258545,0
1.0965865850448608,0
0.9943299889564514,0
1.669158935546875,0
1.103460669517517,0
0.9939709305763245,0
1.05359947681427,0
1.2257215976715088,0
1.008070945739746,0
0.9936321973800659,0
1.202282428741455,0
0.9918489456176758,0
1.03553307056427,0
1.097339391708374,0
1.0093618631362915,0
1.1117440462112427,0
0.9750486016273499,0
0.9904026985168457,0
0.9850031733512878,0
1.3245230913162231,0
0.9845357537269592,0
1.0538935661315918,0
0.9815376996994019,0
1.0553337335586548,0
1.3137938976287842,0
1.054787039756775,0
2.6833560466766357,0
1.2143917083740234,0
0.9882668256759644,0
0.9914159178733826,0
1.0293904542922974,0
1.3940908908843994,0
1.0994881391525269,0
1.2770392894744873,0
1.0513235330581665,0
1.1040468215942383,0
1.0481884479522705,0
0.9813491702079773,0
1.312761902809143,0
1.2375223636627197,0
1.004500389099121,0
1.0141446590423584,0
1.012969732284546,0
1.029482126235962,0
1.203319787979126,0
204.7628936767578,0
1.0193103551864624,0
1.0462747812271118,0
1.0868217945098877,0
1.0944547653198242,0
0.9414657950401306,0
1.2510823011398315,0
1.0257656574249268,0
0.9805397987365723,0
1.146431565284729,0
0.9902359843254089,0
1.3185409307479858,0
1.0603013038635254,0
1.093058705329895,0
1.09288489818573,0
1.1975126266479492,0
1.231442928314209,0
1.0067015886306763,0
1.0883722305297852,0
1.065565586090088,0
1.0249155759811401,0
1.0559587478637695,0
1.004986047744751,0
0.9701666235923767,0
1.1259384155273438,0
1.0148541927337646,0
0.9902499318122864,0
1.02866792678833,0
1.0727319717407227,0
1.0107929706573486,0
0.9998050332069397,0
1.1101759672164917,0
0.994599461555481,0
1.0297080278396606,0
1.0138942003250122,0
1.0753557682037354,0
0.9950000047683716,0
1.0287760496139526,0
0.9736869931221008,0
0.9721053838729858,0
0.9381833672523499,0
0.9961596131324768,0
1.068082332611084,0
1.0061899423599243,0
1.0679683685302734,0
1.0496667623519897,0
1.1477755308151245,0
1.2315353155136108,0
1.13022780418396,0
2.3282394409179688,0
1.092693567276001,0
1.1049493551254272,0
1.054879903793335,0
1.4291563034057617,0
0.9830302000045776,0
1.1194125413894653,0
1.0042475461959839,0
0.9906712174415588,0
1.1703532934188843,0
1.1804229021072388,0
1.1794800758361816,0
1.1532610654830933,0
1.017935037612915,0
1.0504963397979736,0
1.0370951890945435,0
1.117081880569458,0
1.3891013860702515,0
1.2261462211608887,0
1.1063472032546997,0
1.0165034532546997,0
1.1215074062347412,0
1.237662434577942,0
1.0488725900650024,0
1.4352631568908691,0
0.9966945052146912,0
1.1098607778549194,0
1.054491639137268,0
1.019228458404541,0
1.360517144203186,0
1.0729570388793945,0
1.3063074350357056,0
1.2154964208602905,0
1.1204503774642944,0
1.1822872161865234,0
0.9994447231292725,0
1.0722874402999878,0
1.010262131690979,0
1.1640119552612305,0
0.9959364533424377,0
1.0663641691207886,0
0.9500153660774231,0
1.1019343137741089,0
0.991277813911438,0
1.0775729417800903,0
1.1629090309143066,0
1.0172662734985352,0
0.9983959197998047,0
1.1070330142974854,0
1.1845101118087769,0
1.6313303709030151,0
0.9985139966011047,0
1.1332823038101196,0
0.9715024828910828,0
1.0082871913909912,0
1.196681022644043,0
1.0868167877197266,0
0.9622988700866699,0
1.0358988046646118,0
1.0099018812179565,0
1.0001307725906372,0
1.0466697216033936,0
1.0012024641036987,0
1.6326266527175903,0
0.9767150282859802,0
0.9959249496459961,0
1.2136521339416504,0
1.138410210609436,0
1.215561032295227,0
0.9656700491905212,0
1.0185662508010864,0
1.0299041271209717,0
1.2248934507369995,0
1.0475013256072998,0
1.6687498092651367,0
1.1529794931411743,0
1.163571834564209,0
1.1807132959365845,0
0.9986443519592285,0
1.0413318872451782,0
0.9842732548713684,0
0.9817832112312317,0
0.9884395599365234,0
1.0131312608718872,0
0.9791927933692932,0
1.0164806842803955,0
1.0534688234329224,0
1.022648572921753,0
1.0454344749450684,0
0.9895257353782654,0
1.045110821723938,0
1.14846670627594,0
2.380798101425171,0
1.0132683515548706,0
1.0005640983581543,0
4.41239070892334,0
1.0113016366958618,0
0.9990784525871277,0
0.9669330716133118,0
1.0594161748886108,0
2.813417673110962,0
0.9912729263305664,0
1.0557905435562134,0
1.0764890909194946,0
1.033090353012085,0
1.0823028087615967,0
2.7508997917175293,0
1.079255223274231,0
1.4933077096939087,0
1.068787693977356,0
0.968834400177002,0
1.0184298753738403,0
1.07209312915802,0
0.9787275791168213,0
1.095211148262024,0
1.1320700645446777,0
1.1393951177597046,0
1.1417316198349,0
1.106856346130371,0
1.2198997735977173,0
0.9790254235267639,0
1.002728819847107,0
1.0881085395812988,0
0.9775270223617554,0
0.9847707748413086,0
1.0323575735092163,0
1.0609915256500244,0
1.0407345294952393,0
1.007570743560791,0
1.0796130895614624,0
0.9843281507492065,0
0.9974049925804138,0
1.2417359352111816,0
1.1192867755889893,0
1.3379161357879639,0
1.108787178993225,0
1.3175098896026611,0
1.0503486394882202,0
1.0567662715911865,0
0.9909530282020569,0
1.02707040309906,0
1.0873087644577026,0
1.1823943853378296,0
1.1268230676651,0
0.9895144104957581,0
1.016319990158081,0
1.005470633506775,0
1.5894317626953125,0
1.013848066329956,0
1.00124990940094,0
1.0638206005096436,0
0.9415860772132874,0
1.0620083808898926,0
1.115501046180725,0
1.1307142972946167,0
1.060001254081726,0
1.0195720195770264,0
1.052876591682434,0
1.0069727897644043,0
1.1363718509674072,0
1.2857728004455566,0
1.0639175176620483,0
1.0243463516235352,0
82.86882781982422,0
0.9612418413162231,0
1.0047601461410522,0
1.032796025276184,0
1.0103025436401367,0
1.1751797199249268,0
1.106854796409607,0
48.470943450927734,0
1.0482743978500366,0
1.1126859188079834,0
1.0554465055465698,0
1.0143628120422363,0
0.995180070400238,0
0.9846972823143005,0
1.2317261695861816,0
1.05702543258667,0
1.3281354904174805,0
1.0451353788375854,0
1.4153213500976562,0
1.0341978073120117,0
1.0878276824951172,0
1.1906663179397583,0
1.2228647470474243,0
1.13874089717865,0
1.5990757942199707,0
0.9916137456893921,0
1.1147170066833496,0
1.0097248554229736,0
1.0163350105285645,0
1.1017320156097412,0
1.3380722999572754,0
1.0630522966384888,0
1.4993560314178467,0
0.9790140390396118,0
1.1390559673309326,0
1.1289832592010498,0
1.0804998874664307,0
1.6315934658050537,0
0.9863100647926331,0
1.0035839080810547,0
1.1070425510406494,0
1.028728723526001,0
0.973526656627655,0
49.79045486450195,0
1.0538978576660156,0
1.1201249361038208,0
2.2685282230377197,0
1.064217448234558,0
1.0409660339355469,0
0.9999790787696838,0
1.0335298776626587,0
1.254366397857666,0
1.035632610321045,0
1.116352915763855,0
1.4166998863220215,0
1.0001232624053955,0
0.9905164241790771,0
1.009650468826294,0
1.1443326473236084,0
1.5759310722351074,0
1.0198930501937866,0
1.00857412815094,0
0.9550145864486694,0
1.2580845355987549,0
1.1754230260849,0
1.237234115600586,0
1.9604350328445435,0
1.0481884479522705,0
55.18244934082031,0
1.0599915981292725,0
1.0430282354354858,0
1.5009620189666748,0
1.0009902715682983,0
1.000014305114746,0
1.2567163705825806,0
0.9839861989021301,0
0.9966422319412231,0
2.817441463470459,0
1.3115801811218262,0
1.000425100326538,0
1.3649932146072388,0
0.9666666388511658,0
1.0891252756118774,0
1.0860399007797241,0
0.9915832281112671,0
0.9748207926750183,0
1.1753963232040405,0
0.9882524013519287,0
1.1591917276382446,0
1.1542901992797852,0
1.0103956460952759,0
1.043736457824707,0
1.0794655084609985,0
1.0391926765441895,0
1.0649347305297852,0
0.9643388986587524,0
1.1775609254837036,0
1.2686383724212646,0
1.0891574621200562,0
1.0113930702209473,0
1.0782549381256104,0
0.9758784174919128,0
0.9950000047683716,0
1.0235950946807861,0
1.0446747541427612,0
0.9555143713951111,0
1.05656099319458,0
1.1194448471069336,0
1.2065898180007935,0
1.012600302696228,0
0.9795976281166077,0
1.0345529317855835,0
1.04824960231781,0
1.0064349174499512,0
1.4570220708847046,0
1.1552082300186157,0
1.0531768798828125,0
1.0572654008865356,0
0.9666666388511658,0
0.9782339334487915,0
1.0061860084533691,0
0.9552613496780396,0
1.144777536392212,0
1.0415868759155273,0
1.0333242416381836,0
1.0001689195632935,0
0.9972972869873047,0
1.1771031618118286,0
1.8118361234664917,0
0.9840907454490662,0
1.0326435565948486,0
1.0860843658447266,0
1.015113353729248,0
82.86882781982422,0
0.9942294359207153,0
1.0068227052688599,0
1.0038667917251587,0
1.0362519025802612,0
1.1370820999145508,0
1.0169411897659302,0
1.0324383974075317,0
1.0100841522216797,0
1.0102654695510864,0
1.1093144416809082,0
1.222239375114441,0
1.2063958644866943,0
1.2024604082107544,0
1.8933451175689697,0
1.2196933031082153,0
0.982894778251648,0
1.028228759765625,0
0.975763738155365,0
1.1464104652404785,0
1.294755458831787,0
1.2474076747894287,0
1.09445321559906,0
1.0265662670135498,0
1.1248865127563477,0
0.9787275791168213,0
1.942688226699829,0
1.1804265975952148,0
0.9622806906700134,0
1.0200893878936768,0
0.9863901138305664,0
0.9953052997589111,0
1.340422511100769,0
0.9663810133934021,0
0.9851220846176147,0
0.9788799285888672,0
0.9704018235206604,0
1.0091185569763184,0
0.9781332612037659,0
0.9836475849151611,0
1.0032154321670532,0
0.9865961670875549,0
1.036084771156311,0
1.0099464654922485,0
1.1025302410125732,0
1.1156553030014038,0
0.9841035604476929,0
1.0151885747909546,0
1.056045651435852,0
1.0490195751190186,0
1.1922258138656616,0
1.2167316675186157,0
1.0592091083526611,0
1.047977328300476,0
1.2082797288894653,0
1.012304663658142,0
1.0492593050003052,0
0.9472977519035339,0
1.0153026580810547,0
1.021400809288025,0
1.0494587421417236,0
1.0870710611343384,0
1.0667674541473389,0
1.0756043195724487,0
1.0746949911117554,0
1.0159673690795898,0
1.0992356538772583,0
1.1977362632751465,0
1.0668203830718994,0
1.0189111232757568,0
1.054376482963562,0
0.9833769798278809,0
1.0621724128723145,0
1.1051785945892334,0
0.9938701391220093,0
1.0409098863601685,0
1.0361881256103516,0
1.202764868736267,0
1.0968111753463745,0
1.014040231704712,0
1.0207158327102661,0
1.0781935453414917,0
1.1370351314544678,0
1.0628385543823242,0
1.2065976858139038,0
1.698208212852478,0
1.2465215921401978,0
1.042220115661621,0
1.1090092658996582,0
1.4171802997589111,0
1.0207080841064453,0
1.0081984996795654,0
1.2209863662719727,0
1.0988847017288208,0
1.042636752128601,0
1.08102285861969,0
1.0093417167663574,0
2.81512451171875,0
1.107333779335022,0
0.9374797940254211,0
1.0862045288085938,0
0.9759839177131653,0
1.0969880819320679,0
0.9977551698684692,0
3.7852699756622314,0
1.0935580730438232,0
1.0543478727340698,0
0.9964441657066345,0
1.003804326057434,0
1.00056791305542,0
1.0302993059158325,0
1.0352725982666016,0
1.0188366174697876,0
1.0427491664886475,0
0.982598602771759,0
1.0982015132904053,0
1.1078280210494995,0
1.0031566619873047,0
1.0041463375091553,0
1.0074129104614258,0
1.062501311302185,0
0.996720552444458,0
1.0131779909133911,0
1.190295696258545,0
0.9976142048835754,0
1.0198755264282227,0
0.9844397902488708,0
2.6402125358581543,0
1.065511703491211,0
1.4830801486968994,0
1.2344218492507935,0
1.5436121225357056,0
1.0585657358169556,0
1.3734122514724731,0
1.1815918684005737,0
0.995520293712616,0
1.0459225177764893,0
1.0255823135375977,0
1.0258996486663818,0
2.189399480819702,0
1.0627005100250244,0
1.0318015813827515,0
1.0414894819259644,0
1.5239708423614502,0
1.5975135564804077,0
1.129297137260437,0
2.8125717639923096,0
1.0363494157791138,0
1.033639669418335,0
1.2708529233932495,0
1.0316575765609741,0
1.020593523979187,0
0.9682002067565918,0
0.9978247284889221,0
1.0611501932144165,0
1.019758701324463,0
1.0848630666732788,0
1.163571834564209,0
1.0677855014801025,0
1.0558671951293945,0
1.009055733680725,0
0.9649078845977783,0
0.9922451972961426,0
3.4269752502441406,0
1.041506052017212,0
0.9961473941802979,0
1.2174144983291626,0
1.110568642616272,0
1.0633097887039185,0
1.245430827140808,0
1.1193214654922485,0
0.969327449798584,0
1.0025197267532349,0
0.9935732483863831,0
1.0118160247802734,0
1.0636236667633057,0
1.0939383506774902,0
0.9800539612770081,0
1.0087789297103882,0
1.1179180145263672,0
1.1076112985610962,0
1.005867600440979,0
1.1751617193222046,0
1.9604350328445435,0
0.9898666143417358,0
1.051247000694275,0
1.1376872062683105,0
1.0208616256713867,0
1.0382373332977295,0
1.071928858757019,0
1.021226406097412,0
1.1047183275222778,0
0.9793832302093506,0
0.9696664810180664,0
18.093557357788086,0
1.1085362434387207,0
1.115203857421875,0
1.0898452997207642,0
1.1742998361587524,0
1.200157880783081,0
0.9880218505859375,0
1.1988791227340698,0
1.06946861743927,0
1.2916415929794312,0
1.2364815473556519,0
1.0220005512237549,0
0.987337052822113,0
1.129311442375183,0
1.115957260131836,0
1.0156604051589966,0
0.9635212421417236,0
1.0997986793518066,0
1.4992811679840088,0
1.110517978668213,0
1.0042531490325928,0
0.9824506044387817,0
1.005698561668396,0
1.089652419090271,0
1.0975792407989502,0
4.358316421508789,0
1.1361802816390991,0
1.105595588684082,0
1.215606451034546,0
1.0775407552719116,0
2.8125717639923096,0
1.2548930644989014,0
0.9993061423301697,0
1.0538307428359985,0
1.0867964029312134,0
1.3000322580337524,0
1.0743902921676636,0
1.0352768898010254,0
1.2486546039581299,0
0.9808269739151001,0
1.0328962802886963,0
1.231160283088684,0
1.075320839881897,0
0.9580795764923096,0
1.0702840089797974,0
1.1214237213134766,0
1.0028976202011108,0
1.1712646484375,0
1.012287974357605,0
1.0413544178009033,0
0.9771462082862854,0
1.006672739982605,0
1.0703080892562866,0
1.0029245615005493,0
1.0651441812515259,0
1.0,0
1.1405924558639526,0
1.2310800552368164,0
5.503499984741211,0
0.9877992272377014,0
1.0127495527267456,0
1.1139367818832397,0
1.0963348150253296,0
2.908184051513672,0
1.0085945129394531,0
0.9716253280639648,0
1.0165655612945557,0
2.6905083656311035,0
1.005677580833435,0
1.0067808628082275,0
0.9926179647445679,0
1.0858796834945679,0
0.9621626734733582,0
1.0053046941757202,0
1.0173485279083252,0
0.9860537052154541,0
1.2190908193588257,0
1.0658942461013794,0
1.0060434341430664,0
1.6263635158538818,0
0.9933475255966187,0
1.1593610048294067,0
1.3396258354187012,0
1.291638731956482,0
1.0211739540100098,0
1.2202684879302979,0
0.9967604875564575,0
0.9932335615158081,0
0.9381833672523499,0
1.21225905418396,0
1.9211485385894775,0
1.123396396636963,0
1.1118639707565308,0
1.526814579963684,0
1.1651421785354614,0
1.117517352104187,0
0.9960030913352966,0
1.0071921348571777,0
1.0557405948638916,0
1.0273728370666504,0
1.0028440952301025,0
1.3330740928649902,0
1.0747114419937134,0
1.057579517364502,0
0.9971091747283936,0
0.965827226638794,0
1.1635584831237793,0
0.9934734106063843,0
1.040523648262024,0
1.0120500326156616,0
1.186415433883667,0
1.0218584537506104,0
1.0367995500564575,0
0.9980147480964661,0
1.069869875907898,0
1.0590693950653076,0
4.050022602081299,0
1.039582371711731,0
1.0902241468429565,0
0.9705275893211365,0
1.0289617776870728,0
1.0497450828552246,0
0.9621623158454895,0
1.0135490894317627,0
1.1611664295196533,0
0.9761825203895569,0
1.1041072607040405,0
1.0144867897033691,0
1.0279408693313599,0
0.9640246033668518,0
1.0709211826324463,0
1.1887115240097046,0
1.0200693607330322,0
1.1670303344726562,0
1.193483591079712,0
1.0263158082962036,0
1.0341919660568237,0
1.0487258434295654,0
0.9844531416893005,0
1.5714524984359741,0
1.033468246459961,0
2.813417673110962,0
1.5718644857406616,0
1.1216871738433838,0
1.125293254852295,0
1.0242522954940796,0
1.020480990409851,0
0.9885706901550293,0
1.3124350309371948,0
1.9590795040130615,0
1.2228193283081055,0
1.2006980180740356,0
0.9864982962608337,0
1.0628533363342285,0
1.1821480989456177,0
1.011054515838623,0
1.0220201015472412,0
1.0,0
1.1025607585906982,0
1.0201588869094849,0
1.0344431400299072,0
1.1319025754928589,0
0.9981927871704102,0
1.0232982635498047,0
1.1020219326019287,0
1.0858598947525024,0
1.2024495601654053,0
0.98187655210495,0
1.5773483514785767,0
1.2258291244506836,0
1.0313597917556763,0
0.9735133647918701,0
1.045674204826355,0
0.9606513381004333,0
1.7549736499786377,0
1.033339023590088,0
1.0026189088821411,0
1.1380523443222046,0
1.0433937311172485,0
1.0691097974777222,0
1.0480878353118896,0
1.0897313356399536,0
1.02006995677948,0
1.0427613258361816,0
0.9685139656066895,0
1.2139614820480347,0
1.021424412727356,0
1.0938233137130737,0
1.0609753131866455,0
1.0137269496917725,0
1.3294450044631958,0
0.9961509704589844,0
0.9782658815383911,0
1.1094590425491333,0
1.0410194396972656,0
1.0402576923370361,0
1.0307523012161255,0
1.136284351348877,0
1.16373610496521,0
1.0974470376968384,0
1.1472173929214478,0
1.1733916997909546,0
0.9851218461990356,0
0.9794726371765137,0
1.1351832151412964,0
1.0162029266357422,0
1.016786813735962,0
0.9781481623649597,0
1.0794674158096313,0
1.1095967292785645,0
1.079170823097229,0
0.9746248126029968,0
0.9708074331283569,0
1.2987761497497559,0
0.9594153761863708,0
1.0549253225326538,0
1.052242398262024,0
1.0160253047943115,0
1.132198452949524,0
0.9818289279937744,0
1.4093159437179565,0
1.2075245380401611,0
1.0663080215454102,0
0.9781625270843506,0
1.0056267976760864,0
1.5320624113082886,0
1.4350593090057373,0
1.0251171588897705,0
1.0314850807189941,0
1.0683447122573853,0
1.0766510963439941,0
0.9934073686599731,0
1.32456374168396,0
1.0552722215652466,0
1.3274797201156616,0
1.5320740938186646,0
1.1121022701263428,0
1.0506068468093872,0
1.0008896589279175,0
1.0498734712600708,0
1.4624778032302856,0
1.0367695093154907,0
0.9726900458335876,0
0.9917570948600769,0
0.9631219506263733,0
0.9919158816337585,0
1.0113273859024048,0
0.9704050421714783,0
1.3889713287353516,0
1.020290493965149,0
1.1168731451034546,0
1.0234644412994385,0
1.5677651166915894,0
0.9871224761009216,0
0.9914655685424805,0
1.02345609664917,0
1.2384703159332275,0
1.0182157754898071,0
1.340052604675293,0
1.485263705253601,0
1.1213711500167847,0
0.9974794387817383,0
1.0571444034576416,0
3.362820625305176,0
1.0587952136993408,0
1.1357890367507935,0
1.119166374206543,0
1.0269124507904053,0
1.079386830329895,0
2.8087270259857178,0
1.171119213104248,0
1.0274444818496704,0
1.0189142227172852,0
1.0251530408859253,0
1.0413570404052734,0
1.7751861810684204,0
1.0387659072875977,0
0.9807077050209045,0
1.0217770338058472,0
0.9881761074066162,0
1.1151583194732666,0
1.032772421836853,0
2.8779361248016357,0
1.0995551347732544,0
1.053468942642212,0
1.1634724140167236,0
1.0046464204788208,0
1.0373252630233765,0
0.9758365750312805,0
0.9921301007270813,0
0.9857137203216553,0
0.9625625014305115,0
1.010554552078247,0
0.9746944308280945,0
0.9739149212837219,0
1.0399105548858643,0
1.588921070098877,0
0.9841890931129456,0
1.0443058013916016,0
1.0371752977371216,0
1.075360894203186,0
1.0417814254760742,0
0.9877141714096069,0
0.9524295330047607,0
1.0244890451431274,0
1.370393991470337,0
1.0998659133911133,0
1.0095661878585815,0
0.9959715604782104,0
1.1034942865371704,0
1.0124062299728394,0
0.9727071523666382,0
1.1538034677505493,0
1.041688323020935,0
1.1285088062286377,0
1.0943315029144287,0
1.1132134199142456,0
0.9954083561897278,0
1.4844485521316528,0
1.0786505937576294,0
1.126941204071045,0
1.0324033498764038,0
0.9993618130683899,0
1.1112842559814453,0
1.0105971097946167,0
1.2916762828826904,0
1.3724652528762817,0
2.044405460357666,0
0.976764440536499,0
0.9927167892456055,0
1.0108622312545776,0
1.0474653244018555,0
1.6769789457321167,0
2.791438341140747,0
1.1511669158935547,0
0.9962156414985657,0
1.0451258420944214,0
1.1029930114746094,0
0.9882324934005737,0
1.013944387435913,0
0.9911665916442871,0
0.9939373135566711,0
0.960374116897583,0
1.2982629537582397,0
1.6036901473999023,0
0.9476627707481384,0
1.0129246711730957,0
1.0767408609390259,0
1.1692832708358765,0
1.1682180166244507,0
1.0008465051651,0
1.2166097164154053,0
1.0159448385238647,0
1.0363935232162476,0
0.9859386086463928,0
1.184435486793518,0
1.1502177715301514,0
1.2327181100845337,0
1.1718345880508423,0
1.1326022148132324,0
1.248952865600586,0
0.9815179109573364,0
1.0225865840911865,0
0.9933348894119263,0
1.0001951456069946,0
1.1557374000549316,0
1.0378445386886597,0
1.018372654914856,0
1.057418704032898,0
1.002661108970642,0
1.0332410335540771,0
1.0607129335403442,0
1.033828854560852,0
0.9853151440620422,0
1.0797725915908813,0
1.0031819343566895,0
1.1094975471496582,0
1.2551714181900024,0
0.9834814071655273,0
1.1472374200820923,0
1.2150077819824219,0
1.077917456626892,0
1.0377081632614136,0
0.9923246502876282,0
1.094772219657898,0
1.1107947826385498,0
1.0069018602371216,0
0.9674375653266907,0
0.9787864685058594,0
1.0708187818527222,0
1.0420724153518677,0
1.0981144905090332,0
1.2159655094146729,0
1.0732372999191284,0
1.1380523443222046,0
1.0968414545059204,0
1.0895062685012817,0
1.0481520891189575,0
0.9826558828353882,0
1.0030434131622314,0
1.297975778579712,0
1.0,0
0.9687221646308899,0
1.101580262184143,0
0.9935732483863831,0
1.0435290336608887,0
1.1965163946151733,0
1.3244105577468872,0
1.192028522491455,0
1.0310722589492798,0
0.9856547117233276,0
0.9743386507034302,0
0.9897294640541077,0
0.9990806579589844,0
1.0202527046203613,0
1.0660406351089478,0
0.9831745028495789,0
1.1071470975875854,0
1.0109107494354248,0
1.0075410604476929,0
1.6220426559448242,0
1.001137375831604,0
1.1132978200912476,0
0.9666666388511658,0
1.0822876691818237,0
0.9893134236335754,0
1.0363930463790894,0
1.0513306856155396,0
1.0407193899154663,0
2.073277235031128,0
1.1468241214752197,0
100.45636749267578,0
1.095324993133545,0
1.0168622732162476,0
0.9920114278793335,0
1.0277968645095825,0
1.3259119987487793,0
1.010244369506836,0
1.2584097385406494,0
0.9944648742675781,0
1.1925883293151855,0
1.3266525268554688,0
1.0079607963562012,0
1.0092195272445679,0
1.0446172952651978,0
1.0124858617782593,0
1.0779255628585815,0
1.0380263328552246,0
1.1505606174468994,0
0.94392329454422,0
1.3660997152328491,0
0.9787275791168213,0
1.018284559249878,0
1.0046250820159912,0
1.0092016458511353,0
1.0098717212677002,0
0.9993616342544556,0
0.9760643243789673,0
1.3475638628005981,0
1.0110636949539185,0
0.9894098043441772,0
1.0320757627487183,0
1.008741855621338,0
1.146116852760315,0
1.0398151874542236,0
1.318414330482483,0
1.3623117208480835,0
1.4104645252227783,0
1.0507787466049194,0
1.2708529233932495,0
0.9518375396728516,0
1.0852320194244385,0
1.0047158002853394,0
1.15472412109375,0
0.9811679720878601,0
1.2135958671569824,0
1.058151364326477,0
1.017418622970581,0
1.0686112642288208,0
0.9884288311004639,0
1.0139065980911255,0
0.9993815422058105,0
1.5107061862945557,0
0.9990765452384949,0
1.0282994508743286,0
1.0134377479553223,0
1.1352299451828003,0
1.053686261177063,0
1.271977186203003,0
1.317518949508667,0
1.1356940269470215,0
1.1160478591918945,0
1.0361652374267578,0
0.9955056309700012,0
1.0599123239517212,0
1.0012719631195068,0
1.277557134628296,0
1.0042400360107422,0
1.0067577362060547,0
1.0223346948623657,0
1.0189752578735352,0
0.9819512963294983,0
0.942304253578186,0
0.998082160949707,0
1.0285136699676514,0
1.2747793197631836,0
1.0283958911895752,0
1.0560624599456787,0
1.0393322706222534,0
0.9763938784599304,0
1.1699326038360596,0
1.0119866132736206,0
0.9883534908294678,0
0.9575111865997314,0
0.9913656711578369,0
0.9951332807540894,0
0.980722963809967,0
0.9739872813224792,0
1.0030409097671509,0
1.0428845882415771,0
1.008621335029602,0
1.2707210779190063,0
0.9801542162895203,0
1.194761872291565,0
1.0099527835845947,0
0.9969164729118347,0
0.9951870441436768,0
1.0217770338058472,0
1.065250039100647,0
1.1030892133712769,0
1.1369309425354004,0
0.9920114278793335,0
1.0428125858306885,0
1.0955010652542114,0
1.2082264423370361,0
1.2379486560821533,0
2.0659642219543457,0
1.0869265794754028,0
1.061735987663269,0
1.0102778673171997,0
1.014121174812317,0
0.9863858222961426,0
1.0530455112457275,0
1.1222261190414429,0
0.9948995113372803,0
1.2932268381118774,0
1.1495108604431152,0
0.9934059381484985,0
0.9573973417282104,0
1.0963743925094604,0
1.049338936805725,0
1.137180209159851,0
1.0063613653182983,0
0.9876348376274109,0
1.4933347702026367,0
0.9727740287780762,0
1.0628321170806885,0
3.0840742588043213,0
1.6643990278244019,0
1.0127984285354614,0
432.49755859375,0
1.0342557430267334,0
0.9877693057060242,0
1.0642138719558716,0
1.0856858491897583,0
1.0573973655700684,0
1.0511438846588135,0
1.1850476264953613,0
1.0574791431427002,0
0.9846333861351013,0
1.0598952770233154,0
1.0182050466537476,0
1.029276728630066,0
1.1447134017944336,0
1.0225554704666138,0
0.9813249707221985,0
1.2533400058746338,0
1.0696370601654053,0
0.9610868692398071,0
1.1236006021499634,0
1.0431703329086304,0
0.9924810528755188,0
1.0113600492477417,0
1.003676414489746,0
1.1513452529907227,0
1.2379381656646729,0
0.9921185970306396,0
1.054153561592102,0
1.2053148746490479,0
0.9763070344924927,0
1.0660922527313232,0
1.117155909538269,0
1.0931260585784912,0
1.0142394304275513,0
1.0566776990890503,0
0.9872806668281555,0
1.0334054231643677,0
0.9768149852752686,0
1.3048516511917114,0
0.9599975347518921,0
1.07920503616333,0
1.1659854650497437,0
1.1798759698867798,0
0.96080082654953,0
1.1333996057510376,0
1.0162979364395142,0
1.1055881977081299,0
1.3118561506271362,0
0.9801090955734253,0
1.0128703117370605,0
1.089461088180542,0
1.0114444494247437,0
1.027594804763794,0
1.0335133075714111,0
1.0037888288497925,0
1.0001206398010254,0
0.9596736431121826,0
1.5808066129684448,0
1.167199969291687,0
1.0257529020309448,0
0.9841508269309998,0
0.9923653602600098,0
1.1618226766586304,0
1.0816742181777954,0
1.0051844120025635,0
1.1419306993484497,0
1.0472413301467896,0
1.028205394744873,0
1.0673551559448242,0
1.1092194318771362,0
1.0202672481536865,0
0.986672043800354,0
1.1803767681121826,0
0.9820564985275269,0
0.9973627924919128,0
1.0565605163574219,0
1.0790486335754395,0
1.008095383644104,0
1.9604350328445435,0
1.022782564163208,0
2.277921199798584,0
0.9679431319236755,0
0.9798080325126648,0
0.9554121494293213,0
3.1886963844299316,0
1.0360840559005737,0
0.9936068654060364,0
1.6058292388916016,0
0.979464590549469,0
1.039381742477417,0
1.246347188949585,0
2.525414228439331,0
1.005348801612854,0
1.1752287149429321,0
1.4669110774993896,0
1.196299433708191,0
1.154170036315918,0
1.0,0
1.0809906721115112,0
1.1648714542388916,0
1.012449026107788,0
1.0192915201187134,0
1.0166653394699097,0
1.014998197555542,0
0.9783615469932556,0
1.0222078561782837,0
0.9828402996063232,0
1.0299042463302612,0
1.0464516878128052,0
1.0553995370864868,0
1.053100824356079,0
1.0264724493026733,0
1.189575433731079,0
1.1063209772109985,0
1.1512658596038818,0
1.0001206398010254,0
1.1057558059692383,0
1.1068540811538696,0
0.9929920434951782,0
1.1711788177490234,0
1.0538530349731445,0
0.977191686630249,0
1.1073737144470215,0
1.0665525197982788,0
0.9888763427734375,0
0.9829527735710144,0
1.106162428855896,0
0.970432698726654,0
1.021215796470642,0
1.1251647472381592,0
1.0022884607315063,0
0.9846023917198181,0
1.260683298110962,0
1.0660747289657593,0
0.9963832497596741,0
1.0826822519302368,0
1.0433088541030884,0
1.0606118440628052,0
0.9839969873428345,0
1.0462605953216553,0
0.9937670230865479,0
1.114248514175415,0
1.0008054971694946,0
1.0322463512420654,0
1.1365658044815063,0
1.0895601511001587,0
1.0104763507843018,0
0.9623943567276001,0
0.9557627439498901,0
1.1185282468795776,0
1.033676028251648,0
1.3469533920288086,0
1.1216720342636108,0
1.0975229740142822,0
1.1397291421890259,0
1.0147050619125366,0
1.2303404808044434,0
1.0193960666656494,0
0.988315224647522,0
0.9917570948600769,0
1.0198301076889038,0
1.1113593578338623,0
0.9804462194442749,0
1.0010350942611694,0
1.0031325817108154,0
1.0352216958999634,0
1.6626125574111938,0
1.3434207439422607,0
1.0023057460784912,0
1.2043575048446655,0
1.002034306526184,0
1.3034080266952515,0
1.059926152229309,0
1.9631717205047607,0
0.9765000343322754,0
1.3790122270584106,0
1.4268848896026611,0
0.9773790240287781,0
1.052268147468567,0
1.0162137746810913,0
1.0565985441207886,0
1.0706673860549927,0
1.1227071285247803,0
1.0559375286102295,0
1.0391110181808472,0
1.0996921062469482,0
4.430486679077148,0
0.979788064956665,0
1.3581538200378418,0
1.0593841075897217,0
1.0276737213134766,0
1.054661750793457,0
1.0704874992370605,0
1.027419924736023,0
1.0828644037246704,0
1.0034143924713135,0
1.017398476600647,0
1.3180288076400757,0
0.9964176416397095,0
0.9950970411300659,0
1.1717652082443237,0
0.9608494639396667,0
1.0340187549591064,0
1.0055632591247559,0
0.9925426244735718,0
1.287972092628479,0
1.1636571884155273,0
1.1316945552825928,0
1.1148362159729004,0
0.9934511780738831,0
1.0292909145355225,0
1.0332212448120117,0
1.018431305885315,0
1.0338468551635742,0
1.2497812509536743,0
0.9808475971221924,0
1.0093309879302979,0
1.1005100011825562,0
0.9549791812896729,0
0.9757188558578491,0
2.813417673110962,0
1.0500397682189941,0
1.0002743005752563,0
1.165194034576416,0
1.0259374380111694,0
0.9907270669937134,0
1.5709494352340698,0
1.0376170873641968,0
1.3454610109329224,0
0.9664628505706787,0
1.1334717273712158,0
0.9932699799537659,0
1.1475014686584473,0
0.996130108833313,0
1.174817681312561,0
0.9694384336471558,0
1.0087263584136963,0
1.0292572975158691,0
1.279426097869873,0
1.012594223022461,0
1.1591439247131348,0
1.1413369178771973,0
1.1177409887313843,0
1.1288105249404907,0
1.0275726318359375,0
1.073164939880371,0
0.9666666388511658,0
1.0517388582229614,0
1.051068902015686,0
1.0346410274505615,0
1.1298635005950928,0
1.0015220642089844,0
1.1248791217803955,0
1.0165318250656128,0
1.1911579370498657,0
1.0520573854446411,0
1.3713343143463135,0
1.432314395904541,0
1.778405785560608,0
1.0290613174438477,0
1.0410408973693848,0
1.0689241886138916,0
0.9938904643058777,0
2.373324155807495,0
1.0693516731262207,0
1.0208944082260132,0
1.1430732011795044,0
1.0217770338058472,0
1.0474939346313477,0
1.0280873775482178,0
1.0625925064086914,0
1.0389988422393799,0
1.0021045207977295,0
1.0514596700668335,0
1.1633111238479614,0
1.0268898010253906,0
1.2957760095596313,0
1.0116970539093018,0
1.1878812313079834,0
82.86882781982422,0
1.0076470375061035,0
1.1184449195861816,0
1.0175617933273315,0
1.0778323411941528,0
1.536258339881897,0
1.223781943321228,0
1.1118075847625732,0
1.031508445739746,0
1.033777117729187,0
1.1026239395141602,0
1.0374253988265991,0
1.148004412651062,0
0.9615207314491272,0
1.092319130897522,0
1.0113240480422974,0
0.9812119007110596,0
1.0199888944625854,0
1.0983695983886719,0
1.6299738883972168,0
2.434335708618164,0
0.9870797991752625,0
1.169852375984192,0
0.9942123889923096,0
1.494569182395935,0
1.1139768362045288,0
1.0407688617706299,0
0.9721924066543579,0
1.1033333539962769,0
2.8567709922790527,0
0.9867751598358154,0
1.0841816663742065,0
1.0058919191360474,0
1.002850890159607,0
0.9942391514778137,0
1.3358107805252075,0
1.0496759414672852,0
1.3282421827316284,0
1.0631250143051147,0
1.115141749382019,0
1.0820034742355347,0
1.0229506492614746,0
0.9986274242401123,0
0.9783461093902588,0
1.1295599937438965,0
0.9920917749404907,0
1.0848588943481445,0
1.0544308423995972,0
1.0965328216552734,0
1.134656548500061,0
1.317453384399414,0
0.9987427592277527,0
1.0205013751983643,0
0.9881008863449097,0
1.03148353099823,0
1.432681918144226,0
1.187002420425415,0
1.129933476448059,0
1.07415771484375,0
0.9814028739929199,0
1.1116491556167603,0
1.0939518213272095,0
1.0318858623504639,0
1.0242342948913574,0
1.3711954355239868,0
1.0,0
1.032678246498108,0
1.046026587486267,0
1.0410406589508057,0
0.9779347777366638,0
1.0145487785339355,0
1.1028807163238525,0
1.0025290250778198,0
1.776394009590149,0
1.0284184217453003,0
1.1116163730621338,0
1.005247950553894,0
1.26524019241333,0
1.1269316673278809,0
1.115798830986023,0
1.0775156021118164,0
0.9811713099479675,0
1.0075825452804565,0
0.9709998965263367,0
0.9721522927284241,0
1.1287124156951904,0
1.0452817678451538,0
0.9643179178237915,0
1.0323224067687988,0
0.9652891755104065,0
1.0053585767745972,0
0.9748674631118774,0
1.0231637954711914,0
1.0156506299972534,0
1.0111072063446045,0
1.0953991413116455,0
1.0580271482467651,0
1.6223082542419434,0
1.2220134735107422,0
1.2086087465286255,0
1.2217572927474976,0
1.0828330516815186,0
1.3011735677719116,0
1.028189778327942,0
1.0086230039596558,0
1.2350884675979614,0
0.9985204935073853,0
1.0484645366668701,0
0.9755169153213501,0
1.0224237442016602,0
0.9974236488342285,0
1.022434949874878,0
1.050826907157898,0
1.2399917840957642,0
1.3182340860366821,0
1.3096091747283936,0
1.110951542854309,0
1.5298664569854736,0
2.380798101425171,0
1.1465504169464111,0
0.9947881698608398,0
1.060072422027588,0
1.0183353424072266,0
1.0278135538101196,0
1.0335566997528076,0
1.0102800130844116,0
1.037021279335022,0
1.1158257722854614,0
1.015860676765442,0
1.0400559902191162,0
1.028747797012329,0
1.0249130725860596,0
1.0708856582641602,0
1.0608183145523071,0
1.1584447622299194,0
0.9995781779289246,0
1.090510606765747,0
1.176045298576355,0
1.1273947954177856,0
0.9895917773246765,0
1.0900237560272217,0
1.002896785736084,0
1.2919601202011108,0
1.0216022729873657,0
1.1373120546340942,0
1.0937758684158325,0
1.1047794818878174,0
0.9622806906700134,0
1.0661171674728394,0
0.9680435061454773,0
1.0204267501831055,0
0.9739097952842712,0
1.0111377239227295,0
1.107377529144287,0
1.2835222482681274,0
0.972806990146637,0
1.2251436710357666,0
1.003901720046997,0
1.078937292098999,0
1.1528841257095337,0
0.9623943567276001,0
1.0217905044555664,0
1.2343525886535645,0
1.6588548421859741,0
1.048335313796997,0
0.9916198253631592,0
0.972806990146637,0
1.0828611850738525,0
1.2315075397491455,0
0.9975610971450806,0
1.7777080535888672,0
1.0587880611419678,0
1.308060884475708,0
1.2695072889328003,0
1.0049042701721191,0
1.0316908359527588,0
1.1398837566375732,0
1.019872784614563,0
1.1723737716674805,0
1.042011022567749,0
1.8914079666137695,0
1.0962477922439575,0
0.9736409783363342,0
1.0565650463104248,0
1.0189296007156372,0
1.4797351360321045,0
1.0652793645858765,0
1.151593804359436,0
0.9955222010612488,0
1.2306146621704102,0
1.017558217048645,0
1.31689453125,0
1.0288169384002686,0
1.1224656105041504,0
1.0671480894088745,0
1.0679527521133423,0
1.061601996421814,0
0.9807495474815369,0
1.0313994884490967,0
1.0871834754943848,0
0.9133878350257874,0
1.0633522272109985,0
0.9687201380729675,0
1.1141198873519897,0
1.1118992567062378,0
1.059708595275879,0
1.0616050958633423,0
1.089207649230957,0
0.9841689467430115,0
1.0010902881622314,0
1.0131193399429321,0
1.105811595916748,0
1.2884900569915771,0
1.1126511096954346,0
1.1313780546188354,0
1.000414490699768,0
1.044180154800415,0
1.0703712701797485,0
1.1357412338256836,0
1.1045942306518555,0
0.9913864731788635,0
1.2579044103622437,0
1.035728931427002,0
1.277900218963623,0
1.0196192264556885,0
1.064301609992981,0
1.0129504203796387,0
1.1853631734848022,0
1.1283960342407227,0
1.0289521217346191,0
1.0202107429504395,0
1.4291454553604126,0
1.0405299663543701,0
1.0170910358428955,0
0.9814595580101013,0
1.016838550567627,0
1.3660997152328491,0
1.005650281906128,0
1.4224939346313477,0
1.1550047397613525,0
1.1020598411560059,0
1.0966335535049438,0
1.040381669998169,0
1.0428743362426758,0
1.2660149335861206,0
1.02244234085083,0
1.1406710147857666,0
2.799190044403076,0
1.006121277809143,0
1.4440324306488037,0
1.10486900806427,0
1.0136208534240723,0
1.0062904357910156,0
1.3058453798294067,0
1.9157872200012207,0
1.1375306844711304,0
1.3015360832214355,0
0.9596831202507019,0
1.0184605121612549,0
1.1495692729949951,0
0.9737004637718201,0
1.0479141473770142,0
1.1689563989639282,0
1.0405035018920898,0
1.0644091367721558,0
0.9792418479919434,0
1.096019983291626,0
1.018402338027954,0
0.9910576343536377,0
1.0755438804626465,0
1.7117310762405396,0
1.0003074407577515,0
1.411402702331543,0
0.985935389995575,0
1.0082054138183594,0
0.9883811473846436,0
1.0296260118484497,0
1.2323566675186157,0
1.0061156749725342,0
1.0369447469711304,0
1.0118731260299683,0
2.084354877471924,0
0.9902918934822083,0
1.0746990442276,0
1.8622136116027832,0
1.0037463903427124,0
1.1400872468948364,0
1.1131911277770996,0
1.1354458332061768,0
1.0655585527420044,0
1.3161911964416504,0
1.3471615314483643,0
0.9925572276115417,0
1.142109990119934,0
0.9747607707977295,0
1.050416350364685,0
1.4287728071212769,0
2.8924920558929443,0
0.9980147480964661,0
1.046966552734375,0
1.1626025438308716,0
1.1795074939727783,0
1.0246262550354004,0
1.016717791557312,0
1.3251744508743286,0
1.0424264669418335,0
1.2201550006866455,0
1.0171793699264526,0
0.9947195053100586,0
1.043015956878662,0
1.0370995998382568,0
0.9910342693328857,0
0.9974159598350525,0
0.9649165272712708,0
1.5292701721191406,0
1.174979329109192,0
1.174931526184082,0
1.0050543546676636,0
1.0444328784942627,0
1.2239187955856323,0
1.2136303186416626,0
1.066441297531128,0
1.0351667404174805,0
1.0765364170074463,0
1.045454502105713,0
0.9759775400161743,0
0.9865070581436157,0
1.1215815544128418,0
1.0227078199386597,0
1.2187464237213135,0
1.0779566764831543,0
0.9676874876022339,0
0.9938678741455078,0
1.2580524682998657,0
1.1262189149856567,0
1.0593512058258057,0
1.0206960439682007,0
1.5476584434509277,0
1.089040994644165,0
1.113939881324768,0
1.1229757070541382,0
1.096712589263916,0
0.9810799956321716,0
1.023690104484558,0
1.0241079330444336,0
1.0449546575546265,0
1.2313083410263062,0
1.0585767030715942,0
1.0496822595596313,0
1.1478060483932495,0
1.176035761833191,0
1.0778496265411377,0
1.1242820024490356,0
1.0220428705215454,0
0.9583291411399841,0
1.0493154525756836,0
1.2191243171691895,0
1.0402499437332153,0
0.952644407749176,0
0.9901999235153198,0
0.9846392273902893,0
0.9578403830528259,0
1.1290429830551147,0
1.0626333951950073,0
1.0229671001434326,0
1.0266937017440796,0
0.9482929706573486,0
1.1127357482910156,0
0.9937835931777954,0
1.0395727157592773,0
0.9843469262123108,0
1.013450264930725,0
2.6319947242736816,0
1.087655782699585,0
1.1168442964553833,0
1.1121547222137451,0
0.9869727492332458,0
1.2093322277069092,0
1.018132209777832,0
1.1815102100372314,0
1.1226792335510254,0
1.5483061075210571,0
1.1520329713821411,0
1.0679975748062134,0
1.023809552192688,0
1.0628411769866943,0
1.122923731803894,0
1.1278172731399536,0
0.9951821565628052,0
1.2076361179351807,0
1.0024335384368896,0
1.0004918575286865,0
0.9744641780853271,0
1.1364362239837646,0
0.9952173829078674,0
0.9936764240264893,0
1.033605694770813,0
1.0181609392166138,0
0.976054847240448,0
1.0396547317504883,0
1.5970773696899414,0
1.021714687347412,0
1.1127175092697144,0
1.0265578031539917,0
0.9319157600402832,0
1.3716132640838623,0
1.3078941106796265,0
0.9630967378616333,0
1.0342906713485718,0
1.1172178983688354,0
1.054246187210083,0
0.9864923357963562,0
1.8057533502578735,0
1.0169874429702759,0
1.0230413675308228,0
1.165854811668396,0
1.0477173328399658,0
1.1060771942138672,0
1.0220900774002075,0
1.098789095878601,0
1.0990015268325806,0
0.9780980944633484,0
1.3784726858139038,0
0.9978676438331604,0
1.065779685974121,0
0.976444661617279,0
1.0043885707855225,0
1.1170021295547485,0
1.125801920890808,0
1.0839563608169556,0
1.0447821617126465,0
0.9984875321388245,0
1.00980544090271,0
0.9692355990409851,0
1.0314593315124512,0
1.9820715188980103,0
0.967448353767395,0
1.0303733348846436,0
0.9882907867431641,0
2.354800224304199,0
1.2858898639678955,0
1.7779371738433838,0
1.2716999053955078,0
1.0580412149429321,0
1.1464004516601562,0
1.2052183151245117,0
1.0094743967056274,0
0.9807997345924377,0
1.0116572380065918,0
1.035057783126831,0
1.048088550567627,0
0.9991234540939331,0
1.0324004888534546,0
0.9629892110824585,0
1.0252323150634766,0
1.1665751934051514,0
1.0488688945770264,0
1.2804038524627686,0
1.007982611656189,0
1.2056998014450073,0
1.0018584728240967,0
1.2803153991699219,0
1.1787502765655518,0
1.0119057893753052,0
1.0566082000732422,0
1.012777328491211,0
0.9870960116386414,0
1.0221977233886719,0
1.083103060722351,0
1.0426204204559326,0
1.0207107067108154,0
1.021052598953247,0
0.9949309825897217,0
1.3924357891082764,0
0.9997790455818176,0
0.9885002970695496,0
1.0399949550628662,0
1.0153344869613647,0
0.993694543838501,0
1.057088851928711,0
1.1060028076171875,0
1.1437510251998901,0
1.0483267307281494,0
1.009385585784912,0
1.0868550539016724,0
0.9868502616882324,0
1.1296731233596802,0
1.5198338031768799,0
1.0118374824523926,0
0.9933348894119263,0
0.9133878350257874,0
1.031793236732483,0
1.0018587112426758,0
1.038236141204834,0
1.0682053565979004,0
0.9781277179718018,0
1.3295000791549683,0
1.0002059936523438,0
1.024621844291687,0
1.0380427837371826,0
1.049132227897644,0
1.1084169149398804,0
1.005855679512024,0
0.9939554929733276,0
0.9936135411262512,0
1.0842194557189941,0
1.1620519161224365,0
1.107589840888977,0
0.9732787013053894,0
1.0429550409317017,0
0.9636476635932922,0
1.0148046016693115,0
1.0266201496124268,0
1.1504266262054443,0
1.0655933618545532,0
1.0434222221374512,0
1.148099660873413,0
1.1580456495285034,0
1.0508716106414795,0
1.229657530784607,0
1.0170093774795532,0
1.0097039937973022,0
1.5453747510910034,0
1.3012877702713013,0
1.0582829713821411,0
0.9930923581123352,0
1.0293996334075928,0
1.024179458618164,0
1.2350658178329468,0
1.5577336549758911,0
1.5436582565307617,0
1.0597199201583862,0
1.0457333326339722,0
1.021688461303711,0
2.3975958824157715,0
0.9856115579605103,0
1.3080700635910034,0
2.125365972518921,0
1.1497875452041626,0
0.978727400302887,0
1.314461350440979,0
1.0391801595687866,0
0.9919090270996094,0
0.9926803112030029,0
1.041351556777954,0
0.9471247792243958,0
0.9827039837837219,0
1.1541459560394287,0
0.9988006949424744,0
1.0245282649993896,0
1.0139721632003784,0
1.0385918617248535,0
1.1158385276794434,0
1.0191409587860107,0
0.9793941378593445,0
1.0920292139053345,0
1.0404103994369507,0
1.1185132265090942,0
0.9687495231628418,0
1.2040410041809082,0
1.0315600633621216,0
1.1552704572677612,0
0.9611536264419556,0
0.9965420365333557,0
1.1003252267837524,0
1.0694917440414429,0
1.163210153579712,0
0.9880770444869995,0
1.6454572677612305,0
1.1868797540664673,0
1.0051252841949463,0
1.1759285926818848,0
1.0410407781600952,0
1.0197023153305054,0
1.0450176000595093,0
1.5807794332504272,0
1.0124869346618652,0
1.1547292470932007,0
1.1746636629104614,0
1.0546455383300781,0
1.0173208713531494,0
1.0612635612487793,0
0.9907310605049133,0
0.9975757598876953,0
0.9871321320533752,0
1.0251173973083496,0
0.9762827754020691,0
1.0074113607406616,0
1.0395432710647583,0
2.380798101425171,0
0.9819245338439941,0
0.9889151453971863,0
1.0482029914855957,0
1.429827094078064,0
0.957401692867279,0
1.0205941200256348,0
0.9835140705108643,0
1.0390586853027344,0
1.0407304763793945,0
0.9946038722991943,0
1.0817681550979614,0
0.9883964657783508,0
1.2028263807296753,0
0.9847208857536316,0
1.0204260349273682,0
1.0348715782165527,0
1.108731985092163,0
1.029039740562439,0
1.6446126699447632,0
1.038745641708374,0
1.3334271907806396,0
1.0301151275634766,0
1.5055251121520996,0
3.090660333633423,0
1.0127465724945068,0
1.0217770338058472,0
0.9518043994903564,0
1.0687036514282227,0
1.0067495107650757,0
1.0282957553863525,0
0.992178738117218,0
1.0309137105941772,0
1.0842911005020142,0
1.078364372253418,0
1.189803123474121,0
1.0142360925674438,0
1.1893621683120728,0
1.1242130994796753,0
1.2350610494613647,0
1.0319668054580688,0
1.0750162601470947,0
1.0103223323822021,0
1.6251801252365112,0
1.1114394664764404,0
1.020778775215149,0
1.0119456052780151,0
1.0663970708847046,0
1.173233985900879,0
1.2224169969558716,0
1.025446891784668,0
1.0734412670135498,0
1.0864851474761963,0
0.9700542688369751,0
1.046886682510376,0
1.0015491247177124,0
0.9880014061927795,0
2.6995866298675537,0
1.0113046169281006,0
1.251353144645691,0
0.9946876764297485,0
1.0149513483047485,0
1.1692731380462646,0
1.0329680442810059,0
1.1482993364334106,0
1.0203361511230469,0
1.009960412979126,0
0.963837742805481,0
0.9785138368606567,0
0.9503763914108276,0
1.3362876176834106,0
0.963779091835022,0
1.019747018814087,0
1.1049062013626099,0
0.9802984595298767,0
1.4211210012435913,0
1.091155767440796,0
0.9962568879127502,0
2.0484700202941895,0
1.0384914875030518,0
1.039167881011963,0
0.94392329454422,0
1.0617071390151978,0
1.050418734550476,0
1.0120912790298462,0
1.0193099975585938,0
1.0426656007766724,0
1.06619393825531,0
1.18123197555542,0
0.9746240973472595,0
1.0126938819885254,0
0.9849726557731628,0
0.9627159833908081,0
1.4651293754577637,0
0.9937518835067749,0
1.0308334827423096,0
1.0130077600479126,0
1.0764447450637817,0
0.9782530069351196,0
1.0486421585083008,0
1.075173020362854,0
1.040632963180542,0
1.2462334632873535,0
1.0451252460479736,0
1.011854648590088,0
1.1631239652633667,0
1.0113521814346313,0
0.9831902384757996,0
1.071356177330017,0
0.9917937517166138,0
0.9464161992073059,0
1.029330849647522,0
1.0055440664291382,0
1.102960467338562,0
1.1726183891296387,0
1.1832302808761597,0
0.9751753807067871,0
1.0849961042404175,0
1.0861986875534058,0
1.0182958841323853,0
0.9943434000015259,0
1.038893699645996,0
1.2599437236785889,0
0.9318010807037354,0
1.2647290229797363,0
1.4662730693817139,0
1.0001206398010254,0
1.023045539855957,0
1.0151699781417847,0
1.16408109664917,0
1.0450358390808105,0
0.9937716126441956,0
1.2119989395141602,0
1.0180156230926514,0
0.9947633743286133,0
1.1805243492126465,0
1.2339601516723633,0
1.2023295164108276,0
1.2701891660690308,0
1.0582921504974365,0
1.0491410493850708,0
2.8293941020965576,0
1.1525152921676636,0
1.3155794143676758,0
0.9811656475067139,0
1.1370028257369995,0
0.9805358648300171,0
1.0679014921188354,0
1.222374439239502,0
1.1442469358444214,0
0.9818223714828491,0
0.995069682598114,0
0.9719986319541931,0
1.1494420766830444,0
1.9820715188980103,0
1.101141333580017,0
1.0252304077148438,0
1.0281972885131836,0
1.044259786605835,0
0.985660970211029,0
1.0121195316314697,0
1.0227421522140503,0
1.0106152296066284,0
1.0915192365646362,0
1.1370238065719604,0
1.0556365251541138,0
1.0648764371871948,0
1.0445096492767334,0
1.0531014204025269,0
1.0434099435806274,0
1.1437350511550903,0
1.0653002262115479,0
1.1152312755584717,0
1.0322400331497192,0
1.0443822145462036,0
1.024033546447754,0
1.19743013381958,0
0.9808048605918884,0
1.018140435218811,0
0.9459177851676941,0
1.0037651062011719,0
1.0052857398986816,0
1.012060523033142,0
0.9887205362319946,0
1.040825605392456,0
1.0041881799697876,0
0.9951520562171936,0
0.9972468614578247,0
1.077536702156067,0
1.0110927820205688,0
1.043874740600586,0
1.1300384998321533,0
1.0407041311264038,0
1.5916649103164673,0
1.124642014503479,0
1.1486258506774902,0
0.939944326877594,0
1.1013387441635132,0
0.9549791812896729,0
1.0263652801513672,0
1.1159732341766357,0
1.033814549446106,0
1.0106937885284424,0
1.2192935943603516,0
1.0923436880111694,0
1.0811278820037842,0
1.0480129718780518,0
0.9921448230743408,0
0.98114413022995,0
1.0245649814605713,0
1.0178471803665161,0
1.2888778448104858,0
1.1512378454208374,0
1.0007305145263672,0
1.0215799808502197,0
1.1928082704544067,0
1.2661359310150146,0
0.982172429561615,0
1.0767490863800049,0
2.0248565673828125,0
1.1221030950546265,0
0.989436149597168,0
1.0181540250778198,0
1.0073796510696411,0
1.1329158544540405,0
1.0307402610778809,0
0.9704608917236328,0
1.051643967628479,0
1.1941921710968018,0
0.983411431312561,0
1.1481091976165771,0
1.1303738355636597,0
1.0460095405578613,0
1.1884163618087769,0
1.2228645086288452,0
1.0553995370864868,0
1.016329288482666,0
0.973125159740448,0
1.0992878675460815,0
1.247646450996399,0
1.077508807182312,0
1.1262905597686768,0
1.260841727256775,0
0.9967684745788574,0
1.027499794960022,0
1.1018800735473633,0
1.0341510772705078,0
1.0028612613677979,0
1.3679152727127075,0
1.0378509759902954,0
1.4735790491104126,0
0.9666666388511658,0
1.0391592979431152,0
1.0866875648498535,0
1.063509464263916,0
1.1560299396514893,0
1.091219186782837,0
1.0368574857711792,0
1.094698429107666,0
1.5458203554153442,0
1.2558518648147583,0
0.9644505381584167,0
1.4382097721099854,0
1.2381130456924438,0
1.013028621673584,0
1.028033971786499,0
1.0445430278778076,0
1.0684224367141724,0
0.9713432788848877,0
0.97406005859375,0
1.0622018575668335,0
1.2931578159332275,0
1.0167479515075684,0
1.00881028175354,0
1.005702018737793,0
1.0222408771514893,0
1.0166422128677368,0
1.127549171447754,0
1.0599522590637207,0
1.0380396842956543,0
1.1929038763046265,0
0.9978287220001221,0
0.9723684787750244,0
0.9859716892242432,0
0.9982223510742188,0
1.131700038909912,0
1.065951943397522,0
1.0295422077178955,0
0.99781334400177,0
0.9823387265205383,0
1.2148600816726685,0
1.035328984260559,0
0.9807180762290955,0
1.0238736867904663,0
1.0729817152023315,0
1.1754708290100098,0
1.117659091949463,0
1.0355151891708374,0
1.124956488609314,0
1.06602942943573,0
0.9612957835197449,0
1.3943272829055786,0
1.3179608583450317,0
1.1635069847106934,0
0.9819010496139526,0
0.9696942567825317,0
1.0568956136703491,0
1.3146816492080688,0
1.1337242126464844,0
1.2061641216278076,0
0.9736968278884888,0
1.7486448287963867,0
0.9703800082206726,0
1.0277503728866577,0
1.1306421756744385,0
0.9709837436676025,0
0.9907541871070862,0
1.0856683254241943,0
1.0862171649932861,0
1.142877221107483,0
1.3668142557144165,0
0.9622212648391724,0
1.0006022453308105,0
1.0079195499420166,0
1.0207617282867432,0
1.015157699584961,0
1.0616244077682495,0
1.0737807750701904,0
1.0535277128219604,0
1.0434013605117798,0
1.0493162870407104,0
0.9797623157501221,0
1.1182513236999512,0
0.9802740216255188,0
2.813417673110962,0
0.9946931004524231,0
1.0472058057785034,0
0.9895479083061218,0
1.2824681997299194,0
1.0542778968811035,0
1.0,0
1.1476824283599854,0
0.9486321806907654,0
1.1000341176986694,0
1.0455824136734009,0
1.0271177291870117,0
0.9388463497161865,0
1.0150936841964722,0
1.1752104759216309,0
1.2025024890899658,0
0.9663036465644836,0
1.0813788175582886,0
1.015692949295044,0
1.1006104946136475,0
1.008238673210144,0
1.116497278213501,0
1.1687524318695068,0
1.097618579864502,0
1.0169891119003296,0
1.044963002204895,0
1.195000410079956,0
1.0289416313171387,0
2.0659635066986084,0
0.9497373700141907,0
0.9615262150764465,0
1.0074429512023926,0
1.0572381019592285,0
1.0653293132781982,0
1.065263032913208,0
1.1818413734436035,0
1.1258891820907593,0
1.3435609340667725,0
1.1551403999328613,0
1.0302187204360962,0
1.2253347635269165,0
1.067806363105774,0
0.9873103499412537,0
0.9719117283821106,0
1.1329225301742554,0
1.0704607963562012,0
0.9462162852287292,0
1.0927722454071045,0
1.0974442958831787,0
0.9670767188072205,0
1.0621925592422485,0
0.9738364219665527,0
1.0312156677246094,0
2.6955392360687256,0
1.049559235572815,0
0.9892836213111877,0
1.2670671939849854,0
1.0734366178512573,0
0.9594376087188721,0
3.6088266372680664,0
0.9849920272827148,0
1.2235934734344482,0
1.0197821855545044,0
1.030957579612732,0
1.3343011140823364,0
1.0130902528762817,0
1.0987271070480347,0
0.9782339334487915,0
1.022181510925293,0
0.9671264886856079,0
1.0224367380142212,0
1.0587562322616577,0
1.0179767608642578,0
2.093777894973755,0
1.0804247856140137,0
0.991068422794342,0
1.052260398864746,0
1.1630009412765503,0
1.3371624946594238,0
1.0630850791931152,0
2.247114658355713,0
1.0137914419174194,0
0.9916883707046509,0
1.038339614868164,0
0.9875185489654541,0
1.0169912576675415,0
1.0067331790924072,0
1.0269321203231812,0
0.9682838320732117,0
1.068820595741272,0
0.9895474910736084,0
1.0107650756835938,0
0.996884822845459,0
1.245906949043274,0
0.9762951135635376,0
0.9855785369873047,0
1.0042192935943604,0
1.1933106184005737,0
1.0031919479370117,0
0.964553952217102,0
1.153943657875061,0
1.0447545051574707,0
0.9821212887763977,0
1.0144597291946411,0
1.1793724298477173,0
1.4683691263198853,0
1.0664193630218506,0
0.9520093202590942,0
0.9472977519035339,0
0.9916409850120544,0
1.0559284687042236,0
0.9744834303855896,0
0.9776841402053833,0
1.2464144229888916,0
1.071960687637329,0
1.0750726461410522,0
1.7696375846862793,0
1.2360141277313232,0
0.9887236952781677,0
1.2003509998321533,0
1.0991151332855225,0
1.0151103734970093,0
1.0092376470565796,0
1.5396515130996704,0
0.9731510877609253,0
1.9707896709442139,0
0.9843436479568481,0
1.0332201719284058,0
1.3154735565185547,0
0.9677005410194397,0
1.0929205417633057,0
2.065964460372925,0
1.0745497941970825,0
0.9619351029396057,0
1.0193387269973755,0
1.1227482557296753,0
1.1045691967010498,0
0.9789280891418457,0
1.1380523443222046,0
1.04593026638031,0
1.0390512943267822,0
2.131472587585449,0
1.0815492868423462,0
1.0498607158660889,0
0.9749683737754822,0
0.9720081090927124,0
1.2355375289916992,0
1.037675142288208,0
1.0750094652175903,0
1.0389840602874756,0
1.0868167877197266,0
1.0746151208877563,0
1.0476781129837036,0
1.04755699634552,0
1.0206542015075684,0
0.9831525087356567,0
1.0007963180541992,0
1.073778748512268,0
1.1358481645584106,0
1.041496753692627,0
0.8903480768203735,0
1.3615620136260986,0
1.3519700765609741,0
1.1652116775512695,0
1.026129126548767,0
1.1400586366653442,0
1.0623668432235718,0
1.1467055082321167,0
1.028437852859497,0
1.3100067377090454,0
1.010135293006897,0
0.9921920299530029,0
1.0587941408157349,0
1.0226541757583618,0
1.0,0
0.9841508269309998,0
1.042876958847046,0
1.035622000694275,0
0.9716538190841675,0
0.9925236701965332,0
1.0473634004592896,0
1.0662202835083008,0
1.066378116607666,0
1.0376125574111938,0
1.0530959367752075,0
0.9381833672523499,0
1.0217770338058472,0
1.0410486459732056,0
1.141318440437317,0
1.213709831237793,0
1.079814076423645,0
1.001573920249939,0
0.9992174506187439,0
0.9816356301307678,0
1.0296555757522583,0
1.0564950704574585,0
1.990543007850647,0
1.0730865001678467,0
1.0197714567184448,0
1.2265102863311768,0
3.8179898262023926,0
1.0135302543640137,0
0.9953246712684631,0
1.1066076755523682,0
0.9700589776039124,0
1.1063731908798218,0
0.99626225233078,0
1.161022663116455,0
1.215577244758606,0
0.9925117492675781,0
1.0833778381347656,0
1.265447735786438,0
1.7108396291732788,0
1.5843172073364258,0
1.0497312545776367,0
0.9754765033721924,0
1.07451331615448,0
0.9931688904762268,0
1.0996164083480835,0
1.0352646112442017,0
1.0138036012649536,0
1.08218252658844,0
0.9844406843185425,0
1.2652645111083984,0
1.0667834281921387,0
1.0318982601165771,0
1.0536712408065796,0
1.0804142951965332,0
0.9660389423370361,0
0.9589148163795471,0
1.0326825380325317,0
1.231164574623108,0
1.005210518836975,0
1.0821013450622559,0
0.9712886214256287,0
1.354156494140625,0
1.052374243736267,0
0.9951640963554382,0
1.16215181350708,0
1.2824407815933228,0
1.0017242431640625,0
1.041007399559021,0
1.6278343200683594,0
1.0148584842681885,0
1.0583879947662354,0
1.1156033277511597,0
1.0928049087524414,0
1.0101022720336914,0
1.0272818803787231,0
1.0080361366271973,0
1.0040769577026367,0
0.898436427116394,0
0.9647720456123352,0
1.0891039371490479,0
0.9732963442802429,0
1.0229647159576416,0
1.07807195186615,0
1.1179325580596924,0
1.2282668352127075,0
1.1125260591506958,0
0.9953032732009888,0
1.0578160285949707,0
1.0482228994369507,0
0.9979984164237976,0
1.0732136964797974,0
1.0219972133636475,0
0.9688393473625183,0
1.5149741172790527,0
1.1207380294799805,0
1.0324100255966187,0
1.074174165725708,0
0.966587483882904,0
1.0438276529312134,0
1.0471652746200562,0
1.103266954421997,0
1.1341739892959595,0
1.03966224193573,0
1.0174778699874878,0
1.0387423038482666,0
1.0232149362564087,0
1.2119898796081543,0
0.9153155088424683,0
1.0260159969329834,0
1.534432291984558,0
0.9697021842002869,0
1.0120054483413696,0
1.1434485912322998,0
1.3067213296890259,0
1.040891170501709,0
1.2185039520263672,0
0.9916089773178101,0
1.1340768337249756,0
3.505812168121338,0
1.180970549583435,0
1.0094048976898193,0
1.0940241813659668,0
1.3011071681976318,0
1.0544301271438599,0
1.113795518875122,0
1.0894477367401123,0
0.9807660579681396,0
1.1290949583053589,0
1.116924524307251,0
1.0740562677383423,0
1.0061120986938477,0
1.034177303314209,0
1.0055075883865356,0
1.1966160535812378,0
1.020973801612854,0
1.1185282468795776,0
0.9922968149185181,0
1.0847151279449463,0
1.0147147178649902,0
1.0202237367630005,0
2.356673240661621,0
0.9652948975563049,0
0.9653462767601013,0
1.0275522470474243,0
1.0020442008972168,0
1.2626951932907104,0
0.9996069073677063,0
1.1096796989440918,0
1.0413198471069336,0
0.9926724433898926,0
1.167407512664795,0
1.1196212768554688,0
1.0208202600479126,0
1.0908359289169312,0
0.9912380576133728,0
0.9791094064712524,0
1.1219743490219116,0
1.0664371252059937,0
0.9949343800544739,0
0.9862128496170044,0
1.1128827333450317,0
1.2764133214950562,0
0.9753991961479187,0
1.0502866506576538,0
1.0999618768692017,0
1.0674127340316772,0
1.1476199626922607,0
0.9712910652160645,0
1.0000004768371582,0
1.0524382591247559,0
0.9785138368606567,0
1.0493717193603516,0
1.0667214393615723,0
1.1091852188110352,0
1.0561928749084473,0
1.096160650253296,0
1.1696723699569702,0
1.1834681034088135,0
1.0384734869003296,0
1.4276959896087646,0
1.163277268409729,0
1.0394937992095947,0
1.2268800735473633,0
1.090415120124817,0
0.9623990058898926,0
1.0715709924697876,0
0.9949405789375305,0
1.1199322938919067,0
1.0137741565704346,0
1.117693543434143,0
1.5495935678482056,0
1.1257232427597046,0
1.0198142528533936,0
0.9805676937103271,0
1.0410408973693848,0
0.9958100914955139,0
1.0550813674926758,0
1.0668970346450806,0
1.2328027486801147,0
1.0934765338897705,0
1.1563994884490967,0
1.1534004211425781,0
1.050505518913269,0
0.9781286716461182,0
0.9785915017127991,0
0.9996466040611267,0
1.0298759937286377,0
1.2834149599075317,0
0.9824126958847046,0
1.1326665878295898,0
1.002553105354309,0
1.021052598953247,0
1.038790225982666,0
1.143075942993164,0
0.99126797914505,0
1.2297632694244385,0
0.9969298839569092,0
0.9769642353057861,0
1.154110312461853,0
1.0259380340576172,0
0.9999538660049438,0
1.0757029056549072,0
0.9737159013748169,0
1.0140306949615479,0
1.1137832403182983,0
1.0585589408874512,0
1.0019915103912354,0
1.0699474811553955,0
0.9639366269111633,0
1.1580241918563843,0
1.0277258157730103,0
1.003800392150879,0
0.9858739376068115,0
1.0410408973693848,0
1.3075557947158813,0
1.00981605052948,0
0.9787275791168213,0
0.9615305662155151,0
1.047273874282837,0
1.1346335411071777,0
1.0469862222671509,0
1.0254071950912476,0
1.1138137578964233,0
1.0531163215637207,0
1.0617344379425049,0
1.031081199645996,0
1.0180728435516357,0
1.0127888917922974,0
1.0187193155288696,0
1.0214346647262573,0
1.13297700881958,0
1.0202802419662476,0
0.9784005284309387,0
5.876991271972656,0
1.2508964538574219,0
1.0,0
1.0434318780899048,0
1.0246442556381226,0
1.042627215385437,0
1.1160801649093628,0
1.1668901443481445,0
0.9977699518203735,0
1.0002435445785522,0
1.7798824310302734,0
1.0767008066177368,0
0.9709491729736328,0
1.0072722434997559,0
1.0122591257095337,0
1.1548415422439575,0
1.0176364183425903,0
1.0992571115493774,0
0.9917029738426208,0
1.1765607595443726,0
1.0662904977798462,0
1.0149513483047485,0
0.980380654335022,0
0.9707739949226379,0
1.1775705814361572,0
1.0096311569213867,0
0.9770601987838745,0
1.0180647373199463,0
0.9822249412536621,0
0.9890641570091248,0
0.9731264710426331,0
1.0199620723724365,0
1.0769926309585571,0
1.1246424913406372,0
1.0019476413726807,0
0.9319157600402832,0
1.0917654037475586,0
0.9916424751281738,0
1.0715606212615967,0
0.9964630603790283,0
1.165612816810608,0
0.9937341809272766,0
1.1588560342788696,0
0.9988162517547607,0
0.9986953735351562,0
1.1112244129180908,0
1.0028313398361206,0
1.007504940032959,0
0.946607768535614,0
0.9669429063796997,0
1.1255114078521729,0
0.9900225400924683,0
0.9991142749786377,0
1.069352149963379,0
1.0075762271881104,0
1.204748272895813,0
1.0483256578445435,0
1.1457445621490479,0
2.2832560539245605,0
1.0026953220367432,0
1.1426507234573364,0
0.9649913311004639,0
1.2378673553466797,0
1.0162056684494019,0
1.045998454093933,0
2.3282394409179688,0
0.9625425338745117,0
1.1352730989456177,0
1.034379005432129,0
1.2465287446975708,0
0.9921408891677856,0
0.9806684851646423,0
1.0081291198730469,0
1.0402776002883911,0
1.3570448160171509,0
1.134474754333496,0
1.0054712295532227,0
1.1516497135162354,0
1.0166761875152588,0
1.0080878734588623,0
0.9708455801010132,0
1.1373766660690308,0
0.9881426692008972,0
1.2128881216049194,0
1.0110067129135132,0
1.058948040008545,0
1.1101099252700806,0
0.9729317426681519,0
0.9795964956283569,0
1.01353120803833,0
1.336728811264038,0
1.1254185438156128,0
1.7599486112594604,0
1.004115104675293,0
1.0827977657318115,0
0.9751965999603271,0
1.1687601804733276,0
0.9820980429649353,0
1.0022697448730469,0
1.0111936330795288,0
0.9948232173919678,0
1.1061912775039673,0
0.9991720914840698,0
1.2346150875091553,0
1.0628784894943237,0
1.0236632823944092,0
1.085919737815857,0
1.1338717937469482,0
1.0730865001678467,0
1.0808013677597046,0
1.0153355598449707,0
1.0054471492767334,0
1.0430845022201538,0
1.2553112506866455,0
0.9947909712791443,0
0.9814538359642029,0
1.0938715934753418,0
0.978992760181427,0
1.253825306892395,0
0.9798080325126648,0
1.0096185207366943,0
1.036791443824768,0
1.1384927034378052,0
1.1125311851501465,0
1.0274302959442139,0
1.0357661247253418,0
1.2562644481658936,0
0.9696689248085022,0
1.0837035179138184,0
0.981198251247406,0
1.0044118165969849,0
1.0728449821472168,0
1.0907849073410034,0
1.0744322538375854,0
1.0951300859451294,0
1.1277506351470947,0
0.9845339059829712,0
1.0123095512390137,0
1.1197327375411987,0
1.1319550275802612,0
1.0442219972610474,0
1.6677031517028809,0
1.0049607753753662,0
1.0231554508209229,0
1.2476661205291748,0
1.1090738773345947,0
1.0266222953796387,0
1.0273288488388062,0
1.1017355918884277,0
1.0273417234420776,0
1.0196099281311035,0
1.021547794342041,0
1.0568451881408691,0
1.1199973821640015,0
1.6413648128509521,0
1.0832799673080444,0
0.9862706661224365,0
1.0916390419006348,0
0.9834190011024475,0
1.043152093887329,0
1.030003309249878,0
191.6783447265625,0
1.0009292364120483,0
0.9228628277778625,0
0.9909887909889221,0
1.2561213970184326,0
1.0605107545852661,0
1.0275055170059204,0
0.9813461899757385,0
0.9805063605308533,0
1.0039759874343872,0
1.1492470502853394,0
0.9817470908164978,0
1.0404869318008423,0
1.1365262269973755,0
1.1033521890640259,0
1.0268843173980713,0
1.257388949394226,0
0.9531867504119873,0
0.9586981534957886,0
1.3319628238677979,0
1.1790335178375244,0
1.2777190208435059,0
1.0217770338058472,0
1.0183171033859253,0
0.9700510501861572,0
7.125327110290527,0
1.221755862236023,0
1.0062061548233032,0
1.4011088609695435,0
1.0694220066070557,0
1.0148035287857056,0
1.004602074623108,0
1.0137678384780884,0
1.0521960258483887,0
1.1299922466278076,0
0.9898195266723633,0
1.040489912033081,0
1.6533793210983276,0
1.047558307647705,0
0.9434113502502441,0
1.2478545904159546,0
1.0979987382888794,0
1.0818536281585693,0
1.0863157510757446,0
1.4409935474395752,0
1.1132827997207642,0
1.030227780342102,0
0.9931831359863281,0
1.047636866569519,0
1.2769355773925781,0
1.197246789932251,0
1.1066582202911377,0
1.0841809511184692,0
1.1720863580703735,0
1.0089439153671265,0
1.0536816120147705,0
1.155368685722351,0
1.0394351482391357,0
1.0127975940704346,0
1.0863205194473267,0
0.997748851776123,0
1.1025174856185913,0
1.0242035388946533,0
1.0391680002212524,0
1.0705841779708862,0
0.9789865612983704,0
0.9901173710823059,0
0.9876450896263123,0
1.0642009973526,0
0.9847696423530579,0
1.0115735530853271,0
0.9704018235206604,0
1.1532365083694458,0
1.1153037548065186,0
1.4032719135284424,0
1.1301146745681763,0
1.0580313205718994,0
0.9789036512374878,0
1.3828415870666504,0
1.568618893623352,0
1.05471932888031,0
1.0788336992263794,0
1.032583475112915,0
1.0767499208450317,0
1.1576448678970337,0
1.176928997039795,0
1.0591694116592407,0
2.0852839946746826,0
0.9994186758995056,0
1.416434407234192,0
1.0048080682754517,0
1.05727219581604,0
2.29079008102417,0
0.9852421879768372,0
1.199874997138977,0
1.0332647562026978,0
0.9862134456634521,0
0.9377126693725586,0
1.0841219425201416,0
1.0157959461212158,0
1.2713240385055542,0
1.2025169134140015,0
1.6415376663208008,0
1.0432907342910767,0
1.0536445379257202,0
0.9526416063308716,0
0.9827401041984558,0
1.015346646308899,0
0.9732190370559692,0
0.9797623157501221,0
0.9699745774269104,0
1.0796282291412354,0
1.0224602222442627,0
1.2439813613891602,0
1.2481054067611694,0
11.387778282165527,0
1.0871034860610962,0
1.014243721961975,0
1.7170580625534058,0
0.9486950635910034,0
1.025444507598877,0
1.0528448820114136,0
1.1031674146652222,0
1.0695362091064453,0
0.9828908443450928,0
1.1069927215576172,0
0.9872452616691589,0
1.2898510694503784,0
1.0394946336746216,0
1.0215104818344116,0
1.0287714004516602,0
1.0129026174545288,0
0.9748061895370483,0
0.9993758797645569,0
1.580891728401184,0
0.9674239754676819,0
1.020480751991272,0
0.9725479483604431,0
1.0346657037734985,0
1.1509047746658325,0
1.0264995098114014,0
1.1369950771331787,0
1.0228917598724365,0
1.0874727964401245,0
1.0934885740280151,0
1.0082805156707764,0
1.0609873533248901,0
1.0914288759231567,0
1.2377145290374756,0
1.0050817728042603,0
0.9935806393623352,0
1.006757140159607,0
1.079833745956421,0
1.2182514667510986,0
1.0490095615386963,0
1.0338963270187378,0
1.0205365419387817,0
1.107455849647522,0
1.0877416133880615,0
1.1039692163467407,0
1.407590389251709,0
1.0484514236450195,0
1.2845191955566406,0
1.3865749835968018,0
1.050308346748352,0
1.070332407951355,0
1.328701138496399,0
0.9868865609169006,0
1.0153515338897705,0
1.3178534507751465,0
1.1324259042739868,0
0.9861148595809937,0
1.182713270187378,0
1.0009502172470093,0
1.0012178421020508,0
1.0187097787857056,0
1.0287582874298096,0
1.006789207458496,0
1.0339117050170898,0
1.0227665901184082,0
1.0123971700668335,0
1.1137999296188354,0
1.0412184000015259,0
0.9948380589485168,0
1.083532452583313,0
1.0773718357086182,0
1.222161054611206,0
1.1342713832855225,0
0.984326183795929,0
1.0442334413528442,0
1.3299477100372314,0
0.9735837578773499,0
0.9765467643737793,0
1.0730347633361816,0
1.0054733753204346,0
1.0216132402420044,0
0.9916501045227051,0
1.0100361108779907,0
2.1255264282226562,0
1.036084771156311,0
1.110641598701477,0
0.9850455522537231,0
0.9862989187240601,0
1.111838698387146,0
1.0825647115707397,0
1.0925443172454834,0
0.9479094743728638,0
1.0095380544662476,0
1.0049607753753662,0
1.1269313097000122,0
1.0326956510543823,0
1.1739892959594727,0
1.0336393117904663,0
1.0934486389160156,0
1.036980390548706,0
0.9996139407157898,0
0.9987239241600037,0
1.2202283143997192,0
0.9998044967651367,0
1.047250509262085,0
1.0393965244293213,0
0.9642336964607239,0
1.2134567499160767,0
1.040795087814331,0
0.98114413022995,0
1.2102742195129395,0
1.083991289138794,0
0.9785138368606567,0
1.0138640403747559,0
0.997305154800415,0
1.0355126857757568,0
1.0907008647918701,0
1.067692518234253,0
1.0608288049697876,0
1.0347789525985718,0
1.0764883756637573,0
0.9736747145652771,0
0.9847590923309326,0
0.9723386764526367,0
0.9695631861686707,0
1.0750348567962646,0
1.036084771156311,0
1.0289065837860107,0
1.013498067855835,0
1.0654851198196411,0
0.9416988492012024,0
1.043428897857666,0
1.0297425985336304,0
0.9852729439735413,0
0.9752708077430725,0
0.9886230826377869,0
1.2939667701721191,0
0.9924810528755188,0
1.0060983896255493,0
1.7980124950408936,0
1.0994913578033447,0
1.1900935173034668,0
0.9976142048835754,0
1.1612859964370728,0
0.9962164163589478,0
1.1307165622711182,0
1.030172348022461,0
1.0867503881454468,0
1.0698575973510742,0
1.6976655721664429,0
1.1461246013641357,0
1.1385188102722168,0
1.0394082069396973,0
1.0664125680923462,0
1.200544834136963,0
1.0639762878417969,0
0.9837846159934998,0
1.2356549501419067,0
1.0446099042892456,0
1.0680761337280273,0
1.1771413087844849,0
1.2703038454055786,0
0.9861171245574951,0
1.0897700786590576,0
1.040854811668396,0
1.0245951414108276,0
1.0077775716781616,0
1.2180464267730713,0
1.0025304555892944,0
1.1204720735549927,0
1.2751550674438477,0
0.9486005306243896,0
1.067333459854126,0
1.0409098863601685,0
1.2695072889328003,0
1.0309135913848877,0
1.2675102949142456,0
0.987036943435669,0
1.0848366022109985,0
1.0284804105758667,0
1.1749402284622192,0
1.116924524307251,0
1.3364083766937256,0
1.745560884475708,0
1.0582258701324463,0
1.1008366346359253,0
1.0652542114257812,0
1.0030549764633179,0
0.9770028591156006,0
1.0530328750610352,0
1.631255865097046,0
1.1289092302322388,0
1.0077711343765259,0
1.0271661281585693,0
1.0005992650985718,0
1.2107254266738892,0
1.0841044187545776,0
1.3813685178756714,0
1.1478360891342163,0
1.8573532104492188,0
1.0275373458862305,0
1.2923513650894165,0
1.0185387134552002,0
0.9862251281738281,0
1.2049612998962402,0
1.03704035282135,0
2.0015647411346436,0
1.0180034637451172,0
1.0971804857254028,0
1.0233433246612549,0
0.9806026816368103,0
1.0357707738876343,0
1.699666976928711,0
1.4490609169006348,0
4.667598724365234,0
1.0222092866897583,0
0.9841508269309998,0
1.125876784324646,0
1.204317331314087,0
1.1463630199432373,0
1.1513968706130981,0
0.9950671792030334,0
1.0489590167999268,0
1.1005562543869019,0
1.1266454458236694,0
1.052382230758667,0
1.0087246894836426,0
0.9835506081581116,0
1.000649333000183,0
1.0628634691238403,0
1.1756784915924072,0
1.9104561805725098,0
1.0059489011764526,0
1.0564714670181274,0
1.0023456811904907,0
1.003240704536438,0
1.0295557975769043,0
1.0517799854278564,0
1.0356940031051636,0
0.9768203496932983,0
1.0572433471679688,0
1.0130099058151245,0
1.643905758857727,0
1.0158419609069824,0
0.9925636649131775,0
1.0998951196670532,0
0.9915589690208435,0
0.9624448418617249,0
1.024190068244934,0
1.0883558988571167,0
1.0402872562408447,0
1.0049607753753662,0
1.011232614517212,0
0.9863557815551758,0
1.671701431274414,0
1.0025771856307983,0
1.0323200225830078,0
1.1859703063964844,0
1.063169240951538,0
1.1464323997497559,0
1.365835189819336,0
1.0526165962219238,0
1.2756940126419067,0
1.865351676940918,0
0.9743458032608032,0
1.0208412408828735,0
1.0375404357910156,0
1.0284922122955322,0
1.0169730186462402,0
0.986295223236084,0
0.964226484298706,0
1.0606478452682495,0
1.2887599468231201,0
1.1565810441970825,0
1.005242109298706,0
1.0303584337234497,0
0.9568883776664734,0
1.0169366598129272,0
0.9619649052619934,0
1.222886323928833,0
1.0386563539505005,0
1.0412447452545166,0
1.210404634475708,0
1.1447783708572388,0
0.9726083278656006,0
1.003045678138733,0
1.3675572872161865,0
0.9684667587280273,0
1.14509117603302,0
0.9570683836936951,0
0.9494031071662903,0
1.0536746978759766,0
1.2825685739517212,0
1.0095362663269043,0
0.9999246001243591,0
1.3171275854110718,0
1.0969748497009277,0
1.0523706674575806,0
1.0059839487075806,0
1.0332307815551758,0
0.9661993980407715,0
0.9631922245025635,0
0.9901421070098877,0
1.0294702053070068,0
1.0024750232696533,0
1.0021240711212158,0
1.1330692768096924,0
1.002583622932434,0
0.9965381622314453,0
0.9683752655982971,0
1.1197686195373535,0
1.0370619297027588,0
1.0158207416534424,0
1.0014432668685913,0
1.0211600065231323,0
1.1409893035888672,0
0.9622806906700134,0
1.4113048315048218,0
1.1987810134887695,0
0.9726072549819946,0
0.9818905591964722,0
1.0377694368362427,0
1.1073472499847412,0
1.019769549369812,0
1.1044849157333374,0
1.0259963274002075,0
0.9816377758979797,0
1.0550954341888428,0
1.004485011100769,0
1.011098027229309,0
1.0503382682800293,0
1.0393935441970825,0
1.001039981842041,0
1.0976759195327759,0
1.0487138032913208,0
1.0359539985656738,0
1.0631109476089478,0
0.9804137349128723,0
1.3719451427459717,0
1.086032509803772,0
0.982256293296814,0
1.5948716402053833,0
1.0015491247177124,0
1.0413652658462524,0
1.197234869003296,0
1.017289400100708,0
5.499245643615723,0
1.0142569541931152,0
1.0678534507751465,0
1.1314409971237183,0
1.047845482826233,0
1.1201857328414917,0
1.1258779764175415,0
1.0243343114852905,0
1.0010861158370972,0
1.0075174570083618,0
2.496433734893799,0
1.0264387130737305,0
1.0438501834869385,0
1.0070322751998901,0
0.9720482230186462,0
0.9787275791168213,0
1.4393062591552734,0
1.1372950077056885,0
0.9798924326896667,0
1.1199592351913452,0
1.0237364768981934,0
1.2266265153884888,0
1.0816267728805542,0
1.0077589750289917,0
1.0175648927688599,0
1.067942500114441,0
1.1159181594848633,0
1.012426495552063,0
1.1466566324234009,0
1.1106091737747192,0
1.0230845212936401,0
0.9993338584899902,0
1.0034500360488892,0
1.014791488647461,0
1.0976308584213257,0
0.9884483218193054,0
1.0890687704086304,0
1.3830941915512085,0
0.9683928489685059,0
0.9913981556892395,0
1.0372084379196167,0
88.349365234375,0
0.9677248001098633,0
0.9966887831687927,0
0.9848358631134033,0
1.0497626066207886,0
1.1194016933441162,0
1.0177035331726074,0
1.2191243171691895,0
0.9848204851150513,0
1.0583809614181519,0
1.0081778764724731,0
1.0878416299819946,0
1.5651265382766724,0
1.0217117071151733,0
1.0509333610534668,0
1.0159989595413208,0
2.817441463470459,0
1.00615656375885,0
1.0115665197372437,0
1.0237540006637573,0
0.9762313961982727,0
0.9446654915809631,0
1.0831120014190674,0
0.9823358058929443,0
1.0449036359786987,0
1.0524911880493164,0
1.0392463207244873,0
1.3161911964416504,0
1.1319689750671387,0
0.9976332187652588,0
1.0317692756652832,0
1.0587977170944214,0
0.9443278908729553,0
2.560486078262329,0
1.0150415897369385,0
1.048147201538086,0
1.0742053985595703,0
1.106102705001831,0
0.9890753626823425,0
1.0144277811050415,0
1.3752084970474243,0
1.0073498487472534,0
1.0623668432235718,0
1.0229742527008057,0
1.0735583305358887,0
1.0703754425048828,0
0.9694412350654602,0
1.1326513290405273,0
0.9950000047683716,0
1.050323724746704,0
1.0029098987579346,0
1.270185112953186,0
1.2251505851745605,0
1.1208616495132446,0
1.0575954914093018,0
1.0619531869888306,0
0.967082142829895,0
1.0312665700912476,0
0.993454098701477,0
1.269949197769165,0
1.1578071117401123,0
0.993713915348053,0
1.0446546077728271,0
0.9907742142677307,0
1.0194436311721802,0
1.0160516500473022,0
1.216732382774353,0
1.1738554239273071,0
0.977629542350769,0
1.0222142934799194,0
1.1640373468399048,0
1.1885573863983154,0
7.092597007751465,0
1.0550367832183838,0
0.988966166973114,0
1.2636176347732544,0
1.0869026184082031,0
1.2424983978271484,0
1.0950586795806885,0
1.1518645286560059,0
1.059694766998291,0
1.1415108442306519,0
1.0778926610946655,0
1.0078243017196655,0
0.9891218543052673,0
0.9837097525596619,0
0.9754878878593445,0
1.0384751558303833,0
1.007370948791504,0
1.1368869543075562,0
0.9713777303695679,0
1.0984468460083008,0
1.0235652923583984,0
0.9907364249229431,0
0.9937414526939392,0
1.0368256568908691,0
1.0565125942230225,0
1.062415361404419,0
1.0436023473739624,0
2.3161473274230957,0
1.128050446510315,0
1.1207594871520996,0
0.9586329460144043,0
1.1185282468795776,0
1.4043593406677246,0
1.2794357538223267,0
1.0642213821411133,0
0.9814389944076538,0
0.999683678150177,0
1.2722876071929932,0
1.0132707357406616,0
0.9609328508377075,0
1.0255353450775146,0
1.11149263381958,0
1.0365811586380005,0
1.1417558193206787,0
0.9885728359222412,0
1.117983102798462,0
1.043394923210144,0
1.0155353546142578,0
1.1083321571350098,0
1.1207681894302368,0
1.0017423629760742,0
1.1280357837677002,0
0.9777725338935852,0
1.0,0
1.0316940546035767,0
1.0098698139190674,0
1.083487629890442,0
1.0143861770629883,0
1.0093051195144653,0
1.0620180368423462,0
1.0028923749923706,0
1.061348795890808,0
1.0056278705596924,0
1.0854542255401611,0
1.0063403844833374,0
0.9944483637809753,0
1.042492389678955,0
1.1494265794754028,0
1.057371735572815,0
1.0415245294570923,0
0.9965493083000183,0
1.024854302406311,0
1.0794183015823364,0
1.0056639909744263,0
1.0439743995666504,0
0.9844933152198792,0
1.0801109075546265,0
1.1475750207901,0
1.052540898323059,0
0.9768203496932983,0
1.1177599430084229,0
1.1912442445755005,0
1.2534152269363403,0
1.3771072626113892,0
1.1435799598693848,0
0.9696528315544128,0
1.1568121910095215,0
1.0798733234405518,0
0.9806708693504333,0
1.0148102045059204,0
0.9802916646003723,0
1.0390048027038574,0
1.1873397827148438,0
1.0564517974853516,0
1.2457330226898193,0
1.042654037475586,0
1.0858789682388306,0
1.2072770595550537,0
1.0814287662506104,0
0.9930406808853149,0
0.9649800658226013,0
1.663255214691162,0
1.0915319919586182,0
1.0309727191925049,0
0.9959079027175903,0
1.0269654989242554,0
1.0508941411972046,0
1.0647846460342407,0
3.059321165084839,0
1.1717689037322998,0
0.9674961566925049,0
1.0234984159469604,0
0.9643159508705139,0
0.9887408018112183,0
1.513427495956421,0
8.999114036560059,0
1.1478519439697266,0
1.0254473686218262,0
1.2224231958389282,0
0.9992620348930359,0
1.2327560186386108,0
1.2169044017791748,0
1.2996526956558228,0
1.0430546998977661,0
0.9538928270339966,0
0.9975676536560059,0
1.1085237264633179,0
1.0544592142105103,0
1.0663254261016846,0
0.9837307929992676,0
1.0103068351745605,0
1.2530405521392822,0
1.0852330923080444,0
1.0251717567443848,0
0.9993179440498352,0
0.9934203624725342,0
1.0011873245239258,0
0.954483151435852,0
1.113728404045105,0
1.091720461845398,0
1.1576484441757202,0
1.4071685075759888,0
1.0760703086853027,0
1.0342209339141846,0
1.072630524635315,0
0.9967553019523621,0
1.3247774839401245,0
1.0620594024658203,0
0.9845151305198669,0
1.5702730417251587,0
1.0143790245056152,0
1.1293278932571411,0
0.9962176084518433,0
1.016438603401184,0
1.0081961154937744,0
1.3611291646957397,0
1.0058974027633667,0
0.9963428378105164,0
1.0099824666976929,0
1.0072293281555176,0
1.1508575677871704,0
1.0477882623672485,0
1.2044919729232788,0
1.0494447946548462,0
1.0065349340438843,0
1.0105221271514893,0
0.9643388986587524,0
1.0279487371444702,0
1.0484628677368164,0
1.023350477218628,0
1.015249252319336,0
0.9679315090179443,0
1.1269021034240723,0
1.041345238685608,0
0.9978190660476685,0
1.320818543434143,0
1.0066877603530884,0
1.1910061836242676,0
1.0256304740905762,0
1.1103644371032715,0
1.0008854866027832,0
1.0801339149475098,0
1.0017423629760742,0
1.018995761871338,0
1.0340633392333984,0
1.167108416557312,0
1.0634454488754272,0
1.039438009262085,0
0.9557145833969116,0
1.119476079940796,0
1.6428200006484985,0
1.0164741277694702,0
1.0448908805847168,0
1.0654655694961548,0
0.9818030595779419,0
1.0091625452041626,0
1.0179401636123657,0
1.202073097229004,0
1.0482590198516846,0
1.1591068506240845,0
1.0673547983169556,0
1.0240154266357422,0
1.4109282493591309,0
0.9856122136116028,0
0.9980676174163818,0
1.0146172046661377,0
1.0538158416748047,0
1.0200395584106445,0
1.0231664180755615,0
1.0135380029678345,0
1.419885277748108,0
1.1518886089324951,0
1.3583005666732788,0
1.3479658365249634,0
1.1084630489349365,0
1.0474767684936523,0
1.02987802028656,0
1.1597709655761719,0
1.1054482460021973,0
1.0380613803863525,0
1.0331443548202515,0
1.1506664752960205,0
1.1208691596984863,0
1.1185632944107056,0
1.0162891149520874,0
1.0586082935333252,0
1.0875749588012695,0
0.993395984172821,0
1.1109048128128052,0
0.9741221070289612,0
1.3223471641540527,0
1.119380235671997,0
0.9828930497169495,0
1.0371381044387817,0
0.964689314365387,0
0.9788027405738831,0
1.0198311805725098,0
1.0663249492645264,0
0.9942517876625061,0
1.2248811721801758,0
1.2997891902923584,0
1.380702257156372,0
1.058919072151184,0
1.0600557327270508,0
0.9764466285705566,0
1.133278489112854,0
1.3168251514434814,0
1.0667853355407715,0
0.9748865365982056,0
1.786449670791626,0
1.1016758680343628,0
1.000401496887207,0
1.0121828317642212,0
1.042155385017395,0
1.098239541053772,0
1.1324728727340698,0
1.1406391859054565,0
1.0232340097427368,0
1.0244333744049072,0
1.0435137748718262,0
1.176469326019287,0
1.0286444425582886,0
1.1816558837890625,0
1.0278161764144897,0
1.057681918144226,0
1.082627773284912,0
1.0166282653808594,0
1.1161633729934692,0
1.3907902240753174,0
1.0146149396896362,0
1.004213571548462,0
1.023725152015686,0
6.325966835021973,0
1.7881064414978027,0
2.1998379230499268,0
0.9909948110580444,0
0.9868768453598022,0
0.9854815602302551,0
1.046273112297058,0
1.117401361465454,0
0.9993849992752075,0
1.0145807266235352,0
1.0100997686386108,0
0.9942686557769775,0
0.9878079891204834,0
1.1754239797592163,0
0.9740191698074341,0
0.9933308959007263,0
1.0287604331970215,0
1.0430676937103271,0
0.9802239537239075,0
1.0973517894744873,0
1.000961422920227,0
1.0269358158111572,0
1.0336679220199585,0
1.0135607719421387,0
1.181597352027893,0
1.190701961517334,0
1.3498913049697876,0
2.331470251083374,0
0.9294352531433105,0
0.9801887273788452,0
1.1956199407577515,0
1.0120022296905518,0
1.0579403638839722,0
0.9702567458152771,0
1.0045015811920166,0
1.0113155841827393,0
1.2700388431549072,0
1.039448618888855,0
0.9915398955345154,0
0.9992178082466125,0
0.9989510774612427,0
0.9864398241043091,0
1.0527796745300293,0
1.1202059984207153,0
1.0067859888076782,0
0.9741101264953613,0
1.014925479888916,0
1.042102575302124,0
1.1065170764923096,0
1.1146953105926514,0
1.0342817306518555,0
1.0300828218460083,0
1.037779688835144,0
1.121824860572815,0
1.1548750400543213,0
1.2654722929000854,0
1.0611478090286255,0
0.977907657623291,0
0.998030424118042,0
1.181536316871643,0
0.9784196019172668,0
1.2167364358901978,0
1.7386330366134644,0
1.0051480531692505,0
0.9889627695083618,0
1.059533715248108,0
1.0036672353744507,0
1.013718605041504,0
1.096082091331482,0
0.9934353232383728,0
1.1733916997909546,0
1.826506495475769,0
1.0248905420303345,0
0.9854337573051453,0
0.9697661995887756,0
1.2566708326339722,0
1.027769684791565,0
1.175744652748108,0
1.0486681461334229,0
0.9967484474182129,0
1.0513345003128052,0
1.004749059677124,0
2.7286856174468994,0
0.9889824390411377,0
1.1397665739059448,0
0.9899445176124573,0
3.3089559078216553,0
1.085618495941162,0
1.058769702911377,0
1.0068756341934204,0
0.9381833672523499,0
1.103499412536621,0
0.9518775939941406,0
1.0094852447509766,0
1.0655543804168701,0
1.0735570192337036,0
1.0961638689041138,0
1.435658574104309,0
1.0974290370941162,0
1.0400493144989014,0
1.0443196296691895,0
0.9852142930030823,0
2.113865613937378,0
1.0782161951065063,0
1.361754059791565,0
1.0256191492080688,0
1.2762889862060547,0
1.0877068042755127,0
1.2591279745101929,0
1.0521701574325562,0
1.0298407077789307,0
0.973421037197113,0
1.1211446523666382,0
1.1277698278427124,0
0.9686239361763,0
0.9935625195503235,0
1.2473809719085693,0
1.0623927116394043,0
1.015309453010559,0
0.9857298135757446,0
1.0413085222244263,0
1.2623242139816284,0
1.0920144319534302,0
0.9960408210754395,0
0.9912371635437012,0
0.9528248906135559,0
1.143649935722351,0
1.0421985387802124,0
1.0797502994537354,0
1.013458490371704,0
1.270693302154541,0
1.0876182317733765,0
1.5195660591125488,0
1.0014331340789795,0
1.0833947658538818,0
1.0001094341278076,0
1.8653532266616821,0
1.080066442489624,0
1.0062696933746338,0
1.499576210975647,0
0.9866819381713867,0
1.002933144569397,0
1.0374619960784912,0
1.2219972610473633,0
1.1101597547531128,0
1.3977782726287842,0
1.0417526960372925,0
1.0711814165115356,0
1.1930310726165771,0
0.9761500954627991,0
2.363809823989868,0
0.9993729591369629,0
0.9829645156860352,0
1.248550534248352,0
0.970779299736023,0
1.1673938035964966,0
1.080764651298523,0
1.2901549339294434,0
0.971541166305542,0
1.0032531023025513,0
1.099725604057312,0
1.0025032758712769,0
1.0814026594161987,0
1.019509196281433,0
1.0247936248779297,0
1.0614094734191895,0
1.0905184745788574,0
1.0421149730682373,0
1.0254789590835571,0
1.211271047592163,0
1.3011773824691772,0
1.0186783075332642,0
0.9744238257408142,0
1.6807963848114014,0
0.9893833994865417,0
1.057166576385498,0
1.1354104280471802,0
1.0853180885314941,0
1.0886931419372559,0
1.0104262828826904,0
0.9798080325126648,0
0.9834778308868408,0
1.0160976648330688,0
0.9943622946739197,0
1.1368589401245117,0
0.9839175343513489,0
1.049996256828308,0
1.079600214958191,0
1.203415870666504,0
1.383412480354309,0
1.0205793380737305,0
0.9920110702514648,0
1.040220022201538,0
1.1237328052520752,0
0.9887799620628357,0
1.0776652097702026,0
1.5981117486953735,0
1.017756462097168,0
2.623055934906006,0
1.0460147857666016,0
1.138040542602539,0
0.9955583214759827,0
1.127199649810791,0
0.9824197888374329,0
1.0576565265655518,0
1.6270403861999512,0
1.0683114528656006,0
1.0810728073120117,0
2.8289222717285156,0
0.9824392199516296,0
1.0259265899658203,0
0.9982022643089294,0
0.9809954166412354,0
1.126092553138733,0
1.0014607906341553,0
1.0247509479522705,0
1.0661849975585938,0
1.0658797025680542,0
0.965786337852478,0
1.027591347694397,0
1.047555685043335,0
1.0754653215408325,0
0.9768531322479248,0
1.130798101425171,0
1.007314682006836,0
0.9821523427963257,0
1.1328009366989136,0
0.9626739025115967,0
0.9664514064788818,0
1.06242036819458,0
0.982166588306427,0
1.061560869216919,0
1.0150477886199951,0
1.0716437101364136,0
1.0484524965286255,0
1.0076490640640259,0
0.996872067451477,0
1.0054725408554077,0
1.0916082859039307,0
1.0969438552856445,0
0.9925304055213928,0
1.1035572290420532,0
1.0938868522644043,0
0.9917895793914795,0
1.0202181339263916,0
1.046653389930725,0
1.0982604026794434,0
0.9833293557167053,0
1.108412504196167,0
1.0636236667633057,0
1.0980888605117798,0
1.1504757404327393,0
1.0294053554534912,0
1.0,0
1.3046988248825073,0
0.969063401222229,0
0.9695255160331726,0
1.745928406715393,0
1.1005980968475342,0
1.188305139541626,0
1.1996606588363647,0
1.0228480100631714,0
1.0422905683517456,0
1.1760449409484863,0
1.0293203592300415,0
0.9978703856468201,0
0.9901118278503418,0
1.185035228729248,0
0.994172215461731,0
1.0078610181808472,0
3.5733866691589355,0
1.1116466522216797,0
1.0022833347320557,0
1.0259265899658203,0
1.0112382173538208,0
0.9657957553863525,0
1.1683299541473389,0
1.0526437759399414,0
0.9959365725517273,0
1.0875996351242065,0
0.9553683996200562,0
1.0087573528289795,0
1.044824481010437,0
1.0144340991973877,0
0.9635518193244934,0
1.0142279863357544,0
0.9465352296829224,0
1.0458065271377563,0
1.0629280805587769,0
0.9895039796829224,0
1.134579062461853,0
1.0197041034698486,0
1.4533048868179321,0
3.123307943344116,0
0.9983837008476257,0
1.063745379447937,0
1.0803031921386719,0
0.9858170747756958,0
1.0966726541519165,0
1.0135726928710938,0
0.9701257944107056,0
2.220916271209717,0
1.0535285472869873,0
1.0313533544540405,0
1.0393563508987427,0
1.003033995628357,0
1.0772364139556885,0
1.074431300163269,0
1.0023313760757446,0
1.0797970294952393,0
1.1044892072677612,0
1.0061626434326172,0
1.0466941595077515,0
0.9980484247207642,0
1.0335416793823242,0
1.195387363433838,0
0.9707694053649902,0
1.0144457817077637,0
1.016343355178833,0
1.0676757097244263,0
1.4001458883285522,0
0.972970724105835,0
1.022673487663269,0
1.1099064350128174,0
1.3151670694351196,0
0.969936192035675,0
0.9763426184654236,0
1.0012537240982056,0
0.9750303030014038,0
1.0529284477233887,0
0.9920128583908081,0
1.304425597190857,0
1.10653817653656,0
1.0336812734603882,0
1.0856825113296509,0
1.0329481363296509,0
1.015871524810791,0
0.9974984526634216,0
1.0070767402648926,0
0.9642696976661682,0
1.0119879245758057,0
0.9741256833076477,0
1.011229157447815,0
1.0770177841186523,0
0.9820355772972107,0
1.0339146852493286,0
1.1658570766448975,0
0.9812862873077393,0
0.9804343581199646,0
2.078815221786499,0
1.0933094024658203,0
1.2028344869613647,0
0.9934614300727844,0
1.183800458908081,0
1.0063154697418213,0
0.9889054298400879,0
0.9989560842514038,0
0.9578037261962891,0
1.0046446323394775,0
1.0146629810333252,0
1.0818229913711548,0
1.4890758991241455,0
1.0806365013122559,0
1.2994191646575928,0
1.0587749481201172,0
1.092281460762024,0
1.2467204332351685,0
0.9651703834533691,0
1.0034037828445435,0
1.0623425245285034,0
1.046820044517517,0
1.6189802885055542,0
1.093216061592102,0
0.9706049561500549,0
1.109200358390808,0
0.9689993262290955,0
1.227062463760376,0
1.0979727506637573,0
1.043378472328186,0
1.0688713788986206,0
0.9942530989646912,0
1.2590893507003784,0
1.0807698965072632,0
0.9979569315910339,0
1.009353518486023,0
1.0020942687988281,0
1.1130684614181519,0
1.2152310609817505,0
1.059463620185852,0
1.0397928953170776,0
1.1206878423690796,0
1.2227810621261597,0
1.4114822149276733,0
1.1736010313034058,0
1.0508947372436523,0
1.004367709159851,0
1.0248686075210571,0
1.125616431236267,0
0.9808290004730225,0
1.0261805057525635,0
0.9884701371192932,0
1.0037167072296143,0
0.992421567440033,0
2.0036230087280273,0
1.012515664100647,0
1.057603120803833,0
1.2747793197631836,0
1.085192322731018,0
1.03078293800354,0
1.0267622470855713,0
1.022757649421692,0
1.3519700765609741,0
0.9939950704574585,0
1.2056938409805298,0
1.0788360834121704,0
1.020073413848877,0
1.1356381177902222,0
1.2473949193954468,0
1.2441504001617432,0
1.0028871297836304,0
1.0931100845336914,0
0.9631253480911255,0
1.2484431266784668,0
1.4860631227493286,0
1.0240682363510132,0
1.0033632516860962,0
0.9865034222602844,0
1.061457633972168,0
1.0646343231201172,0
1.0708786249160767,0
1.37212336063385,0
1.2332696914672852,0
1.0737148523330688,0
1.0509487390518188,0
1.2277848720550537,0
1.0924280881881714,0
0.9986101388931274,0
1.6510368585586548,0
1.0467958450317383,0
1.060762643814087,0
0.9525747895240784,0
1.3290117979049683,0
1.0198198556900024,0
1.1784026622772217,0
1.0424138307571411,0
1.0239206552505493,0
1.0275958776474,0
0.9828668832778931,0
0.9685837626457214,0
1.052487850189209,0
0.9938594102859497,0
1.0810527801513672,0
1.2947134971618652,0
1.0680218935012817,0
1.0189101696014404,0
1.0232967138290405,0
1.0397727489471436,0
0.9813365340232849,0
1.4717378616333008,0
1.1667661666870117,0
1.0895460844039917,0
1.0438913106918335,0
1.0748257637023926,0
1.266830563545227,0
0.9964721202850342,0
1.0166587829589844,0
0.9971612095832825,0
0.9944977760314941,0
1.0020520687103271,0
1.0750586986541748,0
1.0391484498977661,0
1.1515575647354126,0
1.0247677564620972,0
1.2039611339569092,0
1.0174380540847778,0
1.0388169288635254,0
1.1176342964172363,0
0.9907363653182983,0
1.2525513172149658,0
1.1608846187591553,0
1.1221072673797607,0
1.0433928966522217,0
1.1714365482330322,0
1.076198935508728,0
1.2947825193405151,0
0.9751990437507629,0
0.9989437460899353,0
1.0594120025634766,0
1.8892560005187988,0
1.2461382150650024,0
0.9741529226303101,0
1.0302075147628784,0
0.9981220364570618,0
1.0602798461914062,0
0.9929590225219727,0
1.0271875858306885,0
1.130488395690918,0
1.218116283416748,0
1.0232172012329102,0
1.0173646211624146,0
1.011293888092041,0
1.1528451442718506,0
0.994239866733551,0
1.0773049592971802,0
1.0163565874099731,0
1.0175913572311401,0
1.0048766136169434,0
1.0049203634262085,0
0.9929665327072144,0
1.0025047063827515,0
1.559336543083191,0
1.7366334199905396,0
1.020691990852356,0
0.9859450459480286,0
1.0365779399871826,0
1.1627836227416992,0
1.0166198015213013,0
0.9798176288604736,0
1.0124943256378174,0
1.026969313621521,0
1.1833871603012085,0
1.0093927383422852,0
0.9653468132019043,0
1.0587184429168701,0
1.2774889469146729,0
1.0832606554031372,0
1.0749757289886475,0
1.0527061223983765,0
1.0562046766281128,0
1.0298823118209839,0
0.9989495277404785,0
0.9771798253059387,0
1.0336697101593018,0
1.0049607753753662,0
1.070939302444458,0
1.0494650602340698,0
1.0347214937210083,0
1.1313594579696655,0
1.2695072889328003,0
0.9640333652496338,0
1.0196614265441895,0
1.0527371168136597,0
1.055736780166626,0
0.9377760887145996,0
1.009290099143982,0
1.1849604845046997,0
1.3505641222000122,0
1.1792995929718018,0
1.1539851427078247,0
0.9776020646095276,0
1.097881555557251,0
1.2570669651031494,0
1.1459155082702637,0
1.1383939981460571,0
0.9642218947410583,0
1.2712286710739136,0
0.9980103373527527,0
1.18534255027771,0
1.02809476852417,0
1.504129409790039,0
0.9802023768424988,0
1.02125883102417,0
1.0246226787567139,0
5.010154724121094,0
0.961383581161499,0
1.2310160398483276,0
1.088478684425354,0
1.1536341905593872,0
1.0211615562438965,0
1.08186936378479,0
1.4560532569885254,0
1.0363620519638062,0
1.063076138496399,0
0.9965006709098816,0
0.9954845309257507,0
1.127877116203308,0
1.034484624862671,0
0.9833283424377441,0
0.9962906241416931,0
1.1079899072647095,0
1.5141425132751465,0
1.1467235088348389,0
0.9776839017868042,0
1.0034294128417969,0
0.968341052532196,0
1.0114868879318237,0
2.277921199798584,0
0.9966748356819153,0
1.0513287782669067,0
0.9916630983352661,0
1.1460237503051758,0
1.0228337049484253,0
1.0636435747146606,0
0.9926754832267761,0
5.149115085601807,0
1.0481886863708496,0
1.1145910024642944,0
0.987627387046814,0
1.0536713600158691,0
1.0377520322799683,0
0.9458252787590027,0
1.0603524446487427,0
1.8318638801574707,0
1.126824140548706,0
2.2365171909332275,0
1.0663410425186157,0
1.0218151807785034,0
1.058462142944336,0
0.9798080325126648,0
2.5690906047821045,0
0.9886270761489868,0
1.1088358163833618,0
1.0140849351882935,0
0.980670690536499,0
1.0100457668304443,0
0.9834190011024475,0
0.9778158068656921,0
1.03714120388031,0
1.1200284957885742,0
1.2675641775131226,0
1.0070791244506836,0
1.0853489637374878,0
1.087864637374878,0
1.068057894706726,0
1.0182054042816162,0
1.0498074293136597,0
1.0368785858154297,0
1.111431360244751,0
0.9778608083724976,0
0.9912742972373962,0
1.028444528579712,0
1.037752389907837,0
0.9898557066917419,0
1.0548065900802612,0
1.3582628965377808,0
1.1314114332199097,0
1.0546128749847412,0
0.993155837059021,0
1.2055721282958984,0
1.0817052125930786,0
1.0472431182861328,0
0.9906771183013916,0
1.0839649438858032,0
1.0252048969268799,0
1.0387578010559082,0
1.0139354467391968,0
1.0824620723724365,0
1.6413648128509521,0
1.1785216331481934,0
1.1427819728851318,0
1.1587982177734375,0
1.202095866203308,0
1.0397241115570068,0
0.9324219226837158,0
1.0389405488967896,0
0.9704807996749878,0
1.597257137298584,0
1.0301156044006348,0
0.9802005290985107,0
1.0836334228515625,0
204.76394653320312,0
1.31385338306427,0
1.1004115343093872,0
1.005599856376648,0
0.9677469730377197,0
1.16292142868042,0
1.1006351709365845,0
1.0746982097625732,0
1.018721342086792,0
1.0218138694763184,0
1.0070099830627441,0
1.0040812492370605,0
1.0200954675674438,0
1.0435272455215454,0
1.5709494352340698,0
0.9952401518821716,0
0.9715607762336731,0
1.0576448440551758,0
1.1774548292160034,0
1.116687297821045,0
1.0556190013885498,0
1.0045673847198486,0
2.204537868499756,0
1.0288299322128296,0
1.0573614835739136,0
1.0322089195251465,0
0.9734074473381042,0
1.00352144241333,0
1.0944576263427734,0
0.9956718683242798,0
1.0256167650222778,0
1.0382354259490967,0
1.0113294124603271,0
1.1843981742858887,0
1.0690107345581055,0
0.9776812195777893,0
1.0360835790634155,0
1.170026421546936,0
1.0394290685653687,0
2.822593927383423,0
0.9797623157501221,0
1.0059232711791992,0
0.9637157320976257,0
1.3234418630599976,0
1.0851510763168335,0
1.0161798000335693,0
1.2230385541915894,0
1.0655481815338135,0
1.0509430170059204,0
1.109043836593628,0
1.2824440002441406,0
1.0057772397994995,0
1.1351535320281982,0
0.9872795343399048,0
0.993669867515564,0
0.9853037595748901,0
1.0049177408218384,0
1.0341875553131104,0
1.0587315559387207,0
1.098222255706787,0
1.016269326210022,0
0.972603976726532,0
1.0518441200256348,0
0.988760769367218,0
0.9666666388511658,0
1.0032246112823486,0
1.0241639614105225,0
1.0357154607772827,0
0.9952492713928223,0
1.0285906791687012,0
1.1297938823699951,0
1.0740902423858643,0
1.0248992443084717,0
1.0402343273162842,0
0.9986717700958252,0
1.0959876775741577,0
1.0,0
1.038130521774292,0
1.0312871932983398,0
1.1633102893829346,0
1.2234238386154175,0
1.1249674558639526,0
1.0696133375167847,0
1.0207550525665283,0
0.9905021786689758,0
1.275059461593628,0
1.2038227319717407,0
1.1556835174560547,0
1.6788910627365112,0
1.001848816871643,0
1.1634985208511353,0
1.4178483486175537,0
1.0458430051803589,0
1.1317006349563599,0
1.0615311861038208,0
1.0128310918807983,0
1.007892370223999,0
1.0491153001785278,0
0.9967883229255676,0
1.1714391708374023,0
1.0233466625213623,0
1.236276388168335,0
1.2686645984649658,0
1.057792067527771,0
1.4712142944335938,0
1.0844407081604004,0
1.1816558837890625,0
1.1597256660461426,0
1.125996470451355,0
0.9848147034645081,0
2.817441463470459,0
1.1982976198196411,0
1.0019689798355103,0
1.0056840181350708,0
1.0394978523254395,0
1.1140024662017822,0
0.9966627955436707,0
1.068144679069519,0
1.129032850265503,0
1.0989904403686523,0
1.0056241750717163,0
7.128783226013184,0
1.0196129083633423,0
1.1830440759658813,0
0.978428840637207,0
1.1819380521774292,0
0.9801008701324463,0
1.0460784435272217,0
1.0098497867584229,0
1.0639243125915527,0
1.7687703371047974,0
1.0712249279022217,0
0.9868191480636597,0
1.0052318572998047,0
0.9407316446304321,0
1.0652841329574585,0
1.0678235292434692,0
1.0596747398376465,0
1.0086718797683716,0
1.082871913909912,0
1.6953940391540527,0
1.152680516242981,0
1.1560090780258179,0
1.8958172798156738,0
1.0685679912567139,0
1.0100080966949463,0
1.0173168182373047,0
1.0820015668869019,0
1.015793800354004,0
0.9884306192398071,0
0.9802808165550232,0
0.9636884331703186,0
2.163105010986328,0
1.2572808265686035,0
0.9816429615020752,0
1.1046392917633057,0
1.062352180480957,0
1.2519134283065796,0
1.020648717880249,0
1.016730546951294,0
0.994647741317749,0
0.9950000047683716,0
1.4396650791168213,0
1.2041178941726685,0
0.9773166179656982,0
0.9952943325042725,0
1.1447697877883911,0
0.9381833672523499,0
1.4304249286651611,0
1.0055485963821411,0
1.3392528295516968,0
1.1693952083587646,0
1.0636837482452393,0
1.1656266450881958,0
1.012183427810669,0
1.0546090602874756,0
1.2006821632385254,0
1.0659078359603882,0
0.9985675811767578,0
1.0408921241760254,0
1.0080984830856323,0
0.9723656177520752,0
1.0206891298294067,0
1.0138198137283325,0
1.024021029472351,0
1.0,0
1.1577178239822388,0
1.0067405700683594,0
1.0558961629867554,0
1.2808815240859985,0
0.9650456309318542,0
1.1847712993621826,0
1.4107253551483154,0
1.1517499685287476,0
1.1594295501708984,0
1.0718613862991333,0
1.478469729423523,0
1.042539119720459,0
1.0446261167526245,0
1.0552208423614502,0
1.046048879623413,0
1.0108487606048584,0
1.0607088804244995,0
1.0255744457244873,0
1.0147427320480347,0
1.075490117073059,0
1.1036434173583984,0
0.9984636306762695,0
1.0454306602478027,0
1.3995881080627441,0
1.0896317958831787,0
1.2394044399261475,0
0.9959076046943665,0
1.2955836057662964,0
1.0467313528060913,0
1.0507643222808838,0
1.0584825277328491,0
1.0820274353027344,0
1.493654727935791,0
1.0544090270996094,0
1.391156554222107,0
1.5018186569213867,0
1.0141338109970093,0
1.0176945924758911,0
1.0164743661880493,0
0.9556397199630737,0
0.9764634966850281,0
0.9624212980270386,0
1.0044479370117188,0
1.012777328491211,0
1.0579863786697388,0
1.1431828737258911,0
1.1561092138290405,0
1.0156514644622803,0
1.0260738134384155,0
1.0798373222351074,0
0.9881345629692078,0
1.2451717853546143,0
0.9899572134017944,0
1.0130743980407715,0
1.0131644010543823,0
0.9968471527099609,0
1.0331313610076904,0
1.0438936948776245,0
1.024975061416626,0
1.0475773811340332,0
0.9661788940429688,0
1.0485453605651855,0
0.992035984992981,0
1.0536247491836548,0
1.8573532104492188,0
1.1097733974456787,0
1.0818629264831543,0
1.2610112428665161,0
1.0371227264404297,0
0.9677898287773132,0
1.2190009355545044,0
1.3280351161956787,0
1.1375432014465332,0
1.0234211683273315,0
0.948896586894989,0
1.2260630130767822,0
1.06228506565094,0
1.0271892547607422,0
1.1265822649002075,0
0.9820517897605896,0
1.0669879913330078,0
1.3695029020309448,0
0.9893631339073181,0
0.9865537881851196,0
1.0110578536987305,0
0.9768203496932983,0
0.9859681725502014,0
1.055405855178833,0
1.0359526872634888,0
1.1197338104248047,0
1.0004810094833374,0
0.9952111840248108,0
1.0621553659439087,0
1.377943515777588,0
1.0891106128692627,0
1.039539098739624,0
1.1680759191513062,0
1.0188453197479248,0
1.0215317010879517,0
1.0503913164138794,0
1.0760300159454346,0
1.2721543312072754,0
0.9673605561256409,0
1.077177882194519,0
1.3012877702713013,0
1.0460203886032104,0
1.1932772397994995,0
1.1966133117675781,0
1.0204097032546997,0
1.004920482635498,0
1.1003406047821045,0
0.9551050066947937,0
0.960216760635376,0
0.9907566905021667,0
1.0242640972137451,0
0.9928597807884216,0
1.0864894390106201,0
1.3433932065963745,0
1.1802992820739746,0
1.0417194366455078,0
1.0537748336791992,0
0.9817933440208435,0
1.017637014389038,0
3.0814616680145264,0
1.0094280242919922,0
1.0840630531311035,0
1.0636067390441895,0
1.0019934177398682,0
0.9798080325126648,0
0.9883930683135986,0
0.9724311232566833,0
1.0579887628555298,0
1.0576292276382446,0
1.3203288316726685,0
1.1868579387664795,0
1.0719926357269287,0
1.0706243515014648,0
1.3992230892181396,0
1.3771896362304688,0
1.2887028455734253,0
0.9841001033782959,0
1.117702603340149,0
1.0452990531921387,0
1.1313319206237793,0
1.0255550146102905,0
1.0331709384918213,0
1.272812008857727,0
1.0099364519119263,0
1.0337398052215576,0
1.0879324674606323,0
1.0902765989303589,0
1.2977179288864136,0
1.093723177909851,0
1.0123355388641357,0
1.0327309370040894,0
1.5853863954544067,0
1.0082472562789917,0
1.0735054016113281,0
3.203030586242676,0
0.9875455498695374,0
1.024446964263916,0
1.2976528406143188,0
0.9987708926200867,0
0.9898545145988464,0
0.9714572429656982,0
1.0316511392593384,0
1.0560624599456787,0
1.0025993585586548,0
1.1015293598175049,0
0.9610279202461243,0
1.0038336515426636,0
1.0065526962280273,0
1.0700709819793701,0
1.1355406045913696,0
1.052464246749878,0
1.0079611539840698,0
1.2132989168167114,0
1.111836552619934,0
1.1045235395431519,0
1.0313533544540405,0
1.0100196599960327,0
1.0416057109832764,0
1.1244179010391235,0
1.026625633239746,0
1.380680799484253,0
1.015389323234558,0
1.1999602317810059,0
1.0761078596115112,0
1.019089937210083,0
1.0395476818084717,0
1.1657377481460571,0
0.977985143661499,0
0.9558488726615906,0
1.0087738037109375,0
0.981194019317627,0
1.0970581769943237,0
1.7621241807937622,0
0.9972776174545288,0
0.9225108027458191,0
1.103345274925232,0
1.0087369680404663,0
1.121817946434021,0
1.2783396244049072,0
1.0585380792617798,0
1.010987639427185,0
1.0125118494033813,0
1.0091726779937744,0
1.0254203081130981,0
1.0418039560317993,0
1.0007061958312988,0
0.9908976554870605,0
1.20656418800354,0
1.0600380897521973,0
0.9970226883888245,0
1.0523372888565063,0
1.0005462169647217,0
1.0221970081329346,0
1.021052598953247,0
1.2452161312103271,0
0.9874098300933838,0
0.9622141718864441,0
1.0202715396881104,0
1.1200875043869019,0
1.021668791770935,0
1.0780478715896606,0
0.9759781360626221,0
0.9729887247085571,0
1.060765266418457,0
1.8985230922698975,0
1.301726222038269,0
1.0095829963684082,0
0.9709460735321045,0
1.1356180906295776,0
1.0110458135604858,0
1.181857705116272,0
0.9910914301872253,0
2.948641061782837,0
1.0951707363128662,0
1.0743910074234009,0
1.0640571117401123,0
1.2081252336502075,0
1.0280511379241943,0
1.4139255285263062,0
1.141886830329895,0
1.1148040294647217,0
1.1064422130584717,0
1.1284193992614746,0
1.0288234949111938,0
1.1563351154327393,0
0.9153155088424683,0
1.1476411819458008,0
1.31689453125,0
1.116924524307251,0
1.003599762916565,0
1.1920453310012817,0
1.0278371572494507,0
1.0199819803237915,0
0.9774749279022217,0
1.1754521131515503,0
1.0382152795791626,0
1.0261509418487549,0
1.1702073812484741,0
1.1929785013198853,0
1.013797640800476,0
1.0142656564712524,0
1.0152703523635864,0
1.092500925064087,0
1.0176615715026855,0
1.020898461341858,0
1.2014271020889282,0
1.151822805404663,0
0.9677567481994629,0
0.9757311940193176,0
0.9319157600402832,0
1.2706832885742188,0
0.9854462146759033,0
11.87679386138916,0
1.114145040512085,0
1.2242610454559326,0
1.026282548904419,0
1.0420621633529663,0
0.9926741719245911,0
1.251132607460022,0
1.2717925310134888,0
1.0135480165481567,0
1.1455940008163452,0
352.2406921386719,0
1.1041011810302734,0
2.0173051357269287,0
0.9971334934234619,0
1.861608862876892,0
1.2484958171844482,0
1.4311631917953491,0
1.0069408416748047,0
1.021390676498413,0
1.023818850517273,0
1.1034055948257446,0
0.9638349413871765,0
1.0540601015090942,0
0.9997363686561584,0
1.0411189794540405,0
1.0859618186950684,0
1.2695072889328003,0
1.0162395238876343,0
1.4073327779769897,0
1.6413648128509521,0
0.9905393719673157,0
1.0650192499160767,0
1.0218838453292847,0
